ISO-10303-21;
HEADER;
/* Generated by software containing ST-Developer
 * from STEP Tools, Inc. (www.steptools.com) 
 */

FILE_DESCRIPTION(
/* description */ ('',
'CAx-IF Rec.Pracs.---Representation and Presentation of Product Manufa
cturing Information (PMI)---4.0---2014-10-13'),
/* implementation_level */ '2;1');

FILE_NAME(
/* name */ '58mm Omni-Directional Wheel.step',
/* time_stamp */ '2025-03-06T05:41:21+05:00',
/* author */ (''),
/* organization */ (''),
/* preprocessor_version */ 'ST-DEVELOPER v20',
/* originating_system */ 'Autodesk Translation Framework v13.20.0.188',

/* authorisation */ '');

FILE_SCHEMA (('AP242_MANAGED_MODEL_BASED_3D_ENGINEERING_MIM_LF { 1 0 10303 442 1 1 4 }'));
ENDSEC;

DATA;
#10=MECHANICAL_DESIGN_GEOMETRIC_PRESENTATION_REPRESENTATION('',(#101,#102,
#103,#104,#105,#106),#5253);
#11=ITEM_DEFINED_TRANSFORMATION($,$,#1840,#2029);
#12=ITEM_DEFINED_TRANSFORMATION($,$,#1839,#2030);
#13=ITEM_DEFINED_TRANSFORMATION($,$,#1839,#2031);
#14=(
REPRESENTATION_RELATIONSHIP($,$,#5269,#5268)
REPRESENTATION_RELATIONSHIP_WITH_TRANSFORMATION(#11)
SHAPE_REPRESENTATION_RELATIONSHIP()
);
#15=(
REPRESENTATION_RELATIONSHIP($,$,#5268,#5267)
REPRESENTATION_RELATIONSHIP_WITH_TRANSFORMATION(#12)
SHAPE_REPRESENTATION_RELATIONSHIP()
);
#16=(
REPRESENTATION_RELATIONSHIP($,$,#5268,#5267)
REPRESENTATION_RELATIONSHIP_WITH_TRANSFORMATION(#13)
SHAPE_REPRESENTATION_RELATIONSHIP()
);
#17=CONTEXT_DEPENDENT_SHAPE_REPRESENTATION(#14,#5264);
#18=CONTEXT_DEPENDENT_SHAPE_REPRESENTATION(#15,#5265);
#19=CONTEXT_DEPENDENT_SHAPE_REPRESENTATION(#16,#5266);
#20=NEXT_ASSEMBLY_USAGE_OCCURRENCE('Component2:1','Component2:1',
'Component2:1',#5272,#5273,'Component2:1');
#21=NEXT_ASSEMBLY_USAGE_OCCURRENCE('Component1:1','Component1:1',
'Component1:1',#5271,#5272,'Component1:1');
#22=NEXT_ASSEMBLY_USAGE_OCCURRENCE('Component1:2','Component1:2',
'Component1:2',#5271,#5272,'Component1:2');
#23=B_SPLINE_SURFACE_WITH_KNOTS('',3,3,((#3559,#3560,#3561,#3562,#3563,
#3564,#3565,#3566,#3567,#3568,#3569,#3570),(#3571,#3572,#3573,#3574,#3575,
#3576,#3577,#3578,#3579,#3580,#3581,#3582),(#3583,#3584,#3585,#3586,#3587,
#3588,#3589,#3590,#3591,#3592,#3593,#3594),(#3595,#3596,#3597,#3598,#3599,
#3600,#3601,#3602,#3603,#3604,#3605,#3606),(#3607,#3608,#3609,#3610,#3611,
#3612,#3613,#3614,#3615,#3616,#3617,#3618)),.UNSPECIFIED.,.F.,.F.,.F.,(4,
1,4),(4,2,1,1,1,1,2,4),(0.,0.571428571428571,1.),(-0.0718031658161504,3.78398010848531E-9,
0.503041298877338,1.0060825939707,1.25760324151738,1.50912388906405,2.51520647925077,
2.74223702693629),.UNSPECIFIED.);
#24=B_SPLINE_SURFACE_WITH_KNOTS('',3,3,((#3712,#3713,#3714,#3715,#3716,
#3717,#3718,#3719,#3720,#3721,#3722,#3723),(#3724,#3725,#3726,#3727,#3728,
#3729,#3730,#3731,#3732,#3733,#3734,#3735),(#3736,#3737,#3738,#3739,#3740,
#3741,#3742,#3743,#3744,#3745,#3746,#3747),(#3748,#3749,#3750,#3751,#3752,
#3753,#3754,#3755,#3756,#3757,#3758,#3759),(#3760,#3761,#3762,#3763,#3764,
#3765,#3766,#3767,#3768,#3769,#3770,#3771)),.UNSPECIFIED.,.F.,.F.,.F.,(4,
1,4),(4,2,1,1,1,1,2,4),(0.,0.571428571428571,1.),(-0.0718031663814549,3.21969123881028E-9,
0.503041296402687,1.00608258958568,1.25760323617718,1.50912388276868,2.51520646913467,
2.7422370125583),.UNSPECIFIED.);
#25=B_SPLINE_SURFACE_WITH_KNOTS('',3,3,((#4012,#4013,#4014,#4015,#4016,
#4017,#4018,#4019,#4020,#4021,#4022,#4023),(#4024,#4025,#4026,#4027,#4028,
#4029,#4030,#4031,#4032,#4033,#4034,#4035),(#4036,#4037,#4038,#4039,#4040,
#4041,#4042,#4043,#4044,#4045,#4046,#4047),(#4048,#4049,#4050,#4051,#4052,
#4053,#4054,#4055,#4056,#4057,#4058,#4059),(#4060,#4061,#4062,#4063,#4064,
#4065,#4066,#4067,#4068,#4069,#4070,#4071)),.UNSPECIFIED.,.F.,.F.,.F.,(4,
1,4),(4,2,1,1,1,1,2,4),(0.,0.571428571428571,1.),(-0.0718031658161542,3.78397542061866E-9,
0.503041298877323,1.00608259397067,1.25760324151734,1.50912388906402,2.51520647925071,
2.74223702693605),.UNSPECIFIED.);
#26=B_SPLINE_SURFACE_WITH_KNOTS('',3,3,((#4157,#4158,#4159,#4160,#4161,
#4162,#4163,#4164,#4165,#4166,#4167,#4168),(#4169,#4170,#4171,#4172,#4173,
#4174,#4175,#4176,#4177,#4178,#4179,#4180),(#4181,#4182,#4183,#4184,#4185,
#4186,#4187,#4188,#4189,#4190,#4191,#4192),(#4193,#4194,#4195,#4196,#4197,
#4198,#4199,#4200,#4201,#4202,#4203,#4204),(#4205,#4206,#4207,#4208,#4209,
#4210,#4211,#4212,#4213,#4214,#4215,#4216)),.UNSPECIFIED.,.F.,.F.,.F.,(4,
1,4),(4,2,1,1,1,1,2,4),(0.,0.571428571428571,1.),(-0.0718031663814561,3.2196903014588E-9,
0.503041296402684,1.00608258958568,1.25760323617717,1.50912388276867,2.51520646913466,
2.7422370125582),.UNSPECIFIED.);
#27=B_SPLINE_SURFACE_WITH_KNOTS('',3,3,((#4343,#4344,#4345,#4346,#4347,
#4348,#4349,#4350,#4351,#4352,#4353,#4354),(#4355,#4356,#4357,#4358,#4359,
#4360,#4361,#4362,#4363,#4364,#4365,#4366),(#4367,#4368,#4369,#4370,#4371,
#4372,#4373,#4374,#4375,#4376,#4377,#4378),(#4379,#4380,#4381,#4382,#4383,
#4384,#4385,#4386,#4387,#4388,#4389,#4390),(#4391,#4392,#4393,#4394,#4395,
#4396,#4397,#4398,#4399,#4400,#4401,#4402)),.UNSPECIFIED.,.F.,.F.,.F.,(4,
1,4),(4,2,1,1,1,1,2,4),(0.,0.571428571428571,1.),(-0.0718031658161624,3.78396932783407E-9,
0.503041298877319,1.00608259397067,1.25760324151734,1.50912388906402,2.51520647925072,
2.74223702693599),.UNSPECIFIED.);
#28=B_SPLINE_SURFACE_WITH_KNOTS('',3,3,((#4488,#4489,#4490,#4491,#4492,
#4493,#4494,#4495,#4496,#4497,#4498),(#4499,#4500,#4501,#4502,#4503,#4504,
#4505,#4506,#4507,#4508,#4509),(#4510,#4511,#4512,#4513,#4514,#4515,#4516,
#4517,#4518,#4519,#4520),(#4521,#4522,#4523,#4524,#4525,#4526,#4527,#4528,
#4529,#4530,#4531),(#4532,#4533,#4534,#4535,#4536,#4537,#4538,#4539,#4540,
#4541,#4542)),.UNSPECIFIED.,.F.,.F.,.F.,(4,1,4),(4,2,1,1,1,2,4),(0.,0.571428571428571,
1.),(-0.0718031663814559,3.21969077013455E-9,1.00608258958569,1.25760323617719,
1.50912388276869,2.51520646913469,2.74223701255843),.UNSPECIFIED.);
#29=B_SPLINE_SURFACE_WITH_KNOTS('',3,3,((#4668,#4669,#4670,#4671,#4672,
#4673,#4674,#4675,#4676,#4677,#4678,#4679),(#4680,#4681,#4682,#4683,#4684,
#4685,#4686,#4687,#4688,#4689,#4690,#4691),(#4692,#4693,#4694,#4695,#4696,
#4697,#4698,#4699,#4700,#4701,#4702,#4703),(#4704,#4705,#4706,#4707,#4708,
#4709,#4710,#4711,#4712,#4713,#4714,#4715),(#4716,#4717,#4718,#4719,#4720,
#4721,#4722,#4723,#4724,#4725,#4726,#4727)),.UNSPECIFIED.,.F.,.F.,.F.,(4,
1,4),(4,2,1,1,1,1,2,4),(0.,0.571428571428571,1.),(-0.0718031658161482,3.78398245075472E-9,
0.503041298877325,1.00608259397067,1.25760324151734,1.50912388906401,2.51520647925069,
2.74223702693552),.UNSPECIFIED.);
#30=B_SPLINE_SURFACE_WITH_KNOTS('',3,3,((#4813,#4814,#4815,#4816,#4817,
#4818,#4819,#4820,#4821,#4822,#4823),(#4824,#4825,#4826,#4827,#4828,#4829,
#4830,#4831,#4832,#4833,#4834),(#4835,#4836,#4837,#4838,#4839,#4840,#4841,
#4842,#4843,#4844,#4845),(#4846,#4847,#4848,#4849,#4850,#4851,#4852,#4853,
#4854,#4855,#4856),(#4857,#4858,#4859,#4860,#4861,#4862,#4863,#4864,#4865,
#4866,#4867)),.UNSPECIFIED.,.F.,.F.,.F.,(4,1,4),(4,2,1,1,1,2,4),(0.,0.571428571428571,
1.),(-0.0718031663814569,3.21968958082642E-9,1.00608258958569,1.25760323617719,
1.50912388276869,2.51520646913469,2.7422370125584),.UNSPECIFIED.);
#31=B_SPLINE_SURFACE_WITH_KNOTS('',3,3,((#5071,#5072,#5073,#5074,#5075,
#5076,#5077,#5078,#5079,#5080),(#5081,#5082,#5083,#5084,#5085,#5086,#5087,
#5088,#5089,#5090),(#5091,#5092,#5093,#5094,#5095,#5096,#5097,#5098,#5099,
#5100),(#5101,#5102,#5103,#5104,#5105,#5106,#5107,#5108,#5109,#5110),(#5111,
#5112,#5113,#5114,#5115,#5116,#5117,#5118,#5119,#5120)),.UNSPECIFIED.,.F.,
 .F.,.F.,(4,1,4),(4,2,1,1,2,4),(0.,0.571428571428571,1.),(-2.16918399222302,
-2.09738082262288,-1.19850332745149,-0.599251664003899,-5.56304039884686E-10,
0.0718031690448422),.UNSPECIFIED.);
#32=B_SPLINE_SURFACE_WITH_KNOTS('',3,3,((#5183,#5184,#5185,#5186,#5187,
#5188,#5189,#5190,#5191,#5192),(#5193,#5194,#5195,#5196,#5197,#5198,#5199,
#5200,#5201,#5202),(#5203,#5204,#5205,#5206,#5207,#5208,#5209,#5210,#5211,
#5212),(#5213,#5214,#5215,#5216,#5217,#5218,#5219,#5220,#5221,#5222),(#5223,
#5224,#5225,#5226,#5227,#5228,#5229,#5230,#5231,#5232)),.UNSPECIFIED.,.F.,
 .F.,.F.,(4,1,4),(4,2,1,1,2,4),(0.,0.571428571428571,1.),(-2.16918701482628,
-2.09738384522513,-1.1985050559257,-0.599252529726072,-3.52644750994036E-9,
0.0718031660736829),.UNSPECIFIED.);
#33=B_SPLINE_CURVE_WITH_KNOTS('',3,(#3397,#3398,#3399,#3400,#3401,#3402,
#3403,#3404,#3405,#3406,#3407,#3408),.UNSPECIFIED.,.F.,.F.,(4,2,1,1,1,1,
2,4),(-0.0718031658161542,3.78397542061866E-9,0.503041298877323,1.00608259397067,
1.25760324151734,1.50912388906402,2.51520647925071,2.74223702693605),
 .UNSPECIFIED.);
#34=B_SPLINE_CURVE_WITH_KNOTS('',3,(#3420,#3421,#3422,#3423,#3424,#3425,
#3426,#3427,#3428,#3429,#3430,#3431),.UNSPECIFIED.,.F.,.F.,(4,2,1,1,1,1,
2,4),(-0.0718031658161624,3.78396932783407E-9,0.503041298877319,1.00608259397067,
1.25760324151734,1.50912388906402,2.51520647925072,2.74223702693599),
 .UNSPECIFIED.);
#35=B_SPLINE_CURVE_WITH_KNOTS('',3,(#3443,#3444,#3445,#3446,#3447,#3448,
#3449,#3450,#3451,#3452,#3453,#3454),.UNSPECIFIED.,.F.,.F.,(4,2,1,1,1,1,
2,4),(-0.0718031658161482,3.78398245075472E-9,0.503041298877325,1.00608259397067,
1.25760324151734,1.50912388906401,2.51520647925069,2.74223702693552),
 .UNSPECIFIED.);
#36=B_SPLINE_CURVE_WITH_KNOTS('',3,(#3466,#3467,#3468,#3469,#3470,#3471),
 .UNSPECIFIED.,.F.,.F.,(4,2,4),(-2.16918701482628,-2.09738384522513,-2.06371076817691),
 .UNSPECIFIED.);
#37=B_SPLINE_CURVE_WITH_KNOTS('',3,(#3473,#3474,#3475,#3476,#3477,#3478),
 .UNSPECIFIED.,.F.,.F.,(4,1,1,4),(0.0336693057112025,0.599252529726072,
1.1985050559257,2.06371076817691),.UNSPECIFIED.);
#38=B_SPLINE_CURVE_WITH_KNOTS('',3,(#3480,#3481,#3482,#3483,#3484,#3485),
 .UNSPECIFIED.,.F.,.F.,(4,2,4),(-0.0336693057112024,-3.52644750994036E-9,
0.0718031660736829),.UNSPECIFIED.);
#39=B_SPLINE_CURVE_WITH_KNOTS('',3,(#3497,#3498,#3499,#3500,#3501,#3502,
#3503,#3504,#3505,#3506,#3507,#3508),.UNSPECIFIED.,.F.,.F.,(4,2,1,1,1,1,
2,4),(-0.0718031658161504,3.78398010848531E-9,0.503041298877338,1.0060825939707,
1.25760324151738,1.50912388906405,2.51520647925077,2.74223702693629),
 .UNSPECIFIED.);
#40=B_SPLINE_CURVE_WITH_KNOTS('',3,(#3514,#3515,#3516,#3517,#3518,#3519,
#3520,#3521,#3522,#3523,#3524,#3525),.UNSPECIFIED.,.F.,.F.,(4,2,2,2,2,4),
(-0.000768750317108057,0.,0.0638923034500933,0.124390546989726,0.193616739125016,
0.247488655801101),.UNSPECIFIED.);
#41=B_SPLINE_CURVE_WITH_KNOTS('',3,(#3526,#3527,#3528,#3529,#3530,#3531,
#3532,#3533,#3534,#3535,#3536,#3537,#3538,#3539),.UNSPECIFIED.,.F.,.F.,
(4,2,2,2,2,2,4),(-0.000550519672745727,0.,0.0332121132813152,0.065645599653835,
0.108345137602526,0.143671994055285,0.175946960992039),.UNSPECIFIED.);
#42=B_SPLINE_CURVE_WITH_KNOTS('',3,(#3544,#3545,#3546,#3547,#3548,#3549,
#3550,#3551,#3552,#3553,#3554,#3555),.UNSPECIFIED.,.F.,.F.,(4,2,2,2,2,4),
(-0.000579510728403447,0.,0.0604785966289838,0.121857098136976,0.182849146196468,
0.239606591802407),.UNSPECIFIED.);
#43=B_SPLINE_CURVE_WITH_KNOTS('',3,(#3620,#3621,#3622,#3623,#3624,#3625,
#3626,#3627,#3628,#3629,#3630,#3631,#3632,#3633),.UNSPECIFIED.,.F.,.F.,
(4,2,2,2,2,2,4),(-0.175290598554222,-0.174744367167626,-0.128633320306632,
-0.0824949109383797,-0.0450145663295099,-0.0123052132529173,0.),
 .UNSPECIFIED.);
#44=B_SPLINE_CURVE_WITH_KNOTS('',3,(#3634,#3635,#3636,#3637,#3638,#3639,
#3640,#3641),.UNSPECIFIED.,.F.,.F.,(4,1,1,1,1,4),(-2.51457817374224,-1.50912388906405,
-1.25760324151738,-1.0060825939707,-0.503041298877338,-0.000147542614904351),
 .UNSPECIFIED.);
#45=B_SPLINE_CURVE_WITH_KNOTS('',3,(#3646,#3647,#3648,#3649,#3650,#3651,
#3652,#3653,#3654,#3655,#3656,#3657,#3658,#3659),.UNSPECIFIED.,.F.,.F.,
(4,2,2,2,2,2,4),(0.,0.0320750610314835,0.0671811569989449,0.10961176076437,
0.141850038789495,0.174859836774498,0.17540671327471),.UNSPECIFIED.);
#46=B_SPLINE_CURVE_WITH_KNOTS('',3,(#3666,#3667,#3668,#3669,#3670,#3671,
#3672,#3673,#3674,#3675,#3676,#3677),.UNSPECIFIED.,.F.,.F.,(4,2,2,2,2,4),
(-0.000768750317187169,0.,0.0638923034514124,0.124390546992181,0.193616739128777,
0.247488655805896),.UNSPECIFIED.);
#47=B_SPLINE_CURVE_WITH_KNOTS('',3,(#3680,#3681,#3682,#3683,#3684,#3685,
#3686,#3687,#3688,#3689,#3690,#3691,#3692,#3693),.UNSPECIFIED.,.F.,.F.,
(4,2,2,2,2,2,4),(-0.000550529085435257,0.,0.0332119997584705,0.0656452829125369,
0.10834501832145,0.143671970279433,0.175946954812725),.UNSPECIFIED.);
#48=B_SPLINE_CURVE_WITH_KNOTS('',3,(#3700,#3701,#3702,#3703,#3704,#3705,
#3706,#3707,#3708,#3709,#3710,#3711),.UNSPECIFIED.,.F.,.F.,(4,2,2,2,2,4),
(-0.000579510728308098,0.,0.0604785966247274,0.1218570981287,0.182849146184172,
0.239606591786358),.UNSPECIFIED.);
#49=B_SPLINE_CURVE_WITH_KNOTS('',3,(#3772,#3773,#3774,#3775,#3776,#3777,
#3778,#3779),.UNSPECIFIED.,.F.,.F.,(4,1,1,1,1,4),(-2.51456202808339,-1.50912388276868,
-1.25760323617718,-1.00608258958568,-0.503041296402687,-0.00014764804743227),
 .UNSPECIFIED.);
#50=B_SPLINE_CURVE_WITH_KNOTS('',3,(#3780,#3781,#3782,#3783,#3784,#3785,
#3786,#3787,#3788,#3789,#3790,#3791),.UNSPECIFIED.,.F.,.F.,(4,2,1,1,1,1,
2,4),(-0.0718031663814549,3.21969123881028E-9,0.503041296402687,1.00608258958568,
1.25760323617718,1.50912388276868,2.51520646913467,2.7422370125583),
 .UNSPECIFIED.);
#51=B_SPLINE_CURVE_WITH_KNOTS('',3,(#3861,#3862,#3863,#3864,#3865,#3866),
 .UNSPECIFIED.,.F.,.F.,(4,2,4),(-2.16918399222302,-2.09738082262288,-2.06370779242885),
 .UNSPECIFIED.);
#52=B_SPLINE_CURVE_WITH_KNOTS('',3,(#3868,#3869,#3870,#3871,#3872,#3873),
 .UNSPECIFIED.,.F.,.F.,(4,1,1,4),(0.0336693883969319,0.599251664003899,
1.19850332745149,2.06370779242885),.UNSPECIFIED.);
#53=B_SPLINE_CURVE_WITH_KNOTS('',3,(#3875,#3876,#3877,#3878,#3879,#3880),
 .UNSPECIFIED.,.F.,.F.,(4,2,4),(-0.033669388396932,-5.56304039884686E-10,
0.0718031690448422),.UNSPECIFIED.);
#54=B_SPLINE_CURVE_WITH_KNOTS('',3,(#3892,#3893,#3894,#3895,#3896,#3897,
#3898,#3899,#3900,#3901,#3902),.UNSPECIFIED.,.F.,.F.,(4,2,1,1,1,2,4),(-0.0718031663814569,
3.21968958082642E-9,1.00608258958569,1.25760323617719,1.50912388276869,
2.51520646913469,2.7422370125584),.UNSPECIFIED.);
#55=B_SPLINE_CURVE_WITH_KNOTS('',3,(#3914,#3915,#3916,#3917,#3918,#3919,
#3920,#3921,#3922,#3923,#3924),.UNSPECIFIED.,.F.,.F.,(4,2,1,1,1,2,4),(-0.0718031663814559,
3.21969077013455E-9,1.00608258958569,1.25760323617719,1.50912388276869,
2.51520646913469,2.74223701255843),.UNSPECIFIED.);
#56=B_SPLINE_CURVE_WITH_KNOTS('',3,(#3936,#3937,#3938,#3939,#3940,#3941,
#3942,#3943,#3944,#3945,#3946,#3947),.UNSPECIFIED.,.F.,.F.,(4,2,1,1,1,1,
2,4),(-0.0718031663814561,3.2196903014588E-9,0.503041296402684,1.00608258958568,
1.25760323617717,1.50912388276867,2.51520646913466,2.7422370125582),
 .UNSPECIFIED.);
#57=B_SPLINE_CURVE_WITH_KNOTS('',3,(#3970,#3971,#3972,#3973,#3974,#3975,
#3976,#3977,#3978,#3979,#3980,#3981),.UNSPECIFIED.,.F.,.F.,(4,2,2,2,2,4),
(-0.000769688683885971,0.,0.0638863377609474,0.12436844608772,0.193611719257375,
0.247491394469462),.UNSPECIFIED.);
#58=B_SPLINE_CURVE_WITH_KNOTS('',3,(#3982,#3983,#3984,#3985,#3986,#3987,
#3988,#3989,#3990,#3991,#3992,#3993,#3994,#3995),.UNSPECIFIED.,.F.,.F.,
(4,2,2,2,2,2,4),(-0.000550526477708659,0.,0.0332120312095823,0.0656453706649961,
0.108345051367554,0.143671976866165,0.175946956524578),.UNSPECIFIED.);
#59=B_SPLINE_CURVE_WITH_KNOTS('',3,(#3999,#4000,#4001,#4002,#4003,#4004,
#4005,#4006,#4007,#4008,#4009,#4010),.UNSPECIFIED.,.F.,.F.,(4,2,2,2,2,4),
(-0.000579510728352724,0.,0.0604785966275904,0.121857098134207,0.18284914619237,
0.239606591797036),.UNSPECIFIED.);
#60=B_SPLINE_CURVE_WITH_KNOTS('',3,(#4073,#4074,#4075,#4076,#4077,#4078,
#4079,#4080,#4081,#4082,#4083,#4084,#4085,#4086),.UNSPECIFIED.,.F.,.F.,
(4,2,2,2,2,2,4),(-0.17528899583098,-0.17474274056074,-0.126742665396887,
-0.0809701865734673,-0.0437443900627682,-0.0111261229046465,0.),
 .UNSPECIFIED.);
#61=B_SPLINE_CURVE_WITH_KNOTS('',3,(#4087,#4088,#4089,#4090,#4091,#4092,
#4093,#4094),.UNSPECIFIED.,.F.,.F.,(4,1,1,1,1,4),(-2.5145764267944,-1.50912388906402,
-1.25760324151734,-1.00608259397067,-0.503041298877323,-0.000144180694801719),
 .UNSPECIFIED.);
#62=B_SPLINE_CURVE_WITH_KNOTS('',3,(#4098,#4099,#4100,#4101,#4102,#4103,
#4104,#4105,#4106,#4107,#4108,#4109,#4110,#4111),.UNSPECIFIED.,.F.,.F.,
(4,2,2,2,2,2,4),(0.,0.0320750597095483,0.067181127532693,0.109611643181279,
0.141850087794959,0.17485999400873,0.175406864839977),.UNSPECIFIED.);
#63=B_SPLINE_CURVE_WITH_KNOTS('',3,(#4116,#4117,#4118,#4119,#4120,#4121,
#4122,#4123,#4124,#4125,#4126,#4127),.UNSPECIFIED.,.F.,.F.,(4,2,2,2,2,4),
(-0.000769688684024962,0.,0.0638863377565246,0.124368446079506,0.193611719244678,
0.247491394453165),.UNSPECIFIED.);
#64=B_SPLINE_CURVE_WITH_KNOTS('',3,(#4128,#4129,#4130,#4131,#4132,#4133,
#4134,#4135,#4136,#4137,#4138,#4139,#4140,#4141),.UNSPECIFIED.,.F.,.F.,
(4,2,2,2,2,2,4),(-0.000550528459712577,0.,0.0332120073051035,0.0656453039684921,
0.10834502625091,0.143671971860104,0.175946955223678),.UNSPECIFIED.);
#65=B_SPLINE_CURVE_WITH_KNOTS('',3,(#4145,#4146,#4147,#4148,#4149,#4150,
#4151,#4152,#4153,#4154,#4155,#4156),.UNSPECIFIED.,.F.,.F.,(4,2,2,2,2,4),
(-0.000579510728300645,0.,0.0604785966139189,0.121857098107761,0.18284914615323,
0.239606591746143),.UNSPECIFIED.);
#66=B_SPLINE_CURVE_WITH_KNOTS('',3,(#4217,#4218,#4219,#4220,#4221,#4222,
#4223,#4224),.UNSPECIFIED.,.F.,.F.,(4,1,1,1,1,4),(-2.51454317269954,-1.50912388276867,
-1.25760323617717,-1.00608258958568,-0.503041296402684,-0.000147769817717752),
 .UNSPECIFIED.);
#67=B_SPLINE_CURVE_WITH_KNOTS('',3,(#4301,#4302,#4303,#4304,#4305,#4306,
#4307,#4308,#4309,#4310,#4311,#4312),.UNSPECIFIED.,.F.,.F.,(4,2,2,2,2,4),
(-0.000769688683882241,0.,0.0638863377666469,0.124368446098182,0.193611719273362,
0.247491394489673),.UNSPECIFIED.);
#68=B_SPLINE_CURVE_WITH_KNOTS('',3,(#4313,#4314,#4315,#4316,#4317,#4318,
#4319,#4320,#4321,#4322,#4323,#4324,#4325,#4326),.UNSPECIFIED.,.F.,.F.,
(4,2,2,2,2,2,4),(-0.000550528280910641,0.,0.0332120094612957,0.0656453099847626,
0.108345028516373,0.143671972311613,0.175946955341181),.UNSPECIFIED.);
#69=B_SPLINE_CURVE_WITH_KNOTS('',3,(#4330,#4331,#4332,#4333,#4334,#4335,
#4336,#4337,#4338,#4339,#4340,#4341),.UNSPECIFIED.,.F.,.F.,(4,2,2,2,2,4),
(-0.000579510728463917,0.,0.0604785966324923,0.121857098143814,0.182849146206532,
0.239606591815499),.UNSPECIFIED.);
#70=B_SPLINE_CURVE_WITH_KNOTS('',3,(#4404,#4405,#4406,#4407,#4408,#4409,
#4410,#4411,#4412,#4413,#4414,#4415,#4416,#4417),.UNSPECIFIED.,.F.,.F.,
(4,2,2,2,2,2,4),(-0.17528853421032,-0.174742275027999,-0.126209972430335,
-0.0805408198077622,-0.0433860762712651,-0.010792448487319,0.),
 .UNSPECIFIED.);
#71=B_SPLINE_CURVE_WITH_KNOTS('',3,(#4418,#4419,#4420,#4421,#4422,#4423,
#4424,#4425),.UNSPECIFIED.,.F.,.F.,(4,1,1,1,1,4),(-2.51457885508862,-1.50912388906402,
-1.25760324151734,-1.00608259397067,-0.503041298877319,-0.000144157523094481),
 .UNSPECIFIED.);
#72=B_SPLINE_CURVE_WITH_KNOTS('',3,(#4429,#4430,#4431,#4432,#4433,#4434,
#4435,#4436,#4437,#4438,#4439,#4440,#4441,#4442),.UNSPECIFIED.,.F.,.F.,
(4,2,2,2,2,2,4),(0.,0.0320750112233009,0.0671808180562998,0.109610792305219,
0.141849801033619,0.174860024449424,0.175406869366398),.UNSPECIFIED.);
#73=B_SPLINE_CURVE_WITH_KNOTS('',3,(#4447,#4448,#4449,#4450,#4451,#4452,
#4453,#4454,#4455,#4456,#4457,#4458),.UNSPECIFIED.,.F.,.F.,(4,2,2,2,2,4),
(-0.00076968868411294,0.,0.0638863377532525,0.124368446073454,0.193611719235587,
0.247491394441784),.UNSPECIFIED.);
#74=B_SPLINE_CURVE_WITH_KNOTS('',3,(#4459,#4460,#4461,#4462,#4463,#4464,
#4465,#4466,#4467,#4468,#4469,#4470,#4471,#4472),.UNSPECIFIED.,.F.,.F.,
(4,2,2,2,2,2,4),(-0.000550525845952276,0.,0.0332120388289318,0.0656453919234753,
0.108345059373817,0.14367197846267,0.175946956939996),.UNSPECIFIED.);
#75=B_SPLINE_CURVE_WITH_KNOTS('',3,(#4476,#4477,#4478,#4479,#4480,#4481,
#4482,#4483,#4484,#4485,#4486,#4487),.UNSPECIFIED.,.F.,.F.,(4,2,2,2,2,4),
(-0.000579510728368214,0.,0.0604785966231528,0.121857098125696,0.182849146179761,
0.239606591780578),.UNSPECIFIED.);
#76=B_SPLINE_CURVE_WITH_KNOTS('',3,(#4543,#4544,#4545,#4546,#4547,#4548,
#4549),.UNSPECIFIED.,.F.,.F.,(4,1,1,1,4),(-2.51451461472767,-1.50912388276869,
-1.25760323617719,-1.00608258958569,-0.000176286476296379),
 .UNSPECIFIED.);
#77=B_SPLINE_CURVE_WITH_KNOTS('',3,(#4626,#4627,#4628,#4629,#4630,#4631,
#4632,#4633,#4634,#4635,#4636,#4637),.UNSPECIFIED.,.F.,.F.,(4,2,2,2,2,4),
(-0.000768794211014692,0.,0.0638920241344128,0.124389512614274,0.193616504077353,
0.247488784009387),.UNSPECIFIED.);
#78=B_SPLINE_CURVE_WITH_KNOTS('',3,(#4638,#4639,#4640,#4641,#4642,#4643,
#4644,#4645,#4646,#4647,#4648,#4649,#4650,#4651),.UNSPECIFIED.,.F.,.F.,
(4,2,2,2,2,2,4),(-0.000550529085437652,0.,0.0332119997582935,0.0656452829122404,
0.108345018321416,0.143671970279745,0.175946954813401),.UNSPECIFIED.);
#79=B_SPLINE_CURVE_WITH_KNOTS('',3,(#4655,#4656,#4657,#4658,#4659,#4660,
#4661,#4662,#4663,#4664,#4665,#4666),.UNSPECIFIED.,.F.,.F.,(4,2,2,2,2,4),
(-0.000579510728377034,0.,0.060478596633147,0.121857098145139,0.182849146208551,
0.239606591818089),.UNSPECIFIED.);
#80=B_SPLINE_CURVE_WITH_KNOTS('',3,(#4729,#4730,#4731,#4732,#4733,#4734,
#4735,#4736,#4737,#4738,#4739,#4740,#4741,#4742),.UNSPECIFIED.,.F.,.F.,
(4,2,2,2,2,2,4),(-0.175288321826336,-0.174742061282996,-0.12596735003408,
-0.0803452884290854,-0.043222808123098,-0.0106402514645805,0.),
 .UNSPECIFIED.);
#81=B_SPLINE_CURVE_WITH_KNOTS('',3,(#4743,#4744,#4745,#4746,#4747,#4748,
#4749,#4750),.UNSPECIFIED.,.F.,.F.,(4,1,1,1,1,4),(-2.51459063267452,-1.50912388906401,
-1.25760324151734,-1.00608259397067,-0.503041298877325,-0.000147458898133981),
 .UNSPECIFIED.);
#82=B_SPLINE_CURVE_WITH_KNOTS('',3,(#4754,#4755,#4756,#4757,#4758,#4759,
#4760,#4761,#4762,#4763,#4764,#4765,#4766,#4767),.UNSPECIFIED.,.F.,.F.,
(4,2,2,2,2,2,4),(0.,0.032074896709776,0.0671800871989912,0.109608783051813,
0.141849123862157,0.174860096337161,0.175406880053809),.UNSPECIFIED.);
#83=B_SPLINE_CURVE_WITH_KNOTS('',3,(#4772,#4773,#4774,#4775,#4776,#4777,
#4778,#4779,#4780,#4781,#4782,#4783),.UNSPECIFIED.,.F.,.F.,(4,2,2,2,2,4),
(-0.000768794211042162,0.,0.063892024131814,0.124389512609461,0.193616504069828,
0.247488783999687),.UNSPECIFIED.);
#84=B_SPLINE_CURVE_WITH_KNOTS('',3,(#4784,#4785,#4786,#4787,#4788,#4789,
#4790,#4791,#4792,#4793,#4794,#4795,#4796,#4797),.UNSPECIFIED.,.F.,.F.,
(4,2,2,2,2,2,4),(-0.000550519672734002,0.,0.0332121132817583,0.0656455996546778,
0.108345137603507,0.143671994056254,0.175946960992938),.UNSPECIFIED.);
#85=B_SPLINE_CURVE_WITH_KNOTS('',3,(#4801,#4802,#4803,#4804,#4805,#4806,
#4807,#4808,#4809,#4810,#4811,#4812),.UNSPECIFIED.,.F.,.F.,(4,2,2,2,2,4),
(-0.000579510728488632,0.,0.0604785966367266,0.121857098151993,0.18284914621869,
0.239606591831311),.UNSPECIFIED.);
#86=B_SPLINE_CURVE_WITH_KNOTS('',3,(#4868,#4869,#4870,#4871,#4872,#4873,
#4874),.UNSPECIFIED.,.F.,.F.,(4,1,1,1,4),(-2.51452492830235,-1.50912388276869,
-1.25760323617719,-1.00608258958569,-0.000175520197423754),
 .UNSPECIFIED.);
#87=B_SPLINE_CURVE_WITH_KNOTS('',3,(#4949,#4950,#4951,#4952,#4953,#4954,
#4955,#4956,#4957,#4958),.UNSPECIFIED.,.F.,.F.,(4,2,2,2,4),(0.,0.0665288148103788,
0.133057629620758,0.178398302759079,0.2237389758974),.UNSPECIFIED.);
#88=B_SPLINE_CURVE_WITH_KNOTS('',3,(#4960,#4961,#4962,#4963,#4964,#4965,
#4966,#4967,#4968,#4969,#4970,#4971,#4972,#4973),.UNSPECIFIED.,.F.,.F.,
(4,2,2,2,2,2,4),(-0.175946989215604,-0.143672110668471,-0.108345694384372,
-0.0656470658976635,-0.0332126404952966,0.,0.000550476413748674),
 .UNSPECIFIED.);
#89=B_SPLINE_CURVE_WITH_KNOTS('',3,(#4985,#4986,#4987,#4988,#4989,#4990,
#4991,#4992,#4993,#4994),.UNSPECIFIED.,.F.,.F.,(4,2,2,2,4),(0.534445444412075,
0.579786117550396,0.625126790688717,0.691655605499096,0.758184420309475),
 .UNSPECIFIED.);
#90=B_SPLINE_CURVE_WITH_KNOTS('',3,(#4997,#4998,#4999,#5000,#5001,#5002,
#5003,#5004,#5005,#5006,#5007,#5008,#5009,#5010),.UNSPECIFIED.,.F.,.F.,
(4,2,2,2,2,2,4),(-0.175280020640576,-0.174733866389815,-0.118226004432512,
-0.0741128822762525,-0.0379854164578407,-0.00570418255219528,0.),
 .UNSPECIFIED.);
#91=B_SPLINE_CURVE_WITH_KNOTS('',3,(#5013,#5014,#5015,#5016,#5017,#5018,
#5019,#5020,#5021,#5022),.UNSPECIFIED.,.F.,.F.,(4,2,2,2,4),(0.,0.0665288148103785,
0.133057629620757,0.178398302759078,0.223738975897399),.UNSPECIFIED.);
#92=B_SPLINE_CURVE_WITH_KNOTS('',3,(#5024,#5025,#5026,#5027,#5028,#5029,
#5030,#5031,#5032,#5033,#5034,#5035,#5036,#5037),.UNSPECIFIED.,.F.,.F.,
(4,2,2,2,2,2,4),(-0.175946989216026,-0.143672110668415,-0.108345694383159,
-0.0656470658944828,-0.0332126404940908,0.,0.000550476413885813),
 .UNSPECIFIED.);
#93=B_SPLINE_CURVE_WITH_KNOTS('',3,(#5045,#5046,#5047,#5048,#5049,#5050,
#5051,#5052,#5053,#5054),.UNSPECIFIED.,.F.,.F.,(4,2,2,2,4),(0.534445444412075,
0.579786117550396,0.625126790688717,0.691655605499096,0.758184420309475),
 .UNSPECIFIED.);
#94=B_SPLINE_CURVE_WITH_KNOTS('',3,(#5055,#5056,#5057,#5058,#5059,#5060,
#5061,#5062,#5063,#5064,#5065,#5066,#5067,#5068),.UNSPECIFIED.,.F.,.F.,
(4,2,2,2,2,2,4),(-0.17528002063702,-0.174733866386419,-0.118225999862335,
-0.0741128785983505,-0.0379854133463575,-0.00570417958737655,0.),
 .UNSPECIFIED.);
#95=B_SPLINE_CURVE_WITH_KNOTS('',3,(#5121,#5122,#5123,#5124,#5125,#5126),
 .UNSPECIFIED.,.F.,.F.,(4,1,1,4),(-2.0968263861023,-1.19850332745149,-0.599251664003899,
-0.000534220689977705),.UNSPECIFIED.);
#96=B_SPLINE_CURVE_WITH_KNOTS('',3,(#5177,#5178,#5179,#5180,#5181,#5182),
 .UNSPECIFIED.,.F.,.F.,(4,1,1,4),(-2.09682940710243,-1.1985050559257,-0.599252529726072,
-0.000534221647470174),.UNSPECIFIED.);
#97=SHAPE_REPRESENTATION_RELATIONSHIP('SRR','None',#5269,#99);
#98=SHAPE_REPRESENTATION_RELATIONSHIP('SRR','None',#5268,#100);
#99=ADVANCED_BREP_SHAPE_REPRESENTATION('',(#107,#108,#109,#110,#111),#5252);
#100=ADVANCED_BREP_SHAPE_REPRESENTATION('',(#112),#5251);
#101=STYLED_ITEM('',(#5288),#107);
#102=STYLED_ITEM('',(#5288),#108);
#103=STYLED_ITEM('',(#5288),#109);
#104=STYLED_ITEM('',(#5288),#110);
#105=STYLED_ITEM('',(#5288),#111);
#106=STYLED_ITEM('',(#5287),#112);
#107=MANIFOLD_SOLID_BREP('Body1',#1820);
#108=MANIFOLD_SOLID_BREP('Body2',#1821);
#109=MANIFOLD_SOLID_BREP('Body3',#1822);
#110=MANIFOLD_SOLID_BREP('Body4',#1823);
#111=MANIFOLD_SOLID_BREP('Body5',#1824);
#112=MANIFOLD_SOLID_BREP('Body1',#1825);
#113=(
BOUNDED_CURVE()
B_SPLINE_CURVE(5,(#2669,#2670,#2671,#2672,#2673,#2674,#2675,#2676,#2677,
#2678,#2679,#2680,#2681,#2682,#2683),.UNSPECIFIED.,.F.,.F.)
B_SPLINE_CURVE_WITH_KNOTS((6,1,1,1,1,1,1,1,1,1,6),(0.,0.1,0.2,0.3,0.4,0.5,
0.6,0.7,0.8,0.9,1.),.UNSPECIFIED.)
CURVE()
GEOMETRIC_REPRESENTATION_ITEM()
RATIONAL_B_SPLINE_CURVE((1.,1.,1.,1.,1.,1.,1.,1.,1.,1.,1.,1.,1.,1.,1.))
REPRESENTATION_ITEM('')
);
#114=(
BOUNDED_CURVE()
B_SPLINE_CURVE(5,(#2839,#2840,#2841,#2842,#2843,#2844,#2845,#2846,#2847,
#2848,#2849,#2850,#2851,#2852,#2853),.UNSPECIFIED.,.F.,.F.)
B_SPLINE_CURVE_WITH_KNOTS((6,1,1,1,1,1,1,1,1,1,6),(0.,0.1,0.2,0.3,0.4,0.5,
0.6,0.7,0.8,0.9,1.),.UNSPECIFIED.)
CURVE()
GEOMETRIC_REPRESENTATION_ITEM()
RATIONAL_B_SPLINE_CURVE((1.,1.,1.,1.,1.,1.,1.,1.,1.,1.,1.,1.,1.,1.,1.))
REPRESENTATION_ITEM('')
);
#115=(
BOUNDED_CURVE()
B_SPLINE_CURVE(5,(#3009,#3010,#3011,#3012,#3013,#3014,#3015,#3016,#3017,
#3018,#3019,#3020,#3021,#3022,#3023),.UNSPECIFIED.,.F.,.F.)
B_SPLINE_CURVE_WITH_KNOTS((6,1,1,1,1,1,1,1,1,1,6),(0.,0.1,0.2,0.3,0.4,0.5,
0.6,0.7,0.8,0.9,1.),.UNSPECIFIED.)
CURVE()
GEOMETRIC_REPRESENTATION_ITEM()
RATIONAL_B_SPLINE_CURVE((1.,1.,1.,1.,1.,1.,1.,1.,1.,1.,1.,1.,1.,1.,1.))
REPRESENTATION_ITEM('')
);
#116=(
BOUNDED_CURVE()
B_SPLINE_CURVE(5,(#3179,#3180,#3181,#3182,#3183,#3184,#3185,#3186,#3187,
#3188,#3189,#3190,#3191,#3192,#3193),.UNSPECIFIED.,.F.,.F.)
B_SPLINE_CURVE_WITH_KNOTS((6,1,1,1,1,1,1,1,1,1,6),(0.,0.1,0.2,0.3,0.4,0.5,
0.6,0.7,0.8,0.9,1.),.UNSPECIFIED.)
CURVE()
GEOMETRIC_REPRESENTATION_ITEM()
RATIONAL_B_SPLINE_CURVE((1.,1.,1.,1.,1.,1.,1.,1.,1.,1.,1.,1.,1.,1.,1.))
REPRESENTATION_ITEM('')
);
#117=(
BOUNDED_CURVE()
B_SPLINE_CURVE(5,(#3349,#3350,#3351,#3352,#3353,#3354,#3355,#3356,#3357,
#3358,#3359,#3360,#3361,#3362,#3363),.UNSPECIFIED.,.F.,.F.)
B_SPLINE_CURVE_WITH_KNOTS((6,1,1,1,1,1,1,1,1,1,6),(0.,0.1,0.2,0.3,0.4,0.5,
0.6,0.7,0.8,0.9,1.),.UNSPECIFIED.)
CURVE()
GEOMETRIC_REPRESENTATION_ITEM()
RATIONAL_B_SPLINE_CURVE((1.,1.,1.,1.,1.,1.,1.,1.,1.,1.,1.,1.,1.,1.,1.))
REPRESENTATION_ITEM('')
);
#118=(
BOUNDED_SURFACE()
B_SPLINE_SURFACE(5,2,((#2533,#2534,#2535,#2536,#2537,#2538,#2539,#2540,
#2541),(#2542,#2543,#2544,#2545,#2546,#2547,#2548,#2549,#2550),(#2551,#2552,
#2553,#2554,#2555,#2556,#2557,#2558,#2559),(#2560,#2561,#2562,#2563,#2564,
#2565,#2566,#2567,#2568),(#2569,#2570,#2571,#2572,#2573,#2574,#2575,#2576,
#2577),(#2578,#2579,#2580,#2581,#2582,#2583,#2584,#2585,#2586),(#2587,#2588,
#2589,#2590,#2591,#2592,#2593,#2594,#2595),(#2596,#2597,#2598,#2599,#2600,
#2601,#2602,#2603,#2604),(#2605,#2606,#2607,#2608,#2609,#2610,#2611,#2612,
#2613),(#2614,#2615,#2616,#2617,#2618,#2619,#2620,#2621,#2622),(#2623,#2624,
#2625,#2626,#2627,#2628,#2629,#2630,#2631),(#2632,#2633,#2634,#2635,#2636,
#2637,#2638,#2639,#2640),(#2641,#2642,#2643,#2644,#2645,#2646,#2647,#2648,
#2649),(#2650,#2651,#2652,#2653,#2654,#2655,#2656,#2657,#2658),(#2659,#2660,
#2661,#2662,#2663,#2664,#2665,#2666,#2667)),.UNSPECIFIED.,.F.,.T.,.F.)
B_SPLINE_SURFACE_WITH_KNOTS((6,1,1,1,1,1,1,1,1,1,6),(3,2,2,2,3),(0.,0.1,
0.2,0.3,0.4,0.5,0.6,0.7,0.8,0.9,1.),(0.,1.5707963267949,3.14159265358979,
4.71238898038469,6.28318530717959),.UNSPECIFIED.)
GEOMETRIC_REPRESENTATION_ITEM()
RATIONAL_B_SPLINE_SURFACE(((1.,0.707106781186548,1.,0.707106781186548,1.,
0.707106781186548,1.,0.707106781186548,1.),(1.,0.707106781186548,1.,0.707106781186548,
1.,0.707106781186548,1.,0.707106781186548,1.),(1.,0.707106781186548,1.,
0.707106781186548,1.,0.707106781186548,1.,0.707106781186548,1.),(1.,0.707106781186548,
1.,0.707106781186548,1.,0.707106781186548,1.,0.707106781186548,1.),(1.,
0.707106781186548,1.,0.707106781186548,1.,0.707106781186548,1.,0.707106781186548,
1.),(1.,0.707106781186548,1.,0.707106781186548,1.,0.707106781186548,1.,
0.707106781186548,1.),(1.,0.707106781186548,1.,0.707106781186548,1.,0.707106781186548,
1.,0.707106781186548,1.),(1.,0.707106781186548,1.,0.707106781186548,1.,
0.707106781186548,1.,0.707106781186548,1.),(1.,0.707106781186548,1.,0.707106781186548,
1.,0.707106781186548,1.,0.707106781186548,1.),(1.,0.707106781186548,1.,
0.707106781186548,1.,0.707106781186548,1.,0.707106781186548,1.),(1.,0.707106781186548,
1.,0.707106781186548,1.,0.707106781186548,1.,0.707106781186548,1.),(1.,
0.707106781186548,1.,0.707106781186548,1.,0.707106781186548,1.,0.707106781186548,
1.),(1.,0.707106781186548,1.,0.707106781186548,1.,0.707106781186548,1.,
0.707106781186548,1.),(1.,0.707106781186548,1.,0.707106781186548,1.,0.707106781186548,
1.,0.707106781186548,1.),(1.,0.707106781186548,1.,0.707106781186548,1.,
0.707106781186548,1.,0.707106781186548,1.)))
REPRESENTATION_ITEM('')
SURFACE()
);
#119=(
BOUNDED_SURFACE()
B_SPLINE_SURFACE(5,2,((#2703,#2704,#2705,#2706,#2707,#2708,#2709,#2710,
#2711),(#2712,#2713,#2714,#2715,#2716,#2717,#2718,#2719,#2720),(#2721,#2722,
#2723,#2724,#2725,#2726,#2727,#2728,#2729),(#2730,#2731,#2732,#2733,#2734,
#2735,#2736,#2737,#2738),(#2739,#2740,#2741,#2742,#2743,#2744,#2745,#2746,
#2747),(#2748,#2749,#2750,#2751,#2752,#2753,#2754,#2755,#2756),(#2757,#2758,
#2759,#2760,#2761,#2762,#2763,#2764,#2765),(#2766,#2767,#2768,#2769,#2770,
#2771,#2772,#2773,#2774),(#2775,#2776,#2777,#2778,#2779,#2780,#2781,#2782,
#2783),(#2784,#2785,#2786,#2787,#2788,#2789,#2790,#2791,#2792),(#2793,#2794,
#2795,#2796,#2797,#2798,#2799,#2800,#2801),(#2802,#2803,#2804,#2805,#2806,
#2807,#2808,#2809,#2810),(#2811,#2812,#2813,#2814,#2815,#2816,#2817,#2818,
#2819),(#2820,#2821,#2822,#2823,#2824,#2825,#2826,#2827,#2828),(#2829,#2830,
#2831,#2832,#2833,#2834,#2835,#2836,#2837)),.UNSPECIFIED.,.F.,.T.,.F.)
B_SPLINE_SURFACE_WITH_KNOTS((6,1,1,1,1,1,1,1,1,1,6),(3,2,2,2,3),(0.,0.1,
0.2,0.3,0.4,0.5,0.6,0.7,0.8,0.9,1.),(0.,1.5707963267949,3.14159265358979,
4.71238898038469,6.28318530717959),.UNSPECIFIED.)
GEOMETRIC_REPRESENTATION_ITEM()
RATIONAL_B_SPLINE_SURFACE(((1.,0.707106781186548,1.,0.707106781186548,1.,
0.707106781186548,1.,0.707106781186548,1.),(1.,0.707106781186548,1.,0.707106781186548,
1.,0.707106781186548,1.,0.707106781186548,1.),(1.,0.707106781186548,1.,
0.707106781186548,1.,0.707106781186548,1.,0.707106781186548,1.),(1.,0.707106781186548,
1.,0.707106781186548,1.,0.707106781186548,1.,0.707106781186548,1.),(1.,
0.707106781186548,1.,0.707106781186548,1.,0.707106781186548,1.,0.707106781186548,
1.),(1.,0.707106781186548,1.,0.707106781186548,1.,0.707106781186548,1.,
0.707106781186548,1.),(1.,0.707106781186548,1.,0.707106781186548,1.,0.707106781186548,
1.,0.707106781186548,1.),(1.,0.707106781186548,1.,0.707106781186548,1.,
0.707106781186548,1.,0.707106781186548,1.),(1.,0.707106781186548,1.,0.707106781186548,
1.,0.707106781186548,1.,0.707106781186548,1.),(1.,0.707106781186548,1.,
0.707106781186548,1.,0.707106781186548,1.,0.707106781186548,1.),(1.,0.707106781186548,
1.,0.707106781186548,1.,0.707106781186548,1.,0.707106781186548,1.),(1.,
0.707106781186548,1.,0.707106781186548,1.,0.707106781186548,1.,0.707106781186548,
1.),(1.,0.707106781186548,1.,0.707106781186548,1.,0.707106781186548,1.,
0.707106781186548,1.),(1.,0.707106781186548,1.,0.707106781186548,1.,0.707106781186548,
1.,0.707106781186548,1.),(1.,0.707106781186548,1.,0.707106781186548,1.,
0.707106781186548,1.,0.707106781186548,1.)))
REPRESENTATION_ITEM('')
SURFACE()
);
#120=(
BOUNDED_SURFACE()
B_SPLINE_SURFACE(5,2,((#2873,#2874,#2875,#2876,#2877,#2878,#2879,#2880,
#2881),(#2882,#2883,#2884,#2885,#2886,#2887,#2888,#2889,#2890),(#2891,#2892,
#2893,#2894,#2895,#2896,#2897,#2898,#2899),(#2900,#2901,#2902,#2903,#2904,
#2905,#2906,#2907,#2908),(#2909,#2910,#2911,#2912,#2913,#2914,#2915,#2916,
#2917),(#2918,#2919,#2920,#2921,#2922,#2923,#2924,#2925,#2926),(#2927,#2928,
#2929,#2930,#2931,#2932,#2933,#2934,#2935),(#2936,#2937,#2938,#2939,#2940,
#2941,#2942,#2943,#2944),(#2945,#2946,#2947,#2948,#2949,#2950,#2951,#2952,
#2953),(#2954,#2955,#2956,#2957,#2958,#2959,#2960,#2961,#2962),(#2963,#2964,
#2965,#2966,#2967,#2968,#2969,#2970,#2971),(#2972,#2973,#2974,#2975,#2976,
#2977,#2978,#2979,#2980),(#2981,#2982,#2983,#2984,#2985,#2986,#2987,#2988,
#2989),(#2990,#2991,#2992,#2993,#2994,#2995,#2996,#2997,#2998),(#2999,#3000,
#3001,#3002,#3003,#3004,#3005,#3006,#3007)),.UNSPECIFIED.,.F.,.T.,.F.)
B_SPLINE_SURFACE_WITH_KNOTS((6,1,1,1,1,1,1,1,1,1,6),(3,2,2,2,3),(0.,0.1,
0.2,0.3,0.4,0.5,0.6,0.7,0.8,0.9,1.),(0.,1.5707963267949,3.14159265358979,
4.71238898038469,6.28318530717959),.UNSPECIFIED.)
GEOMETRIC_REPRESENTATION_ITEM()
RATIONAL_B_SPLINE_SURFACE(((1.,0.707106781186548,1.,0.707106781186548,1.,
0.707106781186548,1.,0.707106781186548,1.),(1.,0.707106781186548,1.,0.707106781186548,
1.,0.707106781186548,1.,0.707106781186548,1.),(1.,0.707106781186548,1.,
0.707106781186548,1.,0.707106781186548,1.,0.707106781186548,1.),(1.,0.707106781186548,
1.,0.707106781186548,1.,0.707106781186548,1.,0.707106781186548,1.),(1.,
0.707106781186548,1.,0.707106781186548,1.,0.707106781186548,1.,0.707106781186548,
1.),(1.,0.707106781186548,1.,0.707106781186548,1.,0.707106781186548,1.,
0.707106781186548,1.),(1.,0.707106781186548,1.,0.707106781186548,1.,0.707106781186548,
1.,0.707106781186548,1.),(1.,0.707106781186548,1.,0.707106781186548,1.,
0.707106781186548,1.,0.707106781186548,1.),(1.,0.707106781186548,1.,0.707106781186548,
1.,0.707106781186548,1.,0.707106781186548,1.),(1.,0.707106781186548,1.,
0.707106781186548,1.,0.707106781186548,1.,0.707106781186548,1.),(1.,0.707106781186548,
1.,0.707106781186548,1.,0.707106781186548,1.,0.707106781186548,1.),(1.,
0.707106781186548,1.,0.707106781186548,1.,0.707106781186548,1.,0.707106781186548,
1.),(1.,0.707106781186548,1.,0.707106781186548,1.,0.707106781186548,1.,
0.707106781186548,1.),(1.,0.707106781186548,1.,0.707106781186548,1.,0.707106781186548,
1.,0.707106781186548,1.),(1.,0.707106781186548,1.,0.707106781186548,1.,
0.707106781186548,1.,0.707106781186548,1.)))
REPRESENTATION_ITEM('')
SURFACE()
);
#121=(
BOUNDED_SURFACE()
B_SPLINE_SURFACE(5,2,((#3043,#3044,#3045,#3046,#3047,#3048,#3049,#3050,
#3051),(#3052,#3053,#3054,#3055,#3056,#3057,#3058,#3059,#3060),(#3061,#3062,
#3063,#3064,#3065,#3066,#3067,#3068,#3069),(#3070,#3071,#3072,#3073,#3074,
#3075,#3076,#3077,#3078),(#3079,#3080,#3081,#3082,#3083,#3084,#3085,#3086,
#3087),(#3088,#3089,#3090,#3091,#3092,#3093,#3094,#3095,#3096),(#3097,#3098,
#3099,#3100,#3101,#3102,#3103,#3104,#3105),(#3106,#3107,#3108,#3109,#3110,
#3111,#3112,#3113,#3114),(#3115,#3116,#3117,#3118,#3119,#3120,#3121,#3122,
#3123),(#3124,#3125,#3126,#3127,#3128,#3129,#3130,#3131,#3132),(#3133,#3134,
#3135,#3136,#3137,#3138,#3139,#3140,#3141),(#3142,#3143,#3144,#3145,#3146,
#3147,#3148,#3149,#3150),(#3151,#3152,#3153,#3154,#3155,#3156,#3157,#3158,
#3159),(#3160,#3161,#3162,#3163,#3164,#3165,#3166,#3167,#3168),(#3169,#3170,
#3171,#3172,#3173,#3174,#3175,#3176,#3177)),.UNSPECIFIED.,.F.,.T.,.F.)
B_SPLINE_SURFACE_WITH_KNOTS((6,1,1,1,1,1,1,1,1,1,6),(3,2,2,2,3),(0.,0.1,
0.2,0.3,0.4,0.5,0.6,0.7,0.8,0.9,1.),(0.,1.5707963267949,3.14159265358979,
4.71238898038469,6.28318530717959),.UNSPECIFIED.)
GEOMETRIC_REPRESENTATION_ITEM()
RATIONAL_B_SPLINE_SURFACE(((1.,0.707106781186548,1.,0.707106781186548,1.,
0.707106781186548,1.,0.707106781186548,1.),(1.,0.707106781186548,1.,0.707106781186548,
1.,0.707106781186548,1.,0.707106781186548,1.),(1.,0.707106781186548,1.,
0.707106781186548,1.,0.707106781186548,1.,0.707106781186548,1.),(1.,0.707106781186548,
1.,0.707106781186548,1.,0.707106781186548,1.,0.707106781186548,1.),(1.,
0.707106781186548,1.,0.707106781186548,1.,0.707106781186548,1.,0.707106781186548,
1.),(1.,0.707106781186548,1.,0.707106781186548,1.,0.707106781186548,1.,
0.707106781186548,1.),(1.,0.707106781186548,1.,0.707106781186548,1.,0.707106781186548,
1.,0.707106781186548,1.),(1.,0.707106781186548,1.,0.707106781186548,1.,
0.707106781186548,1.,0.707106781186548,1.),(1.,0.707106781186548,1.,0.707106781186548,
1.,0.707106781186548,1.,0.707106781186548,1.),(1.,0.707106781186548,1.,
0.707106781186548,1.,0.707106781186548,1.,0.707106781186548,1.),(1.,0.707106781186548,
1.,0.707106781186548,1.,0.707106781186548,1.,0.707106781186548,1.),(1.,
0.707106781186548,1.,0.707106781186548,1.,0.707106781186548,1.,0.707106781186548,
1.),(1.,0.707106781186548,1.,0.707106781186548,1.,0.707106781186548,1.,
0.707106781186548,1.),(1.,0.707106781186548,1.,0.707106781186548,1.,0.707106781186548,
1.,0.707106781186548,1.),(1.,0.707106781186548,1.,0.707106781186548,1.,
0.707106781186548,1.,0.707106781186548,1.)))
REPRESENTATION_ITEM('')
SURFACE()
);
#122=(
BOUNDED_SURFACE()
B_SPLINE_SURFACE(5,2,((#3213,#3214,#3215,#3216,#3217,#3218,#3219,#3220,
#3221),(#3222,#3223,#3224,#3225,#3226,#3227,#3228,#3229,#3230),(#3231,#3232,
#3233,#3234,#3235,#3236,#3237,#3238,#3239),(#3240,#3241,#3242,#3243,#3244,
#3245,#3246,#3247,#3248),(#3249,#3250,#3251,#3252,#3253,#3254,#3255,#3256,
#3257),(#3258,#3259,#3260,#3261,#3262,#3263,#3264,#3265,#3266),(#3267,#3268,
#3269,#3270,#3271,#3272,#3273,#3274,#3275),(#3276,#3277,#3278,#3279,#3280,
#3281,#3282,#3283,#3284),(#3285,#3286,#3287,#3288,#3289,#3290,#3291,#3292,
#3293),(#3294,#3295,#3296,#3297,#3298,#3299,#3300,#3301,#3302),(#3303,#3304,
#3305,#3306,#3307,#3308,#3309,#3310,#3311),(#3312,#3313,#3314,#3315,#3316,
#3317,#3318,#3319,#3320),(#3321,#3322,#3323,#3324,#3325,#3326,#3327,#3328,
#3329),(#3330,#3331,#3332,#3333,#3334,#3335,#3336,#3337,#3338),(#3339,#3340,
#3341,#3342,#3343,#3344,#3345,#3346,#3347)),.UNSPECIFIED.,.F.,.T.,.F.)
B_SPLINE_SURFACE_WITH_KNOTS((6,1,1,1,1,1,1,1,1,1,6),(3,2,2,2,3),(0.,0.1,
0.2,0.3,0.4,0.5,0.6,0.7,0.8,0.9,1.),(0.,1.5707963267949,3.14159265358979,
4.71238898038469,6.28318530717959),.UNSPECIFIED.)
GEOMETRIC_REPRESENTATION_ITEM()
RATIONAL_B_SPLINE_SURFACE(((1.,0.707106781186548,1.,0.707106781186548,1.,
0.707106781186548,1.,0.707106781186548,1.),(1.,0.707106781186548,1.,0.707106781186548,
1.,0.707106781186548,1.,0.707106781186548,1.),(1.,0.707106781186548,1.,
0.707106781186548,1.,0.707106781186548,1.,0.707106781186548,1.),(1.,0.707106781186548,
1.,0.707106781186548,1.,0.707106781186548,1.,0.707106781186548,1.),(1.,
0.707106781186548,1.,0.707106781186548,1.,0.707106781186548,1.,0.707106781186548,
1.),(1.,0.707106781186548,1.,0.707106781186548,1.,0.707106781186548,1.,
0.707106781186548,1.),(1.,0.707106781186548,1.,0.707106781186548,1.,0.707106781186548,
1.,0.707106781186548,1.),(1.,0.707106781186548,1.,0.707106781186548,1.,
0.707106781186548,1.,0.707106781186548,1.),(1.,0.707106781186548,1.,0.707106781186548,
1.,0.707106781186548,1.,0.707106781186548,1.),(1.,0.707106781186548,1.,
0.707106781186548,1.,0.707106781186548,1.,0.707106781186548,1.),(1.,0.707106781186548,
1.,0.707106781186548,1.,0.707106781186548,1.,0.707106781186548,1.),(1.,
0.707106781186548,1.,0.707106781186548,1.,0.707106781186548,1.,0.707106781186548,
1.),(1.,0.707106781186548,1.,0.707106781186548,1.,0.707106781186548,1.,
0.707106781186548,1.),(1.,0.707106781186548,1.,0.707106781186548,1.,0.707106781186548,
1.,0.707106781186548,1.),(1.,0.707106781186548,1.,0.707106781186548,1.,
0.707106781186548,1.,0.707106781186548,1.)))
REPRESENTATION_ITEM('')
SURFACE()
);
#123=(
BOUNDED_SURFACE()
B_SPLINE_SURFACE(5,1,((#3798,#3799),(#3800,#3801),(#3802,#3803),(#3804,
#3805),(#3806,#3807),(#3808,#3809),(#3810,#3811),(#3812,#3813),(#3814,#3815),
(#3816,#3817),(#3818,#3819),(#3820,#3821),(#3822,#3823),(#3824,#3825),(#3826,
#3827),(#3828,#3829),(#3830,#3831),(#3832,#3833),(#3834,#3835),(#3836,#3837),
(#3838,#3839),(#3840,#3841),(#3842,#3843),(#3844,#3845),(#3846,#3847)),
 .UNSPECIFIED.,.F.,.F.,.F.)
B_SPLINE_SURFACE_WITH_KNOTS((6,5,1,1,1,1,1,1,1,1,1,5,6),(2,2),(-1.91510079605765,
-1.,-0.9,-0.8,-0.7,-0.6,-0.5,-0.4,-0.3,-0.2,-0.1,0.,0.915100796017124),
(-9.35607290767151,10.3560729076715),.UNSPECIFIED.)
GEOMETRIC_REPRESENTATION_ITEM()
RATIONAL_B_SPLINE_SURFACE(((1.,1.),(1.,1.),(1.,1.),(1.,1.),(1.,1.),(1.,
1.),(1.,1.),(1.,1.),(1.,1.),(1.,1.),(1.,1.),(1.,1.),(1.,1.),(1.,1.),(1.,
1.),(1.,1.),(1.,1.),(1.,1.),(1.,1.),(1.,1.),(1.,1.),(1.,1.),(1.,1.),(1.,
1.),(1.,1.)))
REPRESENTATION_ITEM('')
SURFACE()
);
#124=(
BOUNDED_SURFACE()
B_SPLINE_SURFACE(5,1,((#4231,#4232),(#4233,#4234),(#4235,#4236),(#4237,
#4238),(#4239,#4240),(#4241,#4242),(#4243,#4244),(#4245,#4246),(#4247,#4248),
(#4249,#4250),(#4251,#4252),(#4253,#4254),(#4255,#4256),(#4257,#4258),(#4259,
#4260),(#4261,#4262),(#4263,#4264),(#4265,#4266),(#4267,#4268),(#4269,#4270),
(#4271,#4272),(#4273,#4274),(#4275,#4276),(#4277,#4278),(#4279,#4280)),
 .UNSPECIFIED.,.F.,.F.,.F.)
B_SPLINE_SURFACE_WITH_KNOTS((6,5,1,1,1,1,1,1,1,1,1,5,6),(2,2),(-1.91510079605765,
-1.,-0.9,-0.8,-0.7,-0.6,-0.5,-0.4,-0.3,-0.2,-0.1,0.,0.915100796017124),
(-9.35607290767151,10.3560729076715),.UNSPECIFIED.)
GEOMETRIC_REPRESENTATION_ITEM()
RATIONAL_B_SPLINE_SURFACE(((1.,1.),(1.,1.),(1.,1.),(1.,1.),(1.,1.),(1.,
1.),(1.,1.),(1.,1.),(1.,1.),(1.,1.),(1.,1.),(1.,1.),(1.,1.),(1.,1.),(1.,
1.),(1.,1.),(1.,1.),(1.,1.),(1.,1.),(1.,1.),(1.,1.),(1.,1.),(1.,1.),(1.,
1.),(1.,1.)))
REPRESENTATION_ITEM('')
SURFACE()
);
#125=(
BOUNDED_SURFACE()
B_SPLINE_SURFACE(5,1,((#4556,#4557),(#4558,#4559),(#4560,#4561),(#4562,
#4563),(#4564,#4565),(#4566,#4567),(#4568,#4569),(#4570,#4571),(#4572,#4573),
(#4574,#4575),(#4576,#4577),(#4578,#4579),(#4580,#4581),(#4582,#4583),(#4584,
#4585),(#4586,#4587),(#4588,#4589),(#4590,#4591),(#4592,#4593),(#4594,#4595),
(#4596,#4597),(#4598,#4599),(#4600,#4601),(#4602,#4603),(#4604,#4605)),
 .UNSPECIFIED.,.F.,.F.,.F.)
B_SPLINE_SURFACE_WITH_KNOTS((6,5,1,1,1,1,1,1,1,1,1,5,6),(2,2),(-1.91510079605765,
-1.,-0.9,-0.8,-0.7,-0.6,-0.5,-0.4,-0.3,-0.2,-0.1,0.,0.915100796017124),
(-9.35607290767151,10.3560729076715),.UNSPECIFIED.)
GEOMETRIC_REPRESENTATION_ITEM()
RATIONAL_B_SPLINE_SURFACE(((1.,1.),(1.,1.),(1.,1.),(1.,1.),(1.,1.),(1.,
1.),(1.,1.),(1.,1.),(1.,1.),(1.,1.),(1.,1.),(1.,1.),(1.,1.),(1.,1.),(1.,
1.),(1.,1.),(1.,1.),(1.,1.),(1.,1.),(1.,1.),(1.,1.),(1.,1.),(1.,1.),(1.,
1.),(1.,1.)))
REPRESENTATION_ITEM('')
SURFACE()
);
#126=(
BOUNDED_SURFACE()
B_SPLINE_SURFACE(5,1,((#4881,#4882),(#4883,#4884),(#4885,#4886),(#4887,
#4888),(#4889,#4890),(#4891,#4892),(#4893,#4894),(#4895,#4896),(#4897,#4898),
(#4899,#4900),(#4901,#4902),(#4903,#4904),(#4905,#4906),(#4907,#4908),(#4909,
#4910),(#4911,#4912),(#4913,#4914),(#4915,#4916),(#4917,#4918),(#4919,#4920),
(#4921,#4922),(#4923,#4924),(#4925,#4926),(#4927,#4928),(#4929,#4930)),
 .UNSPECIFIED.,.F.,.F.,.F.)
B_SPLINE_SURFACE_WITH_KNOTS((6,5,1,1,1,1,1,1,1,1,1,5,6),(2,2),(-1.91510079605765,
-1.,-0.9,-0.8,-0.7,-0.6,-0.5,-0.4,-0.3,-0.2,-0.1,0.,0.915100796017124),
(-9.35607290767151,10.3560729076715),.UNSPECIFIED.)
GEOMETRIC_REPRESENTATION_ITEM()
RATIONAL_B_SPLINE_SURFACE(((1.,1.),(1.,1.),(1.,1.),(1.,1.),(1.,1.),(1.,
1.),(1.,1.),(1.,1.),(1.,1.),(1.,1.),(1.,1.),(1.,1.),(1.,1.),(1.,1.),(1.,
1.),(1.,1.),(1.,1.),(1.,1.),(1.,1.),(1.,1.),(1.,1.),(1.,1.),(1.,1.),(1.,
1.),(1.,1.)))
REPRESENTATION_ITEM('')
SURFACE()
);
#127=(
BOUNDED_SURFACE()
B_SPLINE_SURFACE(5,1,((#5127,#5128),(#5129,#5130),(#5131,#5132),(#5133,
#5134),(#5135,#5136),(#5137,#5138),(#5139,#5140),(#5141,#5142),(#5143,#5144),
(#5145,#5146),(#5147,#5148),(#5149,#5150),(#5151,#5152),(#5153,#5154),(#5155,
#5156),(#5157,#5158),(#5159,#5160),(#5161,#5162),(#5163,#5164),(#5165,#5166),
(#5167,#5168),(#5169,#5170),(#5171,#5172),(#5173,#5174),(#5175,#5176)),
 .UNSPECIFIED.,.F.,.F.,.F.)
B_SPLINE_SURFACE_WITH_KNOTS((6,5,1,1,1,1,1,1,1,1,1,5,6),(2,2),(-1.91510079605765,
-1.,-0.9,-0.8,-0.7,-0.6,-0.5,-0.4,-0.3,-0.2,-0.1,0.,0.915100796017124),
(-0.1,1.1),.UNSPECIFIED.)
GEOMETRIC_REPRESENTATION_ITEM()
RATIONAL_B_SPLINE_SURFACE(((1.,1.),(1.,1.),(1.,1.),(1.,1.),(1.,1.),(1.,
1.),(1.,1.),(1.,1.),(1.,1.),(1.,1.),(1.,1.),(1.,1.),(1.,1.),(1.,1.),(1.,
1.),(1.,1.),(1.,1.),(1.,1.),(1.,1.),(1.,1.),(1.,1.),(1.,1.),(1.,1.),(1.,
1.),(1.,1.)))
REPRESENTATION_ITEM('')
SURFACE()
);
#128=FACE_BOUND('',#323,.T.);
#129=FACE_BOUND('',#326,.T.);
#130=FACE_BOUND('',#332,.T.);
#131=FACE_BOUND('',#335,.T.);
#132=FACE_BOUND('',#341,.T.);
#133=FACE_BOUND('',#344,.T.);
#134=FACE_BOUND('',#350,.T.);
#135=FACE_BOUND('',#353,.T.);
#136=FACE_BOUND('',#359,.T.);
#137=FACE_BOUND('',#362,.T.);
#138=FACE_BOUND('',#365,.T.);
#139=FACE_BOUND('',#369,.T.);
#140=FACE_BOUND('',#371,.T.);
#141=FACE_BOUND('',#381,.T.);
#142=FACE_BOUND('',#385,.T.);
#143=FACE_BOUND('',#387,.T.);
#144=FACE_BOUND('',#402,.T.);
#145=FACE_BOUND('',#406,.T.);
#146=FACE_BOUND('',#420,.T.);
#147=FACE_BOUND('',#424,.T.);
#148=FACE_BOUND('',#438,.T.);
#149=FACE_BOUND('',#442,.T.);
#150=FACE_BOUND('',#449,.T.);
#151=FACE_BOUND('',#453,.T.);
#152=PLANE('',#1847);
#153=PLANE('',#1848);
#154=PLANE('',#1849);
#155=PLANE('',#1852);
#156=PLANE('',#1859);
#157=PLANE('',#1860);
#158=PLANE('',#1861);
#159=PLANE('',#1864);
#160=PLANE('',#1871);
#161=PLANE('',#1872);
#162=PLANE('',#1873);
#163=PLANE('',#1876);
#164=PLANE('',#1883);
#165=PLANE('',#1884);
#166=PLANE('',#1885);
#167=PLANE('',#1888);
#168=PLANE('',#1895);
#169=PLANE('',#1896);
#170=PLANE('',#1897);
#171=PLANE('',#1900);
#172=PLANE('',#1904);
#173=PLANE('',#1911);
#174=PLANE('',#1912);
#175=PLANE('',#1936);
#176=PLANE('',#1940);
#177=PLANE('',#1953);
#178=PLANE('',#1957);
#179=PLANE('',#1960);
#180=PLANE('',#1968);
#181=PLANE('',#1971);
#182=PLANE('',#1975);
#183=PLANE('',#1978);
#184=PLANE('',#1985);
#185=PLANE('',#1988);
#186=PLANE('',#1992);
#187=PLANE('',#1995);
#188=PLANE('',#2002);
#189=PLANE('',#2005);
#190=PLANE('',#2009);
#191=PLANE('',#2012);
#192=PLANE('',#2014);
#193=PLANE('',#2018);
#194=PLANE('',#2025);
#195=PLANE('',#2028);
#196=FACE_OUTER_BOUND('',#318,.T.);
#197=FACE_OUTER_BOUND('',#319,.T.);
#198=FACE_OUTER_BOUND('',#320,.T.);
#199=FACE_OUTER_BOUND('',#321,.T.);
#200=FACE_OUTER_BOUND('',#322,.T.);
#201=FACE_OUTER_BOUND('',#324,.T.);
#202=FACE_OUTER_BOUND('',#325,.T.);
#203=FACE_OUTER_BOUND('',#327,.T.);
#204=FACE_OUTER_BOUND('',#328,.T.);
#205=FACE_OUTER_BOUND('',#329,.T.);
#206=FACE_OUTER_BOUND('',#330,.T.);
#207=FACE_OUTER_BOUND('',#331,.T.);
#208=FACE_OUTER_BOUND('',#333,.T.);
#209=FACE_OUTER_BOUND('',#334,.T.);
#210=FACE_OUTER_BOUND('',#336,.T.);
#211=FACE_OUTER_BOUND('',#337,.T.);
#212=FACE_OUTER_BOUND('',#338,.T.);
#213=FACE_OUTER_BOUND('',#339,.T.);
#214=FACE_OUTER_BOUND('',#340,.T.);
#215=FACE_OUTER_BOUND('',#342,.T.);
#216=FACE_OUTER_BOUND('',#343,.T.);
#217=FACE_OUTER_BOUND('',#345,.T.);
#218=FACE_OUTER_BOUND('',#346,.T.);
#219=FACE_OUTER_BOUND('',#347,.T.);
#220=FACE_OUTER_BOUND('',#348,.T.);
#221=FACE_OUTER_BOUND('',#349,.T.);
#222=FACE_OUTER_BOUND('',#351,.T.);
#223=FACE_OUTER_BOUND('',#352,.T.);
#224=FACE_OUTER_BOUND('',#354,.T.);
#225=FACE_OUTER_BOUND('',#355,.T.);
#226=FACE_OUTER_BOUND('',#356,.T.);
#227=FACE_OUTER_BOUND('',#357,.T.);
#228=FACE_OUTER_BOUND('',#358,.T.);
#229=FACE_OUTER_BOUND('',#360,.T.);
#230=FACE_OUTER_BOUND('',#361,.T.);
#231=FACE_OUTER_BOUND('',#363,.T.);
#232=FACE_OUTER_BOUND('',#364,.T.);
#233=FACE_OUTER_BOUND('',#366,.T.);
#234=FACE_OUTER_BOUND('',#367,.T.);
#235=FACE_OUTER_BOUND('',#368,.T.);
#236=FACE_OUTER_BOUND('',#370,.T.);
#237=FACE_OUTER_BOUND('',#372,.T.);
#238=FACE_OUTER_BOUND('',#373,.T.);
#239=FACE_OUTER_BOUND('',#374,.T.);
#240=FACE_OUTER_BOUND('',#375,.T.);
#241=FACE_OUTER_BOUND('',#376,.T.);
#242=FACE_OUTER_BOUND('',#377,.T.);
#243=FACE_OUTER_BOUND('',#378,.T.);
#244=FACE_OUTER_BOUND('',#379,.T.);
#245=FACE_OUTER_BOUND('',#380,.T.);
#246=FACE_OUTER_BOUND('',#382,.T.);
#247=FACE_OUTER_BOUND('',#383,.T.);
#248=FACE_OUTER_BOUND('',#384,.T.);
#249=FACE_OUTER_BOUND('',#386,.T.);
#250=FACE_OUTER_BOUND('',#388,.T.);
#251=FACE_OUTER_BOUND('',#389,.T.);
#252=FACE_OUTER_BOUND('',#390,.T.);
#253=FACE_OUTER_BOUND('',#391,.T.);
#254=FACE_OUTER_BOUND('',#392,.T.);
#255=FACE_OUTER_BOUND('',#393,.T.);
#256=FACE_OUTER_BOUND('',#394,.T.);
#257=FACE_OUTER_BOUND('',#395,.T.);
#258=FACE_OUTER_BOUND('',#396,.T.);
#259=FACE_OUTER_BOUND('',#397,.T.);
#260=FACE_OUTER_BOUND('',#398,.T.);
#261=FACE_OUTER_BOUND('',#399,.T.);
#262=FACE_OUTER_BOUND('',#400,.T.);
#263=FACE_OUTER_BOUND('',#401,.T.);
#264=FACE_OUTER_BOUND('',#403,.T.);
#265=FACE_OUTER_BOUND('',#404,.T.);
#266=FACE_OUTER_BOUND('',#405,.T.);
#267=FACE_OUTER_BOUND('',#407,.T.);
#268=FACE_OUTER_BOUND('',#408,.T.);
#269=FACE_OUTER_BOUND('',#409,.T.);
#270=FACE_OUTER_BOUND('',#410,.T.);
#271=FACE_OUTER_BOUND('',#411,.T.);
#272=FACE_OUTER_BOUND('',#412,.T.);
#273=FACE_OUTER_BOUND('',#413,.T.);
#274=FACE_OUTER_BOUND('',#414,.T.);
#275=FACE_OUTER_BOUND('',#415,.T.);
#276=FACE_OUTER_BOUND('',#416,.T.);
#277=FACE_OUTER_BOUND('',#417,.T.);
#278=FACE_OUTER_BOUND('',#418,.T.);
#279=FACE_OUTER_BOUND('',#419,.T.);
#280=FACE_OUTER_BOUND('',#421,.T.);
#281=FACE_OUTER_BOUND('',#422,.T.);
#282=FACE_OUTER_BOUND('',#423,.T.);
#283=FACE_OUTER_BOUND('',#425,.T.);
#284=FACE_OUTER_BOUND('',#426,.T.);
#285=FACE_OUTER_BOUND('',#427,.T.);
#286=FACE_OUTER_BOUND('',#428,.T.);
#287=FACE_OUTER_BOUND('',#429,.T.);
#288=FACE_OUTER_BOUND('',#430,.T.);
#289=FACE_OUTER_BOUND('',#431,.T.);
#290=FACE_OUTER_BOUND('',#432,.T.);
#291=FACE_OUTER_BOUND('',#433,.T.);
#292=FACE_OUTER_BOUND('',#434,.T.);
#293=FACE_OUTER_BOUND('',#435,.T.);
#294=FACE_OUTER_BOUND('',#436,.T.);
#295=FACE_OUTER_BOUND('',#437,.T.);
#296=FACE_OUTER_BOUND('',#439,.T.);
#297=FACE_OUTER_BOUND('',#440,.T.);
#298=FACE_OUTER_BOUND('',#441,.T.);
#299=FACE_OUTER_BOUND('',#443,.T.);
#300=FACE_OUTER_BOUND('',#444,.T.);
#301=FACE_OUTER_BOUND('',#445,.T.);
#302=FACE_OUTER_BOUND('',#446,.T.);
#303=FACE_OUTER_BOUND('',#447,.T.);
#304=FACE_OUTER_BOUND('',#448,.T.);
#305=FACE_OUTER_BOUND('',#450,.T.);
#306=FACE_OUTER_BOUND('',#451,.T.);
#307=FACE_OUTER_BOUND('',#452,.T.);
#308=FACE_OUTER_BOUND('',#454,.T.);
#309=FACE_OUTER_BOUND('',#455,.T.);
#310=FACE_OUTER_BOUND('',#456,.T.);
#311=FACE_OUTER_BOUND('',#457,.T.);
#312=FACE_OUTER_BOUND('',#458,.T.);
#313=FACE_OUTER_BOUND('',#459,.T.);
#314=FACE_OUTER_BOUND('',#460,.T.);
#315=FACE_OUTER_BOUND('',#461,.T.);
#316=FACE_OUTER_BOUND('',#462,.T.);
#317=FACE_OUTER_BOUND('',#463,.T.);
#318=EDGE_LOOP('',(#1144,#1145,#1146,#1147));
#319=EDGE_LOOP('',(#1148,#1149,#1150,#1151));
#320=EDGE_LOOP('',(#1152));
#321=EDGE_LOOP('',(#1153));
#322=EDGE_LOOP('',(#1154));
#323=EDGE_LOOP('',(#1155));
#324=EDGE_LOOP('',(#1156,#1157,#1158,#1159));
#325=EDGE_LOOP('',(#1160));
#326=EDGE_LOOP('',(#1161));
#327=EDGE_LOOP('',(#1162,#1163,#1164,#1165));
#328=EDGE_LOOP('',(#1166,#1167,#1168,#1169));
#329=EDGE_LOOP('',(#1170));
#330=EDGE_LOOP('',(#1171));
#331=EDGE_LOOP('',(#1172));
#332=EDGE_LOOP('',(#1173));
#333=EDGE_LOOP('',(#1174,#1175,#1176,#1177));
#334=EDGE_LOOP('',(#1178));
#335=EDGE_LOOP('',(#1179));
#336=EDGE_LOOP('',(#1180,#1181,#1182,#1183));
#337=EDGE_LOOP('',(#1184,#1185,#1186,#1187));
#338=EDGE_LOOP('',(#1188));
#339=EDGE_LOOP('',(#1189));
#340=EDGE_LOOP('',(#1190));
#341=EDGE_LOOP('',(#1191));
#342=EDGE_LOOP('',(#1192,#1193,#1194,#1195));
#343=EDGE_LOOP('',(#1196));
#344=EDGE_LOOP('',(#1197));
#345=EDGE_LOOP('',(#1198,#1199,#1200,#1201));
#346=EDGE_LOOP('',(#1202,#1203,#1204,#1205));
#347=EDGE_LOOP('',(#1206));
#348=EDGE_LOOP('',(#1207));
#349=EDGE_LOOP('',(#1208));
#350=EDGE_LOOP('',(#1209));
#351=EDGE_LOOP('',(#1210,#1211,#1212,#1213));
#352=EDGE_LOOP('',(#1214));
#353=EDGE_LOOP('',(#1215));
#354=EDGE_LOOP('',(#1216,#1217,#1218,#1219));
#355=EDGE_LOOP('',(#1220,#1221,#1222,#1223));
#356=EDGE_LOOP('',(#1224));
#357=EDGE_LOOP('',(#1225));
#358=EDGE_LOOP('',(#1226));
#359=EDGE_LOOP('',(#1227));
#360=EDGE_LOOP('',(#1228,#1229,#1230,#1231));
#361=EDGE_LOOP('',(#1232));
#362=EDGE_LOOP('',(#1233));
#363=EDGE_LOOP('',(#1234,#1235,#1236,#1237));
#364=EDGE_LOOP('',(#1238));
#365=EDGE_LOOP('',(#1239));
#366=EDGE_LOOP('',(#1240,#1241,#1242,#1243));
#367=EDGE_LOOP('',(#1244,#1245,#1246,#1247));
#368=EDGE_LOOP('',(#1248));
#369=EDGE_LOOP('',(#1249));
#370=EDGE_LOOP('',(#1250,#1251,#1252,#1253,#1254,#1255,#1256,#1257,#1258,
#1259,#1260,#1261,#1262,#1263,#1264,#1265,#1266,#1267,#1268,#1269,#1270,
#1271,#1272,#1273,#1274,#1275,#1276,#1277,#1278,#1279,#1280,#1281));
#371=EDGE_LOOP('',(#1282));
#372=EDGE_LOOP('',(#1283,#1284,#1285,#1286));
#373=EDGE_LOOP('',(#1287,#1288,#1289,#1290,#1291,#1292));
#374=EDGE_LOOP('',(#1293,#1294,#1295,#1296));
#375=EDGE_LOOP('',(#1297,#1298,#1299,#1300));
#376=EDGE_LOOP('',(#1301,#1302,#1303,#1304));
#377=EDGE_LOOP('',(#1305,#1306,#1307,#1308,#1309,#1310));
#378=EDGE_LOOP('',(#1311,#1312,#1313,#1314));
#379=EDGE_LOOP('',(#1315,#1316,#1317,#1318));
#380=EDGE_LOOP('',(#1319,#1320,#1321,#1322));
#381=EDGE_LOOP('',(#1323));
#382=EDGE_LOOP('',(#1324,#1325,#1326,#1327));
#383=EDGE_LOOP('',(#1328,#1329,#1330,#1331));
#384=EDGE_LOOP('',(#1332,#1333,#1334,#1335,#1336,#1337,#1338,#1339,#1340,
#1341,#1342,#1343,#1344,#1345,#1346,#1347,#1348,#1349,#1350,#1351,#1352,
#1353,#1354,#1355,#1356,#1357,#1358,#1359,#1360,#1361,#1362,#1363));
#385=EDGE_LOOP('',(#1364));
#386=EDGE_LOOP('',(#1365,#1366,#1367,#1368));
#387=EDGE_LOOP('',(#1369));
#388=EDGE_LOOP('',(#1370,#1371,#1372,#1373));
#389=EDGE_LOOP('',(#1374));
#390=EDGE_LOOP('',(#1375,#1376,#1377,#1378));
#391=EDGE_LOOP('',(#1379));
#392=EDGE_LOOP('',(#1380,#1381,#1382,#1383));
#393=EDGE_LOOP('',(#1384,#1385,#1386,#1387));
#394=EDGE_LOOP('',(#1388,#1389,#1390,#1391,#1392,#1393));
#395=EDGE_LOOP('',(#1394,#1395,#1396,#1397));
#396=EDGE_LOOP('',(#1398,#1399,#1400,#1401));
#397=EDGE_LOOP('',(#1402,#1403,#1404,#1405));
#398=EDGE_LOOP('',(#1406,#1407,#1408,#1409,#1410,#1411));
#399=EDGE_LOOP('',(#1412,#1413,#1414,#1415));
#400=EDGE_LOOP('',(#1416,#1417,#1418,#1419));
#401=EDGE_LOOP('',(#1420,#1421,#1422,#1423));
#402=EDGE_LOOP('',(#1424));
#403=EDGE_LOOP('',(#1425,#1426,#1427,#1428));
#404=EDGE_LOOP('',(#1429,#1430,#1431,#1432));
#405=EDGE_LOOP('',(#1433,#1434,#1435,#1436));
#406=EDGE_LOOP('',(#1437));
#407=EDGE_LOOP('',(#1438,#1439,#1440,#1441));
#408=EDGE_LOOP('',(#1442));
#409=EDGE_LOOP('',(#1443,#1444,#1445,#1446));
#410=EDGE_LOOP('',(#1447));
#411=EDGE_LOOP('',(#1448,#1449,#1450,#1451));
#412=EDGE_LOOP('',(#1452,#1453,#1454,#1455,#1456,#1457));
#413=EDGE_LOOP('',(#1458,#1459,#1460,#1461));
#414=EDGE_LOOP('',(#1462,#1463,#1464,#1465));
#415=EDGE_LOOP('',(#1466,#1467,#1468,#1469));
#416=EDGE_LOOP('',(#1470,#1471,#1472,#1473,#1474,#1475));
#417=EDGE_LOOP('',(#1476,#1477,#1478,#1479));
#418=EDGE_LOOP('',(#1480,#1481,#1482,#1483));
#419=EDGE_LOOP('',(#1484,#1485,#1486,#1487));
#420=EDGE_LOOP('',(#1488));
#421=EDGE_LOOP('',(#1489,#1490,#1491,#1492));
#422=EDGE_LOOP('',(#1493,#1494,#1495,#1496));
#423=EDGE_LOOP('',(#1497,#1498,#1499,#1500));
#424=EDGE_LOOP('',(#1501));
#425=EDGE_LOOP('',(#1502,#1503,#1504,#1505));
#426=EDGE_LOOP('',(#1506));
#427=EDGE_LOOP('',(#1507,#1508,#1509,#1510));
#428=EDGE_LOOP('',(#1511));
#429=EDGE_LOOP('',(#1512,#1513,#1514,#1515));
#430=EDGE_LOOP('',(#1516,#1517,#1518,#1519,#1520,#1521));
#431=EDGE_LOOP('',(#1522,#1523,#1524,#1525));
#432=EDGE_LOOP('',(#1526,#1527,#1528,#1529));
#433=EDGE_LOOP('',(#1530,#1531,#1532,#1533));
#434=EDGE_LOOP('',(#1534,#1535,#1536,#1537,#1538,#1539));
#435=EDGE_LOOP('',(#1540,#1541,#1542,#1543));
#436=EDGE_LOOP('',(#1544,#1545,#1546,#1547));
#437=EDGE_LOOP('',(#1548,#1549,#1550,#1551));
#438=EDGE_LOOP('',(#1552));
#439=EDGE_LOOP('',(#1553,#1554,#1555,#1556));
#440=EDGE_LOOP('',(#1557,#1558,#1559,#1560));
#441=EDGE_LOOP('',(#1561,#1562,#1563,#1564));
#442=EDGE_LOOP('',(#1565));
#443=EDGE_LOOP('',(#1566,#1567,#1568,#1569));
#444=EDGE_LOOP('',(#1570));
#445=EDGE_LOOP('',(#1571,#1572,#1573,#1574));
#446=EDGE_LOOP('',(#1575));
#447=EDGE_LOOP('',(#1576,#1577,#1578,#1579));
#448=EDGE_LOOP('',(#1580,#1581,#1582,#1583));
#449=EDGE_LOOP('',(#1584));
#450=EDGE_LOOP('',(#1585,#1586,#1587,#1588));
#451=EDGE_LOOP('',(#1589,#1590,#1591,#1592));
#452=EDGE_LOOP('',(#1593,#1594,#1595,#1596));
#453=EDGE_LOOP('',(#1597));
#454=EDGE_LOOP('',(#1598,#1599,#1600,#1601));
#455=EDGE_LOOP('',(#1602,#1603,#1604,#1605,#1606,#1607));
#456=EDGE_LOOP('',(#1608,#1609,#1610,#1611,#1612,#1613));
#457=EDGE_LOOP('',(#1614,#1615,#1616,#1617,#1618,#1619));
#458=EDGE_LOOP('',(#1620,#1621,#1622,#1623));
#459=EDGE_LOOP('',(#1624,#1625,#1626,#1627,#1628,#1629));
#460=EDGE_LOOP('',(#1630,#1631,#1632,#1633));
#461=EDGE_LOOP('',(#1634));
#462=EDGE_LOOP('',(#1635,#1636,#1637,#1638));
#463=EDGE_LOOP('',(#1639));
#464=LINE('',#2520,#557);
#465=LINE('',#2526,#558);
#466=LINE('',#2690,#559);
#467=LINE('',#2696,#560);
#468=LINE('',#2860,#561);
#469=LINE('',#2866,#562);
#470=LINE('',#3030,#563);
#471=LINE('',#3036,#564);
#472=LINE('',#3200,#565);
#473=LINE('',#3206,#566);
#474=LINE('',#3370,#567);
#475=LINE('',#3378,#568);
#476=LINE('',#3383,#569);
#477=LINE('',#3395,#570);
#478=LINE('',#3410,#571);
#479=LINE('',#3418,#572);
#480=LINE('',#3433,#573);
#481=LINE('',#3441,#574);
#482=LINE('',#3456,#575);
#483=LINE('',#3464,#576);
#484=LINE('',#3487,#577);
#485=LINE('',#3495,#578);
#486=LINE('',#3509,#579);
#487=LINE('',#3513,#580);
#488=LINE('',#3542,#581);
#489=LINE('',#3558,#582);
#490=LINE('',#3644,#583);
#491=LINE('',#3660,#584);
#492=LINE('',#3664,#585);
#493=LINE('',#3679,#586);
#494=LINE('',#3696,#587);
#495=LINE('',#3699,#588);
#496=LINE('',#3793,#589);
#497=LINE('',#3795,#590);
#498=LINE('',#3848,#591);
#499=LINE('',#3852,#592);
#500=LINE('',#3859,#593);
#501=LINE('',#3882,#594);
#502=LINE('',#3890,#595);
#503=LINE('',#3904,#596);
#504=LINE('',#3912,#597);
#505=LINE('',#3926,#598);
#506=LINE('',#3934,#599);
#507=LINE('',#3949,#600);
#508=LINE('',#3956,#601);
#509=LINE('',#3961,#602);
#510=LINE('',#3965,#603);
#511=LINE('',#3969,#604);
#512=LINE('',#3998,#605);
#513=LINE('',#4011,#606);
#514=LINE('',#4097,#607);
#515=LINE('',#4115,#608);
#516=LINE('',#4144,#609);
#517=LINE('',#4226,#610);
#518=LINE('',#4228,#611);
#519=LINE('',#4281,#612);
#520=LINE('',#4283,#613);
#521=LINE('',#4289,#614);
#522=LINE('',#4294,#615);
#523=LINE('',#4300,#616);
#524=LINE('',#4329,#617);
#525=LINE('',#4342,#618);
#526=LINE('',#4428,#619);
#527=LINE('',#4446,#620);
#528=LINE('',#4475,#621);
#529=LINE('',#4551,#622);
#530=LINE('',#4553,#623);
#531=LINE('',#4606,#624);
#532=LINE('',#4608,#625);
#533=LINE('',#4614,#626);
#534=LINE('',#4619,#627);
#535=LINE('',#4625,#628);
#536=LINE('',#4654,#629);
#537=LINE('',#4667,#630);
#538=LINE('',#4753,#631);
#539=LINE('',#4771,#632);
#540=LINE('',#4800,#633);
#541=LINE('',#4876,#634);
#542=LINE('',#4878,#635);
#543=LINE('',#4931,#636);
#544=LINE('',#4933,#637);
#545=LINE('',#4939,#638);
#546=LINE('',#4944,#639);
#547=LINE('',#4974,#640);
#548=LINE('',#4977,#641);
#549=LINE('',#4979,#642);
#550=LINE('',#4980,#643);
#551=LINE('',#4996,#644);
#552=LINE('',#5038,#645);
#553=LINE('',#5040,#646);
#554=LINE('',#5041,#647);
#555=LINE('',#5235,#648);
#556=LINE('',#5240,#649);
#557=VECTOR('',#2042,1.5);
#558=VECTOR('',#2049,1.5);
#559=VECTOR('',#2068,1.5);
#560=VECTOR('',#2075,1.5);
#561=VECTOR('',#2094,1.5);
#562=VECTOR('',#2101,1.5);
#563=VECTOR('',#2120,1.5);
#564=VECTOR('',#2127,1.5);
#565=VECTOR('',#2146,1.5);
#566=VECTOR('',#2153,1.5);
#567=VECTOR('',#2172,8.);
#568=VECTOR('',#2183,7.5);
#569=VECTOR('',#2188,8.);
#570=VECTOR('',#2201,10.);
#571=VECTOR('',#2202,10.);
#572=VECTOR('',#2209,10.);
#573=VECTOR('',#2210,10.);
#574=VECTOR('',#2217,10.);
#575=VECTOR('',#2218,10.);
#576=VECTOR('',#2225,10.);
#577=VECTOR('',#2226,10.);
#578=VECTOR('',#2233,10.);
#579=VECTOR('',#2234,10.);
#580=VECTOR('',#2237,10.);
#581=VECTOR('',#2240,10.);
#582=VECTOR('',#2243,10.);
#583=VECTOR('',#2246,10.);
#584=VECTOR('',#2247,10.);
#585=VECTOR('',#2250,10.);
#586=VECTOR('',#2251,10.);
#587=VECTOR('',#2254,10.);
#588=VECTOR('',#2257,10.);
#589=VECTOR('',#2260,10.);
#590=VECTOR('',#2263,10.);
#591=VECTOR('',#2266,10.);
#592=VECTOR('',#2271,10.);
#593=VECTOR('',#2278,10.);
#594=VECTOR('',#2279,10.);
#595=VECTOR('',#2286,10.);
#596=VECTOR('',#2287,10.);
#597=VECTOR('',#2294,10.);
#598=VECTOR('',#2295,10.);
#599=VECTOR('',#2302,10.);
#600=VECTOR('',#2303,10.);
#601=VECTOR('',#2312,1.75);
#602=VECTOR('',#2319,1.75);
#603=VECTOR('',#2326,10.);
#604=VECTOR('',#2329,10.);
#605=VECTOR('',#2332,10.);
#606=VECTOR('',#2333,10.);
#607=VECTOR('',#2336,10.);
#608=VECTOR('',#2339,10.);
#609=VECTOR('',#2342,10.);
#610=VECTOR('',#2345,10.);
#611=VECTOR('',#2348,10.);
#612=VECTOR('',#2351,10.);
#613=VECTOR('',#2354,10.);
#614=VECTOR('',#2361,1.75);
#615=VECTOR('',#2368,1.75);
#616=VECTOR('',#2375,10.);
#617=VECTOR('',#2378,10.);
#618=VECTOR('',#2379,10.);
#619=VECTOR('',#2382,10.);
#620=VECTOR('',#2385,10.);
#621=VECTOR('',#2388,10.);
#622=VECTOR('',#2391,10.);
#623=VECTOR('',#2394,10.);
#624=VECTOR('',#2397,10.);
#625=VECTOR('',#2400,10.);
#626=VECTOR('',#2407,1.75);
#627=VECTOR('',#2414,1.75);
#628=VECTOR('',#2421,10.);
#629=VECTOR('',#2424,10.);
#630=VECTOR('',#2425,10.);
#631=VECTOR('',#2428,10.);
#632=VECTOR('',#2431,10.);
#633=VECTOR('',#2434,10.);
#634=VECTOR('',#2437,10.);
#635=VECTOR('',#2440,10.);
#636=VECTOR('',#2443,10.);
#637=VECTOR('',#2446,10.);
#638=VECTOR('',#2453,1.75);
#639=VECTOR('',#2460,1.75);
#640=VECTOR('',#2467,10.);
#641=VECTOR('',#2470,10.);
#642=VECTOR('',#2471,10.);
#643=VECTOR('',#2472,10.);
#644=VECTOR('',#2477,10.);
#645=VECTOR('',#2480,10.);
#646=VECTOR('',#2483,10.);
#647=VECTOR('',#2484,10.);
#648=VECTOR('',#2495,1.75);
#649=VECTOR('',#2502,1.75);
#650=CIRCLE('',#1842,1.5);
#651=CIRCLE('',#1843,1.5);
#652=CIRCLE('',#1845,1.5);
#653=CIRCLE('',#1846,1.5);
#654=CIRCLE('',#1850,5.);
#655=CIRCLE('',#1851,5.);
#656=CIRCLE('',#1854,1.5);
#657=CIRCLE('',#1855,1.5);
#658=CIRCLE('',#1857,1.5);
#659=CIRCLE('',#1858,1.5);
#660=CIRCLE('',#1862,5.);
#661=CIRCLE('',#1863,5.);
#662=CIRCLE('',#1866,1.5);
#663=CIRCLE('',#1867,1.5);
#664=CIRCLE('',#1869,1.5);
#665=CIRCLE('',#1870,1.5);
#666=CIRCLE('',#1874,5.);
#667=CIRCLE('',#1875,5.);
#668=CIRCLE('',#1878,1.5);
#669=CIRCLE('',#1879,1.5);
#670=CIRCLE('',#1881,1.5);
#671=CIRCLE('',#1882,1.5);
#672=CIRCLE('',#1886,5.);
#673=CIRCLE('',#1887,5.);
#674=CIRCLE('',#1890,1.5);
#675=CIRCLE('',#1891,1.5);
#676=CIRCLE('',#1893,1.5);
#677=CIRCLE('',#1894,1.5);
#678=CIRCLE('',#1898,5.);
#679=CIRCLE('',#1899,5.);
#680=CIRCLE('',#1902,8.);
#681=CIRCLE('',#1903,8.);
#682=CIRCLE('',#1905,7.5);
#683=CIRCLE('',#1907,7.5);
#684=CIRCLE('',#1909,8.);
#685=CIRCLE('',#1910,8.);
#686=CIRCLE('',#1913,2.);
#687=CIRCLE('',#1914,29.);
#688=CIRCLE('',#1915,2.);
#689=CIRCLE('',#1916,2.);
#690=CIRCLE('',#1917,29.);
#691=CIRCLE('',#1918,2.);
#692=CIRCLE('',#1919,2.);
#693=CIRCLE('',#1920,29.);
#694=CIRCLE('',#1921,2.);
#695=CIRCLE('',#1922,2.);
#696=CIRCLE('',#1923,29.);
#697=CIRCLE('',#1924,2.);
#698=CIRCLE('',#1925,2.);
#699=CIRCLE('',#1926,29.);
#700=CIRCLE('',#1927,2.);
#701=CIRCLE('',#1930,2.);
#702=CIRCLE('',#1934,2.);
#703=CIRCLE('',#1937,1.75);
#704=CIRCLE('',#1939,29.);
#705=CIRCLE('',#1941,29.);
#706=CIRCLE('',#1942,2.);
#707=CIRCLE('',#1943,2.);
#708=CIRCLE('',#1944,29.);
#709=CIRCLE('',#1945,2.);
#710=CIRCLE('',#1946,2.);
#711=CIRCLE('',#1947,29.);
#712=CIRCLE('',#1948,2.);
#713=CIRCLE('',#1949,2.);
#714=CIRCLE('',#1950,29.);
#715=CIRCLE('',#1951,2.);
#716=CIRCLE('',#1952,2.);
#717=CIRCLE('',#1954,1.75);
#718=CIRCLE('',#1956,1.75);
#719=CIRCLE('',#1959,1.75);
#720=CIRCLE('',#1969,1.75);
#721=CIRCLE('',#1972,1.75);
#722=CIRCLE('',#1974,1.75);
#723=CIRCLE('',#1977,1.75);
#724=CIRCLE('',#1986,1.75);
#725=CIRCLE('',#1989,1.75);
#726=CIRCLE('',#1991,1.75);
#727=CIRCLE('',#1994,1.75);
#728=CIRCLE('',#2003,1.75);
#729=CIRCLE('',#2006,1.75);
#730=CIRCLE('',#2008,1.75);
#731=CIRCLE('',#2011,1.75);
#732=CIRCLE('',#2015,1.75);
#733=CIRCLE('',#2019,1.75);
#734=CIRCLE('',#2024,1.75);
#735=CIRCLE('',#2027,1.75);
#736=VERTEX_POINT('',#2517);
#737=VERTEX_POINT('',#2519);
#738=VERTEX_POINT('',#2523);
#739=VERTEX_POINT('',#2525);
#740=VERTEX_POINT('',#2531);
#741=VERTEX_POINT('',#2668);
#742=VERTEX_POINT('',#2687);
#743=VERTEX_POINT('',#2689);
#744=VERTEX_POINT('',#2693);
#745=VERTEX_POINT('',#2695);
#746=VERTEX_POINT('',#2701);
#747=VERTEX_POINT('',#2838);
#748=VERTEX_POINT('',#2857);
#749=VERTEX_POINT('',#2859);
#750=VERTEX_POINT('',#2863);
#751=VERTEX_POINT('',#2865);
#752=VERTEX_POINT('',#2871);
#753=VERTEX_POINT('',#3008);
#754=VERTEX_POINT('',#3027);
#755=VERTEX_POINT('',#3029);
#756=VERTEX_POINT('',#3033);
#757=VERTEX_POINT('',#3035);
#758=VERTEX_POINT('',#3041);
#759=VERTEX_POINT('',#3178);
#760=VERTEX_POINT('',#3197);
#761=VERTEX_POINT('',#3199);
#762=VERTEX_POINT('',#3203);
#763=VERTEX_POINT('',#3205);
#764=VERTEX_POINT('',#3211);
#765=VERTEX_POINT('',#3348);
#766=VERTEX_POINT('',#3367);
#767=VERTEX_POINT('',#3369);
#768=VERTEX_POINT('',#3373);
#769=VERTEX_POINT('',#3376);
#770=VERTEX_POINT('',#3380);
#771=VERTEX_POINT('',#3382);
#772=VERTEX_POINT('',#3387);
#773=VERTEX_POINT('',#3388);
#774=VERTEX_POINT('',#3390);
#775=VERTEX_POINT('',#3392);
#776=VERTEX_POINT('',#3394);
#777=VERTEX_POINT('',#3396);
#778=VERTEX_POINT('',#3409);
#779=VERTEX_POINT('',#3411);
#780=VERTEX_POINT('',#3413);
#781=VERTEX_POINT('',#3415);
#782=VERTEX_POINT('',#3417);
#783=VERTEX_POINT('',#3419);
#784=VERTEX_POINT('',#3432);
#785=VERTEX_POINT('',#3434);
#786=VERTEX_POINT('',#3436);
#787=VERTEX_POINT('',#3438);
#788=VERTEX_POINT('',#3440);
#789=VERTEX_POINT('',#3442);
#790=VERTEX_POINT('',#3455);
#791=VERTEX_POINT('',#3457);
#792=VERTEX_POINT('',#3459);
#793=VERTEX_POINT('',#3461);
#794=VERTEX_POINT('',#3463);
#795=VERTEX_POINT('',#3465);
#796=VERTEX_POINT('',#3472);
#797=VERTEX_POINT('',#3479);
#798=VERTEX_POINT('',#3486);
#799=VERTEX_POINT('',#3488);
#800=VERTEX_POINT('',#3490);
#801=VERTEX_POINT('',#3492);
#802=VERTEX_POINT('',#3494);
#803=VERTEX_POINT('',#3496);
#804=VERTEX_POINT('',#3511);
#805=VERTEX_POINT('',#3512);
#806=VERTEX_POINT('',#3541);
#807=VERTEX_POINT('',#3543);
#808=VERTEX_POINT('',#3556);
#809=VERTEX_POINT('',#3619);
#810=VERTEX_POINT('',#3643);
#811=VERTEX_POINT('',#3645);
#812=VERTEX_POINT('',#3662);
#813=VERTEX_POINT('',#3663);
#814=VERTEX_POINT('',#3665);
#815=VERTEX_POINT('',#3678);
#816=VERTEX_POINT('',#3695);
#817=VERTEX_POINT('',#3698);
#818=VERTEX_POINT('',#3796);
#819=VERTEX_POINT('',#3850);
#820=VERTEX_POINT('',#3854);
#821=VERTEX_POINT('',#3856);
#822=VERTEX_POINT('',#3858);
#823=VERTEX_POINT('',#3860);
#824=VERTEX_POINT('',#3867);
#825=VERTEX_POINT('',#3874);
#826=VERTEX_POINT('',#3881);
#827=VERTEX_POINT('',#3883);
#828=VERTEX_POINT('',#3885);
#829=VERTEX_POINT('',#3887);
#830=VERTEX_POINT('',#3889);
#831=VERTEX_POINT('',#3891);
#832=VERTEX_POINT('',#3903);
#833=VERTEX_POINT('',#3905);
#834=VERTEX_POINT('',#3907);
#835=VERTEX_POINT('',#3909);
#836=VERTEX_POINT('',#3911);
#837=VERTEX_POINT('',#3913);
#838=VERTEX_POINT('',#3925);
#839=VERTEX_POINT('',#3927);
#840=VERTEX_POINT('',#3929);
#841=VERTEX_POINT('',#3931);
#842=VERTEX_POINT('',#3933);
#843=VERTEX_POINT('',#3935);
#844=VERTEX_POINT('',#3948);
#845=VERTEX_POINT('',#3952);
#846=VERTEX_POINT('',#3955);
#847=VERTEX_POINT('',#3960);
#848=VERTEX_POINT('',#3967);
#849=VERTEX_POINT('',#3968);
#850=VERTEX_POINT('',#3997);
#851=VERTEX_POINT('',#4072);
#852=VERTEX_POINT('',#4096);
#853=VERTEX_POINT('',#4113);
#854=VERTEX_POINT('',#4114);
#855=VERTEX_POINT('',#4143);
#856=VERTEX_POINT('',#4229);
#857=VERTEX_POINT('',#4285);
#858=VERTEX_POINT('',#4288);
#859=VERTEX_POINT('',#4293);
#860=VERTEX_POINT('',#4298);
#861=VERTEX_POINT('',#4299);
#862=VERTEX_POINT('',#4328);
#863=VERTEX_POINT('',#4403);
#864=VERTEX_POINT('',#4427);
#865=VERTEX_POINT('',#4444);
#866=VERTEX_POINT('',#4445);
#867=VERTEX_POINT('',#4474);
#868=VERTEX_POINT('',#4554);
#869=VERTEX_POINT('',#4610);
#870=VERTEX_POINT('',#4613);
#871=VERTEX_POINT('',#4618);
#872=VERTEX_POINT('',#4623);
#873=VERTEX_POINT('',#4624);
#874=VERTEX_POINT('',#4653);
#875=VERTEX_POINT('',#4728);
#876=VERTEX_POINT('',#4752);
#877=VERTEX_POINT('',#4769);
#878=VERTEX_POINT('',#4770);
#879=VERTEX_POINT('',#4799);
#880=VERTEX_POINT('',#4879);
#881=VERTEX_POINT('',#4935);
#882=VERTEX_POINT('',#4938);
#883=VERTEX_POINT('',#4943);
#884=VERTEX_POINT('',#4948);
#885=VERTEX_POINT('',#4959);
#886=VERTEX_POINT('',#4976);
#887=VERTEX_POINT('',#4978);
#888=VERTEX_POINT('',#4981);
#889=VERTEX_POINT('',#4984);
#890=VERTEX_POINT('',#4995);
#891=VERTEX_POINT('',#5012);
#892=VERTEX_POINT('',#5023);
#893=VERTEX_POINT('',#5042);
#894=VERTEX_POINT('',#5234);
#895=VERTEX_POINT('',#5239);
#896=EDGE_CURVE('',#736,#736,#650,.T.);
#897=EDGE_CURVE('',#736,#737,#464,.T.);
#898=EDGE_CURVE('',#737,#737,#651,.T.);
#899=EDGE_CURVE('',#738,#738,#652,.T.);
#900=EDGE_CURVE('',#738,#739,#465,.T.);
#901=EDGE_CURVE('',#739,#739,#653,.T.);
#902=EDGE_CURVE('',#740,#740,#654,.T.);
#903=EDGE_CURVE('',#741,#740,#113,.T.);
#904=EDGE_CURVE('',#741,#741,#655,.T.);
#905=EDGE_CURVE('',#742,#742,#656,.T.);
#906=EDGE_CURVE('',#742,#743,#466,.T.);
#907=EDGE_CURVE('',#743,#743,#657,.T.);
#908=EDGE_CURVE('',#744,#744,#658,.T.);
#909=EDGE_CURVE('',#744,#745,#467,.T.);
#910=EDGE_CURVE('',#745,#745,#659,.T.);
#911=EDGE_CURVE('',#746,#746,#660,.T.);
#912=EDGE_CURVE('',#747,#746,#114,.T.);
#913=EDGE_CURVE('',#747,#747,#661,.T.);
#914=EDGE_CURVE('',#748,#748,#662,.T.);
#915=EDGE_CURVE('',#748,#749,#468,.T.);
#916=EDGE_CURVE('',#749,#749,#663,.T.);
#917=EDGE_CURVE('',#750,#750,#664,.T.);
#918=EDGE_CURVE('',#750,#751,#469,.T.);
#919=EDGE_CURVE('',#751,#751,#665,.T.);
#920=EDGE_CURVE('',#752,#752,#666,.T.);
#921=EDGE_CURVE('',#753,#752,#115,.T.);
#922=EDGE_CURVE('',#753,#753,#667,.T.);
#923=EDGE_CURVE('',#754,#754,#668,.T.);
#924=EDGE_CURVE('',#754,#755,#470,.T.);
#925=EDGE_CURVE('',#755,#755,#669,.T.);
#926=EDGE_CURVE('',#756,#756,#670,.T.);
#927=EDGE_CURVE('',#756,#757,#471,.T.);
#928=EDGE_CURVE('',#757,#757,#671,.T.);
#929=EDGE_CURVE('',#758,#758,#672,.T.);
#930=EDGE_CURVE('',#759,#758,#116,.T.);
#931=EDGE_CURVE('',#759,#759,#673,.T.);
#932=EDGE_CURVE('',#760,#760,#674,.T.);
#933=EDGE_CURVE('',#760,#761,#472,.T.);
#934=EDGE_CURVE('',#761,#761,#675,.T.);
#935=EDGE_CURVE('',#762,#762,#676,.T.);
#936=EDGE_CURVE('',#762,#763,#473,.T.);
#937=EDGE_CURVE('',#763,#763,#677,.T.);
#938=EDGE_CURVE('',#764,#764,#678,.T.);
#939=EDGE_CURVE('',#765,#764,#117,.T.);
#940=EDGE_CURVE('',#765,#765,#679,.T.);
#941=EDGE_CURVE('',#766,#766,#680,.T.);
#942=EDGE_CURVE('',#766,#767,#474,.T.);
#943=EDGE_CURVE('',#767,#767,#681,.T.);
#944=EDGE_CURVE('',#768,#768,#682,.T.);
#945=EDGE_CURVE('',#769,#769,#683,.T.);
#946=EDGE_CURVE('',#769,#768,#475,.T.);
#947=EDGE_CURVE('',#770,#770,#684,.T.);
#948=EDGE_CURVE('',#770,#771,#476,.T.);
#949=EDGE_CURVE('',#771,#771,#685,.T.);
#950=EDGE_CURVE('',#772,#773,#686,.T.);
#951=EDGE_CURVE('',#772,#774,#687,.T.);
#952=EDGE_CURVE('',#775,#774,#688,.T.);
#953=EDGE_CURVE('',#776,#775,#477,.T.);
#954=EDGE_CURVE('',#777,#776,#33,.T.);
#955=EDGE_CURVE('',#778,#777,#478,.T.);
#956=EDGE_CURVE('',#779,#778,#689,.T.);
#957=EDGE_CURVE('',#779,#780,#690,.T.);
#958=EDGE_CURVE('',#781,#780,#691,.T.);
#959=EDGE_CURVE('',#782,#781,#479,.T.);
#960=EDGE_CURVE('',#783,#782,#34,.T.);
#961=EDGE_CURVE('',#784,#783,#480,.T.);
#962=EDGE_CURVE('',#785,#784,#692,.T.);
#963=EDGE_CURVE('',#785,#786,#693,.T.);
#964=EDGE_CURVE('',#787,#786,#694,.T.);
#965=EDGE_CURVE('',#788,#787,#481,.T.);
#966=EDGE_CURVE('',#789,#788,#35,.T.);
#967=EDGE_CURVE('',#790,#789,#482,.T.);
#968=EDGE_CURVE('',#791,#790,#695,.T.);
#969=EDGE_CURVE('',#791,#792,#696,.T.);
#970=EDGE_CURVE('',#793,#792,#697,.T.);
#971=EDGE_CURVE('',#794,#793,#483,.T.);
#972=EDGE_CURVE('',#794,#795,#36,.T.);
#973=EDGE_CURVE('',#796,#795,#37,.T.);
#974=EDGE_CURVE('',#796,#797,#38,.T.);
#975=EDGE_CURVE('',#798,#797,#484,.T.);
#976=EDGE_CURVE('',#799,#798,#698,.T.);
#977=EDGE_CURVE('',#799,#800,#699,.T.);
#978=EDGE_CURVE('',#801,#800,#700,.T.);
#979=EDGE_CURVE('',#802,#801,#485,.T.);
#980=EDGE_CURVE('',#803,#802,#39,.T.);
#981=EDGE_CURVE('',#773,#803,#486,.T.);
#982=EDGE_CURVE('',#804,#805,#487,.T.);
#983=EDGE_CURVE('',#805,#773,#40,.T.);
#984=EDGE_CURVE('',#803,#804,#41,.T.);
#985=EDGE_CURVE('',#805,#806,#488,.T.);
#986=EDGE_CURVE('',#806,#807,#42,.T.);
#987=EDGE_CURVE('',#807,#808,#701,.T.);
#988=EDGE_CURVE('',#808,#772,#489,.T.);
#989=EDGE_CURVE('',#802,#809,#43,.T.);
#990=EDGE_CURVE('',#809,#804,#44,.T.);
#991=EDGE_CURVE('',#806,#810,#490,.T.);
#992=EDGE_CURVE('',#810,#811,#45,.T.);
#993=EDGE_CURVE('',#811,#807,#491,.T.);
#994=EDGE_CURVE('',#812,#813,#492,.T.);
#995=EDGE_CURVE('',#813,#814,#46,.T.);
#996=EDGE_CURVE('',#814,#815,#493,.T.);
#997=EDGE_CURVE('',#815,#812,#47,.T.);
#998=EDGE_CURVE('',#800,#816,#494,.T.);
#999=EDGE_CURVE('',#816,#814,#702,.T.);
#1000=EDGE_CURVE('',#813,#817,#495,.T.);
#1001=EDGE_CURVE('',#817,#801,#48,.T.);
#1002=EDGE_CURVE('',#810,#812,#49,.T.);
#1003=EDGE_CURVE('',#815,#811,#50,.T.);
#1004=EDGE_CURVE('',#817,#809,#496,.T.);
#1005=EDGE_CURVE('',#812,#809,#497,.T.);
#1006=EDGE_CURVE('',#818,#818,#703,.T.);
#1007=EDGE_CURVE('',#810,#804,#498,.T.);
#1008=EDGE_CURVE('',#819,#808,#704,.T.);
#1009=EDGE_CURVE('',#774,#819,#499,.T.);
#1010=EDGE_CURVE('',#816,#820,#705,.T.);
#1011=EDGE_CURVE('',#821,#820,#706,.T.);
#1012=EDGE_CURVE('',#822,#821,#500,.T.);
#1013=EDGE_CURVE('',#822,#823,#51,.T.);
#1014=EDGE_CURVE('',#824,#823,#52,.T.);
#1015=EDGE_CURVE('',#824,#825,#53,.T.);
#1016=EDGE_CURVE('',#826,#825,#501,.T.);
#1017=EDGE_CURVE('',#827,#826,#707,.T.);
#1018=EDGE_CURVE('',#827,#828,#708,.T.);
#1019=EDGE_CURVE('',#829,#828,#709,.T.);
#1020=EDGE_CURVE('',#830,#829,#502,.T.);
#1021=EDGE_CURVE('',#831,#830,#54,.T.);
#1022=EDGE_CURVE('',#832,#831,#503,.T.);
#1023=EDGE_CURVE('',#833,#832,#710,.T.);
#1024=EDGE_CURVE('',#833,#834,#711,.T.);
#1025=EDGE_CURVE('',#835,#834,#712,.T.);
#1026=EDGE_CURVE('',#836,#835,#504,.T.);
#1027=EDGE_CURVE('',#837,#836,#55,.T.);
#1028=EDGE_CURVE('',#838,#837,#505,.T.);
#1029=EDGE_CURVE('',#839,#838,#713,.T.);
#1030=EDGE_CURVE('',#839,#840,#714,.T.);
#1031=EDGE_CURVE('',#841,#840,#715,.T.);
#1032=EDGE_CURVE('',#842,#841,#506,.T.);
#1033=EDGE_CURVE('',#843,#842,#56,.T.);
#1034=EDGE_CURVE('',#844,#843,#507,.T.);
#1035=EDGE_CURVE('',#819,#844,#716,.T.);
#1036=EDGE_CURVE('',#845,#845,#717,.T.);
#1037=EDGE_CURVE('',#845,#846,#508,.T.);
#1038=EDGE_CURVE('',#846,#846,#718,.T.);
#1039=EDGE_CURVE('',#818,#847,#509,.T.);
#1040=EDGE_CURVE('',#847,#847,#719,.T.);
#1041=EDGE_CURVE('',#820,#799,#510,.T.);
#1042=EDGE_CURVE('',#848,#849,#511,.T.);
#1043=EDGE_CURVE('',#849,#778,#57,.T.);
#1044=EDGE_CURVE('',#777,#848,#58,.T.);
#1045=EDGE_CURVE('',#849,#850,#512,.T.);
#1046=EDGE_CURVE('',#850,#841,#59,.T.);
#1047=EDGE_CURVE('',#840,#779,#513,.T.);
#1048=EDGE_CURVE('',#776,#851,#60,.T.);
#1049=EDGE_CURVE('',#851,#848,#61,.T.);
#1050=EDGE_CURVE('',#850,#852,#514,.T.);
#1051=EDGE_CURVE('',#852,#842,#62,.T.);
#1052=EDGE_CURVE('',#853,#854,#515,.T.);
#1053=EDGE_CURVE('',#854,#844,#63,.T.);
#1054=EDGE_CURVE('',#843,#853,#64,.T.);
#1055=EDGE_CURVE('',#854,#855,#516,.T.);
#1056=EDGE_CURVE('',#855,#775,#65,.T.);
#1057=EDGE_CURVE('',#852,#853,#66,.T.);
#1058=EDGE_CURVE('',#855,#851,#517,.T.);
#1059=EDGE_CURVE('',#853,#851,#518,.T.);
#1060=EDGE_CURVE('',#856,#856,#720,.T.);
#1061=EDGE_CURVE('',#852,#848,#519,.T.);
#1062=EDGE_CURVE('',#780,#839,#520,.T.);
#1063=EDGE_CURVE('',#857,#857,#721,.T.);
#1064=EDGE_CURVE('',#857,#858,#521,.T.);
#1065=EDGE_CURVE('',#858,#858,#722,.T.);
#1066=EDGE_CURVE('',#856,#859,#522,.T.);
#1067=EDGE_CURVE('',#859,#859,#723,.T.);
#1068=EDGE_CURVE('',#860,#861,#523,.T.);
#1069=EDGE_CURVE('',#861,#784,#67,.T.);
#1070=EDGE_CURVE('',#783,#860,#68,.T.);
#1071=EDGE_CURVE('',#861,#862,#524,.T.);
#1072=EDGE_CURVE('',#862,#835,#69,.T.);
#1073=EDGE_CURVE('',#834,#785,#525,.T.);
#1074=EDGE_CURVE('',#782,#863,#70,.T.);
#1075=EDGE_CURVE('',#863,#860,#71,.T.);
#1076=EDGE_CURVE('',#862,#864,#526,.T.);
#1077=EDGE_CURVE('',#864,#836,#72,.T.);
#1078=EDGE_CURVE('',#865,#866,#527,.T.);
#1079=EDGE_CURVE('',#866,#838,#73,.T.);
#1080=EDGE_CURVE('',#837,#865,#74,.T.);
#1081=EDGE_CURVE('',#866,#867,#528,.T.);
#1082=EDGE_CURVE('',#867,#781,#75,.T.);
#1083=EDGE_CURVE('',#864,#865,#76,.T.);
#1084=EDGE_CURVE('',#867,#863,#529,.T.);
#1085=EDGE_CURVE('',#865,#863,#530,.T.);
#1086=EDGE_CURVE('',#868,#868,#724,.T.);
#1087=EDGE_CURVE('',#864,#860,#531,.T.);
#1088=EDGE_CURVE('',#786,#833,#532,.T.);
#1089=EDGE_CURVE('',#869,#869,#725,.T.);
#1090=EDGE_CURVE('',#869,#870,#533,.T.);
#1091=EDGE_CURVE('',#870,#870,#726,.T.);
#1092=EDGE_CURVE('',#868,#871,#534,.T.);
#1093=EDGE_CURVE('',#871,#871,#727,.T.);
#1094=EDGE_CURVE('',#872,#873,#535,.T.);
#1095=EDGE_CURVE('',#873,#790,#77,.T.);
#1096=EDGE_CURVE('',#789,#872,#78,.T.);
#1097=EDGE_CURVE('',#873,#874,#536,.T.);
#1098=EDGE_CURVE('',#874,#829,#79,.T.);
#1099=EDGE_CURVE('',#828,#791,#537,.T.);
#1100=EDGE_CURVE('',#788,#875,#80,.T.);
#1101=EDGE_CURVE('',#875,#872,#81,.T.);
#1102=EDGE_CURVE('',#874,#876,#538,.T.);
#1103=EDGE_CURVE('',#876,#830,#82,.T.);
#1104=EDGE_CURVE('',#877,#878,#539,.T.);
#1105=EDGE_CURVE('',#878,#832,#83,.T.);
#1106=EDGE_CURVE('',#831,#877,#84,.T.);
#1107=EDGE_CURVE('',#878,#879,#540,.T.);
#1108=EDGE_CURVE('',#879,#787,#85,.T.);
#1109=EDGE_CURVE('',#876,#877,#86,.T.);
#1110=EDGE_CURVE('',#879,#875,#541,.T.);
#1111=EDGE_CURVE('',#877,#875,#542,.T.);
#1112=EDGE_CURVE('',#880,#880,#728,.T.);
#1113=EDGE_CURVE('',#876,#872,#543,.T.);
#1114=EDGE_CURVE('',#792,#827,#544,.T.);
#1115=EDGE_CURVE('',#881,#881,#729,.T.);
#1116=EDGE_CURVE('',#881,#882,#545,.T.);
#1117=EDGE_CURVE('',#882,#882,#730,.T.);
#1118=EDGE_CURVE('',#880,#883,#546,.T.);
#1119=EDGE_CURVE('',#883,#883,#731,.T.);
#1120=EDGE_CURVE('',#884,#826,#87,.T.);
#1121=EDGE_CURVE('',#825,#885,#88,.F.);
#1122=EDGE_CURVE('',#885,#884,#547,.T.);
#1123=EDGE_CURVE('',#885,#886,#548,.T.);
#1124=EDGE_CURVE('',#887,#886,#549,.T.);
#1125=EDGE_CURVE('',#884,#887,#550,.T.);
#1126=EDGE_CURVE('',#888,#888,#732,.T.);
#1127=EDGE_CURVE('',#821,#889,#89,.T.);
#1128=EDGE_CURVE('',#889,#890,#551,.T.);
#1129=EDGE_CURVE('',#890,#822,#90,.F.);
#1130=EDGE_CURVE('',#891,#798,#91,.T.);
#1131=EDGE_CURVE('',#797,#892,#92,.F.);
#1132=EDGE_CURVE('',#892,#891,#552,.T.);
#1133=EDGE_CURVE('',#891,#889,#553,.T.);
#1134=EDGE_CURVE('',#890,#892,#554,.T.);
#1135=EDGE_CURVE('',#893,#893,#733,.T.);
#1136=EDGE_CURVE('',#793,#887,#93,.T.);
#1137=EDGE_CURVE('',#886,#794,#94,.F.);
#1138=EDGE_CURVE('',#890,#885,#95,.T.);
#1139=EDGE_CURVE('',#886,#892,#96,.T.);
#1140=EDGE_CURVE('',#893,#894,#555,.T.);
#1141=EDGE_CURVE('',#894,#894,#734,.T.);
#1142=EDGE_CURVE('',#888,#895,#556,.T.);
#1143=EDGE_CURVE('',#895,#895,#735,.T.);
#1144=ORIENTED_EDGE('',*,*,#896,.F.);
#1145=ORIENTED_EDGE('',*,*,#897,.T.);
#1146=ORIENTED_EDGE('',*,*,#898,.F.);
#1147=ORIENTED_EDGE('',*,*,#897,.F.);
#1148=ORIENTED_EDGE('',*,*,#899,.F.);
#1149=ORIENTED_EDGE('',*,*,#900,.T.);
#1150=ORIENTED_EDGE('',*,*,#901,.F.);
#1151=ORIENTED_EDGE('',*,*,#900,.F.);
#1152=ORIENTED_EDGE('',*,*,#898,.T.);
#1153=ORIENTED_EDGE('',*,*,#899,.T.);
#1154=ORIENTED_EDGE('',*,*,#902,.F.);
#1155=ORIENTED_EDGE('',*,*,#901,.T.);
#1156=ORIENTED_EDGE('',*,*,#903,.T.);
#1157=ORIENTED_EDGE('',*,*,#902,.T.);
#1158=ORIENTED_EDGE('',*,*,#903,.F.);
#1159=ORIENTED_EDGE('',*,*,#904,.F.);
#1160=ORIENTED_EDGE('',*,*,#904,.T.);
#1161=ORIENTED_EDGE('',*,*,#896,.T.);
#1162=ORIENTED_EDGE('',*,*,#905,.F.);
#1163=ORIENTED_EDGE('',*,*,#906,.T.);
#1164=ORIENTED_EDGE('',*,*,#907,.F.);
#1165=ORIENTED_EDGE('',*,*,#906,.F.);
#1166=ORIENTED_EDGE('',*,*,#908,.F.);
#1167=ORIENTED_EDGE('',*,*,#909,.T.);
#1168=ORIENTED_EDGE('',*,*,#910,.F.);
#1169=ORIENTED_EDGE('',*,*,#909,.F.);
#1170=ORIENTED_EDGE('',*,*,#907,.T.);
#1171=ORIENTED_EDGE('',*,*,#908,.T.);
#1172=ORIENTED_EDGE('',*,*,#911,.F.);
#1173=ORIENTED_EDGE('',*,*,#910,.T.);
#1174=ORIENTED_EDGE('',*,*,#912,.T.);
#1175=ORIENTED_EDGE('',*,*,#911,.T.);
#1176=ORIENTED_EDGE('',*,*,#912,.F.);
#1177=ORIENTED_EDGE('',*,*,#913,.F.);
#1178=ORIENTED_EDGE('',*,*,#913,.T.);
#1179=ORIENTED_EDGE('',*,*,#905,.T.);
#1180=ORIENTED_EDGE('',*,*,#914,.F.);
#1181=ORIENTED_EDGE('',*,*,#915,.T.);
#1182=ORIENTED_EDGE('',*,*,#916,.F.);
#1183=ORIENTED_EDGE('',*,*,#915,.F.);
#1184=ORIENTED_EDGE('',*,*,#917,.F.);
#1185=ORIENTED_EDGE('',*,*,#918,.T.);
#1186=ORIENTED_EDGE('',*,*,#919,.F.);
#1187=ORIENTED_EDGE('',*,*,#918,.F.);
#1188=ORIENTED_EDGE('',*,*,#916,.T.);
#1189=ORIENTED_EDGE('',*,*,#917,.T.);
#1190=ORIENTED_EDGE('',*,*,#920,.F.);
#1191=ORIENTED_EDGE('',*,*,#919,.T.);
#1192=ORIENTED_EDGE('',*,*,#921,.T.);
#1193=ORIENTED_EDGE('',*,*,#920,.T.);
#1194=ORIENTED_EDGE('',*,*,#921,.F.);
#1195=ORIENTED_EDGE('',*,*,#922,.F.);
#1196=ORIENTED_EDGE('',*,*,#922,.T.);
#1197=ORIENTED_EDGE('',*,*,#914,.T.);
#1198=ORIENTED_EDGE('',*,*,#923,.F.);
#1199=ORIENTED_EDGE('',*,*,#924,.T.);
#1200=ORIENTED_EDGE('',*,*,#925,.F.);
#1201=ORIENTED_EDGE('',*,*,#924,.F.);
#1202=ORIENTED_EDGE('',*,*,#926,.F.);
#1203=ORIENTED_EDGE('',*,*,#927,.T.);
#1204=ORIENTED_EDGE('',*,*,#928,.F.);
#1205=ORIENTED_EDGE('',*,*,#927,.F.);
#1206=ORIENTED_EDGE('',*,*,#925,.T.);
#1207=ORIENTED_EDGE('',*,*,#926,.T.);
#1208=ORIENTED_EDGE('',*,*,#929,.F.);
#1209=ORIENTED_EDGE('',*,*,#928,.T.);
#1210=ORIENTED_EDGE('',*,*,#930,.T.);
#1211=ORIENTED_EDGE('',*,*,#929,.T.);
#1212=ORIENTED_EDGE('',*,*,#930,.F.);
#1213=ORIENTED_EDGE('',*,*,#931,.F.);
#1214=ORIENTED_EDGE('',*,*,#931,.T.);
#1215=ORIENTED_EDGE('',*,*,#923,.T.);
#1216=ORIENTED_EDGE('',*,*,#932,.F.);
#1217=ORIENTED_EDGE('',*,*,#933,.T.);
#1218=ORIENTED_EDGE('',*,*,#934,.F.);
#1219=ORIENTED_EDGE('',*,*,#933,.F.);
#1220=ORIENTED_EDGE('',*,*,#935,.F.);
#1221=ORIENTED_EDGE('',*,*,#936,.T.);
#1222=ORIENTED_EDGE('',*,*,#937,.F.);
#1223=ORIENTED_EDGE('',*,*,#936,.F.);
#1224=ORIENTED_EDGE('',*,*,#934,.T.);
#1225=ORIENTED_EDGE('',*,*,#935,.T.);
#1226=ORIENTED_EDGE('',*,*,#938,.F.);
#1227=ORIENTED_EDGE('',*,*,#937,.T.);
#1228=ORIENTED_EDGE('',*,*,#939,.T.);
#1229=ORIENTED_EDGE('',*,*,#938,.T.);
#1230=ORIENTED_EDGE('',*,*,#939,.F.);
#1231=ORIENTED_EDGE('',*,*,#940,.F.);
#1232=ORIENTED_EDGE('',*,*,#940,.T.);
#1233=ORIENTED_EDGE('',*,*,#932,.T.);
#1234=ORIENTED_EDGE('',*,*,#941,.F.);
#1235=ORIENTED_EDGE('',*,*,#942,.T.);
#1236=ORIENTED_EDGE('',*,*,#943,.F.);
#1237=ORIENTED_EDGE('',*,*,#942,.F.);
#1238=ORIENTED_EDGE('',*,*,#941,.T.);
#1239=ORIENTED_EDGE('',*,*,#944,.T.);
#1240=ORIENTED_EDGE('',*,*,#945,.F.);
#1241=ORIENTED_EDGE('',*,*,#946,.T.);
#1242=ORIENTED_EDGE('',*,*,#944,.F.);
#1243=ORIENTED_EDGE('',*,*,#946,.F.);
#1244=ORIENTED_EDGE('',*,*,#947,.F.);
#1245=ORIENTED_EDGE('',*,*,#948,.T.);
#1246=ORIENTED_EDGE('',*,*,#949,.F.);
#1247=ORIENTED_EDGE('',*,*,#948,.F.);
#1248=ORIENTED_EDGE('',*,*,#947,.T.);
#1249=ORIENTED_EDGE('',*,*,#945,.T.);
#1250=ORIENTED_EDGE('',*,*,#950,.F.);
#1251=ORIENTED_EDGE('',*,*,#951,.T.);
#1252=ORIENTED_EDGE('',*,*,#952,.F.);
#1253=ORIENTED_EDGE('',*,*,#953,.F.);
#1254=ORIENTED_EDGE('',*,*,#954,.F.);
#1255=ORIENTED_EDGE('',*,*,#955,.F.);
#1256=ORIENTED_EDGE('',*,*,#956,.F.);
#1257=ORIENTED_EDGE('',*,*,#957,.T.);
#1258=ORIENTED_EDGE('',*,*,#958,.F.);
#1259=ORIENTED_EDGE('',*,*,#959,.F.);
#1260=ORIENTED_EDGE('',*,*,#960,.F.);
#1261=ORIENTED_EDGE('',*,*,#961,.F.);
#1262=ORIENTED_EDGE('',*,*,#962,.F.);
#1263=ORIENTED_EDGE('',*,*,#963,.T.);
#1264=ORIENTED_EDGE('',*,*,#964,.F.);
#1265=ORIENTED_EDGE('',*,*,#965,.F.);
#1266=ORIENTED_EDGE('',*,*,#966,.F.);
#1267=ORIENTED_EDGE('',*,*,#967,.F.);
#1268=ORIENTED_EDGE('',*,*,#968,.F.);
#1269=ORIENTED_EDGE('',*,*,#969,.T.);
#1270=ORIENTED_EDGE('',*,*,#970,.F.);
#1271=ORIENTED_EDGE('',*,*,#971,.F.);
#1272=ORIENTED_EDGE('',*,*,#972,.T.);
#1273=ORIENTED_EDGE('',*,*,#973,.F.);
#1274=ORIENTED_EDGE('',*,*,#974,.T.);
#1275=ORIENTED_EDGE('',*,*,#975,.F.);
#1276=ORIENTED_EDGE('',*,*,#976,.F.);
#1277=ORIENTED_EDGE('',*,*,#977,.T.);
#1278=ORIENTED_EDGE('',*,*,#978,.F.);
#1279=ORIENTED_EDGE('',*,*,#979,.F.);
#1280=ORIENTED_EDGE('',*,*,#980,.F.);
#1281=ORIENTED_EDGE('',*,*,#981,.F.);
#1282=ORIENTED_EDGE('',*,*,#949,.T.);
#1283=ORIENTED_EDGE('',*,*,#982,.T.);
#1284=ORIENTED_EDGE('',*,*,#983,.T.);
#1285=ORIENTED_EDGE('',*,*,#981,.T.);
#1286=ORIENTED_EDGE('',*,*,#984,.T.);
#1287=ORIENTED_EDGE('',*,*,#985,.T.);
#1288=ORIENTED_EDGE('',*,*,#986,.T.);
#1289=ORIENTED_EDGE('',*,*,#987,.T.);
#1290=ORIENTED_EDGE('',*,*,#988,.T.);
#1291=ORIENTED_EDGE('',*,*,#950,.T.);
#1292=ORIENTED_EDGE('',*,*,#983,.F.);
#1293=ORIENTED_EDGE('',*,*,#980,.T.);
#1294=ORIENTED_EDGE('',*,*,#989,.T.);
#1295=ORIENTED_EDGE('',*,*,#990,.T.);
#1296=ORIENTED_EDGE('',*,*,#984,.F.);
#1297=ORIENTED_EDGE('',*,*,#991,.T.);
#1298=ORIENTED_EDGE('',*,*,#992,.T.);
#1299=ORIENTED_EDGE('',*,*,#993,.T.);
#1300=ORIENTED_EDGE('',*,*,#986,.F.);
#1301=ORIENTED_EDGE('',*,*,#994,.T.);
#1302=ORIENTED_EDGE('',*,*,#995,.T.);
#1303=ORIENTED_EDGE('',*,*,#996,.T.);
#1304=ORIENTED_EDGE('',*,*,#997,.T.);
#1305=ORIENTED_EDGE('',*,*,#998,.T.);
#1306=ORIENTED_EDGE('',*,*,#999,.T.);
#1307=ORIENTED_EDGE('',*,*,#995,.F.);
#1308=ORIENTED_EDGE('',*,*,#1000,.T.);
#1309=ORIENTED_EDGE('',*,*,#1001,.T.);
#1310=ORIENTED_EDGE('',*,*,#978,.T.);
#1311=ORIENTED_EDGE('',*,*,#1002,.T.);
#1312=ORIENTED_EDGE('',*,*,#997,.F.);
#1313=ORIENTED_EDGE('',*,*,#1003,.T.);
#1314=ORIENTED_EDGE('',*,*,#992,.F.);
#1315=ORIENTED_EDGE('',*,*,#979,.T.);
#1316=ORIENTED_EDGE('',*,*,#1001,.F.);
#1317=ORIENTED_EDGE('',*,*,#1004,.T.);
#1318=ORIENTED_EDGE('',*,*,#989,.F.);
#1319=ORIENTED_EDGE('',*,*,#1004,.F.);
#1320=ORIENTED_EDGE('',*,*,#1000,.F.);
#1321=ORIENTED_EDGE('',*,*,#994,.F.);
#1322=ORIENTED_EDGE('',*,*,#1005,.T.);
#1323=ORIENTED_EDGE('',*,*,#1006,.T.);
#1324=ORIENTED_EDGE('',*,*,#990,.F.);
#1325=ORIENTED_EDGE('',*,*,#1005,.F.);
#1326=ORIENTED_EDGE('',*,*,#1002,.F.);
#1327=ORIENTED_EDGE('',*,*,#1007,.T.);
#1328=ORIENTED_EDGE('',*,*,#988,.F.);
#1329=ORIENTED_EDGE('',*,*,#1008,.F.);
#1330=ORIENTED_EDGE('',*,*,#1009,.F.);
#1331=ORIENTED_EDGE('',*,*,#951,.F.);
#1332=ORIENTED_EDGE('',*,*,#987,.F.);
#1333=ORIENTED_EDGE('',*,*,#993,.F.);
#1334=ORIENTED_EDGE('',*,*,#1003,.F.);
#1335=ORIENTED_EDGE('',*,*,#996,.F.);
#1336=ORIENTED_EDGE('',*,*,#999,.F.);
#1337=ORIENTED_EDGE('',*,*,#1010,.T.);
#1338=ORIENTED_EDGE('',*,*,#1011,.F.);
#1339=ORIENTED_EDGE('',*,*,#1012,.F.);
#1340=ORIENTED_EDGE('',*,*,#1013,.T.);
#1341=ORIENTED_EDGE('',*,*,#1014,.F.);
#1342=ORIENTED_EDGE('',*,*,#1015,.T.);
#1343=ORIENTED_EDGE('',*,*,#1016,.F.);
#1344=ORIENTED_EDGE('',*,*,#1017,.F.);
#1345=ORIENTED_EDGE('',*,*,#1018,.T.);
#1346=ORIENTED_EDGE('',*,*,#1019,.F.);
#1347=ORIENTED_EDGE('',*,*,#1020,.F.);
#1348=ORIENTED_EDGE('',*,*,#1021,.F.);
#1349=ORIENTED_EDGE('',*,*,#1022,.F.);
#1350=ORIENTED_EDGE('',*,*,#1023,.F.);
#1351=ORIENTED_EDGE('',*,*,#1024,.T.);
#1352=ORIENTED_EDGE('',*,*,#1025,.F.);
#1353=ORIENTED_EDGE('',*,*,#1026,.F.);
#1354=ORIENTED_EDGE('',*,*,#1027,.F.);
#1355=ORIENTED_EDGE('',*,*,#1028,.F.);
#1356=ORIENTED_EDGE('',*,*,#1029,.F.);
#1357=ORIENTED_EDGE('',*,*,#1030,.T.);
#1358=ORIENTED_EDGE('',*,*,#1031,.F.);
#1359=ORIENTED_EDGE('',*,*,#1032,.F.);
#1360=ORIENTED_EDGE('',*,*,#1033,.F.);
#1361=ORIENTED_EDGE('',*,*,#1034,.F.);
#1362=ORIENTED_EDGE('',*,*,#1035,.F.);
#1363=ORIENTED_EDGE('',*,*,#1008,.T.);
#1364=ORIENTED_EDGE('',*,*,#943,.T.);
#1365=ORIENTED_EDGE('',*,*,#982,.F.);
#1366=ORIENTED_EDGE('',*,*,#1007,.F.);
#1367=ORIENTED_EDGE('',*,*,#991,.F.);
#1368=ORIENTED_EDGE('',*,*,#985,.F.);
#1369=ORIENTED_EDGE('',*,*,#1036,.T.);
#1370=ORIENTED_EDGE('',*,*,#1036,.F.);
#1371=ORIENTED_EDGE('',*,*,#1037,.T.);
#1372=ORIENTED_EDGE('',*,*,#1038,.T.);
#1373=ORIENTED_EDGE('',*,*,#1037,.F.);
#1374=ORIENTED_EDGE('',*,*,#1038,.F.);
#1375=ORIENTED_EDGE('',*,*,#1006,.F.);
#1376=ORIENTED_EDGE('',*,*,#1039,.T.);
#1377=ORIENTED_EDGE('',*,*,#1040,.T.);
#1378=ORIENTED_EDGE('',*,*,#1039,.F.);
#1379=ORIENTED_EDGE('',*,*,#1040,.F.);
#1380=ORIENTED_EDGE('',*,*,#998,.F.);
#1381=ORIENTED_EDGE('',*,*,#977,.F.);
#1382=ORIENTED_EDGE('',*,*,#1041,.F.);
#1383=ORIENTED_EDGE('',*,*,#1010,.F.);
#1384=ORIENTED_EDGE('',*,*,#1042,.T.);
#1385=ORIENTED_EDGE('',*,*,#1043,.T.);
#1386=ORIENTED_EDGE('',*,*,#955,.T.);
#1387=ORIENTED_EDGE('',*,*,#1044,.T.);
#1388=ORIENTED_EDGE('',*,*,#1045,.T.);
#1389=ORIENTED_EDGE('',*,*,#1046,.T.);
#1390=ORIENTED_EDGE('',*,*,#1031,.T.);
#1391=ORIENTED_EDGE('',*,*,#1047,.T.);
#1392=ORIENTED_EDGE('',*,*,#956,.T.);
#1393=ORIENTED_EDGE('',*,*,#1043,.F.);
#1394=ORIENTED_EDGE('',*,*,#954,.T.);
#1395=ORIENTED_EDGE('',*,*,#1048,.T.);
#1396=ORIENTED_EDGE('',*,*,#1049,.T.);
#1397=ORIENTED_EDGE('',*,*,#1044,.F.);
#1398=ORIENTED_EDGE('',*,*,#1050,.T.);
#1399=ORIENTED_EDGE('',*,*,#1051,.T.);
#1400=ORIENTED_EDGE('',*,*,#1032,.T.);
#1401=ORIENTED_EDGE('',*,*,#1046,.F.);
#1402=ORIENTED_EDGE('',*,*,#1052,.T.);
#1403=ORIENTED_EDGE('',*,*,#1053,.T.);
#1404=ORIENTED_EDGE('',*,*,#1034,.T.);
#1405=ORIENTED_EDGE('',*,*,#1054,.T.);
#1406=ORIENTED_EDGE('',*,*,#1009,.T.);
#1407=ORIENTED_EDGE('',*,*,#1035,.T.);
#1408=ORIENTED_EDGE('',*,*,#1053,.F.);
#1409=ORIENTED_EDGE('',*,*,#1055,.T.);
#1410=ORIENTED_EDGE('',*,*,#1056,.T.);
#1411=ORIENTED_EDGE('',*,*,#952,.T.);
#1412=ORIENTED_EDGE('',*,*,#1057,.T.);
#1413=ORIENTED_EDGE('',*,*,#1054,.F.);
#1414=ORIENTED_EDGE('',*,*,#1033,.T.);
#1415=ORIENTED_EDGE('',*,*,#1051,.F.);
#1416=ORIENTED_EDGE('',*,*,#953,.T.);
#1417=ORIENTED_EDGE('',*,*,#1056,.F.);
#1418=ORIENTED_EDGE('',*,*,#1058,.T.);
#1419=ORIENTED_EDGE('',*,*,#1048,.F.);
#1420=ORIENTED_EDGE('',*,*,#1058,.F.);
#1421=ORIENTED_EDGE('',*,*,#1055,.F.);
#1422=ORIENTED_EDGE('',*,*,#1052,.F.);
#1423=ORIENTED_EDGE('',*,*,#1059,.T.);
#1424=ORIENTED_EDGE('',*,*,#1060,.T.);
#1425=ORIENTED_EDGE('',*,*,#1049,.F.);
#1426=ORIENTED_EDGE('',*,*,#1059,.F.);
#1427=ORIENTED_EDGE('',*,*,#1057,.F.);
#1428=ORIENTED_EDGE('',*,*,#1061,.T.);
#1429=ORIENTED_EDGE('',*,*,#1047,.F.);
#1430=ORIENTED_EDGE('',*,*,#1030,.F.);
#1431=ORIENTED_EDGE('',*,*,#1062,.F.);
#1432=ORIENTED_EDGE('',*,*,#957,.F.);
#1433=ORIENTED_EDGE('',*,*,#1042,.F.);
#1434=ORIENTED_EDGE('',*,*,#1061,.F.);
#1435=ORIENTED_EDGE('',*,*,#1050,.F.);
#1436=ORIENTED_EDGE('',*,*,#1045,.F.);
#1437=ORIENTED_EDGE('',*,*,#1063,.T.);
#1438=ORIENTED_EDGE('',*,*,#1063,.F.);
#1439=ORIENTED_EDGE('',*,*,#1064,.T.);
#1440=ORIENTED_EDGE('',*,*,#1065,.T.);
#1441=ORIENTED_EDGE('',*,*,#1064,.F.);
#1442=ORIENTED_EDGE('',*,*,#1065,.F.);
#1443=ORIENTED_EDGE('',*,*,#1060,.F.);
#1444=ORIENTED_EDGE('',*,*,#1066,.T.);
#1445=ORIENTED_EDGE('',*,*,#1067,.T.);
#1446=ORIENTED_EDGE('',*,*,#1066,.F.);
#1447=ORIENTED_EDGE('',*,*,#1067,.F.);
#1448=ORIENTED_EDGE('',*,*,#1068,.T.);
#1449=ORIENTED_EDGE('',*,*,#1069,.T.);
#1450=ORIENTED_EDGE('',*,*,#961,.T.);
#1451=ORIENTED_EDGE('',*,*,#1070,.T.);
#1452=ORIENTED_EDGE('',*,*,#1071,.T.);
#1453=ORIENTED_EDGE('',*,*,#1072,.T.);
#1454=ORIENTED_EDGE('',*,*,#1025,.T.);
#1455=ORIENTED_EDGE('',*,*,#1073,.T.);
#1456=ORIENTED_EDGE('',*,*,#962,.T.);
#1457=ORIENTED_EDGE('',*,*,#1069,.F.);
#1458=ORIENTED_EDGE('',*,*,#960,.T.);
#1459=ORIENTED_EDGE('',*,*,#1074,.T.);
#1460=ORIENTED_EDGE('',*,*,#1075,.T.);
#1461=ORIENTED_EDGE('',*,*,#1070,.F.);
#1462=ORIENTED_EDGE('',*,*,#1076,.T.);
#1463=ORIENTED_EDGE('',*,*,#1077,.T.);
#1464=ORIENTED_EDGE('',*,*,#1026,.T.);
#1465=ORIENTED_EDGE('',*,*,#1072,.F.);
#1466=ORIENTED_EDGE('',*,*,#1078,.T.);
#1467=ORIENTED_EDGE('',*,*,#1079,.T.);
#1468=ORIENTED_EDGE('',*,*,#1028,.T.);
#1469=ORIENTED_EDGE('',*,*,#1080,.T.);
#1470=ORIENTED_EDGE('',*,*,#1062,.T.);
#1471=ORIENTED_EDGE('',*,*,#1029,.T.);
#1472=ORIENTED_EDGE('',*,*,#1079,.F.);
#1473=ORIENTED_EDGE('',*,*,#1081,.T.);
#1474=ORIENTED_EDGE('',*,*,#1082,.T.);
#1475=ORIENTED_EDGE('',*,*,#958,.T.);
#1476=ORIENTED_EDGE('',*,*,#1083,.T.);
#1477=ORIENTED_EDGE('',*,*,#1080,.F.);
#1478=ORIENTED_EDGE('',*,*,#1027,.T.);
#1479=ORIENTED_EDGE('',*,*,#1077,.F.);
#1480=ORIENTED_EDGE('',*,*,#959,.T.);
#1481=ORIENTED_EDGE('',*,*,#1082,.F.);
#1482=ORIENTED_EDGE('',*,*,#1084,.T.);
#1483=ORIENTED_EDGE('',*,*,#1074,.F.);
#1484=ORIENTED_EDGE('',*,*,#1084,.F.);
#1485=ORIENTED_EDGE('',*,*,#1081,.F.);
#1486=ORIENTED_EDGE('',*,*,#1078,.F.);
#1487=ORIENTED_EDGE('',*,*,#1085,.T.);
#1488=ORIENTED_EDGE('',*,*,#1086,.T.);
#1489=ORIENTED_EDGE('',*,*,#1075,.F.);
#1490=ORIENTED_EDGE('',*,*,#1085,.F.);
#1491=ORIENTED_EDGE('',*,*,#1083,.F.);
#1492=ORIENTED_EDGE('',*,*,#1087,.T.);
#1493=ORIENTED_EDGE('',*,*,#1073,.F.);
#1494=ORIENTED_EDGE('',*,*,#1024,.F.);
#1495=ORIENTED_EDGE('',*,*,#1088,.F.);
#1496=ORIENTED_EDGE('',*,*,#963,.F.);
#1497=ORIENTED_EDGE('',*,*,#1068,.F.);
#1498=ORIENTED_EDGE('',*,*,#1087,.F.);
#1499=ORIENTED_EDGE('',*,*,#1076,.F.);
#1500=ORIENTED_EDGE('',*,*,#1071,.F.);
#1501=ORIENTED_EDGE('',*,*,#1089,.T.);
#1502=ORIENTED_EDGE('',*,*,#1089,.F.);
#1503=ORIENTED_EDGE('',*,*,#1090,.T.);
#1504=ORIENTED_EDGE('',*,*,#1091,.T.);
#1505=ORIENTED_EDGE('',*,*,#1090,.F.);
#1506=ORIENTED_EDGE('',*,*,#1091,.F.);
#1507=ORIENTED_EDGE('',*,*,#1086,.F.);
#1508=ORIENTED_EDGE('',*,*,#1092,.T.);
#1509=ORIENTED_EDGE('',*,*,#1093,.T.);
#1510=ORIENTED_EDGE('',*,*,#1092,.F.);
#1511=ORIENTED_EDGE('',*,*,#1093,.F.);
#1512=ORIENTED_EDGE('',*,*,#1094,.T.);
#1513=ORIENTED_EDGE('',*,*,#1095,.T.);
#1514=ORIENTED_EDGE('',*,*,#967,.T.);
#1515=ORIENTED_EDGE('',*,*,#1096,.T.);
#1516=ORIENTED_EDGE('',*,*,#1097,.T.);
#1517=ORIENTED_EDGE('',*,*,#1098,.T.);
#1518=ORIENTED_EDGE('',*,*,#1019,.T.);
#1519=ORIENTED_EDGE('',*,*,#1099,.T.);
#1520=ORIENTED_EDGE('',*,*,#968,.T.);
#1521=ORIENTED_EDGE('',*,*,#1095,.F.);
#1522=ORIENTED_EDGE('',*,*,#966,.T.);
#1523=ORIENTED_EDGE('',*,*,#1100,.T.);
#1524=ORIENTED_EDGE('',*,*,#1101,.T.);
#1525=ORIENTED_EDGE('',*,*,#1096,.F.);
#1526=ORIENTED_EDGE('',*,*,#1102,.T.);
#1527=ORIENTED_EDGE('',*,*,#1103,.T.);
#1528=ORIENTED_EDGE('',*,*,#1020,.T.);
#1529=ORIENTED_EDGE('',*,*,#1098,.F.);
#1530=ORIENTED_EDGE('',*,*,#1104,.T.);
#1531=ORIENTED_EDGE('',*,*,#1105,.T.);
#1532=ORIENTED_EDGE('',*,*,#1022,.T.);
#1533=ORIENTED_EDGE('',*,*,#1106,.T.);
#1534=ORIENTED_EDGE('',*,*,#1088,.T.);
#1535=ORIENTED_EDGE('',*,*,#1023,.T.);
#1536=ORIENTED_EDGE('',*,*,#1105,.F.);
#1537=ORIENTED_EDGE('',*,*,#1107,.T.);
#1538=ORIENTED_EDGE('',*,*,#1108,.T.);
#1539=ORIENTED_EDGE('',*,*,#964,.T.);
#1540=ORIENTED_EDGE('',*,*,#1109,.T.);
#1541=ORIENTED_EDGE('',*,*,#1106,.F.);
#1542=ORIENTED_EDGE('',*,*,#1021,.T.);
#1543=ORIENTED_EDGE('',*,*,#1103,.F.);
#1544=ORIENTED_EDGE('',*,*,#965,.T.);
#1545=ORIENTED_EDGE('',*,*,#1108,.F.);
#1546=ORIENTED_EDGE('',*,*,#1110,.T.);
#1547=ORIENTED_EDGE('',*,*,#1100,.F.);
#1548=ORIENTED_EDGE('',*,*,#1110,.F.);
#1549=ORIENTED_EDGE('',*,*,#1107,.F.);
#1550=ORIENTED_EDGE('',*,*,#1104,.F.);
#1551=ORIENTED_EDGE('',*,*,#1111,.T.);
#1552=ORIENTED_EDGE('',*,*,#1112,.T.);
#1553=ORIENTED_EDGE('',*,*,#1101,.F.);
#1554=ORIENTED_EDGE('',*,*,#1111,.F.);
#1555=ORIENTED_EDGE('',*,*,#1109,.F.);
#1556=ORIENTED_EDGE('',*,*,#1113,.T.);
#1557=ORIENTED_EDGE('',*,*,#1099,.F.);
#1558=ORIENTED_EDGE('',*,*,#1018,.F.);
#1559=ORIENTED_EDGE('',*,*,#1114,.F.);
#1560=ORIENTED_EDGE('',*,*,#969,.F.);
#1561=ORIENTED_EDGE('',*,*,#1094,.F.);
#1562=ORIENTED_EDGE('',*,*,#1113,.F.);
#1563=ORIENTED_EDGE('',*,*,#1102,.F.);
#1564=ORIENTED_EDGE('',*,*,#1097,.F.);
#1565=ORIENTED_EDGE('',*,*,#1115,.T.);
#1566=ORIENTED_EDGE('',*,*,#1115,.F.);
#1567=ORIENTED_EDGE('',*,*,#1116,.T.);
#1568=ORIENTED_EDGE('',*,*,#1117,.T.);
#1569=ORIENTED_EDGE('',*,*,#1116,.F.);
#1570=ORIENTED_EDGE('',*,*,#1117,.F.);
#1571=ORIENTED_EDGE('',*,*,#1112,.F.);
#1572=ORIENTED_EDGE('',*,*,#1118,.T.);
#1573=ORIENTED_EDGE('',*,*,#1119,.T.);
#1574=ORIENTED_EDGE('',*,*,#1118,.F.);
#1575=ORIENTED_EDGE('',*,*,#1119,.F.);
#1576=ORIENTED_EDGE('',*,*,#1120,.T.);
#1577=ORIENTED_EDGE('',*,*,#1016,.T.);
#1578=ORIENTED_EDGE('',*,*,#1121,.T.);
#1579=ORIENTED_EDGE('',*,*,#1122,.T.);
#1580=ORIENTED_EDGE('',*,*,#1122,.F.);
#1581=ORIENTED_EDGE('',*,*,#1123,.T.);
#1582=ORIENTED_EDGE('',*,*,#1124,.F.);
#1583=ORIENTED_EDGE('',*,*,#1125,.F.);
#1584=ORIENTED_EDGE('',*,*,#1126,.T.);
#1585=ORIENTED_EDGE('',*,*,#1127,.T.);
#1586=ORIENTED_EDGE('',*,*,#1128,.T.);
#1587=ORIENTED_EDGE('',*,*,#1129,.T.);
#1588=ORIENTED_EDGE('',*,*,#1012,.T.);
#1589=ORIENTED_EDGE('',*,*,#1130,.T.);
#1590=ORIENTED_EDGE('',*,*,#975,.T.);
#1591=ORIENTED_EDGE('',*,*,#1131,.T.);
#1592=ORIENTED_EDGE('',*,*,#1132,.T.);
#1593=ORIENTED_EDGE('',*,*,#1128,.F.);
#1594=ORIENTED_EDGE('',*,*,#1133,.F.);
#1595=ORIENTED_EDGE('',*,*,#1132,.F.);
#1596=ORIENTED_EDGE('',*,*,#1134,.F.);
#1597=ORIENTED_EDGE('',*,*,#1135,.T.);
#1598=ORIENTED_EDGE('',*,*,#1136,.T.);
#1599=ORIENTED_EDGE('',*,*,#1124,.T.);
#1600=ORIENTED_EDGE('',*,*,#1137,.T.);
#1601=ORIENTED_EDGE('',*,*,#971,.T.);
#1602=ORIENTED_EDGE('',*,*,#1120,.F.);
#1603=ORIENTED_EDGE('',*,*,#1125,.T.);
#1604=ORIENTED_EDGE('',*,*,#1136,.F.);
#1605=ORIENTED_EDGE('',*,*,#970,.T.);
#1606=ORIENTED_EDGE('',*,*,#1114,.T.);
#1607=ORIENTED_EDGE('',*,*,#1017,.T.);
#1608=ORIENTED_EDGE('',*,*,#1127,.F.);
#1609=ORIENTED_EDGE('',*,*,#1011,.T.);
#1610=ORIENTED_EDGE('',*,*,#1041,.T.);
#1611=ORIENTED_EDGE('',*,*,#976,.T.);
#1612=ORIENTED_EDGE('',*,*,#1130,.F.);
#1613=ORIENTED_EDGE('',*,*,#1133,.T.);
#1614=ORIENTED_EDGE('',*,*,#1138,.T.);
#1615=ORIENTED_EDGE('',*,*,#1121,.F.);
#1616=ORIENTED_EDGE('',*,*,#1015,.F.);
#1617=ORIENTED_EDGE('',*,*,#1014,.T.);
#1618=ORIENTED_EDGE('',*,*,#1013,.F.);
#1619=ORIENTED_EDGE('',*,*,#1129,.F.);
#1620=ORIENTED_EDGE('',*,*,#1138,.F.);
#1621=ORIENTED_EDGE('',*,*,#1134,.T.);
#1622=ORIENTED_EDGE('',*,*,#1139,.F.);
#1623=ORIENTED_EDGE('',*,*,#1123,.F.);
#1624=ORIENTED_EDGE('',*,*,#1139,.T.);
#1625=ORIENTED_EDGE('',*,*,#1131,.F.);
#1626=ORIENTED_EDGE('',*,*,#974,.F.);
#1627=ORIENTED_EDGE('',*,*,#973,.T.);
#1628=ORIENTED_EDGE('',*,*,#972,.F.);
#1629=ORIENTED_EDGE('',*,*,#1137,.F.);
#1630=ORIENTED_EDGE('',*,*,#1135,.F.);
#1631=ORIENTED_EDGE('',*,*,#1140,.T.);
#1632=ORIENTED_EDGE('',*,*,#1141,.T.);
#1633=ORIENTED_EDGE('',*,*,#1140,.F.);
#1634=ORIENTED_EDGE('',*,*,#1141,.F.);
#1635=ORIENTED_EDGE('',*,*,#1126,.F.);
#1636=ORIENTED_EDGE('',*,*,#1142,.T.);
#1637=ORIENTED_EDGE('',*,*,#1143,.T.);
#1638=ORIENTED_EDGE('',*,*,#1142,.F.);
#1639=ORIENTED_EDGE('',*,*,#1143,.F.);
#1640=CYLINDRICAL_SURFACE('',#1841,1.5);
#1641=CYLINDRICAL_SURFACE('',#1844,1.5);
#1642=CYLINDRICAL_SURFACE('',#1853,1.5);
#1643=CYLINDRICAL_SURFACE('',#1856,1.5);
#1644=CYLINDRICAL_SURFACE('',#1865,1.5);
#1645=CYLINDRICAL_SURFACE('',#1868,1.5);
#1646=CYLINDRICAL_SURFACE('',#1877,1.5);
#1647=CYLINDRICAL_SURFACE('',#1880,1.5);
#1648=CYLINDRICAL_SURFACE('',#1889,1.5);
#1649=CYLINDRICAL_SURFACE('',#1892,1.5);
#1650=CYLINDRICAL_SURFACE('',#1901,8.);
#1651=CYLINDRICAL_SURFACE('',#1906,7.5);
#1652=CYLINDRICAL_SURFACE('',#1908,8.);
#1653=CYLINDRICAL_SURFACE('',#1928,1.);
#1654=CYLINDRICAL_SURFACE('',#1929,2.);
#1655=CYLINDRICAL_SURFACE('',#1931,1.);
#1656=CYLINDRICAL_SURFACE('',#1932,1.);
#1657=CYLINDRICAL_SURFACE('',#1933,2.);
#1658=CYLINDRICAL_SURFACE('',#1935,1.);
#1659=CYLINDRICAL_SURFACE('',#1938,29.);
#1660=CYLINDRICAL_SURFACE('',#1955,1.75);
#1661=CYLINDRICAL_SURFACE('',#1958,1.75);
#1662=CYLINDRICAL_SURFACE('',#1961,29.);
#1663=CYLINDRICAL_SURFACE('',#1962,1.);
#1664=CYLINDRICAL_SURFACE('',#1963,2.);
#1665=CYLINDRICAL_SURFACE('',#1964,1.);
#1666=CYLINDRICAL_SURFACE('',#1965,1.);
#1667=CYLINDRICAL_SURFACE('',#1966,2.);
#1668=CYLINDRICAL_SURFACE('',#1967,1.);
#1669=CYLINDRICAL_SURFACE('',#1970,29.);
#1670=CYLINDRICAL_SURFACE('',#1973,1.75);
#1671=CYLINDRICAL_SURFACE('',#1976,1.75);
#1672=CYLINDRICAL_SURFACE('',#1979,1.);
#1673=CYLINDRICAL_SURFACE('',#1980,2.);
#1674=CYLINDRICAL_SURFACE('',#1981,1.);
#1675=CYLINDRICAL_SURFACE('',#1982,1.);
#1676=CYLINDRICAL_SURFACE('',#1983,2.);
#1677=CYLINDRICAL_SURFACE('',#1984,1.);
#1678=CYLINDRICAL_SURFACE('',#1987,29.);
#1679=CYLINDRICAL_SURFACE('',#1990,1.75);
#1680=CYLINDRICAL_SURFACE('',#1993,1.75);
#1681=CYLINDRICAL_SURFACE('',#1996,1.);
#1682=CYLINDRICAL_SURFACE('',#1997,2.);
#1683=CYLINDRICAL_SURFACE('',#1998,1.);
#1684=CYLINDRICAL_SURFACE('',#1999,1.);
#1685=CYLINDRICAL_SURFACE('',#2000,2.);
#1686=CYLINDRICAL_SURFACE('',#2001,1.);
#1687=CYLINDRICAL_SURFACE('',#2004,29.);
#1688=CYLINDRICAL_SURFACE('',#2007,1.75);
#1689=CYLINDRICAL_SURFACE('',#2010,1.75);
#1690=CYLINDRICAL_SURFACE('',#2013,1.);
#1691=CYLINDRICAL_SURFACE('',#2016,1.);
#1692=CYLINDRICAL_SURFACE('',#2017,1.);
#1693=CYLINDRICAL_SURFACE('',#2020,1.);
#1694=CYLINDRICAL_SURFACE('',#2021,2.);
#1695=CYLINDRICAL_SURFACE('',#2022,2.);
#1696=CYLINDRICAL_SURFACE('',#2023,1.75);
#1697=CYLINDRICAL_SURFACE('',#2026,1.75);
#1698=ADVANCED_FACE('',(#196),#1640,.T.);
#1699=ADVANCED_FACE('',(#197),#1641,.T.);
#1700=ADVANCED_FACE('',(#198),#152,.F.);
#1701=ADVANCED_FACE('',(#199),#153,.T.);
#1702=ADVANCED_FACE('',(#200,#128),#154,.T.);
#1703=ADVANCED_FACE('',(#201),#118,.T.);
#1704=ADVANCED_FACE('',(#202,#129),#155,.T.);
#1705=ADVANCED_FACE('',(#203),#1642,.T.);
#1706=ADVANCED_FACE('',(#204),#1643,.T.);
#1707=ADVANCED_FACE('',(#205),#156,.F.);
#1708=ADVANCED_FACE('',(#206),#157,.T.);
#1709=ADVANCED_FACE('',(#207,#130),#158,.T.);
#1710=ADVANCED_FACE('',(#208),#119,.T.);
#1711=ADVANCED_FACE('',(#209,#131),#159,.T.);
#1712=ADVANCED_FACE('',(#210),#1644,.T.);
#1713=ADVANCED_FACE('',(#211),#1645,.T.);
#1714=ADVANCED_FACE('',(#212),#160,.F.);
#1715=ADVANCED_FACE('',(#213),#161,.T.);
#1716=ADVANCED_FACE('',(#214,#132),#162,.T.);
#1717=ADVANCED_FACE('',(#215),#120,.T.);
#1718=ADVANCED_FACE('',(#216,#133),#163,.T.);
#1719=ADVANCED_FACE('',(#217),#1646,.T.);
#1720=ADVANCED_FACE('',(#218),#1647,.T.);
#1721=ADVANCED_FACE('',(#219),#164,.F.);
#1722=ADVANCED_FACE('',(#220),#165,.T.);
#1723=ADVANCED_FACE('',(#221,#134),#166,.T.);
#1724=ADVANCED_FACE('',(#222),#121,.T.);
#1725=ADVANCED_FACE('',(#223,#135),#167,.T.);
#1726=ADVANCED_FACE('',(#224),#1648,.T.);
#1727=ADVANCED_FACE('',(#225),#1649,.T.);
#1728=ADVANCED_FACE('',(#226),#168,.F.);
#1729=ADVANCED_FACE('',(#227),#169,.T.);
#1730=ADVANCED_FACE('',(#228,#136),#170,.T.);
#1731=ADVANCED_FACE('',(#229),#122,.T.);
#1732=ADVANCED_FACE('',(#230,#137),#171,.T.);
#1733=ADVANCED_FACE('',(#231),#1650,.T.);
#1734=ADVANCED_FACE('',(#232,#138),#172,.T.);
#1735=ADVANCED_FACE('',(#233),#1651,.F.);
#1736=ADVANCED_FACE('',(#234),#1652,.T.);
#1737=ADVANCED_FACE('',(#235,#139),#173,.T.);
#1738=ADVANCED_FACE('',(#236,#140),#174,.F.);
#1739=ADVANCED_FACE('',(#237),#1653,.T.);
#1740=ADVANCED_FACE('',(#238),#1654,.T.);
#1741=ADVANCED_FACE('',(#239),#23,.F.);
#1742=ADVANCED_FACE('',(#240),#1655,.T.);
#1743=ADVANCED_FACE('',(#241),#1656,.T.);
#1744=ADVANCED_FACE('',(#242),#1657,.T.);
#1745=ADVANCED_FACE('',(#243),#24,.F.);
#1746=ADVANCED_FACE('',(#244),#1658,.T.);
#1747=ADVANCED_FACE('',(#245,#141),#175,.T.);
#1748=ADVANCED_FACE('',(#246),#123,.T.);
#1749=ADVANCED_FACE('',(#247),#1659,.T.);
#1750=ADVANCED_FACE('',(#248,#142),#176,.T.);
#1751=ADVANCED_FACE('',(#249,#143),#177,.T.);
#1752=ADVANCED_FACE('',(#250),#1660,.F.);
#1753=ADVANCED_FACE('',(#251),#178,.F.);
#1754=ADVANCED_FACE('',(#252),#1661,.F.);
#1755=ADVANCED_FACE('',(#253),#179,.F.);
#1756=ADVANCED_FACE('',(#254),#1662,.T.);
#1757=ADVANCED_FACE('',(#255),#1663,.T.);
#1758=ADVANCED_FACE('',(#256),#1664,.T.);
#1759=ADVANCED_FACE('',(#257),#25,.F.);
#1760=ADVANCED_FACE('',(#258),#1665,.T.);
#1761=ADVANCED_FACE('',(#259),#1666,.T.);
#1762=ADVANCED_FACE('',(#260),#1667,.T.);
#1763=ADVANCED_FACE('',(#261),#26,.F.);
#1764=ADVANCED_FACE('',(#262),#1668,.T.);
#1765=ADVANCED_FACE('',(#263,#144),#180,.T.);
#1766=ADVANCED_FACE('',(#264),#124,.T.);
#1767=ADVANCED_FACE('',(#265),#1669,.T.);
#1768=ADVANCED_FACE('',(#266,#145),#181,.T.);
#1769=ADVANCED_FACE('',(#267),#1670,.F.);
#1770=ADVANCED_FACE('',(#268),#182,.F.);
#1771=ADVANCED_FACE('',(#269),#1671,.F.);
#1772=ADVANCED_FACE('',(#270),#183,.F.);
#1773=ADVANCED_FACE('',(#271),#1672,.T.);
#1774=ADVANCED_FACE('',(#272),#1673,.T.);
#1775=ADVANCED_FACE('',(#273),#27,.F.);
#1776=ADVANCED_FACE('',(#274),#1674,.T.);
#1777=ADVANCED_FACE('',(#275),#1675,.T.);
#1778=ADVANCED_FACE('',(#276),#1676,.T.);
#1779=ADVANCED_FACE('',(#277),#28,.F.);
#1780=ADVANCED_FACE('',(#278),#1677,.T.);
#1781=ADVANCED_FACE('',(#279,#146),#184,.T.);
#1782=ADVANCED_FACE('',(#280),#125,.T.);
#1783=ADVANCED_FACE('',(#281),#1678,.T.);
#1784=ADVANCED_FACE('',(#282,#147),#185,.T.);
#1785=ADVANCED_FACE('',(#283),#1679,.F.);
#1786=ADVANCED_FACE('',(#284),#186,.F.);
#1787=ADVANCED_FACE('',(#285),#1680,.F.);
#1788=ADVANCED_FACE('',(#286),#187,.F.);
#1789=ADVANCED_FACE('',(#287),#1681,.T.);
#1790=ADVANCED_FACE('',(#288),#1682,.T.);
#1791=ADVANCED_FACE('',(#289),#29,.F.);
#1792=ADVANCED_FACE('',(#290),#1683,.T.);
#1793=ADVANCED_FACE('',(#291),#1684,.T.);
#1794=ADVANCED_FACE('',(#292),#1685,.T.);
#1795=ADVANCED_FACE('',(#293),#30,.F.);
#1796=ADVANCED_FACE('',(#294),#1686,.T.);
#1797=ADVANCED_FACE('',(#295,#148),#188,.T.);
#1798=ADVANCED_FACE('',(#296),#126,.T.);
#1799=ADVANCED_FACE('',(#297),#1687,.T.);
#1800=ADVANCED_FACE('',(#298,#149),#189,.T.);
#1801=ADVANCED_FACE('',(#299),#1688,.F.);
#1802=ADVANCED_FACE('',(#300),#190,.F.);
#1803=ADVANCED_FACE('',(#301),#1689,.F.);
#1804=ADVANCED_FACE('',(#302),#191,.F.);
#1805=ADVANCED_FACE('',(#303),#1690,.T.);
#1806=ADVANCED_FACE('',(#304,#150),#192,.T.);
#1807=ADVANCED_FACE('',(#305),#1691,.T.);
#1808=ADVANCED_FACE('',(#306),#1692,.T.);
#1809=ADVANCED_FACE('',(#307,#151),#193,.T.);
#1810=ADVANCED_FACE('',(#308),#1693,.T.);
#1811=ADVANCED_FACE('',(#309),#1694,.T.);
#1812=ADVANCED_FACE('',(#310),#1695,.T.);
#1813=ADVANCED_FACE('',(#311),#31,.F.);
#1814=ADVANCED_FACE('',(#312),#127,.T.);
#1815=ADVANCED_FACE('',(#313),#32,.F.);
#1816=ADVANCED_FACE('',(#314),#1696,.F.);
#1817=ADVANCED_FACE('',(#315),#194,.F.);
#1818=ADVANCED_FACE('',(#316),#1697,.F.);
#1819=ADVANCED_FACE('',(#317),#195,.F.);
#1820=CLOSED_SHELL('',(#1698,#1699,#1700,#1701,#1702,#1703,#1704));
#1821=CLOSED_SHELL('',(#1705,#1706,#1707,#1708,#1709,#1710,#1711));
#1822=CLOSED_SHELL('',(#1712,#1713,#1714,#1715,#1716,#1717,#1718));
#1823=CLOSED_SHELL('',(#1719,#1720,#1721,#1722,#1723,#1724,#1725));
#1824=CLOSED_SHELL('',(#1726,#1727,#1728,#1729,#1730,#1731,#1732));
#1825=CLOSED_SHELL('',(#1733,#1734,#1735,#1736,#1737,#1738,#1739,#1740,
#1741,#1742,#1743,#1744,#1745,#1746,#1747,#1748,#1749,#1750,#1751,#1752,
#1753,#1754,#1755,#1756,#1757,#1758,#1759,#1760,#1761,#1762,#1763,#1764,
#1765,#1766,#1767,#1768,#1769,#1770,#1771,#1772,#1773,#1774,#1775,#1776,
#1777,#1778,#1779,#1780,#1781,#1782,#1783,#1784,#1785,#1786,#1787,#1788,
#1789,#1790,#1791,#1792,#1793,#1794,#1795,#1796,#1797,#1798,#1799,#1800,
#1801,#1802,#1803,#1804,#1805,#1806,#1807,#1808,#1809,#1810,#1811,#1812,
#1813,#1814,#1815,#1816,#1817,#1818,#1819));
#1826=DERIVED_UNIT_ELEMENT(#1828,1.);
#1827=DERIVED_UNIT_ELEMENT(#5255,-3.);
#1828=(
MASS_UNIT()
NAMED_UNIT(*)
SI_UNIT(.KILO.,.GRAM.)
);
#1829=DERIVED_UNIT((#1826,#1827));
#1830=MEASURE_REPRESENTATION_ITEM('density measure',
POSITIVE_RATIO_MEASURE(7850.),#1829);
#1831=PROPERTY_DEFINITION_REPRESENTATION(#1836,#1833);
#1832=PROPERTY_DEFINITION_REPRESENTATION(#1837,#1834);
#1833=REPRESENTATION('material name',(#1835),#5252);
#1834=REPRESENTATION('density',(#1830),#5252);
#1835=DESCRIPTIVE_REPRESENTATION_ITEM('Steel','Steel');
#1836=PROPERTY_DEFINITION('material property','material name',#5273);
#1837=PROPERTY_DEFINITION('material property','density of part',#5273);
#1838=AXIS2_PLACEMENT_3D('',#2513,#2032,#2033);
#1839=AXIS2_PLACEMENT_3D('',#2514,#2034,#2035);
#1840=AXIS2_PLACEMENT_3D('',#2515,#2036,#2037);
#1841=AXIS2_PLACEMENT_3D('',#2516,#2038,#2039);
#1842=AXIS2_PLACEMENT_3D('',#2518,#2040,#2041);
#1843=AXIS2_PLACEMENT_3D('',#2521,#2043,#2044);
#1844=AXIS2_PLACEMENT_3D('',#2522,#2045,#2046);
#1845=AXIS2_PLACEMENT_3D('',#2524,#2047,#2048);
#1846=AXIS2_PLACEMENT_3D('',#2527,#2050,#2051);
#1847=AXIS2_PLACEMENT_3D('',#2528,#2052,#2053);
#1848=AXIS2_PLACEMENT_3D('',#2529,#2054,#2055);
#1849=AXIS2_PLACEMENT_3D('',#2530,#2056,#2057);
#1850=AXIS2_PLACEMENT_3D('',#2532,#2058,#2059);
#1851=AXIS2_PLACEMENT_3D('',#2684,#2060,#2061);
#1852=AXIS2_PLACEMENT_3D('',#2685,#2062,#2063);
#1853=AXIS2_PLACEMENT_3D('',#2686,#2064,#2065);
#1854=AXIS2_PLACEMENT_3D('',#2688,#2066,#2067);
#1855=AXIS2_PLACEMENT_3D('',#2691,#2069,#2070);
#1856=AXIS2_PLACEMENT_3D('',#2692,#2071,#2072);
#1857=AXIS2_PLACEMENT_3D('',#2694,#2073,#2074);
#1858=AXIS2_PLACEMENT_3D('',#2697,#2076,#2077);
#1859=AXIS2_PLACEMENT_3D('',#2698,#2078,#2079);
#1860=AXIS2_PLACEMENT_3D('',#2699,#2080,#2081);
#1861=AXIS2_PLACEMENT_3D('',#2700,#2082,#2083);
#1862=AXIS2_PLACEMENT_3D('',#2702,#2084,#2085);
#1863=AXIS2_PLACEMENT_3D('',#2854,#2086,#2087);
#1864=AXIS2_PLACEMENT_3D('',#2855,#2088,#2089);
#1865=AXIS2_PLACEMENT_3D('',#2856,#2090,#2091);
#1866=AXIS2_PLACEMENT_3D('',#2858,#2092,#2093);
#1867=AXIS2_PLACEMENT_3D('',#2861,#2095,#2096);
#1868=AXIS2_PLACEMENT_3D('',#2862,#2097,#2098);
#1869=AXIS2_PLACEMENT_3D('',#2864,#2099,#2100);
#1870=AXIS2_PLACEMENT_3D('',#2867,#2102,#2103);
#1871=AXIS2_PLACEMENT_3D('',#2868,#2104,#2105);
#1872=AXIS2_PLACEMENT_3D('',#2869,#2106,#2107);
#1873=AXIS2_PLACEMENT_3D('',#2870,#2108,#2109);
#1874=AXIS2_PLACEMENT_3D('',#2872,#2110,#2111);
#1875=AXIS2_PLACEMENT_3D('',#3024,#2112,#2113);
#1876=AXIS2_PLACEMENT_3D('',#3025,#2114,#2115);
#1877=AXIS2_PLACEMENT_3D('',#3026,#2116,#2117);
#1878=AXIS2_PLACEMENT_3D('',#3028,#2118,#2119);
#1879=AXIS2_PLACEMENT_3D('',#3031,#2121,#2122);
#1880=AXIS2_PLACEMENT_3D('',#3032,#2123,#2124);
#1881=AXIS2_PLACEMENT_3D('',#3034,#2125,#2126);
#1882=AXIS2_PLACEMENT_3D('',#3037,#2128,#2129);
#1883=AXIS2_PLACEMENT_3D('',#3038,#2130,#2131);
#1884=AXIS2_PLACEMENT_3D('',#3039,#2132,#2133);
#1885=AXIS2_PLACEMENT_3D('',#3040,#2134,#2135);
#1886=AXIS2_PLACEMENT_3D('',#3042,#2136,#2137);
#1887=AXIS2_PLACEMENT_3D('',#3194,#2138,#2139);
#1888=AXIS2_PLACEMENT_3D('',#3195,#2140,#2141);
#1889=AXIS2_PLACEMENT_3D('',#3196,#2142,#2143);
#1890=AXIS2_PLACEMENT_3D('',#3198,#2144,#2145);
#1891=AXIS2_PLACEMENT_3D('',#3201,#2147,#2148);
#1892=AXIS2_PLACEMENT_3D('',#3202,#2149,#2150);
#1893=AXIS2_PLACEMENT_3D('',#3204,#2151,#2152);
#1894=AXIS2_PLACEMENT_3D('',#3207,#2154,#2155);
#1895=AXIS2_PLACEMENT_3D('',#3208,#2156,#2157);
#1896=AXIS2_PLACEMENT_3D('',#3209,#2158,#2159);
#1897=AXIS2_PLACEMENT_3D('',#3210,#2160,#2161);
#1898=AXIS2_PLACEMENT_3D('',#3212,#2162,#2163);
#1899=AXIS2_PLACEMENT_3D('',#3364,#2164,#2165);
#1900=AXIS2_PLACEMENT_3D('',#3365,#2166,#2167);
#1901=AXIS2_PLACEMENT_3D('',#3366,#2168,#2169);
#1902=AXIS2_PLACEMENT_3D('',#3368,#2170,#2171);
#1903=AXIS2_PLACEMENT_3D('',#3371,#2173,#2174);
#1904=AXIS2_PLACEMENT_3D('',#3372,#2175,#2176);
#1905=AXIS2_PLACEMENT_3D('',#3374,#2177,#2178);
#1906=AXIS2_PLACEMENT_3D('',#3375,#2179,#2180);
#1907=AXIS2_PLACEMENT_3D('',#3377,#2181,#2182);
#1908=AXIS2_PLACEMENT_3D('',#3379,#2184,#2185);
#1909=AXIS2_PLACEMENT_3D('',#3381,#2186,#2187);
#1910=AXIS2_PLACEMENT_3D('',#3384,#2189,#2190);
#1911=AXIS2_PLACEMENT_3D('',#3385,#2191,#2192);
#1912=AXIS2_PLACEMENT_3D('',#3386,#2193,#2194);
#1913=AXIS2_PLACEMENT_3D('',#3389,#2195,#2196);
#1914=AXIS2_PLACEMENT_3D('',#3391,#2197,#2198);
#1915=AXIS2_PLACEMENT_3D('',#3393,#2199,#2200);
#1916=AXIS2_PLACEMENT_3D('',#3412,#2203,#2204);
#1917=AXIS2_PLACEMENT_3D('',#3414,#2205,#2206);
#1918=AXIS2_PLACEMENT_3D('',#3416,#2207,#2208);
#1919=AXIS2_PLACEMENT_3D('',#3435,#2211,#2212);
#1920=AXIS2_PLACEMENT_3D('',#3437,#2213,#2214);
#1921=AXIS2_PLACEMENT_3D('',#3439,#2215,#2216);
#1922=AXIS2_PLACEMENT_3D('',#3458,#2219,#2220);
#1923=AXIS2_PLACEMENT_3D('',#3460,#2221,#2222);
#1924=AXIS2_PLACEMENT_3D('',#3462,#2223,#2224);
#1925=AXIS2_PLACEMENT_3D('',#3489,#2227,#2228);
#1926=AXIS2_PLACEMENT_3D('',#3491,#2229,#2230);
#1927=AXIS2_PLACEMENT_3D('',#3493,#2231,#2232);
#1928=AXIS2_PLACEMENT_3D('',#3510,#2235,#2236);
#1929=AXIS2_PLACEMENT_3D('',#3540,#2238,#2239);
#1930=AXIS2_PLACEMENT_3D('',#3557,#2241,#2242);
#1931=AXIS2_PLACEMENT_3D('',#3642,#2244,#2245);
#1932=AXIS2_PLACEMENT_3D('',#3661,#2248,#2249);
#1933=AXIS2_PLACEMENT_3D('',#3694,#2252,#2253);
#1934=AXIS2_PLACEMENT_3D('',#3697,#2255,#2256);
#1935=AXIS2_PLACEMENT_3D('',#3792,#2258,#2259);
#1936=AXIS2_PLACEMENT_3D('',#3794,#2261,#2262);
#1937=AXIS2_PLACEMENT_3D('',#3797,#2264,#2265);
#1938=AXIS2_PLACEMENT_3D('',#3849,#2267,#2268);
#1939=AXIS2_PLACEMENT_3D('',#3851,#2269,#2270);
#1940=AXIS2_PLACEMENT_3D('',#3853,#2272,#2273);
#1941=AXIS2_PLACEMENT_3D('',#3855,#2274,#2275);
#1942=AXIS2_PLACEMENT_3D('',#3857,#2276,#2277);
#1943=AXIS2_PLACEMENT_3D('',#3884,#2280,#2281);
#1944=AXIS2_PLACEMENT_3D('',#3886,#2282,#2283);
#1945=AXIS2_PLACEMENT_3D('',#3888,#2284,#2285);
#1946=AXIS2_PLACEMENT_3D('',#3906,#2288,#2289);
#1947=AXIS2_PLACEMENT_3D('',#3908,#2290,#2291);
#1948=AXIS2_PLACEMENT_3D('',#3910,#2292,#2293);
#1949=AXIS2_PLACEMENT_3D('',#3928,#2296,#2297);
#1950=AXIS2_PLACEMENT_3D('',#3930,#2298,#2299);
#1951=AXIS2_PLACEMENT_3D('',#3932,#2300,#2301);
#1952=AXIS2_PLACEMENT_3D('',#3950,#2304,#2305);
#1953=AXIS2_PLACEMENT_3D('',#3951,#2306,#2307);
#1954=AXIS2_PLACEMENT_3D('',#3953,#2308,#2309);
#1955=AXIS2_PLACEMENT_3D('',#3954,#2310,#2311);
#1956=AXIS2_PLACEMENT_3D('',#3957,#2313,#2314);
#1957=AXIS2_PLACEMENT_3D('',#3958,#2315,#2316);
#1958=AXIS2_PLACEMENT_3D('',#3959,#2317,#2318);
#1959=AXIS2_PLACEMENT_3D('',#3962,#2320,#2321);
#1960=AXIS2_PLACEMENT_3D('',#3963,#2322,#2323);
#1961=AXIS2_PLACEMENT_3D('',#3964,#2324,#2325);
#1962=AXIS2_PLACEMENT_3D('',#3966,#2327,#2328);
#1963=AXIS2_PLACEMENT_3D('',#3996,#2330,#2331);
#1964=AXIS2_PLACEMENT_3D('',#4095,#2334,#2335);
#1965=AXIS2_PLACEMENT_3D('',#4112,#2337,#2338);
#1966=AXIS2_PLACEMENT_3D('',#4142,#2340,#2341);
#1967=AXIS2_PLACEMENT_3D('',#4225,#2343,#2344);
#1968=AXIS2_PLACEMENT_3D('',#4227,#2346,#2347);
#1969=AXIS2_PLACEMENT_3D('',#4230,#2349,#2350);
#1970=AXIS2_PLACEMENT_3D('',#4282,#2352,#2353);
#1971=AXIS2_PLACEMENT_3D('',#4284,#2355,#2356);
#1972=AXIS2_PLACEMENT_3D('',#4286,#2357,#2358);
#1973=AXIS2_PLACEMENT_3D('',#4287,#2359,#2360);
#1974=AXIS2_PLACEMENT_3D('',#4290,#2362,#2363);
#1975=AXIS2_PLACEMENT_3D('',#4291,#2364,#2365);
#1976=AXIS2_PLACEMENT_3D('',#4292,#2366,#2367);
#1977=AXIS2_PLACEMENT_3D('',#4295,#2369,#2370);
#1978=AXIS2_PLACEMENT_3D('',#4296,#2371,#2372);
#1979=AXIS2_PLACEMENT_3D('',#4297,#2373,#2374);
#1980=AXIS2_PLACEMENT_3D('',#4327,#2376,#2377);
#1981=AXIS2_PLACEMENT_3D('',#4426,#2380,#2381);
#1982=AXIS2_PLACEMENT_3D('',#4443,#2383,#2384);
#1983=AXIS2_PLACEMENT_3D('',#4473,#2386,#2387);
#1984=AXIS2_PLACEMENT_3D('',#4550,#2389,#2390);
#1985=AXIS2_PLACEMENT_3D('',#4552,#2392,#2393);
#1986=AXIS2_PLACEMENT_3D('',#4555,#2395,#2396);
#1987=AXIS2_PLACEMENT_3D('',#4607,#2398,#2399);
#1988=AXIS2_PLACEMENT_3D('',#4609,#2401,#2402);
#1989=AXIS2_PLACEMENT_3D('',#4611,#2403,#2404);
#1990=AXIS2_PLACEMENT_3D('',#4612,#2405,#2406);
#1991=AXIS2_PLACEMENT_3D('',#4615,#2408,#2409);
#1992=AXIS2_PLACEMENT_3D('',#4616,#2410,#2411);
#1993=AXIS2_PLACEMENT_3D('',#4617,#2412,#2413);
#1994=AXIS2_PLACEMENT_3D('',#4620,#2415,#2416);
#1995=AXIS2_PLACEMENT_3D('',#4621,#2417,#2418);
#1996=AXIS2_PLACEMENT_3D('',#4622,#2419,#2420);
#1997=AXIS2_PLACEMENT_3D('',#4652,#2422,#2423);
#1998=AXIS2_PLACEMENT_3D('',#4751,#2426,#2427);
#1999=AXIS2_PLACEMENT_3D('',#4768,#2429,#2430);
#2000=AXIS2_PLACEMENT_3D('',#4798,#2432,#2433);
#2001=AXIS2_PLACEMENT_3D('',#4875,#2435,#2436);
#2002=AXIS2_PLACEMENT_3D('',#4877,#2438,#2439);
#2003=AXIS2_PLACEMENT_3D('',#4880,#2441,#2442);
#2004=AXIS2_PLACEMENT_3D('',#4932,#2444,#2445);
#2005=AXIS2_PLACEMENT_3D('',#4934,#2447,#2448);
#2006=AXIS2_PLACEMENT_3D('',#4936,#2449,#2450);
#2007=AXIS2_PLACEMENT_3D('',#4937,#2451,#2452);
#2008=AXIS2_PLACEMENT_3D('',#4940,#2454,#2455);
#2009=AXIS2_PLACEMENT_3D('',#4941,#2456,#2457);
#2010=AXIS2_PLACEMENT_3D('',#4942,#2458,#2459);
#2011=AXIS2_PLACEMENT_3D('',#4945,#2461,#2462);
#2012=AXIS2_PLACEMENT_3D('',#4946,#2463,#2464);
#2013=AXIS2_PLACEMENT_3D('',#4947,#2465,#2466);
#2014=AXIS2_PLACEMENT_3D('',#4975,#2468,#2469);
#2015=AXIS2_PLACEMENT_3D('',#4982,#2473,#2474);
#2016=AXIS2_PLACEMENT_3D('',#4983,#2475,#2476);
#2017=AXIS2_PLACEMENT_3D('',#5011,#2478,#2479);
#2018=AXIS2_PLACEMENT_3D('',#5039,#2481,#2482);
#2019=AXIS2_PLACEMENT_3D('',#5043,#2485,#2486);
#2020=AXIS2_PLACEMENT_3D('',#5044,#2487,#2488);
#2021=AXIS2_PLACEMENT_3D('',#5069,#2489,#2490);
#2022=AXIS2_PLACEMENT_3D('',#5070,#2491,#2492);
#2023=AXIS2_PLACEMENT_3D('',#5233,#2493,#2494);
#2024=AXIS2_PLACEMENT_3D('',#5236,#2496,#2497);
#2025=AXIS2_PLACEMENT_3D('',#5237,#2498,#2499);
#2026=AXIS2_PLACEMENT_3D('',#5238,#2500,#2501);
#2027=AXIS2_PLACEMENT_3D('',#5241,#2503,#2504);
#2028=AXIS2_PLACEMENT_3D('',#5242,#2505,#2506);
#2029=AXIS2_PLACEMENT_3D('',#5243,#2507,#2508);
#2030=AXIS2_PLACEMENT_3D('',#5244,#2509,#2510);
#2031=AXIS2_PLACEMENT_3D('',#5245,#2511,#2512);
#2032=DIRECTION('axis',(0.,0.,1.));
#2033=DIRECTION('refdir',(1.,0.,0.));
#2034=DIRECTION('axis',(0.,0.,1.));
#2035=DIRECTION('refdir',(1.,0.,0.));
#2036=DIRECTION('axis',(0.,0.,1.));
#2037=DIRECTION('refdir',(1.,0.,0.));
#2038=DIRECTION('center_axis',(1.,0.,0.));
#2039=DIRECTION('ref_axis',(0.,1.,0.));
#2040=DIRECTION('center_axis',(1.,0.,0.));
#2041=DIRECTION('ref_axis',(0.,1.,0.));
#2042=DIRECTION('',(-1.,0.,0.));
#2043=DIRECTION('center_axis',(-1.,0.,0.));
#2044=DIRECTION('ref_axis',(0.,1.,0.));
#2045=DIRECTION('center_axis',(1.,0.,0.));
#2046=DIRECTION('ref_axis',(0.,1.,0.));
#2047=DIRECTION('center_axis',(1.,0.,0.));
#2048=DIRECTION('ref_axis',(0.,1.,0.));
#2049=DIRECTION('',(-1.,0.,0.));
#2050=DIRECTION('center_axis',(-1.,0.,0.));
#2051=DIRECTION('ref_axis',(0.,1.,0.));
#2052=DIRECTION('center_axis',(1.,0.,0.));
#2053=DIRECTION('ref_axis',(0.,1.,0.));
#2054=DIRECTION('center_axis',(1.,0.,0.));
#2055=DIRECTION('ref_axis',(0.,1.,0.));
#2056=DIRECTION('center_axis',(1.,0.,0.));
#2057=DIRECTION('ref_axis',(0.,0.,-1.));
#2058=DIRECTION('center_axis',(-1.,0.,0.));
#2059=DIRECTION('ref_axis',(0.,0.,1.));
#2060=DIRECTION('center_axis',(-1.,0.,0.));
#2061=DIRECTION('ref_axis',(0.,0.,1.));
#2062=DIRECTION('center_axis',(-1.,0.,0.));
#2063=DIRECTION('ref_axis',(0.,0.,1.));
#2064=DIRECTION('center_axis',(0.309016994374948,-1.16470831848909E-16,
-0.951056516295154));
#2065=DIRECTION('ref_axis',(1.16470831848909E-16,1.,-8.46210126103938E-17));
#2066=DIRECTION('center_axis',(0.309016994374948,-1.16470831848909E-16,
-0.951056516295154));
#2067=DIRECTION('ref_axis',(1.16470831848909E-16,1.,-8.46210126103938E-17));
#2068=DIRECTION('',(-0.309016994374948,1.16470831848909E-16,0.951056516295154));
#2069=DIRECTION('center_axis',(-0.309016994374948,1.16470831848909E-16,
0.951056516295154));
#2070=DIRECTION('ref_axis',(1.16470831848909E-16,1.,-8.46210126103938E-17));
#2071=DIRECTION('center_axis',(0.309016994374948,-1.16470831848909E-16,
-0.951056516295154));
#2072=DIRECTION('ref_axis',(1.16470831848909E-16,1.,-8.46210126103938E-17));
#2073=DIRECTION('center_axis',(0.309016994374948,-1.16470831848909E-16,
-0.951056516295154));
#2074=DIRECTION('ref_axis',(1.16470831848909E-16,1.,-8.46210126103938E-17));
#2075=DIRECTION('',(-0.309016994374948,1.16470831848909E-16,0.951056516295154));
#2076=DIRECTION('center_axis',(-0.309016994374948,1.16470831848909E-16,
0.951056516295154));
#2077=DIRECTION('ref_axis',(1.16470831848909E-16,1.,-8.46210126103938E-17));
#2078=DIRECTION('center_axis',(0.309016994374948,-1.16470831848909E-16,
-0.951056516295154));
#2079=DIRECTION('ref_axis',(1.16470831848909E-16,1.,-8.46210126103938E-17));
#2080=DIRECTION('center_axis',(0.309016994374948,-1.16470831848909E-16,
-0.951056516295154));
#2081=DIRECTION('ref_axis',(1.16470831848909E-16,1.,-8.46210126103938E-17));
#2082=DIRECTION('center_axis',(0.309016994374948,-1.16470831848909E-16,
-0.951056516295154));
#2083=DIRECTION('ref_axis',(-0.951056516295154,8.46210126103938E-17,-0.309016994374948));
#2084=DIRECTION('center_axis',(-0.309016994374948,1.16470831848909E-16,
0.951056516295154));
#2085=DIRECTION('ref_axis',(0.951056516295154,-8.46210126103938E-17,0.309016994374948));
#2086=DIRECTION('center_axis',(-0.309016994374948,1.16470831848909E-16,
0.951056516295154));
#2087=DIRECTION('ref_axis',(0.951056516295154,-8.46210126103938E-17,0.309016994374948));
#2088=DIRECTION('center_axis',(-0.309016994374948,1.16470831848909E-16,
0.951056516295154));
#2089=DIRECTION('ref_axis',(0.951056516295154,-8.46210126103938E-17,0.309016994374948));
#2090=DIRECTION('center_axis',(-0.809016994374947,-7.19829327805997E-17,
-0.587785252292473));
#2091=DIRECTION('ref_axis',(7.19829327805997E-17,1.,-2.21540687176445E-16));
#2092=DIRECTION('center_axis',(-0.809016994374947,-7.19829327805997E-17,
-0.587785252292473));
#2093=DIRECTION('ref_axis',(7.19829327805997E-17,1.,-2.21540687176445E-16));
#2094=DIRECTION('',(0.809016994374947,7.19829327805997E-17,0.587785252292473));
#2095=DIRECTION('center_axis',(0.809016994374947,7.19829327805997E-17,0.587785252292473));
#2096=DIRECTION('ref_axis',(7.19829327805997E-17,1.,-2.21540687176445E-16));
#2097=DIRECTION('center_axis',(-0.809016994374947,-7.19829327805997E-17,
-0.587785252292473));
#2098=DIRECTION('ref_axis',(7.19829327805997E-17,1.,-2.21540687176445E-16));
#2099=DIRECTION('center_axis',(-0.809016994374947,-7.19829327805997E-17,
-0.587785252292473));
#2100=DIRECTION('ref_axis',(7.19829327805997E-17,1.,-2.21540687176445E-16));
#2101=DIRECTION('',(0.809016994374947,7.19829327805997E-17,0.587785252292473));
#2102=DIRECTION('center_axis',(0.809016994374947,7.19829327805997E-17,0.587785252292473));
#2103=DIRECTION('ref_axis',(7.19829327805997E-17,1.,-2.21540687176445E-16));
#2104=DIRECTION('center_axis',(-0.809016994374947,-7.19829327805997E-17,
-0.587785252292473));
#2105=DIRECTION('ref_axis',(7.19829327805997E-17,1.,-2.21540687176445E-16));
#2106=DIRECTION('center_axis',(-0.809016994374947,-7.19829327805997E-17,
-0.587785252292473));
#2107=DIRECTION('ref_axis',(7.19829327805997E-17,1.,-2.21540687176445E-16));
#2108=DIRECTION('center_axis',(-0.809016994374947,-7.19829327805997E-17,
-0.587785252292473));
#2109=DIRECTION('ref_axis',(-0.587785252292473,2.21540687176445E-16,0.809016994374947));
#2110=DIRECTION('center_axis',(0.809016994374947,7.19829327805997E-17,0.587785252292473));
#2111=DIRECTION('ref_axis',(0.587785252292473,-2.21540687176445E-16,-0.809016994374947));
#2112=DIRECTION('center_axis',(0.809016994374947,7.19829327805997E-17,0.587785252292473));
#2113=DIRECTION('ref_axis',(0.587785252292473,-2.21540687176445E-16,-0.809016994374947));
#2114=DIRECTION('center_axis',(0.809016994374947,7.19829327805997E-17,0.587785252292473));
#2115=DIRECTION('ref_axis',(0.587785252292473,-2.21540687176445E-16,-0.809016994374947));
#2116=DIRECTION('center_axis',(-0.809016994374948,7.19829327805996E-17,
0.587785252292473));
#2117=DIRECTION('ref_axis',(-7.19829327805997E-17,1.,-2.21540687176445E-16));
#2118=DIRECTION('center_axis',(-0.809016994374948,7.19829327805996E-17,
0.587785252292473));
#2119=DIRECTION('ref_axis',(-7.19829327805997E-17,1.,-2.21540687176445E-16));
#2120=DIRECTION('',(0.809016994374947,-7.19829327805996E-17,-0.587785252292473));
#2121=DIRECTION('center_axis',(0.809016994374948,-7.19829327805996E-17,
-0.587785252292473));
#2122=DIRECTION('ref_axis',(-7.19829327805997E-17,1.,-2.21540687176445E-16));
#2123=DIRECTION('center_axis',(-0.809016994374948,7.19829327805996E-17,
0.587785252292473));
#2124=DIRECTION('ref_axis',(-7.19829327805997E-17,1.,-2.21540687176445E-16));
#2125=DIRECTION('center_axis',(-0.809016994374948,7.19829327805996E-17,
0.587785252292473));
#2126=DIRECTION('ref_axis',(-7.19829327805997E-17,1.,-2.21540687176445E-16));
#2127=DIRECTION('',(0.809016994374947,-7.19829327805996E-17,-0.587785252292473));
#2128=DIRECTION('center_axis',(0.809016994374948,-7.19829327805996E-17,
-0.587785252292473));
#2129=DIRECTION('ref_axis',(-7.19829327805997E-17,1.,-2.21540687176445E-16));
#2130=DIRECTION('center_axis',(-0.809016994374948,7.19829327805996E-17,
0.587785252292473));
#2131=DIRECTION('ref_axis',(-7.19829327805997E-17,1.,-2.21540687176445E-16));
#2132=DIRECTION('center_axis',(-0.809016994374948,7.19829327805996E-17,
0.587785252292473));
#2133=DIRECTION('ref_axis',(-7.19829327805997E-17,1.,-2.21540687176445E-16));
#2134=DIRECTION('center_axis',(-0.809016994374948,7.19829327805996E-17,
0.587785252292473));
#2135=DIRECTION('ref_axis',(0.587785252292473,2.21540687176445E-16,0.809016994374947));
#2136=DIRECTION('center_axis',(0.809016994374948,-7.19829327805996E-17,
-0.587785252292473));
#2137=DIRECTION('ref_axis',(-0.587785252292473,-2.21540687176445E-16,-0.809016994374947));
#2138=DIRECTION('center_axis',(0.809016994374948,-7.19829327805996E-17,
-0.587785252292473));
#2139=DIRECTION('ref_axis',(-0.587785252292473,-2.21540687176445E-16,-0.809016994374947));
#2140=DIRECTION('center_axis',(0.809016994374948,-7.19829327805996E-17,
-0.587785252292473));
#2141=DIRECTION('ref_axis',(-0.587785252292473,-2.21540687176445E-16,-0.809016994374947));
#2142=DIRECTION('center_axis',(0.309016994374947,1.16470831848909E-16,0.951056516295154));
#2143=DIRECTION('ref_axis',(-1.16470831848909E-16,1.,-8.46210126103938E-17));
#2144=DIRECTION('center_axis',(0.309016994374947,1.16470831848909E-16,0.951056516295154));
#2145=DIRECTION('ref_axis',(-1.16470831848909E-16,1.,-8.46210126103938E-17));
#2146=DIRECTION('',(-0.309016994374947,-1.16470831848909E-16,-0.951056516295154));
#2147=DIRECTION('center_axis',(-0.309016994374947,-1.16470831848909E-16,
-0.951056516295154));
#2148=DIRECTION('ref_axis',(-1.16470831848909E-16,1.,-8.46210126103938E-17));
#2149=DIRECTION('center_axis',(0.309016994374947,1.16470831848909E-16,0.951056516295154));
#2150=DIRECTION('ref_axis',(-1.16470831848909E-16,1.,-8.46210126103938E-17));
#2151=DIRECTION('center_axis',(0.309016994374947,1.16470831848909E-16,0.951056516295154));
#2152=DIRECTION('ref_axis',(-1.16470831848909E-16,1.,-8.46210126103938E-17));
#2153=DIRECTION('',(-0.309016994374947,-1.16470831848909E-16,-0.951056516295154));
#2154=DIRECTION('center_axis',(-0.309016994374947,-1.16470831848909E-16,
-0.951056516295154));
#2155=DIRECTION('ref_axis',(-1.16470831848909E-16,1.,-8.46210126103938E-17));
#2156=DIRECTION('center_axis',(0.309016994374947,1.16470831848909E-16,0.951056516295154));
#2157=DIRECTION('ref_axis',(-1.16470831848909E-16,1.,-8.46210126103938E-17));
#2158=DIRECTION('center_axis',(0.309016994374947,1.16470831848909E-16,0.951056516295154));
#2159=DIRECTION('ref_axis',(-1.16470831848909E-16,1.,-8.46210126103938E-17));
#2160=DIRECTION('center_axis',(0.309016994374947,1.16470831848909E-16,0.951056516295154));
#2161=DIRECTION('ref_axis',(0.951056516295154,8.46210126103939E-17,-0.309016994374947));
#2162=DIRECTION('center_axis',(-0.309016994374947,-1.16470831848909E-16,
-0.951056516295154));
#2163=DIRECTION('ref_axis',(-0.951056516295154,-8.46210126103939E-17,0.309016994374947));
#2164=DIRECTION('center_axis',(-0.309016994374947,-1.16470831848909E-16,
-0.951056516295154));
#2165=DIRECTION('ref_axis',(-0.951056516295154,-8.46210126103939E-17,0.309016994374947));
#2166=DIRECTION('center_axis',(-0.309016994374947,-1.16470831848909E-16,
-0.951056516295154));
#2167=DIRECTION('ref_axis',(-0.951056516295154,-8.46210126103939E-17,0.309016994374947));
#2168=DIRECTION('center_axis',(0.,1.,0.));
#2169=DIRECTION('ref_axis',(-1.,0.,0.));
#2170=DIRECTION('center_axis',(0.,1.,0.));
#2171=DIRECTION('ref_axis',(-1.,0.,0.));
#2172=DIRECTION('',(0.,-1.,0.));
#2173=DIRECTION('center_axis',(0.,-1.,0.));
#2174=DIRECTION('ref_axis',(-1.,0.,0.));
#2175=DIRECTION('center_axis',(0.,1.,0.));
#2176=DIRECTION('ref_axis',(-1.,0.,0.));
#2177=DIRECTION('center_axis',(0.,-1.,0.));
#2178=DIRECTION('ref_axis',(-1.,0.,0.));
#2179=DIRECTION('center_axis',(0.,-1.,0.));
#2180=DIRECTION('ref_axis',(1.,0.,0.));
#2181=DIRECTION('center_axis',(0.,1.,0.));
#2182=DIRECTION('ref_axis',(1.,0.,0.));
#2183=DIRECTION('',(0.,1.,0.));
#2184=DIRECTION('center_axis',(0.,-1.,0.));
#2185=DIRECTION('ref_axis',(1.,0.,0.));
#2186=DIRECTION('center_axis',(0.,-1.,0.));
#2187=DIRECTION('ref_axis',(1.,0.,0.));
#2188=DIRECTION('',(0.,1.,0.));
#2189=DIRECTION('center_axis',(0.,1.,0.));
#2190=DIRECTION('ref_axis',(1.,0.,0.));
#2191=DIRECTION('center_axis',(0.,-1.,0.));
#2192=DIRECTION('ref_axis',(1.,0.,0.));
#2193=DIRECTION('center_axis',(0.,1.,0.));
#2194=DIRECTION('ref_axis',(1.,0.,0.));
#2195=DIRECTION('center_axis',(0.,1.,0.));
#2196=DIRECTION('ref_axis',(-0.645376366199049,0.,0.763864743231228));
#2197=DIRECTION('center_axis',(0.,-1.,0.));
#2198=DIRECTION('ref_axis',(1.,0.,0.));
#2199=DIRECTION('center_axis',(0.,1.,0.));
#2200=DIRECTION('ref_axis',(-0.0731320172054926,0.,-0.997322268907827));
#2201=DIRECTION('',(-0.587785252292473,0.,-0.809016994374947));
#2202=DIRECTION('',(0.587785252292473,0.,0.809016994374948));
#2203=DIRECTION('center_axis',(0.,1.,0.));
#2204=DIRECTION('ref_axis',(-0.925910806541641,0.,-0.377742211474186));
#2205=DIRECTION('center_axis',(0.,-1.,0.));
#2206=DIRECTION('ref_axis',(1.,0.,0.));
#2207=DIRECTION('center_axis',(0.,1.,0.));
#2208=DIRECTION('ref_axis',(0.925910806541639,0.,-0.37774221147419));
#2209=DIRECTION('',(0.587785252292473,0.,-0.809016994374947));
#2210=DIRECTION('',(-0.587785252292473,0.,0.809016994374947));
#2211=DIRECTION('center_axis',(0.,1.,0.));
#2212=DIRECTION('ref_axis',(0.0731320172054884,0.,-0.997322268907827));
#2213=DIRECTION('center_axis',(0.,-1.,0.));
#2214=DIRECTION('ref_axis',(1.,0.,0.));
#2215=DIRECTION('center_axis',(0.,1.,0.));
#2216=DIRECTION('ref_axis',(0.645376366199046,0.,0.763864743231231));
#2217=DIRECTION('',(0.951056516295154,0.,0.309016994374948));
#2218=DIRECTION('',(-0.951056516295154,0.,-0.309016994374948));
#2219=DIRECTION('center_axis',(0.,1.,0.));
#2220=DIRECTION('ref_axis',(0.971108878840473,0.,-0.238636848448013));
#2221=DIRECTION('center_axis',(0.,-1.,0.));
#2222=DIRECTION('ref_axis',(1.,0.,0.));
#2223=DIRECTION('center_axis',(0.,1.,0.));
#2224=DIRECTION('ref_axis',(-0.527046276694729,0.,0.849836585598798));
#2225=DIRECTION('',(0.,0.,1.));
#2226=DIRECTION('',(1.11022302462516E-16,0.,-1.));
#2227=DIRECTION('center_axis',(0.,1.,0.));
#2228=DIRECTION('ref_axis',(0.527046276694729,0.,0.849836585598798));
#2229=DIRECTION('center_axis',(0.,-1.,0.));
#2230=DIRECTION('ref_axis',(1.,0.,0.));
#2231=DIRECTION('center_axis',(0.,1.,0.));
#2232=DIRECTION('ref_axis',(-0.971108878840473,0.,-0.238636848448011));
#2233=DIRECTION('',(-0.951056516295154,0.,0.309016994374947));
#2234=DIRECTION('',(0.951056516295154,0.,-0.309016994374947));
#2235=DIRECTION('center_axis',(0.951056516295154,0.,-0.309016994374947));
#2236=DIRECTION('ref_axis',(0.21850801222441,-0.707106781186547,0.672498511963958));
#2237=DIRECTION('',(-0.951056516295154,0.,0.309016994374947));
#2238=DIRECTION('center_axis',(0.,-1.,0.));
#2239=DIRECTION('ref_axis',(-0.645376366199049,0.,0.763864743231228));
#2240=DIRECTION('',(0.,1.,0.));
#2241=DIRECTION('center_axis',(0.,-1.,0.));
#2242=DIRECTION('ref_axis',(-0.645376366199049,0.,0.763864743231228));
#2243=DIRECTION('',(0.,-1.,0.));
#2244=DIRECTION('center_axis',(-0.951056516295154,0.,0.309016994374947));
#2245=DIRECTION('ref_axis',(0.21850801222441,0.707106781186547,0.672498511963958));
#2246=DIRECTION('',(0.951056516295154,0.,-0.309016994374947));
#2247=DIRECTION('',(-0.951056516295154,0.,0.309016994374947));
#2248=DIRECTION('center_axis',(0.951056516295154,0.,-0.309016994374947));
#2249=DIRECTION('ref_axis',(-0.21850801222441,0.707106781186547,-0.672498511963958));
#2250=DIRECTION('',(-0.951056516295154,0.,0.309016994374947));
#2251=DIRECTION('',(0.951056516295154,0.,-0.309016994374947));
#2252=DIRECTION('center_axis',(0.,1.,0.));
#2253=DIRECTION('ref_axis',(-0.971108878840473,0.,-0.238636848448011));
#2254=DIRECTION('',(0.,1.,0.));
#2255=DIRECTION('center_axis',(0.,-1.,0.));
#2256=DIRECTION('ref_axis',(-0.971108878840473,0.,-0.238636848448011));
#2257=DIRECTION('',(0.,-1.,0.));
#2258=DIRECTION('center_axis',(-0.951056516295154,0.,0.309016994374947));
#2259=DIRECTION('ref_axis',(-0.21850801222441,-0.707106781186547,-0.672498511963958));
#2260=DIRECTION('',(0.951056516295154,0.,-0.309016994374947));
#2261=DIRECTION('center_axis',(-0.309016994374947,0.,-0.951056516295154));
#2262=DIRECTION('ref_axis',(0.951056516295154,0.,-0.309016994374947));
#2263=DIRECTION('',(0.,-1.,0.));
#2264=DIRECTION('center_axis',(0.309016994374947,0.,0.951056516295154));
#2265=DIRECTION('ref_axis',(0.,-1.,0.));
#2266=DIRECTION('',(0.,-1.,0.));
#2267=DIRECTION('center_axis',(0.,-1.,0.));
#2268=DIRECTION('ref_axis',(1.,0.,0.));
#2269=DIRECTION('center_axis',(0.,1.,0.));
#2270=DIRECTION('ref_axis',(1.,0.,0.));
#2271=DIRECTION('',(0.,1.,0.));
#2272=DIRECTION('center_axis',(0.,1.,0.));
#2273=DIRECTION('ref_axis',(1.,0.,0.));
#2274=DIRECTION('center_axis',(0.,1.,0.));
#2275=DIRECTION('ref_axis',(1.,0.,0.));
#2276=DIRECTION('center_axis',(0.,-1.,0.));
#2277=DIRECTION('ref_axis',(0.527046276694729,0.,0.849836585598798));
#2278=DIRECTION('',(-1.11022302462516E-16,0.,1.));
#2279=DIRECTION('',(0.,0.,-1.));
#2280=DIRECTION('center_axis',(0.,-1.,0.));
#2281=DIRECTION('ref_axis',(-0.527046276694729,0.,0.849836585598798));
#2282=DIRECTION('center_axis',(0.,1.,0.));
#2283=DIRECTION('ref_axis',(1.,0.,0.));
#2284=DIRECTION('center_axis',(0.,-1.,0.));
#2285=DIRECTION('ref_axis',(0.971108878840473,0.,-0.238636848448013));
#2286=DIRECTION('',(0.951056516295154,0.,0.309016994374948));
#2287=DIRECTION('',(-0.951056516295154,0.,-0.309016994374948));
#2288=DIRECTION('center_axis',(0.,-1.,0.));
#2289=DIRECTION('ref_axis',(0.645376366199046,0.,0.763864743231231));
#2290=DIRECTION('center_axis',(0.,1.,0.));
#2291=DIRECTION('ref_axis',(1.,0.,0.));
#2292=DIRECTION('center_axis',(0.,-1.,0.));
#2293=DIRECTION('ref_axis',(0.0731320172054884,0.,-0.997322268907827));
#2294=DIRECTION('',(0.587785252292473,0.,-0.809016994374947));
#2295=DIRECTION('',(-0.587785252292473,0.,0.809016994374947));
#2296=DIRECTION('center_axis',(0.,-1.,0.));
#2297=DIRECTION('ref_axis',(0.925910806541639,0.,-0.37774221147419));
#2298=DIRECTION('center_axis',(0.,1.,0.));
#2299=DIRECTION('ref_axis',(1.,0.,0.));
#2300=DIRECTION('center_axis',(0.,-1.,0.));
#2301=DIRECTION('ref_axis',(-0.925910806541641,0.,-0.377742211474186));
#2302=DIRECTION('',(-0.587785252292473,0.,-0.809016994374948));
#2303=DIRECTION('',(0.587785252292473,0.,0.809016994374947));
#2304=DIRECTION('center_axis',(0.,-1.,0.));
#2305=DIRECTION('ref_axis',(-0.0731320172054926,0.,-0.997322268907827));
#2306=DIRECTION('center_axis',(0.309016994374947,0.,0.951056516295154));
#2307=DIRECTION('ref_axis',(-0.951056516295154,0.,0.309016994374947));
#2308=DIRECTION('center_axis',(-0.309016994374947,0.,-0.951056516295154));
#2309=DIRECTION('ref_axis',(0.,1.,0.));
#2310=DIRECTION('center_axis',(-0.309016994374947,0.,-0.951056516295154));
#2311=DIRECTION('ref_axis',(0.,1.,0.));
#2312=DIRECTION('',(-0.309016994374947,0.,-0.951056516295154));
#2313=DIRECTION('center_axis',(-0.309016994374947,0.,-0.951056516295154));
#2314=DIRECTION('ref_axis',(0.,1.,0.));
#2315=DIRECTION('center_axis',(-0.309016994374947,0.,-0.951056516295154));
#2316=DIRECTION('ref_axis',(0.,1.,0.));
#2317=DIRECTION('center_axis',(0.309016994374947,0.,0.951056516295154));
#2318=DIRECTION('ref_axis',(0.,-1.,0.));
#2319=DIRECTION('',(0.309016994374947,0.,0.951056516295154));
#2320=DIRECTION('center_axis',(0.309016994374947,0.,0.951056516295154));
#2321=DIRECTION('ref_axis',(0.,-1.,0.));
#2322=DIRECTION('center_axis',(0.309016994374947,0.,0.951056516295154));
#2323=DIRECTION('ref_axis',(0.,-1.,0.));
#2324=DIRECTION('center_axis',(0.,-1.,0.));
#2325=DIRECTION('ref_axis',(1.,0.,0.));
#2326=DIRECTION('',(0.,-1.,0.));
#2327=DIRECTION('center_axis',(0.587785252292473,0.,0.809016994374948));
#2328=DIRECTION('ref_axis',(-0.572061402817685,-0.707106781186547,0.415626937777454));
#2329=DIRECTION('',(-0.587785252292473,0.,-0.809016994374948));
#2330=DIRECTION('center_axis',(0.,-1.,0.));
#2331=DIRECTION('ref_axis',(-0.925910806541641,0.,-0.377742211474186));
#2332=DIRECTION('',(0.,1.,0.));
#2333=DIRECTION('',(0.,-1.,0.));
#2334=DIRECTION('center_axis',(-0.587785252292473,0.,-0.809016994374948));
#2335=DIRECTION('ref_axis',(-0.572061402817685,0.707106781186547,0.415626937777454));
#2336=DIRECTION('',(0.587785252292473,0.,0.809016994374948));
#2337=DIRECTION('center_axis',(0.587785252292473,0.,0.809016994374948));
#2338=DIRECTION('ref_axis',(0.572061402817685,0.707106781186547,-0.415626937777454));
#2339=DIRECTION('',(-0.587785252292473,0.,-0.809016994374947));
#2340=DIRECTION('center_axis',(0.,1.,0.));
#2341=DIRECTION('ref_axis',(-0.0731320172054926,0.,-0.997322268907827));
#2342=DIRECTION('',(0.,-1.,0.));
#2343=DIRECTION('center_axis',(-0.587785252292473,0.,-0.809016994374948));
#2344=DIRECTION('ref_axis',(0.572061402817685,-0.707106781186546,-0.415626937777454));
#2345=DIRECTION('',(0.587785252292473,0.,0.809016994374947));
#2346=DIRECTION('center_axis',(0.809016994374948,0.,-0.587785252292473));
#2347=DIRECTION('ref_axis',(0.587785252292473,0.,0.809016994374947));
#2348=DIRECTION('',(0.,-1.,0.));
#2349=DIRECTION('center_axis',(-0.809016994374948,0.,0.587785252292473));
#2350=DIRECTION('ref_axis',(0.,-1.,0.));
#2351=DIRECTION('',(0.,-1.,0.));
#2352=DIRECTION('center_axis',(0.,-1.,0.));
#2353=DIRECTION('ref_axis',(1.,0.,0.));
#2354=DIRECTION('',(0.,1.,0.));
#2355=DIRECTION('center_axis',(-0.809016994374948,0.,0.587785252292473));
#2356=DIRECTION('ref_axis',(-0.587785252292473,0.,-0.809016994374947));
#2357=DIRECTION('center_axis',(0.809016994374948,0.,-0.587785252292473));
#2358=DIRECTION('ref_axis',(0.,1.,0.));
#2359=DIRECTION('center_axis',(0.809016994374948,0.,-0.587785252292473));
#2360=DIRECTION('ref_axis',(0.,1.,0.));
#2361=DIRECTION('',(0.809016994374947,0.,-0.587785252292473));
#2362=DIRECTION('center_axis',(0.809016994374948,0.,-0.587785252292473));
#2363=DIRECTION('ref_axis',(0.,1.,0.));
#2364=DIRECTION('center_axis',(0.809016994374948,0.,-0.587785252292473));
#2365=DIRECTION('ref_axis',(0.,1.,0.));
#2366=DIRECTION('center_axis',(-0.809016994374948,0.,0.587785252292473));
#2367=DIRECTION('ref_axis',(0.,-1.,0.));
#2368=DIRECTION('',(-0.809016994374947,0.,0.587785252292473));
#2369=DIRECTION('center_axis',(-0.809016994374948,0.,0.587785252292473));
#2370=DIRECTION('ref_axis',(0.,-1.,0.));
#2371=DIRECTION('center_axis',(-0.809016994374948,0.,0.587785252292473));
#2372=DIRECTION('ref_axis',(0.,-1.,0.));
#2373=DIRECTION('center_axis',(-0.587785252292473,0.,0.809016994374947));
#2374=DIRECTION('ref_axis',(-0.572061402817683,-0.707106781186549,-0.415626937777454));
#2375=DIRECTION('',(0.587785252292473,0.,-0.809016994374947));
#2376=DIRECTION('center_axis',(0.,-1.,0.));
#2377=DIRECTION('ref_axis',(0.0731320172054884,0.,-0.997322268907827));
#2378=DIRECTION('',(0.,1.,0.));
#2379=DIRECTION('',(0.,-1.,0.));
#2380=DIRECTION('center_axis',(0.587785252292473,0.,-0.809016994374947));
#2381=DIRECTION('ref_axis',(-0.572061402817683,0.707106781186548,-0.415626937777454));
#2382=DIRECTION('',(-0.587785252292473,0.,0.809016994374947));
#2383=DIRECTION('center_axis',(-0.587785252292473,0.,0.809016994374947));
#2384=DIRECTION('ref_axis',(0.572061402817684,0.707106781186547,0.415626937777454));
#2385=DIRECTION('',(0.587785252292473,0.,-0.809016994374947));
#2386=DIRECTION('center_axis',(0.,1.,0.));
#2387=DIRECTION('ref_axis',(0.925910806541639,0.,-0.37774221147419));
#2388=DIRECTION('',(0.,-1.,0.));
#2389=DIRECTION('center_axis',(0.587785252292473,0.,-0.809016994374947));
#2390=DIRECTION('ref_axis',(0.572061402817685,-0.707106781186547,0.415626937777454));
#2391=DIRECTION('',(-0.587785252292473,0.,0.809016994374947));
#2392=DIRECTION('center_axis',(0.809016994374947,0.,0.587785252292473));
#2393=DIRECTION('ref_axis',(-0.587785252292473,0.,0.809016994374947));
#2394=DIRECTION('',(0.,-1.,0.));
#2395=DIRECTION('center_axis',(-0.809016994374947,0.,-0.587785252292473));
#2396=DIRECTION('ref_axis',(0.,-1.,0.));
#2397=DIRECTION('',(0.,-1.,0.));
#2398=DIRECTION('center_axis',(0.,-1.,0.));
#2399=DIRECTION('ref_axis',(1.,0.,0.));
#2400=DIRECTION('',(0.,1.,0.));
#2401=DIRECTION('center_axis',(-0.809016994374947,0.,-0.587785252292473));
#2402=DIRECTION('ref_axis',(0.587785252292473,0.,-0.809016994374947));
#2403=DIRECTION('center_axis',(0.809016994374947,0.,0.587785252292473));
#2404=DIRECTION('ref_axis',(0.,1.,0.));
#2405=DIRECTION('center_axis',(0.809016994374947,0.,0.587785252292473));
#2406=DIRECTION('ref_axis',(0.,1.,0.));
#2407=DIRECTION('',(0.809016994374947,0.,0.587785252292473));
#2408=DIRECTION('center_axis',(0.809016994374947,0.,0.587785252292473));
#2409=DIRECTION('ref_axis',(0.,1.,0.));
#2410=DIRECTION('center_axis',(0.809016994374947,0.,0.587785252292473));
#2411=DIRECTION('ref_axis',(0.,1.,0.));
#2412=DIRECTION('center_axis',(-0.809016994374947,0.,-0.587785252292473));
#2413=DIRECTION('ref_axis',(0.,-1.,0.));
#2414=DIRECTION('',(-0.809016994374947,0.,-0.587785252292473));
#2415=DIRECTION('center_axis',(-0.809016994374947,0.,-0.587785252292473));
#2416=DIRECTION('ref_axis',(0.,-1.,0.));
#2417=DIRECTION('center_axis',(-0.809016994374947,0.,-0.587785252292473));
#2418=DIRECTION('ref_axis',(0.,-1.,0.));
#2419=DIRECTION('center_axis',(-0.951056516295154,0.,-0.309016994374948));
#2420=DIRECTION('ref_axis',(0.218508012224411,-0.707106781186547,-0.672498511963958));
#2421=DIRECTION('',(0.951056516295154,0.,0.309016994374948));
#2422=DIRECTION('center_axis',(0.,-1.,0.));
#2423=DIRECTION('ref_axis',(0.971108878840473,0.,-0.238636848448013));
#2424=DIRECTION('',(0.,1.,0.));
#2425=DIRECTION('',(0.,-1.,0.));
#2426=DIRECTION('center_axis',(0.951056516295154,0.,0.309016994374948));
#2427=DIRECTION('ref_axis',(0.218508012224411,0.707106781186547,-0.672498511963958));
#2428=DIRECTION('',(-0.951056516295154,0.,-0.309016994374948));
#2429=DIRECTION('center_axis',(-0.951056516295154,0.,-0.309016994374948));
#2430=DIRECTION('ref_axis',(-0.21850801222441,0.707106781186547,0.672498511963958));
#2431=DIRECTION('',(0.951056516295154,0.,0.309016994374948));
#2432=DIRECTION('center_axis',(0.,1.,0.));
#2433=DIRECTION('ref_axis',(0.645376366199046,0.,0.763864743231231));
#2434=DIRECTION('',(0.,-1.,0.));
#2435=DIRECTION('center_axis',(0.951056516295154,0.,0.309016994374948));
#2436=DIRECTION('ref_axis',(-0.21850801222441,-0.707106781186548,0.672498511963957));
#2437=DIRECTION('',(-0.951056516295154,0.,-0.309016994374948));
#2438=DIRECTION('center_axis',(-0.309016994374948,0.,0.951056516295154));
#2439=DIRECTION('ref_axis',(-0.951056516295154,0.,-0.309016994374948));
#2440=DIRECTION('',(0.,-1.,0.));
#2441=DIRECTION('center_axis',(0.309016994374948,0.,-0.951056516295154));
#2442=DIRECTION('ref_axis',(0.,-1.,0.));
#2443=DIRECTION('',(0.,-1.,0.));
#2444=DIRECTION('center_axis',(0.,-1.,0.));
#2445=DIRECTION('ref_axis',(1.,0.,0.));
#2446=DIRECTION('',(0.,1.,0.));
#2447=DIRECTION('center_axis',(0.309016994374948,0.,-0.951056516295154));
#2448=DIRECTION('ref_axis',(0.951056516295154,0.,0.309016994374948));
#2449=DIRECTION('center_axis',(-0.309016994374948,0.,0.951056516295154));
#2450=DIRECTION('ref_axis',(0.,1.,0.));
#2451=DIRECTION('center_axis',(-0.309016994374948,0.,0.951056516295154));
#2452=DIRECTION('ref_axis',(0.,1.,0.));
#2453=DIRECTION('',(-0.309016994374948,0.,0.951056516295154));
#2454=DIRECTION('center_axis',(-0.309016994374948,0.,0.951056516295154));
#2455=DIRECTION('ref_axis',(0.,1.,0.));
#2456=DIRECTION('center_axis',(-0.309016994374948,0.,0.951056516295154));
#2457=DIRECTION('ref_axis',(0.,1.,0.));
#2458=DIRECTION('center_axis',(0.309016994374948,0.,-0.951056516295154));
#2459=DIRECTION('ref_axis',(0.,-1.,0.));
#2460=DIRECTION('',(0.309016994374948,0.,-0.951056516295154));
#2461=DIRECTION('center_axis',(0.309016994374948,0.,-0.951056516295154));
#2462=DIRECTION('ref_axis',(0.,-1.,0.));
#2463=DIRECTION('center_axis',(0.309016994374948,0.,-0.951056516295154));
#2464=DIRECTION('ref_axis',(0.,-1.,0.));
#2465=DIRECTION('center_axis',(0.,0.,-1.));
#2466=DIRECTION('ref_axis',(-0.707106781186548,0.707106781186547,0.));
#2467=DIRECTION('',(0.,0.,1.));
#2468=DIRECTION('center_axis',(-1.,0.,0.));
#2469=DIRECTION('ref_axis',(0.,0.,-1.));
#2470=DIRECTION('',(0.,-1.,0.));
#2471=DIRECTION('',(0.,0.,-1.));
#2472=DIRECTION('',(0.,-1.,0.));
#2473=DIRECTION('center_axis',(1.,0.,0.));
#2474=DIRECTION('ref_axis',(0.,-1.,0.));
#2475=DIRECTION('center_axis',(1.11022302462516E-16,0.,-1.));
#2476=DIRECTION('ref_axis',(0.707106781186546,0.707106781186549,0.));
#2477=DIRECTION('',(1.11022302462516E-16,0.,-1.));
#2478=DIRECTION('center_axis',(-1.11022302462516E-16,0.,1.));
#2479=DIRECTION('ref_axis',(0.707106781186547,-0.707106781186548,0.));
#2480=DIRECTION('',(-1.11022302462516E-16,0.,1.));
#2481=DIRECTION('center_axis',(1.,0.,1.11022302462516E-16));
#2482=DIRECTION('ref_axis',(-1.11022302462516E-16,0.,1.));
#2483=DIRECTION('',(0.,1.,0.));
#2484=DIRECTION('',(0.,-1.,0.));
#2485=DIRECTION('center_axis',(-1.,0.,-1.11022302462516E-16));
#2486=DIRECTION('ref_axis',(0.,1.,0.));
#2487=DIRECTION('center_axis',(0.,0.,-1.));
#2488=DIRECTION('ref_axis',(-0.707106781186548,-0.707106781186547,0.));
#2489=DIRECTION('center_axis',(0.,1.,0.));
#2490=DIRECTION('ref_axis',(-0.527046276694729,0.,0.849836585598798));
#2491=DIRECTION('center_axis',(0.,1.,0.));
#2492=DIRECTION('ref_axis',(0.527046276694729,0.,0.849836585598798));
#2493=DIRECTION('center_axis',(-1.,0.,-1.11022302462516E-16));
#2494=DIRECTION('ref_axis',(0.,1.,0.));
#2495=DIRECTION('',(-1.,0.,-1.11022302462516E-16));
#2496=DIRECTION('center_axis',(-1.,0.,-1.11022302462516E-16));
#2497=DIRECTION('ref_axis',(0.,1.,0.));
#2498=DIRECTION('center_axis',(-1.,0.,-1.11022302462516E-16));
#2499=DIRECTION('ref_axis',(0.,1.,0.));
#2500=DIRECTION('center_axis',(1.,0.,0.));
#2501=DIRECTION('ref_axis',(0.,-1.,0.));
#2502=DIRECTION('',(1.,0.,0.));
#2503=DIRECTION('center_axis',(1.,0.,0.));
#2504=DIRECTION('ref_axis',(0.,-1.,0.));
#2505=DIRECTION('center_axis',(1.,0.,0.));
#2506=DIRECTION('ref_axis',(0.,-1.,0.));
#2507=DIRECTION('',(0.951056516295154,-1.22464679914735E-16,0.309016994374948));
#2508=DIRECTION('',(0.309016994374948,0.,-0.951056516295153));
#2509=DIRECTION('',(0.,0.,1.));
#2510=DIRECTION('',(1.,0.,0.));
#2511=DIRECTION('',(-0.573576436351046,4.2183727133477E-32,0.819152044288992));
#2512=DIRECTION('',(0.819152044288992,-9.18777762693654E-33,0.573576436351046));
#2513=CARTESIAN_POINT('',(0.,0.,0.));
#2514=CARTESIAN_POINT('',(0.,0.,0.));
#2515=CARTESIAN_POINT('',(0.,0.,0.));
#2516=CARTESIAN_POINT('Origin',(60.2889281517473,0.,0.));
#2517=CARTESIAN_POINT('',(42.2889281517473,-1.5,-1.83697019872103E-16));
#2518=CARTESIAN_POINT('Origin',(42.2889281517473,0.,0.));
#2519=CARTESIAN_POINT('',(39.2889281517473,-1.5,-1.83697019872103E-16));
#2520=CARTESIAN_POINT('',(60.2889281517473,-1.5,-1.83697019872103E-16));
#2521=CARTESIAN_POINT('Origin',(39.2889281517473,0.,0.));
#2522=CARTESIAN_POINT('Origin',(60.2889281517473,0.,0.));
#2523=CARTESIAN_POINT('',(63.2889281517473,-1.5,-1.83697019872103E-16));
#2524=CARTESIAN_POINT('Origin',(63.2889281517473,0.,0.));
#2525=CARTESIAN_POINT('',(60.2889281517473,-1.5,1.83697019872103E-16));
#2526=CARTESIAN_POINT('',(60.2889281517473,-1.5,-1.83697019872103E-16));
#2527=CARTESIAN_POINT('Origin',(60.2889281517473,0.,0.));
#2528=CARTESIAN_POINT('Origin',(39.2889281517473,0.,0.));
#2529=CARTESIAN_POINT('Origin',(63.2889281517473,0.,0.));
#2530=CARTESIAN_POINT('Origin',(60.2889281517473,0.,5.));
#2531=CARTESIAN_POINT('',(60.2889281517473,0.,5.));
#2532=CARTESIAN_POINT('Origin',(60.2889281517473,0.,0.));
#2533=CARTESIAN_POINT('Ctrl Pts',(42.2889281517473,0.,5.));
#2534=CARTESIAN_POINT('Ctrl Pts',(42.2889281517473,5.,5.));
#2535=CARTESIAN_POINT('Ctrl Pts',(42.2889281517473,5.,0.));
#2536=CARTESIAN_POINT('Ctrl Pts',(42.2889281517473,5.,-5.));
#2537=CARTESIAN_POINT('Ctrl Pts',(42.2889281517473,0.,-5.));
#2538=CARTESIAN_POINT('Ctrl Pts',(42.2889281517473,-5.,-5.));
#2539=CARTESIAN_POINT('Ctrl Pts',(42.2889281517473,-5.,0.));
#2540=CARTESIAN_POINT('Ctrl Pts',(42.2889281517473,-5.,5.));
#2541=CARTESIAN_POINT('Ctrl Pts',(42.2889281517473,0.,5.));
#2542=CARTESIAN_POINT('Ctrl Pts',(42.648928151734,0.,5.09480951149319));
#2543=CARTESIAN_POINT('Ctrl Pts',(42.648928151734,5.09480951149319,5.09480951149319));
#2544=CARTESIAN_POINT('Ctrl Pts',(42.648928151734,5.09480951149319,0.));
#2545=CARTESIAN_POINT('Ctrl Pts',(42.648928151734,5.09480951149319,-5.09480951149319));
#2546=CARTESIAN_POINT('Ctrl Pts',(42.648928151734,0.,-5.09480951149319));
#2547=CARTESIAN_POINT('Ctrl Pts',(42.648928151734,-5.09480951149319,-5.09480951149319));
#2548=CARTESIAN_POINT('Ctrl Pts',(42.648928151734,-5.09480951149319,0.));
#2549=CARTESIAN_POINT('Ctrl Pts',(42.648928151734,-5.09480951149319,5.09480951149319));
#2550=CARTESIAN_POINT('Ctrl Pts',(42.648928151734,0.,5.09480951149319));
#2551=CARTESIAN_POINT('Ctrl Pts',(43.3689281517108,0.,5.27614886502067));
#2552=CARTESIAN_POINT('Ctrl Pts',(43.3689281517108,5.27614886502067,5.27614886502067));
#2553=CARTESIAN_POINT('Ctrl Pts',(43.3689281517108,5.27614886502067,0.));
#2554=CARTESIAN_POINT('Ctrl Pts',(43.3689281517108,5.27614886502067,-5.27614886502067));
#2555=CARTESIAN_POINT('Ctrl Pts',(43.3689281517108,0.,-5.27614886502067));
#2556=CARTESIAN_POINT('Ctrl Pts',(43.3689281517108,-5.27614886502067,-5.27614886502067));
#2557=CARTESIAN_POINT('Ctrl Pts',(43.3689281517108,-5.27614886502067,0.));
#2558=CARTESIAN_POINT('Ctrl Pts',(43.3689281517108,-5.27614886502067,5.27614886502067));
#2559=CARTESIAN_POINT('Ctrl Pts',(43.3689281517108,0.,5.27614886502067));
#2560=CARTESIAN_POINT('Ctrl Pts',(44.4489281516868,0.,5.5233196481532));
#2561=CARTESIAN_POINT('Ctrl Pts',(44.4489281516868,5.5233196481532,5.5233196481532));
#2562=CARTESIAN_POINT('Ctrl Pts',(44.4489281516868,5.5233196481532,0.));
#2563=CARTESIAN_POINT('Ctrl Pts',(44.4489281516868,5.5233196481532,-5.5233196481532));
#2564=CARTESIAN_POINT('Ctrl Pts',(44.4489281516868,0.,-5.5233196481532));
#2565=CARTESIAN_POINT('Ctrl Pts',(44.4489281516868,-5.5233196481532,-5.5233196481532));
#2566=CARTESIAN_POINT('Ctrl Pts',(44.4489281516868,-5.5233196481532,0.));
#2567=CARTESIAN_POINT('Ctrl Pts',(44.4489281516868,-5.5233196481532,5.5233196481532));
#2568=CARTESIAN_POINT('Ctrl Pts',(44.4489281516868,0.,5.5233196481532));
#2569=CARTESIAN_POINT('Ctrl Pts',(45.8889281516745,0.,5.80238034527581));
#2570=CARTESIAN_POINT('Ctrl Pts',(45.8889281516745,5.80238034527581,5.80238034527581));
#2571=CARTESIAN_POINT('Ctrl Pts',(45.8889281516745,5.80238034527581,0.));
#2572=CARTESIAN_POINT('Ctrl Pts',(45.8889281516745,5.80238034527581,-5.80238034527581));
#2573=CARTESIAN_POINT('Ctrl Pts',(45.8889281516745,0.,-5.80238034527581));
#2574=CARTESIAN_POINT('Ctrl Pts',(45.8889281516745,-5.80238034527581,-5.80238034527581));
#2575=CARTESIAN_POINT('Ctrl Pts',(45.8889281516745,-5.80238034527581,0.));
#2576=CARTESIAN_POINT('Ctrl Pts',(45.8889281516745,-5.80238034527581,5.80238034527581));
#2577=CARTESIAN_POINT('Ctrl Pts',(45.8889281516745,0.,5.80238034527581));
#2578=CARTESIAN_POINT('Ctrl Pts',(47.688928151685,0.,6.06132673681062));
#2579=CARTESIAN_POINT('Ctrl Pts',(47.688928151685,6.06132673681061,6.06132673681061));
#2580=CARTESIAN_POINT('Ctrl Pts',(47.688928151685,6.06132673681062,0.));
#2581=CARTESIAN_POINT('Ctrl Pts',(47.688928151685,6.06132673681061,-6.06132673681061));
#2582=CARTESIAN_POINT('Ctrl Pts',(47.688928151685,0.,-6.06132673681062));
#2583=CARTESIAN_POINT('Ctrl Pts',(47.688928151685,-6.06132673681061,-6.06132673681061));
#2584=CARTESIAN_POINT('Ctrl Pts',(47.688928151685,-6.06132673681062,0.));
#2585=CARTESIAN_POINT('Ctrl Pts',(47.688928151685,-6.06132673681061,6.06132673681061));
#2586=CARTESIAN_POINT('Ctrl Pts',(47.688928151685,0.,6.06132673681062));
#2587=CARTESIAN_POINT('Ctrl Pts',(49.4889281517124,0.,6.22236120492388));
#2588=CARTESIAN_POINT('Ctrl Pts',(49.4889281517124,6.22236120492388,6.22236120492388));
#2589=CARTESIAN_POINT('Ctrl Pts',(49.4889281517124,6.22236120492388,0.));
#2590=CARTESIAN_POINT('Ctrl Pts',(49.4889281517124,6.22236120492388,-6.22236120492388));
#2591=CARTESIAN_POINT('Ctrl Pts',(49.4889281517124,0.,-6.22236120492388));
#2592=CARTESIAN_POINT('Ctrl Pts',(49.4889281517124,-6.22236120492388,-6.22236120492388));
#2593=CARTESIAN_POINT('Ctrl Pts',(49.4889281517124,-6.22236120492388,0.));
#2594=CARTESIAN_POINT('Ctrl Pts',(49.4889281517124,-6.22236120492388,6.22236120492388));
#2595=CARTESIAN_POINT('Ctrl Pts',(49.4889281517124,0.,6.22236120492388));
#2596=CARTESIAN_POINT('Ctrl Pts',(51.2889281517476,0.,6.27749339197399));
#2597=CARTESIAN_POINT('Ctrl Pts',(51.2889281517476,6.27749339197399,6.27749339197399));
#2598=CARTESIAN_POINT('Ctrl Pts',(51.2889281517476,6.27749339197399,0.));
#2599=CARTESIAN_POINT('Ctrl Pts',(51.2889281517476,6.27749339197399,-6.27749339197399));
#2600=CARTESIAN_POINT('Ctrl Pts',(51.2889281517476,0.,-6.27749339197399));
#2601=CARTESIAN_POINT('Ctrl Pts',(51.2889281517476,-6.27749339197399,-6.27749339197399));
#2602=CARTESIAN_POINT('Ctrl Pts',(51.2889281517476,-6.27749339197399,0.));
#2603=CARTESIAN_POINT('Ctrl Pts',(51.2889281517476,-6.27749339197399,6.27749339197399));
#2604=CARTESIAN_POINT('Ctrl Pts',(51.2889281517476,0.,6.27749339197399));
#2605=CARTESIAN_POINT('Ctrl Pts',(53.0889281517814,0.,6.22236120492582));
#2606=CARTESIAN_POINT('Ctrl Pts',(53.0889281517814,6.22236120492581,6.22236120492581));
#2607=CARTESIAN_POINT('Ctrl Pts',(53.0889281517814,6.22236120492582,0.));
#2608=CARTESIAN_POINT('Ctrl Pts',(53.0889281517814,6.22236120492581,-6.22236120492581));
#2609=CARTESIAN_POINT('Ctrl Pts',(53.0889281517814,0.,-6.22236120492582));
#2610=CARTESIAN_POINT('Ctrl Pts',(53.0889281517814,-6.22236120492581,-6.22236120492581));
#2611=CARTESIAN_POINT('Ctrl Pts',(53.0889281517814,-6.22236120492582,0.));
#2612=CARTESIAN_POINT('Ctrl Pts',(53.0889281517814,-6.22236120492581,6.22236120492581));
#2613=CARTESIAN_POINT('Ctrl Pts',(53.0889281517814,0.,6.22236120492582));
#2614=CARTESIAN_POINT('Ctrl Pts',(54.8889281518057,0.,6.06132673681402));
#2615=CARTESIAN_POINT('Ctrl Pts',(54.8889281518057,6.06132673681402,6.06132673681402));
#2616=CARTESIAN_POINT('Ctrl Pts',(54.8889281518057,6.06132673681402,0.));
#2617=CARTESIAN_POINT('Ctrl Pts',(54.8889281518057,6.06132673681402,-6.06132673681402));
#2618=CARTESIAN_POINT('Ctrl Pts',(54.8889281518057,0.,-6.06132673681402));
#2619=CARTESIAN_POINT('Ctrl Pts',(54.8889281518057,-6.06132673681402,-6.06132673681402));
#2620=CARTESIAN_POINT('Ctrl Pts',(54.8889281518057,-6.06132673681402,0.));
#2621=CARTESIAN_POINT('Ctrl Pts',(54.8889281518057,-6.06132673681402,6.06132673681402));
#2622=CARTESIAN_POINT('Ctrl Pts',(54.8889281518057,0.,6.06132673681402));
#2623=CARTESIAN_POINT('Ctrl Pts',(56.6889281518131,0.,5.80238034527974));
#2624=CARTESIAN_POINT('Ctrl Pts',(56.6889281518131,5.80238034527974,5.80238034527974));
#2625=CARTESIAN_POINT('Ctrl Pts',(56.6889281518131,5.80238034527974,0.));
#2626=CARTESIAN_POINT('Ctrl Pts',(56.6889281518131,5.80238034527974,-5.80238034527974));
#2627=CARTESIAN_POINT('Ctrl Pts',(56.6889281518131,0.,-5.80238034527974));
#2628=CARTESIAN_POINT('Ctrl Pts',(56.6889281518131,-5.80238034527974,-5.80238034527974));
#2629=CARTESIAN_POINT('Ctrl Pts',(56.6889281518131,-5.80238034527974,0.));
#2630=CARTESIAN_POINT('Ctrl Pts',(56.6889281518131,-5.80238034527974,5.80238034527974));
#2631=CARTESIAN_POINT('Ctrl Pts',(56.6889281518131,0.,5.80238034527974));
#2632=CARTESIAN_POINT('Ctrl Pts',(58.1289281518007,0.,5.52331964815644));
#2633=CARTESIAN_POINT('Ctrl Pts',(58.1289281518007,5.52331964815644,5.52331964815644));
#2634=CARTESIAN_POINT('Ctrl Pts',(58.1289281518007,5.52331964815644,0.));
#2635=CARTESIAN_POINT('Ctrl Pts',(58.1289281518007,5.52331964815644,-5.52331964815644));
#2636=CARTESIAN_POINT('Ctrl Pts',(58.1289281518007,0.,-5.52331964815644));
#2637=CARTESIAN_POINT('Ctrl Pts',(58.1289281518007,-5.52331964815644,-5.52331964815644));
#2638=CARTESIAN_POINT('Ctrl Pts',(58.1289281518007,-5.52331964815644,0.));
#2639=CARTESIAN_POINT('Ctrl Pts',(58.1289281518007,-5.52331964815644,5.52331964815644));
#2640=CARTESIAN_POINT('Ctrl Pts',(58.1289281518007,0.,5.52331964815644));
#2641=CARTESIAN_POINT('Ctrl Pts',(59.2089281517789,0.,5.2761488650226));
#2642=CARTESIAN_POINT('Ctrl Pts',(59.2089281517789,5.2761488650226,5.2761488650226));
#2643=CARTESIAN_POINT('Ctrl Pts',(59.2089281517789,5.2761488650226,0.));
#2644=CARTESIAN_POINT('Ctrl Pts',(59.2089281517789,5.2761488650226,-5.2761488650226));
#2645=CARTESIAN_POINT('Ctrl Pts',(59.2089281517789,0.,-5.2761488650226));
#2646=CARTESIAN_POINT('Ctrl Pts',(59.2089281517789,-5.2761488650226,-5.2761488650226));
#2647=CARTESIAN_POINT('Ctrl Pts',(59.2089281517789,-5.2761488650226,0.));
#2648=CARTESIAN_POINT('Ctrl Pts',(59.2089281517789,-5.2761488650226,5.2761488650226));
#2649=CARTESIAN_POINT('Ctrl Pts',(59.2089281517789,0.,5.2761488650226));
#2650=CARTESIAN_POINT('Ctrl Pts',(59.9289281517588,0.,5.09480951149389));
#2651=CARTESIAN_POINT('Ctrl Pts',(59.9289281517588,5.09480951149389,5.09480951149389));
#2652=CARTESIAN_POINT('Ctrl Pts',(59.9289281517588,5.09480951149389,0.));
#2653=CARTESIAN_POINT('Ctrl Pts',(59.9289281517588,5.09480951149389,-5.09480951149389));
#2654=CARTESIAN_POINT('Ctrl Pts',(59.9289281517588,0.,-5.09480951149389));
#2655=CARTESIAN_POINT('Ctrl Pts',(59.9289281517588,-5.09480951149389,-5.09480951149389));
#2656=CARTESIAN_POINT('Ctrl Pts',(59.9289281517588,-5.09480951149389,0.));
#2657=CARTESIAN_POINT('Ctrl Pts',(59.9289281517588,-5.09480951149389,5.09480951149389));
#2658=CARTESIAN_POINT('Ctrl Pts',(59.9289281517588,0.,5.09480951149389));
#2659=CARTESIAN_POINT('Ctrl Pts',(60.2889281517473,0.,5.));
#2660=CARTESIAN_POINT('Ctrl Pts',(60.2889281517473,5.,5.));
#2661=CARTESIAN_POINT('Ctrl Pts',(60.2889281517473,5.,0.));
#2662=CARTESIAN_POINT('Ctrl Pts',(60.2889281517473,5.,-5.));
#2663=CARTESIAN_POINT('Ctrl Pts',(60.2889281517473,0.,-5.));
#2664=CARTESIAN_POINT('Ctrl Pts',(60.2889281517473,-5.,-5.));
#2665=CARTESIAN_POINT('Ctrl Pts',(60.2889281517473,-5.,0.));
#2666=CARTESIAN_POINT('Ctrl Pts',(60.2889281517473,-5.,5.));
#2667=CARTESIAN_POINT('Ctrl Pts',(60.2889281517473,0.,5.));
#2668=CARTESIAN_POINT('',(42.2889281517473,0.,5.));
#2669=CARTESIAN_POINT('Ctrl Pts',(42.2889281517473,0.,5.));
#2670=CARTESIAN_POINT('Ctrl Pts',(42.648928151734,0.,5.09480951149319));
#2671=CARTESIAN_POINT('Ctrl Pts',(43.3689281517108,0.,5.27614886502067));
#2672=CARTESIAN_POINT('Ctrl Pts',(44.4489281516868,0.,5.5233196481532));
#2673=CARTESIAN_POINT('Ctrl Pts',(45.8889281516745,0.,5.80238034527581));
#2674=CARTESIAN_POINT('Ctrl Pts',(47.688928151685,0.,6.06132673681062));
#2675=CARTESIAN_POINT('Ctrl Pts',(49.4889281517124,0.,6.22236120492388));
#2676=CARTESIAN_POINT('Ctrl Pts',(51.2889281517476,0.,6.27749339197399));
#2677=CARTESIAN_POINT('Ctrl Pts',(53.0889281517814,0.,6.22236120492582));
#2678=CARTESIAN_POINT('Ctrl Pts',(54.8889281518057,0.,6.06132673681402));
#2679=CARTESIAN_POINT('Ctrl Pts',(56.6889281518131,0.,5.80238034527974));
#2680=CARTESIAN_POINT('Ctrl Pts',(58.1289281518007,0.,5.52331964815644));
#2681=CARTESIAN_POINT('Ctrl Pts',(59.2089281517789,0.,5.2761488650226));
#2682=CARTESIAN_POINT('Ctrl Pts',(59.9289281517588,0.,5.09480951149389));
#2683=CARTESIAN_POINT('Ctrl Pts',(60.2889281517473,0.,5.));
#2684=CARTESIAN_POINT('Origin',(42.2889281517473,0.,0.));
#2685=CARTESIAN_POINT('Origin',(42.2889281517473,0.,0.));
#2686=CARTESIAN_POINT('Origin',(75.2038077014575,-2.5810095146125E-15,-23.9140597970384));
#2687=CARTESIAN_POINT('',(69.6415018027084,-1.5,-6.79504250372563));
#2688=CARTESIAN_POINT('Origin',(69.6415018027084,-4.84534541332135E-16,
-6.79504250372563));
#2689=CARTESIAN_POINT('',(68.7144508195836,-1.5,-3.94187295484016));
#2690=CARTESIAN_POINT('',(75.2038077014575,-1.5,-23.9140597970384));
#2691=CARTESIAN_POINT('Origin',(68.7144508195836,-1.35122045785407E-16,
-3.94187295484016));
#2692=CARTESIAN_POINT('Origin',(75.2038077014575,-2.5810095146125E-15,-23.9140597970384));
#2693=CARTESIAN_POINT('',(76.1308586845823,-1.5,-26.7672293459239));
#2694=CARTESIAN_POINT('Origin',(76.1308586845823,-2.93042201015923E-15,
-26.7672293459239));
#2695=CARTESIAN_POINT('',(75.2038077014575,-1.5,-23.9140597970384));
#2696=CARTESIAN_POINT('',(75.2038077014575,-1.5,-23.9140597970384));
#2697=CARTESIAN_POINT('Origin',(75.2038077014575,-2.5810095146125E-15,-23.9140597970384));
#2698=CARTESIAN_POINT('Origin',(68.7144508195836,-1.35122045785407E-16,
-3.94187295484016));
#2699=CARTESIAN_POINT('Origin',(76.1308586845823,-2.93042201015923E-15,
-26.7672293459239));
#2700=CARTESIAN_POINT('Origin',(79.9590902829333,-3.00411457766447E-15,
-22.3689748251637));
#2701=CARTESIAN_POINT('',(79.9590902829333,-3.00411457766447E-15,-22.3689748251637));
#2702=CARTESIAN_POINT('Origin',(75.2038077014575,-2.5810095146125E-15,-23.9140597970384));
#2703=CARTESIAN_POINT('Ctrl Pts',(74.3967843841842,-9.07639604384104E-16,
-5.2499575318509));
#2704=CARTESIAN_POINT('Ctrl Pts',(74.3967843841842,5.,-5.2499575318509));
#2705=CARTESIAN_POINT('Ctrl Pts',(69.6415018027084,5.,-6.79504250372563));
#2706=CARTESIAN_POINT('Ctrl Pts',(64.8862192212327,5.,-8.34012747560037));
#2707=CARTESIAN_POINT('Ctrl Pts',(64.8862192212327,-6.14294782801665E-17,
-8.34012747560037));
#2708=CARTESIAN_POINT('Ctrl Pts',(64.8862192212327,-5.,-8.34012747560037));
#2709=CARTESIAN_POINT('Ctrl Pts',(69.6415018027084,-5.,-6.79504250372563));
#2710=CARTESIAN_POINT('Ctrl Pts',(74.3967843841842,-5.,-5.2499575318509));
#2711=CARTESIAN_POINT('Ctrl Pts',(74.3967843841842,-9.07639604384104E-16,
-5.2499575318509));
#2712=CARTESIAN_POINT('Ctrl Pts',(74.5981997058674,-9.57591980715812E-16,
-5.56304012742472));
#2713=CARTESIAN_POINT('Ctrl Pts',(74.5981997058674,5.09480951149319,-5.56304012742472));
#2714=CARTESIAN_POINT('Ctrl Pts',(69.7527479206793,5.09480951149319,-7.13742284957924));
#2715=CARTESIAN_POINT('Ctrl Pts',(64.9072961354912,5.09480951149319,-8.71180557173376));
#2716=CARTESIAN_POINT('Ctrl Pts',(64.9072961354912,-9.53361008765745E-17,
-8.71180557173376));
#2717=CARTESIAN_POINT('Ctrl Pts',(64.9072961354912,-5.09480951149319,-8.71180557173376));
#2718=CARTESIAN_POINT('Ctrl Pts',(69.7527479206793,-5.09480951149319,-7.13742284957924));
#2719=CARTESIAN_POINT('Ctrl Pts',(74.5981997058674,-5.09480951149319,-5.56304012742472));
#2720=CARTESIAN_POINT('Ctrl Pts',(74.5981997058674,-9.57591980715812E-16,
-5.56304012742472));
#2721=CARTESIAN_POINT('Ctrl Pts',(74.9931559156433,-1.05679609936595E-15,
-6.19176387714629));
#2722=CARTESIAN_POINT('Ctrl Pts',(74.9931559156433,5.27614886502067,-6.19176387714629));
#2723=CARTESIAN_POINT('Ctrl Pts',(69.9752401566221,5.27614886502067,-7.82218354128977));
#2724=CARTESIAN_POINT('Ctrl Pts',(64.957324397601,5.27614886502067,-9.45260320543325));
#2725=CARTESIAN_POINT('Ctrl Pts',(64.957324397601,-1.63849980083486E-16,
-9.45260320543325));
#2726=CARTESIAN_POINT('Ctrl Pts',(64.957324397601,-5.27614886502067,-9.45260320543325));
#2727=CARTESIAN_POINT('Ctrl Pts',(69.9752401566221,-5.27614886502067,-7.82218354128977));
#2728=CARTESIAN_POINT('Ctrl Pts',(74.9931559156433,-5.27614886502067,-6.19176387714629));
#2729=CARTESIAN_POINT('Ctrl Pts',(74.9931559156433,-1.05679609936595E-15,
-6.19176387714629));
#2730=CARTESIAN_POINT('Ctrl Pts',(75.5619676534968,-1.20350043971635E-15,
-7.14252494222128));
#2731=CARTESIAN_POINT('Ctrl Pts',(75.5619676534968,5.5233196481532,-7.14252494222128));
#2732=CARTESIAN_POINT('Ctrl Pts',(70.3089785105397,5.5233196481532,-8.84932457886568));
#2733=CARTESIAN_POINT('Ctrl Pts',(65.0559893675825,5.5233196481532,-10.5561242155101));
#2734=CARTESIAN_POINT('Ctrl Pts',(65.0559893675825,-2.68722636521132E-16,
-10.5561242155101));
#2735=CARTESIAN_POINT('Ctrl Pts',(65.0559893675825,-5.5233196481532,-10.5561242155101));
#2736=CARTESIAN_POINT('Ctrl Pts',(70.3089785105397,-5.5233196481532,-8.84932457886568));
#2737=CARTESIAN_POINT('Ctrl Pts',(75.5619676534968,-5.5233196481532,-7.14252494222128));
#2738=CARTESIAN_POINT('Ctrl Pts',(75.5619676534968,-1.20350043971635E-15,
-7.14252494222128));
#2739=CARTESIAN_POINT('Ctrl Pts',(76.2723546198333,-1.39483283634762E-15,
-8.42581182780155));
#2740=CARTESIAN_POINT('Ctrl Pts',(76.2723546198332,5.80238034527581,-8.42581182780155));
#2741=CARTESIAN_POINT('Ctrl Pts',(70.7539629824358,5.80238034527581,-10.2188459623189));
#2742=CARTESIAN_POINT('Ctrl Pts',(65.2355713450383,5.80238034527581,-12.0118800968364));
#2743=CARTESIAN_POINT('Ctrl Pts',(65.2355713450383,-4.12826235611845E-16,
-12.0118800968364));
#2744=CARTESIAN_POINT('Ctrl Pts',(65.2355713450383,-5.80238034527581,-12.0118800968364));
#2745=CARTESIAN_POINT('Ctrl Pts',(70.7539629824358,-5.80238034527581,-10.2188459623189));
#2746=CARTESIAN_POINT('Ctrl Pts',(76.2723546198332,-5.80238034527581,-8.42581182780155));
#2747=CARTESIAN_POINT('Ctrl Pts',(76.2723546198333,-1.39483283634762E-15,
-8.42581182780155));
#2748=CARTESIAN_POINT('Ctrl Pts',(77.0748578627517,-1.62639263954036E-15,
-10.0576947215265));
#2749=CARTESIAN_POINT('Ctrl Pts',(77.0748578627517,6.06132673681061,-10.0576947215265));
#2750=CARTESIAN_POINT('Ctrl Pts',(71.3101935723139,6.06132673681061,-11.9307476916602));
#2751=CARTESIAN_POINT('Ctrl Pts',(65.5455292818761,6.06132673681061,-13.8038006617939));
#2752=CARTESIAN_POINT('Ctrl Pts',(65.5455292818761,-6.00561427077622E-16,
-13.8038006617939));
#2753=CARTESIAN_POINT('Ctrl Pts',(65.5455292818761,-6.06132673681062,-13.8038006617939));
#2754=CARTESIAN_POINT('Ctrl Pts',(71.3101935723139,-6.06132673681062,-11.9307476916602));
#2755=CARTESIAN_POINT('Ctrl Pts',(77.0748578627517,-6.06132673681062,-10.0576947215265));
#2756=CARTESIAN_POINT('Ctrl Pts',(77.0748578627517,-1.62639263954036E-15,
-10.0576947215265));
#2757=CARTESIAN_POINT('Ctrl Pts',(77.7842413328823,-1.84966703662852E-15,
-11.7198340635568));
#2758=CARTESIAN_POINT('Ctrl Pts',(77.7842413328823,6.22236120492388,-11.7198340635568));
#2759=CARTESIAN_POINT('Ctrl Pts',(71.8664241621973,6.22236120492388,-13.6426494210176));
#2760=CARTESIAN_POINT('Ctrl Pts',(65.9486069915123,6.22236120492388,-15.5654647784785));
#2761=CARTESIAN_POINT('Ctrl Pts',(65.9486069915123,-7.96582024651938E-16,
-15.5654647784785));
#2762=CARTESIAN_POINT('Ctrl Pts',(65.9486069915123,-6.22236120492388,-15.5654647784785));
#2763=CARTESIAN_POINT('Ctrl Pts',(71.8664241621973,-6.22236120492388,-13.6426494210176));
#2764=CARTESIAN_POINT('Ctrl Pts',(77.7842413328823,-6.22236120492388,-11.7198340635568));
#2765=CARTESIAN_POINT('Ctrl Pts',(77.7842413328823,-1.84966703662852E-15,
-11.7198340635568));
#2766=CARTESIAN_POINT('Ctrl Pts',(78.3929057485197,-2.06397987545625E-15,
-13.4146990101859));
#2767=CARTESIAN_POINT('Ctrl Pts',(78.3929057485197,6.27749339197399,-13.4146990101859));
#2768=CARTESIAN_POINT('Ctrl Pts',(72.4226547520831,6.27749339197399,-15.3545511503823));
#2769=CARTESIAN_POINT('Ctrl Pts',(66.4524037556464,6.27749339197399,-17.2944032905787));
#2770=CARTESIAN_POINT('Ctrl Pts',(66.4524037556464,-1.00156418048846E-15,
-17.2944032905787));
#2771=CARTESIAN_POINT('Ctrl Pts',(66.4524037556464,-6.27749339197399,-17.2944032905787));
#2772=CARTESIAN_POINT('Ctrl Pts',(72.4226547520831,-6.27749339197399,-15.3545511503823));
#2773=CARTESIAN_POINT('Ctrl Pts',(78.3929057485197,-6.27749339197399,-13.4146990101859));
#2774=CARTESIAN_POINT('Ctrl Pts',(78.3929057485197,-2.06397987545625E-15,
-13.4146990101859));
#2775=CARTESIAN_POINT('Ctrl Pts',(78.8967025126553,-2.26896203129278E-15,
-15.1436375222843));
#2776=CARTESIAN_POINT('Ctrl Pts',(78.8967025126553,6.22236120492581,-15.1436375222843));
#2777=CARTESIAN_POINT('Ctrl Pts',(72.9788853419684,6.22236120492581,-17.0664528797457));
#2778=CARTESIAN_POINT('Ctrl Pts',(67.0610681712816,6.22236120492581,-18.9892682372072));
#2779=CARTESIAN_POINT('Ctrl Pts',(67.0610681712816,-1.21587701931588E-15,
-18.9892682372072));
#2780=CARTESIAN_POINT('Ctrl Pts',(67.0610681712816,-6.22236120492582,-18.9892682372072));
#2781=CARTESIAN_POINT('Ctrl Pts',(72.9788853419684,-6.22236120492582,-17.0664528797457));
#2782=CARTESIAN_POINT('Ctrl Pts',(78.8967025126553,-6.22236120492582,-15.1436375222843));
#2783=CARTESIAN_POINT('Ctrl Pts',(78.8967025126553,-2.26896203129278E-15,
-15.1436375222843));
#2784=CARTESIAN_POINT('Ctrl Pts',(79.2997802222918,-2.46498262886685E-15,
-16.9053016389653));
#2785=CARTESIAN_POINT('Ctrl Pts',(79.2997802222918,6.06132673681401,-16.9053016389653));
#2786=CARTESIAN_POINT('Ctrl Pts',(73.5351159318508,6.06132673681401,-18.7783546091001));
#2787=CARTESIAN_POINT('Ctrl Pts',(67.7704516414098,6.06132673681401,-20.6514075792349));
#2788=CARTESIAN_POINT('Ctrl Pts',(67.7704516414098,-1.43915141640354E-15,
-20.6514075792349));
#2789=CARTESIAN_POINT('Ctrl Pts',(67.7704516414098,-6.06132673681402,-20.6514075792349));
#2790=CARTESIAN_POINT('Ctrl Pts',(73.5351159318508,-6.06132673681402,-18.7783546091001));
#2791=CARTESIAN_POINT('Ctrl Pts',(79.2997802222918,-6.06132673681402,-16.9053016389653));
#2792=CARTESIAN_POINT('Ctrl Pts',(79.2997802222918,-2.46498262886685E-15,
-16.9053016389653));
#2793=CARTESIAN_POINT('Ctrl Pts',(79.6097381591293,-2.65271782033232E-15,
-18.6972222039199));
#2794=CARTESIAN_POINT('Ctrl Pts',(79.6097381591293,5.80238034527974,-18.6972222039199));
#2795=CARTESIAN_POINT('Ctrl Pts',(74.091346521728,5.80238034527974,-20.4902563384385));
#2796=CARTESIAN_POINT('Ctrl Pts',(68.5729548843268,5.80238034527974,-22.2832904729571));
#2797=CARTESIAN_POINT('Ctrl Pts',(68.5729548843268,-1.67071121959588E-15,
-22.2832904729571));
#2798=CARTESIAN_POINT('Ctrl Pts',(68.5729548843268,-5.80238034527974,-22.2832904729571));
#2799=CARTESIAN_POINT('Ctrl Pts',(74.091346521728,-5.80238034527975,-20.4902563384385));
#2800=CARTESIAN_POINT('Ctrl Pts',(79.6097381591293,-5.80238034527974,-18.6972222039199));
#2801=CARTESIAN_POINT('Ctrl Pts',(79.6097381591293,-2.65271782033232E-15,
-18.6972222039199));
#2802=CARTESIAN_POINT('Ctrl Pts',(79.7893201365844,-2.79682141942296E-15,
-20.1529780852463));
#2803=CARTESIAN_POINT('Ctrl Pts',(79.7893201365844,5.52331964815643,-20.1529780852463));
#2804=CARTESIAN_POINT('Ctrl Pts',(74.5363309936241,5.52331964815643,-21.8597777218917));
#2805=CARTESIAN_POINT('Ctrl Pts',(69.2833418506639,5.52331964815643,-23.5665773585371));
#2806=CARTESIAN_POINT('Ctrl Pts',(69.2833418506639,-1.8620436162272E-15,
-23.5665773585371));
#2807=CARTESIAN_POINT('Ctrl Pts',(69.2833418506639,-5.52331964815644,-23.5665773585371));
#2808=CARTESIAN_POINT('Ctrl Pts',(74.5363309936241,-5.52331964815644,-21.8597777218917));
#2809=CARTESIAN_POINT('Ctrl Pts',(79.7893201365844,-5.52331964815644,-20.1529780852463));
#2810=CARTESIAN_POINT('Ctrl Pts',(79.7893201365844,-2.79682141942296E-15,
-20.1529780852463));
#2811=CARTESIAN_POINT('Ctrl Pts',(79.8879851065654,-2.90169407586076E-15,
-21.2564990953257));
#2812=CARTESIAN_POINT('Ctrl Pts',(79.8879851065654,5.2761488650226,-21.2564990953257));
#2813=CARTESIAN_POINT('Ctrl Pts',(74.8700693475424,5.2761488650226,-22.8869187594698));
#2814=CARTESIAN_POINT('Ctrl Pts',(69.8521535885193,5.2761488650226,-24.5173384236139));
#2815=CARTESIAN_POINT('Ctrl Pts',(69.8521535885193,-2.00874795657798E-15,
-24.5173384236139));
#2816=CARTESIAN_POINT('Ctrl Pts',(69.8521535885193,-5.27614886502261,-24.5173384236139));
#2817=CARTESIAN_POINT('Ctrl Pts',(74.8700693475424,-5.27614886502261,-22.8869187594698));
#2818=CARTESIAN_POINT('Ctrl Pts',(79.8879851065654,-5.27614886502261,-21.2564990953257));
#2819=CARTESIAN_POINT('Ctrl Pts',(79.8879851065654,-2.90169407586076E-15,
-21.2564990953257));
#2820=CARTESIAN_POINT('Ctrl Pts',(79.9380133686749,-2.97020795506791E-15,
-21.9972967290283));
#2821=CARTESIAN_POINT('Ctrl Pts',(79.9380133686749,5.09480951149389,-21.9972967290283));
#2822=CARTESIAN_POINT('Ctrl Pts',(75.0925615834861,5.09480951149389,-23.5716794511831));
#2823=CARTESIAN_POINT('Ctrl Pts',(70.2471097982973,5.09480951149389,-25.1460621733378));
#2824=CARTESIAN_POINT('Ctrl Pts',(70.2471097982973,-2.10795207522855E-15,
-25.1460621733378));
#2825=CARTESIAN_POINT('Ctrl Pts',(70.2471097982973,-5.09480951149389,-25.1460621733378));
#2826=CARTESIAN_POINT('Ctrl Pts',(75.0925615834861,-5.09480951149389,-23.5716794511831));
#2827=CARTESIAN_POINT('Ctrl Pts',(79.9380133686749,-5.09480951149389,-21.9972967290283));
#2828=CARTESIAN_POINT('Ctrl Pts',(79.9380133686749,-2.97020795506791E-15,
-21.9972967290283));
#2829=CARTESIAN_POINT('Ctrl Pts',(79.9590902829333,-3.00411457766447E-15,
-22.3689748251637));
#2830=CARTESIAN_POINT('Ctrl Pts',(79.9590902829333,5.,-22.3689748251637));
#2831=CARTESIAN_POINT('Ctrl Pts',(75.2038077014575,5.,-23.9140597970384));
#2832=CARTESIAN_POINT('Ctrl Pts',(70.4485251199817,5.,-25.4591447689131));
#2833=CARTESIAN_POINT('Ctrl Pts',(70.4485251199817,-2.15790445156053E-15,
-25.4591447689131));
#2834=CARTESIAN_POINT('Ctrl Pts',(70.4485251199817,-5.,-25.4591447689131));
#2835=CARTESIAN_POINT('Ctrl Pts',(75.2038077014575,-5.,-23.9140597970384));
#2836=CARTESIAN_POINT('Ctrl Pts',(79.9590902829333,-5.,-22.3689748251637));
#2837=CARTESIAN_POINT('Ctrl Pts',(79.9590902829333,-3.00411457766447E-15,
-22.3689748251637));
#2838=CARTESIAN_POINT('',(74.3967843841842,-9.07639604384104E-16,-5.2499575318509));
#2839=CARTESIAN_POINT('Ctrl Pts',(74.3967843841842,-9.07639604384104E-16,
-5.2499575318509));
#2840=CARTESIAN_POINT('Ctrl Pts',(74.5981997058674,-9.57591980715812E-16,
-5.56304012742472));
#2841=CARTESIAN_POINT('Ctrl Pts',(74.9931559156433,-1.05679609936595E-15,
-6.19176387714629));
#2842=CARTESIAN_POINT('Ctrl Pts',(75.5619676534968,-1.20350043971635E-15,
-7.14252494222128));
#2843=CARTESIAN_POINT('Ctrl Pts',(76.2723546198333,-1.39483283634762E-15,
-8.42581182780155));
#2844=CARTESIAN_POINT('Ctrl Pts',(77.0748578627517,-1.62639263954036E-15,
-10.0576947215265));
#2845=CARTESIAN_POINT('Ctrl Pts',(77.7842413328823,-1.84966703662852E-15,
-11.7198340635568));
#2846=CARTESIAN_POINT('Ctrl Pts',(78.3929057485197,-2.06397987545625E-15,
-13.4146990101859));
#2847=CARTESIAN_POINT('Ctrl Pts',(78.8967025126553,-2.26896203129278E-15,
-15.1436375222843));
#2848=CARTESIAN_POINT('Ctrl Pts',(79.2997802222918,-2.46498262886685E-15,
-16.9053016389653));
#2849=CARTESIAN_POINT('Ctrl Pts',(79.6097381591293,-2.65271782033232E-15,
-18.6972222039199));
#2850=CARTESIAN_POINT('Ctrl Pts',(79.7893201365844,-2.79682141942296E-15,
-20.1529780852463));
#2851=CARTESIAN_POINT('Ctrl Pts',(79.8879851065654,-2.90169407586076E-15,
-21.2564990953257));
#2852=CARTESIAN_POINT('Ctrl Pts',(79.9380133686749,-2.97020795506791E-15,
-21.9972967290283));
#2853=CARTESIAN_POINT('Ctrl Pts',(79.9590902829333,-3.00411457766447E-15,
-22.3689748251637));
#2854=CARTESIAN_POINT('Origin',(69.6415018027084,-4.84534541332135E-16,
-6.79504250372563));
#2855=CARTESIAN_POINT('Origin',(69.6415018027084,-4.84534541332135E-16,
-6.79504250372563));
#2856=CARTESIAN_POINT('Origin',(57.069136550328,-5.44999688718679E-15,-45.4888040643312));
#2857=CARTESIAN_POINT('',(71.6314424490771,-1.5,-34.9086695230667));
#2858=CARTESIAN_POINT('Origin',(71.6314424490771,-4.15430409713599E-15,
-34.9086695230667));
#2859=CARTESIAN_POINT('',(74.0584934322019,-1.5,-33.1453137661893));
#2860=CARTESIAN_POINT('',(57.069136550328,-1.50000000000001,-45.4888040643312));
#2861=CARTESIAN_POINT('Origin',(74.0584934322019,-3.93835529879419E-15,
-33.1453137661893));
#2862=CARTESIAN_POINT('Origin',(57.069136550328,-5.44999688718679E-15,-45.4888040643312));
#2863=CARTESIAN_POINT('',(54.6420855672032,-1.50000000000001,-47.2521598212086));
#2864=CARTESIAN_POINT('Origin',(54.6420855672032,-5.66594568552859E-15,
-47.2521598212086));
#2865=CARTESIAN_POINT('',(57.069136550328,-1.50000000000001,-45.4888040643312));
#2866=CARTESIAN_POINT('',(57.069136550328,-1.50000000000001,-45.4888040643312));
#2867=CARTESIAN_POINT('Origin',(57.069136550328,-5.44999688718679E-15,-45.4888040643312));
#2868=CARTESIAN_POINT('Origin',(74.0584934322019,-3.93835529879419E-15,
-33.1453137661893));
#2869=CARTESIAN_POINT('Origin',(54.6420855672032,-5.66594568552859E-15,
-47.2521598212086));
#2870=CARTESIAN_POINT('Origin',(60.0080628117904,-6.55770032306901E-15,
-49.533889036206));
#2871=CARTESIAN_POINT('',(60.0080628117904,-6.55770032306901E-15,-49.533889036206));
#2872=CARTESIAN_POINT('Origin',(57.069136550328,-5.44999688718679E-15,-45.4888040643312));
#2873=CARTESIAN_POINT('Ctrl Pts',(74.5703687105394,-5.26200753301822E-15,
-38.9537544949414));
#2874=CARTESIAN_POINT('Ctrl Pts',(74.5703687105394,4.99999999999999,-38.9537544949414));
#2875=CARTESIAN_POINT('Ctrl Pts',(71.6314424490771,5.,-34.9086695230667));
#2876=CARTESIAN_POINT('Ctrl Pts',(68.6925161876147,5.,-30.863584551192));
#2877=CARTESIAN_POINT('Ctrl Pts',(68.6925161876147,-3.04660066125377E-15,
-30.863584551192));
#2878=CARTESIAN_POINT('Ctrl Pts',(68.6925161876147,-5.,-30.863584551192));
#2879=CARTESIAN_POINT('Ctrl Pts',(71.6314424490771,-5.,-34.9086695230667));
#2880=CARTESIAN_POINT('Ctrl Pts',(74.5703687105394,-5.,-38.9537544949414));
#2881=CARTESIAN_POINT('Ctrl Pts',(74.5703687105394,-5.26200753301822E-15,
-38.9537544949414));
#2882=CARTESIAN_POINT('Ctrl Pts',(74.334850225208,-5.30892555314534E-15,
-39.2420596917853));
#2883=CARTESIAN_POINT('Ctrl Pts',(74.334850225208,5.09480951149318,-39.2420596917853));
#2884=CARTESIAN_POINT('Ctrl Pts',(71.3401963311128,5.09480951149318,-35.1202722138842));
#2885=CARTESIAN_POINT('Ctrl Pts',(68.3455424370177,5.09480951149318,-30.9984847359831));
#2886=CARTESIAN_POINT('Ctrl Pts',(68.3455424370177,-3.05151035272676E-15,
-30.9984847359831));
#2887=CARTESIAN_POINT('Ctrl Pts',(68.3455424370177,-5.09480951149319,-30.9984847359831));
#2888=CARTESIAN_POINT('Ctrl Pts',(71.3401963311128,-5.09480951149319,-35.1202722138842));
#2889=CARTESIAN_POINT('Ctrl Pts',(74.334850225208,-5.09480951149319,-39.2420596917853));
#2890=CARTESIAN_POINT('Ctrl Pts',(74.334850225208,-5.30892555314534E-15,
-39.2420596917853));
#2891=CARTESIAN_POINT('Ctrl Pts',(73.8589465869404,-5.40092730973832E-15,
-39.811971692175));
#2892=CARTESIAN_POINT('Ctrl Pts',(73.8589465869404,5.27614886502066,-39.811971692175));
#2893=CARTESIAN_POINT('Ctrl Pts',(70.7577040951816,5.27614886502067,-35.5434775955212));
#2894=CARTESIAN_POINT('Ctrl Pts',(67.6564616034227,5.27614886502067,-31.2749834988674));
#2895=CARTESIAN_POINT('Ctrl Pts',(67.6564616034227,-3.06316401933452E-15,
-31.2749834988674));
#2896=CARTESIAN_POINT('Ctrl Pts',(67.6564616034227,-5.27614886502067,-31.2749834988674));
#2897=CARTESIAN_POINT('Ctrl Pts',(70.7577040951816,-5.27614886502068,-35.5434775955212));
#2898=CARTESIAN_POINT('Ctrl Pts',(73.8589465869404,-5.27614886502068,-39.811971692175));
#2899=CARTESIAN_POINT('Ctrl Pts',(73.8589465869404,-5.40092730973832E-15,
-39.811971692175));
#2900=CARTESIAN_POINT('Ctrl Pts',(73.1304915741578,-5.53342726228476E-15,
-40.6467451287039));
#2901=CARTESIAN_POINT('Ctrl Pts',(73.1304915741578,5.5233196481532,-40.6467451287039));
#2902=CARTESIAN_POINT('Ctrl Pts',(69.8839657412761,5.5233196481532,-36.1782856679829));
#2903=CARTESIAN_POINT('Ctrl Pts',(66.6374399083944,5.5233196481532,-31.7098262072619));
#2904=CARTESIAN_POINT('Ctrl Pts',(66.6374399083944,-3.08614720159072E-15,
-31.7098262072619));
#2905=CARTESIAN_POINT('Ctrl Pts',(66.6374399083944,-5.52331964815321,-31.7098262072619));
#2906=CARTESIAN_POINT('Ctrl Pts',(69.8839657412761,-5.52331964815321,-36.1782856679829));
#2907=CARTESIAN_POINT('Ctrl Pts',(73.1304915741578,-5.52331964815321,-40.6467451287039));
#2908=CARTESIAN_POINT('Ctrl Pts',(73.1304915741578,-5.53342726228476E-15,
-40.6467451287039));
#2909=CARTESIAN_POINT('Ctrl Pts',(72.129534864531,-5.69890598409241E-15,
-41.7189207384321));
#2910=CARTESIAN_POINT('Ctrl Pts',(72.129534864531,5.8023803452758,-41.7189207384321));
#2911=CARTESIAN_POINT('Ctrl Pts',(68.7189812693861,5.80238034527581,-37.0246964312768));
#2912=CARTESIAN_POINT('Ctrl Pts',(65.3084276742413,5.80238034527581,-32.3304721241215));
#2913=CARTESIAN_POINT('Ctrl Pts',(65.3084276742413,-3.12797932618941E-15,
-32.3304721241215));
#2914=CARTESIAN_POINT('Ctrl Pts',(65.3084276742413,-5.80238034527581,-32.3304721241215));
#2915=CARTESIAN_POINT('Ctrl Pts',(68.7189812693861,-5.80238034527581,-37.0246964312768));
#2916=CARTESIAN_POINT('Ctrl Pts',(72.129534864531,-5.80238034527581,-41.7189207384321));
#2917=CARTESIAN_POINT('Ctrl Pts',(72.129534864531,-5.69890598409241E-15,
-41.7189207384321));
#2918=CARTESIAN_POINT('Ctrl Pts',(70.8255091447261,-5.88584242462073E-15,
-42.9864262239485));
#2919=CARTESIAN_POINT('Ctrl Pts',(70.8255091447261,6.06132673681061,-42.9864262239485));
#2920=CARTESIAN_POINT('Ctrl Pts',(67.2627506795027,6.06132673681061,-38.0827098854094));
#2921=CARTESIAN_POINT('Ctrl Pts',(63.6999922142794,6.06132673681061,-33.1789935468704));
#2922=CARTESIAN_POINT('Ctrl Pts',(63.6999922142794,-3.20018144367277E-15,
-33.1789935468704));
#2923=CARTESIAN_POINT('Ctrl Pts',(63.6999922142794,-6.06132673681062,-33.1789935468704));
#2924=CARTESIAN_POINT('Ctrl Pts',(67.2627506795027,-6.06132673681062,-38.0827098854094));
#2925=CARTESIAN_POINT('Ctrl Pts',(70.8255091447261,-6.06132673681062,-42.9864262239485));
#2926=CARTESIAN_POINT('Ctrl Pts',(70.8255091447261,-5.88584242462073E-15,
-42.9864262239485));
#2927=CARTESIAN_POINT('Ctrl Pts',(69.4639322402967,-6.05108739035269E-15,
-44.1747192994748));
#2928=CARTESIAN_POINT('Ctrl Pts',(69.4639322402967,6.22236120492387,-44.1747192994748));
#2929=CARTESIAN_POINT('Ctrl Pts',(65.8065200896056,6.22236120492388,-39.140723339552));
#2930=CARTESIAN_POINT('Ctrl Pts',(62.1491079389145,6.22236120492388,-34.1067273796293));
#2931=CARTESIAN_POINT('Ctrl Pts',(62.1491079389145,-3.29407503595492E-15,
-34.1067273796293));
#2932=CARTESIAN_POINT('Ctrl Pts',(62.1491079389145,-6.22236120492388,-34.1067273796293));
#2933=CARTESIAN_POINT('Ctrl Pts',(65.8065200896056,-6.22236120492388,-39.140723339552));
#2934=CARTESIAN_POINT('Ctrl Pts',(69.4639322402967,-6.22236120492388,-44.1747192994748));
#2935=CARTESIAN_POINT('Ctrl Pts',(69.4639322402967,-6.05108739035269E-15,
-44.1747192994748));
#2936=CARTESIAN_POINT('Ctrl Pts',(68.040107536868,-6.19287069196492E-15,
-45.2773356298825));
#2937=CARTESIAN_POINT('Ctrl Pts',(68.040107536868,6.27749339197398,-45.2773356298825));
#2938=CARTESIAN_POINT('Ctrl Pts',(64.3502894997023,6.27749339197398,-40.1987367936992));
#2939=CARTESIAN_POINT('Ctrl Pts',(60.6604714625365,6.27749339197398,-35.1201379575158));
#2940=CARTESIAN_POINT('Ctrl Pts',(60.6604714625365,-3.41143029235791E-15,
-35.1201379575158));
#2941=CARTESIAN_POINT('Ctrl Pts',(60.6604714625365,-6.27749339197399,-35.1201379575158));
#2942=CARTESIAN_POINT('Ctrl Pts',(64.3502894997023,-6.27749339197399,-40.1987367936992));
#2943=CARTESIAN_POINT('Ctrl Pts',(68.040107536868,-6.27749339197399,-45.2773356298825));
#2944=CARTESIAN_POINT('Ctrl Pts',(68.040107536868,-6.19287069196492E-15,
-45.2773356298825));
#2945=CARTESIAN_POINT('Ctrl Pts',(66.5514710604922,-6.31022594836824E-15,
-46.2907462077698));
#2946=CARTESIAN_POINT('Ctrl Pts',(66.5514710604922,6.22236120492581,-46.2907462077698));
#2947=CARTESIAN_POINT('Ctrl Pts',(62.8940589098,6.22236120492581,-41.2567502478455));
#2948=CARTESIAN_POINT('Ctrl Pts',(59.2366467591078,6.22236120492581,-36.2227542879211));
#2949=CARTESIAN_POINT('Ctrl Pts',(59.2366467591078,-3.55321359396961E-15,
-36.2227542879211));
#2950=CARTESIAN_POINT('Ctrl Pts',(59.2366467591078,-6.22236120492582,-36.2227542879211));
#2951=CARTESIAN_POINT('Ctrl Pts',(62.8940589098,-6.22236120492582,-41.2567502478455));
#2952=CARTESIAN_POINT('Ctrl Pts',(66.5514710604922,-6.22236120492582,-46.2907462077698));
#2953=CARTESIAN_POINT('Ctrl Pts',(66.5514710604922,-6.31022594836824E-15,
-46.2907462077698));
#2954=CARTESIAN_POINT('Ctrl Pts',(65.0005867851308,-6.40411954065049E-15,
-47.218480040528));
#2955=CARTESIAN_POINT('Ctrl Pts',(65.0005867851308,6.06132673681401,-47.218480040528));
#2956=CARTESIAN_POINT('Ctrl Pts',(61.4378283199055,6.06132673681401,-42.3147637019862));
#2957=CARTESIAN_POINT('Ctrl Pts',(57.8750698546801,6.06132673681401,-37.4110473634444));
#2958=CARTESIAN_POINT('Ctrl Pts',(57.8750698546801,-3.71845855970102E-15,
-37.4110473634444));
#2959=CARTESIAN_POINT('Ctrl Pts',(57.8750698546801,-6.06132673681402,-37.4110473634444));
#2960=CARTESIAN_POINT('Ctrl Pts',(61.4378283199055,-6.06132673681402,-42.3147637019862));
#2961=CARTESIAN_POINT('Ctrl Pts',(65.0005867851308,-6.06132673681402,-47.218480040528));
#2962=CARTESIAN_POINT('Ctrl Pts',(65.0005867851308,-6.40411954065049E-15,
-47.218480040528));
#2963=CARTESIAN_POINT('Ctrl Pts',(63.3921513251717,-6.47632165813374E-15,
-48.0670014632755));
#2964=CARTESIAN_POINT('Ctrl Pts',(63.3921513251717,5.80238034527973,-48.0670014632755));
#2965=CARTESIAN_POINT('Ctrl Pts',(59.9815977300245,5.80238034527974,-43.372777156117));
#2966=CARTESIAN_POINT('Ctrl Pts',(56.5710441348774,5.80238034527974,-38.6785528489585));
#2967=CARTESIAN_POINT('Ctrl Pts',(56.5710441348774,-3.905395000229E-15,
-38.6785528489585));
#2968=CARTESIAN_POINT('Ctrl Pts',(56.5710441348774,-5.80238034527975,-38.6785528489585));
#2969=CARTESIAN_POINT('Ctrl Pts',(59.9815977300245,-5.80238034527975,-43.372777156117));
#2970=CARTESIAN_POINT('Ctrl Pts',(63.3921513251717,-5.80238034527975,-48.0670014632755));
#2971=CARTESIAN_POINT('Ctrl Pts',(63.3921513251717,-6.47632165813374E-15,
-48.0670014632755));
#2972=CARTESIAN_POINT('Ctrl Pts',(62.0631390910183,-6.51815378273227E-15,
-48.6876473801345));
#2973=CARTESIAN_POINT('Ctrl Pts',(62.0631390910183,5.52331964815643,-48.6876473801345));
#2974=CARTESIAN_POINT('Ctrl Pts',(58.8166132581347,5.52331964815643,-44.2191879194109));
#2975=CARTESIAN_POINT('Ctrl Pts',(55.5700874252511,5.52331964815643,-39.7507284586873));
#2976=CARTESIAN_POINT('Ctrl Pts',(55.5700874252511,-4.0708737220368E-15,
-39.7507284586873));
#2977=CARTESIAN_POINT('Ctrl Pts',(55.5700874252511,-5.52331964815644,-39.7507284586873));
#2978=CARTESIAN_POINT('Ctrl Pts',(58.8166132581347,-5.52331964815644,-44.2191879194109));
#2979=CARTESIAN_POINT('Ctrl Pts',(62.0631390910183,-5.52331964815644,-48.6876473801345));
#2980=CARTESIAN_POINT('Ctrl Pts',(62.0631390910183,-6.51815378273227E-15,
-48.6876473801345));
#2981=CARTESIAN_POINT('Ctrl Pts',(61.0441173959873,-6.54113696498835E-15,
-49.1224900885294));
#2982=CARTESIAN_POINT('Ctrl Pts',(61.0441173959873,5.2761488650226,-49.1224900885294));
#2983=CARTESIAN_POINT('Ctrl Pts',(57.9428749042273,5.2761488650226,-44.853995991874));
#2984=CARTESIAN_POINT('Ctrl Pts',(54.8416324124673,5.2761488650226,-40.5855018952186));
#2985=CARTESIAN_POINT('Ctrl Pts',(54.8416324124673,-4.2033736745837E-15,
-40.5855018952186));
#2986=CARTESIAN_POINT('Ctrl Pts',(54.8416324124673,-5.27614886502261,-40.5855018952186));
#2987=CARTESIAN_POINT('Ctrl Pts',(57.9428749042273,-5.27614886502261,-44.853995991874));
#2988=CARTESIAN_POINT('Ctrl Pts',(61.0441173959873,-5.27614886502261,-49.1224900885294));
#2989=CARTESIAN_POINT('Ctrl Pts',(61.0441173959873,-6.54113696498835E-15,
-49.1224900885294));
#2990=CARTESIAN_POINT('Ctrl Pts',(60.3550365623892,-6.55279063159604E-15,
-49.3989888514144));
#2991=CARTESIAN_POINT('Ctrl Pts',(60.3550365623892,5.09480951149388,-49.3989888514144));
#2992=CARTESIAN_POINT('Ctrl Pts',(57.3603826682937,5.09480951149389,-45.2772013735127));
#2993=CARTESIAN_POINT('Ctrl Pts',(54.3657287741981,5.09480951149389,-41.155413895611));
#2994=CARTESIAN_POINT('Ctrl Pts',(54.3657287741981,-4.29537543117716E-15,
-41.155413895611));
#2995=CARTESIAN_POINT('Ctrl Pts',(54.3657287741981,-5.09480951149389,-41.155413895611));
#2996=CARTESIAN_POINT('Ctrl Pts',(57.3603826682937,-5.0948095114939,-45.2772013735127));
#2997=CARTESIAN_POINT('Ctrl Pts',(60.3550365623892,-5.0948095114939,-49.3989888514144));
#2998=CARTESIAN_POINT('Ctrl Pts',(60.3550365623892,-6.55279063159604E-15,
-49.3989888514144));
#2999=CARTESIAN_POINT('Ctrl Pts',(60.0080628117904,-6.55770032306901E-15,
-49.533889036206));
#3000=CARTESIAN_POINT('Ctrl Pts',(60.0080628117904,4.99999999999999,-49.533889036206));
#3001=CARTESIAN_POINT('Ctrl Pts',(57.069136550328,4.99999999999999,-45.4888040643312));
#3002=CARTESIAN_POINT('Ctrl Pts',(54.1302102888656,4.99999999999999,-41.4437190924565));
#3003=CARTESIAN_POINT('Ctrl Pts',(54.1302102888656,-4.34229345130456E-15,
-41.4437190924565));
#3004=CARTESIAN_POINT('Ctrl Pts',(54.1302102888656,-5.,-41.4437190924565));
#3005=CARTESIAN_POINT('Ctrl Pts',(57.069136550328,-5.00000000000001,-45.4888040643312));
#3006=CARTESIAN_POINT('Ctrl Pts',(60.0080628117904,-5.00000000000001,-49.533889036206));
#3007=CARTESIAN_POINT('Ctrl Pts',(60.0080628117904,-6.55770032306901E-15,
-49.533889036206));
#3008=CARTESIAN_POINT('',(74.5703687105394,-5.26200753301822E-15,-38.9537544949414));
#3009=CARTESIAN_POINT('Ctrl Pts',(74.5703687105394,-5.26200753301822E-15,
-38.9537544949414));
#3010=CARTESIAN_POINT('Ctrl Pts',(74.334850225208,-5.30892555314534E-15,
-39.2420596917853));
#3011=CARTESIAN_POINT('Ctrl Pts',(73.8589465869404,-5.40092730973832E-15,
-39.811971692175));
#3012=CARTESIAN_POINT('Ctrl Pts',(73.1304915741578,-5.53342726228476E-15,
-40.6467451287039));
#3013=CARTESIAN_POINT('Ctrl Pts',(72.129534864531,-5.69890598409241E-15,
-41.7189207384321));
#3014=CARTESIAN_POINT('Ctrl Pts',(70.8255091447261,-5.88584242462073E-15,
-42.9864262239485));
#3015=CARTESIAN_POINT('Ctrl Pts',(69.4639322402967,-6.05108739035269E-15,
-44.1747192994748));
#3016=CARTESIAN_POINT('Ctrl Pts',(68.040107536868,-6.19287069196492E-15,
-45.2773356298825));
#3017=CARTESIAN_POINT('Ctrl Pts',(66.5514710604922,-6.31022594836824E-15,
-46.2907462077698));
#3018=CARTESIAN_POINT('Ctrl Pts',(65.0005867851308,-6.40411954065049E-15,
-47.218480040528));
#3019=CARTESIAN_POINT('Ctrl Pts',(63.3921513251717,-6.47632165813374E-15,
-48.0670014632755));
#3020=CARTESIAN_POINT('Ctrl Pts',(62.0631390910183,-6.51815378273227E-15,
-48.6876473801345));
#3021=CARTESIAN_POINT('Ctrl Pts',(61.0441173959873,-6.54113696498835E-15,
-49.1224900885294));
#3022=CARTESIAN_POINT('Ctrl Pts',(60.3550365623892,-6.55279063159604E-15,
-49.3989888514144));
#3023=CARTESIAN_POINT('Ctrl Pts',(60.0080628117904,-6.55770032306901E-15,
-49.533889036206));
#3024=CARTESIAN_POINT('Origin',(71.6314424490771,-4.15430409713599E-15,
-34.9086695230667));
#3025=CARTESIAN_POINT('Origin',(71.6314424490771,-4.15430409713599E-15,
-34.9086695230667));
#3026=CARTESIAN_POINT('Origin',(30.9464138544175,-3.43178730981447E-15,
-34.9086695230667));
#3027=CARTESIAN_POINT('',(45.5087197531666,-1.5,-45.4888040643312));
#3028=CARTESIAN_POINT('Origin',(45.5087197531666,-4.72748009986526E-15,
-45.4888040643312));
#3029=CARTESIAN_POINT('',(47.9357707362914,-1.50000000000001,-47.2521598212087));
#3030=CARTESIAN_POINT('',(30.9464138544175,-1.5,-34.9086695230667));
#3031=CARTESIAN_POINT('Origin',(47.9357707362914,-4.94342889820706E-15,
-47.2521598212087));
#3032=CARTESIAN_POINT('Origin',(30.9464138544175,-3.43178730981447E-15,
-34.9086695230667));
#3033=CARTESIAN_POINT('',(28.5193628712927,-1.5,-33.1453137661893));
#3034=CARTESIAN_POINT('Origin',(28.5193628712927,-3.21583851147267E-15,
-33.1453137661893));
#3035=CARTESIAN_POINT('',(30.9464138544175,-1.5,-34.9086695230667));
#3036=CARTESIAN_POINT('',(30.9464138544175,-1.5,-34.9086695230667));
#3037=CARTESIAN_POINT('Origin',(30.9464138544175,-3.43178730981447E-15,
-34.9086695230667));
#3038=CARTESIAN_POINT('Origin',(47.9357707362914,-4.94342889820706E-15,
-47.2521598212087));
#3039=CARTESIAN_POINT('Origin',(28.5193628712927,-3.21583851147267E-15,
-33.1453137661893));
#3040=CARTESIAN_POINT('Origin',(28.0074875929552,-4.53949074569669E-15,
-38.9537544949415));
#3041=CARTESIAN_POINT('',(28.0074875929552,-4.53949074569669E-15,-38.9537544949415));
#3042=CARTESIAN_POINT('Origin',(30.9464138544175,-3.43178730981447E-15,
-34.9086695230667));
#3043=CARTESIAN_POINT('Ctrl Pts',(42.5697934917042,-5.83518353574749E-15,
-49.533889036206));
#3044=CARTESIAN_POINT('Ctrl Pts',(42.5697934917042,4.99999999999999,-49.533889036206));
#3045=CARTESIAN_POINT('Ctrl Pts',(45.5087197531666,5.,-45.4888040643312));
#3046=CARTESIAN_POINT('Ctrl Pts',(48.447646014629,5.,-41.4437190924565));
#3047=CARTESIAN_POINT('Ctrl Pts',(48.447646014629,-3.61977666398304E-15,
-41.4437190924565));
#3048=CARTESIAN_POINT('Ctrl Pts',(48.447646014629,-5.,-41.4437190924565));
#3049=CARTESIAN_POINT('Ctrl Pts',(45.5087197531666,-5.,-45.4888040643312));
#3050=CARTESIAN_POINT('Ctrl Pts',(42.5697934917042,-5.,-49.533889036206));
#3051=CARTESIAN_POINT('Ctrl Pts',(42.5697934917042,-5.83518353574749E-15,
-49.533889036206));
#3052=CARTESIAN_POINT('Ctrl Pts',(42.2228197411073,-5.83027384427449E-15,
-49.3989888514149));
#3053=CARTESIAN_POINT('Ctrl Pts',(42.2228197411073,5.09480951149318,-49.3989888514149));
#3054=CARTESIAN_POINT('Ctrl Pts',(45.2174736352024,5.09480951149318,-45.2772013735138));
#3055=CARTESIAN_POINT('Ctrl Pts',(48.2121275292975,5.09480951149318,-41.1554138956127));
#3056=CARTESIAN_POINT('Ctrl Pts',(48.2121275292975,-3.57285864385592E-15,
-41.1554138956127));
#3057=CARTESIAN_POINT('Ctrl Pts',(48.2121275292975,-5.09480951149319,-41.1554138956127));
#3058=CARTESIAN_POINT('Ctrl Pts',(45.2174736352024,-5.09480951149319,-45.2772013735138));
#3059=CARTESIAN_POINT('Ctrl Pts',(42.2228197411073,-5.09480951149319,-49.3989888514149));
#3060=CARTESIAN_POINT('Ctrl Pts',(42.2228197411073,-5.83027384427449E-15,
-49.3989888514149));
#3061=CARTESIAN_POINT('Ctrl Pts',(41.5337389075123,-5.81862017766674E-15,
-49.1224900885306));
#3062=CARTESIAN_POINT('Ctrl Pts',(41.5337389075123,5.27614886502066,-49.1224900885306));
#3063=CARTESIAN_POINT('Ctrl Pts',(44.6349813992711,5.27614886502067,-44.8539959918768));
#3064=CARTESIAN_POINT('Ctrl Pts',(47.7362238910299,5.27614886502067,-40.585501895223));
#3065=CARTESIAN_POINT('Ctrl Pts',(47.7362238910299,-3.48085688726294E-15,
-40.585501895223));
#3066=CARTESIAN_POINT('Ctrl Pts',(47.7362238910299,-5.27614886502067,-40.585501895223));
#3067=CARTESIAN_POINT('Ctrl Pts',(44.6349813992711,-5.27614886502068,-44.8539959918768));
#3068=CARTESIAN_POINT('Ctrl Pts',(41.5337389075123,-5.27614886502068,-49.1224900885306));
#3069=CARTESIAN_POINT('Ctrl Pts',(41.5337389075123,-5.81862017766674E-15,
-49.1224900885306));
#3070=CARTESIAN_POINT('Ctrl Pts',(40.5147172124839,-5.79563699541054E-15,
-48.687647380136));
#3071=CARTESIAN_POINT('Ctrl Pts',(40.5147172124839,5.5233196481532,-48.687647380136));
#3072=CARTESIAN_POINT('Ctrl Pts',(43.7612430453656,5.5233196481532,-44.219187919415));
#3073=CARTESIAN_POINT('Ctrl Pts',(47.0077688782473,5.5233196481532,-39.750728458694));
#3074=CARTESIAN_POINT('Ctrl Pts',(47.0077688782473,-3.3483569347165E-15,
-39.750728458694));
#3075=CARTESIAN_POINT('Ctrl Pts',(47.0077688782473,-5.52331964815321,-39.750728458694));
#3076=CARTESIAN_POINT('Ctrl Pts',(43.7612430453656,-5.52331964815321,-44.219187919415));
#3077=CARTESIAN_POINT('Ctrl Pts',(40.5147172124839,-5.52331964815321,-48.687647380136));
#3078=CARTESIAN_POINT('Ctrl Pts',(40.5147172124839,-5.79563699541054E-15,
-48.687647380136));
#3079=CARTESIAN_POINT('Ctrl Pts',(39.1857049783308,-5.75380487081184E-15,
-48.0670014632764));
#3080=CARTESIAN_POINT('Ctrl Pts',(39.1857049783308,5.8023803452758,-48.0670014632764));
#3081=CARTESIAN_POINT('Ctrl Pts',(42.5962585734757,5.80238034527581,-43.3727771561211));
#3082=CARTESIAN_POINT('Ctrl Pts',(46.0068121686205,5.80238034527581,-38.6785528489658));
#3083=CARTESIAN_POINT('Ctrl Pts',(46.0068121686205,-3.18287821290885E-15,
-38.6785528489658));
#3084=CARTESIAN_POINT('Ctrl Pts',(46.0068121686205,-5.80238034527581,-38.6785528489658));
#3085=CARTESIAN_POINT('Ctrl Pts',(42.5962585734757,-5.80238034527581,-43.3727771561211));
#3086=CARTESIAN_POINT('Ctrl Pts',(39.1857049783308,-5.80238034527581,-48.0670014632764));
#3087=CARTESIAN_POINT('Ctrl Pts',(39.1857049783308,-5.75380487081184E-15,
-48.0670014632764));
#3088=CARTESIAN_POINT('Ctrl Pts',(37.5772695183689,-5.68160275332849E-15,
-47.2184800405275));
#3089=CARTESIAN_POINT('Ctrl Pts',(37.5772695183689,6.06132673681061,-47.2184800405275));
#3090=CARTESIAN_POINT('Ctrl Pts',(41.1400279835923,6.06132673681061,-42.3147637019885));
#3091=CARTESIAN_POINT('Ctrl Pts',(44.7027864488156,6.06132673681061,-37.4110473634495));
#3092=CARTESIAN_POINT('Ctrl Pts',(44.7027864488156,-2.99594177238053E-15,
-37.4110473634495));
#3093=CARTESIAN_POINT('Ctrl Pts',(44.7027864488156,-6.06132673681062,-37.4110473634495));
#3094=CARTESIAN_POINT('Ctrl Pts',(41.1400279835923,-6.06132673681062,-42.3147637019885));
#3095=CARTESIAN_POINT('Ctrl Pts',(37.5772695183689,-6.06132673681062,-47.2184800405275));
#3096=CARTESIAN_POINT('Ctrl Pts',(37.5772695183689,-5.68160275332849E-15,
-47.2184800405275));
#3097=CARTESIAN_POINT('Ctrl Pts',(36.0263852430041,-5.58770916104634E-15,
-46.2907462077687));
#3098=CARTESIAN_POINT('Ctrl Pts',(36.0263852430041,6.22236120492387,-46.2907462077687));
#3099=CARTESIAN_POINT('Ctrl Pts',(39.6837973936951,6.22236120492388,-41.2567502478459));
#3100=CARTESIAN_POINT('Ctrl Pts',(43.3412095443862,6.22236120492388,-36.2227542879231));
#3101=CARTESIAN_POINT('Ctrl Pts',(43.3412095443862,-2.83069680664857E-15,
-36.2227542879231));
#3102=CARTESIAN_POINT('Ctrl Pts',(43.3412095443862,-6.22236120492388,-36.2227542879231));
#3103=CARTESIAN_POINT('Ctrl Pts',(39.6837973936951,-6.22236120492388,-41.2567502478459));
#3104=CARTESIAN_POINT('Ctrl Pts',(36.0263852430041,-6.22236120492388,-46.2907462077687));
#3105=CARTESIAN_POINT('Ctrl Pts',(36.0263852430041,-5.58770916104634E-15,
-46.2907462077687));
#3106=CARTESIAN_POINT('Ctrl Pts',(34.537748766626,-5.47035390464335E-15,
-45.2773356298822));
#3107=CARTESIAN_POINT('Ctrl Pts',(34.537748766626,6.27749339197398,-45.2773356298822));
#3108=CARTESIAN_POINT('Ctrl Pts',(38.2275668037918,6.27749339197398,-40.1987367936988));
#3109=CARTESIAN_POINT('Ctrl Pts',(41.9173848409576,6.27749339197398,-35.1201379575154));
#3110=CARTESIAN_POINT('Ctrl Pts',(41.9173848409576,-2.68891350503634E-15,
-35.1201379575154));
#3111=CARTESIAN_POINT('Ctrl Pts',(41.9173848409576,-6.27749339197399,-35.1201379575154));
#3112=CARTESIAN_POINT('Ctrl Pts',(38.2275668037918,-6.27749339197399,-40.1987367936988));
#3113=CARTESIAN_POINT('Ctrl Pts',(34.537748766626,-6.27749339197399,-45.2773356298822));
#3114=CARTESIAN_POINT('Ctrl Pts',(34.537748766626,-5.47035390464335E-15,
-45.2773356298822));
#3115=CARTESIAN_POINT('Ctrl Pts',(33.1139240631973,-5.32857060303165E-15,
-44.1747192994768));
#3116=CARTESIAN_POINT('Ctrl Pts',(33.1139240631973,6.22236120492581,-44.1747192994768));
#3117=CARTESIAN_POINT('Ctrl Pts',(36.7713362138896,6.22236120492581,-39.1407233395525));
#3118=CARTESIAN_POINT('Ctrl Pts',(40.4287483645818,6.22236120492581,-34.1067273796281));
#3119=CARTESIAN_POINT('Ctrl Pts',(40.4287483645818,-2.57155824863302E-15,
-34.1067273796281));
#3120=CARTESIAN_POINT('Ctrl Pts',(40.4287483645818,-6.22236120492582,-34.1067273796281));
#3121=CARTESIAN_POINT('Ctrl Pts',(36.7713362138896,-6.22236120492582,-39.1407233395525));
#3122=CARTESIAN_POINT('Ctrl Pts',(33.1139240631973,-6.22236120492582,-44.1747192994768));
#3123=CARTESIAN_POINT('Ctrl Pts',(33.1139240631973,-5.32857060303165E-15,
-44.1747192994768));
#3124=CARTESIAN_POINT('Ctrl Pts',(31.7523471587697,-5.16332563730024E-15,
-42.9864262239535));
#3125=CARTESIAN_POINT('Ctrl Pts',(31.7523471587697,6.06132673681401,-42.9864262239535));
#3126=CARTESIAN_POINT('Ctrl Pts',(35.315105623995,6.06132673681401,-38.0827098854118));
#3127=CARTESIAN_POINT('Ctrl Pts',(38.8778640892204,6.06132673681401,-33.17899354687));
#3128=CARTESIAN_POINT('Ctrl Pts',(38.8778640892204,-2.47766465635077E-15,
-33.17899354687));
#3129=CARTESIAN_POINT('Ctrl Pts',(38.8778640892204,-6.06132673681402,-33.17899354687));
#3130=CARTESIAN_POINT('Ctrl Pts',(35.315105623995,-6.06132673681402,-38.0827098854118));
#3131=CARTESIAN_POINT('Ctrl Pts',(31.7523471587697,-6.06132673681402,-42.9864262239535));
#3132=CARTESIAN_POINT('Ctrl Pts',(31.7523471587697,-5.16332563730024E-15,
-42.9864262239535));
#3133=CARTESIAN_POINT('Ctrl Pts',(30.4483214389669,-4.97638919677226E-15,
-41.7189207384394));
#3134=CARTESIAN_POINT('Ctrl Pts',(30.4483214389669,5.80238034527974,-41.7189207384394));
#3135=CARTESIAN_POINT('Ctrl Pts',(33.858875034114,5.80238034527974,-37.0246964312809));
#3136=CARTESIAN_POINT('Ctrl Pts',(37.2694286292612,5.80238034527974,-32.3304721241224));
#3137=CARTESIAN_POINT('Ctrl Pts',(37.2694286292612,-2.40546253886752E-15,
-32.3304721241224));
#3138=CARTESIAN_POINT('Ctrl Pts',(37.2694286292612,-5.80238034527974,-32.3304721241224));
#3139=CARTESIAN_POINT('Ctrl Pts',(33.858875034114,-5.80238034527975,-37.0246964312809));
#3140=CARTESIAN_POINT('Ctrl Pts',(30.4483214389669,-5.80238034527975,-41.7189207384394));
#3141=CARTESIAN_POINT('Ctrl Pts',(30.4483214389669,-4.97638919677226E-15,
-41.7189207384394));
#3142=CARTESIAN_POINT('Ctrl Pts',(29.4473647293406,-4.81091047496446E-15,
-40.6467451287107));
#3143=CARTESIAN_POINT('Ctrl Pts',(29.4473647293406,5.52331964815643,-40.6467451287107));
#3144=CARTESIAN_POINT('Ctrl Pts',(32.6938905622242,5.52331964815643,-36.1782856679871));
#3145=CARTESIAN_POINT('Ctrl Pts',(35.9404163951078,5.52331964815643,-31.7098262072635));
#3146=CARTESIAN_POINT('Ctrl Pts',(35.9404163951078,-2.36363041426899E-15,
-31.7098262072635));
#3147=CARTESIAN_POINT('Ctrl Pts',(35.9404163951078,-5.52331964815644,-31.7098262072635));
#3148=CARTESIAN_POINT('Ctrl Pts',(32.6938905622242,-5.52331964815644,-36.1782856679871));
#3149=CARTESIAN_POINT('Ctrl Pts',(29.4473647293406,-5.52331964815644,-40.6467451287107));
#3150=CARTESIAN_POINT('Ctrl Pts',(29.4473647293406,-4.81091047496446E-15,
-40.6467451287107));
#3151=CARTESIAN_POINT('Ctrl Pts',(28.7189097165569,-4.67841052241756E-15,
-39.8119716921793));
#3152=CARTESIAN_POINT('Ctrl Pts',(28.7189097165569,5.2761488650226,-39.8119716921793));
#3153=CARTESIAN_POINT('Ctrl Pts',(31.8201522083168,5.2761488650226,-35.543477595524));
#3154=CARTESIAN_POINT('Ctrl Pts',(34.9213947000768,5.2761488650226,-31.2749834988686));
#3155=CARTESIAN_POINT('Ctrl Pts',(34.9213947000768,-2.34064723201291E-15,
-31.2749834988686));
#3156=CARTESIAN_POINT('Ctrl Pts',(34.9213947000768,-5.27614886502261,-31.2749834988686));
#3157=CARTESIAN_POINT('Ctrl Pts',(31.8201522083168,-5.27614886502261,-35.543477595524));
#3158=CARTESIAN_POINT('Ctrl Pts',(28.7189097165569,-5.27614886502261,-39.8119716921793));
#3159=CARTESIAN_POINT('Ctrl Pts',(28.7189097165569,-4.67841052241756E-15,
-39.8119716921793));
#3160=CARTESIAN_POINT('Ctrl Pts',(28.2430060782877,-4.5864087658241E-15,
-39.2420596917869));
#3161=CARTESIAN_POINT('Ctrl Pts',(28.2430060782877,5.09480951149389,-39.2420596917869));
#3162=CARTESIAN_POINT('Ctrl Pts',(31.2376599723832,5.09480951149389,-35.1202722138853));
#3163=CARTESIAN_POINT('Ctrl Pts',(34.2323138664788,5.09480951149389,-30.9984847359836));
#3164=CARTESIAN_POINT('Ctrl Pts',(34.2323138664788,-2.32899356540522E-15,
-30.9984847359836));
#3165=CARTESIAN_POINT('Ctrl Pts',(34.2323138664788,-5.09480951149389,-30.9984847359836));
#3166=CARTESIAN_POINT('Ctrl Pts',(31.2376599723832,-5.09480951149389,-35.1202722138853));
#3167=CARTESIAN_POINT('Ctrl Pts',(28.2430060782877,-5.09480951149389,-39.2420596917869));
#3168=CARTESIAN_POINT('Ctrl Pts',(28.2430060782877,-4.5864087658241E-15,
-39.2420596917869));
#3169=CARTESIAN_POINT('Ctrl Pts',(28.0074875929552,-4.53949074569669E-15,
-38.9537544949415));
#3170=CARTESIAN_POINT('Ctrl Pts',(28.0074875929552,4.99999999999999,-38.9537544949415));
#3171=CARTESIAN_POINT('Ctrl Pts',(30.9464138544175,5.,-34.9086695230667));
#3172=CARTESIAN_POINT('Ctrl Pts',(33.8853401158799,5.,-30.863584551192));
#3173=CARTESIAN_POINT('Ctrl Pts',(33.8853401158799,-2.32408387393225E-15,
-30.863584551192));
#3174=CARTESIAN_POINT('Ctrl Pts',(33.8853401158799,-5.,-30.863584551192));
#3175=CARTESIAN_POINT('Ctrl Pts',(30.9464138544175,-5.,-34.9086695230667));
#3176=CARTESIAN_POINT('Ctrl Pts',(28.0074875929552,-5.,-38.9537544949415));
#3177=CARTESIAN_POINT('Ctrl Pts',(28.0074875929552,-4.53949074569669E-15,
-38.9537544949415));
#3178=CARTESIAN_POINT('',(42.5697934917042,-5.83518353574749E-15,-49.533889036206));
#3179=CARTESIAN_POINT('Ctrl Pts',(42.5697934917042,-5.83518353574749E-15,
-49.533889036206));
#3180=CARTESIAN_POINT('Ctrl Pts',(42.2228197411073,-5.83027384427449E-15,
-49.3989888514149));
#3181=CARTESIAN_POINT('Ctrl Pts',(41.5337389075123,-5.81862017766674E-15,
-49.1224900885306));
#3182=CARTESIAN_POINT('Ctrl Pts',(40.5147172124839,-5.79563699541054E-15,
-48.687647380136));
#3183=CARTESIAN_POINT('Ctrl Pts',(39.1857049783308,-5.75380487081184E-15,
-48.0670014632764));
#3184=CARTESIAN_POINT('Ctrl Pts',(37.5772695183689,-5.68160275332849E-15,
-47.2184800405275));
#3185=CARTESIAN_POINT('Ctrl Pts',(36.0263852430041,-5.58770916104634E-15,
-46.2907462077687));
#3186=CARTESIAN_POINT('Ctrl Pts',(34.537748766626,-5.47035390464335E-15,
-45.2773356298822));
#3187=CARTESIAN_POINT('Ctrl Pts',(33.1139240631973,-5.32857060303165E-15,
-44.1747192994768));
#3188=CARTESIAN_POINT('Ctrl Pts',(31.7523471587697,-5.16332563730024E-15,
-42.9864262239535));
#3189=CARTESIAN_POINT('Ctrl Pts',(30.4483214389669,-4.97638919677226E-15,
-41.7189207384394));
#3190=CARTESIAN_POINT('Ctrl Pts',(29.4473647293406,-4.81091047496446E-15,
-40.6467451287107));
#3191=CARTESIAN_POINT('Ctrl Pts',(28.7189097165569,-4.67841052241756E-15,
-39.8119716921793));
#3192=CARTESIAN_POINT('Ctrl Pts',(28.2430060782877,-4.5864087658241E-15,
-39.2420596917869));
#3193=CARTESIAN_POINT('Ctrl Pts',(28.0074875929552,-4.53949074569669E-15,
-38.9537544949415));
#3194=CARTESIAN_POINT('Origin',(45.5087197531666,-4.72748009986526E-15,
-45.4888040643312));
#3195=CARTESIAN_POINT('Origin',(45.5087197531666,-4.72748009986526E-15,
-45.4888040643312));
#3196=CARTESIAN_POINT('Origin',(32.9363545007861,3.60563465362186E-16,-6.79504250372569));
#3197=CARTESIAN_POINT('',(27.3740486020371,-1.5,-23.9140597970384));
#3198=CARTESIAN_POINT('Origin',(27.3740486020371,-1.73591150791818E-15,
-23.9140597970384));
#3199=CARTESIAN_POINT('',(26.4469976189122,-1.5,-26.7672293459239));
#3200=CARTESIAN_POINT('',(32.9363545007861,-1.5,-6.79504250372569));
#3201=CARTESIAN_POINT('Origin',(26.4469976189122,-2.08532400346491E-15,
-26.7672293459239));
#3202=CARTESIAN_POINT('Origin',(32.9363545007861,3.60563465362186E-16,-6.79504250372569));
#3203=CARTESIAN_POINT('',(33.8634054839109,-1.5,-3.94187295484023));
#3204=CARTESIAN_POINT('Origin',(33.8634054839109,7.09975960908913E-16,-3.94187295484023));
#3205=CARTESIAN_POINT('',(32.9363545007861,-1.5,-6.79504250372569));
#3206=CARTESIAN_POINT('',(32.9363545007861,-1.5,-6.79504250372569));
#3207=CARTESIAN_POINT('Origin',(32.9363545007861,3.60563465362186E-16,-6.79504250372569));
#3208=CARTESIAN_POINT('Origin',(26.4469976189122,-2.08532400346491E-15,
-26.7672293459239));
#3209=CARTESIAN_POINT('Origin',(33.8634054839109,7.09975960908913E-16,-3.94187295484023));
#3210=CARTESIAN_POINT('Origin',(28.1810719193103,-6.25415976897843E-17,
-5.24995753185095));
#3211=CARTESIAN_POINT('',(28.1810719193103,-6.25415976897843E-17,-5.24995753185095));
#3212=CARTESIAN_POINT('Origin',(32.9363545007861,3.60563465362186E-16,-6.79504250372569));
#3213=CARTESIAN_POINT('Ctrl Pts',(22.6187660205613,-2.15901657097015E-15,
-22.3689748251637));
#3214=CARTESIAN_POINT('Ctrl Pts',(22.6187660205613,5.,-22.3689748251637));
#3215=CARTESIAN_POINT('Ctrl Pts',(27.3740486020371,5.,-23.9140597970384));
#3216=CARTESIAN_POINT('Ctrl Pts',(32.1293311835128,5.,-25.4591447689132));
#3217=CARTESIAN_POINT('Ctrl Pts',(32.1293311835128,-1.31280644486621E-15,
-25.4591447689132));
#3218=CARTESIAN_POINT('Ctrl Pts',(32.1293311835128,-5.,-25.4591447689132));
#3219=CARTESIAN_POINT('Ctrl Pts',(27.3740486020371,-5.,-23.9140597970384));
#3220=CARTESIAN_POINT('Ctrl Pts',(22.6187660205613,-5.,-22.3689748251637));
#3221=CARTESIAN_POINT('Ctrl Pts',(22.6187660205613,-2.15901657097015E-15,
-22.3689748251637));
#3222=CARTESIAN_POINT('Ctrl Pts',(22.6398429348198,-2.12510994837374E-15,
-21.9972967290303));
#3223=CARTESIAN_POINT('Ctrl Pts',(22.6398429348198,5.09480951149318,-21.9972967290303));
#3224=CARTESIAN_POINT('Ctrl Pts',(27.4852947200079,5.09480951149319,-23.5716794511848));
#3225=CARTESIAN_POINT('Ctrl Pts',(32.330746505196,5.09480951149318,-25.1460621733394));
#3226=CARTESIAN_POINT('Ctrl Pts',(32.330746505196,-1.2628540685345E-15,
-25.1460621733394));
#3227=CARTESIAN_POINT('Ctrl Pts',(32.330746505196,-5.09480951149319,-25.1460621733394));
#3228=CARTESIAN_POINT('Ctrl Pts',(27.4852947200079,-5.09480951149319,-23.5716794511848));
#3229=CARTESIAN_POINT('Ctrl Pts',(22.6398429348198,-5.09480951149319,-21.9972967290303));
#3230=CARTESIAN_POINT('Ctrl Pts',(22.6398429348198,-2.12510994837374E-15,
-21.9972967290303));
#3231=CARTESIAN_POINT('Ctrl Pts',(22.6898711969296,-2.05659606916683E-15,
-21.2564990953308));
#3232=CARTESIAN_POINT('Ctrl Pts',(22.6898711969296,5.27614886502067,-21.2564990953308));
#3233=CARTESIAN_POINT('Ctrl Pts',(27.7077869559507,5.27614886502067,-22.8869187594743));
#3234=CARTESIAN_POINT('Ctrl Pts',(32.7257027149719,5.27614886502067,-24.5173384236178));
#3235=CARTESIAN_POINT('Ctrl Pts',(32.7257027149719,-1.16364994988437E-15,
-24.5173384236178));
#3236=CARTESIAN_POINT('Ctrl Pts',(32.7257027149719,-5.27614886502067,-24.5173384236178));
#3237=CARTESIAN_POINT('Ctrl Pts',(27.7077869559507,-5.27614886502067,-22.8869187594743));
#3238=CARTESIAN_POINT('Ctrl Pts',(22.6898711969296,-5.27614886502067,-21.2564990953308));
#3239=CARTESIAN_POINT('Ctrl Pts',(22.6898711969296,-2.05659606916683E-15,
-21.2564990953308));
#3240=CARTESIAN_POINT('Ctrl Pts',(22.7885361669111,-1.95172341272918E-15,
-20.152978085254));
#3241=CARTESIAN_POINT('Ctrl Pts',(22.7885361669111,5.5233196481532,-20.152978085254));
#3242=CARTESIAN_POINT('Ctrl Pts',(28.0415253098683,5.5233196481532,-21.8597777218984));
#3243=CARTESIAN_POINT('Ctrl Pts',(33.2945144528254,5.5233196481532,-23.5665773585428));
#3244=CARTESIAN_POINT('Ctrl Pts',(33.2945144528254,-1.01694560953397E-15,
-23.5665773585428));
#3245=CARTESIAN_POINT('Ctrl Pts',(33.2945144528254,-5.5233196481532,-23.5665773585428));
#3246=CARTESIAN_POINT('Ctrl Pts',(28.0415253098683,-5.5233196481532,-21.8597777218984));
#3247=CARTESIAN_POINT('Ctrl Pts',(22.7885361669111,-5.5233196481532,-20.152978085254));
#3248=CARTESIAN_POINT('Ctrl Pts',(22.7885361669111,-1.95172341272918E-15,
-20.152978085254));
#3249=CARTESIAN_POINT('Ctrl Pts',(22.9681181443669,-1.80761981363847E-15,
-18.6972222039277));
#3250=CARTESIAN_POINT('Ctrl Pts',(22.9681181443669,5.80238034527581,-18.6972222039277));
#3251=CARTESIAN_POINT('Ctrl Pts',(28.4865097817644,5.80238034527581,-20.4902563384451));
#3252=CARTESIAN_POINT('Ctrl Pts',(34.0049014191619,5.80238034527581,-22.2832904729625));
#3253=CARTESIAN_POINT('Ctrl Pts',(34.0049014191619,-8.25613212902698E-16,
-22.2832904729625));
#3254=CARTESIAN_POINT('Ctrl Pts',(34.0049014191619,-5.80238034527581,-22.2832904729625));
#3255=CARTESIAN_POINT('Ctrl Pts',(28.4865097817644,-5.80238034527581,-20.4902563384451));
#3256=CARTESIAN_POINT('Ctrl Pts',(22.9681181443669,-5.80238034527581,-18.6972222039277));
#3257=CARTESIAN_POINT('Ctrl Pts',(22.9681181443669,-1.80761981363847E-15,
-18.6972222039277));
#3258=CARTESIAN_POINT('Ctrl Pts',(23.2780760812047,-1.61988462217269E-15,
-16.9053016389701));
#3259=CARTESIAN_POINT('Ctrl Pts',(23.2780760812047,6.06132673681061,-16.9053016389701));
#3260=CARTESIAN_POINT('Ctrl Pts',(29.0427403716425,6.06132673681061,-18.7783546091039));
#3261=CARTESIAN_POINT('Ctrl Pts',(34.8074046620803,6.06132673681061,-20.6514075792376));
#3262=CARTESIAN_POINT('Ctrl Pts',(34.8074046620803,-5.94053409709956E-16,
-20.6514075792376));
#3263=CARTESIAN_POINT('Ctrl Pts',(34.8074046620803,-6.06132673681062,-20.6514075792376));
#3264=CARTESIAN_POINT('Ctrl Pts',(29.0427403716425,-6.06132673681062,-18.7783546091039));
#3265=CARTESIAN_POINT('Ctrl Pts',(23.2780760812047,-6.06132673681062,-16.9053016389701));
#3266=CARTESIAN_POINT('Ctrl Pts',(23.2780760812047,-1.61988462217269E-15,
-16.9053016389701));
#3267=CARTESIAN_POINT('Ctrl Pts',(23.6811537908409,-1.42386402459838E-15,
-15.1436375222856));
#3268=CARTESIAN_POINT('Ctrl Pts',(23.6811537908409,6.22236120492388,-15.1436375222856));
#3269=CARTESIAN_POINT('Ctrl Pts',(29.5989709615259,6.22236120492388,-17.0664528797465));
#3270=CARTESIAN_POINT('Ctrl Pts',(35.5167881322109,6.22236120492388,-18.9892682372073));
#3271=CARTESIAN_POINT('Ctrl Pts',(35.5167881322109,-3.707790126218E-16,
-18.9892682372073));
#3272=CARTESIAN_POINT('Ctrl Pts',(35.5167881322109,-6.22236120492388,-18.9892682372073));
#3273=CARTESIAN_POINT('Ctrl Pts',(29.5989709615259,-6.22236120492388,-17.0664528797465));
#3274=CARTESIAN_POINT('Ctrl Pts',(23.6811537908409,-6.22236120492388,-15.1436375222856));
#3275=CARTESIAN_POINT('Ctrl Pts',(23.6811537908409,-1.42386402459838E-15,
-15.1436375222856));
#3276=CARTESIAN_POINT('Ctrl Pts',(24.1849505549751,-1.21888186876185E-15,
-13.4146990101854));
#3277=CARTESIAN_POINT('Ctrl Pts',(24.1849505549751,6.27749339197399,-13.4146990101854));
#3278=CARTESIAN_POINT('Ctrl Pts',(30.1552015514117,6.27749339197399,-15.3545511503818));
#3279=CARTESIAN_POINT('Ctrl Pts',(36.1254525478483,6.27749339197399,-17.2944032905781));
#3280=CARTESIAN_POINT('Ctrl Pts',(36.1254525478483,-1.56466173794063E-16,
-17.2944032905781));
#3281=CARTESIAN_POINT('Ctrl Pts',(36.1254525478483,-6.27749339197399,-17.2944032905781));
#3282=CARTESIAN_POINT('Ctrl Pts',(30.1552015514117,-6.27749339197399,-15.3545511503818));
#3283=CARTESIAN_POINT('Ctrl Pts',(24.1849505549751,-6.27749339197399,-13.4146990101854));
#3284=CARTESIAN_POINT('Ctrl Pts',(24.1849505549751,-1.21888186876185E-15,
-13.4146990101854));
#3285=CARTESIAN_POINT('Ctrl Pts',(24.7936149706102,-1.00456902993444E-15,
-11.7198340635569));
#3286=CARTESIAN_POINT('Ctrl Pts',(24.7936149706102,6.22236120492581,-11.7198340635569));
#3287=CARTESIAN_POINT('Ctrl Pts',(30.711432141297,6.22236120492582,-13.6426494210184));
#3288=CARTESIAN_POINT('Ctrl Pts',(36.6292493119839,6.22236120492581,-15.5654647784798));
#3289=CARTESIAN_POINT('Ctrl Pts',(36.6292493119839,4.85159820424668E-17,
-15.5654647784798));
#3290=CARTESIAN_POINT('Ctrl Pts',(36.6292493119839,-6.22236120492581,-15.5654647784798));
#3291=CARTESIAN_POINT('Ctrl Pts',(30.711432141297,-6.22236120492582,-13.6426494210184));
#3292=CARTESIAN_POINT('Ctrl Pts',(24.7936149706102,-6.22236120492581,-11.7198340635569));
#3293=CARTESIAN_POINT('Ctrl Pts',(24.7936149706102,-1.00456902993444E-15,
-11.7198340635569));
#3294=CARTESIAN_POINT('Ctrl Pts',(25.5029984407384,-7.81294632846777E-16,
-10.0576947215292));
#3295=CARTESIAN_POINT('Ctrl Pts',(25.5029984407384,6.06132673681402,-10.0576947215292));
#3296=CARTESIAN_POINT('Ctrl Pts',(31.2676627311794,6.06132673681402,-11.930747691664));
#3297=CARTESIAN_POINT('Ctrl Pts',(37.0323270216204,6.06132673681402,-13.8038006617987));
#3298=CARTESIAN_POINT('Ctrl Pts',(37.0323270216204,2.44536579616535E-16,
-13.8038006617987));
#3299=CARTESIAN_POINT('Ctrl Pts',(37.0323270216204,-6.06132673681402,-13.8038006617987));
#3300=CARTESIAN_POINT('Ctrl Pts',(31.2676627311794,-6.06132673681402,-11.930747691664));
#3301=CARTESIAN_POINT('Ctrl Pts',(25.5029984407384,-6.06132673681402,-10.0576947215292));
#3302=CARTESIAN_POINT('Ctrl Pts',(25.5029984407384,-7.81294632846777E-16,
-10.0576947215292));
#3303=CARTESIAN_POINT('Ctrl Pts',(26.3055016836554,-5.49734829654433E-16,
-8.42581182780697));
#3304=CARTESIAN_POINT('Ctrl Pts',(26.3055016836554,5.80238034527974,-8.42581182780697));
#3305=CARTESIAN_POINT('Ctrl Pts',(31.8238933210566,5.80238034527974,-10.2188459623256));
#3306=CARTESIAN_POINT('Ctrl Pts',(37.3422849584579,5.80238034527974,-12.0118800968442));
#3307=CARTESIAN_POINT('Ctrl Pts',(37.3422849584579,4.32271771082004E-16,
-12.0118800968442));
#3308=CARTESIAN_POINT('Ctrl Pts',(37.3422849584579,-5.80238034527974,-12.0118800968442));
#3309=CARTESIAN_POINT('Ctrl Pts',(31.8238933210566,-5.80238034527974,-10.2188459623256));
#3310=CARTESIAN_POINT('Ctrl Pts',(26.3055016836554,-5.80238034527974,-8.42581182780697));
#3311=CARTESIAN_POINT('Ctrl Pts',(26.3055016836554,-5.49734829654433E-16,
-8.42581182780697));
#3312=CARTESIAN_POINT('Ctrl Pts',(27.0158886499925,-3.58402433023116E-16,
-7.14252494222701));
#3313=CARTESIAN_POINT('Ctrl Pts',(27.0158886499925,5.52331964815644,-7.14252494222701));
#3314=CARTESIAN_POINT('Ctrl Pts',(32.2688777929527,5.52331964815644,-8.8493245788724));
#3315=CARTESIAN_POINT('Ctrl Pts',(37.521866935913,5.52331964815644,-10.5561242155178));
#3316=CARTESIAN_POINT('Ctrl Pts',(37.521866935913,5.76375370172647E-16,
-10.5561242155178));
#3317=CARTESIAN_POINT('Ctrl Pts',(37.521866935913,-5.52331964815644,-10.5561242155178));
#3318=CARTESIAN_POINT('Ctrl Pts',(32.2688777929527,-5.52331964815644,-8.8493245788724));
#3319=CARTESIAN_POINT('Ctrl Pts',(27.0158886499925,-5.52331964815644,-7.14252494222701));
#3320=CARTESIAN_POINT('Ctrl Pts',(27.0158886499925,-3.58402433023116E-16,
-7.14252494222701));
#3321=CARTESIAN_POINT('Ctrl Pts',(27.5847003878479,-2.11698092672338E-16,
-6.19176387715023));
#3322=CARTESIAN_POINT('Ctrl Pts',(27.5847003878479,5.2761488650226,-6.19176387715023));
#3323=CARTESIAN_POINT('Ctrl Pts',(32.602616146871,5.2761488650226,-7.82218354129431));
#3324=CARTESIAN_POINT('Ctrl Pts',(37.620531905894,5.2761488650226,-9.45260320543839));
#3325=CARTESIAN_POINT('Ctrl Pts',(37.620531905894,6.81248026610449E-16,
-9.45260320543839));
#3326=CARTESIAN_POINT('Ctrl Pts',(37.620531905894,-5.2761488650226,-9.45260320543839));
#3327=CARTESIAN_POINT('Ctrl Pts',(32.602616146871,-5.2761488650226,-7.82218354129431));
#3328=CARTESIAN_POINT('Ctrl Pts',(27.5847003878479,-5.2761488650226,-6.19176387715023));
#3329=CARTESIAN_POINT('Ctrl Pts',(27.5847003878479,-2.11698092672338E-16,
-6.19176387715023));
#3330=CARTESIAN_POINT('Ctrl Pts',(27.9796565976259,-1.12493974021762E-16,
-5.56304012742627));
#3331=CARTESIAN_POINT('Ctrl Pts',(27.9796565976259,5.09480951149389,-5.56304012742627));
#3332=CARTESIAN_POINT('Ctrl Pts',(32.8251083828147,5.09480951149389,-7.13742284958101));
#3333=CARTESIAN_POINT('Ctrl Pts',(37.6705601680035,5.09480951149389,-8.71180557173574));
#3334=CARTESIAN_POINT('Ctrl Pts',(37.6705601680035,7.49761905817597E-16,
-8.71180557173574));
#3335=CARTESIAN_POINT('Ctrl Pts',(37.6705601680035,-5.09480951149389,-8.71180557173574));
#3336=CARTESIAN_POINT('Ctrl Pts',(32.8251083828147,-5.09480951149389,-7.13742284958101));
#3337=CARTESIAN_POINT('Ctrl Pts',(27.9796565976259,-5.09480951149389,-5.56304012742627));
#3338=CARTESIAN_POINT('Ctrl Pts',(27.9796565976259,-1.12493974021762E-16,
-5.56304012742627));
#3339=CARTESIAN_POINT('Ctrl Pts',(28.1810719193103,-6.25415976897843E-17,
-5.24995753185095));
#3340=CARTESIAN_POINT('Ctrl Pts',(28.1810719193103,5.,-5.24995753185095));
#3341=CARTESIAN_POINT('Ctrl Pts',(32.9363545007861,5.,-6.79504250372569));
#3342=CARTESIAN_POINT('Ctrl Pts',(37.6916370822619,5.,-8.34012747560042));
#3343=CARTESIAN_POINT('Ctrl Pts',(37.6916370822619,7.83668528414156E-16,
-8.34012747560042));
#3344=CARTESIAN_POINT('Ctrl Pts',(37.6916370822619,-5.,-8.34012747560042));
#3345=CARTESIAN_POINT('Ctrl Pts',(32.9363545007861,-5.,-6.79504250372569));
#3346=CARTESIAN_POINT('Ctrl Pts',(28.1810719193103,-5.,-5.24995753185095));
#3347=CARTESIAN_POINT('Ctrl Pts',(28.1810719193103,-6.25415976897843E-17,
-5.24995753185095));
#3348=CARTESIAN_POINT('',(22.6187660205613,-2.15901657097015E-15,-22.3689748251637));
#3349=CARTESIAN_POINT('Ctrl Pts',(22.6187660205613,-2.15901657097015E-15,
-22.3689748251637));
#3350=CARTESIAN_POINT('Ctrl Pts',(22.6398429348198,-2.12510994837374E-15,
-21.9972967290303));
#3351=CARTESIAN_POINT('Ctrl Pts',(22.6898711969296,-2.05659606916683E-15,
-21.2564990953308));
#3352=CARTESIAN_POINT('Ctrl Pts',(22.7885361669111,-1.95172341272918E-15,
-20.152978085254));
#3353=CARTESIAN_POINT('Ctrl Pts',(22.9681181443669,-1.80761981363847E-15,
-18.6972222039277));
#3354=CARTESIAN_POINT('Ctrl Pts',(23.2780760812047,-1.61988462217269E-15,
-16.9053016389701));
#3355=CARTESIAN_POINT('Ctrl Pts',(23.6811537908409,-1.42386402459838E-15,
-15.1436375222856));
#3356=CARTESIAN_POINT('Ctrl Pts',(24.1849505549751,-1.21888186876185E-15,
-13.4146990101854));
#3357=CARTESIAN_POINT('Ctrl Pts',(24.7936149706102,-1.00456902993444E-15,
-11.7198340635569));
#3358=CARTESIAN_POINT('Ctrl Pts',(25.5029984407384,-7.81294632846777E-16,
-10.0576947215292));
#3359=CARTESIAN_POINT('Ctrl Pts',(26.3055016836554,-5.49734829654433E-16,
-8.42581182780697));
#3360=CARTESIAN_POINT('Ctrl Pts',(27.0158886499925,-3.58402433023116E-16,
-7.14252494222701));
#3361=CARTESIAN_POINT('Ctrl Pts',(27.5847003878479,-2.11698092672338E-16,
-6.19176387715023));
#3362=CARTESIAN_POINT('Ctrl Pts',(27.9796565976259,-1.12493974021762E-16,
-5.56304012742627));
#3363=CARTESIAN_POINT('Ctrl Pts',(28.1810719193103,-6.25415976897843E-17,
-5.24995753185095));
#3364=CARTESIAN_POINT('Origin',(27.3740486020371,-1.73591150791818E-15,
-23.9140597970384));
#3365=CARTESIAN_POINT('Origin',(27.3740486020371,-1.73591150791818E-15,
-23.9140597970384));
#3366=CARTESIAN_POINT('Origin',(0.,0.,0.));
#3367=CARTESIAN_POINT('',(8.,1.25,-9.79717439317883E-16));
#3368=CARTESIAN_POINT('Origin',(0.,1.25,0.));
#3369=CARTESIAN_POINT('',(8.,0.,-9.79717439317883E-16));
#3370=CARTESIAN_POINT('',(8.,0.,-9.79717439317883E-16));
#3371=CARTESIAN_POINT('Origin',(0.,0.,0.));
#3372=CARTESIAN_POINT('Origin',(0.,1.25,0.));
#3373=CARTESIAN_POINT('',(-7.5,1.25,-9.18485099360515E-16));
#3374=CARTESIAN_POINT('Origin',(0.,1.25,0.));
#3375=CARTESIAN_POINT('Origin',(0.,-10.,0.));
#3376=CARTESIAN_POINT('',(-7.5,-11.25,-9.18485099360515E-16));
#3377=CARTESIAN_POINT('Origin',(0.,-11.25,0.));
#3378=CARTESIAN_POINT('',(-7.5,-10.,-9.18485099360515E-16));
#3379=CARTESIAN_POINT('Origin',(0.,-10.,0.));
#3380=CARTESIAN_POINT('',(-8.,-11.25,-9.79717439317883E-16));
#3381=CARTESIAN_POINT('Origin',(0.,-11.25,0.));
#3382=CARTESIAN_POINT('',(-8.,-10.,-9.79717439317883E-16));
#3383=CARTESIAN_POINT('',(-8.,-10.,-9.79717439317883E-16));
#3384=CARTESIAN_POINT('Origin',(0.,-10.,0.));
#3385=CARTESIAN_POINT('Origin',(0.,-11.25,0.));
#3386=CARTESIAN_POINT('Origin',(0.,-10.,-0.889342411183804));
#3387=CARTESIAN_POINT('',(-28.6897990674485,-10.,-4.23029898109252));
#3388=CARTESIAN_POINT('',(-28.0494534479284,-10.,-2.45226457282101));
#3389=CARTESIAN_POINT('Origin',(-26.7111922352107,-10.,-3.9385542237758));
#3390=CARTESIAN_POINT('',(-25.6970423646424,-10.,-13.4410570160897));
#3391=CARTESIAN_POINT('Origin',(0.,-10.,0.));
#3392=CARTESIAN_POINT('',(-24.1338894729265,-10.,-14.5031313574407));
#3393=CARTESIAN_POINT('Origin',(-23.9248325463912,-10.,-12.5140875667042));
#3394=CARTESIAN_POINT('',(-18.5995735830232,-10.,-6.88579902440149));
#3395=CARTESIAN_POINT('',(-17.1107844666767,-10.,-4.83665660126795));
#3396=CARTESIAN_POINT('',(-0.801199706780323,-10.,-19.8170745748441));
#3397=CARTESIAN_POINT('Ctrl Pts',(-0.801199706780323,-10.,-19.8170745748441));
#3398=CARTESIAN_POINT('Ctrl Pts',(-0.939707786575701,-10.,-19.6218797653318));
#3399=CARTESIAN_POINT('Ctrl Pts',(-1.07813632434508,-10.,-19.4267206767762));
#3400=CARTESIAN_POINT('Ctrl Pts',(-2.18824659893882,-10.,-17.8634791504618));
#3401=CARTESIAN_POINT('Ctrl Pts',(-4.30355279836528,-10.,-15.2255898068378));
#3402=CARTESIAN_POINT('Ctrl Pts',(-7.44416437923595,-10.,-12.3633159156786));
#3403=CARTESIAN_POINT('Ctrl Pts',(-10.1938610749105,-10.,-10.5001463900905));
#3404=CARTESIAN_POINT('Ctrl Pts',(-14.158783952794,-10.,-8.29693993582217));
#3405=CARTESIAN_POINT('Ctrl Pts',(-16.9056579254362,-9.99999999999999,-7.41954466639209));
#3406=CARTESIAN_POINT('Ctrl Pts',(-18.1423104818852,-10.,-7.02837905737767));
#3407=CARTESIAN_POINT('Ctrl Pts',(-18.3711309369722,-10.,-6.95720952290139));
#3408=CARTESIAN_POINT('Ctrl Pts',(-18.5995735830232,-10.,-6.88579902440149));
#3409=CARTESIAN_POINT('',(-6.33551559667766,-10.,-27.4344069078752));
#3410=CARTESIAN_POINT('',(3.62651567103449,-10.,-13.7228471798276));
#3411=CARTESIAN_POINT('',(-4.84238206519931,-10.,-28.5928546307401));
#3412=CARTESIAN_POINT('Origin',(-4.50842468139246,-10.,-26.6209336217236));
#3413=CARTESIAN_POINT('',(4.84238206519932,-10.,-28.5928546307401));
#3414=CARTESIAN_POINT('Origin',(0.,-10.,0.));
#3415=CARTESIAN_POINT('',(6.33551559667767,-10.,-27.4344069078752));
#3416=CARTESIAN_POINT('Origin',(4.50842468139247,-10.,-26.6209336217236));
#3417=CARTESIAN_POINT('',(0.801199706774349,-10.,-19.8170745748359));
#3418=CARTESIAN_POINT('',(-0.687589409572124,-10.,-17.7679321517024));
#3419=CARTESIAN_POINT('',(18.5995735830292,-10.,-6.8857990244097));
#3420=CARTESIAN_POINT('Ctrl Pts',(18.5995735830292,-10.,-6.8857990244097));
#3421=CARTESIAN_POINT('Ctrl Pts',(18.3711309369804,-10.,-6.95720952290553));
#3422=CARTESIAN_POINT('Ctrl Pts',(18.1427466158742,-10.,-7.02855570530338));
#3423=CARTESIAN_POINT('Ctrl Pts',(16.312976684672,-10.,-7.60125995281382));
#3424=CARTESIAN_POINT('Ctrl Pts',(13.150522765225,-10.,-8.79789669910163));
#3425=CARTESIAN_POINT('Ctrl Pts',(9.45784386185318,-10.,-10.9002889136692));
#3426=CARTESIAN_POINT('Ctrl Pts',(6.83615388134998,-10.,-12.9396629713261));
#3427=CARTESIAN_POINT('Ctrl Pts',(3.51555969905745,-10.,-16.0296841316871));
#3428=CARTESIAN_POINT('Ctrl Pts',(1.83226478230627,-10.,-18.370986280462));
#3429=CARTESIAN_POINT('Ctrl Pts',(1.07810395415611,-10.,-19.426252988342));
#3430=CARTESIAN_POINT('Ctrl Pts',(0.939707786574308,-10.,-19.6218797653226));
#3431=CARTESIAN_POINT('Ctrl Pts',(0.80119970677435,-10.,-19.8170745748359));
#3432=CARTESIAN_POINT('',(24.1338894729265,-10.,-14.5031313574407));
#3433=CARTESIAN_POINT('',(14.1718582052143,-10.,-0.791571629393208));
#3434=CARTESIAN_POINT('',(25.6970423646424,-10.,-13.4410570160897));
#3435=CARTESIAN_POINT('Origin',(23.9248325463912,-10.,-12.5140875667042));
#3436=CARTESIAN_POINT('',(28.6897990674485,-10.,-4.23029898109252));
#3437=CARTESIAN_POINT('Origin',(0.,-10.,0.));
#3438=CARTESIAN_POINT('',(28.0494534479284,-10.,-2.452264572821));
#3439=CARTESIAN_POINT('Origin',(26.7111922352107,-10.,-3.93855422377579));
#3440=CARTESIAN_POINT('',(19.0947422335862,-10.,-5.36182662043847));
#3441=CARTESIAN_POINT('',(16.2130059406471,-10.,-6.29815950136356));
#3442=CARTESIAN_POINT('',(12.296368357347,-10.,15.561416738058));
#3443=CARTESIAN_POINT('Ctrl Pts',(12.296368357347,-10.,15.5614167380581));
#3444=CARTESIAN_POINT('Ctrl Pts',(12.2936911174043,-10.,15.3220878133217));
#3445=CARTESIAN_POINT('Ctrl Pts',(12.2909566752017,-10.,15.082849798876));
#3446=CARTESIAN_POINT('Ctrl Pts',(12.2704056768683,-9.99999999999999,13.1654509723781));
#3447=CARTESIAN_POINT('Ctrl Pts',(12.4297946475659,-10.,9.78959305053428));
#3448=CARTESIAN_POINT('Ctrl Pts',(13.2896246728894,-10.,5.6260657301872));
#3449=CARTESIAN_POINT('Ctrl Pts',(14.4188238585412,-10.,2.50332772559815));
#3450=CARTESIAN_POINT('Ctrl Pts',(16.3319818197743,-10.,-1.60984006279855));
#3451=CARTESIAN_POINT('Ctrl Pts',(18.0378721418599,-10.,-3.93437322299521));
#3452=CARTESIAN_POINT('Ctrl Pts',(18.8086376935922,-10.,-4.97770117078508));
#3453=CARTESIAN_POINT('Ctrl Pts',(18.951902288568,-10.,-5.16977909523181));
#3454=CARTESIAN_POINT('Ctrl Pts',(19.0947422335862,-10.,-5.36182662043847));
#3455=CARTESIAN_POINT('',(21.2510795716795,-10.,18.4709787856724));
#3456=CARTESIAN_POINT('',(4.65934948292252,-10.,13.0799988852551));
#3457=CARTESIAN_POINT('',(20.7240276568943,-10.,20.2858245500714));
#3458=CARTESIAN_POINT('Origin',(19.2947843702119,-10.,18.8868021673079));
#3459=CARTESIAN_POINT('',(12.8888888888889,-10.,25.9783860778509));
#3460=CARTESIAN_POINT('Origin',(0.,-10.,0.));
#3461=CARTESIAN_POINT('',(11.,-10.,25.9188240524645));
#3462=CARTESIAN_POINT('Origin',(12.,-10.,24.1867732448957));
#3463=CARTESIAN_POINT('',(11.,-10.,16.5032834816198));
#3464=CARTESIAN_POINT('',(11.,-10.,13.1659863832243));
#3465=CARTESIAN_POINT('',(9.99999999999999,-10.,16.1674193589614));
#3466=CARTESIAN_POINT('Ctrl Pts',(11.,-10.,16.5032834816209));
#3467=CARTESIAN_POINT('Ctrl Pts',(10.7732119792277,-10.,16.4267805701407));
#3468=CARTESIAN_POINT('Ctrl Pts',(10.546423958459,-10.,16.3502776586617));
#3469=CARTESIAN_POINT('Ctrl Pts',(10.2132805979448,-10.,16.2378976619897));
#3470=CARTESIAN_POINT('Ctrl Pts',(10.1067391895621,-10.,16.2024243100955));
#3471=CARTESIAN_POINT('Ctrl Pts',(10.0000171909637,-10.,16.1673662465252));
#3472=CARTESIAN_POINT('',(-10.,-10.,16.1674193589569));
#3473=CARTESIAN_POINT('Ctrl Pts',(-10.0000198280219,-10.,16.1673579615021));
#3474=CARTESIAN_POINT('Ctrl Pts',(-8.20711589310755,-10.,15.5782927442493));
#3475=CARTESIAN_POINT('Ctrl Pts',(-4.40340541582101,-10.,14.602986186229));
#3476=CARTESIAN_POINT('Ctrl Pts',(2.41467893462957,-9.99999999999999,14.2059491091195));
#3477=CARTESIAN_POINT('Ctrl Pts',(7.25787150947479,-10.,15.2665742928198));
#3478=CARTESIAN_POINT('Ctrl Pts',(10.0000171909637,-10.,16.1673662465252));
#3479=CARTESIAN_POINT('',(-11.,-10.,16.50328348163));
#3480=CARTESIAN_POINT('Ctrl Pts',(-10.0000198280219,-10.,16.1673579615021));
#3481=CARTESIAN_POINT('Ctrl Pts',(-10.106751820432,-10.,16.2024251522604));
#3482=CARTESIAN_POINT('Ctrl Pts',(-10.2132925207448,-10.,16.237901683933));
#3483=CARTESIAN_POINT('Ctrl Pts',(-10.5464239584655,-10.,16.3502776586673));
#3484=CARTESIAN_POINT('Ctrl Pts',(-10.7732119792319,-10.,16.4267805701489));
#3485=CARTESIAN_POINT('Ctrl Pts',(-11.,-10.,16.5032834816311));
#3486=CARTESIAN_POINT('',(-11.,-10.,25.9188240524645));
#3487=CARTESIAN_POINT('',(-11.,-10.,8.1659863832243));
#3488=CARTESIAN_POINT('',(-12.8888888888889,-10.,25.9783860778509));
#3489=CARTESIAN_POINT('Origin',(-12.,-10.,24.1867732448957));
#3490=CARTESIAN_POINT('',(-20.7240276568943,-10.,20.2858245500714));
#3491=CARTESIAN_POINT('Origin',(0.,-10.,0.));
#3492=CARTESIAN_POINT('',(-21.2510795716795,-10.,18.4709787856724));
#3493=CARTESIAN_POINT('Origin',(-19.2947843702119,-10.,18.8868021673079));
#3494=CARTESIAN_POINT('',(-12.2963683573373,-10.,15.5614167380549));
#3495=CARTESIAN_POINT('',(-9.4146320643983,-10.,14.6250838571298));
#3496=CARTESIAN_POINT('',(-19.0947422335959,-10.,-5.36182662043533));
#3497=CARTESIAN_POINT('Ctrl Pts',(-19.0947422335959,-10.,-5.36182662043533));
#3498=CARTESIAN_POINT('Ctrl Pts',(-18.9519022885772,-10.,-5.16977909523331));
#3499=CARTESIAN_POINT('Ctrl Pts',(-18.8090696087365,-10.,-4.97784195605141));
#3500=CARTESIAN_POINT('Ctrl Pts',(-17.6654235027641,-10.,-3.43865473924505));
#3501=CARTESIAN_POINT('Ctrl Pts',(-15.8100995426888,-10.,-0.61385573312847));
#3502=CARTESIAN_POINT('Ctrl Pts',(-14.0584822533562,-10.,3.25978132548431));
#3503=CARTESIAN_POINT('Ctrl Pts',(-13.1364794554179,-10.,6.44997674799856));
#3504=CARTESIAN_POINT('Ctrl Pts',(-12.266608444918,-10.,10.9021480757457));
#3505=CARTESIAN_POINT('Ctrl Pts',(-12.2804430153245,-10.,13.7854229337849));
#3506=CARTESIAN_POINT('Ctrl Pts',(-12.2906807657798,-10.,15.0824780991024));
#3507=CARTESIAN_POINT('Ctrl Pts',(-12.2936911173978,-10.,15.3220878133151));
#3508=CARTESIAN_POINT('Ctrl Pts',(-12.2963683573373,-10.,15.5614167380549));
#3509=CARTESIAN_POINT('',(-11.4577233591714,-10.,-7.8432444732383));
#3510=CARTESIAN_POINT('Origin',(-11.4577233591714,-9.,-7.8432444732383));
#3511=CARTESIAN_POINT('',(-19.4686139626094,-9.,-4.18888610757591));
#3512=CARTESIAN_POINT('',(-26.0931582464608,-9.00000000000001,-2.03644119118549));
#3513=CARTESIAN_POINT('',(-11.1487063647964,-9.,-6.89218795694315));
#3514=CARTESIAN_POINT('Ctrl Pts',(-26.0931582464608,-9.00000000000001,-2.03644119118549));
#3515=CARTESIAN_POINT('Ctrl Pts',(-26.0951481166658,-9.00147946067508,-2.03579464316294));
#3516=CARTESIAN_POINT('Ctrl Pts',(-26.0971390030706,-9.00295892256431,-2.03515121712395));
#3517=CARTESIAN_POINT('Ctrl Pts',(-26.2646811082336,-9.12739846357412,-1.9812942253094));
#3518=CARTESIAN_POINT('Ctrl Pts',(-26.4381230674869,-9.2510238792482,-1.94936294409235));
#3519=CARTESIAN_POINT('Ctrl Pts',(-26.7829808978477,-9.48002326064953,-1.93280183633842));
#3520=CARTESIAN_POINT('Ctrl Pts',(-26.9559672629224,-9.58740113934839,-1.94569988078104));
#3521=CARTESIAN_POINT('Ctrl Pts',(-27.3274414244502,-9.79121889653035,-2.0250943854013));
#3522=CARTESIAN_POINT('Ctrl Pts',(-27.5120440766836,-9.87610423244016,-2.0959493015724));
#3523=CARTESIAN_POINT('Ctrl Pts',(-27.8095422025537,-9.97357947224297,-2.26052981630437));
#3524=CARTESIAN_POINT('Ctrl Pts',(-27.9348636119723,-10.,-2.34908742109074));
#3525=CARTESIAN_POINT('Ctrl Pts',(-28.0494534479284,-10.,-2.45226457282101));
#3526=CARTESIAN_POINT('Ctrl Pts',(-19.0947422335959,-10.,-5.36182662043533));
#3527=CARTESIAN_POINT('Ctrl Pts',(-19.0952995300554,-10.,-5.36007822507851));
#3528=CARTESIAN_POINT('Ctrl Pts',(-19.0958568267655,-9.99999666712847,-5.35832982893368));
#3529=CARTESIAN_POINT('Ctrl Pts',(-19.1300348454847,-9.99958786549579,-5.25110379475148));
#3530=CARTESIAN_POINT('Ctrl Pts',(-19.1636948913488,-9.98705491282613,-5.14550278669384));
#3531=CARTESIAN_POINT('Ctrl Pts',(-19.228445895753,-9.93809152878343,-4.94236071838484));
#3532=CARTESIAN_POINT('Ctrl Pts',(-19.2596627617219,-9.90216040897564,-4.84442465117802));
#3533=CARTESIAN_POINT('Ctrl Pts',(-19.3277823133096,-9.79130826317543,-4.63071450522558));
#3534=CARTESIAN_POINT('Ctrl Pts',(-19.3633574278738,-9.70762150699461,-4.51910539173681));
#3535=CARTESIAN_POINT('Ctrl Pts',(-19.4170357813127,-9.51813806710283,-4.35070133582209));
#3536=CARTESIAN_POINT('Ctrl Pts',(-19.4367727490789,-9.41969191518833,-4.28878092846796));
#3537=CARTESIAN_POINT('Ctrl Pts',(-19.4622086108479,-9.21183559361152,-4.20898149342535));
#3538=CARTESIAN_POINT('Ctrl Pts',(-19.4686139626094,-9.10691841707305,-4.18888610757591));
#3539=CARTESIAN_POINT('Ctrl Pts',(-19.4686139626094,-9.,-4.18888610757591));
#3540=CARTESIAN_POINT('Origin',(-26.7111922352107,0.,-3.9385542237758));
#3541=CARTESIAN_POINT('',(-26.0931582464608,-1.,-2.03644119118549));
#3542=CARTESIAN_POINT('',(-26.0931582464608,0.,-2.03644119118549));
#3543=CARTESIAN_POINT('',(-28.0494534479284,0.,-2.45226457282101));
#3544=CARTESIAN_POINT('Ctrl Pts',(-26.0931582464608,-1.,-2.03644119118549));
#3545=CARTESIAN_POINT('Ctrl Pts',(-26.0946582798347,-0.998884731083193,
-2.03595380079728));
#3546=CARTESIAN_POINT('Ctrl Pts',(-26.0961588904524,-0.997769461646303,
-2.03546818460334));
#3547=CARTESIAN_POINT('Ctrl Pts',(-26.2543259321042,-0.8802634629185,-1.98448998426282));
#3548=CARTESIAN_POINT('Ctrl Pts',(-26.4180277983301,-0.763300755936272,
-1.95307773320149));
#3549=CARTESIAN_POINT('Ctrl Pts',(-26.7548861594009,-0.537801029580401,
-1.93181695799117));
#3550=CARTESIAN_POINT('Ctrl Pts',(-26.930096408313,-0.428014301006625,-1.94251146130083));
#3551=CARTESIAN_POINT('Ctrl Pts',(-27.2803090084011,-0.233581132353209,
-2.01298707947037));
#3552=CARTESIAN_POINT('Ctrl Pts',(-27.4575049203728,-0.147385099854918,
-2.07307136623136));
#3553=CARTESIAN_POINT('Ctrl Pts',(-27.7875385357259,-0.0298238439135063,
-2.24340615155891));
#3554=CARTESIAN_POINT('Ctrl Pts',(-27.928304847318,-1.47018457366727E-16,
-2.34318188287042));
#3555=CARTESIAN_POINT('Ctrl Pts',(-28.0494534479284,8.71698546678346E-16,
-2.45226457282101));
#3556=CARTESIAN_POINT('',(-28.6897990674485,0.,-4.23029898109252));
#3557=CARTESIAN_POINT('Origin',(-26.7111922352107,0.,-3.9385542237758));
#3558=CARTESIAN_POINT('',(-28.6897990674485,0.,-4.23029898109252));
#3559=CARTESIAN_POINT('Ctrl Pts',(-19.0947422335959,-10.,-5.36182662043533));
#3560=CARTESIAN_POINT('Ctrl Pts',(-18.9519022885772,-10.,-5.16977909523331));
#3561=CARTESIAN_POINT('Ctrl Pts',(-18.8090696087365,-10.,-4.97784195605141));
#3562=CARTESIAN_POINT('Ctrl Pts',(-17.6654235027641,-10.,-3.43865473924505));
#3563=CARTESIAN_POINT('Ctrl Pts',(-15.8100995426888,-10.,-0.61385573312847));
#3564=CARTESIAN_POINT('Ctrl Pts',(-14.0584822533562,-10.,3.25978132548431));
#3565=CARTESIAN_POINT('Ctrl Pts',(-13.1364794554179,-10.,6.44997674799856));
#3566=CARTESIAN_POINT('Ctrl Pts',(-12.266608444918,-10.,10.9021480757457));
#3567=CARTESIAN_POINT('Ctrl Pts',(-12.2804430153245,-10.,13.7854229337849));
#3568=CARTESIAN_POINT('Ctrl Pts',(-12.2906807657798,-10.,15.0824780991024));
#3569=CARTESIAN_POINT('Ctrl Pts',(-12.2936911173978,-10.,15.3220878133151));
#3570=CARTESIAN_POINT('Ctrl Pts',(-12.2963683573373,-10.,15.5614167380549));
#3571=CARTESIAN_POINT('Ctrl Pts',(-19.3348172281657,-10.,-5.18326509516365));
#3572=CARTESIAN_POINT('Ctrl Pts',(-19.1925006541889,-10.,-4.99194231258386));
#3573=CARTESIAN_POINT('Ctrl Pts',(-19.0483578764433,-10.,-4.79819252576383));
#3574=CARTESIAN_POINT('Ctrl Pts',(-17.9127391938706,-10.,-3.27008150890833));
#3575=CARTESIAN_POINT('Ctrl Pts',(-16.0721005753081,-10.,-0.466671744081137));
#3576=CARTESIAN_POINT('Ctrl Pts',(-14.3392853173276,-10.,3.36613649392697));
#3577=CARTESIAN_POINT('Ctrl Pts',(-13.4277926853505,-10.,6.51999707013132));
#3578=CARTESIAN_POINT('Ctrl Pts',(-12.5664628448004,-10.,10.9272409026443));
#3579=CARTESIAN_POINT('Ctrl Pts',(-12.5794985011376,-10.,13.7895892143816));
#3580=CARTESIAN_POINT('Ctrl Pts',(-12.589887985105,-10.,15.0778783836647));
#3581=CARTESIAN_POINT('Ctrl Pts',(-12.5928519736852,-10.,15.3195688983858));
#3582=CARTESIAN_POINT('Ctrl Pts',(-12.5955489390504,-10.,15.558069970825));
#3583=CARTESIAN_POINT('Ctrl Pts',(-19.7504448857403,-9.74885869076364,-4.87413207356522));
#3584=CARTESIAN_POINT('Ctrl Pts',(-19.6077580616614,-9.74885869076364,-4.68229658392223));
#3585=CARTESIAN_POINT('Ctrl Pts',(-19.4630649775054,-9.74885869076364,-4.48783659096314));
#3586=CARTESIAN_POINT('Ctrl Pts',(-18.3388981182131,-9.74885869076364,-2.97502797199857));
#3587=CARTESIAN_POINT('Ctrl Pts',(-16.5261310174601,-9.74885869076364,-0.212852091646873));
#3588=CARTESIAN_POINT('Ctrl Pts',(-14.8253362378266,-9.74885869076364,3.55059794228511));
#3589=CARTESIAN_POINT('Ctrl Pts',(-13.932099998844,-9.74885869076364,6.64063833615715));
#3590=CARTESIAN_POINT('Ctrl Pts',(-13.0855157503289,-9.74885869076364,10.9743673336406));
#3591=CARTESIAN_POINT('Ctrl Pts',(-13.0973560479641,-9.74885869076364,13.7874558925421));
#3592=CARTESIAN_POINT('Ctrl Pts',(-13.1078418837326,-9.74885869076365,15.0724795997456));
#3593=CARTESIAN_POINT('Ctrl Pts',(-13.1108195975105,-9.74885869076364,15.3131891876814));
#3594=CARTESIAN_POINT('Ctrl Pts',(-13.1135026084528,-9.74885869076364,15.5522759104035));
#3595=CARTESIAN_POINT('Ctrl Pts',(-19.8971337976655,-9.22439947525641,-4.76502868318198));
#3596=CARTESIAN_POINT('Ctrl Pts',(-19.7542938526468,-9.22439947525641,-4.57298115797996));
#3597=CARTESIAN_POINT('Ctrl Pts',(-19.6094367582874,-9.22439947525642,-4.37831321024165));
#3598=CARTESIAN_POINT('Ctrl Pts',(-18.4892686194579,-9.22439947525642,-2.87083720084316));
#3599=CARTESIAN_POINT('Ctrl Pts',(-16.6863813579677,-9.22439947525642,-0.123288074882092));
#3600=CARTESIAN_POINT('Ctrl Pts',(-14.9968783491416,-9.22439947525641,3.61570645380362));
#3601=CARTESIAN_POINT('Ctrl Pts',(-14.110086470979,-9.22439947525642,6.68320646253715));
#3602=CARTESIAN_POINT('Ctrl Pts',(-13.2687057103021,-9.22439947525641,10.9910646326549));
#3603=CARTESIAN_POINT('Ctrl Pts',(-13.2801274279369,-9.22439947525642,13.7865385977361));
#3604=CARTESIAN_POINT('Ctrl Pts',(-13.2906443440812,-9.22439947525642,15.0706192897505));
#3605=CARTESIAN_POINT('Ctrl Pts',(-13.2936285549895,-9.22439947525641,15.3109020678067));
#3606=CARTESIAN_POINT('Ctrl Pts',(-13.296305794929,-9.22439947525642,15.5502309925465));
#3607=CARTESIAN_POINT('Ctrl Pts',(-19.8971337976655,-9.,-4.76502868318198));
#3608=CARTESIAN_POINT('Ctrl Pts',(-19.7542938526468,-9.,-4.57298115797996));
#3609=CARTESIAN_POINT('Ctrl Pts',(-19.6094367582874,-9.,-4.37831321024165));
#3610=CARTESIAN_POINT('Ctrl Pts',(-18.4892686194579,-9.,-2.87083720084316));
#3611=CARTESIAN_POINT('Ctrl Pts',(-16.6863813579677,-9.,-0.123288074882092));
#3612=CARTESIAN_POINT('Ctrl Pts',(-14.9968783491416,-8.99999999999999,3.61570645380362));
#3613=CARTESIAN_POINT('Ctrl Pts',(-14.110086470979,-9.00000000000001,6.68320646253715));
#3614=CARTESIAN_POINT('Ctrl Pts',(-13.2687057103021,-8.99999999999999,10.9910646326549));
#3615=CARTESIAN_POINT('Ctrl Pts',(-13.2801274279369,-9.,13.7865385977361));
#3616=CARTESIAN_POINT('Ctrl Pts',(-13.2906443440812,-9.,15.0706192897505));
#3617=CARTESIAN_POINT('Ctrl Pts',(-13.2936285549895,-9.,15.3109020678067));
#3618=CARTESIAN_POINT('Ctrl Pts',(-13.296305794929,-9.,15.5502309925465));
#3619=CARTESIAN_POINT('',(-13.2882740764921,-9.,14.8322442221103));
#3620=CARTESIAN_POINT('Ctrl Pts',(-12.2963683573373,-10.,15.5614167380549));
#3621=CARTESIAN_POINT('Ctrl Pts',(-12.2978459964631,-10.,15.5603304918268));
#3622=CARTESIAN_POINT('Ctrl Pts',(-12.2993236362543,-9.99999667120358,15.5592442451095));
#3623=CARTESIAN_POINT('Ctrl Pts',(-12.4255378510572,-9.99942800087657,15.4664612967063));
#3624=CARTESIAN_POINT('Ctrl Pts',(-12.5505677006936,-9.97514267316418,15.3745490021532));
#3625=CARTESIAN_POINT('Ctrl Pts',(-12.787372434727,-9.87838681437513,15.2004684403572));
#3626=CARTESIAN_POINT('Ctrl Pts',(-12.8995405257981,-9.80569031957069,15.1180111179184));
#3627=CARTESIAN_POINT('Ctrl Pts',(-13.0747484622449,-9.62982396607503,14.9892117671272));
#3628=CARTESIAN_POINT('Ctrl Pts',(-13.1424661698288,-9.53543024338976,14.9394309355993));
#3629=CARTESIAN_POINT('Ctrl Pts',(-13.2373820209666,-9.33297470858404,14.8696561282761));
#3630=CARTESIAN_POINT('Ctrl Pts',(-13.267613048966,-9.23026580255296,14.8474326099494));
#3631=CARTESIAN_POINT('Ctrl Pts',(-13.285770918304,-9.08191683373569,14.8340843459957));
#3632=CARTESIAN_POINT('Ctrl Pts',(-13.2882740751105,-9.04101737750972,14.8322442183272));
#3633=CARTESIAN_POINT('Ctrl Pts',(-13.2882740751105,-9.,14.8322442183272));
#3634=CARTESIAN_POINT('Ctrl Pts',(-13.2886919803172,-9.,14.832240804022));
#3635=CARTESIAN_POINT('Ctrl Pts',(-13.2801161930929,-9.,13.7837451310484));
#3636=CARTESIAN_POINT('Ctrl Pts',(-13.269056009023,-8.99999999999999,10.9892711079187));
#3637=CARTESIAN_POINT('Ctrl Pts',(-14.110086470979,-9.00000000000001,6.68320646253715));
#3638=CARTESIAN_POINT('Ctrl Pts',(-14.9968783491416,-8.99999999999999,3.61570645380362));
#3639=CARTESIAN_POINT('Ctrl Pts',(-16.6861831497481,-9.00000000000001,-0.122849425501236));
#3640=CARTESIAN_POINT('Ctrl Pts',(-18.4887398537295,-9.,-2.87003135681865));
#3641=CARTESIAN_POINT('Ctrl Pts',(-19.4686553451827,-9.,-4.1888553584166));
#3642=CARTESIAN_POINT('Origin',(-11.4577233591714,-1.,-7.8432444732383));
#3643=CARTESIAN_POINT('',(-19.4686139837797,-1.,-4.18888612182157));
#3644=CARTESIAN_POINT('',(-11.1487063647964,-1.,-6.89218795694315));
#3645=CARTESIAN_POINT('',(-19.0947422335958,0.,-5.36182662043533));
#3646=CARTESIAN_POINT('Ctrl Pts',(-19.4686139626094,-1.,-4.18888610757591));
#3647=CARTESIAN_POINT('Ctrl Pts',(-19.4686139626094,-0.893083129895055,
-4.18888610757591));
#3648=CARTESIAN_POINT('Ctrl Pts',(-19.4622087997543,-0.788167414687732,
-4.20898090058198));
#3649=CARTESIAN_POINT('Ctrl Pts',(-19.4367743437232,-0.580319513717991,
-4.28877592541617));
#3650=CARTESIAN_POINT('Ctrl Pts',(-19.4170393152788,-0.481879090477725,
-4.35069024878736));
#3651=CARTESIAN_POINT('Ctrl Pts',(-19.363367713016,-0.292409140821432,-4.51907312436989));
#3652=CARTESIAN_POINT('Ctrl Pts',(-19.3277981557177,-0.20872713184947,-4.63066480314639));
#3653=CARTESIAN_POINT('Ctrl Pts',(-19.259680534214,-0.0978612123364264,
-4.84436889388374));
#3654=CARTESIAN_POINT('Ctrl Pts',(-19.2284589433929,-0.061920394064646,
-4.94231978427776));
#3655=CARTESIAN_POINT('Ctrl Pts',(-19.1637001335128,-0.012946946006099,
-5.14548634055462));
#3656=CARTESIAN_POINT('Ctrl Pts',(-19.1300370896165,-0.00041198410878175,
-5.25109675425422));
#3657=CARTESIAN_POINT('Ctrl Pts',(-19.0958563355658,-3.32993459599371E-6,
-5.35833136996692));
#3658=CARTESIAN_POINT('Ctrl Pts',(-19.0952992844553,6.97658421470739E-18,
-5.36007899559476));
#3659=CARTESIAN_POINT('Ctrl Pts',(-19.0947422335958,0.,-5.36182662043533));
#3660=CARTESIAN_POINT('',(-11.4577233591714,0.,-7.8432444732383));
#3661=CARTESIAN_POINT('Origin',(-9.4146320643983,-1.,14.6250838571298));
#3662=CARTESIAN_POINT('',(-13.2882740751105,-1.,14.8322442183272));
#3663=CARTESIAN_POINT('',(-19.9128183589618,-1.,16.9846891347176));
#3664=CARTESIAN_POINT('',(-9.72364905877324,-1.,13.6740273408347));
#3665=CARTESIAN_POINT('',(-21.2510795716795,0.,18.4709787856724));
#3666=CARTESIAN_POINT('Ctrl Pts',(-19.9128183589618,-1.,16.9846891347176));
#3667=CARTESIAN_POINT('Ctrl Pts',(-19.914808229167,-0.998520539324779,16.9853356827402));
#3668=CARTESIAN_POINT('Ctrl Pts',(-19.9167970864385,-0.997041077435772,
16.9859853538076));
#3669=CARTESIAN_POINT('Ctrl Pts',(-20.0839978423159,-0.872601536426447,
17.0408929107184));
#3670=CARTESIAN_POINT('Ctrl Pts',(-20.2430840710701,-0.748976120751994,
17.1170065873376));
#3671=CARTESIAN_POINT('Ctrl Pts',(-20.5318142913749,-0.519976739350438,
17.3063107165428));
#3672=CARTESIAN_POINT('Ctrl Pts',(-20.6641819202087,-0.412598860651587,
17.4184242879297));
#3673=CARTESIAN_POINT('Ctrl Pts',(-20.918043910927,-0.208781103469629,17.7010028251812));
#3674=CARTESIAN_POINT('Ctrl Pts',(-21.0257431190127,-0.123895767559826,
17.8668323730155));
#3675=CARTESIAN_POINT('Ctrl Pts',(-21.1696861592621,-0.0264205277570156,
18.1748458173478));
#3676=CARTESIAN_POINT('Ctrl Pts',(-21.219020455169,7.9740906809247E-16,
18.3201525008538));
#3677=CARTESIAN_POINT('Ctrl Pts',(-21.2510795716795,-7.67615138119737E-16,
18.4709787856724));
#3678=CARTESIAN_POINT('',(-12.2963683573373,0.,15.5614167380549));
#3679=CARTESIAN_POINT('',(-9.4146320643983,0.,14.6250838571298));
#3680=CARTESIAN_POINT('Ctrl Pts',(-12.2963683573373,0.,15.5614167380549));
#3681=CARTESIAN_POINT('Ctrl Pts',(-12.2978469259298,6.58230812665172E-18,
15.5603298085546));
#3682=CARTESIAN_POINT('Ctrl Pts',(-12.299325495189,-3.33298550641573E-6,
15.5592428785643));
#3683=CARTESIAN_POINT('Ctrl Pts',(-12.3900016950864,-0.000412140347255943,
15.4925847355824));
#3684=CARTESIAN_POINT('Ctrl Pts',(-12.4793036527307,-0.0129450155993937,
15.4269368294316));
#3685=CARTESIAN_POINT('Ctrl Pts',(-12.6510914274437,-0.0619080112516412,
15.300651717549));
#3686=CARTESIAN_POINT('Ctrl Pts',(-12.733911293558,-0.0978387562509257,
15.2397689447451));
#3687=CARTESIAN_POINT('Ctrl Pts',(-12.9146370392684,-0.208690370592445,
15.1069133264963));
#3688=CARTESIAN_POINT('Ctrl Pts',(-13.0090206733469,-0.292377311757694,
15.0375297649734));
#3689=CARTESIAN_POINT('Ctrl Pts',(-13.1514334866302,-0.481861276090766,
14.9328388571701));
#3690=CARTESIAN_POINT('Ctrl Pts',(-13.2037971297164,-0.580307650547317,
14.8943451479882));
#3691=CARTESIAN_POINT('Ctrl Pts',(-13.2712802476765,-0.788164298726902,
14.8447367685971));
#3692=CARTESIAN_POINT('Ctrl Pts',(-13.2882740751105,-0.893081527591019,
14.8322442183272));
#3693=CARTESIAN_POINT('Ctrl Pts',(-13.2882740751105,-1.,14.8322442183272));
#3694=CARTESIAN_POINT('Origin',(-19.2947843702119,0.,18.8868021673079));
#3695=CARTESIAN_POINT('',(-20.7240276568943,0.,20.2858245500714));
#3696=CARTESIAN_POINT('',(-20.7240276568943,0.,20.2858245500714));
#3697=CARTESIAN_POINT('Origin',(-19.2947843702119,0.,18.8868021673079));
#3698=CARTESIAN_POINT('',(-19.9128183589618,-9.,16.9846891347176));
#3699=CARTESIAN_POINT('',(-19.9128183589618,0.,16.9846891347176));
#3700=CARTESIAN_POINT('Ctrl Pts',(-19.9128183589618,-9.,16.9846891347176));
#3701=CARTESIAN_POINT('Ctrl Pts',(-19.9143183923356,-9.00111526891662,16.9851765251057));
#3702=CARTESIAN_POINT('Ctrl Pts',(-19.9158178498647,-9.00223053835331,16.9856656901427));
#3703=CARTESIAN_POINT('Ctrl Pts',(-20.0737419088417,-9.1197365370826,17.0373917142003));
#3704=CARTESIAN_POINT('Ctrl Pts',(-20.2246431585627,-9.2366992440641,17.1082002120067));
#3705=CARTESIAN_POINT('Ctrl Pts',(-20.5096640674866,-9.46219897041955,17.2890002602964));
#3706=CARTESIAN_POINT('Ctrl Pts',(-20.6451260651192,-9.57198569899336,17.4006382955813));
#3707=CARTESIAN_POINT('Ctrl Pts',(-20.8870294812285,-9.76641886764679,17.6635040698684));
#3708=CARTESIAN_POINT('Ctrl Pts',(-20.9950673276948,-9.85261490014509,17.8162664227764));
#3709=CARTESIAN_POINT('Ctrl Pts',(-21.1619498564624,-9.97017615608648,18.1480590507049));
#3710=CARTESIAN_POINT('Ctrl Pts',(-21.2171854913744,-10.,18.3115196749355));
#3711=CARTESIAN_POINT('Ctrl Pts',(-21.2510795716795,-10.,18.4709787856724));
#3712=CARTESIAN_POINT('Ctrl Pts',(-12.2963683573373,0.,15.5614167380549));
#3713=CARTESIAN_POINT('Ctrl Pts',(-12.2936911173978,0.,15.3220878133151));
#3714=CARTESIAN_POINT('Ctrl Pts',(-12.2909522444572,0.,15.0828563867685));
#3715=CARTESIAN_POINT('Ctrl Pts',(-12.2704829342407,0.,13.1653389706665));
#3716=CARTESIAN_POINT('Ctrl Pts',(-12.4298629067691,0.,9.78951849670052));
#3717=CARTESIAN_POINT('Ctrl Pts',(-13.2895692327181,0.,5.62626973602521));
#3718=CARTESIAN_POINT('Ctrl Pts',(-14.4188533032953,0.,2.50322979735809));
#3719=CARTESIAN_POINT('Ctrl Pts',(-16.3320541611104,0.,-1.60995399552807));
#3720=CARTESIAN_POINT('Ctrl Pts',(-18.0380704363463,0.,-3.93438248058792));
#3721=CARTESIAN_POINT('Ctrl Pts',(-18.8086129304102,0.,-4.97769874578481));
#3722=CARTESIAN_POINT('Ctrl Pts',(-18.9519022885771,0.,-5.16977909523331));
#3723=CARTESIAN_POINT('Ctrl Pts',(-19.0947422335958,0.,-5.36182662043533));
#3724=CARTESIAN_POINT('Ctrl Pts',(-12.5955489390504,1.32119736528103E-15,
15.558069970825));
#3725=CARTESIAN_POINT('Ctrl Pts',(-12.5928691221536,4.69342415451988E-16,
15.3196350049619));
#3726=CARTESIAN_POINT('Ctrl Pts',(-12.5901358052918,4.31977898393843E-16,
15.0781670594463));
#3727=CARTESIAN_POINT('Ctrl Pts',(-12.5696503900501,-1.23484711050066E-16,
13.1743288783663));
#3728=CARTESIAN_POINT('Ctrl Pts',(-12.7283387728351,5.74997649528453E-17,
9.82444449118094));
#3729=CARTESIAN_POINT('Ctrl Pts',(-13.5792576831607,2.19340045853375E-17,
5.70527849671228));
#3730=CARTESIAN_POINT('Ctrl Pts',(-14.6956875698986,-7.12441564910747E-17,
2.61781178669119));
#3731=CARTESIAN_POINT('Ctrl Pts',(-16.5893906602752,4.01015373028941E-16,
-1.45400452520766));
#3732=CARTESIAN_POINT('Ctrl Pts',(-18.2824602850821,-8.71618941121832E-16,
-3.76197266842944));
#3733=CARTESIAN_POINT('Ctrl Pts',(-19.0479730107654,1.3203289805953E-15,
-4.79810790690261));
#3734=CARTESIAN_POINT('Ctrl Pts',(-19.1924479243272,2.14065827756733E-15,
-4.9918989108705));
#3735=CARTESIAN_POINT('Ctrl Pts',(-19.3348172281657,1.26439026310173E-15,
-5.18326509516365));
#3736=CARTESIAN_POINT('Ctrl Pts',(-13.1135550980355,-0.251097560039109,
15.5522753232317));
#3737=CARTESIAN_POINT('Ctrl Pts',(-13.1108772446889,-0.25109756003911,15.3131591923732));
#3738=CARTESIAN_POINT('Ctrl Pts',(-13.1081154170055,-0.25109756003911,15.0708569914273));
#3739=CARTESIAN_POINT('Ctrl Pts',(-13.0879053716001,-0.251097560039111,
13.1860853049889));
#3740=CARTESIAN_POINT('Ctrl Pts',(-13.244893040914,-0.251097560039111,9.8860855051909));
#3741=CARTESIAN_POINT('Ctrl Pts',(-14.08096967293,-0.251097560039111,5.84172224148771));
#3742=CARTESIAN_POINT('Ctrl Pts',(-15.1746360584759,-0.251097560039111,
2.81667628938178));
#3743=CARTESIAN_POINT('Ctrl Pts',(-17.0371293969142,-0.251097560039111,
-1.18711575613939));
#3744=CARTESIAN_POINT('Ctrl Pts',(-18.7002619374796,-0.251097560039111,
-3.45590318071234));
#3745=CARTESIAN_POINT('Ctrl Pts',(-19.4638920546269,-0.251097560039109,
-4.48928740674572));
#3746=CARTESIAN_POINT('Ctrl Pts',(-19.6077590898285,-0.251097560039108,
-4.68221540400147));
#3747=CARTESIAN_POINT('Ctrl Pts',(-19.7504870055738,-0.251097560039109,
-4.87410074593057));
#3748=CARTESIAN_POINT('Ctrl Pts',(-13.296305794929,-0.775600524743586,15.5502309925465));
#3749=CARTESIAN_POINT('Ctrl Pts',(-13.2936285549895,-0.775600524743586,
15.3109020678067));
#3750=CARTESIAN_POINT('Ctrl Pts',(-13.2908571395477,-0.775600524743586,
15.0682680367488));
#3751=CARTESIAN_POINT('Ctrl Pts',(-13.2707404996894,-0.775600524743586,
13.1902799531913));
#3752=CARTESIAN_POINT('Ctrl Pts',(-13.4271343769166,-0.775600524743587,
9.90781779229193));
#3753=CARTESIAN_POINT('Ctrl Pts',(-14.2579701093382,-0.775600524743586,
5.8898634625092));
#3754=CARTESIAN_POINT('Ctrl Pts',(-15.3436118803251,-0.775600524743587,
2.88682909688279));
#3755=CARTESIAN_POINT('Ctrl Pts',(-17.1950630617021,-0.775600524743586,
-1.09291978790475));
#3756=CARTESIAN_POINT('Ctrl Pts',(-18.847726761049,-0.775600524743587,-3.34801626306437));
#3757=CARTESIAN_POINT('Ctrl Pts',(-19.6106084277402,-0.775600524743585,
-4.38031040517925));
#3758=CARTESIAN_POINT('Ctrl Pts',(-19.7542938526468,-0.775600524743585,
-4.57298115797996));
#3759=CARTESIAN_POINT('Ctrl Pts',(-19.8971337976655,-0.775600524743586,
-4.76502868318198));
#3760=CARTESIAN_POINT('Ctrl Pts',(-13.296305794929,-1.,15.5502309925465));
#3761=CARTESIAN_POINT('Ctrl Pts',(-13.2936285549895,-1.,15.3109020678067));
#3762=CARTESIAN_POINT('Ctrl Pts',(-13.2908571395477,-1.,15.0682680367488));
#3763=CARTESIAN_POINT('Ctrl Pts',(-13.2707404996894,-0.999999999999999,
13.1902799531913));
#3764=CARTESIAN_POINT('Ctrl Pts',(-13.4271343769166,-1.,9.90781779229193));
#3765=CARTESIAN_POINT('Ctrl Pts',(-14.2579701093382,-1.,5.8898634625092));
#3766=CARTESIAN_POINT('Ctrl Pts',(-15.3436118803251,-1.,2.88682909688279));
#3767=CARTESIAN_POINT('Ctrl Pts',(-17.1950630617021,-1.,-1.09291978790475));
#3768=CARTESIAN_POINT('Ctrl Pts',(-18.847726761049,-1.,-3.34801626306437));
#3769=CARTESIAN_POINT('Ctrl Pts',(-19.6106084277402,-1.,-4.38031040517925));
#3770=CARTESIAN_POINT('Ctrl Pts',(-19.7542938526468,-1.,-4.57298115797996));
#3771=CARTESIAN_POINT('Ctrl Pts',(-19.8971337976655,-1.,-4.76502868318198));
#3772=CARTESIAN_POINT('Ctrl Pts',(-19.4689560572394,-1.,-4.18863333003243));
#3773=CARTESIAN_POINT('Ctrl Pts',(-18.8460330214401,-1.,-3.3457047995531));
#3774=CARTESIAN_POINT('Ctrl Pts',(-17.1942724366502,-1.,-1.0912203160523));
#3775=CARTESIAN_POINT('Ctrl Pts',(-15.3436118803251,-1.,2.88682909688279));
#3776=CARTESIAN_POINT('Ctrl Pts',(-14.2579701093382,-1.,5.8898634625092));
#3777=CARTESIAN_POINT('Ctrl Pts',(-13.4272319184905,-1.,9.9073460773986));
#3778=CARTESIAN_POINT('Ctrl Pts',(-13.2707864129252,-0.999999999999999,
13.1893165376047));
#3779=CARTESIAN_POINT('Ctrl Pts',(-13.2883289171875,-1.,14.8322436318641));
#3780=CARTESIAN_POINT('Ctrl Pts',(-12.2963683573373,0.,15.5614167380549));
#3781=CARTESIAN_POINT('Ctrl Pts',(-12.2936911173978,0.,15.3220878133151));
#3782=CARTESIAN_POINT('Ctrl Pts',(-12.2909522444572,0.,15.0828563867685));
#3783=CARTESIAN_POINT('Ctrl Pts',(-12.2704829342407,0.,13.1653389706665));
#3784=CARTESIAN_POINT('Ctrl Pts',(-12.4298629067691,0.,9.78951849670052));
#3785=CARTESIAN_POINT('Ctrl Pts',(-13.2895692327181,0.,5.62626973602521));
#3786=CARTESIAN_POINT('Ctrl Pts',(-14.4188533032953,0.,2.50322979735809));
#3787=CARTESIAN_POINT('Ctrl Pts',(-16.3320541611104,0.,-1.60995399552807));
#3788=CARTESIAN_POINT('Ctrl Pts',(-18.0380704363463,0.,-3.93438248058792));
#3789=CARTESIAN_POINT('Ctrl Pts',(-18.8086129304102,0.,-4.97769874578481));
#3790=CARTESIAN_POINT('Ctrl Pts',(-18.9519022885771,0.,-5.16977909523331));
#3791=CARTESIAN_POINT('Ctrl Pts',(-19.0947422335958,0.,-5.36182662043533));
#3792=CARTESIAN_POINT('Origin',(-9.4146320643983,-9.,14.6250838571298));
#3793=CARTESIAN_POINT('',(-9.72364905877324,-9.,13.6740273408347));
#3794=CARTESIAN_POINT('Origin',(-22.798839238062,0.,17.9224141620766));
#3795=CARTESIAN_POINT('',(-13.2882740751105,0.,14.8322442183272));
#3796=CARTESIAN_POINT('',(-18.0435566565862,-3.25,16.3773291902019));
#3797=CARTESIAN_POINT('Origin',(-18.0435566565862,-5.,16.3773291902019));
#3798=CARTESIAN_POINT('Ctrl Pts',(-13.5043299665591,93.5607290767151,34.1463234014169));
#3799=CARTESIAN_POINT('Ctrl Pts',(-13.5043299665591,-103.560729076715,34.1463234014169));
#3800=CARTESIAN_POINT('Ctrl Pts',(-13.4611187882694,93.5607290767151,30.283507564799));
#3801=CARTESIAN_POINT('Ctrl Pts',(-13.4611187882694,-103.560729076715,30.283507564799));
#3802=CARTESIAN_POINT('Ctrl Pts',(-13.4179076099797,93.5607290767151,26.420691728181));
#3803=CARTESIAN_POINT('Ctrl Pts',(-13.4179076099797,-103.560729076715,26.420691728181));
#3804=CARTESIAN_POINT('Ctrl Pts',(-13.3746964316899,93.5607290767151,22.5578758915631));
#3805=CARTESIAN_POINT('Ctrl Pts',(-13.3746964316899,-103.560729076715,22.5578758915631));
#3806=CARTESIAN_POINT('Ctrl Pts',(-13.3314852534002,93.5607290767151,18.6950600549451));
#3807=CARTESIAN_POINT('Ctrl Pts',(-13.3314852534002,-103.560729076715,18.6950600549451));
#3808=CARTESIAN_POINT('Ctrl Pts',(-13.2882740751105,93.5607290767151,14.8322442183272));
#3809=CARTESIAN_POINT('Ctrl Pts',(-13.2882740751105,-103.560729076715,14.8322442183272));
#3810=CARTESIAN_POINT('Ctrl Pts',(-13.2835520621392,93.5607290767151,14.4101250536123));
#3811=CARTESIAN_POINT('Ctrl Pts',(-13.2835520621392,-103.560729076715,14.4101250536123));
#3812=CARTESIAN_POINT('Ctrl Pts',(-13.2853149300838,93.5607290767151,13.5695280647398));
#3813=CARTESIAN_POINT('Ctrl Pts',(-13.2853149300838,-103.560729076715,13.5695280647398));
#3814=CARTESIAN_POINT('Ctrl Pts',(-13.3215788833202,93.5607290767151,12.3195562683248));
#3815=CARTESIAN_POINT('Ctrl Pts',(-13.3215788833202,-103.560729076715,12.3195562683248));
#3816=CARTESIAN_POINT('Ctrl Pts',(-13.4382852442349,93.5607290767151,10.675136904881));
#3817=CARTESIAN_POINT('Ctrl Pts',(-13.4382852442349,-103.560729076715,10.675136904881));
#3818=CARTESIAN_POINT('Ctrl Pts',(-13.7058239931763,93.5607290767151,8.65914106544049));
#3819=CARTESIAN_POINT('Ctrl Pts',(-13.7058239931763,-103.560729076715,8.65914106544049));
#3820=CARTESIAN_POINT('Ctrl Pts',(-14.1058908027536,93.5607290767151,6.68620620320339));
#3821=CARTESIAN_POINT('Ctrl Pts',(-14.1058908027536,-103.560729076715,6.68620620320339));
#3822=CARTESIAN_POINT('Ctrl Pts',(-14.6493009706876,93.5607290767151,4.75984642142021));
#3823=CARTESIAN_POINT('Ctrl Pts',(-14.6493009706876,-103.560729076715,4.75984642142021));
#3824=CARTESIAN_POINT('Ctrl Pts',(-15.3419587802384,93.5607290767151,2.88198013801476));
#3825=CARTESIAN_POINT('Ctrl Pts',(-15.3419587802384,-103.560729076715,2.88198013801476));
#3826=CARTESIAN_POINT('Ctrl Pts',(-16.1779599481496,93.5607290767151,1.05068893506525));
#3827=CARTESIAN_POINT('Ctrl Pts',(-16.1779599481496,-103.560729076715,1.05068893506525));
#3828=CARTESIAN_POINT('Ctrl Pts',(-17.1464891767041,93.5607290767151,-0.737541290676947));
#3829=CARTESIAN_POINT('Ctrl Pts',(-17.1464891767041,-103.560729076715,-0.737541290676947));
#3830=CARTESIAN_POINT('Ctrl Pts',(-18.0186371977947,93.5607290767151,-2.13650277937475));
#3831=CARTESIAN_POINT('Ctrl Pts',(-18.0186371977947,-103.560729076715,-2.13650277937475));
#3832=CARTESIAN_POINT('Ctrl Pts',(-18.7240140310681,93.5607290767151,-3.16906662206281));
#3833=CARTESIAN_POINT('Ctrl Pts',(-18.7240140310681,-103.560729076715,-3.16906662206281));
#3834=CARTESIAN_POINT('Ctrl Pts',(-19.2166783541328,93.5607290767151,-3.85016005925757));
#3835=CARTESIAN_POINT('Ctrl Pts',(-19.2166783541328,-103.560729076715,-3.85016005925757));
#3836=CARTESIAN_POINT('Ctrl Pts',(-19.4686139626094,93.5607290767151,-4.18888610757591));
#3837=CARTESIAN_POINT('Ctrl Pts',(-19.4686139626094,-103.560729076715,-4.18888610757591));
#3838=CARTESIAN_POINT('Ctrl Pts',(-21.7740787212292,93.5607290767151,-7.2885708720544));
#3839=CARTESIAN_POINT('Ctrl Pts',(-21.7740787212292,-103.560729076715,-7.2885708720544));
#3840=CARTESIAN_POINT('Ctrl Pts',(-24.079543479849,93.5607290767151,-10.3882556365329));
#3841=CARTESIAN_POINT('Ctrl Pts',(-24.079543479849,-103.560729076715,-10.3882556365329));
#3842=CARTESIAN_POINT('Ctrl Pts',(-26.3850082384688,93.5607290767151,-13.4879404010114));
#3843=CARTESIAN_POINT('Ctrl Pts',(-26.3850082384688,-103.560729076715,-13.4879404010114));
#3844=CARTESIAN_POINT('Ctrl Pts',(-28.6904729970886,93.5607290767151,-16.5876251654899));
#3845=CARTESIAN_POINT('Ctrl Pts',(-28.6904729970886,-103.560729076715,-16.5876251654899));
#3846=CARTESIAN_POINT('Ctrl Pts',(-30.9959377557084,93.5607290767151,-19.6873099299684));
#3847=CARTESIAN_POINT('Ctrl Pts',(-30.9959377557084,-103.560729076715,-19.6873099299684));
#3848=CARTESIAN_POINT('',(-19.4686139626094,0.,-4.18888610757591));
#3849=CARTESIAN_POINT('Origin',(0.,0.,0.));
#3850=CARTESIAN_POINT('',(-25.6970423646424,0.,-13.4410570160897));
#3851=CARTESIAN_POINT('Origin',(0.,0.,0.));
#3852=CARTESIAN_POINT('',(-25.6970423646424,0.,-13.4410570160897));
#3853=CARTESIAN_POINT('Origin',(0.,0.,-0.889342411183804));
#3854=CARTESIAN_POINT('',(-12.8888888888889,0.,25.9783860778509));
#3855=CARTESIAN_POINT('Origin',(0.,0.,0.));
#3856=CARTESIAN_POINT('',(-11.,0.,25.9188240524645));
#3857=CARTESIAN_POINT('Origin',(-12.,0.,24.1867732448957));
#3858=CARTESIAN_POINT('',(-11.,0.,16.50328348163));
#3859=CARTESIAN_POINT('',(-11.,0.,8.1659863832243));
#3860=CARTESIAN_POINT('',(-9.99999999999999,0.,16.1674193589569));
#3861=CARTESIAN_POINT('Ctrl Pts',(-11.,2.4980018054066E-15,16.5032834816311));
#3862=CARTESIAN_POINT('Ctrl Pts',(-10.7732119792319,2.45613827831126E-15,
16.4267805701489));
#3863=CARTESIAN_POINT('Ctrl Pts',(-10.5464239584873,-8.32501903016685E-16,
16.3502776586746));
#3864=CARTESIAN_POINT('Ctrl Pts',(-10.2132807459362,-8.70417278882638E-16,
16.2378977119104));
#3865=CARTESIAN_POINT('Ctrl Pts',(-10.1067392866282,-8.80407473093334E-16,
16.2024245059425));
#3866=CARTESIAN_POINT('Ctrl Pts',(-10.0000170509653,-8.88420418392928E-16,
16.1673666790711));
#3867=CARTESIAN_POINT('',(10.,0.,16.1674193589614));
#3868=CARTESIAN_POINT('Ctrl Pts',(10.0000196817118,-1.79742137301669E-16,
16.1673584145479));
#3869=CARTESIAN_POINT('Ctrl Pts',(8.20712612175428,1.29101926191017E-15,
15.5783021685719));
#3870=CARTESIAN_POINT('Ctrl Pts',(4.40355952630542,-6.95581702796241E-16,
14.6031443388911));
#3871=CARTESIAN_POINT('Ctrl Pts',(-2.41445477760331,7.66695981835015E-16,
14.2060674263453));
#3872=CARTESIAN_POINT('Ctrl Pts',(-7.25786541578842,-1.09430732583426E-15,
15.2665808523496));
#3873=CARTESIAN_POINT('Ctrl Pts',(-10.0000170509653,-8.88420418392928E-16,
16.1673666790711));
#3874=CARTESIAN_POINT('',(11.,0.,16.5032834816198));
#3875=CARTESIAN_POINT('Ctrl Pts',(10.0000196817118,-1.79742137301668E-16,
16.1673584145479));
#3876=CARTESIAN_POINT('Ctrl Pts',(10.1067515070017,-2.67297278448807E-16,
16.2024252192572));
#3877=CARTESIAN_POINT('Ctrl Pts',(10.213292250191,-3.63483007090795E-16,
16.237901592668));
#3878=CARTESIAN_POINT('Ctrl Pts',(10.5464239584556,-6.93879809567104E-16,
16.3502776586605));
#3879=CARTESIAN_POINT('Ctrl Pts',(10.7732119792277,-4.83174514460219E-15,
16.4267805701407));
#3880=CARTESIAN_POINT('Ctrl Pts',(11.,-4.85722573273506E-15,16.5032834816209));
#3881=CARTESIAN_POINT('',(11.,0.,25.9188240524645));
#3882=CARTESIAN_POINT('',(11.,0.,13.1659863832243));
#3883=CARTESIAN_POINT('',(12.8888888888889,0.,25.9783860778509));
#3884=CARTESIAN_POINT('Origin',(12.,0.,24.1867732448957));
#3885=CARTESIAN_POINT('',(20.7240276568943,0.,20.2858245500714));
#3886=CARTESIAN_POINT('Origin',(0.,0.,0.));
#3887=CARTESIAN_POINT('',(21.2510795716795,0.,18.4709787856724));
#3888=CARTESIAN_POINT('Origin',(19.2947843702119,0.,18.8868021673079));
#3889=CARTESIAN_POINT('',(12.296368357347,0.,15.5614167380581));
#3890=CARTESIAN_POINT('',(4.65934948292252,0.,13.0799988852551));
#3891=CARTESIAN_POINT('',(19.0947422335862,0.,-5.36182662043847));
#3892=CARTESIAN_POINT('Ctrl Pts',(19.0947422335862,0.,-5.36182662043847));
#3893=CARTESIAN_POINT('Ctrl Pts',(18.951902288568,0.,-5.16977909523181));
#3894=CARTESIAN_POINT('Ctrl Pts',(18.8090079248714,0.,-4.97739115255255));
#3895=CARTESIAN_POINT('Ctrl Pts',(16.6661026520474,0.,-2.10267123005652));
#3896=CARTESIAN_POINT('Ctrl Pts',(14.5213484759872,0.,1.6543270682069));
#3897=CARTESIAN_POINT('Ctrl Pts',(13.1361280431802,0.,6.45185443553384));
#3898=CARTESIAN_POINT('Ctrl Pts',(12.2665071727422,0.,10.8999441262467));
#3899=CARTESIAN_POINT('Ctrl Pts',(12.2805624839395,0.,13.7863949997793));
#3900=CARTESIAN_POINT('Ctrl Pts',(12.2906646652567,0.,15.0823716216269));
#3901=CARTESIAN_POINT('Ctrl Pts',(12.2936911174043,0.,15.3220878133217));
#3902=CARTESIAN_POINT('Ctrl Pts',(12.296368357347,0.,15.5614167380581));
#3903=CARTESIAN_POINT('',(28.0494534479284,0.,-2.452264572821));
#3904=CARTESIAN_POINT('',(16.2130059406471,0.,-6.29815950136357));
#3905=CARTESIAN_POINT('',(28.6897990674485,0.,-4.23029898109252));
#3906=CARTESIAN_POINT('Origin',(26.7111922352107,0.,-3.93855422377579));
#3907=CARTESIAN_POINT('',(25.6970423646424,0.,-13.4410570160897));
#3908=CARTESIAN_POINT('Origin',(0.,0.,0.));
#3909=CARTESIAN_POINT('',(24.1338894729265,0.,-14.5031313574407));
#3910=CARTESIAN_POINT('Origin',(23.9248325463912,0.,-12.5140875667042));
#3911=CARTESIAN_POINT('',(18.5995735830292,0.,-6.8857990244097));
#3912=CARTESIAN_POINT('',(14.1718582052143,0.,-0.791571629393208));
#3913=CARTESIAN_POINT('',(0.80119970677435,0.,-19.8170745748359));
#3914=CARTESIAN_POINT('Ctrl Pts',(0.801199706774349,0.,-19.8170745748359));
#3915=CARTESIAN_POINT('Ctrl Pts',(0.939707786574308,0.,-19.6218797653226));
#3916=CARTESIAN_POINT('Ctrl Pts',(1.07852858506296,0.,-19.4265252045144));
#3917=CARTESIAN_POINT('Ctrl Pts',(3.15021908620117,0.,-16.5002326237914));
#3918=CARTESIAN_POINT('Ctrl Pts',(6.06063244770778,0.,-13.2994459300717));
#3919=CARTESIAN_POINT('Ctrl Pts',(10.195374494863,0.,-10.4994612679073));
#3920=CARTESIAN_POINT('Ctrl Pts',(14.1570715552369,0.,-8.29786899266283));
#3921=CARTESIAN_POINT('Ctrl Pts',(16.9066215775737,0.,-7.41931611579594));
#3922=CARTESIAN_POINT('Ctrl Pts',(18.1422004833082,0.,-7.02840324035544));
#3923=CARTESIAN_POINT('Ctrl Pts',(18.3711309369804,0.,-6.95720952290553));
#3924=CARTESIAN_POINT('Ctrl Pts',(18.5995735830292,0.,-6.8857990244097));
#3925=CARTESIAN_POINT('',(6.33551559667767,0.,-27.4344069078752));
#3926=CARTESIAN_POINT('',(-0.687589409572124,0.,-17.7679321517024));
#3927=CARTESIAN_POINT('',(4.84238206519932,0.,-28.5928546307401));
#3928=CARTESIAN_POINT('Origin',(4.50842468139247,0.,-26.6209336217236));
#3929=CARTESIAN_POINT('',(-4.84238206519931,0.,-28.5928546307401));
#3930=CARTESIAN_POINT('Origin',(0.,0.,0.));
#3931=CARTESIAN_POINT('',(-6.33551559667766,0.,-27.4344069078752));
#3932=CARTESIAN_POINT('Origin',(-4.50842468139246,0.,-26.6209336217236));
#3933=CARTESIAN_POINT('',(-0.801199706780322,0.,-19.8170745748441));
#3934=CARTESIAN_POINT('',(3.62651567103449,0.,-13.7228471798276));
#3935=CARTESIAN_POINT('',(-18.5995735830232,0.,-6.88579902440149));
#3936=CARTESIAN_POINT('Ctrl Pts',(-18.5995735830232,0.,-6.88579902440149));
#3937=CARTESIAN_POINT('Ctrl Pts',(-18.3711309369722,0.,-6.95720952290139));
#3938=CARTESIAN_POINT('Ctrl Pts',(-18.1427660408562,0.,-7.02852615423969));
#3939=CARTESIAN_POINT('Ctrl Pts',(-16.3127010912768,0.,-7.60169663109133));
#3940=CARTESIAN_POINT('Ctrl Pts',(-13.1513802542604,0.,-8.79643891272469));
#3941=CARTESIAN_POINT('Ctrl Pts',(-9.45773948042535,0.,-10.9004259327295));
#3942=CARTESIAN_POINT('Ctrl Pts',(-6.83631379892443,0.,-12.9396498440297));
#3943=CARTESIAN_POINT('Ctrl Pts',(-3.51567214997092,0.,-16.0302603578708));
#3944=CARTESIAN_POINT('Ctrl Pts',(-1.83229373162713,0.,-18.3711568601388));
#3945=CARTESIAN_POINT('Ctrl Pts',(-1.07810363097231,0.,-19.4262265918682));
#3946=CARTESIAN_POINT('Ctrl Pts',(-0.939707786575705,0.,-19.6218797653318));
#3947=CARTESIAN_POINT('Ctrl Pts',(-0.801199706780326,0.,-19.8170745748441));
#3948=CARTESIAN_POINT('',(-24.1338894729265,0.,-14.5031313574407));
#3949=CARTESIAN_POINT('',(-17.1107844666767,0.,-4.83665660126795));
#3950=CARTESIAN_POINT('Origin',(-23.9248325463912,0.,-12.5140875667042));
#3951=CARTESIAN_POINT('Origin',(-19.4686139626094,0.,-4.18888610757591));
#3952=CARTESIAN_POINT('',(-24.2238965440852,-6.75,-2.64380113570117));
#3953=CARTESIAN_POINT('Origin',(-24.2238965440852,-5.,-2.64380113570117));
#3954=CARTESIAN_POINT('Origin',(-24.7646762842413,-5.,-4.30815003921769));
#3955=CARTESIAN_POINT('',(-25.3054560243975,-6.75,-5.97249894273421));
#3956=CARTESIAN_POINT('',(-24.7646762842413,-6.75,-4.30815003921769));
#3957=CARTESIAN_POINT('Origin',(-25.3054560243975,-5.,-5.97249894273421));
#3958=CARTESIAN_POINT('Origin',(-25.3054560243975,-5.,-5.97249894273421));
#3959=CARTESIAN_POINT('Origin',(-17.5027769164301,-5.,18.0416780937184));
#3960=CARTESIAN_POINT('',(-16.9619971762739,-3.25,19.7060269972349));
#3961=CARTESIAN_POINT('',(-17.5027769164301,-3.25,18.0416780937184));
#3962=CARTESIAN_POINT('Origin',(-16.9619971762739,-5.,19.7060269972349));
#3963=CARTESIAN_POINT('Origin',(-16.9619971762739,-5.,19.7060269972349));
#3964=CARTESIAN_POINT('Origin',(0.,0.,0.));
#3965=CARTESIAN_POINT('',(-12.8888888888889,0.,25.9783860778509));
#3966=CARTESIAN_POINT('Origin',(3.62651567103449,-9.,-13.7228471798276));
#3967=CARTESIAN_POINT('',(-2.03226514274339,-9.,-19.8101891671166));
#3968=CARTESIAN_POINT('',(-6.12645867014236,-9.,-25.4453631171386));
#3969=CARTESIAN_POINT('',(2.81749867665954,-9.,-13.1350619275351));
#3970=CARTESIAN_POINT('Ctrl Pts',(-6.12645867014235,-9.,-25.4453631171386));
#3971=CARTESIAN_POINT('Ctrl Pts',(-6.12768997871339,-9.00148126656278,-25.4470578679943));
#3972=CARTESIAN_POINT('Ctrl Pts',(-6.12891862563955,-9.00296253434449,-25.4487545547781));
#3973=CARTESIAN_POINT('Ctrl Pts',(-6.23190447283086,-9.12739239856591,-25.591443140741));
#3974=CARTESIAN_POINT('Ctrl Pts',(-6.31586264910173,-9.2510060659564,-25.7465134396752));
#3975=CARTESIAN_POINT('Ctrl Pts',(-6.43816483159115,-9.47996648541938,-26.0693141856992));
#3976=CARTESIAN_POINT('Ctrl Pts',(-6.47935100912472,-9.58731779539541,-26.2377698401734));
#3977=CARTESIAN_POINT('Ctrl Pts',(-6.51866880425149,-9.79115548082941,-26.6155874547311));
#3978=CARTESIAN_POINT('Ctrl Pts',(-6.5083363378982,-9.87607045926137,-26.8130953756723));
#3979=CARTESIAN_POINT('Ctrl Pts',(-6.44374084637017,-9.97357293217787,-27.1469518413908));
#3980=CARTESIAN_POINT('Ctrl Pts',(-6.39824055462337,-10.,-27.2935243456875));
#3981=CARTESIAN_POINT('Ctrl Pts',(-6.33551559667766,-10.,-27.4344069078752));
#3982=CARTESIAN_POINT('Ctrl Pts',(-0.801199706780323,-10.,-19.8170745748441));
#3983=CARTESIAN_POINT('Ctrl Pts',(-0.803034766337242,-10.,-19.8170643112685));
#3984=CARTESIAN_POINT('Ctrl Pts',(-0.804869826721531,-9.99999666704607,
-19.8170540476882));
#3985=CARTESIAN_POINT('Ctrl Pts',(-0.917409182963229,-9.99958786127151,
-19.816424609698));
#3986=CARTESIAN_POINT('Ctrl Pts',(-1.02824296085127,-9.98705496457105,-19.81580471109));
#3987=CARTESIAN_POINT('Ctrl Pts',(-1.24145099148924,-9.93809186131622,-19.8146122284008));
#3988=CARTESIAN_POINT('Ctrl Pts',(-1.34423983336505,-9.90216101247703,-19.8140373255032));
#3989=CARTESIAN_POINT('Ctrl Pts',(-1.56854053770887,-9.79130925089616,-19.8127828009606));
#3990=CARTESIAN_POINT('Ctrl Pts',(-1.68568093958382,-9.7076223609811,-19.8121276298247));
#3991=CARTESIAN_POINT('Ctrl Pts',(-1.86243085924374,-9.51813854194435,-19.8111390589715));
#3992=CARTESIAN_POINT('Ctrl Pts',(-1.92741990270202,-9.41969222914233,-19.8107755716104));
#3993=CARTESIAN_POINT('Ctrl Pts',(-2.01117391677633,-9.2118356714466,-19.8103071314087));
#3994=CARTESIAN_POINT('Ctrl Pts',(-2.03226514274338,-9.10691845707874,-19.8101891671166));
#3995=CARTESIAN_POINT('Ctrl Pts',(-2.03226514274338,-9.,-19.8101891671166));
#3996=CARTESIAN_POINT('Origin',(-4.50842468139246,0.,-26.6209336217236));
#3997=CARTESIAN_POINT('',(-6.12645867014236,-1.,-25.4453631171386));
#3998=CARTESIAN_POINT('',(-6.12645867014236,0.,-25.4453631171386));
#3999=CARTESIAN_POINT('Ctrl Pts',(-6.12645867014235,-1.,-25.4453631171386));
#4000=CARTESIAN_POINT('Ctrl Pts',(-6.12738574175165,-0.998884731083291,
-25.4466391217406));
#4001=CARTESIAN_POINT('Ctrl Pts',(-6.1283113043807,-0.997769461645826,-25.4479162235911));
#4002=CARTESIAN_POINT('Ctrl Pts',(-6.22567075782053,-0.880263462918185,
-25.5825888889646));
#4003=CARTESIAN_POINT('Ctrl Pts',(-6.30613224256177,-0.763300755935895,
-25.7285716961634));
#4004=CARTESIAN_POINT('Ctrl Pts',(-6.43044739963503,-0.537801029580253,
-26.0423730946745));
#4005=CARTESIAN_POINT('Ctrl Pts',(-6.47441926707629,-0.428014301006555,
-26.212312726893));
#4006=CARTESIAN_POINT('Ctrl Pts',(-6.51561461624767,-0.233581132353205,
-26.5671628659988));
#4007=CARTESIAN_POINT('Ctrl Pts',(-6.51322761192972,-0.147385099854915,
-26.7542532584444));
#4008=CARTESIAN_POINT('Ctrl Pts',(-6.45321560025132,-0.0298238439135414,
-27.1207702223217));
#4009=CARTESIAN_POINT('Ctrl Pts',(-6.40182242333687,-9.56938381314089E-17,
-27.2854793368377));
#4010=CARTESIAN_POINT('Ctrl Pts',(-6.33551559667766,1.30104260698261E-16,
-27.4344069078752));
#4011=CARTESIAN_POINT('',(-4.84238206519931,0.,-28.5928546307401));
#4012=CARTESIAN_POINT('Ctrl Pts',(-0.801199706780323,-10.,-19.8170745748441));
#4013=CARTESIAN_POINT('Ctrl Pts',(-0.939707786575701,-10.,-19.6218797653318));
#4014=CARTESIAN_POINT('Ctrl Pts',(-1.07813632434508,-10.,-19.4267206767762));
#4015=CARTESIAN_POINT('Ctrl Pts',(-2.18824659893882,-10.,-17.8634791504618));
#4016=CARTESIAN_POINT('Ctrl Pts',(-4.30355279836528,-10.,-15.2255898068378));
#4017=CARTESIAN_POINT('Ctrl Pts',(-7.44416437923595,-10.,-12.3633159156786));
#4018=CARTESIAN_POINT('Ctrl Pts',(-10.1938610749105,-10.,-10.5001463900905));
#4019=CARTESIAN_POINT('Ctrl Pts',(-14.158783952794,-10.,-8.29693993582217));
#4020=CARTESIAN_POINT('Ctrl Pts',(-16.9056579254362,-9.99999999999999,-7.41954466639209));
#4021=CARTESIAN_POINT('Ctrl Pts',(-18.1423104818852,-10.,-7.02837905737767));
#4022=CARTESIAN_POINT('Ctrl Pts',(-18.3711309369722,-10.,-6.95720952290139));
#4023=CARTESIAN_POINT('Ctrl Pts',(-18.5995735830232,-10.,-6.88579902440149));
#4024=CARTESIAN_POINT('Ctrl Pts',(-1.04520906219612,-10.,-19.9902209169789));
#4025=CARTESIAN_POINT('Ctrl Pts',(-1.18319405163706,-10.,-19.7957442898084));
#4026=CARTESIAN_POINT('Ctrl Pts',(-1.32293162635096,-10.,-19.5987870793942));
#4027=CARTESIAN_POINT('Ctrl Pts',(-2.42502816465194,-10.,-18.0465707679057));
#4028=CARTESIAN_POINT('Ctrl Pts',(-4.52455365459004,-10.,-15.4292434798352));
#4029=CARTESIAN_POINT('Ctrl Pts',(-7.63197665078053,-10.,-12.5975848272924));
#4030=CARTESIAN_POINT('Ctrl Pts',(-10.3505422673743,-10.,-10.7555169882872));
#4031=CARTESIAN_POINT('Ctrl Pts',(-14.2752471544255,-10.,-8.57440656864352));
#4032=CARTESIAN_POINT('Ctrl Pts',(-17.0020693448711,-9.99999999999999,-7.70265169755744));
#4033=CARTESIAN_POINT('Ctrl Pts',(-18.2303879669686,-10.,-7.31436882926261));
#4034=CARTESIAN_POINT('Ctrl Pts',(-18.4611871687625,-10.,-7.24250271527243));
#4035=CARTESIAN_POINT('Ctrl Pts',(-18.688842502377,-10.,-7.17137087413896));
#4036=CARTESIAN_POINT('Ctrl Pts',(-1.46765764753867,-9.74886850260708,-20.2899857647955));
#4037=CARTESIAN_POINT('Ctrl Pts',(-1.60601908590513,-9.74886850260708,-20.094992288158));
#4038=CARTESIAN_POINT('Ctrl Pts',(-1.74624304136135,-9.74886850260708,-19.8973194311773));
#4039=CARTESIAN_POINT('Ctrl Pts',(-2.83761830711891,-9.74886850260708,-18.3603492436535));
#4040=CARTESIAN_POINT('Ctrl Pts',(-4.90559101094697,-9.74886850260709,-15.7832584351582));
#4041=CARTESIAN_POINT('Ctrl Pts',(-7.95796710845339,-9.74886850260708,-13.0025842515553));
#4042=CARTESIAN_POINT('Ctrl Pts',(-10.6211430841383,-9.74886850260708,-11.1978594581017));
#4043=CARTESIAN_POINT('Ctrl Pts',(-14.4801247701802,-9.74886850260708,-9.05363890700445));
#4044=CARTESIAN_POINT('Ctrl Pts',(-17.1600234962106,-9.74886850260708,-8.19584500009748));
#4045=CARTESIAN_POINT('Ctrl Pts',(-18.3853256172944,-9.74886850260708,-7.80864706087028));
#4046=CARTESIAN_POINT('Ctrl Pts',(-18.6151700886624,-9.74886850260708,-7.73710816692877));
#4047=CARTESIAN_POINT('Ctrl Pts',(-18.8433920221354,-9.74886850260708,-7.66577578631814));
#4048=CARTESIAN_POINT('Ctrl Pts',(-1.61674090335725,-9.22439947525641,-20.3957735956536));
#4049=CARTESIAN_POINT('Ctrl Pts',(-1.75524898315263,-9.22439947525641,-20.2005787861413));
#4050=CARTESIAN_POINT('Ctrl Pts',(-1.89562543643626,-9.22439947525642,-20.0026791651978));
#4051=CARTESIAN_POINT('Ctrl Pts',(-2.98325105106723,-9.22439947525641,-18.4710480508791));
#4052=CARTESIAN_POINT('Ctrl Pts',(-5.0400431663008,-9.22439947525642,-15.9082066958271));
#4053=CARTESIAN_POINT('Ctrl Pts',(-8.07301900836884,-9.22439947525641,-13.1455033501208));
#4054=CARTESIAN_POINT('Ctrl Pts',(-10.7166317681246,-9.22439947525642,-11.3539657337307));
#4055=CARTESIAN_POINT('Ctrl Pts',(-14.5524615693774,-9.22439947525641,-9.22274903866154));
#4056=CARTESIAN_POINT('Ctrl Pts',(-17.2156695495031,-9.22439947525641,-8.36992713014649));
#4057=CARTESIAN_POINT('Ctrl Pts',(-18.4400299003198,-9.22439947525641,-7.98307004830523));
#4058=CARTESIAN_POINT('Ctrl Pts',(-18.6694903223443,-9.22439947525641,-7.9116631242673));
#4059=CARTESIAN_POINT('Ctrl Pts',(-18.8979329683954,-9.22439947525641,-7.84025262576739));
#4060=CARTESIAN_POINT('Ctrl Pts',(-1.61674090335725,-9.,-20.3957735956536));
#4061=CARTESIAN_POINT('Ctrl Pts',(-1.75524898315263,-9.,-20.2005787861413));
#4062=CARTESIAN_POINT('Ctrl Pts',(-1.89562543643626,-9.,-20.0026791651978));
#4063=CARTESIAN_POINT('Ctrl Pts',(-2.98325105106723,-8.99999999999999,-18.4710480508791));
#4064=CARTESIAN_POINT('Ctrl Pts',(-5.0400431663008,-9.00000000000001,-15.9082066958271));
#4065=CARTESIAN_POINT('Ctrl Pts',(-8.07301900836884,-9.,-13.1455033501208));
#4066=CARTESIAN_POINT('Ctrl Pts',(-10.7166317681246,-9.,-11.3539657337307));
#4067=CARTESIAN_POINT('Ctrl Pts',(-14.5524615693774,-9.,-9.22274903866154));
#4068=CARTESIAN_POINT('Ctrl Pts',(-17.2156695495031,-9.,-8.36992713014649));
#4069=CARTESIAN_POINT('Ctrl Pts',(-18.4400299003198,-9.,-7.98307004830523));
#4070=CARTESIAN_POINT('Ctrl Pts',(-18.6694903223443,-9.,-7.9116631242673));
#4071=CARTESIAN_POINT('Ctrl Pts',(-18.8979329683954,-9.,-7.84025262576739));
#4072=CARTESIAN_POINT('',(-18.2126050342673,-9.,-8.0544841214121));
#4073=CARTESIAN_POINT('Ctrl Pts',(-18.5995735830232,-10.,-6.88579902440149));
#4074=CARTESIAN_POINT('Ctrl Pts',(-18.5989970458302,-10.,-6.88754022642001));
#4075=CARTESIAN_POINT('Ctrl Pts',(-18.5984205083777,-9.99999667038077,-6.88928142922314));
#4076=CARTESIAN_POINT('Ctrl Pts',(-18.5471833265428,-9.99940485544523,-7.04402302354431));
#4077=CARTESIAN_POINT('Ctrl Pts',(-18.4963939941309,-9.97310866692453,-7.1974120662691));
#4078=CARTESIAN_POINT('Ctrl Pts',(-18.4029214380177,-9.87071609892716,-7.47970886405894));
#4079=CARTESIAN_POINT('Ctrl Pts',(-18.3598267622607,-9.79679016158505,-7.60985924695072));
#4080=CARTESIAN_POINT('Ctrl Pts',(-18.2927279748933,-9.61936700295834,-7.81250453233758));
#4081=CARTESIAN_POINT('Ctrl Pts',(-18.2669040249159,-9.52451303065373,-7.89049553521368));
#4082=CARTESIAN_POINT('Ctrl Pts',(-18.2309306161861,-9.32147604516339,-7.99913895432555));
#4083=CARTESIAN_POINT('Ctrl Pts',(-18.2196374039938,-9.21854806575186,-8.03324562439217));
#4084=CARTESIAN_POINT('Ctrl Pts',(-18.2134034032261,-9.07408685874215,-8.05207295219113));
#4085=CARTESIAN_POINT('Ctrl Pts',(-18.2126050302423,-9.03708707634882,-8.0544841212671));
#4086=CARTESIAN_POINT('Ctrl Pts',(-18.2126050302423,-9.,-8.0544841212671));
#4087=CARTESIAN_POINT('Ctrl Pts',(-18.212732771067,-9.,-8.05488837963413));
#4088=CARTESIAN_POINT('Ctrl Pts',(-17.2130009099025,-9.,-8.37078188023974));
#4089=CARTESIAN_POINT('Ctrl Pts',(-14.5508601276324,-9.,-9.22363881207693));
#4090=CARTESIAN_POINT('Ctrl Pts',(-10.7166317681246,-9.,-11.3539657337307));
#4091=CARTESIAN_POINT('Ctrl Pts',(-8.07301900836884,-9.,-13.1455033501208));
#4092=CARTESIAN_POINT('Ctrl Pts',(-5.04039087937468,-9.00000000000001,-15.907889967926));
#4093=CARTESIAN_POINT('Ctrl Pts',(-2.9838405568481,-8.99999999999999,-18.4703135209117));
#4094=CARTESIAN_POINT('Ctrl Pts',(-2.03229789942937,-9.,-19.8102124291577));
#4095=CARTESIAN_POINT('Origin',(3.62651567103449,-1.,-13.7228471798276));
#4096=CARTESIAN_POINT('',(-2.03226513573695,-1.,-19.8101891916529));
#4097=CARTESIAN_POINT('',(2.81749867665954,-1.,-13.1350619275351));
#4098=CARTESIAN_POINT('Ctrl Pts',(-2.03226514274339,-1.,-19.8101891671166));
#4099=CARTESIAN_POINT('Ctrl Pts',(-2.03226514274339,-0.893083134301505,
-19.8101891671166));
#4100=CARTESIAN_POINT('Ctrl Pts',(-2.01117454369319,-0.788167424737837,
-19.8103071278444));
#4101=CARTESIAN_POINT('Ctrl Pts',(-1.92742543212325,-0.580319807458893,
-19.8107755406218));
#4102=CARTESIAN_POINT('Ctrl Pts',(-1.86244311668203,-0.481879531865119,
-19.8111389904178));
#4103=CARTESIAN_POINT('Ctrl Pts',(-1.68571662087785,-0.292409929810756,
-19.8121274302607));
#4104=CARTESIAN_POINT('Ctrl Pts',(-1.56859550116686,-0.208728043180053,
-19.8127824935474));
#4105=CARTESIAN_POINT('Ctrl Pts',(-1.3443014941614,-0.0978617690487553,
-19.8140369806315));
#4106=CARTESIAN_POINT('Ctrl Pts',(-1.24149625878366,-0.061920701029983,
-19.8146119752186));
#4107=CARTESIAN_POINT('Ctrl Pts',(-1.02826114697063,-0.012946993851306,
-19.8158046093742));
#4108=CARTESIAN_POINT('Ctrl Pts',(-0.917416968048744,-0.000411980231480216,
-19.8164245661565));
#4109=CARTESIAN_POINT('Ctrl Pts',(-0.804868122273429,-3.32985892297862E-6,
-19.8170540572212));
#4110=CARTESIAN_POINT('Ctrl Pts',(-0.803033914113768,2.37097558318627E-18,
-19.817064316035));
#4111=CARTESIAN_POINT('Ctrl Pts',(-0.801199706780326,0.,-19.8170745748441));
#4112=CARTESIAN_POINT('Origin',(-17.1107844666767,-1.,-4.83665660126795));
#4113=CARTESIAN_POINT('',(-18.2126050302423,-1.,-8.0544841212671));
#4114=CARTESIAN_POINT('',(-22.3067985576413,-1.,-13.6896580712891));
#4115=CARTESIAN_POINT('',(-16.3017674723018,-1.,-5.42444185356042));
#4116=CARTESIAN_POINT('Ctrl Pts',(-22.3067985576413,-1.,-13.6896580712891));
#4117=CARTESIAN_POINT('Ctrl Pts',(-22.3080298662126,-0.998518733436954,
-13.6913528221452));
#4118=CARTESIAN_POINT('Ctrl Pts',(-22.3092638384542,-0.997037465655916,
-13.6930456398609));
#4119=CARTESIAN_POINT('Ctrl Pts',(-22.4131443709616,-0.872607601431987,
-13.8350841988687));
#4120=CARTESIAN_POINT('Ctrl Pts',(-22.5346804859744,-0.748993934042831,
-13.9628525272167));
#4121=CARTESIAN_POINT('Ctrl Pts',(-22.8038887861062,-0.520033514580613,
-14.178919731148));
#4122=CARTESIAN_POINT('Ctrl Pts',(-22.9513724052094,-0.412682204604585,
-14.2701457737037));
#4123=CARTESIAN_POINT('Ctrl Pts',(-23.2985484426297,-0.208844519170814,
-14.4242912826377));
#4124=CARTESIAN_POINT('Ctrl Pts',(-23.4895825455577,-0.123929540738744,
-14.4754978272776));
#4125=CARTESIAN_POINT('Ctrl Pts',(-23.827060017429,-0.026427067822135,-14.5172311857256));
#4126=CARTESIAN_POINT('Ctrl Pts',(-23.9805191161489,-1.53634145587385E-16,
-14.5192512315023));
#4127=CARTESIAN_POINT('Ctrl Pts',(-24.1338894729265,6.07153216591882E-17,
-14.5031313574407));
#4128=CARTESIAN_POINT('Ctrl Pts',(-18.5995735830232,0.,-6.88579902440149));
#4129=CARTESIAN_POINT('Ctrl Pts',(-18.5989967551172,2.17158595422196E-18,
-6.88754110440339));
#4130=CARTESIAN_POINT('Ctrl Pts',(-18.5984199269512,-3.33297793011001E-6,
-6.88928318519088));
#4131=CARTESIAN_POINT('Ctrl Pts',(-18.5630447452061,-0.00041213995883691,
-6.99611989687291));
#4132=CARTESIAN_POINT('Ctrl Pts',(-18.52820569087,-0.0129450203574174,-7.10133744827294));
#4133=CARTESIAN_POINT('Ctrl Pts',(-18.4611867333645,-0.0619080418284765,
-7.30374163921113));
#4134=CARTESIAN_POINT('Ctrl Pts',(-18.4288765090838,-0.0978388117437085,
-7.40132186200131));
#4135=CARTESIAN_POINT('Ctrl Pts',(-18.3583706395224,-0.20869046141473,-7.61425688839007));
#4136=CARTESIAN_POINT('Ctrl Pts',(-18.3215491129391,-0.292377390282773,
-7.72546171353839));
#4137=CARTESIAN_POINT('Ctrl Pts',(-18.2659901403599,-0.481861319752709,
-7.89325556303378));
#4138=CARTESIAN_POINT('Ctrl Pts',(-18.2455617081547,-0.580307679415524,
-7.95495154177534));
#4139=CARTESIAN_POINT('Ctrl Pts',(-18.2192347696497,-0.78816430588383,-8.03446162198829));
#4140=CARTESIAN_POINT('Ctrl Pts',(-18.2126050302423,-0.893081531269538,
-8.0544841212671));
#4141=CARTESIAN_POINT('Ctrl Pts',(-18.2126050302423,-1.,-8.0544841212671));
#4142=CARTESIAN_POINT('Origin',(-23.9248325463912,0.,-12.5140875667042));
#4143=CARTESIAN_POINT('',(-22.3067985576413,-9.,-13.6896580712891));
#4144=CARTESIAN_POINT('',(-22.3067985576413,0.,-13.6896580712891));
#4145=CARTESIAN_POINT('Ctrl Pts',(-22.3067985576413,-9.,-13.6896580712891));
#4146=CARTESIAN_POINT('Ctrl Pts',(-22.3077256292505,-9.00111526891661,-13.6909340758911));
#4147=CARTESIAN_POINT('Ctrl Pts',(-22.3086542107065,-9.00223053835317,-13.6922089844371));
#4148=CARTESIAN_POINT('Ctrl Pts',(-22.4066498009651,-9.11973653708748,-13.8264194692831));
#4149=CARTESIAN_POINT('Ctrl Pts',(-22.5206237348782,-9.23669924406612,-13.9480540570181));
#4150=CARTESIAN_POINT('Ctrl Pts',(-22.7806511035583,-9.46219897041976,-14.1632547622234));
#4151=CARTESIAN_POINT('Ctrl Pts',(-22.9286852438428,-9.57198569899345,-14.2575887276605));
#4152=CARTESIAN_POINT('Ctrl Pts',(-23.2534377179645,-9.76641886764679,-14.406422556371));
#4153=CARTESIAN_POINT('Ctrl Pts',(-23.432108879736,-9.85261490014508,-14.4619664911099));
#4154=CARTESIAN_POINT('Ctrl Pts',(-23.7992319580396,-9.97017615608652,-14.518151646912));
#4155=CARTESIAN_POINT('Ctrl Pts',(-23.9717609997547,-10.,-14.5201717466283));
#4156=CARTESIAN_POINT('Ctrl Pts',(-24.1338894729265,-10.,-14.5031313574407));
#4157=CARTESIAN_POINT('Ctrl Pts',(-18.5995735830232,0.,-6.88579902440149));
#4158=CARTESIAN_POINT('Ctrl Pts',(-18.3711309369722,0.,-6.95720952290139));
#4159=CARTESIAN_POINT('Ctrl Pts',(-18.1427660408562,0.,-7.02852615423969));
#4160=CARTESIAN_POINT('Ctrl Pts',(-16.3127010912768,0.,-7.60169663109133));
#4161=CARTESIAN_POINT('Ctrl Pts',(-13.1513802542604,0.,-8.79643891272469));
#4162=CARTESIAN_POINT('Ctrl Pts',(-9.45773948042535,0.,-10.9004259327295));
#4163=CARTESIAN_POINT('Ctrl Pts',(-6.83631379892443,0.,-12.9396498440297));
#4164=CARTESIAN_POINT('Ctrl Pts',(-3.51567214997092,0.,-16.0302603578708));
#4165=CARTESIAN_POINT('Ctrl Pts',(-1.83229373162713,0.,-18.3711568601388));
#4166=CARTESIAN_POINT('Ctrl Pts',(-1.07810363097231,0.,-19.4262265918682));
#4167=CARTESIAN_POINT('Ctrl Pts',(-0.939707786575705,0.,-19.6218797653318));
#4168=CARTESIAN_POINT('Ctrl Pts',(-0.801199706780326,0.,-19.8170745748441));
#4169=CARTESIAN_POINT('Ctrl Pts',(-18.688842502377,3.17048442763337E-16,
-7.17137087413896));
#4170=CARTESIAN_POINT('Ctrl Pts',(-18.4612492654174,1.1402077049748E-15,
-7.24250267332161));
#4171=CARTESIAN_POINT('Ctrl Pts',(-18.2307590302849,1.50251219946024E-16,
-7.31451571117454));
#4172=CARTESIAN_POINT('Ctrl Pts',(-16.4136988295846,-2.98413692786932E-17,
-7.88344375514517));
#4173=CARTESIAN_POINT('Ctrl Pts',(-13.2768309639243,-7.76197676204506E-18,
-9.06951360426374));
#4174=CARTESIAN_POINT('Ctrl Pts',(-9.62239993138209,2.65631426095971E-17,
-11.1515209714616));
#4175=CARTESIAN_POINT('Ctrl Pts',(-7.03083423953548,-4.40767706484281E-17,
-13.1675270952633));
#4176=CARTESIAN_POINT('Ctrl Pts',(-3.74351026144681,2.101887639142E-16,
-16.2268108756893));
#4177=CARTESIAN_POINT('Ctrl Pts',(-2.07178582346575,-4.26354036153497E-16,
-18.5503078563413));
#4178=CARTESIAN_POINT('Ctrl Pts',(-1.32287100116286,5.86766783094994E-16,
-19.5983749347823));
#4179=CARTESIAN_POINT('Ctrl Pts',(-1.18321458440323,9.03340969493886E-16,
-19.7956842597475));
#4180=CARTESIAN_POINT('Ctrl Pts',(-1.04520906219613,4.76124322489245E-16,
-19.9902209169789));
#4181=CARTESIAN_POINT('Ctrl Pts',(-18.8434091576429,-0.251083631400891,
-7.66583060291733));
#4182=CARTESIAN_POINT('Ctrl Pts',(-18.6151539541322,-0.25108363140089,-7.73717959971146));
#4183=CARTESIAN_POINT('Ctrl Pts',(-18.3838782287597,-0.251083631400891,
-7.80941773969676));
#4184=CARTESIAN_POINT('Ctrl Pts',(-16.5850774792298,-0.251083631400891,
-8.37270223917065));
#4185=CARTESIAN_POINT('Ctrl Pts',(-13.4951867189992,-0.251083631400892,
-9.54171441929154));
#4186=CARTESIAN_POINT('Ctrl Pts',(-9.90718365897045,-0.251083631400891,
-11.5865510524721));
#4187=CARTESIAN_POINT('Ctrl Pts',(-7.36799607754123,-0.251083631400892,
-13.561589669031));
#4188=CARTESIAN_POINT('Ctrl Pts',(-4.13567586427505,-0.251083631400891,
-16.5702111863118));
#4189=CARTESIAN_POINT('Ctrl Pts',(-2.49180054336473,-0.251083631400893,
-18.8533587869169));
#4190=CARTESIAN_POINT('Ctrl Pts',(-1.74512992965789,-0.25108363140089,-19.8984980523668));
#4191=CARTESIAN_POINT('Ctrl Pts',(-1.60610166443886,-0.251083631400891,
-20.0949694285062));
#4192=CARTESIAN_POINT('Ctrl Pts',(-1.4677044860595,-0.251083631400891,-20.2900190008923));
#4193=CARTESIAN_POINT('Ctrl Pts',(-18.8979329683953,-0.775600524743586,
-7.8402526257674));
#4194=CARTESIAN_POINT('Ctrl Pts',(-18.6694903223443,-0.775600524743586,
-7.9116631242673));
#4195=CARTESIAN_POINT('Ctrl Pts',(-18.4378749900788,-0.775600524743586,
-7.98400185371598));
#4196=CARTESIAN_POINT('Ctrl Pts',(-16.645607286321,-0.775600524743586,-8.54525881043042));
#4197=CARTESIAN_POINT('Ctrl Pts',(-13.5721876555548,-0.775600524743587,
-9.7082979512149));
#4198=CARTESIAN_POINT('Ctrl Pts',(-10.0076488381655,-0.775600524743586,
-11.7400033587168));
#4199=CARTESIAN_POINT('Ctrl Pts',(-7.48692316846902,-0.775600524743587,
-13.700607133128));
#4200=CARTESIAN_POINT('Ctrl Pts',(-4.27406367894722,-0.775600524743586,
-16.6912800867522));
#4201=CARTESIAN_POINT('Ctrl Pts',(-2.63984651957915,-0.775600524743586,
-18.960415149529));
#4202=CARTESIAN_POINT('Ctrl Pts',(-1.89411638174994,-0.775600524743586,
-20.0043229562477));
#4203=CARTESIAN_POINT('Ctrl Pts',(-1.75524898315263,-0.775600524743586,
-20.2005787861413));
#4204=CARTESIAN_POINT('Ctrl Pts',(-1.61674090335725,-0.775600524743586,
-20.3957735956536));
#4205=CARTESIAN_POINT('Ctrl Pts',(-18.8979329683953,-1.,-7.8402526257674));
#4206=CARTESIAN_POINT('Ctrl Pts',(-18.6694903223443,-1.,-7.9116631242673));
#4207=CARTESIAN_POINT('Ctrl Pts',(-18.4378749900788,-1.,-7.98400185371598));
#4208=CARTESIAN_POINT('Ctrl Pts',(-16.645607286321,-1.,-8.54525881043042));
#4209=CARTESIAN_POINT('Ctrl Pts',(-13.5721876555548,-1.,-9.7082979512149));
#4210=CARTESIAN_POINT('Ctrl Pts',(-10.0076488381655,-1.,-11.7400033587168));
#4211=CARTESIAN_POINT('Ctrl Pts',(-7.48692316846902,-1.,-13.700607133128));
#4212=CARTESIAN_POINT('Ctrl Pts',(-4.27406367894722,-1.,-16.6912800867522));
#4213=CARTESIAN_POINT('Ctrl Pts',(-2.63984651957915,-1.,-18.960415149529));
#4214=CARTESIAN_POINT('Ctrl Pts',(-1.89411638174994,-1.,-20.0043229562477));
#4215=CARTESIAN_POINT('Ctrl Pts',(-1.75524898315263,-1.,-20.2005787861413));
#4216=CARTESIAN_POINT('Ctrl Pts',(-1.61674090335725,-1.,-20.3957735956536));
#4217=CARTESIAN_POINT('Ctrl Pts',(-2.03261832337186,-1.,-19.8104415020883));
#4218=CARTESIAN_POINT('Ctrl Pts',(-2.64157067686357,-1.,-18.9580214721242));
#4219=CARTESIAN_POINT('Ctrl Pts',(-4.27547580837862,-1.,-16.6899656136757));
#4220=CARTESIAN_POINT('Ctrl Pts',(-7.48692316846902,-1.,-13.700607133128));
#4221=CARTESIAN_POINT('Ctrl Pts',(-10.0076488381655,-1.,-11.7400033587168));
#4222=CARTESIAN_POINT('Ctrl Pts',(-13.5717688272942,-1.,-9.70853667372164));
#4223=CARTESIAN_POINT('Ctrl Pts',(-16.6447044849753,-1.,-8.54560045903153));
#4224=CARTESIAN_POINT('Ctrl Pts',(-18.2126227392964,-1.,-8.05454066833269));
#4225=CARTESIAN_POINT('Origin',(-17.1107844666767,-9.,-4.83665660126795));
#4226=CARTESIAN_POINT('',(-16.3017674723018,-9.,-5.42444185356042));
#4227=CARTESIAN_POINT('Origin',(-24.0904575531671,0.,-16.1446540650166));
#4228=CARTESIAN_POINT('',(-18.2126050302423,0.,-8.0544841212671));
#4229=CARTESIAN_POINT('',(-21.1515312917047,-3.25,-12.0995690931418));
#4230=CARTESIAN_POINT('Origin',(-21.1515312917047,-5.,-12.0995690931418));
#4231=CARTESIAN_POINT('Ctrl Pts',(-36.6481508357529,93.5607290767151,-2.29158678643519));
#4232=CARTESIAN_POINT('Ctrl Pts',(-36.6481508357529,-103.560729076715,-2.29158678643519));
#4233=CARTESIAN_POINT('Ctrl Pts',(-32.9610416746508,93.5607290767151,-3.44416625340157));
#4234=CARTESIAN_POINT('Ctrl Pts',(-32.9610416746508,-103.560729076715,-3.44416625340157));
#4235=CARTESIAN_POINT('Ctrl Pts',(-29.2739325135487,93.5607290767151,-4.59674572036795));
#4236=CARTESIAN_POINT('Ctrl Pts',(-29.2739325135487,-103.560729076715,-4.59674572036795));
#4237=CARTESIAN_POINT('Ctrl Pts',(-25.5868233524466,93.5607290767151,-5.74932518733434));
#4238=CARTESIAN_POINT('Ctrl Pts',(-25.5868233524466,-103.560729076715,-5.74932518733434));
#4239=CARTESIAN_POINT('Ctrl Pts',(-21.8997141913445,93.5607290767151,-6.90190465430072));
#4240=CARTESIAN_POINT('Ctrl Pts',(-21.8997141913445,-103.560729076715,-6.90190465430072));
#4241=CARTESIAN_POINT('Ctrl Pts',(-18.2126050302423,93.5607290767151,-8.0544841212671));
#4242=CARTESIAN_POINT('Ctrl Pts',(-18.2126050302423,-103.560729076715,-8.0544841212671));
#4243=CARTESIAN_POINT('Ctrl Pts',(-17.8096866657314,93.5607290767151,-8.18043521560904));
#4244=CARTESIAN_POINT('Ctrl Pts',(-17.8096866657314,-103.560729076715,-8.18043521560904));
#4245=CARTESIAN_POINT('Ctrl Pts',(-17.0107761780399,93.5607290767151,-8.44187055763713));
#4246=CARTESIAN_POINT('Ctrl Pts',(-17.0107761780399,-103.560729076715,-8.44187055763713));
#4247=CARTESIAN_POINT('Ctrl Pts',(-15.8331885337075,93.5607290767151,-8.86262215425084));
#4248=CARTESIAN_POINT('Ctrl Pts',(-15.8331885337075,-103.560729076715,-8.86262215425084));
#4249=CARTESIAN_POINT('Ctrl Pts',(-14.3053170314566,93.5607290767151,-9.48177002847522));
#4250=CARTESIAN_POINT('Ctrl Pts',(-14.3053170314566,-103.560729076715,-9.48177002847522));
#4251=CARTESIAN_POINT('Ctrl Pts',(-12.4706650716095,93.5607290767151,-10.3591914739937));
#4252=CARTESIAN_POINT('Ctrl Pts',(-12.4706650716095,-103.560729076715,-10.3591914739937));
#4253=CARTESIAN_POINT('Ctrl Pts',(-10.7179199576978,93.5607290767151,-11.3493480214217));
#4254=CARTESIAN_POINT('Ctrl Pts',(-10.7179199576978,-103.560729076715,-11.3493480214217));
#4255=CARTESIAN_POINT('Ctrl Pts',(-9.05376591131175,93.5607290767151,-12.4614397125078));
#4256=CARTESIAN_POINT('Ctrl Pts',(-9.05376591131175,-103.560729076715,-12.4614397125078));
#4257=CARTESIAN_POINT('Ctrl Pts',(-7.48185198018577,93.5607290767151,-13.7004890305798));
#4258=CARTESIAN_POINT('Ctrl Pts',(-7.48185198018577,-103.560729076715,-13.7004890305798));
#4259=CARTESIAN_POINT('Ctrl Pts',(-5.9985291165885,93.5607290767151,-15.0614734923128));
#4260=CARTESIAN_POINT('Ctrl Pts',(-5.9985291165885,-103.560729076715,-15.0614734923128));
#4261=CARTESIAN_POINT('Ctrl Pts',(-4.59711309893263,93.5607290767151,-16.5351930559612));
#4262=CARTESIAN_POINT('Ctrl Pts',(-4.59711309893263,-103.560729076715,-16.5351930559612));
#4263=CARTESIAN_POINT('Ctrl Pts',(-3.53613021918807,93.5607290767151,-17.796957989077));
#4264=CARTESIAN_POINT('Ctrl Pts',(-3.53613021918807,-103.560729076715,-17.796957989077));
#4265=CARTESIAN_POINT('Ctrl Pts',(-2.77207707702871,93.5607290767151,-18.786890997973));
#4266=CARTESIAN_POINT('Ctrl Pts',(-2.77207707702871,-103.560729076715,-18.786890997973));
#4267=CARTESIAN_POINT('Ctrl Pts',(-2.27656037372799,93.5607290767151,-19.4659120596203));
#4268=CARTESIAN_POINT('Ctrl Pts',(-2.27656037372799,-103.560729076715,-19.4659120596203));
#4269=CARTESIAN_POINT('Ctrl Pts',(-2.03226514274339,93.5607290767151,-19.8101891671166));
#4270=CARTESIAN_POINT('Ctrl Pts',(-2.03226514274339,-103.560729076715,-19.8101891671166));
#4271=CARTESIAN_POINT('Ctrl Pts',(0.203282460628638,93.5607290767151,-22.9606717183197));
#4272=CARTESIAN_POINT('Ctrl Pts',(0.203282460628638,-103.560729076715,-22.9606717183197));
#4273=CARTESIAN_POINT('Ctrl Pts',(2.43883006400066,93.5607290767151,-26.1111542695229));
#4274=CARTESIAN_POINT('Ctrl Pts',(2.43883006400066,-103.560729076715,-26.1111542695229));
#4275=CARTESIAN_POINT('Ctrl Pts',(4.67437766737268,93.5607290767151,-29.261636820726));
#4276=CARTESIAN_POINT('Ctrl Pts',(4.67437766737268,-103.560729076715,-29.261636820726));
#4277=CARTESIAN_POINT('Ctrl Pts',(6.9099252707447,93.5607290767151,-32.4121193719292));
#4278=CARTESIAN_POINT('Ctrl Pts',(6.9099252707447,-103.560729076715,-32.4121193719292));
#4279=CARTESIAN_POINT('Ctrl Pts',(9.14547287411673,93.5607290767151,-35.5626019231323));
#4280=CARTESIAN_POINT('Ctrl Pts',(9.14547287411673,-103.560729076715,-35.5626019231323));
#4281=CARTESIAN_POINT('',(-2.03226514274339,0.,-19.8101891671166));
#4282=CARTESIAN_POINT('Origin',(0.,0.,0.));
#4283=CARTESIAN_POINT('',(4.84238206519932,0.,-28.5928546307401));
#4284=CARTESIAN_POINT('Origin',(-2.03226514274339,0.,-19.8101891671166));
#4285=CARTESIAN_POINT('',(-4.97119140420575,-6.75,-23.8552741389913));
#4286=CARTESIAN_POINT('Origin',(-4.97119140420575,-5.,-23.8552741389913));
#4287=CARTESIAN_POINT('Origin',(-3.55541166404959,-5.,-24.8838983305031));
#4288=CARTESIAN_POINT('',(-2.13963192389343,-6.75,-25.912522522015));
#4289=CARTESIAN_POINT('',(-3.55541166404959,-6.75,-24.8838983305031));
#4290=CARTESIAN_POINT('Origin',(-2.13963192389343,-5.,-25.912522522015));
#4291=CARTESIAN_POINT('Origin',(-2.13963192389343,-5.,-25.912522522015));
#4292=CARTESIAN_POINT('Origin',(-22.5673110318609,-5.,-11.07094490163));
#4293=CARTESIAN_POINT('',(-23.983090772017,-3.25,-10.0423207101182));
#4294=CARTESIAN_POINT('',(-22.5673110318609,-3.25,-11.07094490163));
#4295=CARTESIAN_POINT('Origin',(-23.983090772017,-5.,-10.0423207101182));
#4296=CARTESIAN_POINT('Origin',(-23.983090772017,-5.,-10.0423207101182));
#4297=CARTESIAN_POINT('Origin',(14.1718582052143,-9.,-0.791571629393208));
#4298=CARTESIAN_POINT('',(18.2126050302423,-9.,-8.0544841212671));
#4299=CARTESIAN_POINT('',(22.3067985576413,-9.00000000000001,-13.6896580712891));
#4300=CARTESIAN_POINT('',(13.3628412108394,-9.,-1.37935688168568));
#4301=CARTESIAN_POINT('Ctrl Pts',(22.3067985576413,-9.00000000000001,-13.6896580712891));
#4302=CARTESIAN_POINT('Ctrl Pts',(22.3080298662123,-9.00148126656278,-13.6913528221448));
#4303=CARTESIAN_POINT('Ctrl Pts',(22.3092638384545,-9.00296253434628,-13.6930456398613));
#4304=CARTESIAN_POINT('Ctrl Pts',(22.4131443709888,-9.1273923985634,-13.8350841989058));
#4305=CARTESIAN_POINT('Ctrl Pts',(22.5346804859731,-9.25100606595618,-13.9628525272158));
#4306=CARTESIAN_POINT('Ctrl Pts',(22.8038887861068,-9.47996648541985,-14.1789197311484));
#4307=CARTESIAN_POINT('Ctrl Pts',(22.9513724052097,-9.58731779539561,-14.2701457737038));
#4308=CARTESIAN_POINT('Ctrl Pts',(23.2985484426298,-9.79115548082927,-14.4242912826378));
#4309=CARTESIAN_POINT('Ctrl Pts',(23.4895825455578,-9.87607045926129,-14.4754978272776));
#4310=CARTESIAN_POINT('Ctrl Pts',(23.827060017429,-9.97357293217786,-14.5172311857256));
#4311=CARTESIAN_POINT('Ctrl Pts',(23.9805191161489,-10.,-14.5192512315023));
#4312=CARTESIAN_POINT('Ctrl Pts',(24.1338894729265,-10.,-14.5031313574407));
#4313=CARTESIAN_POINT('Ctrl Pts',(18.5995735830292,-10.,-6.8857990244097));
#4314=CARTESIAN_POINT('Ctrl Pts',(18.5989967553105,-10.,-6.88754110384581));
#4315=CARTESIAN_POINT('Ctrl Pts',(18.5984199273319,-9.99999666702423,-6.88928318406775));
#4316=CARTESIAN_POINT('Ctrl Pts',(18.5630447435124,-9.99958786015214,-6.9961199020066));
#4317=CARTESIAN_POINT('Ctrl Pts',(18.528205686905,-9.98705497828308,-7.1013374602689));
#4318=CARTESIAN_POINT('Ctrl Pts',(18.4611867234694,-9.93809194943486,-7.30374166911222));
#4319=CARTESIAN_POINT('Ctrl Pts',(18.4288764955947,-9.90216117240029,-7.40132190275469));
#4320=CARTESIAN_POINT('Ctrl Pts',(18.3583706275051,-9.79130951263463,-7.61425692469328));
#4321=CARTESIAN_POINT('Ctrl Pts',(18.3215491051518,-9.70762258728067,-7.72546173706404));
#4322=CARTESIAN_POINT('Ctrl Pts',(18.2659901377044,-9.51813866777286,-7.89325557105744));
#4323=CARTESIAN_POINT('Ctrl Pts',(18.2455617069696,-9.41969231233709,-7.95495154535668));
#4324=CARTESIAN_POINT('Ctrl Pts',(18.2192347695197,-9.21183569207211,-8.03446162238129));
#4325=CARTESIAN_POINT('Ctrl Pts',(18.2126050302423,-9.10691846767984,-8.0544841212671));
#4326=CARTESIAN_POINT('Ctrl Pts',(18.2126050302423,-9.,-8.0544841212671));
#4327=CARTESIAN_POINT('Origin',(23.9248325463912,0.,-12.5140875667042));
#4328=CARTESIAN_POINT('',(22.3067985576413,-1.,-13.6896580712891));
#4329=CARTESIAN_POINT('',(22.3067985576413,0.,-13.6896580712891));
#4330=CARTESIAN_POINT('Ctrl Pts',(22.3067985576413,-1.,-13.6896580712891));
#4331=CARTESIAN_POINT('Ctrl Pts',(22.3077256292508,-0.998884731083077,-13.6909340758914));
#4332=CARTESIAN_POINT('Ctrl Pts',(22.3086542107042,-0.997769461647119,-13.692208984434));
#4333=CARTESIAN_POINT('Ctrl Pts',(22.4066498010108,-0.880263462920348,-13.8264194693462));
#4334=CARTESIAN_POINT('Ctrl Pts',(22.5206237348743,-0.763300755937323,-13.9480540570147));
#4335=CARTESIAN_POINT('Ctrl Pts',(22.7806511035577,-0.537801029580693,-14.163254762223));
#4336=CARTESIAN_POINT('Ctrl Pts',(22.9286852438424,-0.428014301006757,-14.2575887276603));
#4337=CARTESIAN_POINT('Ctrl Pts',(23.2534377179644,-0.233581132353211,-14.406422556371));
#4338=CARTESIAN_POINT('Ctrl Pts',(23.432108879736,-0.147385099854919,-14.4619664911099));
#4339=CARTESIAN_POINT('Ctrl Pts',(23.7992319580396,-0.029823843913479,-14.518151646912));
#4340=CARTESIAN_POINT('Ctrl Pts',(23.9717609997547,1.05652634474737E-15,
-14.5201717466283));
#4341=CARTESIAN_POINT('Ctrl Pts',(24.1338894729265,2.21177243187043E-15,
-14.5031313574407));
#4342=CARTESIAN_POINT('',(25.6970423646424,0.,-13.4410570160897));
#4343=CARTESIAN_POINT('Ctrl Pts',(18.5995735830292,-10.,-6.8857990244097));
#4344=CARTESIAN_POINT('Ctrl Pts',(18.3711309369804,-10.,-6.95720952290553));
#4345=CARTESIAN_POINT('Ctrl Pts',(18.1427466158742,-10.,-7.02855570530338));
#4346=CARTESIAN_POINT('Ctrl Pts',(16.312976684672,-10.,-7.60125995281382));
#4347=CARTESIAN_POINT('Ctrl Pts',(13.150522765225,-10.,-8.79789669910163));
#4348=CARTESIAN_POINT('Ctrl Pts',(9.45784386185318,-10.,-10.9002889136692));
#4349=CARTESIAN_POINT('Ctrl Pts',(6.83615388134998,-10.,-12.9396629713261));
#4350=CARTESIAN_POINT('Ctrl Pts',(3.51555969905745,-10.,-16.0296841316871));
#4351=CARTESIAN_POINT('Ctrl Pts',(1.83226478230627,-10.,-18.370986280462));
#4352=CARTESIAN_POINT('Ctrl Pts',(1.07810395415611,-10.,-19.426252988342));
#4353=CARTESIAN_POINT('Ctrl Pts',(0.939707786574308,-10.,-19.6218797653226));
#4354=CARTESIAN_POINT('Ctrl Pts',(0.80119970677435,-10.,-19.8170745748359));
#4355=CARTESIAN_POINT('Ctrl Pts',(18.6888425023791,-10.,-7.17137087414837));
#4356=CARTESIAN_POINT('Ctrl Pts',(18.4612445321357,-10.,-7.24250581470272));
#4357=CARTESIAN_POINT('Ctrl Pts',(18.2307455808565,-10.,-7.31454131500442));
#4358=CARTESIAN_POINT('Ctrl Pts',(16.413937632761,-10.,-7.88303102514162));
#4359=CARTESIAN_POINT('Ctrl Pts',(13.2759158976517,-10.,-9.07101344944405));
#4360=CARTESIAN_POINT('Ctrl Pts',(9.6226096531494,-10.,-11.1513020733042));
#4361=CARTESIAN_POINT('Ctrl Pts',(7.03060860166494,-10.,-13.1675894951062));
#4362=CARTESIAN_POINT('Ctrl Pts',(3.7434570397332,-10.,-16.2261891234212));
#4363=CARTESIAN_POINT('Ctrl Pts',(2.07172280204784,-10.,-18.5501638730181));
#4364=CARTESIAN_POINT('Ctrl Pts',(1.3228789505885,-10.,-19.5983953541993));
#4365=CARTESIAN_POINT('Ctrl Pts',(1.18320883016087,-10.,-19.7956887762219));
#4366=CARTESIAN_POINT('Ctrl Pts',(1.04520906218783,-10.,-19.9902209169739));
#4367=CARTESIAN_POINT('Ctrl Pts',(18.8433920221309,-9.74886850260708,-7.66577578632963));
#4368=CARTESIAN_POINT('Ctrl Pts',(18.6151861697183,-9.74886850260708,-7.73710903581877));
#4369=CARTESIAN_POINT('Ctrl Pts',(18.3838565079904,-9.74886850260708,-7.80938589594561));
#4370=CARTESIAN_POINT('Ctrl Pts',(16.5848565252581,-9.74886850260709,-8.37239199200067));
#4371=CARTESIAN_POINT('Ctrl Pts',(13.4948517777805,-9.74886850260708,-9.54279918174417));
#4372=CARTESIAN_POINT('Ctrl Pts',(9.90705110205029,-9.74886850260709,-11.5864872989278));
#4373=CARTESIAN_POINT('Ctrl Pts',(7.36767939575338,-9.74886850260708,-13.5616376160333));
#4374=CARTESIAN_POINT('Ctrl Pts',(4.13593018073883,-9.74886850260709,-16.5691212466786));
#4375=CARTESIAN_POINT('Ctrl Pts',(2.49199230980263,-9.74886850260709,-18.852757900469));
#4376=CARTESIAN_POINT('Ctrl Pts',(1.74508499486497,-9.74886850260708,-19.8984930082507));
#4377=CARTESIAN_POINT('Ctrl Pts',(1.60602322886117,-9.74886850260709,-20.0949767256632));
#4378=CARTESIAN_POINT('Ctrl Pts',(1.46765764752635,-9.74886850260708,-20.2899857647962));
#4379=CARTESIAN_POINT('Ctrl Pts',(18.8979329683885,-9.22439947525641,-7.84025262577961));
#4380=CARTESIAN_POINT('Ctrl Pts',(18.6694903223398,-9.22439947525641,-7.91166312427544));
#4381=CARTESIAN_POINT('Ctrl Pts',(18.4378979471418,-9.22439947525641,-7.98401491951737));
#4382=CARTESIAN_POINT('Ctrl Pts',(16.6451326067204,-9.22439947525642,-8.54510533551092));
#4383=CARTESIAN_POINT('Ctrl Pts',(13.5721346955409,-9.22439947525641,-9.7092822922584));
#4384=CARTESIAN_POINT('Ctrl Pts',(10.0074225038551,-9.22439947525641,-11.7400719234867));
#4385=CARTESIAN_POINT('Ctrl Pts',(7.4866370627397,-9.22439947525641,-13.7006922833888));
#4386=CARTESIAN_POINT('Ctrl Pts',(4.27441263433909,-9.22439947525642,-16.6901722607468));
#4387=CARTESIAN_POINT('Ctrl Pts',(2.64036788593735,-9.22439947525641,-18.959462265318));
#4388=CARTESIAN_POINT('Ctrl Pts',(1.8940657889455,-9.22439947525641,-20.0044205654207));
#4389=CARTESIAN_POINT('Ctrl Pts',(1.75524898314347,-9.22439947525642,-20.2005787861431));
#4390=CARTESIAN_POINT('Ctrl Pts',(1.61674090334351,-9.22439947525641,-20.3957735956563));
#4391=CARTESIAN_POINT('Ctrl Pts',(18.8979329683885,-9.,-7.84025262577961));
#4392=CARTESIAN_POINT('Ctrl Pts',(18.6694903223398,-9.,-7.91166312427544));
#4393=CARTESIAN_POINT('Ctrl Pts',(18.4378979471418,-9.,-7.98401491951737));
#4394=CARTESIAN_POINT('Ctrl Pts',(16.6451326067204,-9.00000000000001,-8.54510533551092));
#4395=CARTESIAN_POINT('Ctrl Pts',(13.5721346955409,-9.,-9.7092822922584));
#4396=CARTESIAN_POINT('Ctrl Pts',(10.0074225038551,-9.,-11.7400719234867));
#4397=CARTESIAN_POINT('Ctrl Pts',(7.4866370627397,-9.,-13.7006922833888));
#4398=CARTESIAN_POINT('Ctrl Pts',(4.27441263433909,-9.00000000000001,-16.6901722607468));
#4399=CARTESIAN_POINT('Ctrl Pts',(2.64036788593735,-9.,-18.959462265318));
#4400=CARTESIAN_POINT('Ctrl Pts',(1.8940657889455,-9.,-20.0044205654207));
#4401=CARTESIAN_POINT('Ctrl Pts',(1.75524898314347,-9.,-20.2005787861431));
#4402=CARTESIAN_POINT('Ctrl Pts',(1.61674090334351,-9.,-20.3957735956563));
#4403=CARTESIAN_POINT('',(2.03226514163751,-9.,-19.8101891709893));
#4404=CARTESIAN_POINT('Ctrl Pts',(0.801199706774349,-10.,-19.8170745748359));
#4405=CARTESIAN_POINT('Ctrl Pts',(0.803033908152213,-10.,-19.8170643160601));
#4406=CARTESIAN_POINT('Ctrl Pts',(0.804868110356513,-9.9999966701627,-19.8170540572798));
#4407=CARTESIAN_POINT('Ctrl Pts',(0.969660529789269,-9.99939833204139,-19.8161323654122));
#4408=CARTESIAN_POINT('Ctrl Pts',(1.13304145826184,-9.97252092891452,-19.8152185680872));
#4409=CARTESIAN_POINT('Ctrl Pts',(1.43136163657938,-9.86851570412518,-19.8135500490965));
#4410=CARTESIAN_POINT('Ctrl Pts',(1.56785925424325,-9.79424886660214,-19.8127866114084));
#4411=CARTESIAN_POINT('Ctrl Pts',(1.78019393549415,-9.61639559650263,-19.8115990134054));
#4412=CARTESIAN_POINT('Ctrl Pts',(1.86181485521755,-9.5214144820694,-19.8111425037314));
#4413=CARTESIAN_POINT('Ctrl Pts',(1.97531037650028,-9.31821593813124,-19.8105077178635));
#4414=CARTESIAN_POINT('Ctrl Pts',(2.01078756341112,-9.21522639074171,-19.8103092922425));
#4415=CARTESIAN_POINT('Ctrl Pts',(2.02987532778651,-9.07186995273636,-19.8102025334656));
#4416=CARTESIAN_POINT('Ctrl Pts',(2.03226514274339,-9.03597482829106,-19.8101891671166));
#4417=CARTESIAN_POINT('Ctrl Pts',(2.03226514274339,-9.,-19.8101891671166));
#4418=CARTESIAN_POINT('Ctrl Pts',(2.03260909499436,-9.,-19.8104348255856));
#4419=CARTESIAN_POINT('Ctrl Pts',(2.64199913059687,-9.,-18.9571971693736));
#4420=CARTESIAN_POINT('Ctrl Pts',(4.2757485549252,-9.00000000000001,-16.6889289765577));
#4421=CARTESIAN_POINT('Ctrl Pts',(7.4866370627397,-9.,-13.7006922833888));
#4422=CARTESIAN_POINT('Ctrl Pts',(10.0074225038551,-9.,-11.7400719234867));
#4423=CARTESIAN_POINT('Ctrl Pts',(13.5717260876621,-9.,-9.70951507308302));
#4424=CARTESIAN_POINT('Ctrl Pts',(16.6442519993849,-9.,-8.54543895666335));
#4425=CARTESIAN_POINT('Ctrl Pts',(18.2126169561127,-9.,-8.05452222285523));
#4426=CARTESIAN_POINT('Origin',(14.1718582052143,-1.,-0.791571629393208));
#4427=CARTESIAN_POINT('',(18.2126050557429,-1.,-8.05448412218573));
#4428=CARTESIAN_POINT('',(13.3628412108394,-1.,-1.37935688168568));
#4429=CARTESIAN_POINT('Ctrl Pts',(18.2126050302423,-1.,-8.0544841212671));
#4430=CARTESIAN_POINT('Ctrl Pts',(18.2126050302423,-0.89308329592233,-8.0544841212671));
#4431=CARTESIAN_POINT('Ctrl Pts',(18.2192345510782,-0.788167739187656,-8.03446228191291));
#4432=CARTESIAN_POINT('Ctrl Pts',(18.2455597797643,-0.580321034389386,-7.95495736551795));
#4433=CARTESIAN_POINT('Ctrl Pts',(18.2659858649769,-0.481881375525065,-7.89326847514639));
#4434=CARTESIAN_POINT('Ctrl Pts',(18.3215366660664,-0.292413225375315,-7.72549930440113));
#4435=CARTESIAN_POINT('Ctrl Pts',(18.358351465953,-0.208731849747479,-7.61431479456466));
#4436=CARTESIAN_POINT('Ctrl Pts',(18.4288549990286,-0.0978640944013881,
-7.40138682460992));
#4437=CARTESIAN_POINT('Ctrl Pts',(18.4611709422349,-0.0619219832046461,
-7.30378933007427));
#4438=CARTESIAN_POINT('Ctrl Pts',(18.5281993469597,-0.0129471936967638,
-7.10135660756016));
#4439=CARTESIAN_POINT('Ctrl Pts',(18.5630420295852,-0.000411964035224585,
-6.99612809835763));
#4440=CARTESIAN_POINT('Ctrl Pts',(18.598420521611,-3.32954283893918E-6,
-6.88928138928261));
#4441=CARTESIAN_POINT('Ctrl Pts',(18.5989970524499,5.91722564566591E-19,
-6.88754020645404));
#4442=CARTESIAN_POINT('Ctrl Pts',(18.5995735830292,0.,-6.8857990244097));
#4443=CARTESIAN_POINT('Origin',(-0.687589409572124,-1.,-17.7679321517024));
#4444=CARTESIAN_POINT('',(2.03226514274339,-1.,-19.8101891671166));
#4445=CARTESIAN_POINT('',(6.12645867014236,-1.,-25.4453631171386));
#4446=CARTESIAN_POINT('',(0.121427584802823,-1.,-17.1801468994099));
#4447=CARTESIAN_POINT('Ctrl Pts',(6.12645867014236,-1.,-25.4453631171386));
#4448=CARTESIAN_POINT('Ctrl Pts',(6.12768997871377,-0.998518733436787,-25.4470578679948));
#4449=CARTESIAN_POINT('Ctrl Pts',(6.12891862564061,-0.997037465655589,-25.4487545547796));
#4450=CARTESIAN_POINT('Ctrl Pts',(6.23190447281209,-0.87260760142972,-25.5914431407153));
#4451=CARTESIAN_POINT('Ctrl Pts',(6.31586264910272,-0.748993934041832,-25.7465134396777));
#4452=CARTESIAN_POINT('Ctrl Pts',(6.43816483159124,-0.520033514580421,-26.0693141856996));
#4453=CARTESIAN_POINT('Ctrl Pts',(6.47935100912474,-0.412682204604497,-26.2377698401736));
#4454=CARTESIAN_POINT('Ctrl Pts',(6.51866880425148,-0.208844519170667,-26.615587454731));
#4455=CARTESIAN_POINT('Ctrl Pts',(6.50833633789824,-0.123929540738671,-26.8130953756722));
#4456=CARTESIAN_POINT('Ctrl Pts',(6.44374084637018,-0.0264270678221279,
-27.1469518413908));
#4457=CARTESIAN_POINT('Ctrl Pts',(6.39824055462337,-2.49634015716103E-16,
-27.2935243456875));
#4458=CARTESIAN_POINT('Ctrl Pts',(6.33551559667767,-1.23165366794353E-15,
-27.4344069078752));
#4459=CARTESIAN_POINT('Ctrl Pts',(0.801199706774351,0.,-19.8170745748359));
#4460=CARTESIAN_POINT('Ctrl Pts',(0.803034764225449,-6.53013956316328E-18,
-19.817064311272));
#4461=CARTESIAN_POINT('Ctrl Pts',(0.804869822503966,-3.33294628176732E-6,
-19.8170540477036));
#4462=CARTESIAN_POINT('Ctrl Pts',(0.91740920203883,-0.000412138336324162,
-19.8164246095836));
#4463=CARTESIAN_POINT('Ctrl Pts',(1.02824300547156,-0.0129450402326945,
-19.8158047108337));
#4464=CARTESIAN_POINT('Ctrl Pts',(1.2414511027589,-0.0619081695544264,-19.8146122277731));
#4465=CARTESIAN_POINT('Ctrl Pts',(1.34423998502902,-0.0978390435488244,
-19.8140373246504));
#4466=CARTESIAN_POINT('Ctrl Pts',(1.56854067281726,-0.20869084079864,-19.8127828002018));
#4467=CARTESIAN_POINT('Ctrl Pts',(1.68568102713979,-0.292377718298838,-19.8121276293326));
#4468=CARTESIAN_POINT('Ctrl Pts',(1.86243088910674,-0.48186150213834,-19.8111390588033));
#4469=CARTESIAN_POINT('Ctrl Pts',(1.9274199160318,-0.580307800004483,-19.8107755715351));
#4470=CARTESIAN_POINT('Ctrl Pts',(2.01117391823929,-0.788164335779964,-19.8103071314004));
#4471=CARTESIAN_POINT('Ctrl Pts',(2.03226514274339,-0.893081546635557,-19.8101891671166));
#4472=CARTESIAN_POINT('Ctrl Pts',(2.03226514274339,-1.,-19.8101891671166));
#4473=CARTESIAN_POINT('Origin',(4.50842468139247,0.,-26.6209336217236));
#4474=CARTESIAN_POINT('',(6.12645867014236,-9.,-25.4453631171386));
#4475=CARTESIAN_POINT('',(6.12645867014236,0.,-25.4453631171386));
#4476=CARTESIAN_POINT('Ctrl Pts',(6.12645867014236,-9.,-25.4453631171386));
#4477=CARTESIAN_POINT('Ctrl Pts',(6.12738574175169,-9.00111526891674,-25.4466391217407));
#4478=CARTESIAN_POINT('Ctrl Pts',(6.12831130438041,-9.00223053835316,-25.4479162235907));
#4479=CARTESIAN_POINT('Ctrl Pts',(6.22567075780846,-9.11973653708378,-25.5825888889478));
#4480=CARTESIAN_POINT('Ctrl Pts',(6.30613224256197,-9.2366992440645,-25.728571696164));
#4481=CARTESIAN_POINT('Ctrl Pts',(6.43044739963496,-9.46219897041957,-26.0423730946742));
#4482=CARTESIAN_POINT('Ctrl Pts',(6.47441926707628,-9.57198569899337,-26.2123127268928));
#4483=CARTESIAN_POINT('Ctrl Pts',(6.51561461624768,-9.7664188676468,-26.5671628659988));
#4484=CARTESIAN_POINT('Ctrl Pts',(6.51322761192972,-9.85261490014509,-26.7542532584444));
#4485=CARTESIAN_POINT('Ctrl Pts',(6.45321560025135,-9.97017615608642,-27.1207702223216));
#4486=CARTESIAN_POINT('Ctrl Pts',(6.40182242333692,-10.,-27.2854793368376));
#4487=CARTESIAN_POINT('Ctrl Pts',(6.33551559667767,-10.,-27.4344069078752));
#4488=CARTESIAN_POINT('Ctrl Pts',(0.801199706774349,0.,-19.8170745748359));
#4489=CARTESIAN_POINT('Ctrl Pts',(0.939707786574308,0.,-19.6218797653226));
#4490=CARTESIAN_POINT('Ctrl Pts',(1.07852858506296,0.,-19.4265252045144));
#4491=CARTESIAN_POINT('Ctrl Pts',(3.15021908620117,0.,-16.5002326237914));
#4492=CARTESIAN_POINT('Ctrl Pts',(6.06063244770778,0.,-13.2994459300717));
#4493=CARTESIAN_POINT('Ctrl Pts',(10.195374494863,0.,-10.4994612679073));
#4494=CARTESIAN_POINT('Ctrl Pts',(14.1570715552369,0.,-8.29786899266283));
#4495=CARTESIAN_POINT('Ctrl Pts',(16.9066215775737,0.,-7.41931611579594));
#4496=CARTESIAN_POINT('Ctrl Pts',(18.1422004833082,0.,-7.02840324035544));
#4497=CARTESIAN_POINT('Ctrl Pts',(18.3711309369804,0.,-6.95720952290553));
#4498=CARTESIAN_POINT('Ctrl Pts',(18.5995735830292,0.,-6.8857990244097));
#4499=CARTESIAN_POINT('Ctrl Pts',(1.04520906218783,-9.26271720550457E-16,
-19.9902209169739));
#4500=CARTESIAN_POINT('Ctrl Pts',(1.18329165706037,-8.27185800611331E-16,
-19.7956630269345));
#4501=CARTESIAN_POINT('Ctrl Pts',(1.32320347995808,-3.68213728608626E-16,
-19.5986918255405));
#4502=CARTESIAN_POINT('Ctrl Pts',(3.38138288629319,2.32857539803335E-16,
-16.6918122572963));
#4503=CARTESIAN_POINT('Ctrl Pts',(6.26466394714174,-7.22495932842399E-17,
-13.5226361267775));
#4504=CARTESIAN_POINT('Ctrl Pts',(10.3519045009217,-5.40004088632098E-18,
-10.7549544384443));
#4505=CARTESIAN_POINT('Ctrl Pts',(14.2737178034061,1.20960272747758E-16,
-8.5751871386342));
#4506=CARTESIAN_POINT('Ctrl Pts',(17.0029106685994,-2.93351760398052E-16,
-7.70252240267198));
#4507=CARTESIAN_POINT('Ctrl Pts',(18.2303063558951,4.44236411907251E-16,
-7.31436997782182));
#4508=CARTESIAN_POINT('Ctrl Pts',(18.4611654733531,-3.52651872900197E-16,
-7.24252031985415));
#4509=CARTESIAN_POINT('Ctrl Pts',(18.6888425023791,2.37663246946431E-16,
-7.17137087414837));
#4510=CARTESIAN_POINT('Ctrl Pts',(1.46770448604717,-0.251083631400893,-20.290019000893));
#4511=CARTESIAN_POINT('Ctrl Pts',(1.60611867236698,-0.251083631400893,-20.0949647429766));
#4512=CARTESIAN_POINT('Ctrl Pts',(1.74666305981702,-0.251083631400892,-19.8971529277314));
#4513=CARTESIAN_POINT('Ctrl Pts',(3.78316433380994,-0.251083631400891,-17.0207839651458));
#4514=CARTESIAN_POINT('Ctrl Pts',(6.6175760720626,-0.251083631400892,-13.9101908445549));
#4515=CARTESIAN_POINT('Ctrl Pts',(10.6226539181084,-0.251083631400892,-11.1971616652099));
#4516=CARTESIAN_POINT('Ctrl Pts',(14.4786050842971,-0.251083631400891,-9.0546809237173));
#4517=CARTESIAN_POINT('Ctrl Pts',(17.1614056103628,-0.251083631400892,-8.19549606390319));
#4518=CARTESIAN_POINT('Ctrl Pts',(18.3852381167614,-0.251083631400891,-7.80872715684636));
#4519=CARTESIAN_POINT('Ctrl Pts',(18.6151354633952,-0.251083631400892,-7.73718349384942));
#4520=CARTESIAN_POINT('Ctrl Pts',(18.8434091576384,-0.251083631400891,-7.66583060292881));
#4521=CARTESIAN_POINT('Ctrl Pts',(1.61674090334351,-0.775600524743587,-20.3957735956563));
#4522=CARTESIAN_POINT('Ctrl Pts',(1.75524898314347,-0.775600524743587,-20.2005787861431));
#4523=CARTESIAN_POINT('Ctrl Pts',(1.89604365121129,-0.775600524743586,-20.0024281356643));
#4524=CARTESIAN_POINT('Ctrl Pts',(3.92486083867094,-0.775600524743587,-17.1368888890182));
#4525=CARTESIAN_POINT('Ctrl Pts',(6.74207462591111,-0.775600524743586,-14.0468779180928));
#4526=CARTESIAN_POINT('Ctrl Pts',(10.7181675199455,-0.775600524743587,-11.3531551925316));
#4527=CARTESIAN_POINT('Ctrl Pts',(14.5508166121873,-0.775600524743587,-9.22383824703137));
#4528=CARTESIAN_POINT('Ctrl Pts',(17.217492843768,-0.775600524743586,-8.369337497679));
#4529=CARTESIAN_POINT('Ctrl Pts',(18.4398393335476,-0.775600524743586,-7.98312998943756));
#4530=CARTESIAN_POINT('Ctrl Pts',(18.6694903223398,-0.775600524743586,-7.91166312427544));
#4531=CARTESIAN_POINT('Ctrl Pts',(18.8979329683885,-0.775600524743586,-7.84025262577961));
#4532=CARTESIAN_POINT('Ctrl Pts',(1.61674090334351,-1.,-20.3957735956563));
#4533=CARTESIAN_POINT('Ctrl Pts',(1.75524898314347,-1.,-20.2005787861431));
#4534=CARTESIAN_POINT('Ctrl Pts',(1.89604365121129,-1.,-20.0024281356643));
#4535=CARTESIAN_POINT('Ctrl Pts',(3.92486083867094,-1.,-17.1368888890182));
#4536=CARTESIAN_POINT('Ctrl Pts',(6.74207462591111,-1.,-14.0468779180928));
#4537=CARTESIAN_POINT('Ctrl Pts',(10.7181675199455,-1.,-11.3531551925316));
#4538=CARTESIAN_POINT('Ctrl Pts',(14.5508166121873,-1.,-9.22383824703137));
#4539=CARTESIAN_POINT('Ctrl Pts',(17.217492843768,-1.,-8.369337497679));
#4540=CARTESIAN_POINT('Ctrl Pts',(18.4398393335476,-1.,-7.98312998943756));
#4541=CARTESIAN_POINT('Ctrl Pts',(18.6694903223398,-1.,-7.91166312427544));
#4542=CARTESIAN_POINT('Ctrl Pts',(18.8979329683885,-1.,-7.84025262577961));
#4543=CARTESIAN_POINT('Ctrl Pts',(18.2127320020797,-1.,-8.05488589014764));
#4544=CARTESIAN_POINT('Ctrl Pts',(17.2145586082568,-1.,-8.37027796151255));
#4545=CARTESIAN_POINT('Ctrl Pts',(14.549059542936,-1.,-9.22481442753758));
#4546=CARTESIAN_POINT('Ctrl Pts',(10.7181675199455,-1.,-11.3531551925316));
#4547=CARTESIAN_POINT('Ctrl Pts',(6.7425390798989,-1.,-14.0465632598856));
#4548=CARTESIAN_POINT('Ctrl Pts',(3.92565064858642,-1.,-17.1360226273237));
#4549=CARTESIAN_POINT('Ctrl Pts',(2.03218839478992,-1.,-19.8101348253302));
#4550=CARTESIAN_POINT('Origin',(-0.687589409572124,-9.,-17.7679321517024));
#4551=CARTESIAN_POINT('',(0.121427584802823,-9.,-17.1801468994099));
#4552=CARTESIAN_POINT('Origin',(7.91011766566812,0.,-27.900359110866));
#4553=CARTESIAN_POINT('',(2.03226514274339,0.,-19.8101891671166));
#4554=CARTESIAN_POINT('',(4.97119140420576,-3.25,-23.8552741389913));
#4555=CARTESIAN_POINT('Origin',(4.97119140420575,-5.,-23.8552741389913));
#4556=CARTESIAN_POINT('Ctrl Pts',(-9.14547287476901,93.5607290767151,-35.562601923604));
#4557=CARTESIAN_POINT('Ctrl Pts',(-9.14547287476901,-103.560729076715,-35.562601923604));
#4558=CARTESIAN_POINT('Ctrl Pts',(-6.90992527126654,93.5607290767151,-32.4121193723065));
#4559=CARTESIAN_POINT('Ctrl Pts',(-6.90992527126654,-103.560729076715,-32.4121193723065));
#4560=CARTESIAN_POINT('Ctrl Pts',(-4.67437766776406,93.5607290767151,-29.261636821009));
#4561=CARTESIAN_POINT('Ctrl Pts',(-4.67437766776406,-103.560729076715,-29.261636821009));
#4562=CARTESIAN_POINT('Ctrl Pts',(-2.43883006426157,93.5607290767151,-26.1111542697115));
#4563=CARTESIAN_POINT('Ctrl Pts',(-2.43883006426157,-103.560729076715,-26.1111542697115));
#4564=CARTESIAN_POINT('Ctrl Pts',(-0.203282460759091,93.5607290767151,-22.9606717184141));
#4565=CARTESIAN_POINT('Ctrl Pts',(-0.203282460759091,-103.560729076715,
-22.9606717184141));
#4566=CARTESIAN_POINT('Ctrl Pts',(2.03226514274339,93.5607290767151,-19.8101891671166));
#4567=CARTESIAN_POINT('Ctrl Pts',(2.03226514274339,-103.560729076715,-19.8101891671166));
#4568=CARTESIAN_POINT('Ctrl Pts',(2.27656037373143,93.5607290767151,-19.4659120596252));
#4569=CARTESIAN_POINT('Ctrl Pts',(2.27656037373143,-103.560729076715,-19.4659120596252));
#4570=CARTESIAN_POINT('Ctrl Pts',(2.77207707703815,93.5607290767151,-18.7868909979866));
#4571=CARTESIAN_POINT('Ctrl Pts',(2.77207707703815,-103.560729076715,-18.7868909979866));
#4572=CARTESIAN_POINT('Ctrl Pts',(3.53613021920388,93.5607290767151,-17.7969579890996));
#4573=CARTESIAN_POINT('Ctrl Pts',(3.53613021920388,-103.560729076715,-17.7969579890996));
#4574=CARTESIAN_POINT('Ctrl Pts',(4.59711309895198,93.5607290767151,-16.5351930559887));
#4575=CARTESIAN_POINT('Ctrl Pts',(4.59711309895198,-103.560729076715,-16.5351930559887));
#4576=CARTESIAN_POINT('Ctrl Pts',(5.99852911660547,93.5607290767151,-15.0614734923367));
#4577=CARTESIAN_POINT('Ctrl Pts',(5.99852911660547,-103.560729076715,-15.0614734923367));
#4578=CARTESIAN_POINT('Ctrl Pts',(7.48185198019554,93.5607290767151,-13.7004890305933));
#4579=CARTESIAN_POINT('Ctrl Pts',(7.48185198019554,-103.560729076715,-13.7004890305933));
#4580=CARTESIAN_POINT('Ctrl Pts',(9.05376591131179,93.5607290767151,-12.4614397125077));
#4581=CARTESIAN_POINT('Ctrl Pts',(9.05376591131179,-103.560729076715,-12.4614397125077));
#4582=CARTESIAN_POINT('Ctrl Pts',(10.7179199576879,93.5607290767151,-11.3493480214082));
#4583=CARTESIAN_POINT('Ctrl Pts',(10.7179199576879,-103.560729076715,-11.3493480214082));
#4584=CARTESIAN_POINT('Ctrl Pts',(12.4706650715921,93.5607290767151,-10.3591914739702));
#4585=CARTESIAN_POINT('Ctrl Pts',(12.4706650715921,-103.560729076715,-10.3591914739702));
#4586=CARTESIAN_POINT('Ctrl Pts',(14.3053170314364,93.5607290767151,-9.48177002844832));
#4587=CARTESIAN_POINT('Ctrl Pts',(14.3053170314364,-103.560729076715,-9.48177002844832));
#4588=CARTESIAN_POINT('Ctrl Pts',(15.8331885336908,93.5607290767151,-8.86262215422881));
#4589=CARTESIAN_POINT('Ctrl Pts',(15.8331885336908,-103.560729076715,-8.86262215422881));
#4590=CARTESIAN_POINT('Ctrl Pts',(17.0107761780299,93.5607290767151,-8.44187055762395));
#4591=CARTESIAN_POINT('Ctrl Pts',(17.0107761780299,-103.560729076715,-8.44187055762395));
#4592=CARTESIAN_POINT('Ctrl Pts',(17.8096866657278,93.5607290767151,-8.18043521560424));
#4593=CARTESIAN_POINT('Ctrl Pts',(17.8096866657278,-103.560729076715,-8.18043521560424));
#4594=CARTESIAN_POINT('Ctrl Pts',(18.2126050302423,93.5607290767151,-8.0544841212671));
#4595=CARTESIAN_POINT('Ctrl Pts',(18.2126050302423,-103.560729076715,-8.0544841212671));
#4596=CARTESIAN_POINT('Ctrl Pts',(21.8997141912144,93.5607290767151,-6.90190465439564));
#4597=CARTESIAN_POINT('Ctrl Pts',(21.8997141912144,-103.560729076715,-6.90190465439564));
#4598=CARTESIAN_POINT('Ctrl Pts',(25.5868233521865,93.5607290767151,-5.74932518752418));
#4599=CARTESIAN_POINT('Ctrl Pts',(25.5868233521865,-103.560729076715,-5.74932518752418));
#4600=CARTESIAN_POINT('Ctrl Pts',(29.2739325131586,93.5607290767151,-4.59674572065272));
#4601=CARTESIAN_POINT('Ctrl Pts',(29.2739325131586,-103.560729076715,-4.59674572065272));
#4602=CARTESIAN_POINT('Ctrl Pts',(32.9610416741307,93.5607290767151,-3.44416625378126));
#4603=CARTESIAN_POINT('Ctrl Pts',(32.9610416741307,-103.560729076715,-3.44416625378126));
#4604=CARTESIAN_POINT('Ctrl Pts',(36.6481508351027,93.5607290767151,-2.2915867869098));
#4605=CARTESIAN_POINT('Ctrl Pts',(36.6481508351027,-103.560729076715,-2.2915867869098));
#4606=CARTESIAN_POINT('',(18.2126050302423,0.,-8.0544841212671));
#4607=CARTESIAN_POINT('Origin',(0.,0.,0.));
#4608=CARTESIAN_POINT('',(28.6897990674485,0.,-4.23029898109252));
#4609=CARTESIAN_POINT('Origin',(18.2126050302423,0.,-8.0544841212671));
#4610=CARTESIAN_POINT('',(21.1515312917047,-6.75,-12.0995690931418));
#4611=CARTESIAN_POINT('Origin',(21.1515312917047,-5.,-12.0995690931418));
#4612=CARTESIAN_POINT('Origin',(22.5673110318609,-5.,-11.07094490163));
#4613=CARTESIAN_POINT('',(23.983090772017,-6.75,-10.0423207101182));
#4614=CARTESIAN_POINT('',(22.5673110318609,-6.75,-11.07094490163));
#4615=CARTESIAN_POINT('Origin',(23.983090772017,-5.,-10.0423207101182));
#4616=CARTESIAN_POINT('Origin',(23.983090772017,-5.,-10.0423207101182));
#4617=CARTESIAN_POINT('Origin',(3.5554116640496,-5.,-24.8838983305031));
#4618=CARTESIAN_POINT('',(2.13963192389343,-3.25,-25.912522522015));
#4619=CARTESIAN_POINT('',(3.5554116640496,-3.25,-24.8838983305031));
#4620=CARTESIAN_POINT('Origin',(2.13963192389344,-5.,-25.912522522015));
#4621=CARTESIAN_POINT('Origin',(2.13963192389344,-5.,-25.912522522015));
#4622=CARTESIAN_POINT('Origin',(4.65934948292252,-9.,13.0799988852551));
#4623=CARTESIAN_POINT('',(13.2882740751105,-9.,14.8322442183272));
#4624=CARTESIAN_POINT('',(19.9128183589618,-9.,16.9846891347176));
#4625=CARTESIAN_POINT('',(4.96836647729747,-9.,12.1289423689599));
#4626=CARTESIAN_POINT('Ctrl Pts',(19.9128183589618,-9.,16.9846891347176));
#4627=CARTESIAN_POINT('Ctrl Pts',(19.9148083427839,-9.00147954514893,16.9853357196566));
#4628=CARTESIAN_POINT('Ctrl Pts',(19.9167973135583,-9.00295909151389,16.9859854279975));
#4629=CARTESIAN_POINT('Ctrl Pts',(20.0839974509009,-9.12739817936077,17.0408928149789));
#4630=CARTESIAN_POINT('Ctrl Pts',(20.2430829959373,-9.25102304496874,17.1170060913631));
#4631=CARTESIAN_POINT('Ctrl Pts',(20.5318109624077,-9.48002060290337,17.3063083360997));
#4632=CARTESIAN_POINT('Ctrl Pts',(20.6641771143755,-9.58739723836065,17.4184200957043));
#4633=CARTESIAN_POINT('Ctrl Pts',(20.9180401533454,-9.79121592835904,17.7009973183865));
#4634=CARTESIAN_POINT('Ctrl Pts',(21.0257409475852,-9.87610265146489,17.8668283163251));
#4635=CARTESIAN_POINT('Ctrl Pts',(21.1696855800544,-9.973579166028,18.1748441189744));
#4636=CARTESIAN_POINT('Ctrl Pts',(21.2190202669879,-10.,18.3201516155312));
#4637=CARTESIAN_POINT('Ctrl Pts',(21.2510795716795,-10.,18.4709787856724));
#4638=CARTESIAN_POINT('Ctrl Pts',(12.296368357347,-10.,15.561416738058));
#4639=CARTESIAN_POINT('Ctrl Pts',(12.2978469259395,-10.,15.5603298085577));
#4640=CARTESIAN_POINT('Ctrl Pts',(12.2993254951986,-9.99999666701449,15.5592428785675));
#4641=CARTESIAN_POINT('Ctrl Pts',(12.3900016950947,-9.99958785965275,15.4925847355849));
#4642=CARTESIAN_POINT('Ctrl Pts',(12.4793036527375,-9.98705498440074,15.4269368294349));
#4643=CARTESIAN_POINT('Ctrl Pts',(12.6510914274478,-9.93809198874914,15.3006517175526));
#4644=CARTESIAN_POINT('Ctrl Pts',(12.7339112935607,-9.9021612437503,15.2397689447488));
#4645=CARTESIAN_POINT('Ctrl Pts',(12.9146370392695,-9.79130962940962,15.1069133264993));
#4646=CARTESIAN_POINT('Ctrl Pts',(13.0090206733475,-9.7076226882445,15.0375297649758));
#4647=CARTESIAN_POINT('Ctrl Pts',(13.1514334866304,-9.51813872391132,14.9328388571714));
#4648=CARTESIAN_POINT('Ctrl Pts',(13.2037971297164,-9.41969234945447,14.894345147989));
#4649=CARTESIAN_POINT('Ctrl Pts',(13.2712802476765,-9.21183570127411,14.8447367685973));
#4650=CARTESIAN_POINT('Ctrl Pts',(13.2882740751105,-9.10691847240948,14.8322442183272));
#4651=CARTESIAN_POINT('Ctrl Pts',(13.2882740751105,-9.,14.8322442183272));
#4652=CARTESIAN_POINT('Origin',(19.2947843702119,0.,18.8868021673079));
#4653=CARTESIAN_POINT('',(19.9128183589618,-1.,16.9846891347176));
#4654=CARTESIAN_POINT('',(19.9128183589618,0.,16.9846891347176));
#4655=CARTESIAN_POINT('Ctrl Pts',(19.9128183589618,-1.,16.9846891347176));
#4656=CARTESIAN_POINT('Ctrl Pts',(19.9143183923357,-0.998884731083244,16.9851765251058));
#4657=CARTESIAN_POINT('Ctrl Pts',(19.9158178498634,-0.997769461646551,16.9856656901423));
#4658=CARTESIAN_POINT('Ctrl Pts',(20.0737419088751,-0.88026346291981,17.0373917142112));
#4659=CARTESIAN_POINT('Ctrl Pts',(20.2246431585612,-0.763300755937086,17.1082002120057));
#4660=CARTESIAN_POINT('Ctrl Pts',(20.5096640674865,-0.537801029580578,17.2890002602962));
#4661=CARTESIAN_POINT('Ctrl Pts',(20.6451260651191,-0.428014301006699,17.4006382955813));
#4662=CARTESIAN_POINT('Ctrl Pts',(20.8870294812285,-0.233581132353202,17.6635040698684));
#4663=CARTESIAN_POINT('Ctrl Pts',(20.9950673276948,-0.147385099854913,17.8162664227764));
#4664=CARTESIAN_POINT('Ctrl Pts',(21.1619498564624,-0.0298238439135548,
18.1480590507048));
#4665=CARTESIAN_POINT('Ctrl Pts',(21.2171854913743,1.60819927833362E-16,
18.3115196749354));
#4666=CARTESIAN_POINT('Ctrl Pts',(21.2510795716795,-3.64291929955129E-16,
18.4709787856724));
#4667=CARTESIAN_POINT('',(20.7240276568943,0.,20.2858245500714));
#4668=CARTESIAN_POINT('Ctrl Pts',(12.296368357347,-10.,15.5614167380581));
#4669=CARTESIAN_POINT('Ctrl Pts',(12.2936911174043,-10.,15.3220878133217));
#4670=CARTESIAN_POINT('Ctrl Pts',(12.2909566752017,-10.,15.082849798876));
#4671=CARTESIAN_POINT('Ctrl Pts',(12.2704056768683,-9.99999999999999,13.1654509723781));
#4672=CARTESIAN_POINT('Ctrl Pts',(12.4297946475659,-10.,9.78959305053428));
#4673=CARTESIAN_POINT('Ctrl Pts',(13.2896246728894,-10.,5.6260657301872));
#4674=CARTESIAN_POINT('Ctrl Pts',(14.4188238585412,-10.,2.50332772559815));
#4675=CARTESIAN_POINT('Ctrl Pts',(16.3319818197743,-10.,-1.60984006279855));
#4676=CARTESIAN_POINT('Ctrl Pts',(18.0378721418599,-10.,-3.93437322299521));
#4677=CARTESIAN_POINT('Ctrl Pts',(18.8086376935922,-10.,-4.97770117078508));
#4678=CARTESIAN_POINT('Ctrl Pts',(18.951902288568,-10.,-5.16977909523181));
#4679=CARTESIAN_POINT('Ctrl Pts',(19.0947422335862,-10.,-5.36182662043847));
#4680=CARTESIAN_POINT('Ctrl Pts',(12.5955489390601,-10.,15.5580699708241));
#4681=CARTESIAN_POINT('Ctrl Pts',(12.5928691221595,-10.,15.3196350049656));
#4682=CARTESIAN_POINT('Ctrl Pts',(12.5901402360369,-10.,15.0781604715483));
#4683=CARTESIAN_POINT('Ctrl Pts',(12.5695731326722,-9.99999999999999,13.174440880132));
#4684=CARTESIAN_POINT('Ctrl Pts',(12.7282705136343,-10.,9.82451904515411));
#4685=CARTESIAN_POINT('Ctrl Pts',(13.5793131232305,-10.,5.70507449127843));
#4686=CARTESIAN_POINT('Ctrl Pts',(14.6956581249534,-10.,2.6179097153932));
#4687=CARTESIAN_POINT('Ctrl Pts',(16.5893183187066,-10.,-1.45389059211049));
#4688=CARTESIAN_POINT('Ctrl Pts',(18.2822619904355,-10.,-3.76196341062319));
#4689=CARTESIAN_POINT('Ctrl Pts',(19.047997773967,-10.,-4.7981103319279));
#4690=CARTESIAN_POINT('Ctrl Pts',(19.1924479243091,-10.,-4.9918989108577));
#4691=CARTESIAN_POINT('Ctrl Pts',(19.3348172281584,-10.,-5.18326509517));
#4692=CARTESIAN_POINT('Ctrl Pts',(13.1135026084623,-9.74885869076364,15.5522759103957));
#4693=CARTESIAN_POINT('Ctrl Pts',(13.1108246145875,-9.74885869076364,15.3132085282603));
#4694=CARTESIAN_POINT('Ctrl Pts',(13.1080679198106,-9.74885869076364,15.0708377034181));
#4695=CARTESIAN_POINT('Ctrl Pts',(13.0877718884224,-9.74885869076364,13.1861911282232));
#4696=CARTESIAN_POINT('Ctrl Pts',(13.2447820258598,-9.74885869076364,9.88598521231702));
#4697=CARTESIAN_POINT('Ctrl Pts',(14.0809511379509,-9.74885869076364,5.84155217601261));
#4698=CARTESIAN_POINT('Ctrl Pts',(15.1745587344629,-9.74885869076364,2.81672598495922));
#4699=CARTESIAN_POINT('Ctrl Pts',(17.0369157971187,-9.74885869076364,-1.18688751415257));
#4700=CARTESIAN_POINT('Ctrl Pts',(18.699838315865,-9.74885869076364,-3.45567509225387));
#4701=CARTESIAN_POINT('Ctrl Pts',(19.4638682605532,-9.74885869076364,-4.48931153165535));
#4702=CARTESIAN_POINT('Ctrl Pts',(19.6077426346538,-9.74885869076364,-4.68228388602913));
#4703=CARTESIAN_POINT('Ctrl Pts',(19.7504448857372,-9.74885869076364,-4.87413207357715));
#4704=CARTESIAN_POINT('Ctrl Pts',(13.2963057949385,-9.22439947525641,15.5502309925362));
#4705=CARTESIAN_POINT('Ctrl Pts',(13.2936285549958,-9.22439947525641,15.3109020677999));
#4706=CARTESIAN_POINT('Ctrl Pts',(13.2908613873623,-9.22439947525641,15.0682672457136));
#4707=CARTESIAN_POINT('Ctrl Pts',(13.2706662841499,-9.22439947525641,13.1902711156284));
#4708=CARTESIAN_POINT('Ctrl Pts',(13.4270723202149,-9.22439947525641,9.90769628245369));
#4709=CARTESIAN_POINT('Ctrl Pts',(14.257998050504,-9.22439947525641,5.88971434580514));
#4710=CARTESIAN_POINT('Ctrl Pts',(15.3435723483895,-9.22439947525642,2.88690276685529));
#4711=CARTESIAN_POINT('Ctrl Pts',(17.1949246160585,-9.22439947525641,-1.09270565459371));
#4712=CARTESIAN_POINT('Ctrl Pts',(18.847117871397,-9.22439947525642,-3.34743841667431));
#4713=CARTESIAN_POINT('Ctrl Pts',(19.6106689133453,-9.22439947525642,-4.38036331770705));
#4714=CARTESIAN_POINT('Ctrl Pts',(19.7542938526457,-9.22439947525642,-4.57298115798922));
#4715=CARTESIAN_POINT('Ctrl Pts',(19.8971337976638,-9.22439947525641,-4.76502868319588));
#4716=CARTESIAN_POINT('Ctrl Pts',(13.2963057949385,-9.,15.5502309925362));
#4717=CARTESIAN_POINT('Ctrl Pts',(13.2936285549958,-9.,15.3109020677999));
#4718=CARTESIAN_POINT('Ctrl Pts',(13.2908613873623,-9.,15.0682672457136));
#4719=CARTESIAN_POINT('Ctrl Pts',(13.2706662841499,-9.,13.1902711156284));
#4720=CARTESIAN_POINT('Ctrl Pts',(13.4270723202149,-9.,9.90769628245369));
#4721=CARTESIAN_POINT('Ctrl Pts',(14.257998050504,-9.,5.88971434580514));
#4722=CARTESIAN_POINT('Ctrl Pts',(15.3435723483895,-9.,2.88690276685529));
#4723=CARTESIAN_POINT('Ctrl Pts',(17.1949246160585,-9.,-1.09270565459371));
#4724=CARTESIAN_POINT('Ctrl Pts',(18.847117871397,-9.,-3.34743841667431));
#4725=CARTESIAN_POINT('Ctrl Pts',(19.6106689133453,-9.,-4.38036331770705));
#4726=CARTESIAN_POINT('Ctrl Pts',(19.7542938526457,-9.,-4.57298115798923));
#4727=CARTESIAN_POINT('Ctrl Pts',(19.8971337976639,-9.,-4.76502868319588));
#4728=CARTESIAN_POINT('',(19.4686139659509,-9.,-4.1888861098244));
#4729=CARTESIAN_POINT('Ctrl Pts',(19.0947422335862,-10.,-5.36182662043847));
#4730=CARTESIAN_POINT('Ctrl Pts',(19.0952992844457,-10.,-5.36007899559798));
#4731=CARTESIAN_POINT('Ctrl Pts',(19.0958563355565,-9.9999966700654,-5.35833136997002));
#4732=CARTESIAN_POINT('Ctrl Pts',(19.1461512158322,-9.99939536054671,-5.20054221905539));
#4733=CARTESIAN_POINT('Ctrl Pts',(19.19601928601,-9.97225109673268,-5.04409209121486));
#4734=CARTESIAN_POINT('Ctrl Pts',(19.2867496601544,-9.86750779036523,-4.75944545088395));
#4735=CARTESIAN_POINT('Ctrl Pts',(19.3281205561282,-9.79308648524043,-4.62965334259099));
#4736=CARTESIAN_POINT('Ctrl Pts',(19.3924500874001,-9.61503854654792,-4.42783355375753));
#4737=CARTESIAN_POINT('Ctrl Pts',(19.4171644456264,-9.51999988681433,-4.35029767785752));
#4738=CARTESIAN_POINT('Ctrl Pts',(19.4515017651646,-9.31672807734875,-4.24257187227845));
#4739=CARTESIAN_POINT('Ctrl Pts',(19.4622138073625,-9.21371050644613,-4.20896519030645));
#4740=CARTESIAN_POINT('Ctrl Pts',(19.4679085066874,-9.07085861749259,-4.19109932073632));
#4741=CARTESIAN_POINT('Ctrl Pts',(19.4686139626094,-9.03546750488194,-4.1888861075759));
#4742=CARTESIAN_POINT('Ctrl Pts',(19.4686139626094,-9.,-4.1888861075759));
#4743=CARTESIAN_POINT('Ctrl Pts',(19.4689454452081,-9.,-4.18864108187752));
#4744=CARTESIAN_POINT('Ctrl Pts',(18.8454997441012,-9.,-3.34522988302962));
#4745=CARTESIAN_POINT('Ctrl Pts',(17.1941691121754,-9.,-1.09108164728408));
#4746=CARTESIAN_POINT('Ctrl Pts',(15.3435723483895,-9.,2.88690276685529));
#4747=CARTESIAN_POINT('Ctrl Pts',(14.257998050504,-9.,5.88971434580514));
#4748=CARTESIAN_POINT('Ctrl Pts',(13.4271697470064,-9.,9.90722517044686));
#4749=CARTESIAN_POINT('Ctrl Pts',(13.2707121419415,-8.99999999999999,13.1893089049419));
#4750=CARTESIAN_POINT('Ctrl Pts',(13.2883233237341,-9.,14.8322436896816));
#4751=CARTESIAN_POINT('Origin',(4.65934948292252,-1.,13.0799988852551));
#4752=CARTESIAN_POINT('',(13.2882740838642,-1.,14.8322442422958));
#4753=CARTESIAN_POINT('',(4.96836647729747,-1.,12.1289423689599));
#4754=CARTESIAN_POINT('Ctrl Pts',(13.2882740751104,-1.,14.8322442183272));
#4755=CARTESIAN_POINT('Ctrl Pts',(13.2882740751104,-0.89308367763408,14.8322442183272));
#4756=CARTESIAN_POINT('Ctrl Pts',(13.2712809300713,-0.788168481846943,14.8447362668813));
#4757=CARTESIAN_POINT('Ctrl Pts',(13.2038031551658,-0.580323931950622,14.8943407184664));
#4758=CARTESIAN_POINT('Ctrl Pts',(13.1514468483035,-0.481885729530548,14.9328290347052));
#4759=CARTESIAN_POINT('Ctrl Pts',(13.0090595763478,-0.292421007797279,15.0375011664983));
#4760=CARTESIAN_POINT('Ctrl Pts',(12.9146969674084,-0.20874083875505,15.1068692719574));
#4761=CARTESIAN_POINT('Ctrl Pts',(12.7339785249078,-0.0978695856042593,
15.239719521452));
#4762=CARTESIAN_POINT('Ctrl Pts',(12.6511407835403,-0.0619250110068149,
15.3006154347631));
#4763=CARTESIAN_POINT('Ctrl Pts',(12.4793234805361,-0.012947665622551,15.4269222535678));
#4764=CARTESIAN_POINT('Ctrl Pts',(12.3900101824746,-0.000411925783454991,
15.492578496321));
#4765=CARTESIAN_POINT('Ctrl Pts',(12.2993236362639,-3.32879642026416E-6,
15.5592442451126));
#4766=CARTESIAN_POINT('Ctrl Pts',(12.2978459964728,-3.30758521897364E-18,
15.5603304918299));
#4767=CARTESIAN_POINT('Ctrl Pts',(12.296368357347,0.,15.5614167380581));
#4768=CARTESIAN_POINT('Origin',(16.2130059406471,-1.,-6.29815950136357));
#4769=CARTESIAN_POINT('',(19.4686139626094,-1.,-4.18888610757591));
#4770=CARTESIAN_POINT('',(26.0931582464608,-0.999999999999994,-2.03644119118549));
#4771=CARTESIAN_POINT('',(15.9039889462722,-1.,-5.34710298506841));
#4772=CARTESIAN_POINT('Ctrl Pts',(26.0931582464608,-0.999999999999994,-2.03644119118549));
#4773=CARTESIAN_POINT('Ctrl Pts',(26.0951482302829,-0.998520454851005,-2.03579460624648));
#4774=CARTESIAN_POINT('Ctrl Pts',(26.097139230421,-0.997040908487174,-2.03515114364757));
#4775=CARTESIAN_POINT('Ctrl Pts',(26.2646807352914,-0.872601820638634,-1.98129437792442));
#4776=CARTESIAN_POINT('Ctrl Pts',(26.4381219061594,-0.748976955031383,-1.94936317478786));
#4777=CARTESIAN_POINT('Ctrl Pts',(26.782976805467,-0.519979397096925,-1.93280186723727));
#4778=CARTESIAN_POINT('Ctrl Pts',(26.9559609107932,-0.412602761639481,-1.94569931399726));
#4779=CARTESIAN_POINT('Ctrl Pts',(27.3274351476899,-0.208784071641119,-2.02509213896176));
#4780=CARTESIAN_POINT('Ctrl Pts',(27.5120399354989,-0.123897348535183,-2.09594729597382));
#4781=CARTESIAN_POINT('Ctrl Pts',(27.8095407356859,-0.0264208339719963,
-2.26052878274123));
#4782=CARTESIAN_POINT('Ctrl Pts',(27.934862939351,-1.8064590343192E-15,
-2.34908681545982));
#4783=CARTESIAN_POINT('Ctrl Pts',(28.0494534479284,-2.77555756156297E-16,
-2.452264572821));
#4784=CARTESIAN_POINT('Ctrl Pts',(19.0947422335862,0.,-5.36182662043847));
#4785=CARTESIAN_POINT('Ctrl Pts',(19.0952995300457,0.,-5.36007822508169));
#4786=CARTESIAN_POINT('Ctrl Pts',(19.0958568267565,-3.33287153543333E-6,
-5.35832982893659));
#4787=CARTESIAN_POINT('Ctrl Pts',(19.1300348454691,-0.000412134504239458,
-5.25110379475076));
#4788=CARTESIAN_POINT('Ctrl Pts',(19.1636948913415,-0.0129450871740925,
-5.1455027866947));
#4789=CARTESIAN_POINT('Ctrl Pts',(19.2284458957477,-0.0619084712174219,
-4.94236071838411));
#4790=CARTESIAN_POINT('Ctrl Pts',(19.2596627617175,-0.0978395910256434,
-4.84442465117655));
#4791=CARTESIAN_POINT('Ctrl Pts',(19.3277823133069,-0.208691736826643,-4.63071450522374));
#4792=CARTESIAN_POINT('Ctrl Pts',(19.3633574278719,-0.292378493007594,-4.51910539173518));
#4793=CARTESIAN_POINT('Ctrl Pts',(19.4170357813118,-0.481861932899262,-4.35070133582112));
#4794=CARTESIAN_POINT('Ctrl Pts',(19.4367727490784,-0.580308084813458,-4.28878092846732));
#4795=CARTESIAN_POINT('Ctrl Pts',(19.4622086108477,-0.788164406389453,-4.20898149342523));
#4796=CARTESIAN_POINT('Ctrl Pts',(19.4686139626094,-0.893081582927429,-4.18888610757591));
#4797=CARTESIAN_POINT('Ctrl Pts',(19.4686139626094,-1.,-4.18888610757591));
#4798=CARTESIAN_POINT('Origin',(26.7111922352107,0.,-3.93855422377579));
#4799=CARTESIAN_POINT('',(26.0931582464608,-9.,-2.03644119118549));
#4800=CARTESIAN_POINT('',(26.0931582464608,0.,-2.03644119118549));
#4801=CARTESIAN_POINT('Ctrl Pts',(26.0931582464608,-9.,-2.03644119118549));
#4802=CARTESIAN_POINT('Ctrl Pts',(26.094658279835,-9.00111526891697,-2.0359538007972));
#4803=CARTESIAN_POINT('Ctrl Pts',(26.0961588904512,-9.00223053835388,-2.03546818460371));
#4804=CARTESIAN_POINT('Ctrl Pts',(26.2543259321356,-9.11973653707841,-1.98448998425261));
#4805=CARTESIAN_POINT('Ctrl Pts',(26.4180277983283,-9.23669924406249,-1.95307773320162));
#4806=CARTESIAN_POINT('Ctrl Pts',(26.7548861594008,-9.46219897041952,-1.93181695799115));
#4807=CARTESIAN_POINT('Ctrl Pts',(26.9300964083129,-9.57198569899334,-1.94251146130081));
#4808=CARTESIAN_POINT('Ctrl Pts',(27.2803090084011,-9.7664188676468,-2.01298707947037));
#4809=CARTESIAN_POINT('Ctrl Pts',(27.4575049203728,-9.85261490014508,-2.07307136623136));
#4810=CARTESIAN_POINT('Ctrl Pts',(27.7875385357258,-9.97017615608647,-2.24340615155888));
#4811=CARTESIAN_POINT('Ctrl Pts',(27.928304847318,-10.,-2.34318188287037));
#4812=CARTESIAN_POINT('Ctrl Pts',(28.0494534479284,-10.,-2.45226457282101));
#4813=CARTESIAN_POINT('Ctrl Pts',(19.0947422335862,0.,-5.36182662043847));
#4814=CARTESIAN_POINT('Ctrl Pts',(18.951902288568,0.,-5.16977909523181));
#4815=CARTESIAN_POINT('Ctrl Pts',(18.8090079248714,0.,-4.97739115255255));
#4816=CARTESIAN_POINT('Ctrl Pts',(16.6661026520474,0.,-2.10267123005652));
#4817=CARTESIAN_POINT('Ctrl Pts',(14.5213484759872,0.,1.6543270682069));
#4818=CARTESIAN_POINT('Ctrl Pts',(13.1361280431802,0.,6.45185443553384));
#4819=CARTESIAN_POINT('Ctrl Pts',(12.2665071727422,0.,10.8999441262467));
#4820=CARTESIAN_POINT('Ctrl Pts',(12.2805624839395,0.,13.7863949997793));
#4821=CARTESIAN_POINT('Ctrl Pts',(12.2906646652567,0.,15.0823716216269));
#4822=CARTESIAN_POINT('Ctrl Pts',(12.2936911174043,0.,15.3220878133217));
#4823=CARTESIAN_POINT('Ctrl Pts',(12.296368357347,0.,15.5614167380581));
#4824=CARTESIAN_POINT('Ctrl Pts',(19.3348172281585,0.,-5.18326509517001));
#4825=CARTESIAN_POINT('Ctrl Pts',(19.1924515474829,2.69009232402724E-18,
-4.99181904911763));
#4826=CARTESIAN_POINT('Ctrl Pts',(19.0483568123063,-3.1528651854382E-18,
-4.79789391114989));
#4827=CARTESIAN_POINT('Ctrl Pts',(16.9197392535944,3.04799538423334E-17,
-1.94202275417658));
#4828=CARTESIAN_POINT('Ctrl Pts',(14.7966641676503,-5.79009869737886E-17,
1.77940299151307));
#4829=CARTESIAN_POINT('Ctrl Pts',(13.4274869198901,4.17843858076833E-17,
6.52177158614897));
#4830=CARTESIAN_POINT('Ctrl Pts',(12.5662980755696,-1.94951426393725E-16,
10.9251852807157));
#4831=CARTESIAN_POINT('Ctrl Pts',(12.5796626340286,3.42501547141484E-16,
13.7904558116889));
#4832=CARTESIAN_POINT('Ctrl Pts',(12.5898614063013,-4.50576332642178E-16,
15.0777967041715));
#4833=CARTESIAN_POINT('Ctrl Pts',(12.5928600118315,-1.99415895051958E-15,
15.3195498608947));
#4834=CARTESIAN_POINT('Ctrl Pts',(12.5955489390601,-6.64314340677138E-16,
15.5580699708241));
#4835=CARTESIAN_POINT('Ctrl Pts',(19.7504870055707,-0.251097560039111,-4.8741007459425));
#4836=CARTESIAN_POINT('Ctrl Pts',(19.607759952267,-0.251097560039111,-4.68219639408206));
#4837=CARTESIAN_POINT('Ctrl Pts',(19.463052295246,-0.251097560039111,-4.48739903754106));
#4838=CARTESIAN_POINT('Ctrl Pts',(17.3567234413826,-0.251097560039111,-1.66153112640057));
#4839=CARTESIAN_POINT('Ctrl Pts',(15.2742834551141,-0.251097560039111,1.99526902243587));
#4840=CARTESIAN_POINT('Ctrl Pts',(13.9316998142708,-0.251097560039111,6.64262187981521));
#4841=CARTESIAN_POINT('Ctrl Pts',(13.0856204157153,-0.25109756003911,10.9718229244087));
#4842=CARTESIAN_POINT('Ctrl Pts',(13.0974724578528,-0.251097560039112,13.7887120025554));
#4843=CARTESIAN_POINT('Ctrl Pts',(13.1078824517423,-0.251097560039112,15.0723841610127));
#4844=CARTESIAN_POINT('Ctrl Pts',(13.1108750761143,-0.251097560039114,15.313138925064));
#4845=CARTESIAN_POINT('Ctrl Pts',(13.1135550980451,-0.251097560039112,15.5522753232239));
#4846=CARTESIAN_POINT('Ctrl Pts',(19.8971337976638,-0.775600524743586,-4.76502868319588));
#4847=CARTESIAN_POINT('Ctrl Pts',(19.7542938526457,-0.775600524743586,-4.57298115798922));
#4848=CARTESIAN_POINT('Ctrl Pts',(19.609351867144,-0.775600524743586,-4.37785399537718));
#4849=CARTESIAN_POINT('Ctrl Pts',(17.5109166260519,-0.775600524743586,-1.56260361271749));
#4850=CARTESIAN_POINT('Ctrl Pts',(15.4427742889719,-0.775600524743586,2.0714343255184));
#4851=CARTESIAN_POINT('Ctrl Pts',(14.1095873916864,-0.775600524743586,6.6852599616648));
#4852=CARTESIAN_POINT('Ctrl Pts',(13.2688322532857,-0.775600524743587,10.9882402848802));
#4853=CARTESIAN_POINT('Ctrl Pts',(13.2801545930464,-0.775600524743586,13.7882051249811));
#4854=CARTESIAN_POINT('Ctrl Pts',(13.2906385621565,-0.775600524743586,15.0704436652719));
#4855=CARTESIAN_POINT('Ctrl Pts',(13.2936285549958,-0.775600524743587,15.3109020677999));
#4856=CARTESIAN_POINT('Ctrl Pts',(13.2963057949385,-0.775600524743587,15.5502309925362));
#4857=CARTESIAN_POINT('Ctrl Pts',(19.8971337976638,-1.,-4.76502868319588));
#4858=CARTESIAN_POINT('Ctrl Pts',(19.7542938526457,-1.,-4.57298115798922));
#4859=CARTESIAN_POINT('Ctrl Pts',(19.609351867144,-1.,-4.37785399537718));
#4860=CARTESIAN_POINT('Ctrl Pts',(17.5109166260519,-1.,-1.56260361271749));
#4861=CARTESIAN_POINT('Ctrl Pts',(15.4427742889719,-1.,2.0714343255184));
#4862=CARTESIAN_POINT('Ctrl Pts',(14.1095873916864,-1.,6.6852599616648));
#4863=CARTESIAN_POINT('Ctrl Pts',(13.2688322532857,-1.,10.9882402848802));
#4864=CARTESIAN_POINT('Ctrl Pts',(13.2801545930464,-1.,13.7882051249811));
#4865=CARTESIAN_POINT('Ctrl Pts',(13.2906385621565,-1.,15.0704436652719));
#4866=CARTESIAN_POINT('Ctrl Pts',(13.2936285549958,-1.,15.3109020677999));
#4867=CARTESIAN_POINT('Ctrl Pts',(13.2963057949385,-1.,15.5502309925362));
#4868=CARTESIAN_POINT('Ctrl Pts',(13.2886909568749,-1.,14.832240838913));
#4869=CARTESIAN_POINT('Ctrl Pts',(13.2801425301693,-1.,13.7851700890563));
#4870=CARTESIAN_POINT('Ctrl Pts',(13.2692119497206,-1.,10.9862970005477));
#4871=CARTESIAN_POINT('Ctrl Pts',(14.1095873916864,-1.,6.6852599616648));
#4872=CARTESIAN_POINT('Ctrl Pts',(15.4426192341496,-1.,2.07197093138783));
#4873=CARTESIAN_POINT('Ctrl Pts',(17.5103393654981,-1.,-1.56158924201415));
#4874=CARTESIAN_POINT('Ctrl Pts',(19.4685399083868,-1.,-4.18894130236418));
#4875=CARTESIAN_POINT('Origin',(16.2130059406471,-9.,-6.29815950136356));
#4876=CARTESIAN_POINT('',(15.9039889462722,-9.,-5.34710298506841));
#4877=CARTESIAN_POINT('Origin',(28.9791791255609,0.,-1.09871616382643));
#4878=CARTESIAN_POINT('',(19.4686139626094,0.,-4.18888610757591));
#4879=CARTESIAN_POINT('',(24.2238965440852,-3.25,-2.64380113570117));
#4880=CARTESIAN_POINT('Origin',(24.2238965440852,-5.,-2.64380113570117));
#4881=CARTESIAN_POINT('Ctrl Pts',(30.9959377559554,93.5607290767151,-19.6873099307345));
#4882=CARTESIAN_POINT('Ctrl Pts',(30.9959377559554,-103.560729076715,-19.6873099307345));
#4883=CARTESIAN_POINT('Ctrl Pts',(28.6904729972862,93.5607290767151,-16.5876251661028));
#4884=CARTESIAN_POINT('Ctrl Pts',(28.6904729972862,-103.560729076715,-16.5876251661028));
#4885=CARTESIAN_POINT('Ctrl Pts',(26.385008238617,93.5607290767151,-13.4879404014711));
#4886=CARTESIAN_POINT('Ctrl Pts',(26.385008238617,-103.560729076715,-13.4879404014711));
#4887=CARTESIAN_POINT('Ctrl Pts',(24.0795434799478,93.5607290767151,-10.3882556368393));
#4888=CARTESIAN_POINT('Ctrl Pts',(24.0795434799478,-103.560729076715,-10.3882556368393));
#4889=CARTESIAN_POINT('Ctrl Pts',(21.7740787212786,93.5607290767151,-7.28857087220762));
#4890=CARTESIAN_POINT('Ctrl Pts',(21.7740787212786,-103.560729076715,-7.28857087220762));
#4891=CARTESIAN_POINT('Ctrl Pts',(19.4686139626094,93.5607290767151,-4.18888610757591));
#4892=CARTESIAN_POINT('Ctrl Pts',(19.4686139626094,-103.560729076715,-4.18888610757591));
#4893=CARTESIAN_POINT('Ctrl Pts',(19.2166783541386,93.5607290767151,-3.85016005925582));
#4894=CARTESIAN_POINT('Ctrl Pts',(19.2166783541386,-103.560729076715,-3.85016005925582));
#4895=CARTESIAN_POINT('Ctrl Pts',(18.7240140310839,93.5607290767151,-3.16906662205801));
#4896=CARTESIAN_POINT('Ctrl Pts',(18.7240140310839,-103.560729076715,-3.16906662205801));
#4897=CARTESIAN_POINT('Ctrl Pts',(18.0186371978211,93.5607290767151,-2.13650277936672));
#4898=CARTESIAN_POINT('Ctrl Pts',(18.0186371978211,-103.560729076715,-2.13650277936672));
#4899=CARTESIAN_POINT('Ctrl Pts',(17.1464891767363,93.5607290767151,-0.737541290667061));
#4900=CARTESIAN_POINT('Ctrl Pts',(17.1464891767363,-103.560729076715,-0.737541290667061));
#4901=CARTESIAN_POINT('Ctrl Pts',(16.1779599481776,93.5607290767151,1.05068893507401));
#4902=CARTESIAN_POINT('Ctrl Pts',(16.1779599481776,-103.560729076715,1.05068893507401));
#4903=CARTESIAN_POINT('Ctrl Pts',(15.3419587802543,93.5607290767151,2.88198013801988));
#4904=CARTESIAN_POINT('Ctrl Pts',(15.3419587802543,-103.560729076715,2.88198013801988));
#4905=CARTESIAN_POINT('Ctrl Pts',(14.6493009706876,93.5607290767151,4.75984642142026));
#4906=CARTESIAN_POINT('Ctrl Pts',(14.6493009706876,-103.560729076715,4.75984642142026));
#4907=CARTESIAN_POINT('Ctrl Pts',(14.1058908027377,93.5607290767151,6.68620620319817));
#4908=CARTESIAN_POINT('Ctrl Pts',(14.1058908027377,-103.560729076715,6.68620620319817));
#4909=CARTESIAN_POINT('Ctrl Pts',(13.7058239931485,93.5607290767151,8.65914106543116));
#4910=CARTESIAN_POINT('Ctrl Pts',(13.7058239931485,-103.560729076715,8.65914106543116));
#4911=CARTESIAN_POINT('Ctrl Pts',(13.4382852442031,93.5607290767151,10.6751369048701));
#4912=CARTESIAN_POINT('Ctrl Pts',(13.4382852442031,-103.560729076715,10.6751369048701));
#4913=CARTESIAN_POINT('Ctrl Pts',(13.3215788832941,93.5607290767151,12.3195562683158));
#4914=CARTESIAN_POINT('Ctrl Pts',(13.3215788832941,-103.560729076715,12.3195562683158));
#4915=CARTESIAN_POINT('Ctrl Pts',(13.2853149300682,93.5607290767151,13.5695280647344));
#4916=CARTESIAN_POINT('Ctrl Pts',(13.2853149300682,-103.560729076715,13.5695280647344));
#4917=CARTESIAN_POINT('Ctrl Pts',(13.2835520621335,93.5607290767151,14.4101250536103));
#4918=CARTESIAN_POINT('Ctrl Pts',(13.2835520621335,-103.560729076715,14.4101250536103));
#4919=CARTESIAN_POINT('Ctrl Pts',(13.2882740751105,93.5607290767151,14.8322442183272));
#4920=CARTESIAN_POINT('Ctrl Pts',(13.2882740751105,-103.560729076715,14.8322442183272));
#4921=CARTESIAN_POINT('Ctrl Pts',(13.3314852534503,93.5607290767151,18.6950600547921));
#4922=CARTESIAN_POINT('Ctrl Pts',(13.3314852534503,-103.560729076715,18.6950600547921));
#4923=CARTESIAN_POINT('Ctrl Pts',(13.3746964317901,93.5607290767151,22.5578758912571));
#4924=CARTESIAN_POINT('Ctrl Pts',(13.3746964317901,-103.560729076715,22.5578758912571));
#4925=CARTESIAN_POINT('Ctrl Pts',(13.4179076101299,93.5607290767151,26.420691727722));
#4926=CARTESIAN_POINT('Ctrl Pts',(13.4179076101299,-103.560729076715,26.420691727722));
#4927=CARTESIAN_POINT('Ctrl Pts',(13.4611187884698,93.5607290767151,30.283507564187));
#4928=CARTESIAN_POINT('Ctrl Pts',(13.4611187884698,-103.560729076715,30.283507564187));
#4929=CARTESIAN_POINT('Ctrl Pts',(13.5043299668096,93.5607290767151,34.1463234006519));
#4930=CARTESIAN_POINT('Ctrl Pts',(13.5043299668096,-103.560729076715,34.1463234006519));
#4931=CARTESIAN_POINT('',(13.2882740751105,0.,14.8322442183272));
#4932=CARTESIAN_POINT('Origin',(0.,0.,0.));
#4933=CARTESIAN_POINT('',(12.8888888888889,0.,25.9783860778509));
#4934=CARTESIAN_POINT('Origin',(13.2882740751105,0.,14.8322442183272));
#4935=CARTESIAN_POINT('',(18.0435566565862,-6.75,16.3773291902019));
#4936=CARTESIAN_POINT('Origin',(18.0435566565862,-5.,16.3773291902019));
#4937=CARTESIAN_POINT('Origin',(17.5027769164301,-5.,18.0416780937184));
#4938=CARTESIAN_POINT('',(16.9619971762739,-6.75,19.7060269972349));
#4939=CARTESIAN_POINT('',(17.5027769164301,-6.75,18.0416780937184));
#4940=CARTESIAN_POINT('Origin',(16.9619971762739,-5.,19.7060269972349));
#4941=CARTESIAN_POINT('Origin',(16.9619971762739,-5.,19.7060269972349));
#4942=CARTESIAN_POINT('Origin',(24.7646762842413,-5.,-4.30815003921769));
#4943=CARTESIAN_POINT('',(25.3054560243975,-3.25,-5.97249894273421));
#4944=CARTESIAN_POINT('',(24.7646762842413,-3.25,-4.30815003921769));
#4945=CARTESIAN_POINT('Origin',(25.3054560243975,-5.,-5.97249894273421));
#4946=CARTESIAN_POINT('Origin',(25.3054560243975,-5.,-5.97249894273421));
#4947=CARTESIAN_POINT('Origin',(11.,-1.,13.1659863832243));
#4948=CARTESIAN_POINT('',(10.,-1.,24.1867732448957));
#4949=CARTESIAN_POINT('Ctrl Pts',(10.,-1.,24.1867732448957));
#4950=CARTESIAN_POINT('Ctrl Pts',(10.,-0.871965236201203,24.3678417443152));
#4951=CARTESIAN_POINT('Ctrl Pts',(10.0258512978809,-0.732393074541763,24.5649551060339));
#4952=CARTESIAN_POINT('Ctrl Pts',(10.1403672020431,-0.46933040069956,24.9496958529783));
#4953=CARTESIAN_POINT('Ctrl Pts',(10.2291491001705,-0.346048171938985,25.1374306940451));
#4954=CARTESIAN_POINT('Ctrl Pts',(10.416001355998,-0.18201419751226,25.4153375611235));
#4955=CARTESIAN_POINT('Ctrl Pts',(10.5130745628194,-0.118068788962845,25.5333685712524));
#4956=CARTESIAN_POINT('Ctrl Pts',(10.7395099578662,-0.0268381941559967,
25.7473600910255));
#4957=CARTESIAN_POINT('Ctrl Pts',(10.8691127507918,9.13568899903052E-17,
25.8432562639007));
#4958=CARTESIAN_POINT('Ctrl Pts',(11.,9.97465998686664E-17,25.9188240524645));
#4959=CARTESIAN_POINT('',(10.0000000031741,-1.,17.221315180118));
#4960=CARTESIAN_POINT('Ctrl Pts',(10.,-1.,17.2213151776324));
#4961=CARTESIAN_POINT('Ctrl Pts',(10.,-0.893081862147015,17.2213151776324));
#4962=CARTESIAN_POINT('Ctrl Pts',(10.0171323956721,-0.788164949632257,17.2090135745124));
#4963=CARTESIAN_POINT('Ctrl Pts',(10.0851653719092,-0.58031014850384,17.1601637412002));
#4964=CARTESIAN_POINT('Ctrl Pts',(10.1379551922735,-0.48186501733666,17.1222589776938));
#4965=CARTESIAN_POINT('Ctrl Pts',(10.2815262159472,-0.29238398125332,17.0191704322131));
#4966=CARTESIAN_POINT('Ctrl Pts',(10.3766768204893,-0.208698069870232,16.9508492813683));
#4967=CARTESIAN_POINT('Ctrl Pts',(10.5588762275012,-0.0978434590284777,
16.8200243321392));
#4968=CARTESIAN_POINT('Ctrl Pts',(10.6423746787766,-0.0619106051802062,
16.7600697975556));
#4969=CARTESIAN_POINT('Ctrl Pts',(10.8155688393807,-0.012945420258421,16.6357109006778));
#4970=CARTESIAN_POINT('Ctrl Pts',(10.9056012757793,-0.000412107716645076,
16.5710647576845));
#4971=CARTESIAN_POINT('Ctrl Pts',(10.9970190161474,-3.33234777126987E-6,
16.5054239225117));
#4972=CARTESIAN_POINT('Ctrl Pts',(10.9985095084095,-2.77134640483804E-15,
16.5043537018256));
#4973=CARTESIAN_POINT('Ctrl Pts',(11.,-2.77555756156289E-15,16.5032834816209));
#4974=CARTESIAN_POINT('',(10.,-1.,13.1659863832243));
#4975=CARTESIAN_POINT('Origin',(10.,0.,27.2213151776324));
#4976=CARTESIAN_POINT('',(10.0000000026356,-9.,17.2213151785215));
#4977=CARTESIAN_POINT('',(10.,0.,17.2213151776324));
#4978=CARTESIAN_POINT('',(10.,-9.,24.1867732448957));
#4979=CARTESIAN_POINT('',(10.,-9.,13.1659863832243));
#4980=CARTESIAN_POINT('',(10.,0.,24.1867732448957));
#4981=CARTESIAN_POINT('',(10.,-3.25,22.2213151776324));
#4982=CARTESIAN_POINT('Origin',(10.,-5.,22.2213151776324));
#4983=CARTESIAN_POINT('Origin',(-11.,-1.,8.1659863832243));
#4984=CARTESIAN_POINT('',(-10.,-1.,24.1867732448957));
#4985=CARTESIAN_POINT('Ctrl Pts',(-11.,-2.38524477946811E-16,25.9188240524645));
#4986=CARTESIAN_POINT('Ctrl Pts',(-10.8691127507918,-3.64370126122229E-16,
25.8432562639007));
#4987=CARTESIAN_POINT('Ctrl Pts',(-10.7395099578662,-0.0268381941559974,
25.7473600910255));
#4988=CARTESIAN_POINT('Ctrl Pts',(-10.5130745628194,-0.118068788962845,
25.5333685712524));
#4989=CARTESIAN_POINT('Ctrl Pts',(-10.416001355998,-0.18201419751226,25.4153375611235));
#4990=CARTESIAN_POINT('Ctrl Pts',(-10.2291491001705,-0.346048171938985,
25.1374306940451));
#4991=CARTESIAN_POINT('Ctrl Pts',(-10.1403672020431,-0.469330400699564,
24.9496958529783));
#4992=CARTESIAN_POINT('Ctrl Pts',(-10.0258512978809,-0.732393074541761,
24.5649551060339));
#4993=CARTESIAN_POINT('Ctrl Pts',(-10.,-0.871965236201204,24.3678417443152));
#4994=CARTESIAN_POINT('Ctrl Pts',(-10.,-1.,24.1867732448957));
#4995=CARTESIAN_POINT('',(-10.0000000167073,-1.,17.2213151832683));
#4996=CARTESIAN_POINT('',(-10.,-1.,8.1659863832243));
#4997=CARTESIAN_POINT('Ctrl Pts',(-11.,1.2490009027033E-15,16.5032834816311));
#4998=CARTESIAN_POINT('Ctrl Pts',(-10.9985095084096,1.24344546882345E-15,
16.5043537018356));
#4999=CARTESIAN_POINT('Ctrl Pts',(-10.9970190161468,-3.33234777275749E-6,
16.5054239225228));
#5000=CARTESIAN_POINT('Ctrl Pts',(-10.8413158053764,-0.000699560860630462,
16.6172237630295));
#5001=CARTESIAN_POINT('Ctrl Pts',(-10.6865768877814,-0.0370648960878208,
16.7283312104635));
#5002=CARTESIAN_POINT('Ctrl Pts',(-10.4335521222712,-0.166535134000578,
16.910011011973));
#5003=CARTESIAN_POINT('Ctrl Pts',(-10.3301186720151,-0.245623259230456,
16.9842795095108));
#5004=CARTESIAN_POINT('Ctrl Pts',(-10.1714637580891,-0.429488472626333,
17.0981987660928));
#5005=CARTESIAN_POINT('Ctrl Pts',(-10.1116565332711,-0.526250026164459,
17.1411422476867));
#5006=CARTESIAN_POINT('Ctrl Pts',(-10.0310294001254,-0.731767138962809,
17.1990350848423));
#5007=CARTESIAN_POINT('Ctrl Pts',(-10.0077513769708,-0.835677203445022,
17.2157494432797));
#5008=CARTESIAN_POINT('Ctrl Pts',(-10.0005422944246,-0.961983936612481,
17.220925793047));
#5009=CARTESIAN_POINT('Ctrl Pts',(-9.99999999999999,-0.980986058159349,
17.2213151776324));
#5010=CARTESIAN_POINT('Ctrl Pts',(-9.99999999999999,-1.,17.2213151776324));
#5011=CARTESIAN_POINT('Origin',(-11.,-9.,8.1659863832243));
#5012=CARTESIAN_POINT('',(-10.,-9.,24.1867732448957));
#5013=CARTESIAN_POINT('Ctrl Pts',(-10.,-9.,24.1867732448957));
#5014=CARTESIAN_POINT('Ctrl Pts',(-10.,-9.1280347637988,24.3678417443152));
#5015=CARTESIAN_POINT('Ctrl Pts',(-10.0258512978809,-9.26760692545824,24.5649551060339));
#5016=CARTESIAN_POINT('Ctrl Pts',(-10.1403672020431,-9.53066959930044,24.9496958529783));
#5017=CARTESIAN_POINT('Ctrl Pts',(-10.2291491001705,-9.65395182806101,25.1374306940451));
#5018=CARTESIAN_POINT('Ctrl Pts',(-10.416001355998,-9.81798580248774,25.4153375611235));
#5019=CARTESIAN_POINT('Ctrl Pts',(-10.5130745628194,-9.88193121103716,25.5333685712524));
#5020=CARTESIAN_POINT('Ctrl Pts',(-10.7395099578662,-9.973161805844,25.7473600910255));
#5021=CARTESIAN_POINT('Ctrl Pts',(-10.8691127507918,-10.,25.8432562639007));
#5022=CARTESIAN_POINT('Ctrl Pts',(-11.,-10.,25.9188240524645));
#5023=CARTESIAN_POINT('',(-10.0000000201211,-9.,17.2213151933885));
#5024=CARTESIAN_POINT('Ctrl Pts',(-10.,-9.,17.2213151776324));
#5025=CARTESIAN_POINT('Ctrl Pts',(-10.,-9.10691813785404,17.2213151776324));
#5026=CARTESIAN_POINT('Ctrl Pts',(-10.0171323956724,-9.21183505036982,17.2090135745123));
#5027=CARTESIAN_POINT('Ctrl Pts',(-10.0851653719114,-9.41968985150186,17.1601637411995));
#5028=CARTESIAN_POINT('Ctrl Pts',(-10.1379551922779,-9.5181349826713,17.1222589776921));
#5029=CARTESIAN_POINT('Ctrl Pts',(-10.2815262159587,-9.70761601875937,17.0191704322076));
#5030=CARTESIAN_POINT('Ctrl Pts',(-10.3766768205064,-9.79130193014396,16.9508492813598));
#5031=CARTESIAN_POINT('Ctrl Pts',(-10.5588762275201,-9.90215654098013,16.8200243321314));
#5032=CARTESIAN_POINT('Ctrl Pts',(-10.6423746787907,-9.93808939482461,16.7600697975521));
#5033=CARTESIAN_POINT('Ctrl Pts',(-10.8155688393864,-9.98705457974232,16.6357109006819));
#5034=CARTESIAN_POINT('Ctrl Pts',(-10.9056012757765,-9.99958789228329,16.5710647576856));
#5035=CARTESIAN_POINT('Ctrl Pts',(-10.9970190161473,-9.99999666765223,16.5054239225226));
#5036=CARTESIAN_POINT('Ctrl Pts',(-10.9985095084091,-10.,16.504353701836));
#5037=CARTESIAN_POINT('Ctrl Pts',(-11.,-10.,16.5032834816311));
#5038=CARTESIAN_POINT('',(-10.,-9.,8.1659863832243));
#5039=CARTESIAN_POINT('Origin',(-10.,0.,17.2213151776324));
#5040=CARTESIAN_POINT('',(-10.,0.,24.1867732448957));
#5041=CARTESIAN_POINT('',(-10.,0.,17.2213151776324));
#5042=CARTESIAN_POINT('',(-10.,-6.75,22.2213151776324));
#5043=CARTESIAN_POINT('Origin',(-10.,-5.,22.2213151776324));
#5044=CARTESIAN_POINT('Origin',(11.,-9.,13.1659863832243));
#5045=CARTESIAN_POINT('Ctrl Pts',(11.,-10.,25.9188240524645));
#5046=CARTESIAN_POINT('Ctrl Pts',(10.8691127507918,-10.,25.8432562639007));
#5047=CARTESIAN_POINT('Ctrl Pts',(10.7395099578662,-9.973161805844,25.7473600910255));
#5048=CARTESIAN_POINT('Ctrl Pts',(10.5130745628194,-9.88193121103716,25.5333685712524));
#5049=CARTESIAN_POINT('Ctrl Pts',(10.416001355998,-9.81798580248774,25.4153375611235));
#5050=CARTESIAN_POINT('Ctrl Pts',(10.2291491001705,-9.65395182806101,25.1374306940451));
#5051=CARTESIAN_POINT('Ctrl Pts',(10.1403672020431,-9.53066959930044,24.9496958529783));
#5052=CARTESIAN_POINT('Ctrl Pts',(10.0258512978809,-9.26760692545824,24.5649551060339));
#5053=CARTESIAN_POINT('Ctrl Pts',(10.,-9.1280347637988,24.3678417443152));
#5054=CARTESIAN_POINT('Ctrl Pts',(10.,-9.,24.1867732448957));
#5055=CARTESIAN_POINT('Ctrl Pts',(11.,-10.,16.5032834816209));
#5056=CARTESIAN_POINT('Ctrl Pts',(10.9985095084094,-10.,16.5043537018256));
#5057=CARTESIAN_POINT('Ctrl Pts',(10.997019016147,-9.99999666765223,16.505423922513));
#5058=CARTESIAN_POINT('Ctrl Pts',(10.8413157928421,-9.99930043908332,16.6172237720079));
#5059=CARTESIAN_POINT('Ctrl Pts',(10.6865768626112,-9.96293509800365,16.7283312285295));
#5060=CARTESIAN_POINT('Ctrl Pts',(10.4335520915008,-9.83346484481268,16.9100110340628));
#5061=CARTESIAN_POINT('Ctrl Pts',(10.3301186455783,-9.75437671697582,16.98427952849));
#5062=CARTESIAN_POINT('Ctrl Pts',(10.1714637396195,-9.57051150036424,17.0981987793528));
#5063=CARTESIAN_POINT('Ctrl Pts',(10.1116565185236,-9.47374994587038,17.1411422582748));
#5064=CARTESIAN_POINT('Ctrl Pts',(10.031029392027,-9.26823283179311,17.199035090657));
#5065=CARTESIAN_POINT('Ctrl Pts',(10.0077513720833,-9.16432276678292,17.215749446789));
#5066=CARTESIAN_POINT('Ctrl Pts',(10.0005422938609,-9.03801604364047,17.2209257934517));
#5067=CARTESIAN_POINT('Ctrl Pts',(10.,-9.01901393195792,17.2213151776324));
#5068=CARTESIAN_POINT('Ctrl Pts',(10.,-9.,17.2213151776324));
#5069=CARTESIAN_POINT('Origin',(12.,0.,24.1867732448957));
#5070=CARTESIAN_POINT('Origin',(-12.,0.,24.1867732448957));
#5071=CARTESIAN_POINT('Ctrl Pts',(-10.6803640623043,-1.,17.450823912079));
#5072=CARTESIAN_POINT('Ctrl Pts',(-10.4535760415362,-1.,17.3743210005968));
#5073=CARTESIAN_POINT('Ctrl Pts',(-10.2267880207916,-1.,17.2978180891225));
#5074=CARTESIAN_POINT('Ctrl Pts',(-7.23033683755373,-1.,16.2870184937313));
#5075=CARTESIAN_POINT('Ctrl Pts',(-2.42311816546609,-1.,15.2078149072702));
#5076=CARTESIAN_POINT('Ctrl Pts',(4.34217655866557,-1.,15.6027740221229));
#5077=CARTESIAN_POINT('Ctrl Pts',(8.15355789187844,-1.,16.5984507217852));
#5078=CARTESIAN_POINT('Ctrl Pts',(10.2267880207726,-1.,17.2978180891127));
#5079=CARTESIAN_POINT('Ctrl Pts',(10.4535760415447,-1.,17.3743210005929));
#5080=CARTESIAN_POINT('Ctrl Pts',(10.680364062317,-1.,17.4508239120731));
#5081=CARTESIAN_POINT('Ctrl Pts',(-10.6803640623043,-0.700800699658114,
17.450823912079));
#5082=CARTESIAN_POINT('Ctrl Pts',(-10.4535760415362,-0.700800699658116,
17.3743210005968));
#5083=CARTESIAN_POINT('Ctrl Pts',(-10.2267880207916,-0.700800699658113,
17.2978180891225));
#5084=CARTESIAN_POINT('Ctrl Pts',(-7.23033683755373,-0.700800699658114,
16.2870184937313));
#5085=CARTESIAN_POINT('Ctrl Pts',(-2.42311816546609,-0.700800699658116,
15.2078149072702));
#5086=CARTESIAN_POINT('Ctrl Pts',(4.34217655866557,-0.700800699658114,15.6027740221229));
#5087=CARTESIAN_POINT('Ctrl Pts',(8.15355789187844,-0.700800699658115,16.5984507217852));
#5088=CARTESIAN_POINT('Ctrl Pts',(10.2267880207726,-0.700800699658117,17.2978180891127));
#5089=CARTESIAN_POINT('Ctrl Pts',(10.4535760415447,-0.700800699658116,17.3743210005929));
#5090=CARTESIAN_POINT('Ctrl Pts',(10.680364062317,-0.700800699658116,17.4508239120731));
#5091=CARTESIAN_POINT('Ctrl Pts',(-10.7606224081145,-0.182756656924893,
17.2129031448328));
#5092=CARTESIAN_POINT('Ctrl Pts',(-10.5338343873464,-0.182756656924894,
17.1364002333506));
#5093=CARTESIAN_POINT('Ctrl Pts',(-10.3070463666018,-0.182756656924895,
17.0598973218764));
#5094=CARTESIAN_POINT('Ctrl Pts',(-7.29208506498423,-0.182756656924895,
16.0427743944678));
#5095=CARTESIAN_POINT('Ctrl Pts',(-2.4497134692364,-0.182756656924894,14.9547548025391));
#5096=CARTESIAN_POINT('Ctrl Pts',(4.38600130780726,-0.182756656924895,15.3534669119356));
#5097=CARTESIAN_POINT('Ctrl Pts',(8.22262055698403,-0.182756656924893,16.3563172397098));
#5098=CARTESIAN_POINT('Ctrl Pts',(10.3070463665796,-0.182756656924893,17.0598973218655));
#5099=CARTESIAN_POINT('Ctrl Pts',(10.5338343873517,-0.182756656924899,17.1364002333456));
#5100=CARTESIAN_POINT('Ctrl Pts',(10.760622408124,-0.182756656924898,17.2129031448259));
#5101=CARTESIAN_POINT('Ctrl Pts',(-10.928273863308,2.33478122196536E-15,
16.7159110570078));
#5102=CARTESIAN_POINT('Ctrl Pts',(-10.7014858425399,1.67746576678225E-15,
16.6394081455256));
#5103=CARTESIAN_POINT('Ctrl Pts',(-10.4746978217953,-9.28364179485801E-16,
16.5629052340514));
#5104=CARTESIAN_POINT('Ctrl Pts',(-7.42341204543901,-1.19517157229941E-15,
15.5335349782912));
#5105=CARTESIAN_POINT('Ctrl Pts',(-2.50445890023552,7.77210840979796E-16,
14.4258664190807));
#5106=CARTESIAN_POINT('Ctrl Pts',(4.47750747588875,-7.33574948190573E-16,
14.8326048815875));
#5107=CARTESIAN_POINT('Ctrl Pts',(8.36596780537583,1.39448450310268E-15,
15.8511600482152));
#5108=CARTESIAN_POINT('Ctrl Pts',(10.4746978217664,1.54150123677298E-15,
16.5629052340383));
#5109=CARTESIAN_POINT('Ctrl Pts',(10.7014858425385,-5.86970100214718E-15,
16.6394081455184));
#5110=CARTESIAN_POINT('Ctrl Pts',(10.9282738633108,-4.72148615920413E-15,
16.7159110569986));
#5111=CARTESIAN_POINT('Ctrl Pts',(-11.,2.4980018054066E-15,16.5032834816311));
#5112=CARTESIAN_POINT('Ctrl Pts',(-10.7732119792319,2.45613827831126E-15,
16.4267805701489));
#5113=CARTESIAN_POINT('Ctrl Pts',(-10.5464239584873,-8.32501903016685E-16,
16.3502776586746));
#5114=CARTESIAN_POINT('Ctrl Pts',(-7.48056004175238,-1.18143106734426E-15,
15.3160629102763));
#5115=CARTESIAN_POINT('Ctrl Pts',(-2.5275478112439,7.90951345934952E-16,
14.1994809584052));
#5116=CARTESIAN_POINT('Ctrl Pts',(4.51664032686827,-7.19834443235417E-16,
14.6097300943845));
#5117=CARTESIAN_POINT('Ctrl Pts',(8.42691867390634,1.40822500805784E-15,
15.6353001893322));
#5118=CARTESIAN_POINT('Ctrl Pts',(10.5464239584556,-6.93879809567104E-16,
16.3502776586605));
#5119=CARTESIAN_POINT('Ctrl Pts',(10.7732119792277,-4.83174514460219E-15,
16.4267805701407));
#5120=CARTESIAN_POINT('Ctrl Pts',(11.,-4.85722573273506E-15,16.5032834816209));
#5121=CARTESIAN_POINT('Ctrl Pts',(-9.99999990423435,-1.,17.2213155168302));
#5122=CARTESIAN_POINT('Ctrl Pts',(-7.2267786661403,-1.,16.2862198840596));
#5123=CARTESIAN_POINT('Ctrl Pts',(-2.421329779481,-1.,15.2079193135636));
#5124=CARTESIAN_POINT('Ctrl Pts',(4.34045338249564,-1.,15.6026734227902));
#5125=CARTESIAN_POINT('Ctrl Pts',(8.15016011552082,-1.,16.5975632501328));
#5126=CARTESIAN_POINT('Ctrl Pts',(9.999999898917,-1.,17.2213154893101));
#5127=CARTESIAN_POINT('Ctrl Pts',(28.3020159211256,1.,23.3951752393568));
#5128=CARTESIAN_POINT('Ctrl Pts',(28.3020159211256,-11.,23.3951752393568));
#5129=CARTESIAN_POINT('Ctrl Pts',(24.6416127369005,1.,22.1604032270119));
#5130=CARTESIAN_POINT('Ctrl Pts',(24.6416127369005,-11.,22.1604032270119));
#5131=CARTESIAN_POINT('Ctrl Pts',(20.9812095526754,1.,20.925631214667));
#5132=CARTESIAN_POINT('Ctrl Pts',(20.9812095526754,-11.,20.925631214667));
#5133=CARTESIAN_POINT('Ctrl Pts',(17.3208063684502,1.,19.6908592023221));
#5134=CARTESIAN_POINT('Ctrl Pts',(17.3208063684502,-11.,19.6908592023221));
#5135=CARTESIAN_POINT('Ctrl Pts',(13.6604031842251,1.,18.4560871899773));
#5136=CARTESIAN_POINT('Ctrl Pts',(13.6604031842251,-11.,18.4560871899773));
#5137=CARTESIAN_POINT('Ctrl Pts',(10.,1.,17.2213151776324));
#5138=CARTESIAN_POINT('Ctrl Pts',(10.,-11.,17.2213151776324));
#5139=CARTESIAN_POINT('Ctrl Pts',(9.6000000000006,1.,17.0863822808778));
#5140=CARTESIAN_POINT('Ctrl Pts',(9.6000000000006,-11.,17.0863822808778));
#5141=CARTESIAN_POINT('Ctrl Pts',(8.80000000000164,1.,16.8283001129419));
#5142=CARTESIAN_POINT('Ctrl Pts',(8.80000000000164,-11.,16.8283001129419));
#5143=CARTESIAN_POINT('Ctrl Pts',(7.60000000000273,1.,16.4765266543924));
#5144=CARTESIAN_POINT('Ctrl Pts',(7.60000000000273,-11.,16.4765266543924));
#5145=CARTESIAN_POINT('Ctrl Pts',(6.00000000000327,1.,16.07936747025));
#5146=CARTESIAN_POINT('Ctrl Pts',(6.00000000000327,-11.,16.07936747025));
#5147=CARTESIAN_POINT('Ctrl Pts',(4.00000000000277,1.,15.7108349658159));
#5148=CARTESIAN_POINT('Ctrl Pts',(4.00000000000277,-11.,15.7108349658159));
#5149=CARTESIAN_POINT('Ctrl Pts',(2.00000000000152,1.,15.4816507107917));
#5150=CARTESIAN_POINT('Ctrl Pts',(2.00000000000152,-11.,15.4816507107917));
#5151=CARTESIAN_POINT('Ctrl Pts',(-2.62723870436687E-14,1.,15.403186582175));
#5152=CARTESIAN_POINT('Ctrl Pts',(-2.62723870436687E-14,-11.,15.403186582175));
#5153=CARTESIAN_POINT('Ctrl Pts',(-2.00000000000146,1.,15.481650710775));
#5154=CARTESIAN_POINT('Ctrl Pts',(-2.00000000000146,-11.,15.481650710775));
#5155=CARTESIAN_POINT('Ctrl Pts',(-4.00000000000246,1.,15.7108349657866));
#5156=CARTESIAN_POINT('Ctrl Pts',(-4.00000000000246,-11.,15.7108349657866));
#5157=CARTESIAN_POINT('Ctrl Pts',(-6.00000000000272,1.,16.0793674702164));
#5158=CARTESIAN_POINT('Ctrl Pts',(-6.00000000000272,-11.,16.0793674702164));
#5159=CARTESIAN_POINT('Ctrl Pts',(-7.6000000000022,1.,16.4765266543648));
#5160=CARTESIAN_POINT('Ctrl Pts',(-7.6000000000022,-11.,16.4765266543648));
#5161=CARTESIAN_POINT('Ctrl Pts',(-8.80000000000131,1.,16.8283001129254));
#5162=CARTESIAN_POINT('Ctrl Pts',(-8.80000000000131,-11.,16.8283001129254));
#5163=CARTESIAN_POINT('Ctrl Pts',(-9.60000000000048,1.,17.0863822808718));
#5164=CARTESIAN_POINT('Ctrl Pts',(-9.60000000000048,-11.,17.0863822808718));
#5165=CARTESIAN_POINT('Ctrl Pts',(-10.,1.,17.2213151776324));
#5166=CARTESIAN_POINT('Ctrl Pts',(-10.,-11.,17.2213151776324));
#5167=CARTESIAN_POINT('Ctrl Pts',(-13.6604031840641,1.,18.4560871899776));
#5168=CARTESIAN_POINT('Ctrl Pts',(-13.6604031840641,-11.,18.4560871899776));
#5169=CARTESIAN_POINT('Ctrl Pts',(-17.3208063681283,1.,19.6908592023229));
#5170=CARTESIAN_POINT('Ctrl Pts',(-17.3208063681283,-11.,19.6908592023229));
#5171=CARTESIAN_POINT('Ctrl Pts',(-20.9812095521924,1.,20.9256312146681));
#5172=CARTESIAN_POINT('Ctrl Pts',(-20.9812095521924,-11.,20.9256312146681));
#5173=CARTESIAN_POINT('Ctrl Pts',(-24.6416127362565,1.,22.1604032270133));
#5174=CARTESIAN_POINT('Ctrl Pts',(-24.6416127362565,-11.,22.1604032270133));
#5175=CARTESIAN_POINT('Ctrl Pts',(-28.3020159203207,1.,23.3951752393586));
#5176=CARTESIAN_POINT('Ctrl Pts',(-28.3020159203207,-11.,23.3951752393586));
#5177=CARTESIAN_POINT('Ctrl Pts',(9.99999989020139,-9.,17.2213155119685));
#5178=CARTESIAN_POINT('Ctrl Pts',(7.22677493401565,-9.,16.2862184863553));
#5179=CARTESIAN_POINT('Ctrl Pts',(2.42167755693133,-8.99999999999999,15.2078483118342));
#5180=CARTESIAN_POINT('Ctrl Pts',(-4.34030664145097,-9.00000000000001,15.6025275893122));
#5181=CARTESIAN_POINT('Ctrl Pts',(-8.15015734646096,-9.,16.5975622287911));
#5182=CARTESIAN_POINT('Ctrl Pts',(-9.99999991818763,-9.,17.2213154956923));
#5183=CARTESIAN_POINT('Ctrl Pts',(10.680364062317,-9.,17.4508239120731));
#5184=CARTESIAN_POINT('Ctrl Pts',(10.4535760415447,-9.,17.3743210005929));
#5185=CARTESIAN_POINT('Ctrl Pts',(10.226788020776,-9.,17.2978180891139));
#5186=CARTESIAN_POINT('Ctrl Pts',(7.23033285024797,-9.,16.2870171487259));
#5187=CARTESIAN_POINT('Ctrl Pts',(2.4234659986788,-8.99999999999999,15.2077439251814));
#5188=CARTESIAN_POINT('Ctrl Pts',(-4.34202985987837,-9.00000000000001,15.6026281690509));
#5189=CARTESIAN_POINT('Ctrl Pts',(-8.15355523352828,-9.,16.5984498250105));
#5190=CARTESIAN_POINT('Ctrl Pts',(-10.2267880207698,-9.,17.2978180891152));
#5191=CARTESIAN_POINT('Ctrl Pts',(-10.4535760415362,-9.,17.3743210005968));
#5192=CARTESIAN_POINT('Ctrl Pts',(-10.6803640623043,-9.,17.450823912079));
#5193=CARTESIAN_POINT('Ctrl Pts',(10.680364062317,-9.29919930034188,17.4508239120731));
#5194=CARTESIAN_POINT('Ctrl Pts',(10.4535760415447,-9.29919930034188,17.3743210005929));
#5195=CARTESIAN_POINT('Ctrl Pts',(10.226788020776,-9.29919930034189,17.2978180891139));
#5196=CARTESIAN_POINT('Ctrl Pts',(7.23033285024797,-9.29919930034188,16.2870171487259));
#5197=CARTESIAN_POINT('Ctrl Pts',(2.4234659986788,-9.29919930034188,15.2077439251814));
#5198=CARTESIAN_POINT('Ctrl Pts',(-4.34202985987837,-9.29919930034189,15.6026281690509));
#5199=CARTESIAN_POINT('Ctrl Pts',(-8.15355523352828,-9.29919930034189,16.5984498250105));
#5200=CARTESIAN_POINT('Ctrl Pts',(-10.2267880207698,-9.29919930034188,17.2978180891152));
#5201=CARTESIAN_POINT('Ctrl Pts',(-10.4535760415362,-9.29919930034189,17.3743210005968));
#5202=CARTESIAN_POINT('Ctrl Pts',(-10.6803640623043,-9.29919930034188,17.450823912079));
#5203=CARTESIAN_POINT('Ctrl Pts',(10.7606370415207,-9.81718841179164,17.2128597650511));
#5204=CARTESIAN_POINT('Ctrl Pts',(10.5338490207483,-9.81718841179164,17.1363568535709));
#5205=CARTESIAN_POINT('Ctrl Pts',(10.3070609999797,-9.81718841179164,17.0598539420919));
#5206=CARTESIAN_POINT('Ctrl Pts',(7.29197130384243,-9.81718841179164,16.0426787064171));
#5207=CARTESIAN_POINT('Ctrl Pts',(2.45004343203311,-9.81718841179163,14.9546273940768));
#5208=CARTESIAN_POINT('Ctrl Pts',(-4.38586070421983,-9.81718841179165,15.3532732285693));
#5209=CARTESIAN_POINT('Ctrl Pts',(-8.22267794556769,-9.81718841179164,16.3562392759277));
#5210=CARTESIAN_POINT('Ctrl Pts',(-10.3070609999767,-9.81718841179164,17.0598539420942));
#5211=CARTESIAN_POINT('Ctrl Pts',(-10.5338490207431,-9.81718841179164,17.1363568535758));
#5212=CARTESIAN_POINT('Ctrl Pts',(-10.7606370415112,-9.81718841179164,17.2128597650581));
#5213=CARTESIAN_POINT('Ctrl Pts',(10.9282738633108,-10.,16.7159110569986));
#5214=CARTESIAN_POINT('Ctrl Pts',(10.7014858425385,-10.,16.6394081455184));
#5215=CARTESIAN_POINT('Ctrl Pts',(10.4746978217699,-10.,16.5629052340394));
#5216=CARTESIAN_POINT('Ctrl Pts',(7.42340812753885,-10.,15.5335335769585));
#5217=CARTESIAN_POINT('Ctrl Pts',(2.50468361006655,-9.99999999999999,14.4257487525421));
#5218=CARTESIAN_POINT('Ctrl Pts',(-4.47735371375176,-10.,14.8324460386839));
#5219=CARTESIAN_POINT('Ctrl Pts',(-8.36596507676365,-10.,15.8511590885122));
#5220=CARTESIAN_POINT('Ctrl Pts',(-10.4746978217735,-10.,16.562905234044));
#5221=CARTESIAN_POINT('Ctrl Pts',(-10.7014858425399,-10.,16.6394081455256));
#5222=CARTESIAN_POINT('Ctrl Pts',(-10.928273863308,-10.,16.7159110570079));
#5223=CARTESIAN_POINT('Ctrl Pts',(11.,-10.,16.5032834816209));
#5224=CARTESIAN_POINT('Ctrl Pts',(10.7732119792277,-10.,16.4267805701407));
#5225=CARTESIAN_POINT('Ctrl Pts',(10.546423958459,-10.,16.3502776586617));
#5226=CARTESIAN_POINT('Ctrl Pts',(7.48055595451279,-10.,15.316061531561));
#5227=CARTESIAN_POINT('Ctrl Pts',(2.52777311713713,-9.99999999999999,14.1993633027034));
#5228=CARTESIAN_POINT('Ctrl Pts',(-4.51648692009612,-10.,14.6095712543544));
#5229=CARTESIAN_POINT('Ctrl Pts',(-8.42691594894072,-10.,15.6352992700853));
#5230=CARTESIAN_POINT('Ctrl Pts',(-10.5464239584655,-10.,16.3502776586673));
#5231=CARTESIAN_POINT('Ctrl Pts',(-10.7732119792319,-10.,16.4267805701489));
#5232=CARTESIAN_POINT('Ctrl Pts',(-11.,-10.,16.5032834816311));
#5233=CARTESIAN_POINT('Origin',(-11.75,-5.,22.2213151776324));
#5234=CARTESIAN_POINT('',(-13.5,-6.75,22.2213151776324));
#5235=CARTESIAN_POINT('',(-11.75,-6.75,22.2213151776324));
#5236=CARTESIAN_POINT('Origin',(-13.5,-5.,22.2213151776324));
#5237=CARTESIAN_POINT('Origin',(-13.5,-5.,22.2213151776324));
#5238=CARTESIAN_POINT('Origin',(11.75,-5.,22.2213151776324));
#5239=CARTESIAN_POINT('',(13.5,-3.25,22.2213151776324));
#5240=CARTESIAN_POINT('',(11.75,-3.25,22.2213151776324));
#5241=CARTESIAN_POINT('Origin',(13.5,-5.,22.2213151776324));
#5242=CARTESIAN_POINT('Origin',(13.5,-5.,22.2213151776324));
#5243=CARTESIAN_POINT('',(5.28457617817011,-5.,55.6454333597635));
#5244=CARTESIAN_POINT('',(0.,0.,0.));
#5245=CARTESIAN_POINT('',(4.64744503720595E-31,12.5,0.));
#5246=UNCERTAINTY_MEASURE_WITH_UNIT(LENGTH_MEASURE(0.01),#5254,
'DISTANCE_ACCURACY_VALUE',
'Maximum model space distance between geometric entities at asserted c
onnectivities');
#5247=UNCERTAINTY_MEASURE_WITH_UNIT(LENGTH_MEASURE(0.01),#5254,
'DISTANCE_ACCURACY_VALUE',
'Maximum model space distance between geometric entities at asserted c
onnectivities');
#5248=UNCERTAINTY_MEASURE_WITH_UNIT(LENGTH_MEASURE(0.01),#5254,
'DISTANCE_ACCURACY_VALUE',
'Maximum model space distance between geometric entities at asserted c
onnectivities');
#5249=UNCERTAINTY_MEASURE_WITH_UNIT(LENGTH_MEASURE(0.01),#5254,
'DISTANCE_ACCURACY_VALUE',
'Maximum model space distance between geometric entities at asserted c
onnectivities');
#5250=(
GEOMETRIC_REPRESENTATION_CONTEXT(3)
GLOBAL_UNCERTAINTY_ASSIGNED_CONTEXT((#5246))
GLOBAL_UNIT_ASSIGNED_CONTEXT((#5254,#5256,#5257))
REPRESENTATION_CONTEXT('','3D')
);
#5251=(
GEOMETRIC_REPRESENTATION_CONTEXT(3)
GLOBAL_UNCERTAINTY_ASSIGNED_CONTEXT((#5247))
GLOBAL_UNIT_ASSIGNED_CONTEXT((#5254,#5256,#5257))
REPRESENTATION_CONTEXT('','3D')
);
#5252=(
GEOMETRIC_REPRESENTATION_CONTEXT(3)
GLOBAL_UNCERTAINTY_ASSIGNED_CONTEXT((#5248))
GLOBAL_UNIT_ASSIGNED_CONTEXT((#5254,#5256,#5257))
REPRESENTATION_CONTEXT('','3D')
);
#5253=(
GEOMETRIC_REPRESENTATION_CONTEXT(3)
GLOBAL_UNCERTAINTY_ASSIGNED_CONTEXT((#5249))
GLOBAL_UNIT_ASSIGNED_CONTEXT((#5254,#5256,#5257))
REPRESENTATION_CONTEXT('','3D')
);
#5254=(
LENGTH_UNIT()
NAMED_UNIT(*)
SI_UNIT(.MILLI.,.METRE.)
);
#5255=(
LENGTH_UNIT()
NAMED_UNIT(*)
SI_UNIT($,.METRE.)
);
#5256=(
NAMED_UNIT(*)
PLANE_ANGLE_UNIT()
SI_UNIT($,.RADIAN.)
);
#5257=(
NAMED_UNIT(*)
SI_UNIT($,.STERADIAN.)
SOLID_ANGLE_UNIT()
);
#5258=SHAPE_DEFINITION_REPRESENTATION(#5261,#5267);
#5259=SHAPE_DEFINITION_REPRESENTATION(#5262,#5268);
#5260=SHAPE_DEFINITION_REPRESENTATION(#5263,#5269);
#5261=PRODUCT_DEFINITION_SHAPE('',$,#5271);
#5262=PRODUCT_DEFINITION_SHAPE('',$,#5272);
#5263=PRODUCT_DEFINITION_SHAPE('',$,#5273);
#5264=PRODUCT_DEFINITION_SHAPE($,$,#20);
#5265=PRODUCT_DEFINITION_SHAPE($,$,#21);
#5266=PRODUCT_DEFINITION_SHAPE($,$,#22);
#5267=SHAPE_REPRESENTATION('',(#1838,#2030,#2031),#5250);
#5268=SHAPE_REPRESENTATION('',(#1839,#2029),#5251);
#5269=SHAPE_REPRESENTATION('',(#1840),#5252);
#5270=PRODUCT_DEFINITION_CONTEXT('part definition',#5281,'design');
#5271=PRODUCT_DEFINITION('58mm Omni-Directional Wheel',
'58mm Omni-Directional Wheel v1',#5274,#5270);
#5272=PRODUCT_DEFINITION('Component1','Component1',#5275,#5270);
#5273=PRODUCT_DEFINITION('Component2','Component2',#5276,#5270);
#5274=PRODUCT_DEFINITION_FORMATION('',$,#5283);
#5275=PRODUCT_DEFINITION_FORMATION('',$,#5284);
#5276=PRODUCT_DEFINITION_FORMATION('',$,#5285);
#5277=PRODUCT_RELATED_PRODUCT_CATEGORY('58mm Omni-Directional Wheel v1',
'58mm Omni-Directional Wheel v1',(#5283));
#5278=PRODUCT_RELATED_PRODUCT_CATEGORY('Component1','Component1',(#5284));
#5279=PRODUCT_RELATED_PRODUCT_CATEGORY('Component2','Component2',(#5285));
#5280=APPLICATION_PROTOCOL_DEFINITION('international standard',
'ap242_managed_model_based_3d_engineering',2011,#5281);
#5281=APPLICATION_CONTEXT('Managed model based 3d engineering');
#5282=PRODUCT_CONTEXT('part definition',#5281,'mechanical');
#5283=PRODUCT('58mm Omni-Directional Wheel',
'58mm Omni-Directional Wheel v1',$,(#5282));
#5284=PRODUCT('Component1','Component1',$,(#5282));
#5285=PRODUCT('Component2','Component2',$,(#5282));
#5286=PRESENTATION_STYLE_ASSIGNMENT((#5289));
#5287=PRESENTATION_STYLE_ASSIGNMENT((#5290));
#5288=PRESENTATION_STYLE_ASSIGNMENT((#5291));
#5289=SURFACE_STYLE_USAGE(.BOTH.,#5292);
#5290=SURFACE_STYLE_USAGE(.BOTH.,#5293);
#5291=SURFACE_STYLE_USAGE(.BOTH.,#5294);
#5292=SURFACE_SIDE_STYLE('',(#5295));
#5293=SURFACE_SIDE_STYLE('',(#5296));
#5294=SURFACE_SIDE_STYLE('',(#5297));
#5295=SURFACE_STYLE_FILL_AREA(#5298);
#5296=SURFACE_STYLE_FILL_AREA(#5299);
#5297=SURFACE_STYLE_FILL_AREA(#5300);
#5298=FILL_AREA_STYLE('Steel - Satin',(#5301));
#5299=FILL_AREA_STYLE('Aluminum - Anodized Rough (Grey)',(#5302));
#5300=FILL_AREA_STYLE('Rubber - Hard',(#5303));
#5301=FILL_AREA_STYLE_COLOUR('Steel - Satin',#5304);
#5302=FILL_AREA_STYLE_COLOUR('Aluminum - Anodized Rough (Grey)',#5305);
#5303=FILL_AREA_STYLE_COLOUR('Rubber - Hard',#5306);
#5304=COLOUR_RGB('Steel - Satin',0.627450980392157,0.627450980392157,0.627450980392157);
#5305=COLOUR_RGB('Aluminum - Anodized Rough (Grey)',0.537254901960784,0.537254901960784,
0.537254901960784);
#5306=COLOUR_RGB('Rubber - Hard',0.152941176470588,0.152941176470588,0.152941176470588);
ENDSEC;
END-ISO-10303-21;
