ISO-10303-21;
HEADER;
/* Generated by software containing ST-Developer
 * from STEP Tools, Inc. (www.steptools.com) 
 */

FILE_DESCRIPTION(
/* description */ (''),
/* implementation_level */ '2;1');

FILE_NAME(
/* name */ 'Kamera_Schraube.step',
/* time_stamp */ '2025-07-04T12:19:53+02:00',
/* author */ (''),
/* organization */ (''),
/* preprocessor_version */ 'ST-DEVELOPER v20.1',
/* originating_system */ 'Autodesk Translation Framework v14.10.0.0',
/* authorisation */ '');

FILE_SCHEMA (('AUTOMOTIVE_DESIGN { 1 0 10303 214 3 1 1 }'));
ENDSEC;

DATA;
#10=MECHANICAL_DESIGN_GEOMETRIC_PRESENTATION_REPRESENTATION('',(#23,#24),
#5456);
#11=ITEM_DEFINED_TRANSFORMATION($,$,#1766,#1956);
#12=(
REPRESENTATION_RELATIONSHIP($,$,#5467,#5466)
REPRESENTATION_RELATIONSHIP_WITH_TRANSFORMATION(#11)
SHAPE_REPRESENTATION_RELATIONSHIP()
);
#13=CONTEXT_DEPENDENT_SHAPE_REPRESENTATION(#12,#5465);
#14=NEXT_ASSEMBLY_USAGE_OCCURRENCE('Plastikteil:1','Plastikteil:1',
'Plastikteil:1',#5469,#5470,'Plastikteil:1');
#15=B_SPLINE_SURFACE_WITH_KNOTS('',3,3,((#3866,#3867,#3868,#3869,#3870,
#3871,#3872,#3873,#3874,#3875,#3876,#3877,#3878,#3879,#3880,#3881,#3882,
#3883,#3884,#3885,#3886,#3887,#3888,#3889,#3890,#3891,#3892,#3893,#3894,
#3895,#3896,#3897,#3898,#3899,#3900,#3901,#3902,#3903,#3904,#3905,#3906,
#3907,#3908,#3909,#3910,#3911,#3912,#3913,#3914,#3915,#3916,#3917),(#3918,
#3919,#3920,#3921,#3922,#3923,#3924,#3925,#3926,#3927,#3928,#3929,#3930,
#3931,#3932,#3933,#3934,#3935,#3936,#3937,#3938,#3939,#3940,#3941,#3942,
#3943,#3944,#3945,#3946,#3947,#3948,#3949,#3950,#3951,#3952,#3953,#3954,
#3955,#3956,#3957,#3958,#3959,#3960,#3961,#3962,#3963,#3964,#3965,#3966,
#3967,#3968,#3969),(#3970,#3971,#3972,#3973,#3974,#3975,#3976,#3977,#3978,
#3979,#3980,#3981,#3982,#3983,#3984,#3985,#3986,#3987,#3988,#3989,#3990,
#3991,#3992,#3993,#3994,#3995,#3996,#3997,#3998,#3999,#4000,#4001,#4002,
#4003,#4004,#4005,#4006,#4007,#4008,#4009,#4010,#4011,#4012,#4013,#4014,
#4015,#4016,#4017,#4018,#4019,#4020,#4021),(#4022,#4023,#4024,#4025,#4026,
#4027,#4028,#4029,#4030,#4031,#4032,#4033,#4034,#4035,#4036,#4037,#4038,
#4039,#4040,#4041,#4042,#4043,#4044,#4045,#4046,#4047,#4048,#4049,#4050,
#4051,#4052,#4053,#4054,#4055,#4056,#4057,#4058,#4059,#4060,#4061,#4062,
#4063,#4064,#4065,#4066,#4067,#4068,#4069,#4070,#4071,#4072,#4073)),
 .UNSPECIFIED.,.F.,.F.,.F.,(4,4),(4,1,1,1,1,1,1,1,1,1,1,1,1,1,1,1,1,1,1,
1,1,1,1,1,1,1,1,1,1,1,1,1,1,1,1,1,1,1,1,1,1,1,1,1,1,1,1,1,1,4),(0.,0.0642013499338864),
(11.8589888623078,12.8477579299218,13.8365269975358,14.8252960651498,15.8140651327638,
16.8028342003778,17.7916032679918,18.7803723356057,19.7691414032197,20.7579104708337,
21.7466795384477,22.7354486060617,23.7242176736757,24.7129867412897,25.7017558089037,
26.6905248765177,27.6792939441317,28.6680630117457,29.6568320793597,30.6456011469737,
31.6343702145876,32.6231392822016,33.6119083498156,34.6006774174296,35.5894464850436,
36.5782155526576,37.5669846202716,38.5557536878856,39.5445227554996,40.5332918231136,
41.5220608907276,42.5108299583416,43.4995990259555,44.4883680935695,45.4771371611835,
46.4659062287975,47.4546752964115,48.4434443640255,49.4322134316395,50.4209824992535,
51.4097515668675,52.3985206344815,53.3872897020955,54.3760587697095,55.3648278373235,
56.3535969049374,57.3423659725514,58.3311350401654,59.3199041077794,60.3086731753934),
 .UNSPECIFIED.);
#16=B_SPLINE_SURFACE_WITH_KNOTS('',3,3,((#4388,#4389,#4390,#4391,#4392,
#4393,#4394,#4395,#4396,#4397,#4398,#4399,#4400,#4401,#4402,#4403,#4404,
#4405,#4406,#4407,#4408,#4409,#4410,#4411,#4412,#4413,#4414,#4415,#4416,
#4417,#4418,#4419,#4420,#4421,#4422,#4423,#4424,#4425,#4426,#4427,#4428,
#4429,#4430,#4431,#4432,#4433,#4434,#4435,#4436,#4437,#4438,#4439),(#4440,
#4441,#4442,#4443,#4444,#4445,#4446,#4447,#4448,#4449,#4450,#4451,#4452,
#4453,#4454,#4455,#4456,#4457,#4458,#4459,#4460,#4461,#4462,#4463,#4464,
#4465,#4466,#4467,#4468,#4469,#4470,#4471,#4472,#4473,#4474,#4475,#4476,
#4477,#4478,#4479,#4480,#4481,#4482,#4483,#4484,#4485,#4486,#4487,#4488,
#4489,#4490,#4491),(#4492,#4493,#4494,#4495,#4496,#4497,#4498,#4499,#4500,
#4501,#4502,#4503,#4504,#4505,#4506,#4507,#4508,#4509,#4510,#4511,#4512,
#4513,#4514,#4515,#4516,#4517,#4518,#4519,#4520,#4521,#4522,#4523,#4524,
#4525,#4526,#4527,#4528,#4529,#4530,#4531,#4532,#4533,#4534,#4535,#4536,
#4537,#4538,#4539,#4540,#4541,#4542,#4543),(#4544,#4545,#4546,#4547,#4548,
#4549,#4550,#4551,#4552,#4553,#4554,#4555,#4556,#4557,#4558,#4559,#4560,
#4561,#4562,#4563,#4564,#4565,#4566,#4567,#4568,#4569,#4570,#4571,#4572,
#4573,#4574,#4575,#4576,#4577,#4578,#4579,#4580,#4581,#4582,#4583,#4584,
#4585,#4586,#4587,#4588,#4589,#4590,#4591,#4592,#4593,#4594,#4595)),
 .UNSPECIFIED.,.F.,.F.,.F.,(4,4),(4,1,1,1,1,1,1,1,1,1,1,1,1,1,1,1,1,1,1,
1,1,1,1,1,1,1,1,1,1,1,1,1,1,1,1,1,1,1,1,1,1,1,1,1,1,1,1,1,1,4),(0.,0.0642013499338863),
(14.3984001269718,15.3871691945858,16.3759382621998,17.3647073298138,18.3534763974278,
19.3422454650418,20.3310145326558,21.3197836002698,22.3085526678838,23.2973217354978,
24.2860908031118,25.2748598707258,26.2636289383397,27.2523980059537,28.2411670735677,
29.2299361411817,30.2187052087957,31.2074742764097,32.1962433440237,33.1850124116377,
34.1737814792517,35.1625505468657,36.1513196144797,37.1400886820936,38.1288577497076,
39.1176268173216,40.1063958849356,41.0951649525496,42.0839340201636,43.0727030877776,
44.0614721553916,45.0502412230056,46.0390102906196,47.0277793582336,48.0165484258476,
49.0053174934616,49.9940865610755,50.9828556286895,51.9716246963035,52.9603937639175,
53.9491628315315,54.9379318991455,55.9267009667595,56.9154700343735,57.9042391019875,
58.8930081696015,59.8817772372155,60.8705463048295,61.8593153724434,62.8480844400574),
 .UNSPECIFIED.);
#17=B_SPLINE_SURFACE_WITH_KNOTS('',3,3,((#4726,#4727,#4728,#4729,#4730,
#4731,#4732,#4733,#4734,#4735,#4736,#4737,#4738,#4739,#4740,#4741,#4742,
#4743,#4744,#4745,#4746,#4747,#4748,#4749,#4750,#4751,#4752,#4753,#4754,
#4755,#4756,#4757,#4758,#4759,#4760,#4761,#4762,#4763,#4764),(#4765,#4766,
#4767,#4768,#4769,#4770,#4771,#4772,#4773,#4774,#4775,#4776,#4777,#4778,
#4779,#4780,#4781,#4782,#4783,#4784,#4785,#4786,#4787,#4788,#4789,#4790,
#4791,#4792,#4793,#4794,#4795,#4796,#4797,#4798,#4799,#4800,#4801,#4802,
#4803),(#4804,#4805,#4806,#4807,#4808,#4809,#4810,#4811,#4812,#4813,#4814,
#4815,#4816,#4817,#4818,#4819,#4820,#4821,#4822,#4823,#4824,#4825,#4826,
#4827,#4828,#4829,#4830,#4831,#4832,#4833,#4834,#4835,#4836,#4837,#4838,
#4839,#4840,#4841,#4842),(#4843,#4844,#4845,#4846,#4847,#4848,#4849,#4850,
#4851,#4852,#4853,#4854,#4855,#4856,#4857,#4858,#4859,#4860,#4861,#4862,
#4863,#4864,#4865,#4866,#4867,#4868,#4869,#4870,#4871,#4872,#4873,#4874,
#4875,#4876,#4877,#4878,#4879,#4880,#4881)),.UNSPECIFIED.,.F.,.F.,.F.,(4,
4),(4,1,1,1,1,1,1,1,1,1,1,1,1,1,1,1,1,1,1,1,1,1,1,1,1,1,1,1,1,1,1,1,1,1,
1,1,4),(0.,0.0658467982010768),(8.3074775524011,9.28996422748335,10.2724509025656,
11.2549375776478,12.2374242527301,13.2199109278123,14.2023976028946,15.1848842779768,
16.1673709530591,17.1498576281413,18.1323443032236,19.1148309783058,20.0973176533881,
21.0798043284703,22.0622910035526,23.0447776786348,24.0272643537171,25.0097510287993,
25.9922377038816,26.9747243789638,27.9572110540461,28.9396977291283,29.9221844042106,
30.9046710792928,31.8871577543751,32.8696444294573,33.8521311045396,34.8346177796218,
35.8171044547041,36.7995911297863,37.7820778048685,38.7645644799508,39.747051155033,
40.7295378301153,41.7120245051975,42.6945111802798,43.676997855362),
 .UNSPECIFIED.);
#18=B_SPLINE_SURFACE_WITH_KNOTS('',3,3,((#5093,#5094,#5095,#5096,#5097,
#5098,#5099,#5100,#5101,#5102,#5103,#5104,#5105,#5106,#5107,#5108,#5109,
#5110,#5111,#5112,#5113,#5114,#5115,#5116,#5117,#5118,#5119,#5120,#5121,
#5122,#5123,#5124,#5125,#5126,#5127,#5128,#5129,#5130,#5131),(#5132,#5133,
#5134,#5135,#5136,#5137,#5138,#5139,#5140,#5141,#5142,#5143,#5144,#5145,
#5146,#5147,#5148,#5149,#5150,#5151,#5152,#5153,#5154,#5155,#5156,#5157,
#5158,#5159,#5160,#5161,#5162,#5163,#5164,#5165,#5166,#5167,#5168,#5169,
#5170),(#5171,#5172,#5173,#5174,#5175,#5176,#5177,#5178,#5179,#5180,#5181,
#5182,#5183,#5184,#5185,#5186,#5187,#5188,#5189,#5190,#5191,#5192,#5193,
#5194,#5195,#5196,#5197,#5198,#5199,#5200,#5201,#5202,#5203,#5204,#5205,
#5206,#5207,#5208,#5209),(#5210,#5211,#5212,#5213,#5214,#5215,#5216,#5217,
#5218,#5219,#5220,#5221,#5222,#5223,#5224,#5225,#5226,#5227,#5228,#5229,
#5230,#5231,#5232,#5233,#5234,#5235,#5236,#5237,#5238,#5239,#5240,#5241,
#5242,#5243,#5244,#5245,#5246,#5247,#5248)),.UNSPECIFIED.,.F.,.F.,.F.,(4,
4),(4,1,1,1,1,1,1,1,1,1,1,1,1,1,1,1,1,1,1,1,1,1,1,1,1,1,1,1,1,1,1,1,1,1,
1,1,4),(0.,0.0658467982010768),(11.6150328478183,12.5975195229006,13.5800061979828,
14.5624928730651,15.5449795481473,16.5274662232296,17.5099528983118,18.4924395733941,
19.4749262484763,20.4574129235586,21.4398995986408,22.422386273723,23.4048729488053,
24.3873596238875,25.3698462989698,26.352332974052,27.3348196491343,28.3173063242165,
29.2997929992988,30.282279674381,31.2647663494633,32.2472530245455,33.2297396996278,
34.21222637471,35.1947130497923,36.1771997248745,37.1596863999568,38.142173075039,
39.1246597501213,40.1071464252035,41.0896331002858,42.072119775368,43.0546064504503,
44.0370931255325,45.0195798006148,46.002066475697,46.9845531507793),
 .UNSPECIFIED.);
#19=SHAPE_REPRESENTATION_RELATIONSHIP('SRR','None',#5467,#21);
#20=SHAPE_REPRESENTATION_RELATIONSHIP('SRR','None',#5466,#22);
#21=ADVANCED_BREP_SHAPE_REPRESENTATION('',(#25),#5455);
#22=ADVANCED_BREP_SHAPE_REPRESENTATION('',(#26),#5454);
#23=STYLED_ITEM('',(#5482),#25);
#24=STYLED_ITEM('',(#5481),#26);
#25=MANIFOLD_SOLID_BREP('Body1',#1751);
#26=MANIFOLD_SOLID_BREP('Body1',#1752);
#27=FACE_BOUND('',#252,.T.);
#28=FACE_BOUND('',#275,.T.);
#29=FACE_BOUND('',#280,.T.);
#30=FACE_BOUND('',#282,.T.);
#31=FACE_BOUND('',#285,.T.);
#32=FACE_BOUND('',#319,.T.);
#33=FACE_BOUND('',#325,.T.);
#34=FACE_BOUND('',#329,.T.);
#35=PLANE('',#1841);
#36=PLANE('',#1886);
#37=PLANE('',#1893);
#38=PLANE('',#1895);
#39=PLANE('',#1898);
#40=PLANE('',#1935);
#41=PLANE('',#1940);
#42=PLANE('',#1945);
#43=PLANE('',#1948);
#44=PLANE('',#1950);
#45=PLANE('',#1955);
#46=CYLINDRICAL_SURFACE('',#1792,2.21638779713299);
#47=CYLINDRICAL_SURFACE('',#1794,14.97);
#48=CYLINDRICAL_SURFACE('',#1796,2.21638779713299);
#49=CYLINDRICAL_SURFACE('',#1798,14.97);
#50=CYLINDRICAL_SURFACE('',#1800,2.21638779713299);
#51=CYLINDRICAL_SURFACE('',#1802,14.97);
#52=CYLINDRICAL_SURFACE('',#1804,2.21638779713299);
#53=CYLINDRICAL_SURFACE('',#1806,14.97);
#54=CYLINDRICAL_SURFACE('',#1808,2.21638779713299);
#55=CYLINDRICAL_SURFACE('',#1810,14.97);
#56=CYLINDRICAL_SURFACE('',#1812,2.21638779713299);
#57=CYLINDRICAL_SURFACE('',#1814,14.97);
#58=CYLINDRICAL_SURFACE('',#1816,2.21638779713299);
#59=CYLINDRICAL_SURFACE('',#1818,14.97);
#60=CYLINDRICAL_SURFACE('',#1820,2.21638779713299);
#61=CYLINDRICAL_SURFACE('',#1822,14.97);
#62=CYLINDRICAL_SURFACE('',#1824,2.21638779713299);
#63=CYLINDRICAL_SURFACE('',#1826,14.97);
#64=CYLINDRICAL_SURFACE('',#1828,2.21638779713298);
#65=CYLINDRICAL_SURFACE('',#1830,14.97);
#66=CYLINDRICAL_SURFACE('',#1832,2.21638779713299);
#67=CYLINDRICAL_SURFACE('',#1834,14.97);
#68=CYLINDRICAL_SURFACE('',#1836,2.21638779713299);
#69=CYLINDRICAL_SURFACE('',#1838,14.095);
#70=CYLINDRICAL_SURFACE('',#1865,14.97);
#71=CYLINDRICAL_SURFACE('',#1866,2.21638779713299);
#72=CYLINDRICAL_SURFACE('',#1867,14.97);
#73=CYLINDRICAL_SURFACE('',#1868,2.21638779713298);
#74=CYLINDRICAL_SURFACE('',#1869,14.97);
#75=CYLINDRICAL_SURFACE('',#1870,2.21638779713299);
#76=CYLINDRICAL_SURFACE('',#1871,14.97);
#77=CYLINDRICAL_SURFACE('',#1872,2.21638779713299);
#78=CYLINDRICAL_SURFACE('',#1873,14.97);
#79=CYLINDRICAL_SURFACE('',#1874,2.21638779713299);
#80=CYLINDRICAL_SURFACE('',#1875,14.97);
#81=CYLINDRICAL_SURFACE('',#1876,2.21638779713299);
#82=CYLINDRICAL_SURFACE('',#1877,14.97);
#83=CYLINDRICAL_SURFACE('',#1878,2.21638779713299);
#84=CYLINDRICAL_SURFACE('',#1879,14.97);
#85=CYLINDRICAL_SURFACE('',#1880,2.21638779713299);
#86=CYLINDRICAL_SURFACE('',#1881,14.97);
#87=CYLINDRICAL_SURFACE('',#1882,2.21638779713299);
#88=CYLINDRICAL_SURFACE('',#1883,14.97);
#89=CYLINDRICAL_SURFACE('',#1884,2.21638779713299);
#90=CYLINDRICAL_SURFACE('',#1885,14.97);
#91=CYLINDRICAL_SURFACE('',#1889,11.4);
#92=CYLINDRICAL_SURFACE('',#1891,2.21638779713299);
#93=CYLINDRICAL_SURFACE('',#1892,14.97);
#94=CYLINDRICAL_SURFACE('',#1896,5.655);
#95=CYLINDRICAL_SURFACE('',#1901,2.942);
#96=CYLINDRICAL_SURFACE('',#1903,2.942);
#97=CYLINDRICAL_SURFACE('',#1904,2.942);
#98=CYLINDRICAL_SURFACE('',#1905,2.942);
#99=CYLINDRICAL_SURFACE('',#1906,2.942);
#100=CYLINDRICAL_SURFACE('',#1907,2.942);
#101=CYLINDRICAL_SURFACE('',#1909,2.37175);
#102=CYLINDRICAL_SURFACE('',#1911,2.37175);
#103=CYLINDRICAL_SURFACE('',#1912,2.37175);
#104=CYLINDRICAL_SURFACE('',#1913,2.37175);
#105=CYLINDRICAL_SURFACE('',#1914,2.37175);
#106=CYLINDRICAL_SURFACE('',#1915,2.5175);
#107=CYLINDRICAL_SURFACE('',#1917,2.5175);
#108=CYLINDRICAL_SURFACE('',#1918,2.5175);
#109=CYLINDRICAL_SURFACE('',#1919,2.5175);
#110=CYLINDRICAL_SURFACE('',#1920,2.5175);
#111=CYLINDRICAL_SURFACE('',#1921,2.5175);
#112=CYLINDRICAL_SURFACE('',#1922,2.5175);
#113=CYLINDRICAL_SURFACE('',#1924,3.0735);
#114=CYLINDRICAL_SURFACE('',#1926,3.0735);
#115=CYLINDRICAL_SURFACE('',#1927,3.0735);
#116=CYLINDRICAL_SURFACE('',#1928,3.0735);
#117=CYLINDRICAL_SURFACE('',#1929,3.0735);
#118=CYLINDRICAL_SURFACE('',#1930,3.0735);
#119=CYLINDRICAL_SURFACE('',#1931,3.0735);
#120=CYLINDRICAL_SURFACE('',#1932,3.0735);
#121=CYLINDRICAL_SURFACE('',#1934,3.0735);
#122=CYLINDRICAL_SURFACE('',#1942,2.5175);
#123=CYLINDRICAL_SURFACE('',#1943,2.37175);
#124=CYLINDRICAL_SURFACE('',#1949,2.942);
#125=CYLINDRICAL_SURFACE('',#1953,5.655);
#126=CYLINDRICAL_SURFACE('',#1954,2.235);
#127=FACE_OUTER_BOUND('',#226,.T.);
#128=FACE_OUTER_BOUND('',#227,.T.);
#129=FACE_OUTER_BOUND('',#228,.T.);
#130=FACE_OUTER_BOUND('',#229,.T.);
#131=FACE_OUTER_BOUND('',#230,.T.);
#132=FACE_OUTER_BOUND('',#231,.T.);
#133=FACE_OUTER_BOUND('',#232,.T.);
#134=FACE_OUTER_BOUND('',#233,.T.);
#135=FACE_OUTER_BOUND('',#234,.T.);
#136=FACE_OUTER_BOUND('',#235,.T.);
#137=FACE_OUTER_BOUND('',#236,.T.);
#138=FACE_OUTER_BOUND('',#237,.T.);
#139=FACE_OUTER_BOUND('',#238,.T.);
#140=FACE_OUTER_BOUND('',#239,.T.);
#141=FACE_OUTER_BOUND('',#240,.T.);
#142=FACE_OUTER_BOUND('',#241,.T.);
#143=FACE_OUTER_BOUND('',#242,.T.);
#144=FACE_OUTER_BOUND('',#243,.T.);
#145=FACE_OUTER_BOUND('',#244,.T.);
#146=FACE_OUTER_BOUND('',#245,.T.);
#147=FACE_OUTER_BOUND('',#246,.T.);
#148=FACE_OUTER_BOUND('',#247,.T.);
#149=FACE_OUTER_BOUND('',#248,.T.);
#150=FACE_OUTER_BOUND('',#249,.T.);
#151=FACE_OUTER_BOUND('',#250,.T.);
#152=FACE_OUTER_BOUND('',#251,.T.);
#153=FACE_OUTER_BOUND('',#253,.T.);
#154=FACE_OUTER_BOUND('',#254,.T.);
#155=FACE_OUTER_BOUND('',#255,.T.);
#156=FACE_OUTER_BOUND('',#256,.T.);
#157=FACE_OUTER_BOUND('',#257,.T.);
#158=FACE_OUTER_BOUND('',#258,.T.);
#159=FACE_OUTER_BOUND('',#259,.T.);
#160=FACE_OUTER_BOUND('',#260,.T.);
#161=FACE_OUTER_BOUND('',#261,.T.);
#162=FACE_OUTER_BOUND('',#262,.T.);
#163=FACE_OUTER_BOUND('',#263,.T.);
#164=FACE_OUTER_BOUND('',#264,.T.);
#165=FACE_OUTER_BOUND('',#265,.T.);
#166=FACE_OUTER_BOUND('',#266,.T.);
#167=FACE_OUTER_BOUND('',#267,.T.);
#168=FACE_OUTER_BOUND('',#268,.T.);
#169=FACE_OUTER_BOUND('',#269,.T.);
#170=FACE_OUTER_BOUND('',#270,.T.);
#171=FACE_OUTER_BOUND('',#271,.T.);
#172=FACE_OUTER_BOUND('',#272,.T.);
#173=FACE_OUTER_BOUND('',#273,.T.);
#174=FACE_OUTER_BOUND('',#274,.T.);
#175=FACE_OUTER_BOUND('',#276,.T.);
#176=FACE_OUTER_BOUND('',#277,.T.);
#177=FACE_OUTER_BOUND('',#278,.T.);
#178=FACE_OUTER_BOUND('',#279,.T.);
#179=FACE_OUTER_BOUND('',#281,.T.);
#180=FACE_OUTER_BOUND('',#283,.T.);
#181=FACE_OUTER_BOUND('',#284,.T.);
#182=FACE_OUTER_BOUND('',#286,.T.);
#183=FACE_OUTER_BOUND('',#287,.T.);
#184=FACE_OUTER_BOUND('',#288,.T.);
#185=FACE_OUTER_BOUND('',#289,.T.);
#186=FACE_OUTER_BOUND('',#290,.T.);
#187=FACE_OUTER_BOUND('',#291,.T.);
#188=FACE_OUTER_BOUND('',#292,.T.);
#189=FACE_OUTER_BOUND('',#293,.T.);
#190=FACE_OUTER_BOUND('',#294,.T.);
#191=FACE_OUTER_BOUND('',#295,.T.);
#192=FACE_OUTER_BOUND('',#296,.T.);
#193=FACE_OUTER_BOUND('',#297,.T.);
#194=FACE_OUTER_BOUND('',#298,.T.);
#195=FACE_OUTER_BOUND('',#299,.T.);
#196=FACE_OUTER_BOUND('',#300,.T.);
#197=FACE_OUTER_BOUND('',#301,.T.);
#198=FACE_OUTER_BOUND('',#302,.T.);
#199=FACE_OUTER_BOUND('',#303,.T.);
#200=FACE_OUTER_BOUND('',#304,.T.);
#201=FACE_OUTER_BOUND('',#305,.T.);
#202=FACE_OUTER_BOUND('',#306,.T.);
#203=FACE_OUTER_BOUND('',#307,.T.);
#204=FACE_OUTER_BOUND('',#308,.T.);
#205=FACE_OUTER_BOUND('',#309,.T.);
#206=FACE_OUTER_BOUND('',#310,.T.);
#207=FACE_OUTER_BOUND('',#311,.T.);
#208=FACE_OUTER_BOUND('',#312,.T.);
#209=FACE_OUTER_BOUND('',#313,.T.);
#210=FACE_OUTER_BOUND('',#314,.T.);
#211=FACE_OUTER_BOUND('',#315,.T.);
#212=FACE_OUTER_BOUND('',#316,.T.);
#213=FACE_OUTER_BOUND('',#317,.T.);
#214=FACE_OUTER_BOUND('',#318,.T.);
#215=FACE_OUTER_BOUND('',#320,.T.);
#216=FACE_OUTER_BOUND('',#321,.T.);
#217=FACE_OUTER_BOUND('',#322,.T.);
#218=FACE_OUTER_BOUND('',#323,.T.);
#219=FACE_OUTER_BOUND('',#324,.T.);
#220=FACE_OUTER_BOUND('',#326,.T.);
#221=FACE_OUTER_BOUND('',#327,.T.);
#222=FACE_OUTER_BOUND('',#328,.T.);
#223=FACE_OUTER_BOUND('',#330,.T.);
#224=FACE_OUTER_BOUND('',#331,.T.);
#225=FACE_OUTER_BOUND('',#332,.T.);
#226=EDGE_LOOP('',(#1119,#1120,#1121,#1122,#1123,#1124,#1125,#1126,#1127,
#1128,#1129,#1130,#1131,#1132,#1133,#1134,#1135,#1136,#1137,#1138,#1139,
#1140,#1141,#1142,#1143,#1144,#1145,#1146,#1147,#1148,#1149,#1150,#1151,
#1152,#1153,#1154,#1155,#1156,#1157,#1158,#1159,#1160,#1161,#1162,#1163,
#1164,#1165,#1166,#1167,#1168));
#227=EDGE_LOOP('',(#1169,#1170,#1171,#1172));
#228=EDGE_LOOP('',(#1173,#1174,#1175,#1176));
#229=EDGE_LOOP('',(#1177,#1178,#1179,#1180));
#230=EDGE_LOOP('',(#1181,#1182,#1183,#1184));
#231=EDGE_LOOP('',(#1185,#1186,#1187,#1188));
#232=EDGE_LOOP('',(#1189,#1190,#1191,#1192));
#233=EDGE_LOOP('',(#1193,#1194,#1195,#1196));
#234=EDGE_LOOP('',(#1197,#1198,#1199,#1200));
#235=EDGE_LOOP('',(#1201,#1202,#1203,#1204));
#236=EDGE_LOOP('',(#1205,#1206,#1207,#1208));
#237=EDGE_LOOP('',(#1209,#1210,#1211,#1212));
#238=EDGE_LOOP('',(#1213,#1214,#1215,#1216));
#239=EDGE_LOOP('',(#1217,#1218,#1219,#1220,#1221));
#240=EDGE_LOOP('',(#1222,#1223,#1224,#1225));
#241=EDGE_LOOP('',(#1226,#1227,#1228,#1229));
#242=EDGE_LOOP('',(#1230,#1231,#1232,#1233));
#243=EDGE_LOOP('',(#1234,#1235,#1236,#1237));
#244=EDGE_LOOP('',(#1238,#1239,#1240,#1241));
#245=EDGE_LOOP('',(#1242,#1243,#1244,#1245));
#246=EDGE_LOOP('',(#1246,#1247,#1248,#1249));
#247=EDGE_LOOP('',(#1250,#1251,#1252,#1253));
#248=EDGE_LOOP('',(#1254,#1255,#1256,#1257));
#249=EDGE_LOOP('',(#1258,#1259,#1260,#1261));
#250=EDGE_LOOP('',(#1262,#1263,#1264,#1265));
#251=EDGE_LOOP('',(#1266,#1267,#1268,#1269,#1270,#1271,#1272,#1273,#1274,
#1275,#1276,#1277,#1278,#1279,#1280,#1281,#1282,#1283,#1284,#1285,#1286,
#1287,#1288,#1289,#1290,#1291,#1292,#1293,#1294,#1295,#1296,#1297,#1298,
#1299,#1300,#1301,#1302,#1303,#1304,#1305,#1306,#1307,#1308,#1309,#1310,
#1311));
#252=EDGE_LOOP('',(#1312));
#253=EDGE_LOOP('',(#1313,#1314,#1315,#1316));
#254=EDGE_LOOP('',(#1317,#1318,#1319,#1320));
#255=EDGE_LOOP('',(#1321,#1322,#1323,#1324));
#256=EDGE_LOOP('',(#1325,#1326,#1327,#1328));
#257=EDGE_LOOP('',(#1329,#1330,#1331,#1332));
#258=EDGE_LOOP('',(#1333,#1334,#1335,#1336));
#259=EDGE_LOOP('',(#1337,#1338,#1339,#1340));
#260=EDGE_LOOP('',(#1341,#1342,#1343,#1344));
#261=EDGE_LOOP('',(#1345,#1346,#1347,#1348));
#262=EDGE_LOOP('',(#1349,#1350,#1351,#1352));
#263=EDGE_LOOP('',(#1353,#1354,#1355,#1356));
#264=EDGE_LOOP('',(#1357,#1358,#1359,#1360));
#265=EDGE_LOOP('',(#1361,#1362,#1363,#1364));
#266=EDGE_LOOP('',(#1365,#1366,#1367,#1368));
#267=EDGE_LOOP('',(#1369,#1370,#1371,#1372));
#268=EDGE_LOOP('',(#1373,#1374,#1375,#1376));
#269=EDGE_LOOP('',(#1377,#1378,#1379,#1380));
#270=EDGE_LOOP('',(#1381,#1382,#1383,#1384));
#271=EDGE_LOOP('',(#1385,#1386,#1387,#1388));
#272=EDGE_LOOP('',(#1389,#1390,#1391,#1392));
#273=EDGE_LOOP('',(#1393,#1394,#1395,#1396));
#274=EDGE_LOOP('',(#1397));
#275=EDGE_LOOP('',(#1398));
#276=EDGE_LOOP('',(#1399,#1400,#1401,#1402));
#277=EDGE_LOOP('',(#1403,#1404,#1405,#1406));
#278=EDGE_LOOP('',(#1407,#1408,#1409,#1410));
#279=EDGE_LOOP('',(#1411));
#280=EDGE_LOOP('',(#1412));
#281=EDGE_LOOP('',(#1413));
#282=EDGE_LOOP('',(#1414));
#283=EDGE_LOOP('',(#1415,#1416,#1417,#1418));
#284=EDGE_LOOP('',(#1419));
#285=EDGE_LOOP('',(#1420));
#286=EDGE_LOOP('',(#1421,#1422,#1423,#1424));
#287=EDGE_LOOP('',(#1425,#1426,#1427,#1428));
#288=EDGE_LOOP('',(#1429,#1430,#1431,#1432));
#289=EDGE_LOOP('',(#1433,#1434,#1435,#1436));
#290=EDGE_LOOP('',(#1437,#1438,#1439,#1440));
#291=EDGE_LOOP('',(#1441,#1442,#1443,#1444));
#292=EDGE_LOOP('',(#1445,#1446,#1447,#1448,#1449));
#293=EDGE_LOOP('',(#1450,#1451,#1452,#1453));
#294=EDGE_LOOP('',(#1454,#1455,#1456,#1457));
#295=EDGE_LOOP('',(#1458,#1459,#1460,#1461));
#296=EDGE_LOOP('',(#1462,#1463,#1464,#1465));
#297=EDGE_LOOP('',(#1466,#1467,#1468,#1469));
#298=EDGE_LOOP('',(#1470,#1471,#1472,#1473));
#299=EDGE_LOOP('',(#1474,#1475,#1476,#1477));
#300=EDGE_LOOP('',(#1478,#1479,#1480,#1481));
#301=EDGE_LOOP('',(#1482,#1483,#1484,#1485));
#302=EDGE_LOOP('',(#1486,#1487,#1488,#1489));
#303=EDGE_LOOP('',(#1490,#1491,#1492,#1493));
#304=EDGE_LOOP('',(#1494,#1495,#1496,#1497));
#305=EDGE_LOOP('',(#1498,#1499,#1500,#1501));
#306=EDGE_LOOP('',(#1502,#1503,#1504,#1505));
#307=EDGE_LOOP('',(#1506,#1507,#1508,#1509));
#308=EDGE_LOOP('',(#1510,#1511,#1512,#1513));
#309=EDGE_LOOP('',(#1514,#1515,#1516,#1517));
#310=EDGE_LOOP('',(#1518,#1519,#1520,#1521));
#311=EDGE_LOOP('',(#1522,#1523,#1524,#1525));
#312=EDGE_LOOP('',(#1526,#1527,#1528,#1529));
#313=EDGE_LOOP('',(#1530,#1531,#1532,#1533));
#314=EDGE_LOOP('',(#1534,#1535,#1536,#1537,#1538,#1539,#1540,#1541,#1542,
#1543,#1544,#1545,#1546,#1547,#1548,#1549,#1550,#1551,#1552));
#315=EDGE_LOOP('',(#1553,#1554,#1555,#1556,#1557));
#316=EDGE_LOOP('',(#1558,#1559,#1560,#1561,#1562,#1563,#1564,#1565,#1566,
#1567,#1568,#1569,#1570,#1571,#1572,#1573,#1574,#1575,#1576));
#317=EDGE_LOOP('',(#1577,#1578,#1579,#1580,#1581,#1582));
#318=EDGE_LOOP('',(#1583));
#319=EDGE_LOOP('',(#1584));
#320=EDGE_LOOP('',(#1585,#1586,#1587,#1588));
#321=EDGE_LOOP('',(#1589,#1590,#1591,#1592,#1593,#1594,#1595,#1596,#1597,
#1598,#1599,#1600,#1601,#1602,#1603));
#322=EDGE_LOOP('',(#1604,#1605,#1606,#1607));
#323=EDGE_LOOP('',(#1608,#1609,#1610,#1611,#1612,#1613,#1614,#1615,#1616,
#1617,#1618,#1619,#1620,#1621));
#324=EDGE_LOOP('',(#1622,#1623,#1624,#1625,#1626));
#325=EDGE_LOOP('',(#1627));
#326=EDGE_LOOP('',(#1628,#1629,#1630,#1631));
#327=EDGE_LOOP('',(#1632,#1633,#1634));
#328=EDGE_LOOP('',(#1635));
#329=EDGE_LOOP('',(#1636));
#330=EDGE_LOOP('',(#1637,#1638,#1639,#1640));
#331=EDGE_LOOP('',(#1641,#1642,#1643,#1644));
#332=EDGE_LOOP('',(#1645,#1646,#1647,#1648));
#333=B_SPLINE_CURVE_WITH_KNOTS('',3,(#2429,#2430,#2431,#2432,#2433,#2434,
#2435,#2436,#2437,#2438),.UNSPECIFIED.,.F.,.F.,(4,2,2,2,4),(1.14794345797036,
1.1785126930794,1.25344967698948,1.32838666089956,1.39194894711142),
 .UNSPECIFIED.);
#334=B_SPLINE_CURVE_WITH_KNOTS('',3,(#2442,#2443,#2444,#2445,#2446,#2447,
#2448,#2449,#2450,#2451),.UNSPECIFIED.,.F.,.F.,(4,2,2,2,4),(1.11495040686754,
1.1785126930794,1.25344967698948,1.32838666089956,1.39194894711142),
 .UNSPECIFIED.);
#335=B_SPLINE_CURVE_WITH_KNOTS('',3,(#2455,#2456,#2457,#2458,#2459,#2460,
#2461,#2462,#2463,#2464),.UNSPECIFIED.,.F.,.F.,(4,2,2,2,4),(1.11495040686754,
1.1785126930794,1.25344967698948,1.32838666089956,1.39194894711142),
 .UNSPECIFIED.);
#336=B_SPLINE_CURVE_WITH_KNOTS('',3,(#2468,#2469,#2470,#2471,#2472,#2473,
#2474,#2475,#2476,#2477),.UNSPECIFIED.,.F.,.F.,(4,2,2,2,4),(1.11495040686754,
1.1785126930794,1.25344967698948,1.32838666089956,1.39194894711142),
 .UNSPECIFIED.);
#337=B_SPLINE_CURVE_WITH_KNOTS('',3,(#2481,#2482,#2483,#2484,#2485,#2486,
#2487,#2488,#2489,#2490),.UNSPECIFIED.,.F.,.F.,(4,2,2,2,4),(1.11495040686754,
1.1785126930794,1.25344967698948,1.32838666089956,1.39194894711142),
 .UNSPECIFIED.);
#338=B_SPLINE_CURVE_WITH_KNOTS('',3,(#2494,#2495,#2496,#2497,#2498,#2499,
#2500,#2501,#2502,#2503),.UNSPECIFIED.,.F.,.F.,(4,2,2,2,4),(1.11495040686754,
1.1785126930794,1.25344967698948,1.32838666089956,1.39194894711142),
 .UNSPECIFIED.);
#339=B_SPLINE_CURVE_WITH_KNOTS('',3,(#2507,#2508,#2509,#2510,#2511,#2512,
#2513,#2514,#2515,#2516),.UNSPECIFIED.,.F.,.F.,(4,2,2,2,4),(1.11495040686754,
1.1785126930794,1.25344967698948,1.32838666089956,1.39194894711142),
 .UNSPECIFIED.);
#340=B_SPLINE_CURVE_WITH_KNOTS('',3,(#2520,#2521,#2522,#2523,#2524,#2525,
#2526,#2527,#2528,#2529),.UNSPECIFIED.,.F.,.F.,(4,2,2,2,4),(1.11495040686754,
1.1785126930794,1.25344967698948,1.32838666089956,1.39194894711142),
 .UNSPECIFIED.);
#341=B_SPLINE_CURVE_WITH_KNOTS('',3,(#2533,#2534,#2535,#2536,#2537,#2538,
#2539,#2540,#2541,#2542),.UNSPECIFIED.,.F.,.F.,(4,2,2,2,4),(1.11495040686754,
1.1785126930794,1.25344967698948,1.32838666089956,1.39194894711142),
 .UNSPECIFIED.);
#342=B_SPLINE_CURVE_WITH_KNOTS('',3,(#2546,#2547,#2548,#2549,#2550,#2551,
#2552,#2553,#2554,#2555),.UNSPECIFIED.,.F.,.F.,(4,2,2,2,4),(1.11495040686754,
1.1785126930794,1.25344967698948,1.32838666089956,1.39194894711142),
 .UNSPECIFIED.);
#343=B_SPLINE_CURVE_WITH_KNOTS('',3,(#2559,#2560,#2561,#2562,#2563,#2564,
#2565,#2566,#2567,#2568),.UNSPECIFIED.,.F.,.F.,(4,2,2,2,4),(1.11495040686754,
1.1785126930794,1.25344967698948,1.32838666089956,1.39194894711142),
 .UNSPECIFIED.);
#344=B_SPLINE_CURVE_WITH_KNOTS('',3,(#2572,#2573,#2574,#2575,#2576,#2577,
#2578,#2579,#2580,#2581),.UNSPECIFIED.,.F.,.F.,(4,2,2,2,4),(1.11495040686754,
1.1785126930794,1.25344967698948,1.32838666089956,1.39194894711142),
 .UNSPECIFIED.);
#345=B_SPLINE_CURVE_WITH_KNOTS('',3,(#2585,#2586,#2587,#2588,#2589,#2590,
#2591,#2592,#2593,#2594),.UNSPECIFIED.,.F.,.F.,(4,2,2,2,4),(1.11495040686754,
1.1785126930794,1.25344967698948,1.32838666089956,1.39194894711142),
 .UNSPECIFIED.);
#346=B_SPLINE_CURVE_WITH_KNOTS('',3,(#2598,#2599,#2600,#2601,#2602,#2603,
#2604,#2605,#2606,#2607),.UNSPECIFIED.,.F.,.F.,(4,2,2,2,4),(1.11495040686754,
1.1785126930794,1.25344967698948,1.32838666089956,1.39194894711142),
 .UNSPECIFIED.);
#347=B_SPLINE_CURVE_WITH_KNOTS('',3,(#2611,#2612,#2613,#2614,#2615,#2616,
#2617,#2618,#2619,#2620),.UNSPECIFIED.,.F.,.F.,(4,2,2,2,4),(1.11495040686754,
1.1785126930794,1.25344967698948,1.32838666089956,1.39194894711142),
 .UNSPECIFIED.);
#348=B_SPLINE_CURVE_WITH_KNOTS('',3,(#2624,#2625,#2626,#2627,#2628,#2629,
#2630,#2631,#2632,#2633),.UNSPECIFIED.,.F.,.F.,(4,2,2,2,4),(1.11495040686754,
1.1785126930794,1.25344967698948,1.32838666089956,1.39194894711142),
 .UNSPECIFIED.);
#349=B_SPLINE_CURVE_WITH_KNOTS('',3,(#2637,#2638,#2639,#2640,#2641,#2642,
#2643,#2644,#2645,#2646),.UNSPECIFIED.,.F.,.F.,(4,2,2,2,4),(1.11495040686754,
1.1785126930794,1.25344967698948,1.32838666089956,1.39194894711142),
 .UNSPECIFIED.);
#350=B_SPLINE_CURVE_WITH_KNOTS('',3,(#2650,#2651,#2652,#2653,#2654,#2655,
#2656,#2657,#2658,#2659),.UNSPECIFIED.,.F.,.F.,(4,2,2,2,4),(1.11495040686754,
1.1785126930794,1.25344967698948,1.32838666089956,1.39194894711142),
 .UNSPECIFIED.);
#351=B_SPLINE_CURVE_WITH_KNOTS('',3,(#2663,#2664,#2665,#2666,#2667,#2668,
#2669,#2670,#2671,#2672),.UNSPECIFIED.,.F.,.F.,(4,2,2,2,4),(1.11495040686754,
1.1785126930794,1.25344967698948,1.32838666089956,1.39194894711142),
 .UNSPECIFIED.);
#352=B_SPLINE_CURVE_WITH_KNOTS('',3,(#2676,#2677,#2678,#2679,#2680,#2681,
#2682,#2683,#2684,#2685),.UNSPECIFIED.,.F.,.F.,(4,2,2,2,4),(1.11495040686755,
1.1785126930794,1.25344967698948,1.32838666089956,1.39194894711142),
 .UNSPECIFIED.);
#353=B_SPLINE_CURVE_WITH_KNOTS('',3,(#2689,#2690,#2691,#2692,#2693,#2694,
#2695,#2696,#2697,#2698),.UNSPECIFIED.,.F.,.F.,(4,2,2,2,4),(1.11495040686754,
1.1785126930794,1.25344967698948,1.32838666089956,1.39194894711142),
 .UNSPECIFIED.);
#354=B_SPLINE_CURVE_WITH_KNOTS('',3,(#2702,#2703,#2704,#2705,#2706,#2707,
#2708,#2709,#2710,#2711),.UNSPECIFIED.,.F.,.F.,(4,2,2,2,4),(1.11495040686754,
1.1785126930794,1.25344967698948,1.32838666089956,1.39194894711142),
 .UNSPECIFIED.);
#355=B_SPLINE_CURVE_WITH_KNOTS('',3,(#2715,#2716,#2717,#2718,#2719,#2720,
#2721,#2722,#2723,#2724),.UNSPECIFIED.,.F.,.F.,(4,2,2,2,4),(1.11495040686754,
1.1785126930794,1.25344967698948,1.32838666089956,1.39194894711142),
 .UNSPECIFIED.);
#356=B_SPLINE_CURVE_WITH_KNOTS('',3,(#2727,#2728,#2729,#2730),
 .UNSPECIFIED.,.F.,.F.,(4,4),(1.11495040686754,1.14794345797036),
 .UNSPECIFIED.);
#357=B_SPLINE_CURVE_WITH_KNOTS('',3,(#2949,#2950,#2951,#2952,#2953,#2954,
#2955,#2956,#2957,#2958),.UNSPECIFIED.,.F.,.F.,(4,3,3,4),(-4.09293042013065,
-3.92994670032899,-2.94746002524675,-2.06863817490913),.UNSPECIFIED.);
#358=B_SPLINE_CURVE_WITH_KNOTS('',3,(#2961,#2962,#2963,#2964,#2965,#2966,
#2967),.UNSPECIFIED.,.F.,.F.,(4,3,4),(0.,0.982486675082248,1.11730040836827),
 .UNSPECIFIED.);
#359=B_SPLINE_CURVE_WITH_KNOTS('',3,(#2972,#2973,#2974,#2975,#2976,#2977,
#2978,#2979,#2980,#2981,#2982,#2983,#2984,#2985,#2986,#2987,#2988,#2989,
#2990,#2991,#2992,#2993),.UNSPECIFIED.,.F.,.F.,(4,3,3,3,3,3,3,4),(-10.3761157273102,
-9.82486675082249,-8.84238007574024,-7.85989340065799,-6.87740672557574,
-5.89492005049349,-4.91243337541125,-4.09293042013065),.UNSPECIFIED.);
#360=B_SPLINE_CURVE_WITH_KNOTS('',3,(#2994,#2995,#2996,#2997,#2998,#2999,
#3000,#3001,#3002,#3003,#3004,#3005,#3006,#3007,#3008,#3009,#3010,#3011,
#3012,#3013,#3014,#3015),.UNSPECIFIED.,.F.,.F.,(4,3,3,3,3,3,3,4),(1.11730040836827,
1.9649733501645,2.94746002524674,3.92994670032899,4.91243337541124,5.89492005049348,
6.87740672557573,7.40048571554786),.UNSPECIFIED.);
#361=B_SPLINE_CURVE_WITH_KNOTS('',3,(#3020,#3021,#3022,#3023,#3024,#3025,
#3026,#3027,#3028,#3029,#3030,#3031,#3032,#3033,#3034,#3035,#3036,#3037,
#3038,#3039,#3040,#3041),.UNSPECIFIED.,.F.,.F.,(4,3,3,3,3,3,3,4),(-16.6593010344898,
-15.719786801316,-14.7373001262337,-13.7548134511515,-12.7723267760692,
-11.789840100987,-10.8073534259047,-10.3761157273102),.UNSPECIFIED.);
#362=B_SPLINE_CURVE_WITH_KNOTS('',3,(#3042,#3043,#3044,#3045,#3046,#3047,
#3048,#3049,#3050,#3051,#3052,#3053,#3054,#3055,#3056,#3057,#3058,#3059,
#3060,#3061,#3062,#3063),.UNSPECIFIED.,.F.,.F.,(4,3,3,3,3,3,3,4),(7.40048571554786,
7.85989340065798,8.84238007574023,9.82486675082248,10.8073534259047,11.789840100987,
12.7723267760692,13.6836710227274),.UNSPECIFIED.);
#363=B_SPLINE_CURVE_WITH_KNOTS('',3,(#3068,#3069,#3070,#3071,#3072,#3073,
#3074,#3075,#3076,#3077,#3078,#3079,#3080,#3081,#3082,#3083,#3084,#3085,
#3086,#3087,#3088,#3089,#3090,#3091,#3092),.UNSPECIFIED.,.F.,.F.,(4,3,3,
3,3,3,3,3,4),(-22.9424863416694,-22.5971935268917,-21.6147068518095,-20.6322201767272,
-19.649733501645,-18.6672468265627,-17.6847601514805,-16.7022734763982,
-16.6593010344898),.UNSPECIFIED.);
#364=B_SPLINE_CURVE_WITH_KNOTS('',3,(#3093,#3094,#3095,#3096,#3097,#3098,
#3099,#3100,#3101,#3102,#3103,#3104,#3105,#3106,#3107,#3108,#3109,#3110,
#3111,#3112,#3113,#3114,#3115,#3116,#3117),.UNSPECIFIED.,.F.,.F.,(4,3,3,
3,3,3,3,3,4),(13.6836710227274,13.7548134511515,14.7373001262337,15.719786801316,
16.7022734763982,17.6847601514805,18.6672468265627,19.649733501645,19.966856329907),
 .UNSPECIFIED.);
#365=B_SPLINE_CURVE_WITH_KNOTS('',3,(#3122,#3123,#3124,#3125,#3126,#3127,
#3128,#3129,#3130,#3131,#3132,#3133,#3134,#3135,#3136,#3137,#3138,#3139,
#3140,#3141,#3142,#3143),.UNSPECIFIED.,.F.,.F.,(4,3,3,3,3,3,3,4),(-29.225671648849,
-28.4921135773852,-27.509626902303,-26.5271402272207,-25.5446535521385,
-24.5621668770562,-23.579680201974,-22.9424863416694),.UNSPECIFIED.);
#366=B_SPLINE_CURVE_WITH_KNOTS('',3,(#3144,#3145,#3146,#3147,#3148,#3149,
#3150,#3151,#3152,#3153,#3154,#3155,#3156,#3157,#3158,#3159,#3160,#3161,
#3162,#3163,#3164,#3165),.UNSPECIFIED.,.F.,.F.,(4,3,3,3,3,3,3,4),(19.966856329907,
20.6322201767272,21.6147068518095,22.5971935268917,23.579680201974,24.5621668770562,
25.5446535521385,26.2500416370866),.UNSPECIFIED.);
#367=B_SPLINE_CURVE_WITH_KNOTS('',3,(#3172,#3173,#3174,#3175,#3176,#3177,
#3178,#3179,#3180,#3181,#3182,#3183,#3184,#3185,#3186,#3187,#3188,#3189,
#3190,#3191,#3192,#3193),.UNSPECIFIED.,.F.,.F.,(4,3,3,3,3,3,3,4),(-35.369520302961,
-34.3870336278787,-33.4045469527965,-32.4220602777142,-31.439573602632,
-30.4570869275497,-29.4746002524675,-29.225671648849),.UNSPECIFIED.);
#368=B_SPLINE_CURVE_WITH_KNOTS('',3,(#3194,#3195,#3196,#3197,#3198,#3199,
#3200,#3201,#3202,#3203,#3204,#3205,#3206,#3207,#3208,#3209,#3210,#3211,
#3212,#3213,#3214,#3215,#3216,#3217,#3218),.UNSPECIFIED.,.F.,.F.,(4,3,3,
3,3,3,3,3,4),(26.2500416370866,26.5271402272207,27.509626902303,28.4921135773852,
29.4746002524675,30.4570869275497,31.4395736026319,32.4220602777142,32.5332269442662),
 .UNSPECIFIED.);
#369=B_SPLINE_CURVE_WITH_KNOTS('',3,(#3224,#3225,#3226,#3227,#3228,#3229,
#3230,#3231),.UNSPECIFIED.,.F.,.F.,(4,1,1,1,1,4),(40.8407044966673,41.0896331002858,
42.072119775368,43.0546064504503,44.0370931255325,44.9159149758701),
 .UNSPECIFIED.);
#370=B_SPLINE_CURVE_WITH_KNOTS('',3,(#3234,#3235,#3236,#3237,#3238,#3239),
 .UNSPECIFIED.,.F.,.F.,(4,1,1,4),(40.8407044966673,41.7120245051975,42.6945111802798,
43.676997855362),.UNSPECIFIED.);
#371=B_SPLINE_CURVE_WITH_KNOTS('',3,(#3244,#3245,#3246,#3247,#3248,#3249,
#3250,#3251,#3252,#3253),.UNSPECIFIED.,.F.,.F.,(4,1,1,1,1,1,1,4),(34.5575191894877,
35.1947130497923,36.1771997248745,37.1596863999568,38.142173075039,39.1246597501213,
40.1071464252035,40.8407044966673),.UNSPECIFIED.);
#372=B_SPLINE_CURVE_WITH_KNOTS('',3,(#3254,#3255,#3256,#3257,#3258,#3259,
#3260,#3261,#3262,#3263,#3264),.UNSPECIFIED.,.F.,.F.,(4,1,1,1,1,1,1,1,4),
(34.5575191894877,34.8346177796218,35.8171044547041,36.7995911297863,37.7820778048685,
38.7645644799508,39.747051155033,40.7295378301153,40.8407044966673),
 .UNSPECIFIED.);
#373=B_SPLINE_CURVE_WITH_KNOTS('',3,(#3269,#3270,#3271,#3272,#3273,#3274,
#3275,#3276,#3277,#3278,#3279),.UNSPECIFIED.,.F.,.F.,(4,1,1,1,1,1,1,1,4),
(28.2743338823081,28.3173063242165,29.2997929992988,30.282279674381,31.2647663494633,
32.2472530245455,33.2297396996278,34.21222637471,34.5575191894877),
 .UNSPECIFIED.);
#374=B_SPLINE_CURVE_WITH_KNOTS('',3,(#3280,#3281,#3282,#3283,#3284,#3285,
#3286,#3287,#3288,#3289),.UNSPECIFIED.,.F.,.F.,(4,1,1,1,1,1,1,4),(28.2743338823081,
28.9396977291283,29.9221844042106,30.9046710792928,31.8871577543751,32.8696444294573,
33.8521311045396,34.5575191894877),.UNSPECIFIED.);
#375=B_SPLINE_CURVE_WITH_KNOTS('',3,(#3294,#3295,#3296,#3297,#3298,#3299,
#3300,#3301,#3302,#3303),.UNSPECIFIED.,.F.,.F.,(4,1,1,1,1,1,1,4),(21.9911485751285,
22.422386273723,23.4048729488053,24.3873596238875,25.3698462989698,26.352332974052,
27.3348196491343,28.2743338823081),.UNSPECIFIED.);
#376=B_SPLINE_CURVE_WITH_KNOTS('',3,(#3304,#3305,#3306,#3307,#3308,#3309,
#3310,#3311,#3312,#3313,#3314),.UNSPECIFIED.,.F.,.F.,(4,1,1,1,1,1,1,1,4),
(21.9911485751285,22.0622910035526,23.0447776786348,24.0272643537171,25.0097510287993,
25.9922377038816,26.9747243789638,27.9572110540461,28.2743338823081),
 .UNSPECIFIED.);
#377=B_SPLINE_CURVE_WITH_KNOTS('',3,(#3319,#3320,#3321,#3322,#3323,#3324,
#3325,#3326,#3327,#3328),.UNSPECIFIED.,.F.,.F.,(4,1,1,1,1,1,1,4),(15.707963267949,
16.5274662232296,17.5099528983118,18.4924395733941,19.4749262484763,20.4574129235586,
21.4398995986408,21.9911485751285),.UNSPECIFIED.);
#378=B_SPLINE_CURVE_WITH_KNOTS('',3,(#3329,#3330,#3331,#3332,#3333,#3334,
#3335,#3336,#3337,#3338),.UNSPECIFIED.,.F.,.F.,(4,1,1,1,1,1,1,4),(15.707963267949,
16.1673709530591,17.1498576281413,18.1323443032236,19.1148309783058,20.0973176533881,
21.0798043284703,21.9911485751285),.UNSPECIFIED.);
#379=B_SPLINE_CURVE_WITH_KNOTS('',3,(#3344,#3345,#3346,#3347,#3348,#3349,
#3350,#3351,#3352,#3353,#3354,#3355,#3356),.UNSPECIFIED.,.F.,.F.,(4,3,3,
3,4),(45.2918602912342,45.4833771102436,46.4721461778576,47.4609152454716,
48.4496843130856),.UNSPECIFIED.);
#380=B_SPLINE_CURVE_WITH_KNOTS('',3,(#3359,#3360,#3361,#3362,#3363,#3364,
#3365,#3366,#3367,#3368,#3369,#3370,#3371,#3372,#3373,#3374),
 .UNSPECIFIED.,.F.,.F.,(4,3,3,3,3,4),(-46.4327394200571,-45.4833771102436,
-44.4946080426296,-43.5058389750157,-42.5170699074017,-41.5480862487187),
 .UNSPECIFIED.);
#381=B_SPLINE_CURVE_WITH_KNOTS('',3,(#3379,#3380,#3381,#3382,#3383,#3384,
#3385,#3386,#3387,#3388,#3389,#3390,#3391,#3392,#3393,#3394,#3395,#3396,
#3397,#3398,#3399,#3400),.UNSPECIFIED.,.F.,.F.,(4,3,3,3,3,3,3,4),(39.0086749840546,
39.5507627045597,40.5395317721737,41.5283008397876,42.5170699074016,43.5058389750156,
44.4946080426296,45.2918602912342),.UNSPECIFIED.);
#382=B_SPLINE_CURVE_WITH_KNOTS('',3,(#3401,#3402,#3403,#3404,#3405,#3406,
#3407,#3408,#3409,#3410,#3411,#3412,#3413,#3414,#3415,#3416,#3417,#3418,
#3419,#3420,#3421,#3422,#3423,#3424,#3425),.UNSPECIFIED.,.F.,.F.,(4,3,3,
3,3,3,3,3,4),(-41.5480862487187,-41.5283008397877,-40.5395317721737,-39.5507627045597,
-38.5619936369457,-37.5732245693317,-36.5844555017177,-35.5956864341037,
-35.2649009415391),.UNSPECIFIED.);
#383=B_SPLINE_CURVE_WITH_KNOTS('',3,(#3430,#3431,#3432,#3433,#3434,#3435,
#3436,#3437,#3438,#3439,#3440,#3441,#3442,#3443,#3444,#3445,#3446,#3447,
#3448,#3449,#3450,#3451),.UNSPECIFIED.,.F.,.F.,(4,3,3,3,3,3,3,4),(32.725489676875,
33.6181482988757,34.6069173664897,35.5956864341037,36.5844555017177,37.5732245693317,
38.5619936369457,39.0086749840546),.UNSPECIFIED.);
#384=B_SPLINE_CURVE_WITH_KNOTS('',3,(#3452,#3453,#3454,#3455,#3456,#3457,
#3458,#3459,#3460,#3461,#3462,#3463,#3464,#3465,#3466,#3467,#3468,#3469,
#3470,#3471,#3472,#3473),.UNSPECIFIED.,.F.,.F.,(4,3,3,3,3,3,3,4),(-35.2649009415391,
-34.6069173664897,-33.6181482988757,-32.6293792312617,-31.6406101636477,
-30.6518410960337,-29.6630720284198,-28.9817156343595),.UNSPECIFIED.);
#385=B_SPLINE_CURVE_WITH_KNOTS('',3,(#3478,#3479,#3480,#3481,#3482,#3483,
#3484,#3485,#3486,#3487,#3488,#3489,#3490,#3491,#3492,#3493,#3494,#3495,
#3496,#3497,#3498,#3499,#3500,#3501,#3502),.UNSPECIFIED.,.F.,.F.,(4,3,3,
3,3,3,3,3,4),(26.4423043696954,26.6967648255778,27.6855338931918,28.6743029608058,
29.6630720284197,30.6518410960337,31.6406101636477,32.6293792312617,32.725489676875),
 .UNSPECIFIED.);
#386=B_SPLINE_CURVE_WITH_KNOTS('',3,(#3503,#3504,#3505,#3506,#3507,#3508,
#3509,#3510,#3511,#3512,#3513,#3514,#3515,#3516,#3517,#3518,#3519,#3520,
#3521,#3522,#3523,#3524,#3525,#3526,#3527),.UNSPECIFIED.,.F.,.F.,(4,3,3,
3,3,3,3,3,4),(-28.9817156343595,-28.6743029608058,-27.6855338931918,-26.6967648255778,
-25.7079957579638,-24.7192266903498,-23.7304576227358,-22.7416885551218,
-22.6985303271799),.UNSPECIFIED.);
#387=B_SPLINE_CURVE_WITH_KNOTS('',3,(#3532,#3533,#3534,#3535,#3536,#3537,
#3538,#3539,#3540,#3541,#3542,#3543,#3544,#3545,#3546,#3547,#3548,#3549,
#3550,#3551,#3552,#3553),.UNSPECIFIED.,.F.,.F.,(4,3,3,3,3,3,3,4),(20.1591190625158,
20.7641504198938,21.7529194875078,22.7416885551218,23.7304576227358,24.7192266903498,
25.7079957579638,26.4423043696954),.UNSPECIFIED.);
#388=B_SPLINE_CURVE_WITH_KNOTS('',3,(#3554,#3555,#3556,#3557,#3558,#3559,
#3560,#3561,#3562,#3563,#3564,#3565,#3566,#3567,#3568,#3569,#3570,#3571,
#3572,#3573,#3574,#3575),.UNSPECIFIED.,.F.,.F.,(4,3,3,3,3,3,3,4),(-22.6985303271799,
-21.7529194875078,-20.7641504198938,-19.7753813522798,-18.7866122846658,
-17.7978432170519,-16.8090741494379,-16.4153450200003),.UNSPECIFIED.);
#389=B_SPLINE_CURVE_WITH_KNOTS('',3,(#3580,#3581,#3582,#3583,#3584,#3585,
#3586,#3587,#3588,#3589,#3590,#3591,#3592,#3593,#3594,#3595,#3596,#3597,
#3598,#3599,#3600,#3601),.UNSPECIFIED.,.F.,.F.,(4,3,3,3,3,3,3,4),(13.8759337553363,
14.8315360142099,15.8203050818239,16.8090741494379,17.7978432170519,18.7866122846658,
19.7753813522798,20.1591190625158),.UNSPECIFIED.);
#390=B_SPLINE_CURVE_WITH_KNOTS('',3,(#3602,#3603,#3604,#3605,#3606,#3607,
#3608,#3609,#3610,#3611,#3612,#3613,#3614,#3615,#3616,#3617,#3618,#3619,
#3620,#3621,#3622,#3623),.UNSPECIFIED.,.F.,.F.,(4,3,3,3,3,3,3,4),(-16.4153450200003,
-15.8203050818239,-14.8315360142099,-13.8427669465959,-12.8539978789819,
-11.8652288113679,-10.8764597437539,-10.1321597128207),.UNSPECIFIED.);
#391=B_SPLINE_CURVE_WITH_KNOTS('',3,(#3629,#3630,#3631,#3632,#3633,#3634,
#3635,#3636,#3637,#3638,#3639,#3640,#3641),.UNSPECIFIED.,.F.,.F.,(4,3,3,
3,4),(-3.84897440564114,-2.96630720284198,-1.97753813522798,-0.988769067613992,
0.),.UNSPECIFIED.);
#392=B_SPLINE_CURVE_WITH_KNOTS('',3,(#3644,#3645,#3646,#3647,#3648,#3649,
#3650,#3651,#3652,#3653,#3654,#3655,#3656,#3657,#3658,#3659,#3660,#3661,
#3662),.UNSPECIFIED.,.F.,.F.,(4,3,3,3,3,3,4),(2.01694489302844,2.96630720284197,
3.95507627045596,4.94384533806996,5.93261440568395,6.92138347329794,7.59274844815667),
 .UNSPECIFIED.);
#393=B_SPLINE_CURVE_WITH_KNOTS('',3,(#3668,#3669,#3670,#3671),
 .UNSPECIFIED.,.F.,.F.,(4,4),(59.6902604182061,60.3086731753934),
 .UNSPECIFIED.);
#394=B_SPLINE_CURVE_WITH_KNOTS('',3,(#3674,#3675,#3676,#3677,#3678),
 .UNSPECIFIED.,.F.,.F.,(4,1,4),(59.6902604182061,59.8817772372155,60.831139547029),
 .UNSPECIFIED.);
#395=B_SPLINE_CURVE_WITH_KNOTS('',3,(#3683,#3684,#3685,#3686,#3687,#3688,
#3689,#3690,#3691,#3692),.UNSPECIFIED.,.F.,.F.,(4,1,1,1,1,1,1,4),(53.4070751110265,
54.3760587697095,55.3648278373235,56.3535969049374,57.3423659725514,58.3311350401654,
59.3199041077794,59.6902604182061),.UNSPECIFIED.);
#396=B_SPLINE_CURVE_WITH_KNOTS('',3,(#3693,#3694,#3695,#3696,#3697,#3698,
#3699,#3700,#3701,#3702),.UNSPECIFIED.,.F.,.F.,(4,1,1,1,1,1,1,4),(53.4070751110265,
53.9491628315315,54.9379318991455,55.9267009667595,56.9154700343735,57.9042391019875,
58.8930081696015,59.6902604182061),.UNSPECIFIED.);
#397=B_SPLINE_CURVE_WITH_KNOTS('',3,(#3707,#3708,#3709,#3710,#3711,#3712,
#3713,#3714,#3715,#3716,#3717),.UNSPECIFIED.,.F.,.F.,(4,1,1,1,1,1,1,1,4),
(47.1238898038469,47.4546752964115,48.4434443640255,49.4322134316395,50.4209824992535,
51.4097515668675,52.3985206344815,53.3872897020955,53.4070751110265),
 .UNSPECIFIED.);
#398=B_SPLINE_CURVE_WITH_KNOTS('',3,(#3718,#3719,#3720,#3721,#3722,#3723,
#3724,#3725,#3726,#3727),.UNSPECIFIED.,.F.,.F.,(4,1,1,1,1,1,1,4),(47.1238898038469,
48.0165484258476,49.0053174934616,49.9940865610755,50.9828556286895,51.9716246963035,
52.9603937639175,53.4070751110265),.UNSPECIFIED.);
#399=B_SPLINE_CURVE_WITH_KNOTS('',3,(#3732,#3733,#3734,#3735,#3736,#3737,
#3738,#3739,#3740,#3741),.UNSPECIFIED.,.F.,.F.,(4,1,1,1,1,1,1,4),(40.8407044966673,
41.5220608907276,42.5108299583416,43.4995990259555,44.4883680935695,45.4771371611835,
46.4659062287975,47.1238898038469),.UNSPECIFIED.);
#400=B_SPLINE_CURVE_WITH_KNOTS('',3,(#3742,#3743,#3744,#3745,#3746,#3747,
#3748,#3749,#3750,#3751,#3752),.UNSPECIFIED.,.F.,.F.,(4,1,1,1,1,1,1,1,4),
(40.8407044966673,41.0951649525496,42.0839340201636,43.0727030877776,44.0614721553916,
45.0502412230056,46.0390102906196,47.0277793582336,47.1238898038469),
 .UNSPECIFIED.);
#401=B_SPLINE_CURVE_WITH_KNOTS('',3,(#3757,#3758,#3759,#3760,#3761,#3762,
#3763,#3764,#3765,#3766,#3767),.UNSPECIFIED.,.F.,.F.,(4,1,1,1,1,1,1,1,4),
(34.5575191894877,34.6006774174296,35.5894464850436,36.5782155526576,37.5669846202716,
38.5557536878856,39.5445227554996,40.5332918231136,40.8407044966673),
 .UNSPECIFIED.);
#402=B_SPLINE_CURVE_WITH_KNOTS('',3,(#3768,#3769,#3770,#3771,#3772,#3773,
#3774,#3775,#3776,#3777),.UNSPECIFIED.,.F.,.F.,(4,1,1,1,1,1,1,4),(34.5575191894877,
35.1625505468657,36.1513196144797,37.1400886820936,38.1288577497076,39.1176268173216,
40.1063958849356,40.8407044966673),.UNSPECIFIED.);
#403=B_SPLINE_CURVE_WITH_KNOTS('',3,(#3782,#3783,#3784,#3785,#3786,#3787,
#3788,#3789,#3790,#3791),.UNSPECIFIED.,.F.,.F.,(4,1,1,1,1,1,1,4),(28.2743338823081,
28.6680630117457,29.6568320793597,30.6456011469737,31.6343702145876,32.6231392822016,
33.6119083498156,34.5575191894877),.UNSPECIFIED.);
#404=B_SPLINE_CURVE_WITH_KNOTS('',3,(#3792,#3793,#3794,#3795,#3796,#3797,
#3798,#3799,#3800,#3801),.UNSPECIFIED.,.F.,.F.,(4,1,1,1,1,1,1,4),(28.2743338823081,
29.2299361411817,30.2187052087957,31.2074742764097,32.1962433440237,33.1850124116377,
34.1737814792517,34.5575191894877),.UNSPECIFIED.);
#405=B_SPLINE_CURVE_WITH_KNOTS('',3,(#3806,#3807,#3808,#3809,#3810,#3811,
#3812,#3813,#3814,#3815),.UNSPECIFIED.,.F.,.F.,(4,1,1,1,1,1,1,4),(21.9911485751285,
22.7354486060617,23.7242176736757,24.7129867412897,25.7017558089037,26.6905248765177,
27.6792939441317,28.2743338823081),.UNSPECIFIED.);
#406=B_SPLINE_CURVE_WITH_KNOTS('',3,(#3816,#3817,#3818,#3819,#3820,#3821,
#3822,#3823,#3824,#3825,#3826),.UNSPECIFIED.,.F.,.F.,(4,1,1,1,1,1,1,1,4),
(21.9911485751285,22.3085526678838,23.2973217354978,24.2860908031118,25.2748598707258,
26.2636289383397,27.2523980059537,28.2411670735677,28.2743338823081),
 .UNSPECIFIED.);
#407=B_SPLINE_CURVE_WITH_KNOTS('',3,(#3832,#3833,#3834,#3835,#3836),
 .UNSPECIFIED.,.F.,.F.,(4,1,4),(14.3984001269718,15.3871691945858,15.7079632679489),
 .UNSPECIFIED.);
#408=B_SPLINE_CURVE_WITH_KNOTS('',3,(#3839,#3840,#3841,#3842,#3843),
 .UNSPECIFIED.,.F.,.F.,(4,1,4),(13.8759337553363,14.8252960651498,15.7079632679489),
 .UNSPECIFIED.);
#409=B_SPLINE_CURVE_WITH_KNOTS('',3,(#3845,#3846,#3847,#3848,#3849,#3850,
#3851,#3852,#3853,#3854,#3855),.UNSPECIFIED.,.F.,.F.,(4,1,1,1,1,1,1,1,4),
(15.7079632679489,15.8140651327638,16.8028342003778,17.7916032679918,18.7803723356057,
19.7691414032197,20.7579104708337,21.7466795384477,21.9911485751285),
 .UNSPECIFIED.);
#410=B_SPLINE_CURVE_WITH_KNOTS('',3,(#3856,#3857,#3858,#3859,#3860,#3861,
#3862,#3863,#3864,#3865),.UNSPECIFIED.,.F.,.F.,(4,1,1,1,1,1,1,4),(15.7079632679489,
16.3759382621998,17.3647073298138,18.3534763974278,19.3422454650418,20.3310145326558,
21.3197836002698,21.9911485751285),.UNSPECIFIED.);
#411=B_SPLINE_CURVE_WITH_KNOTS('',3,(#4074,#4075,#4076,#4077,#4078,#4079,
#4080,#4081,#4082,#4083,#4084,#4085,#4086,#4087,#4088,#4089,#4090,#4091,
#4092,#4093,#4094,#4095,#4096,#4097,#4098,#4099,#4100,#4101,#4102,#4103,
#4104,#4105,#4106,#4107,#4108,#4109,#4110,#4111,#4112,#4113,#4114,#4115,
#4116,#4117,#4118,#4119,#4120,#4121,#4122,#4123,#4124,#4125,#4126,#4127,
#4128,#4129,#4130,#4131,#4132,#4133,#4134,#4135,#4136,#4137,#4138,#4139,
#4140,#4141,#4142,#4143,#4144,#4145,#4146,#4147,#4148,#4149,#4150,#4151,
#4152,#4153,#4154,#4155,#4156,#4157,#4158,#4159,#4160,#4161,#4162,#4163,
#4164,#4165,#4166,#4167),.UNSPECIFIED.,.F.,.F.,(4,3,3,3,3,3,3,3,3,3,3,3,
3,3,3,3,3,3,3,3,3,3,3,3,3,3,3,3,3,3,3,4),(-0.56684730604807,-0.536658131890332,
-0.506051958930431,-0.497376590416466,-0.490472723835746,-0.460328690162925,
-0.437219506193309,-0.425063303274389,-0.420289363734155,-0.390868622506644,
-0.361992505107137,-0.333667270112769,-0.319114257186076,-0.311836101386645,
-0.307313386118108,-0.279335156663719,-0.275455218405996,-0.246990345980101,
-0.217367736692782,-0.207069006581054,-0.202854810784653,-0.175035452874557,
-0.147253691124108,-0.119924228080465,-0.106184883530601,-0.100207967001237,
-0.0956317360220147,-0.0689676286880257,-0.0427527438747156,-0.0173237112402938,
-0.01000947168155,0.),.UNSPECIFIED.);
#412=B_SPLINE_CURVE_WITH_KNOTS('',3,(#4168,#4169,#4170,#4171,#4172,#4173,
#4174,#4175,#4176,#4177,#4178,#4179,#4180,#4181,#4182,#4183,#4184,#4185,
#4186,#4187,#4188,#4189,#4190,#4191,#4192,#4193,#4194,#4195,#4196,#4197,
#4198,#4199,#4200,#4201,#4202,#4203,#4204,#4205,#4206,#4207,#4208,#4209,
#4210,#4211,#4212,#4213,#4214,#4215,#4216,#4217,#4218,#4219,#4220,#4221,
#4222,#4223,#4224,#4225,#4226,#4227,#4228,#4229,#4230,#4231,#4232,#4233,
#4234,#4235,#4236,#4237,#4238,#4239,#4240,#4241,#4242,#4243,#4244,#4245,
#4246,#4247,#4248,#4249,#4250,#4251,#4252,#4253,#4254,#4255,#4256,#4257,
#4258,#4259,#4260,#4261,#4262,#4263,#4264),.UNSPECIFIED.,.F.,.F.,(4,3,3,
3,3,3,3,3,3,3,3,3,3,3,3,3,3,3,3,3,3,3,3,3,3,3,3,3,3,3,3,3,4),(-0.569248610399435,
-0.54356212681873,-0.517249670278541,-0.510350433551333,-0.504796294739306,
-0.477728733621545,-0.456021818181275,-0.448403928710476,-0.442473143961313,
-0.41473715710783,-0.386578180859398,-0.358640645824279,-0.344998836893055,
-0.340749583815331,-0.336294191890175,-0.307366879810615,-0.304073410099381,
-0.276278691229222,-0.247848946483241,-0.239390981383065,-0.231285030528131,
-0.226917163186191,-0.197900438451858,-0.168320969439163,-0.138524528786751,
-0.12272782223193,-0.118074074861627,-0.113404897743961,-0.0828618791540655,
-0.0522917266841078,-0.0223234735273017,-0.0121508763481798,0.),
 .UNSPECIFIED.);
#413=B_SPLINE_CURVE_WITH_KNOTS('',3,(#4265,#4266,#4267,#4268,#4269,#4270,
#4271,#4272,#4273,#4274,#4275,#4276,#4277,#4278,#4279,#4280,#4281,#4282,
#4283,#4284,#4285,#4286,#4287,#4288,#4289),.UNSPECIFIED.,.F.,.F.,(4,3,3,
3,3,3,3,3,4),(-10.1321597128207,-9.88769067613992,-8.89892160852593,-7.91015254091194,
-6.92138347329794,-5.93261440568395,-4.94384533806996,-3.95507627045597,
-3.84897440564114),.UNSPECIFIED.);
#414=B_SPLINE_CURVE_WITH_KNOTS('',3,(#4291,#4292,#4293,#4294,#4295,#4296,
#4297,#4298,#4299,#4300,#4301,#4302,#4303,#4304,#4305,#4306,#4307,#4308,
#4309,#4310,#4311,#4312,#4313,#4314,#4315,#4316,#4317,#4318,#4319,#4320,
#4321,#4322,#4323,#4324,#4325,#4326,#4327,#4328,#4329,#4330,#4331,#4332,
#4333,#4334,#4335,#4336,#4337,#4338,#4339,#4340,#4341,#4342,#4343,#4344,
#4345,#4346,#4347,#4348,#4349,#4350,#4351,#4352,#4353,#4354,#4355,#4356,
#4357,#4358,#4359,#4360,#4361,#4362,#4363,#4364,#4365,#4366,#4367,#4368,
#4369,#4370,#4371,#4372,#4373,#4374,#4375,#4376,#4377,#4378,#4379,#4380,
#4381,#4382,#4383,#4384),.UNSPECIFIED.,.F.,.F.,(4,3,3,3,3,3,3,3,3,3,3,3,
3,3,3,3,3,3,3,3,3,3,3,3,3,3,3,3,3,3,3,4),(-0.566847306048075,-0.536658098389117,
-0.506051917632374,-0.497376540563049,-0.490472713780758,-0.460328682599443,
-0.437219499575262,-0.42506328786335,-0.420289352884483,-0.390868617140159,
-0.361992515744916,-0.333667293335662,-0.319114274603246,-0.311836133211957,
-0.307313392083119,-0.279335177762024,-0.275455218405996,-0.246990347801792,
-0.217367738286762,-0.207069028819992,-0.202854868959036,-0.175035510053103,
-0.147253750939867,-0.119924302795881,-0.106184948906589,-0.100208504247849,
-0.0956318681878812,-0.0689677710393076,-0.0427529072848568,-0.0173239105298938,
-0.0100094716815464,0.),.UNSPECIFIED.);
#415=B_SPLINE_CURVE_WITH_KNOTS('',3,(#4596,#4597,#4598,#4599,#4600,#4601,
#4602,#4603,#4604,#4605,#4606,#4607,#4608,#4609,#4610,#4611,#4612,#4613,
#4614,#4615,#4616,#4617,#4618,#4619,#4620,#4621,#4622,#4623,#4624,#4625,
#4626,#4627,#4628,#4629,#4630,#4631,#4632,#4633,#4634,#4635,#4636,#4637,
#4638,#4639,#4640,#4641,#4642,#4643,#4644,#4645,#4646,#4647,#4648,#4649,
#4650,#4651,#4652,#4653,#4654,#4655,#4656,#4657,#4658,#4659,#4660,#4661,
#4662,#4663,#4664,#4665,#4666,#4667,#4668,#4669,#4670,#4671,#4672,#4673,
#4674,#4675,#4676,#4677,#4678,#4679,#4680,#4681,#4682,#4683,#4684,#4685,
#4686,#4687,#4688,#4689,#4690,#4691,#4692),.UNSPECIFIED.,.F.,.F.,(4,3,3,
3,3,3,3,3,3,3,3,3,3,3,3,3,3,3,3,3,3,3,3,3,3,3,3,3,3,3,3,3,4),(-0.569248610399438,
-0.543562074477116,-0.517249574654603,-0.510350193605232,-0.504796266251613,
-0.47772866898755,-0.45602176162653,-0.44840359944852,-0.442473063319377,
-0.414737041679109,-0.386578068527173,-0.358640554927171,-0.344998768720224,
-0.34074948525564,-0.336294168070667,-0.307366860129142,-0.304073410099384,
-0.276278729015897,-0.247849007722441,-0.239391094301373,-0.231285453555832,
-0.226917245308087,-0.19790055096218,-0.168321096434253,-0.138524657173752,
-0.122727934570556,-0.118074286718399,-0.113404921840077,-0.0828619082533528,
-0.0522917550646801,-0.022323508490888,-0.0121508763481776,0.),
 .UNSPECIFIED.);
#416=B_SPLINE_CURVE_WITH_KNOTS('',3,(#4693,#4694,#4695,#4696,#4697,#4698,
#4699,#4700,#4701,#4702,#4703,#4704,#4705,#4706,#4707,#4708,#4709,#4710,
#4711,#4712,#4713,#4714,#4715,#4716,#4717),.UNSPECIFIED.,.F.,.F.,(4,3,3,
3,3,3,3,3,4),(7.59274844815667,7.91015254091193,8.89892160852592,9.88769067613992,
10.8764597437539,11.8652288113679,12.8539978789819,13.8427669465959,13.8759337553363),
 .UNSPECIFIED.);
#417=B_SPLINE_CURVE_WITH_KNOTS('',3,(#4883,#4884,#4885,#4886,#4887,#4888,
#4889,#4890,#4891,#4892,#4893,#4894,#4895,#4896,#4897,#4898,#4899,#4900,
#4901,#4902,#4903,#4904,#4905,#4906,#4907,#4908,#4909,#4910,#4911,#4912,
#4913,#4914,#4915,#4916,#4917,#4918,#4919,#4920,#4921,#4922,#4923,#4924,
#4925,#4926,#4927,#4928,#4929,#4930,#4931,#4932,#4933,#4934,#4935,#4936,
#4937,#4938,#4939,#4940,#4941,#4942,#4943,#4944,#4945,#4946,#4947,#4948,
#4949,#4950,#4951,#4952,#4953,#4954,#4955,#4956,#4957,#4958,#4959,#4960,
#4961,#4962,#4963,#4964,#4965,#4966,#4967,#4968,#4969,#4970,#4971,#4972,
#4973,#4974,#4975,#4976),.UNSPECIFIED.,.F.,.F.,(4,3,3,3,3,3,3,3,3,3,3,3,
3,3,3,3,3,3,3,3,3,3,3,3,3,3,3,3,3,3,3,4),(0.,0.0289070242707087,0.0305537672605031,
0.0597925505197404,0.0905823297416548,0.104052858151242,0.110570644350405,
0.115278214729189,0.144011416712825,0.172677253612013,0.200866452283962,
0.214021993785349,0.220602390061817,0.224801231734778,0.252381690157076,
0.279246237226066,0.306110784295056,0.321926678151345,0.327944326834742,
0.354576083533598,0.381672889315418,0.408491374824592,0.41898835288339,
0.424167817049094,0.428159095677346,0.45447671485791,0.479675733243276,
0.488012066540302,0.494546014969046,0.519828492745404,0.544399611677663,
0.555272788399374),.UNSPECIFIED.);
#418=B_SPLINE_CURVE_WITH_KNOTS('',3,(#4977,#4978,#4979,#4980),
 .UNSPECIFIED.,.F.,.F.,(4,4),(32.5332269442662,33.3008821280518),
 .UNSPECIFIED.);
#419=B_SPLINE_CURVE_WITH_KNOTS('',3,(#4982,#4983,#4984,#4985,#4986,#4987,
#4988,#4989,#4990,#4991,#4992,#4993,#4994,#4995,#4996,#4997,#4998,#4999,
#5000,#5001,#5002,#5003,#5004,#5005,#5006,#5007,#5008,#5009,#5010,#5011,
#5012,#5013,#5014,#5015,#5016,#5017,#5018,#5019,#5020,#5021,#5022,#5023,
#5024,#5025,#5026,#5027,#5028,#5029,#5030,#5031,#5032,#5033,#5034,#5035,
#5036,#5037,#5038,#5039,#5040,#5041,#5042,#5043,#5044,#5045,#5046,#5047,
#5048,#5049,#5050,#5051,#5052,#5053,#5054,#5055,#5056,#5057,#5058,#5059,
#5060,#5061,#5062,#5063,#5064,#5065,#5066,#5067,#5068,#5069,#5070,#5071,
#5072),.UNSPECIFIED.,.F.,.F.,(4,3,3,3,3,3,3,3,3,3,3,3,3,3,3,3,3,3,3,3,3,
3,3,3,3,3,3,3,3,3,4),(0.,0.0249469747577863,0.0495468342435087,0.0747514546452061,
0.0873322265665254,0.0936527085829114,0.0978541125109291,0.123785877108031,
0.150246542388217,0.17691653638858,0.190496877913374,0.194850704442149,
0.222250524941176,0.249596828019842,0.276043805386315,0.286202316861873,
0.294303603473716,0.298473259063165,0.325306202311408,0.353736099319362,
0.378612259201322,0.391644077601052,0.398027921158173,0.403822778028534,
0.432584170932786,0.46262447279335,0.472267475195617,0.479348068865366,
0.508912039756349,0.538120435328881,0.552745378375042),.UNSPECIFIED.);
#420=B_SPLINE_CURVE_WITH_KNOTS('',3,(#5073,#5074,#5075,#5076,#5077,#5078,
#5079,#5080,#5081),.UNSPECIFIED.,.F.,.F.,(4,1,1,1,1,1,4),(10.3761157273102,
11.2549375776478,12.2374242527301,13.2199109278123,14.2023976028946,15.1848842779768,
15.707963267949),.UNSPECIFIED.);
#421=B_SPLINE_CURVE_WITH_KNOTS('',3,(#5085,#5086,#5087,#5088,#5089,#5090,
#5091,#5092),.UNSPECIFIED.,.F.,.F.,(4,1,1,1,1,4),(11.6150328478183,12.5975195229006,
13.5800061979828,14.5624928730651,15.5449795481473,15.707963267949),
 .UNSPECIFIED.);
#422=B_SPLINE_CURVE_WITH_KNOTS('',3,(#5249,#5250,#5251,#5252,#5253,#5254,
#5255,#5256,#5257,#5258,#5259,#5260,#5261,#5262,#5263,#5264,#5265,#5266,
#5267,#5268,#5269,#5270,#5271,#5272,#5273,#5274,#5275,#5276,#5277,#5278,
#5279,#5280,#5281,#5282,#5283,#5284,#5285,#5286,#5287,#5288,#5289,#5290,
#5291,#5292,#5293,#5294,#5295,#5296,#5297,#5298,#5299,#5300,#5301,#5302,
#5303,#5304,#5305,#5306,#5307,#5308,#5309,#5310,#5311,#5312,#5313,#5314,
#5315,#5316,#5317,#5318,#5319,#5320,#5321,#5322,#5323,#5324,#5325,#5326,
#5327,#5328,#5329,#5330,#5331,#5332,#5333,#5334,#5335,#5336,#5337,#5338,
#5339),.UNSPECIFIED.,.F.,.F.,(4,3,3,3,3,3,3,3,3,3,3,3,3,3,3,3,3,3,3,3,3,
3,3,3,3,3,3,3,3,3,4),(0.,0.0249469747577895,0.049546876298357,0.074751522708175,
0.087332290375559,0.0936531113159918,0.0978541596574539,0.123785953231731,
0.150246629763332,0.176916622525278,0.190497041838827,0.194850710857813,
0.222250534782524,0.249596838836199,0.27604380538632,0.286202312678267,
0.294303691569721,0.298473282963866,0.325306237611454,0.353736130206904,
0.378612286227923,0.39164412127592,0.398027888434795,0.40382276706081,0.432584178307631,
0.462624478324487,0.472267487168636,0.479348066878132,0.508912037878122,
0.538120394423323,0.552745378375055),.UNSPECIFIED.);
#423=B_SPLINE_CURVE_WITH_KNOTS('',3,(#5340,#5341,#5342,#5343,#5344,#5345,
#5346,#5347,#5348,#5349,#5350,#5351,#5352,#5353,#5354,#5355,#5356,#5357,
#5358,#5359,#5360,#5361,#5362,#5363,#5364,#5365,#5366,#5367,#5368,#5369,
#5370,#5371,#5372,#5373,#5374,#5375,#5376,#5377,#5378,#5379,#5380,#5381,
#5382,#5383,#5384,#5385,#5386,#5387,#5388,#5389,#5390,#5391,#5392,#5393,
#5394,#5395,#5396,#5397,#5398,#5399,#5400,#5401,#5402,#5403,#5404,#5405,
#5406,#5407,#5408,#5409,#5410,#5411,#5412,#5413,#5414,#5415,#5416,#5417,
#5418,#5419,#5420,#5421,#5422,#5423,#5424,#5425,#5426,#5427,#5428,#5429,
#5430,#5431,#5432,#5433),.UNSPECIFIED.,.F.,.F.,(4,3,3,3,3,3,3,3,3,3,3,3,
3,3,3,3,3,3,3,3,3,3,3,3,3,3,3,3,3,3,3,4),(0.,0.0289070400158488,0.0305537672605024,
0.0597925531724746,0.0905823320627978,0.104052860327314,0.110570662842668,
0.115278213677813,0.144011415270113,0.1726772631422,0.200866492619687,0.214022029079109,
0.220602588255816,0.224801269644439,0.252381750220373,0.279246267257717,
0.306110784295061,0.321926670347736,0.327944327229918,0.35457611782258,
0.381672919395403,0.408491369280578,0.418988347183,0.424167777494783,0.428159049606354,
0.45447664659242,0.479675682044162,0.48801194574137,0.494546015962671,0.519828444056935,
0.54439949758919,0.55527278839939),.UNSPECIFIED.);
#424=LINE('',#2427,#504);
#425=LINE('',#2733,#505);
#426=LINE('',#2736,#506);
#427=LINE('',#2739,#507);
#428=LINE('',#2743,#508);
#429=LINE('',#2747,#509);
#430=LINE('',#2751,#510);
#431=LINE('',#2755,#511);
#432=LINE('',#2759,#512);
#433=LINE('',#2763,#513);
#434=LINE('',#2767,#514);
#435=LINE('',#2771,#515);
#436=LINE('',#2775,#516);
#437=LINE('',#2779,#517);
#438=LINE('',#2783,#518);
#439=LINE('',#2787,#519);
#440=LINE('',#2791,#520);
#441=LINE('',#2795,#521);
#442=LINE('',#2799,#522);
#443=LINE('',#2803,#523);
#444=LINE('',#2807,#524);
#445=LINE('',#2811,#525);
#446=LINE('',#2815,#526);
#447=LINE('',#2819,#527);
#448=LINE('',#2823,#528);
#449=LINE('',#2829,#529);
#450=LINE('',#2878,#530);
#451=LINE('',#2880,#531);
#452=LINE('',#2882,#532);
#453=LINE('',#2884,#533);
#454=LINE('',#2886,#534);
#455=LINE('',#2888,#535);
#456=LINE('',#2890,#536);
#457=LINE('',#2892,#537);
#458=LINE('',#2894,#538);
#459=LINE('',#2896,#539);
#460=LINE('',#2898,#540);
#461=LINE('',#2900,#541);
#462=LINE('',#2902,#542);
#463=LINE('',#2904,#543);
#464=LINE('',#2906,#544);
#465=LINE('',#2908,#545);
#466=LINE('',#2910,#546);
#467=LINE('',#2912,#547);
#468=LINE('',#2914,#548);
#469=LINE('',#2916,#549);
#470=LINE('',#2918,#550);
#471=LINE('',#2927,#551);
#472=LINE('',#2929,#552);
#473=LINE('',#2938,#553);
#474=LINE('',#2943,#554);
#475=LINE('',#2947,#555);
#476=LINE('',#2971,#556);
#477=LINE('',#3019,#557);
#478=LINE('',#3067,#558);
#479=LINE('',#3121,#559);
#480=LINE('',#3169,#560);
#481=LINE('',#3222,#561);
#482=LINE('',#3243,#562);
#483=LINE('',#3268,#563);
#484=LINE('',#3293,#564);
#485=LINE('',#3318,#565);
#486=LINE('',#3342,#566);
#487=LINE('',#3378,#567);
#488=LINE('',#3429,#568);
#489=LINE('',#3477,#569);
#490=LINE('',#3531,#570);
#491=LINE('',#3579,#571);
#492=LINE('',#3627,#572);
#493=LINE('',#3666,#573);
#494=LINE('',#3682,#574);
#495=LINE('',#3706,#575);
#496=LINE('',#3731,#576);
#497=LINE('',#3756,#577);
#498=LINE('',#3781,#578);
#499=LINE('',#3805,#579);
#500=LINE('',#3830,#580);
#501=LINE('',#4720,#581);
#502=LINE('',#5446,#582);
#503=LINE('',#5448,#583);
#504=VECTOR('',#1965,14.6851667536437);
#505=VECTOR('',#2014,10.);
#506=VECTOR('',#2017,10.);
#507=VECTOR('',#2020,10.);
#508=VECTOR('',#2025,10.);
#509=VECTOR('',#2030,10.);
#510=VECTOR('',#2035,10.);
#511=VECTOR('',#2040,10.);
#512=VECTOR('',#2045,10.);
#513=VECTOR('',#2050,10.);
#514=VECTOR('',#2055,10.);
#515=VECTOR('',#2060,10.);
#516=VECTOR('',#2065,10.);
#517=VECTOR('',#2070,10.);
#518=VECTOR('',#2075,10.);
#519=VECTOR('',#2080,10.);
#520=VECTOR('',#2085,10.);
#521=VECTOR('',#2090,10.);
#522=VECTOR('',#2095,10.);
#523=VECTOR('',#2100,10.);
#524=VECTOR('',#2105,10.);
#525=VECTOR('',#2110,10.);
#526=VECTOR('',#2115,10.);
#527=VECTOR('',#2120,10.);
#528=VECTOR('',#2125,10.);
#529=VECTOR('',#2132,14.095);
#530=VECTOR('',#2185,10.);
#531=VECTOR('',#2188,10.);
#532=VECTOR('',#2191,10.);
#533=VECTOR('',#2194,10.);
#534=VECTOR('',#2197,10.);
#535=VECTOR('',#2200,10.);
#536=VECTOR('',#2203,10.);
#537=VECTOR('',#2206,10.);
#538=VECTOR('',#2209,10.);
#539=VECTOR('',#2212,10.);
#540=VECTOR('',#2215,10.);
#541=VECTOR('',#2218,10.);
#542=VECTOR('',#2221,10.);
#543=VECTOR('',#2224,10.);
#544=VECTOR('',#2227,10.);
#545=VECTOR('',#2230,10.);
#546=VECTOR('',#2233,10.);
#547=VECTOR('',#2236,10.);
#548=VECTOR('',#2239,10.);
#549=VECTOR('',#2242,10.);
#550=VECTOR('',#2245,10.);
#551=VECTOR('',#2256,11.4);
#552=VECTOR('',#2259,10.);
#553=VECTOR('',#2272,5.655);
#554=VECTOR('',#2279,8.325);
#555=VECTOR('',#2282,3.16);
#556=VECTOR('',#2287,3.16);
#557=VECTOR('',#2290,3.16);
#558=VECTOR('',#2293,3.16);
#559=VECTOR('',#2296,3.16);
#560=VECTOR('',#2299,3.16);
#561=VECTOR('',#2304,2.37175);
#562=VECTOR('',#2309,2.37175);
#563=VECTOR('',#2312,2.37175);
#564=VECTOR('',#2315,2.37175);
#565=VECTOR('',#2318,2.37175);
#566=VECTOR('',#2321,3.145);
#567=VECTOR('',#2326,3.145);
#568=VECTOR('',#2329,3.145);
#569=VECTOR('',#2332,3.145);
#570=VECTOR('',#2335,3.145);
#571=VECTOR('',#2338,3.145);
#572=VECTOR('',#2341,3.145);
#573=VECTOR('',#2346,3.0735);
#574=VECTOR('',#2351,3.0735);
#575=VECTOR('',#2354,3.0735);
#576=VECTOR('',#2357,3.0735);
#577=VECTOR('',#2360,3.0735);
#578=VECTOR('',#2363,3.0735);
#579=VECTOR('',#2366,3.0735);
#580=VECTOR('',#2369,3.0735);
#581=VECTOR('',#2382,2.7675);
#582=VECTOR('',#2413,5.655);
#583=VECTOR('',#2416,2.235);
#584=CIRCLE('',#1768,14.402324041169);
#585=CIRCLE('',#1769,14.97);
#586=CIRCLE('',#1770,14.97);
#587=CIRCLE('',#1771,14.97);
#588=CIRCLE('',#1772,14.97);
#589=CIRCLE('',#1773,14.97);
#590=CIRCLE('',#1774,14.97);
#591=CIRCLE('',#1775,14.97);
#592=CIRCLE('',#1776,14.97);
#593=CIRCLE('',#1777,14.97);
#594=CIRCLE('',#1778,14.97);
#595=CIRCLE('',#1779,14.97);
#596=CIRCLE('',#1780,14.97);
#597=CIRCLE('',#1781,14.97);
#598=CIRCLE('',#1782,14.97);
#599=CIRCLE('',#1783,14.97);
#600=CIRCLE('',#1784,14.97);
#601=CIRCLE('',#1785,14.97);
#602=CIRCLE('',#1786,14.97);
#603=CIRCLE('',#1787,14.97);
#604=CIRCLE('',#1788,14.97);
#605=CIRCLE('',#1789,14.97);
#606=CIRCLE('',#1790,14.97);
#607=CIRCLE('',#1791,14.97);
#608=CIRCLE('',#1793,2.21638779713299);
#609=CIRCLE('',#1795,14.97);
#610=CIRCLE('',#1797,2.21638779713299);
#611=CIRCLE('',#1799,14.97);
#612=CIRCLE('',#1801,2.21638779713299);
#613=CIRCLE('',#1803,14.97);
#614=CIRCLE('',#1805,2.21638779713299);
#615=CIRCLE('',#1807,14.97);
#616=CIRCLE('',#1809,2.21638779713299);
#617=CIRCLE('',#1811,14.97);
#618=CIRCLE('',#1813,2.21638779713299);
#619=CIRCLE('',#1815,14.97);
#620=CIRCLE('',#1817,2.21638779713299);
#621=CIRCLE('',#1819,14.97);
#622=CIRCLE('',#1821,2.21638779713299);
#623=CIRCLE('',#1823,14.97);
#624=CIRCLE('',#1825,2.21638779713299);
#625=CIRCLE('',#1827,14.97);
#626=CIRCLE('',#1829,2.21638779713298);
#627=CIRCLE('',#1831,14.97);
#628=CIRCLE('',#1833,2.21638779713299);
#629=CIRCLE('',#1835,14.97);
#630=CIRCLE('',#1837,2.21638779713299);
#631=CIRCLE('',#1839,14.095);
#632=CIRCLE('',#1840,14.095);
#633=CIRCLE('',#1842,14.97);
#634=CIRCLE('',#1843,2.21638779713299);
#635=CIRCLE('',#1844,14.97);
#636=CIRCLE('',#1845,2.21638779713299);
#637=CIRCLE('',#1846,14.97);
#638=CIRCLE('',#1847,2.21638779713299);
#639=CIRCLE('',#1848,14.97);
#640=CIRCLE('',#1849,2.21638779713299);
#641=CIRCLE('',#1850,14.97);
#642=CIRCLE('',#1851,2.21638779713299);
#643=CIRCLE('',#1852,14.97);
#644=CIRCLE('',#1853,2.21638779713299);
#645=CIRCLE('',#1854,14.97);
#646=CIRCLE('',#1855,2.21638779713299);
#647=CIRCLE('',#1856,14.97);
#648=CIRCLE('',#1857,2.21638779713299);
#649=CIRCLE('',#1858,14.97);
#650=CIRCLE('',#1859,2.21638779713298);
#651=CIRCLE('',#1860,14.97);
#652=CIRCLE('',#1861,2.21638779713299);
#653=CIRCLE('',#1862,14.97);
#654=CIRCLE('',#1863,14.97);
#655=CIRCLE('',#1864,2.21638779713299);
#656=CIRCLE('',#1887,11.4);
#657=CIRCLE('',#1888,8.32216906946265);
#658=CIRCLE('',#1890,11.4);
#659=CIRCLE('',#1894,5.655);
#660=CIRCLE('',#1897,5.655);
#661=CIRCLE('',#1899,7.605);
#662=CIRCLE('',#1902,2.942);
#663=CIRCLE('',#1908,2.942);
#664=CIRCLE('',#1910,2.37175);
#665=CIRCLE('',#1916,2.5175);
#666=CIRCLE('',#1923,2.5175);
#667=CIRCLE('',#1925,3.0735);
#668=CIRCLE('',#1933,3.0735);
#669=CIRCLE('',#1936,2.5175);
#670=CIRCLE('',#1937,2.5175);
#671=CIRCLE('',#1939,3.0175);
#672=CIRCLE('',#1941,5.655);
#673=CIRCLE('',#1944,2.37175);
#674=CIRCLE('',#1946,2.942);
#675=CIRCLE('',#1947,2.235);
#676=CIRCLE('',#1951,5.655);
#677=CIRCLE('',#1952,2.235);
#678=VERTEX_POINT('',#2424);
#679=VERTEX_POINT('',#2426);
#680=VERTEX_POINT('',#2428);
#681=VERTEX_POINT('',#2439);
#682=VERTEX_POINT('',#2441);
#683=VERTEX_POINT('',#2452);
#684=VERTEX_POINT('',#2454);
#685=VERTEX_POINT('',#2465);
#686=VERTEX_POINT('',#2467);
#687=VERTEX_POINT('',#2478);
#688=VERTEX_POINT('',#2480);
#689=VERTEX_POINT('',#2491);
#690=VERTEX_POINT('',#2493);
#691=VERTEX_POINT('',#2504);
#692=VERTEX_POINT('',#2506);
#693=VERTEX_POINT('',#2517);
#694=VERTEX_POINT('',#2519);
#695=VERTEX_POINT('',#2530);
#696=VERTEX_POINT('',#2532);
#697=VERTEX_POINT('',#2543);
#698=VERTEX_POINT('',#2545);
#699=VERTEX_POINT('',#2556);
#700=VERTEX_POINT('',#2558);
#701=VERTEX_POINT('',#2569);
#702=VERTEX_POINT('',#2571);
#703=VERTEX_POINT('',#2582);
#704=VERTEX_POINT('',#2584);
#705=VERTEX_POINT('',#2595);
#706=VERTEX_POINT('',#2597);
#707=VERTEX_POINT('',#2608);
#708=VERTEX_POINT('',#2610);
#709=VERTEX_POINT('',#2621);
#710=VERTEX_POINT('',#2623);
#711=VERTEX_POINT('',#2634);
#712=VERTEX_POINT('',#2636);
#713=VERTEX_POINT('',#2647);
#714=VERTEX_POINT('',#2649);
#715=VERTEX_POINT('',#2660);
#716=VERTEX_POINT('',#2662);
#717=VERTEX_POINT('',#2673);
#718=VERTEX_POINT('',#2675);
#719=VERTEX_POINT('',#2686);
#720=VERTEX_POINT('',#2688);
#721=VERTEX_POINT('',#2699);
#722=VERTEX_POINT('',#2701);
#723=VERTEX_POINT('',#2712);
#724=VERTEX_POINT('',#2714);
#725=VERTEX_POINT('',#2725);
#726=VERTEX_POINT('',#2732);
#727=VERTEX_POINT('',#2734);
#728=VERTEX_POINT('',#2738);
#729=VERTEX_POINT('',#2742);
#730=VERTEX_POINT('',#2746);
#731=VERTEX_POINT('',#2750);
#732=VERTEX_POINT('',#2754);
#733=VERTEX_POINT('',#2758);
#734=VERTEX_POINT('',#2762);
#735=VERTEX_POINT('',#2766);
#736=VERTEX_POINT('',#2770);
#737=VERTEX_POINT('',#2774);
#738=VERTEX_POINT('',#2778);
#739=VERTEX_POINT('',#2782);
#740=VERTEX_POINT('',#2786);
#741=VERTEX_POINT('',#2790);
#742=VERTEX_POINT('',#2794);
#743=VERTEX_POINT('',#2798);
#744=VERTEX_POINT('',#2802);
#745=VERTEX_POINT('',#2806);
#746=VERTEX_POINT('',#2810);
#747=VERTEX_POINT('',#2814);
#748=VERTEX_POINT('',#2818);
#749=VERTEX_POINT('',#2822);
#750=VERTEX_POINT('',#2826);
#751=VERTEX_POINT('',#2828);
#752=VERTEX_POINT('',#2832);
#753=VERTEX_POINT('',#2833);
#754=VERTEX_POINT('',#2835);
#755=VERTEX_POINT('',#2837);
#756=VERTEX_POINT('',#2839);
#757=VERTEX_POINT('',#2841);
#758=VERTEX_POINT('',#2843);
#759=VERTEX_POINT('',#2845);
#760=VERTEX_POINT('',#2847);
#761=VERTEX_POINT('',#2849);
#762=VERTEX_POINT('',#2851);
#763=VERTEX_POINT('',#2853);
#764=VERTEX_POINT('',#2855);
#765=VERTEX_POINT('',#2857);
#766=VERTEX_POINT('',#2859);
#767=VERTEX_POINT('',#2861);
#768=VERTEX_POINT('',#2863);
#769=VERTEX_POINT('',#2865);
#770=VERTEX_POINT('',#2867);
#771=VERTEX_POINT('',#2869);
#772=VERTEX_POINT('',#2871);
#773=VERTEX_POINT('',#2874);
#774=VERTEX_POINT('',#2920);
#775=VERTEX_POINT('',#2922);
#776=VERTEX_POINT('',#2925);
#777=VERTEX_POINT('',#2932);
#778=VERTEX_POINT('',#2936);
#779=VERTEX_POINT('',#2940);
#780=VERTEX_POINT('',#2945);
#781=VERTEX_POINT('',#2946);
#782=VERTEX_POINT('',#2948);
#783=VERTEX_POINT('',#2959);
#784=VERTEX_POINT('',#2969);
#785=VERTEX_POINT('',#2970);
#786=VERTEX_POINT('',#3017);
#787=VERTEX_POINT('',#3018);
#788=VERTEX_POINT('',#3065);
#789=VERTEX_POINT('',#3066);
#790=VERTEX_POINT('',#3119);
#791=VERTEX_POINT('',#3120);
#792=VERTEX_POINT('',#3167);
#793=VERTEX_POINT('',#3168);
#794=VERTEX_POINT('',#3170);
#795=VERTEX_POINT('',#3220);
#796=VERTEX_POINT('',#3221);
#797=VERTEX_POINT('',#3223);
#798=VERTEX_POINT('',#3232);
#799=VERTEX_POINT('',#3241);
#800=VERTEX_POINT('',#3242);
#801=VERTEX_POINT('',#3266);
#802=VERTEX_POINT('',#3267);
#803=VERTEX_POINT('',#3291);
#804=VERTEX_POINT('',#3292);
#805=VERTEX_POINT('',#3316);
#806=VERTEX_POINT('',#3317);
#807=VERTEX_POINT('',#3340);
#808=VERTEX_POINT('',#3341);
#809=VERTEX_POINT('',#3343);
#810=VERTEX_POINT('',#3357);
#811=VERTEX_POINT('',#3376);
#812=VERTEX_POINT('',#3377);
#813=VERTEX_POINT('',#3427);
#814=VERTEX_POINT('',#3428);
#815=VERTEX_POINT('',#3475);
#816=VERTEX_POINT('',#3476);
#817=VERTEX_POINT('',#3529);
#818=VERTEX_POINT('',#3530);
#819=VERTEX_POINT('',#3577);
#820=VERTEX_POINT('',#3578);
#821=VERTEX_POINT('',#3625);
#822=VERTEX_POINT('',#3626);
#823=VERTEX_POINT('',#3628);
#824=VERTEX_POINT('',#3642);
#825=VERTEX_POINT('',#3664);
#826=VERTEX_POINT('',#3665);
#827=VERTEX_POINT('',#3667);
#828=VERTEX_POINT('',#3672);
#829=VERTEX_POINT('',#3680);
#830=VERTEX_POINT('',#3681);
#831=VERTEX_POINT('',#3704);
#832=VERTEX_POINT('',#3705);
#833=VERTEX_POINT('',#3729);
#834=VERTEX_POINT('',#3730);
#835=VERTEX_POINT('',#3754);
#836=VERTEX_POINT('',#3755);
#837=VERTEX_POINT('',#3779);
#838=VERTEX_POINT('',#3780);
#839=VERTEX_POINT('',#3803);
#840=VERTEX_POINT('',#3804);
#841=VERTEX_POINT('',#3828);
#842=VERTEX_POINT('',#3829);
#843=VERTEX_POINT('',#3831);
#844=VERTEX_POINT('',#3837);
#845=VERTEX_POINT('',#4385);
#846=VERTEX_POINT('',#4719);
#847=VERTEX_POINT('',#4723);
#848=VERTEX_POINT('',#4882);
#849=VERTEX_POINT('',#4981);
#850=VERTEX_POINT('',#5083);
#851=VERTEX_POINT('',#5436);
#852=VERTEX_POINT('',#5441);
#853=VERTEX_POINT('',#5443);
#854=EDGE_CURVE('',#678,#678,#584,.T.);
#855=EDGE_CURVE('',#678,#679,#424,.T.);
#856=EDGE_CURVE('',#679,#680,#333,.T.);
#857=EDGE_CURVE('',#681,#680,#585,.T.);
#858=EDGE_CURVE('',#681,#682,#334,.T.);
#859=EDGE_CURVE('',#683,#682,#586,.T.);
#860=EDGE_CURVE('',#683,#684,#335,.T.);
#861=EDGE_CURVE('',#685,#684,#587,.T.);
#862=EDGE_CURVE('',#685,#686,#336,.T.);
#863=EDGE_CURVE('',#687,#686,#588,.T.);
#864=EDGE_CURVE('',#687,#688,#337,.T.);
#865=EDGE_CURVE('',#689,#688,#589,.T.);
#866=EDGE_CURVE('',#689,#690,#338,.T.);
#867=EDGE_CURVE('',#691,#690,#590,.T.);
#868=EDGE_CURVE('',#691,#692,#339,.T.);
#869=EDGE_CURVE('',#693,#692,#591,.T.);
#870=EDGE_CURVE('',#693,#694,#340,.T.);
#871=EDGE_CURVE('',#695,#694,#592,.T.);
#872=EDGE_CURVE('',#695,#696,#341,.T.);
#873=EDGE_CURVE('',#697,#696,#593,.T.);
#874=EDGE_CURVE('',#697,#698,#342,.T.);
#875=EDGE_CURVE('',#699,#698,#594,.T.);
#876=EDGE_CURVE('',#699,#700,#343,.T.);
#877=EDGE_CURVE('',#701,#700,#595,.T.);
#878=EDGE_CURVE('',#701,#702,#344,.T.);
#879=EDGE_CURVE('',#703,#702,#596,.T.);
#880=EDGE_CURVE('',#703,#704,#345,.T.);
#881=EDGE_CURVE('',#705,#704,#597,.T.);
#882=EDGE_CURVE('',#705,#706,#346,.T.);
#883=EDGE_CURVE('',#707,#706,#598,.T.);
#884=EDGE_CURVE('',#707,#708,#347,.T.);
#885=EDGE_CURVE('',#709,#708,#599,.T.);
#886=EDGE_CURVE('',#709,#710,#348,.T.);
#887=EDGE_CURVE('',#711,#710,#600,.T.);
#888=EDGE_CURVE('',#711,#712,#349,.T.);
#889=EDGE_CURVE('',#713,#712,#601,.T.);
#890=EDGE_CURVE('',#713,#714,#350,.T.);
#891=EDGE_CURVE('',#715,#714,#602,.T.);
#892=EDGE_CURVE('',#715,#716,#351,.T.);
#893=EDGE_CURVE('',#717,#716,#603,.T.);
#894=EDGE_CURVE('',#717,#718,#352,.T.);
#895=EDGE_CURVE('',#719,#718,#604,.T.);
#896=EDGE_CURVE('',#719,#720,#353,.T.);
#897=EDGE_CURVE('',#721,#720,#605,.T.);
#898=EDGE_CURVE('',#721,#722,#354,.T.);
#899=EDGE_CURVE('',#723,#722,#606,.T.);
#900=EDGE_CURVE('',#723,#724,#355,.T.);
#901=EDGE_CURVE('',#725,#724,#607,.T.);
#902=EDGE_CURVE('',#725,#679,#356,.T.);
#903=EDGE_CURVE('',#691,#726,#425,.T.);
#904=EDGE_CURVE('',#726,#727,#608,.T.);
#905=EDGE_CURVE('',#692,#727,#426,.T.);
#906=EDGE_CURVE('',#690,#728,#427,.T.);
#907=EDGE_CURVE('',#728,#726,#609,.T.);
#908=EDGE_CURVE('',#689,#729,#428,.T.);
#909=EDGE_CURVE('',#729,#728,#610,.T.);
#910=EDGE_CURVE('',#688,#730,#429,.T.);
#911=EDGE_CURVE('',#730,#729,#611,.T.);
#912=EDGE_CURVE('',#687,#731,#430,.T.);
#913=EDGE_CURVE('',#731,#730,#612,.T.);
#914=EDGE_CURVE('',#686,#732,#431,.T.);
#915=EDGE_CURVE('',#732,#731,#613,.T.);
#916=EDGE_CURVE('',#685,#733,#432,.T.);
#917=EDGE_CURVE('',#733,#732,#614,.T.);
#918=EDGE_CURVE('',#684,#734,#433,.T.);
#919=EDGE_CURVE('',#734,#733,#615,.T.);
#920=EDGE_CURVE('',#683,#735,#434,.T.);
#921=EDGE_CURVE('',#735,#734,#616,.T.);
#922=EDGE_CURVE('',#682,#736,#435,.T.);
#923=EDGE_CURVE('',#736,#735,#617,.T.);
#924=EDGE_CURVE('',#681,#737,#436,.T.);
#925=EDGE_CURVE('',#737,#736,#618,.T.);
#926=EDGE_CURVE('',#680,#738,#437,.T.);
#927=EDGE_CURVE('',#738,#737,#619,.T.);
#928=EDGE_CURVE('',#725,#739,#438,.T.);
#929=EDGE_CURVE('',#739,#738,#620,.T.);
#930=EDGE_CURVE('',#724,#740,#439,.T.);
#931=EDGE_CURVE('',#740,#739,#621,.T.);
#932=EDGE_CURVE('',#723,#741,#440,.T.);
#933=EDGE_CURVE('',#741,#740,#622,.T.);
#934=EDGE_CURVE('',#722,#742,#441,.T.);
#935=EDGE_CURVE('',#742,#741,#623,.T.);
#936=EDGE_CURVE('',#721,#743,#442,.T.);
#937=EDGE_CURVE('',#743,#742,#624,.T.);
#938=EDGE_CURVE('',#720,#744,#443,.T.);
#939=EDGE_CURVE('',#744,#743,#625,.T.);
#940=EDGE_CURVE('',#719,#745,#444,.T.);
#941=EDGE_CURVE('',#745,#744,#626,.T.);
#942=EDGE_CURVE('',#718,#746,#445,.T.);
#943=EDGE_CURVE('',#746,#745,#627,.T.);
#944=EDGE_CURVE('',#717,#747,#446,.T.);
#945=EDGE_CURVE('',#747,#746,#628,.T.);
#946=EDGE_CURVE('',#716,#748,#447,.T.);
#947=EDGE_CURVE('',#748,#747,#629,.T.);
#948=EDGE_CURVE('',#715,#749,#448,.T.);
#949=EDGE_CURVE('',#749,#748,#630,.T.);
#950=EDGE_CURVE('',#750,#750,#631,.T.);
#951=EDGE_CURVE('',#750,#751,#449,.T.);
#952=EDGE_CURVE('',#751,#751,#632,.T.);
#953=EDGE_CURVE('',#752,#753,#633,.T.);
#954=EDGE_CURVE('',#754,#752,#634,.T.);
#955=EDGE_CURVE('',#755,#754,#635,.T.);
#956=EDGE_CURVE('',#756,#755,#636,.T.);
#957=EDGE_CURVE('',#757,#756,#637,.T.);
#958=EDGE_CURVE('',#758,#757,#638,.T.);
#959=EDGE_CURVE('',#759,#758,#639,.T.);
#960=EDGE_CURVE('',#760,#759,#640,.T.);
#961=EDGE_CURVE('',#761,#760,#641,.T.);
#962=EDGE_CURVE('',#762,#761,#642,.T.);
#963=EDGE_CURVE('',#763,#762,#643,.T.);
#964=EDGE_CURVE('',#764,#763,#644,.T.);
#965=EDGE_CURVE('',#765,#764,#645,.T.);
#966=EDGE_CURVE('',#766,#765,#646,.T.);
#967=EDGE_CURVE('',#767,#766,#647,.T.);
#968=EDGE_CURVE('',#768,#767,#648,.T.);
#969=EDGE_CURVE('',#769,#768,#649,.T.);
#970=EDGE_CURVE('',#770,#769,#650,.T.);
#971=EDGE_CURVE('',#771,#770,#651,.T.);
#972=EDGE_CURVE('',#772,#771,#652,.T.);
#973=EDGE_CURVE('',#727,#772,#653,.T.);
#974=EDGE_CURVE('',#773,#749,#654,.T.);
#975=EDGE_CURVE('',#753,#773,#655,.T.);
#976=EDGE_CURVE('',#693,#772,#450,.T.);
#977=EDGE_CURVE('',#694,#771,#451,.T.);
#978=EDGE_CURVE('',#695,#770,#452,.T.);
#979=EDGE_CURVE('',#696,#769,#453,.T.);
#980=EDGE_CURVE('',#697,#768,#454,.T.);
#981=EDGE_CURVE('',#698,#767,#455,.T.);
#982=EDGE_CURVE('',#699,#766,#456,.T.);
#983=EDGE_CURVE('',#700,#765,#457,.T.);
#984=EDGE_CURVE('',#701,#764,#458,.T.);
#985=EDGE_CURVE('',#702,#763,#459,.T.);
#986=EDGE_CURVE('',#703,#762,#460,.T.);
#987=EDGE_CURVE('',#704,#761,#461,.T.);
#988=EDGE_CURVE('',#705,#760,#462,.T.);
#989=EDGE_CURVE('',#706,#759,#463,.T.);
#990=EDGE_CURVE('',#707,#758,#464,.T.);
#991=EDGE_CURVE('',#708,#757,#465,.T.);
#992=EDGE_CURVE('',#709,#756,#466,.T.);
#993=EDGE_CURVE('',#710,#755,#467,.T.);
#994=EDGE_CURVE('',#711,#754,#468,.T.);
#995=EDGE_CURVE('',#712,#752,#469,.T.);
#996=EDGE_CURVE('',#713,#753,#470,.T.);
#997=EDGE_CURVE('',#774,#774,#656,.T.);
#998=EDGE_CURVE('',#775,#775,#657,.T.);
#999=EDGE_CURVE('',#776,#776,#658,.T.);
#1000=EDGE_CURVE('',#776,#774,#471,.T.);
#1001=EDGE_CURVE('',#714,#773,#472,.T.);
#1002=EDGE_CURVE('',#777,#777,#659,.T.);
#1003=EDGE_CURVE('',#778,#778,#660,.T.);
#1004=EDGE_CURVE('',#778,#777,#473,.T.);
#1005=EDGE_CURVE('',#779,#779,#661,.T.);
#1006=EDGE_CURVE('',#779,#775,#474,.T.);
#1007=EDGE_CURVE('',#780,#781,#475,.T.);
#1008=EDGE_CURVE('',#780,#782,#357,.T.);
#1009=EDGE_CURVE('',#783,#782,#662,.F.);
#1010=EDGE_CURVE('',#783,#781,#358,.T.);
#1011=EDGE_CURVE('',#784,#785,#476,.T.);
#1012=EDGE_CURVE('',#784,#780,#359,.T.);
#1013=EDGE_CURVE('',#781,#785,#360,.T.);
#1014=EDGE_CURVE('',#786,#787,#477,.T.);
#1015=EDGE_CURVE('',#786,#784,#361,.T.);
#1016=EDGE_CURVE('',#785,#787,#362,.T.);
#1017=EDGE_CURVE('',#788,#789,#478,.T.);
#1018=EDGE_CURVE('',#788,#786,#363,.T.);
#1019=EDGE_CURVE('',#787,#789,#364,.T.);
#1020=EDGE_CURVE('',#790,#791,#479,.T.);
#1021=EDGE_CURVE('',#790,#788,#365,.T.);
#1022=EDGE_CURVE('',#789,#791,#366,.T.);
#1023=EDGE_CURVE('',#792,#793,#480,.T.);
#1024=EDGE_CURVE('',#794,#792,#663,.T.);
#1025=EDGE_CURVE('',#794,#790,#367,.T.);
#1026=EDGE_CURVE('',#791,#793,#368,.T.);
#1027=EDGE_CURVE('',#795,#796,#481,.T.);
#1028=EDGE_CURVE('',#795,#797,#369,.T.);
#1029=EDGE_CURVE('',#798,#797,#664,.T.);
#1030=EDGE_CURVE('',#796,#798,#370,.T.);
#1031=EDGE_CURVE('',#799,#800,#482,.T.);
#1032=EDGE_CURVE('',#799,#795,#371,.T.);
#1033=EDGE_CURVE('',#800,#796,#372,.T.);
#1034=EDGE_CURVE('',#801,#802,#483,.T.);
#1035=EDGE_CURVE('',#801,#799,#373,.T.);
#1036=EDGE_CURVE('',#802,#800,#374,.T.);
#1037=EDGE_CURVE('',#803,#804,#484,.T.);
#1038=EDGE_CURVE('',#803,#801,#375,.T.);
#1039=EDGE_CURVE('',#804,#802,#376,.T.);
#1040=EDGE_CURVE('',#805,#806,#485,.T.);
#1041=EDGE_CURVE('',#805,#803,#377,.T.);
#1042=EDGE_CURVE('',#806,#804,#378,.T.);
#1043=EDGE_CURVE('',#807,#808,#486,.T.);
#1044=EDGE_CURVE('',#808,#809,#379,.T.);
#1045=EDGE_CURVE('',#809,#810,#665,.T.);
#1046=EDGE_CURVE('',#810,#807,#380,.T.);
#1047=EDGE_CURVE('',#811,#812,#487,.T.);
#1048=EDGE_CURVE('',#812,#808,#381,.T.);
#1049=EDGE_CURVE('',#807,#811,#382,.T.);
#1050=EDGE_CURVE('',#813,#814,#488,.T.);
#1051=EDGE_CURVE('',#814,#812,#383,.T.);
#1052=EDGE_CURVE('',#811,#813,#384,.T.);
#1053=EDGE_CURVE('',#815,#816,#489,.T.);
#1054=EDGE_CURVE('',#816,#814,#385,.T.);
#1055=EDGE_CURVE('',#813,#815,#386,.T.);
#1056=EDGE_CURVE('',#817,#818,#490,.T.);
#1057=EDGE_CURVE('',#818,#816,#387,.T.);
#1058=EDGE_CURVE('',#815,#817,#388,.T.);
#1059=EDGE_CURVE('',#819,#820,#491,.T.);
#1060=EDGE_CURVE('',#820,#818,#389,.T.);
#1061=EDGE_CURVE('',#817,#819,#390,.T.);
#1062=EDGE_CURVE('',#821,#822,#492,.T.);
#1063=EDGE_CURVE('',#821,#823,#391,.T.);
#1064=EDGE_CURVE('',#824,#823,#666,.T.);
#1065=EDGE_CURVE('',#824,#822,#392,.T.);
#1066=EDGE_CURVE('',#825,#826,#493,.T.);
#1067=EDGE_CURVE('',#826,#827,#393,.T.);
#1068=EDGE_CURVE('',#828,#827,#667,.T.);
#1069=EDGE_CURVE('',#825,#828,#394,.T.);
#1070=EDGE_CURVE('',#829,#830,#494,.T.);
#1071=EDGE_CURVE('',#830,#826,#395,.T.);
#1072=EDGE_CURVE('',#829,#825,#396,.T.);
#1073=EDGE_CURVE('',#831,#832,#495,.T.);
#1074=EDGE_CURVE('',#832,#830,#397,.T.);
#1075=EDGE_CURVE('',#831,#829,#398,.T.);
#1076=EDGE_CURVE('',#833,#834,#496,.T.);
#1077=EDGE_CURVE('',#834,#832,#399,.T.);
#1078=EDGE_CURVE('',#833,#831,#400,.T.);
#1079=EDGE_CURVE('',#835,#836,#497,.T.);
#1080=EDGE_CURVE('',#836,#834,#401,.T.);
#1081=EDGE_CURVE('',#835,#833,#402,.T.);
#1082=EDGE_CURVE('',#837,#838,#498,.T.);
#1083=EDGE_CURVE('',#838,#836,#403,.T.);
#1084=EDGE_CURVE('',#837,#835,#404,.T.);
#1085=EDGE_CURVE('',#839,#840,#499,.T.);
#1086=EDGE_CURVE('',#840,#838,#405,.T.);
#1087=EDGE_CURVE('',#839,#837,#406,.T.);
#1088=EDGE_CURVE('',#841,#842,#500,.T.);
#1089=EDGE_CURVE('',#843,#841,#407,.T.);
#1090=EDGE_CURVE('',#844,#843,#668,.T.);
#1091=EDGE_CURVE('',#844,#842,#408,.T.);
#1092=EDGE_CURVE('',#842,#840,#409,.T.);
#1093=EDGE_CURVE('',#841,#839,#410,.T.);
#1094=EDGE_CURVE('',#827,#810,#411,.T.);
#1095=EDGE_CURVE('',#823,#844,#412,.T.);
#1096=EDGE_CURVE('',#819,#821,#413,.T.);
#1097=EDGE_CURVE('',#843,#824,#414,.T.);
#1098=EDGE_CURVE('',#845,#824,#669,.T.);
#1099=EDGE_CURVE('',#823,#845,#670,.T.);
#1100=EDGE_CURVE('',#809,#828,#415,.T.);
#1101=EDGE_CURVE('',#822,#820,#416,.T.);
#1102=EDGE_CURVE('',#845,#846,#501,.T.);
#1103=EDGE_CURVE('',#846,#846,#671,.T.);
#1104=EDGE_CURVE('',#847,#847,#672,.T.);
#1105=EDGE_CURVE('',#848,#798,#417,.T.);
#1106=EDGE_CURVE('',#793,#848,#418,.T.);
#1107=EDGE_CURVE('',#849,#783,#419,.T.);
#1108=EDGE_CURVE('',#849,#806,#420,.T.);
#1109=EDGE_CURVE('',#850,#849,#673,.T.);
#1110=EDGE_CURVE('',#850,#805,#421,.T.);
#1111=EDGE_CURVE('',#797,#794,#422,.T.);
#1112=EDGE_CURVE('',#782,#850,#423,.T.);
#1113=EDGE_CURVE('',#792,#848,#674,.T.);
#1114=EDGE_CURVE('',#851,#851,#675,.T.);
#1115=EDGE_CURVE('',#852,#852,#676,.T.);
#1116=EDGE_CURVE('',#853,#853,#677,.T.);
#1117=EDGE_CURVE('',#847,#852,#502,.T.);
#1118=EDGE_CURVE('',#851,#853,#503,.T.);
#1119=ORIENTED_EDGE('',*,*,#854,.F.);
#1120=ORIENTED_EDGE('',*,*,#855,.T.);
#1121=ORIENTED_EDGE('',*,*,#856,.T.);
#1122=ORIENTED_EDGE('',*,*,#857,.F.);
#1123=ORIENTED_EDGE('',*,*,#858,.T.);
#1124=ORIENTED_EDGE('',*,*,#859,.F.);
#1125=ORIENTED_EDGE('',*,*,#860,.T.);
#1126=ORIENTED_EDGE('',*,*,#861,.F.);
#1127=ORIENTED_EDGE('',*,*,#862,.T.);
#1128=ORIENTED_EDGE('',*,*,#863,.F.);
#1129=ORIENTED_EDGE('',*,*,#864,.T.);
#1130=ORIENTED_EDGE('',*,*,#865,.F.);
#1131=ORIENTED_EDGE('',*,*,#866,.T.);
#1132=ORIENTED_EDGE('',*,*,#867,.F.);
#1133=ORIENTED_EDGE('',*,*,#868,.T.);
#1134=ORIENTED_EDGE('',*,*,#869,.F.);
#1135=ORIENTED_EDGE('',*,*,#870,.T.);
#1136=ORIENTED_EDGE('',*,*,#871,.F.);
#1137=ORIENTED_EDGE('',*,*,#872,.T.);
#1138=ORIENTED_EDGE('',*,*,#873,.F.);
#1139=ORIENTED_EDGE('',*,*,#874,.T.);
#1140=ORIENTED_EDGE('',*,*,#875,.F.);
#1141=ORIENTED_EDGE('',*,*,#876,.T.);
#1142=ORIENTED_EDGE('',*,*,#877,.F.);
#1143=ORIENTED_EDGE('',*,*,#878,.T.);
#1144=ORIENTED_EDGE('',*,*,#879,.F.);
#1145=ORIENTED_EDGE('',*,*,#880,.T.);
#1146=ORIENTED_EDGE('',*,*,#881,.F.);
#1147=ORIENTED_EDGE('',*,*,#882,.T.);
#1148=ORIENTED_EDGE('',*,*,#883,.F.);
#1149=ORIENTED_EDGE('',*,*,#884,.T.);
#1150=ORIENTED_EDGE('',*,*,#885,.F.);
#1151=ORIENTED_EDGE('',*,*,#886,.T.);
#1152=ORIENTED_EDGE('',*,*,#887,.F.);
#1153=ORIENTED_EDGE('',*,*,#888,.T.);
#1154=ORIENTED_EDGE('',*,*,#889,.F.);
#1155=ORIENTED_EDGE('',*,*,#890,.T.);
#1156=ORIENTED_EDGE('',*,*,#891,.F.);
#1157=ORIENTED_EDGE('',*,*,#892,.T.);
#1158=ORIENTED_EDGE('',*,*,#893,.F.);
#1159=ORIENTED_EDGE('',*,*,#894,.T.);
#1160=ORIENTED_EDGE('',*,*,#895,.F.);
#1161=ORIENTED_EDGE('',*,*,#896,.T.);
#1162=ORIENTED_EDGE('',*,*,#897,.F.);
#1163=ORIENTED_EDGE('',*,*,#898,.T.);
#1164=ORIENTED_EDGE('',*,*,#899,.F.);
#1165=ORIENTED_EDGE('',*,*,#900,.T.);
#1166=ORIENTED_EDGE('',*,*,#901,.F.);
#1167=ORIENTED_EDGE('',*,*,#902,.T.);
#1168=ORIENTED_EDGE('',*,*,#855,.F.);
#1169=ORIENTED_EDGE('',*,*,#868,.F.);
#1170=ORIENTED_EDGE('',*,*,#903,.T.);
#1171=ORIENTED_EDGE('',*,*,#904,.T.);
#1172=ORIENTED_EDGE('',*,*,#905,.F.);
#1173=ORIENTED_EDGE('',*,*,#867,.T.);
#1174=ORIENTED_EDGE('',*,*,#906,.T.);
#1175=ORIENTED_EDGE('',*,*,#907,.T.);
#1176=ORIENTED_EDGE('',*,*,#903,.F.);
#1177=ORIENTED_EDGE('',*,*,#866,.F.);
#1178=ORIENTED_EDGE('',*,*,#908,.T.);
#1179=ORIENTED_EDGE('',*,*,#909,.T.);
#1180=ORIENTED_EDGE('',*,*,#906,.F.);
#1181=ORIENTED_EDGE('',*,*,#865,.T.);
#1182=ORIENTED_EDGE('',*,*,#910,.T.);
#1183=ORIENTED_EDGE('',*,*,#911,.T.);
#1184=ORIENTED_EDGE('',*,*,#908,.F.);
#1185=ORIENTED_EDGE('',*,*,#864,.F.);
#1186=ORIENTED_EDGE('',*,*,#912,.T.);
#1187=ORIENTED_EDGE('',*,*,#913,.T.);
#1188=ORIENTED_EDGE('',*,*,#910,.F.);
#1189=ORIENTED_EDGE('',*,*,#863,.T.);
#1190=ORIENTED_EDGE('',*,*,#914,.T.);
#1191=ORIENTED_EDGE('',*,*,#915,.T.);
#1192=ORIENTED_EDGE('',*,*,#912,.F.);
#1193=ORIENTED_EDGE('',*,*,#862,.F.);
#1194=ORIENTED_EDGE('',*,*,#916,.T.);
#1195=ORIENTED_EDGE('',*,*,#917,.T.);
#1196=ORIENTED_EDGE('',*,*,#914,.F.);
#1197=ORIENTED_EDGE('',*,*,#861,.T.);
#1198=ORIENTED_EDGE('',*,*,#918,.T.);
#1199=ORIENTED_EDGE('',*,*,#919,.T.);
#1200=ORIENTED_EDGE('',*,*,#916,.F.);
#1201=ORIENTED_EDGE('',*,*,#860,.F.);
#1202=ORIENTED_EDGE('',*,*,#920,.T.);
#1203=ORIENTED_EDGE('',*,*,#921,.T.);
#1204=ORIENTED_EDGE('',*,*,#918,.F.);
#1205=ORIENTED_EDGE('',*,*,#859,.T.);
#1206=ORIENTED_EDGE('',*,*,#922,.T.);
#1207=ORIENTED_EDGE('',*,*,#923,.T.);
#1208=ORIENTED_EDGE('',*,*,#920,.F.);
#1209=ORIENTED_EDGE('',*,*,#858,.F.);
#1210=ORIENTED_EDGE('',*,*,#924,.T.);
#1211=ORIENTED_EDGE('',*,*,#925,.T.);
#1212=ORIENTED_EDGE('',*,*,#922,.F.);
#1213=ORIENTED_EDGE('',*,*,#857,.T.);
#1214=ORIENTED_EDGE('',*,*,#926,.T.);
#1215=ORIENTED_EDGE('',*,*,#927,.T.);
#1216=ORIENTED_EDGE('',*,*,#924,.F.);
#1217=ORIENTED_EDGE('',*,*,#902,.F.);
#1218=ORIENTED_EDGE('',*,*,#928,.T.);
#1219=ORIENTED_EDGE('',*,*,#929,.T.);
#1220=ORIENTED_EDGE('',*,*,#926,.F.);
#1221=ORIENTED_EDGE('',*,*,#856,.F.);
#1222=ORIENTED_EDGE('',*,*,#901,.T.);
#1223=ORIENTED_EDGE('',*,*,#930,.T.);
#1224=ORIENTED_EDGE('',*,*,#931,.T.);
#1225=ORIENTED_EDGE('',*,*,#928,.F.);
#1226=ORIENTED_EDGE('',*,*,#900,.F.);
#1227=ORIENTED_EDGE('',*,*,#932,.T.);
#1228=ORIENTED_EDGE('',*,*,#933,.T.);
#1229=ORIENTED_EDGE('',*,*,#930,.F.);
#1230=ORIENTED_EDGE('',*,*,#899,.T.);
#1231=ORIENTED_EDGE('',*,*,#934,.T.);
#1232=ORIENTED_EDGE('',*,*,#935,.T.);
#1233=ORIENTED_EDGE('',*,*,#932,.F.);
#1234=ORIENTED_EDGE('',*,*,#898,.F.);
#1235=ORIENTED_EDGE('',*,*,#936,.T.);
#1236=ORIENTED_EDGE('',*,*,#937,.T.);
#1237=ORIENTED_EDGE('',*,*,#934,.F.);
#1238=ORIENTED_EDGE('',*,*,#897,.T.);
#1239=ORIENTED_EDGE('',*,*,#938,.T.);
#1240=ORIENTED_EDGE('',*,*,#939,.T.);
#1241=ORIENTED_EDGE('',*,*,#936,.F.);
#1242=ORIENTED_EDGE('',*,*,#896,.F.);
#1243=ORIENTED_EDGE('',*,*,#940,.T.);
#1244=ORIENTED_EDGE('',*,*,#941,.T.);
#1245=ORIENTED_EDGE('',*,*,#938,.F.);
#1246=ORIENTED_EDGE('',*,*,#895,.T.);
#1247=ORIENTED_EDGE('',*,*,#942,.T.);
#1248=ORIENTED_EDGE('',*,*,#943,.T.);
#1249=ORIENTED_EDGE('',*,*,#940,.F.);
#1250=ORIENTED_EDGE('',*,*,#894,.F.);
#1251=ORIENTED_EDGE('',*,*,#944,.T.);
#1252=ORIENTED_EDGE('',*,*,#945,.T.);
#1253=ORIENTED_EDGE('',*,*,#942,.F.);
#1254=ORIENTED_EDGE('',*,*,#893,.T.);
#1255=ORIENTED_EDGE('',*,*,#946,.T.);
#1256=ORIENTED_EDGE('',*,*,#947,.T.);
#1257=ORIENTED_EDGE('',*,*,#944,.F.);
#1258=ORIENTED_EDGE('',*,*,#892,.F.);
#1259=ORIENTED_EDGE('',*,*,#948,.T.);
#1260=ORIENTED_EDGE('',*,*,#949,.T.);
#1261=ORIENTED_EDGE('',*,*,#946,.F.);
#1262=ORIENTED_EDGE('',*,*,#950,.F.);
#1263=ORIENTED_EDGE('',*,*,#951,.T.);
#1264=ORIENTED_EDGE('',*,*,#952,.T.);
#1265=ORIENTED_EDGE('',*,*,#951,.F.);
#1266=ORIENTED_EDGE('',*,*,#953,.F.);
#1267=ORIENTED_EDGE('',*,*,#954,.F.);
#1268=ORIENTED_EDGE('',*,*,#955,.F.);
#1269=ORIENTED_EDGE('',*,*,#956,.F.);
#1270=ORIENTED_EDGE('',*,*,#957,.F.);
#1271=ORIENTED_EDGE('',*,*,#958,.F.);
#1272=ORIENTED_EDGE('',*,*,#959,.F.);
#1273=ORIENTED_EDGE('',*,*,#960,.F.);
#1274=ORIENTED_EDGE('',*,*,#961,.F.);
#1275=ORIENTED_EDGE('',*,*,#962,.F.);
#1276=ORIENTED_EDGE('',*,*,#963,.F.);
#1277=ORIENTED_EDGE('',*,*,#964,.F.);
#1278=ORIENTED_EDGE('',*,*,#965,.F.);
#1279=ORIENTED_EDGE('',*,*,#966,.F.);
#1280=ORIENTED_EDGE('',*,*,#967,.F.);
#1281=ORIENTED_EDGE('',*,*,#968,.F.);
#1282=ORIENTED_EDGE('',*,*,#969,.F.);
#1283=ORIENTED_EDGE('',*,*,#970,.F.);
#1284=ORIENTED_EDGE('',*,*,#971,.F.);
#1285=ORIENTED_EDGE('',*,*,#972,.F.);
#1286=ORIENTED_EDGE('',*,*,#973,.F.);
#1287=ORIENTED_EDGE('',*,*,#904,.F.);
#1288=ORIENTED_EDGE('',*,*,#907,.F.);
#1289=ORIENTED_EDGE('',*,*,#909,.F.);
#1290=ORIENTED_EDGE('',*,*,#911,.F.);
#1291=ORIENTED_EDGE('',*,*,#913,.F.);
#1292=ORIENTED_EDGE('',*,*,#915,.F.);
#1293=ORIENTED_EDGE('',*,*,#917,.F.);
#1294=ORIENTED_EDGE('',*,*,#919,.F.);
#1295=ORIENTED_EDGE('',*,*,#921,.F.);
#1296=ORIENTED_EDGE('',*,*,#923,.F.);
#1297=ORIENTED_EDGE('',*,*,#925,.F.);
#1298=ORIENTED_EDGE('',*,*,#927,.F.);
#1299=ORIENTED_EDGE('',*,*,#929,.F.);
#1300=ORIENTED_EDGE('',*,*,#931,.F.);
#1301=ORIENTED_EDGE('',*,*,#933,.F.);
#1302=ORIENTED_EDGE('',*,*,#935,.F.);
#1303=ORIENTED_EDGE('',*,*,#937,.F.);
#1304=ORIENTED_EDGE('',*,*,#939,.F.);
#1305=ORIENTED_EDGE('',*,*,#941,.F.);
#1306=ORIENTED_EDGE('',*,*,#943,.F.);
#1307=ORIENTED_EDGE('',*,*,#945,.F.);
#1308=ORIENTED_EDGE('',*,*,#947,.F.);
#1309=ORIENTED_EDGE('',*,*,#949,.F.);
#1310=ORIENTED_EDGE('',*,*,#974,.F.);
#1311=ORIENTED_EDGE('',*,*,#975,.F.);
#1312=ORIENTED_EDGE('',*,*,#952,.F.);
#1313=ORIENTED_EDGE('',*,*,#869,.T.);
#1314=ORIENTED_EDGE('',*,*,#905,.T.);
#1315=ORIENTED_EDGE('',*,*,#973,.T.);
#1316=ORIENTED_EDGE('',*,*,#976,.F.);
#1317=ORIENTED_EDGE('',*,*,#870,.F.);
#1318=ORIENTED_EDGE('',*,*,#976,.T.);
#1319=ORIENTED_EDGE('',*,*,#972,.T.);
#1320=ORIENTED_EDGE('',*,*,#977,.F.);
#1321=ORIENTED_EDGE('',*,*,#871,.T.);
#1322=ORIENTED_EDGE('',*,*,#977,.T.);
#1323=ORIENTED_EDGE('',*,*,#971,.T.);
#1324=ORIENTED_EDGE('',*,*,#978,.F.);
#1325=ORIENTED_EDGE('',*,*,#872,.F.);
#1326=ORIENTED_EDGE('',*,*,#978,.T.);
#1327=ORIENTED_EDGE('',*,*,#970,.T.);
#1328=ORIENTED_EDGE('',*,*,#979,.F.);
#1329=ORIENTED_EDGE('',*,*,#873,.T.);
#1330=ORIENTED_EDGE('',*,*,#979,.T.);
#1331=ORIENTED_EDGE('',*,*,#969,.T.);
#1332=ORIENTED_EDGE('',*,*,#980,.F.);
#1333=ORIENTED_EDGE('',*,*,#874,.F.);
#1334=ORIENTED_EDGE('',*,*,#980,.T.);
#1335=ORIENTED_EDGE('',*,*,#968,.T.);
#1336=ORIENTED_EDGE('',*,*,#981,.F.);
#1337=ORIENTED_EDGE('',*,*,#875,.T.);
#1338=ORIENTED_EDGE('',*,*,#981,.T.);
#1339=ORIENTED_EDGE('',*,*,#967,.T.);
#1340=ORIENTED_EDGE('',*,*,#982,.F.);
#1341=ORIENTED_EDGE('',*,*,#876,.F.);
#1342=ORIENTED_EDGE('',*,*,#982,.T.);
#1343=ORIENTED_EDGE('',*,*,#966,.T.);
#1344=ORIENTED_EDGE('',*,*,#983,.F.);
#1345=ORIENTED_EDGE('',*,*,#877,.T.);
#1346=ORIENTED_EDGE('',*,*,#983,.T.);
#1347=ORIENTED_EDGE('',*,*,#965,.T.);
#1348=ORIENTED_EDGE('',*,*,#984,.F.);
#1349=ORIENTED_EDGE('',*,*,#878,.F.);
#1350=ORIENTED_EDGE('',*,*,#984,.T.);
#1351=ORIENTED_EDGE('',*,*,#964,.T.);
#1352=ORIENTED_EDGE('',*,*,#985,.F.);
#1353=ORIENTED_EDGE('',*,*,#879,.T.);
#1354=ORIENTED_EDGE('',*,*,#985,.T.);
#1355=ORIENTED_EDGE('',*,*,#963,.T.);
#1356=ORIENTED_EDGE('',*,*,#986,.F.);
#1357=ORIENTED_EDGE('',*,*,#880,.F.);
#1358=ORIENTED_EDGE('',*,*,#986,.T.);
#1359=ORIENTED_EDGE('',*,*,#962,.T.);
#1360=ORIENTED_EDGE('',*,*,#987,.F.);
#1361=ORIENTED_EDGE('',*,*,#881,.T.);
#1362=ORIENTED_EDGE('',*,*,#987,.T.);
#1363=ORIENTED_EDGE('',*,*,#961,.T.);
#1364=ORIENTED_EDGE('',*,*,#988,.F.);
#1365=ORIENTED_EDGE('',*,*,#882,.F.);
#1366=ORIENTED_EDGE('',*,*,#988,.T.);
#1367=ORIENTED_EDGE('',*,*,#960,.T.);
#1368=ORIENTED_EDGE('',*,*,#989,.F.);
#1369=ORIENTED_EDGE('',*,*,#883,.T.);
#1370=ORIENTED_EDGE('',*,*,#989,.T.);
#1371=ORIENTED_EDGE('',*,*,#959,.T.);
#1372=ORIENTED_EDGE('',*,*,#990,.F.);
#1373=ORIENTED_EDGE('',*,*,#884,.F.);
#1374=ORIENTED_EDGE('',*,*,#990,.T.);
#1375=ORIENTED_EDGE('',*,*,#958,.T.);
#1376=ORIENTED_EDGE('',*,*,#991,.F.);
#1377=ORIENTED_EDGE('',*,*,#885,.T.);
#1378=ORIENTED_EDGE('',*,*,#991,.T.);
#1379=ORIENTED_EDGE('',*,*,#957,.T.);
#1380=ORIENTED_EDGE('',*,*,#992,.F.);
#1381=ORIENTED_EDGE('',*,*,#886,.F.);
#1382=ORIENTED_EDGE('',*,*,#992,.T.);
#1383=ORIENTED_EDGE('',*,*,#956,.T.);
#1384=ORIENTED_EDGE('',*,*,#993,.F.);
#1385=ORIENTED_EDGE('',*,*,#887,.T.);
#1386=ORIENTED_EDGE('',*,*,#993,.T.);
#1387=ORIENTED_EDGE('',*,*,#955,.T.);
#1388=ORIENTED_EDGE('',*,*,#994,.F.);
#1389=ORIENTED_EDGE('',*,*,#888,.F.);
#1390=ORIENTED_EDGE('',*,*,#994,.T.);
#1391=ORIENTED_EDGE('',*,*,#954,.T.);
#1392=ORIENTED_EDGE('',*,*,#995,.F.);
#1393=ORIENTED_EDGE('',*,*,#889,.T.);
#1394=ORIENTED_EDGE('',*,*,#995,.T.);
#1395=ORIENTED_EDGE('',*,*,#953,.T.);
#1396=ORIENTED_EDGE('',*,*,#996,.F.);
#1397=ORIENTED_EDGE('',*,*,#997,.F.);
#1398=ORIENTED_EDGE('',*,*,#998,.F.);
#1399=ORIENTED_EDGE('',*,*,#999,.F.);
#1400=ORIENTED_EDGE('',*,*,#1000,.T.);
#1401=ORIENTED_EDGE('',*,*,#997,.T.);
#1402=ORIENTED_EDGE('',*,*,#1000,.F.);
#1403=ORIENTED_EDGE('',*,*,#890,.F.);
#1404=ORIENTED_EDGE('',*,*,#996,.T.);
#1405=ORIENTED_EDGE('',*,*,#975,.T.);
#1406=ORIENTED_EDGE('',*,*,#1001,.F.);
#1407=ORIENTED_EDGE('',*,*,#891,.T.);
#1408=ORIENTED_EDGE('',*,*,#1001,.T.);
#1409=ORIENTED_EDGE('',*,*,#974,.T.);
#1410=ORIENTED_EDGE('',*,*,#948,.F.);
#1411=ORIENTED_EDGE('',*,*,#854,.T.);
#1412=ORIENTED_EDGE('',*,*,#1002,.T.);
#1413=ORIENTED_EDGE('',*,*,#950,.T.);
#1414=ORIENTED_EDGE('',*,*,#999,.T.);
#1415=ORIENTED_EDGE('',*,*,#1003,.F.);
#1416=ORIENTED_EDGE('',*,*,#1004,.T.);
#1417=ORIENTED_EDGE('',*,*,#1002,.F.);
#1418=ORIENTED_EDGE('',*,*,#1004,.F.);
#1419=ORIENTED_EDGE('',*,*,#1005,.F.);
#1420=ORIENTED_EDGE('',*,*,#1003,.T.);
#1421=ORIENTED_EDGE('',*,*,#1005,.T.);
#1422=ORIENTED_EDGE('',*,*,#1006,.T.);
#1423=ORIENTED_EDGE('',*,*,#998,.T.);
#1424=ORIENTED_EDGE('',*,*,#1006,.F.);
#1425=ORIENTED_EDGE('',*,*,#1007,.F.);
#1426=ORIENTED_EDGE('',*,*,#1008,.T.);
#1427=ORIENTED_EDGE('',*,*,#1009,.F.);
#1428=ORIENTED_EDGE('',*,*,#1010,.T.);
#1429=ORIENTED_EDGE('',*,*,#1011,.F.);
#1430=ORIENTED_EDGE('',*,*,#1012,.T.);
#1431=ORIENTED_EDGE('',*,*,#1007,.T.);
#1432=ORIENTED_EDGE('',*,*,#1013,.T.);
#1433=ORIENTED_EDGE('',*,*,#1014,.F.);
#1434=ORIENTED_EDGE('',*,*,#1015,.T.);
#1435=ORIENTED_EDGE('',*,*,#1011,.T.);
#1436=ORIENTED_EDGE('',*,*,#1016,.T.);
#1437=ORIENTED_EDGE('',*,*,#1017,.F.);
#1438=ORIENTED_EDGE('',*,*,#1018,.T.);
#1439=ORIENTED_EDGE('',*,*,#1014,.T.);
#1440=ORIENTED_EDGE('',*,*,#1019,.T.);
#1441=ORIENTED_EDGE('',*,*,#1020,.F.);
#1442=ORIENTED_EDGE('',*,*,#1021,.T.);
#1443=ORIENTED_EDGE('',*,*,#1017,.T.);
#1444=ORIENTED_EDGE('',*,*,#1022,.T.);
#1445=ORIENTED_EDGE('',*,*,#1023,.F.);
#1446=ORIENTED_EDGE('',*,*,#1024,.F.);
#1447=ORIENTED_EDGE('',*,*,#1025,.T.);
#1448=ORIENTED_EDGE('',*,*,#1020,.T.);
#1449=ORIENTED_EDGE('',*,*,#1026,.T.);
#1450=ORIENTED_EDGE('',*,*,#1027,.F.);
#1451=ORIENTED_EDGE('',*,*,#1028,.T.);
#1452=ORIENTED_EDGE('',*,*,#1029,.F.);
#1453=ORIENTED_EDGE('',*,*,#1030,.F.);
#1454=ORIENTED_EDGE('',*,*,#1031,.F.);
#1455=ORIENTED_EDGE('',*,*,#1032,.T.);
#1456=ORIENTED_EDGE('',*,*,#1027,.T.);
#1457=ORIENTED_EDGE('',*,*,#1033,.F.);
#1458=ORIENTED_EDGE('',*,*,#1034,.F.);
#1459=ORIENTED_EDGE('',*,*,#1035,.T.);
#1460=ORIENTED_EDGE('',*,*,#1031,.T.);
#1461=ORIENTED_EDGE('',*,*,#1036,.F.);
#1462=ORIENTED_EDGE('',*,*,#1037,.F.);
#1463=ORIENTED_EDGE('',*,*,#1038,.T.);
#1464=ORIENTED_EDGE('',*,*,#1034,.T.);
#1465=ORIENTED_EDGE('',*,*,#1039,.F.);
#1466=ORIENTED_EDGE('',*,*,#1040,.F.);
#1467=ORIENTED_EDGE('',*,*,#1041,.T.);
#1468=ORIENTED_EDGE('',*,*,#1037,.T.);
#1469=ORIENTED_EDGE('',*,*,#1042,.F.);
#1470=ORIENTED_EDGE('',*,*,#1043,.T.);
#1471=ORIENTED_EDGE('',*,*,#1044,.T.);
#1472=ORIENTED_EDGE('',*,*,#1045,.T.);
#1473=ORIENTED_EDGE('',*,*,#1046,.T.);
#1474=ORIENTED_EDGE('',*,*,#1047,.T.);
#1475=ORIENTED_EDGE('',*,*,#1048,.T.);
#1476=ORIENTED_EDGE('',*,*,#1043,.F.);
#1477=ORIENTED_EDGE('',*,*,#1049,.T.);
#1478=ORIENTED_EDGE('',*,*,#1050,.T.);
#1479=ORIENTED_EDGE('',*,*,#1051,.T.);
#1480=ORIENTED_EDGE('',*,*,#1047,.F.);
#1481=ORIENTED_EDGE('',*,*,#1052,.T.);
#1482=ORIENTED_EDGE('',*,*,#1053,.T.);
#1483=ORIENTED_EDGE('',*,*,#1054,.T.);
#1484=ORIENTED_EDGE('',*,*,#1050,.F.);
#1485=ORIENTED_EDGE('',*,*,#1055,.T.);
#1486=ORIENTED_EDGE('',*,*,#1056,.T.);
#1487=ORIENTED_EDGE('',*,*,#1057,.T.);
#1488=ORIENTED_EDGE('',*,*,#1053,.F.);
#1489=ORIENTED_EDGE('',*,*,#1058,.T.);
#1490=ORIENTED_EDGE('',*,*,#1059,.T.);
#1491=ORIENTED_EDGE('',*,*,#1060,.T.);
#1492=ORIENTED_EDGE('',*,*,#1056,.F.);
#1493=ORIENTED_EDGE('',*,*,#1061,.T.);
#1494=ORIENTED_EDGE('',*,*,#1062,.F.);
#1495=ORIENTED_EDGE('',*,*,#1063,.T.);
#1496=ORIENTED_EDGE('',*,*,#1064,.F.);
#1497=ORIENTED_EDGE('',*,*,#1065,.T.);
#1498=ORIENTED_EDGE('',*,*,#1066,.T.);
#1499=ORIENTED_EDGE('',*,*,#1067,.T.);
#1500=ORIENTED_EDGE('',*,*,#1068,.F.);
#1501=ORIENTED_EDGE('',*,*,#1069,.F.);
#1502=ORIENTED_EDGE('',*,*,#1070,.T.);
#1503=ORIENTED_EDGE('',*,*,#1071,.T.);
#1504=ORIENTED_EDGE('',*,*,#1066,.F.);
#1505=ORIENTED_EDGE('',*,*,#1072,.F.);
#1506=ORIENTED_EDGE('',*,*,#1073,.T.);
#1507=ORIENTED_EDGE('',*,*,#1074,.T.);
#1508=ORIENTED_EDGE('',*,*,#1070,.F.);
#1509=ORIENTED_EDGE('',*,*,#1075,.F.);
#1510=ORIENTED_EDGE('',*,*,#1076,.T.);
#1511=ORIENTED_EDGE('',*,*,#1077,.T.);
#1512=ORIENTED_EDGE('',*,*,#1073,.F.);
#1513=ORIENTED_EDGE('',*,*,#1078,.F.);
#1514=ORIENTED_EDGE('',*,*,#1079,.T.);
#1515=ORIENTED_EDGE('',*,*,#1080,.T.);
#1516=ORIENTED_EDGE('',*,*,#1076,.F.);
#1517=ORIENTED_EDGE('',*,*,#1081,.F.);
#1518=ORIENTED_EDGE('',*,*,#1082,.T.);
#1519=ORIENTED_EDGE('',*,*,#1083,.T.);
#1520=ORIENTED_EDGE('',*,*,#1079,.F.);
#1521=ORIENTED_EDGE('',*,*,#1084,.F.);
#1522=ORIENTED_EDGE('',*,*,#1085,.T.);
#1523=ORIENTED_EDGE('',*,*,#1086,.T.);
#1524=ORIENTED_EDGE('',*,*,#1082,.F.);
#1525=ORIENTED_EDGE('',*,*,#1087,.F.);
#1526=ORIENTED_EDGE('',*,*,#1088,.F.);
#1527=ORIENTED_EDGE('',*,*,#1089,.F.);
#1528=ORIENTED_EDGE('',*,*,#1090,.F.);
#1529=ORIENTED_EDGE('',*,*,#1091,.T.);
#1530=ORIENTED_EDGE('',*,*,#1088,.T.);
#1531=ORIENTED_EDGE('',*,*,#1092,.T.);
#1532=ORIENTED_EDGE('',*,*,#1085,.F.);
#1533=ORIENTED_EDGE('',*,*,#1093,.F.);
#1534=ORIENTED_EDGE('',*,*,#1094,.F.);
#1535=ORIENTED_EDGE('',*,*,#1067,.F.);
#1536=ORIENTED_EDGE('',*,*,#1071,.F.);
#1537=ORIENTED_EDGE('',*,*,#1074,.F.);
#1538=ORIENTED_EDGE('',*,*,#1077,.F.);
#1539=ORIENTED_EDGE('',*,*,#1080,.F.);
#1540=ORIENTED_EDGE('',*,*,#1083,.F.);
#1541=ORIENTED_EDGE('',*,*,#1086,.F.);
#1542=ORIENTED_EDGE('',*,*,#1092,.F.);
#1543=ORIENTED_EDGE('',*,*,#1091,.F.);
#1544=ORIENTED_EDGE('',*,*,#1095,.F.);
#1545=ORIENTED_EDGE('',*,*,#1063,.F.);
#1546=ORIENTED_EDGE('',*,*,#1096,.F.);
#1547=ORIENTED_EDGE('',*,*,#1061,.F.);
#1548=ORIENTED_EDGE('',*,*,#1058,.F.);
#1549=ORIENTED_EDGE('',*,*,#1055,.F.);
#1550=ORIENTED_EDGE('',*,*,#1052,.F.);
#1551=ORIENTED_EDGE('',*,*,#1049,.F.);
#1552=ORIENTED_EDGE('',*,*,#1046,.F.);
#1553=ORIENTED_EDGE('',*,*,#1090,.T.);
#1554=ORIENTED_EDGE('',*,*,#1097,.T.);
#1555=ORIENTED_EDGE('',*,*,#1098,.F.);
#1556=ORIENTED_EDGE('',*,*,#1099,.F.);
#1557=ORIENTED_EDGE('',*,*,#1095,.T.);
#1558=ORIENTED_EDGE('',*,*,#1100,.F.);
#1559=ORIENTED_EDGE('',*,*,#1044,.F.);
#1560=ORIENTED_EDGE('',*,*,#1048,.F.);
#1561=ORIENTED_EDGE('',*,*,#1051,.F.);
#1562=ORIENTED_EDGE('',*,*,#1054,.F.);
#1563=ORIENTED_EDGE('',*,*,#1057,.F.);
#1564=ORIENTED_EDGE('',*,*,#1060,.F.);
#1565=ORIENTED_EDGE('',*,*,#1101,.F.);
#1566=ORIENTED_EDGE('',*,*,#1065,.F.);
#1567=ORIENTED_EDGE('',*,*,#1097,.F.);
#1568=ORIENTED_EDGE('',*,*,#1089,.T.);
#1569=ORIENTED_EDGE('',*,*,#1093,.T.);
#1570=ORIENTED_EDGE('',*,*,#1087,.T.);
#1571=ORIENTED_EDGE('',*,*,#1084,.T.);
#1572=ORIENTED_EDGE('',*,*,#1081,.T.);
#1573=ORIENTED_EDGE('',*,*,#1078,.T.);
#1574=ORIENTED_EDGE('',*,*,#1075,.T.);
#1575=ORIENTED_EDGE('',*,*,#1072,.T.);
#1576=ORIENTED_EDGE('',*,*,#1069,.T.);
#1577=ORIENTED_EDGE('',*,*,#1099,.T.);
#1578=ORIENTED_EDGE('',*,*,#1102,.T.);
#1579=ORIENTED_EDGE('',*,*,#1103,.T.);
#1580=ORIENTED_EDGE('',*,*,#1102,.F.);
#1581=ORIENTED_EDGE('',*,*,#1098,.T.);
#1582=ORIENTED_EDGE('',*,*,#1064,.T.);
#1583=ORIENTED_EDGE('',*,*,#1104,.T.);
#1584=ORIENTED_EDGE('',*,*,#1103,.F.);
#1585=ORIENTED_EDGE('',*,*,#1062,.T.);
#1586=ORIENTED_EDGE('',*,*,#1101,.T.);
#1587=ORIENTED_EDGE('',*,*,#1059,.F.);
#1588=ORIENTED_EDGE('',*,*,#1096,.T.);
#1589=ORIENTED_EDGE('',*,*,#1105,.F.);
#1590=ORIENTED_EDGE('',*,*,#1106,.F.);
#1591=ORIENTED_EDGE('',*,*,#1026,.F.);
#1592=ORIENTED_EDGE('',*,*,#1022,.F.);
#1593=ORIENTED_EDGE('',*,*,#1019,.F.);
#1594=ORIENTED_EDGE('',*,*,#1016,.F.);
#1595=ORIENTED_EDGE('',*,*,#1013,.F.);
#1596=ORIENTED_EDGE('',*,*,#1010,.F.);
#1597=ORIENTED_EDGE('',*,*,#1107,.F.);
#1598=ORIENTED_EDGE('',*,*,#1108,.T.);
#1599=ORIENTED_EDGE('',*,*,#1042,.T.);
#1600=ORIENTED_EDGE('',*,*,#1039,.T.);
#1601=ORIENTED_EDGE('',*,*,#1036,.T.);
#1602=ORIENTED_EDGE('',*,*,#1033,.T.);
#1603=ORIENTED_EDGE('',*,*,#1030,.T.);
#1604=ORIENTED_EDGE('',*,*,#1040,.T.);
#1605=ORIENTED_EDGE('',*,*,#1108,.F.);
#1606=ORIENTED_EDGE('',*,*,#1109,.F.);
#1607=ORIENTED_EDGE('',*,*,#1110,.T.);
#1608=ORIENTED_EDGE('',*,*,#1111,.F.);
#1609=ORIENTED_EDGE('',*,*,#1028,.F.);
#1610=ORIENTED_EDGE('',*,*,#1032,.F.);
#1611=ORIENTED_EDGE('',*,*,#1035,.F.);
#1612=ORIENTED_EDGE('',*,*,#1038,.F.);
#1613=ORIENTED_EDGE('',*,*,#1041,.F.);
#1614=ORIENTED_EDGE('',*,*,#1110,.F.);
#1615=ORIENTED_EDGE('',*,*,#1112,.F.);
#1616=ORIENTED_EDGE('',*,*,#1008,.F.);
#1617=ORIENTED_EDGE('',*,*,#1012,.F.);
#1618=ORIENTED_EDGE('',*,*,#1015,.F.);
#1619=ORIENTED_EDGE('',*,*,#1018,.F.);
#1620=ORIENTED_EDGE('',*,*,#1021,.F.);
#1621=ORIENTED_EDGE('',*,*,#1025,.F.);
#1622=ORIENTED_EDGE('',*,*,#1105,.T.);
#1623=ORIENTED_EDGE('',*,*,#1029,.T.);
#1624=ORIENTED_EDGE('',*,*,#1111,.T.);
#1625=ORIENTED_EDGE('',*,*,#1024,.T.);
#1626=ORIENTED_EDGE('',*,*,#1113,.T.);
#1627=ORIENTED_EDGE('',*,*,#1114,.F.);
#1628=ORIENTED_EDGE('',*,*,#1045,.F.);
#1629=ORIENTED_EDGE('',*,*,#1100,.T.);
#1630=ORIENTED_EDGE('',*,*,#1068,.T.);
#1631=ORIENTED_EDGE('',*,*,#1094,.T.);
#1632=ORIENTED_EDGE('',*,*,#1023,.T.);
#1633=ORIENTED_EDGE('',*,*,#1106,.T.);
#1634=ORIENTED_EDGE('',*,*,#1113,.F.);
#1635=ORIENTED_EDGE('',*,*,#1115,.T.);
#1636=ORIENTED_EDGE('',*,*,#1116,.F.);
#1637=ORIENTED_EDGE('',*,*,#1104,.F.);
#1638=ORIENTED_EDGE('',*,*,#1117,.T.);
#1639=ORIENTED_EDGE('',*,*,#1115,.F.);
#1640=ORIENTED_EDGE('',*,*,#1117,.F.);
#1641=ORIENTED_EDGE('',*,*,#1114,.T.);
#1642=ORIENTED_EDGE('',*,*,#1118,.T.);
#1643=ORIENTED_EDGE('',*,*,#1116,.T.);
#1644=ORIENTED_EDGE('',*,*,#1118,.F.);
#1645=ORIENTED_EDGE('',*,*,#1107,.T.);
#1646=ORIENTED_EDGE('',*,*,#1009,.T.);
#1647=ORIENTED_EDGE('',*,*,#1112,.T.);
#1648=ORIENTED_EDGE('',*,*,#1109,.T.);
#1649=CONICAL_SURFACE('',#1767,14.6851667536437,0.785398163397451);
#1650=CONICAL_SURFACE('',#1900,8.325,0.0940857450326481);
#1651=CONICAL_SURFACE('',#1938,2.7675,0.785398163397448);
#1652=ADVANCED_FACE('',(#127),#1649,.T.);
#1653=ADVANCED_FACE('',(#128),#46,.F.);
#1654=ADVANCED_FACE('',(#129),#47,.T.);
#1655=ADVANCED_FACE('',(#130),#48,.F.);
#1656=ADVANCED_FACE('',(#131),#49,.T.);
#1657=ADVANCED_FACE('',(#132),#50,.F.);
#1658=ADVANCED_FACE('',(#133),#51,.T.);
#1659=ADVANCED_FACE('',(#134),#52,.F.);
#1660=ADVANCED_FACE('',(#135),#53,.T.);
#1661=ADVANCED_FACE('',(#136),#54,.F.);
#1662=ADVANCED_FACE('',(#137),#55,.T.);
#1663=ADVANCED_FACE('',(#138),#56,.F.);
#1664=ADVANCED_FACE('',(#139),#57,.T.);
#1665=ADVANCED_FACE('',(#140),#58,.F.);
#1666=ADVANCED_FACE('',(#141),#59,.T.);
#1667=ADVANCED_FACE('',(#142),#60,.F.);
#1668=ADVANCED_FACE('',(#143),#61,.T.);
#1669=ADVANCED_FACE('',(#144),#62,.F.);
#1670=ADVANCED_FACE('',(#145),#63,.T.);
#1671=ADVANCED_FACE('',(#146),#64,.F.);
#1672=ADVANCED_FACE('',(#147),#65,.T.);
#1673=ADVANCED_FACE('',(#148),#66,.F.);
#1674=ADVANCED_FACE('',(#149),#67,.T.);
#1675=ADVANCED_FACE('',(#150),#68,.F.);
#1676=ADVANCED_FACE('',(#151),#69,.T.);
#1677=ADVANCED_FACE('',(#152,#27),#35,.T.);
#1678=ADVANCED_FACE('',(#153),#70,.T.);
#1679=ADVANCED_FACE('',(#154),#71,.F.);
#1680=ADVANCED_FACE('',(#155),#72,.T.);
#1681=ADVANCED_FACE('',(#156),#73,.F.);
#1682=ADVANCED_FACE('',(#157),#74,.T.);
#1683=ADVANCED_FACE('',(#158),#75,.F.);
#1684=ADVANCED_FACE('',(#159),#76,.T.);
#1685=ADVANCED_FACE('',(#160),#77,.F.);
#1686=ADVANCED_FACE('',(#161),#78,.T.);
#1687=ADVANCED_FACE('',(#162),#79,.F.);
#1688=ADVANCED_FACE('',(#163),#80,.T.);
#1689=ADVANCED_FACE('',(#164),#81,.F.);
#1690=ADVANCED_FACE('',(#165),#82,.T.);
#1691=ADVANCED_FACE('',(#166),#83,.F.);
#1692=ADVANCED_FACE('',(#167),#84,.T.);
#1693=ADVANCED_FACE('',(#168),#85,.F.);
#1694=ADVANCED_FACE('',(#169),#86,.T.);
#1695=ADVANCED_FACE('',(#170),#87,.F.);
#1696=ADVANCED_FACE('',(#171),#88,.T.);
#1697=ADVANCED_FACE('',(#172),#89,.F.);
#1698=ADVANCED_FACE('',(#173),#90,.T.);
#1699=ADVANCED_FACE('',(#174,#28),#36,.F.);
#1700=ADVANCED_FACE('',(#175),#91,.F.);
#1701=ADVANCED_FACE('',(#176),#92,.F.);
#1702=ADVANCED_FACE('',(#177),#93,.T.);
#1703=ADVANCED_FACE('',(#178,#29),#37,.T.);
#1704=ADVANCED_FACE('',(#179,#30),#38,.F.);
#1705=ADVANCED_FACE('',(#180),#94,.F.);
#1706=ADVANCED_FACE('',(#181,#31),#39,.F.);
#1707=ADVANCED_FACE('',(#182),#1650,.T.);
#1708=ADVANCED_FACE('',(#183),#95,.T.);
#1709=ADVANCED_FACE('',(#184),#96,.T.);
#1710=ADVANCED_FACE('',(#185),#97,.T.);
#1711=ADVANCED_FACE('',(#186),#98,.T.);
#1712=ADVANCED_FACE('',(#187),#99,.T.);
#1713=ADVANCED_FACE('',(#188),#100,.T.);
#1714=ADVANCED_FACE('',(#189),#101,.T.);
#1715=ADVANCED_FACE('',(#190),#102,.T.);
#1716=ADVANCED_FACE('',(#191),#103,.T.);
#1717=ADVANCED_FACE('',(#192),#104,.T.);
#1718=ADVANCED_FACE('',(#193),#105,.T.);
#1719=ADVANCED_FACE('',(#194),#106,.F.);
#1720=ADVANCED_FACE('',(#195),#107,.F.);
#1721=ADVANCED_FACE('',(#196),#108,.F.);
#1722=ADVANCED_FACE('',(#197),#109,.F.);
#1723=ADVANCED_FACE('',(#198),#110,.F.);
#1724=ADVANCED_FACE('',(#199),#111,.F.);
#1725=ADVANCED_FACE('',(#200),#112,.F.);
#1726=ADVANCED_FACE('',(#201),#113,.F.);
#1727=ADVANCED_FACE('',(#202),#114,.F.);
#1728=ADVANCED_FACE('',(#203),#115,.F.);
#1729=ADVANCED_FACE('',(#204),#116,.F.);
#1730=ADVANCED_FACE('',(#205),#117,.F.);
#1731=ADVANCED_FACE('',(#206),#118,.F.);
#1732=ADVANCED_FACE('',(#207),#119,.F.);
#1733=ADVANCED_FACE('',(#208),#120,.F.);
#1734=ADVANCED_FACE('',(#209),#121,.F.);
#1735=ADVANCED_FACE('',(#210),#15,.F.);
#1736=ADVANCED_FACE('',(#211),#40,.T.);
#1737=ADVANCED_FACE('',(#212),#16,.F.);
#1738=ADVANCED_FACE('',(#213),#1651,.F.);
#1739=ADVANCED_FACE('',(#214,#32),#41,.F.);
#1740=ADVANCED_FACE('',(#215),#122,.F.);
#1741=ADVANCED_FACE('',(#216),#17,.F.);
#1742=ADVANCED_FACE('',(#217),#123,.T.);
#1743=ADVANCED_FACE('',(#218),#18,.F.);
#1744=ADVANCED_FACE('',(#219,#33),#42,.F.);
#1745=ADVANCED_FACE('',(#220),#43,.T.);
#1746=ADVANCED_FACE('',(#221),#124,.T.);
#1747=ADVANCED_FACE('',(#222,#34),#44,.T.);
#1748=ADVANCED_FACE('',(#223),#125,.T.);
#1749=ADVANCED_FACE('',(#224),#126,.T.);
#1750=ADVANCED_FACE('',(#225),#45,.T.);
#1751=CLOSED_SHELL('',(#1652,#1653,#1654,#1655,#1656,#1657,#1658,#1659,
#1660,#1661,#1662,#1663,#1664,#1665,#1666,#1667,#1668,#1669,#1670,#1671,
#1672,#1673,#1674,#1675,#1676,#1677,#1678,#1679,#1680,#1681,#1682,#1683,
#1684,#1685,#1686,#1687,#1688,#1689,#1690,#1691,#1692,#1693,#1694,#1695,
#1696,#1697,#1698,#1699,#1700,#1701,#1702,#1703,#1704,#1705,#1706,#1707));
#1752=CLOSED_SHELL('',(#1708,#1709,#1710,#1711,#1712,#1713,#1714,#1715,
#1716,#1717,#1718,#1719,#1720,#1721,#1722,#1723,#1724,#1725,#1726,#1727,
#1728,#1729,#1730,#1731,#1732,#1733,#1734,#1735,#1736,#1737,#1738,#1739,
#1740,#1741,#1742,#1743,#1744,#1745,#1746,#1747,#1748,#1749,#1750));
#1753=DERIVED_UNIT_ELEMENT(#1755,1.);
#1754=DERIVED_UNIT_ELEMENT(#5458,-3.);
#1755=(
MASS_UNIT()
NAMED_UNIT(*)
SI_UNIT(.KILO.,.GRAM.)
);
#1756=DERIVED_UNIT((#1753,#1754));
#1757=MEASURE_REPRESENTATION_ITEM('density measure',
POSITIVE_RATIO_MEASURE(7850.),#1756);
#1758=PROPERTY_DEFINITION_REPRESENTATION(#1763,#1760);
#1759=PROPERTY_DEFINITION_REPRESENTATION(#1764,#1761);
#1760=REPRESENTATION('material name',(#1762),#5455);
#1761=REPRESENTATION('density',(#1757),#5455);
#1762=DESCRIPTIVE_REPRESENTATION_ITEM('Steel','Steel');
#1763=PROPERTY_DEFINITION('material property','material name',#5470);
#1764=PROPERTY_DEFINITION('material property','density of part',#5470);
#1765=AXIS2_PLACEMENT_3D('',#2421,#1957,#1958);
#1766=AXIS2_PLACEMENT_3D('',#2422,#1959,#1960);
#1767=AXIS2_PLACEMENT_3D('',#2423,#1961,#1962);
#1768=AXIS2_PLACEMENT_3D('',#2425,#1963,#1964);
#1769=AXIS2_PLACEMENT_3D('',#2440,#1966,#1967);
#1770=AXIS2_PLACEMENT_3D('',#2453,#1968,#1969);
#1771=AXIS2_PLACEMENT_3D('',#2466,#1970,#1971);
#1772=AXIS2_PLACEMENT_3D('',#2479,#1972,#1973);
#1773=AXIS2_PLACEMENT_3D('',#2492,#1974,#1975);
#1774=AXIS2_PLACEMENT_3D('',#2505,#1976,#1977);
#1775=AXIS2_PLACEMENT_3D('',#2518,#1978,#1979);
#1776=AXIS2_PLACEMENT_3D('',#2531,#1980,#1981);
#1777=AXIS2_PLACEMENT_3D('',#2544,#1982,#1983);
#1778=AXIS2_PLACEMENT_3D('',#2557,#1984,#1985);
#1779=AXIS2_PLACEMENT_3D('',#2570,#1986,#1987);
#1780=AXIS2_PLACEMENT_3D('',#2583,#1988,#1989);
#1781=AXIS2_PLACEMENT_3D('',#2596,#1990,#1991);
#1782=AXIS2_PLACEMENT_3D('',#2609,#1992,#1993);
#1783=AXIS2_PLACEMENT_3D('',#2622,#1994,#1995);
#1784=AXIS2_PLACEMENT_3D('',#2635,#1996,#1997);
#1785=AXIS2_PLACEMENT_3D('',#2648,#1998,#1999);
#1786=AXIS2_PLACEMENT_3D('',#2661,#2000,#2001);
#1787=AXIS2_PLACEMENT_3D('',#2674,#2002,#2003);
#1788=AXIS2_PLACEMENT_3D('',#2687,#2004,#2005);
#1789=AXIS2_PLACEMENT_3D('',#2700,#2006,#2007);
#1790=AXIS2_PLACEMENT_3D('',#2713,#2008,#2009);
#1791=AXIS2_PLACEMENT_3D('',#2726,#2010,#2011);
#1792=AXIS2_PLACEMENT_3D('',#2731,#2012,#2013);
#1793=AXIS2_PLACEMENT_3D('',#2735,#2015,#2016);
#1794=AXIS2_PLACEMENT_3D('',#2737,#2018,#2019);
#1795=AXIS2_PLACEMENT_3D('',#2740,#2021,#2022);
#1796=AXIS2_PLACEMENT_3D('',#2741,#2023,#2024);
#1797=AXIS2_PLACEMENT_3D('',#2744,#2026,#2027);
#1798=AXIS2_PLACEMENT_3D('',#2745,#2028,#2029);
#1799=AXIS2_PLACEMENT_3D('',#2748,#2031,#2032);
#1800=AXIS2_PLACEMENT_3D('',#2749,#2033,#2034);
#1801=AXIS2_PLACEMENT_3D('',#2752,#2036,#2037);
#1802=AXIS2_PLACEMENT_3D('',#2753,#2038,#2039);
#1803=AXIS2_PLACEMENT_3D('',#2756,#2041,#2042);
#1804=AXIS2_PLACEMENT_3D('',#2757,#2043,#2044);
#1805=AXIS2_PLACEMENT_3D('',#2760,#2046,#2047);
#1806=AXIS2_PLACEMENT_3D('',#2761,#2048,#2049);
#1807=AXIS2_PLACEMENT_3D('',#2764,#2051,#2052);
#1808=AXIS2_PLACEMENT_3D('',#2765,#2053,#2054);
#1809=AXIS2_PLACEMENT_3D('',#2768,#2056,#2057);
#1810=AXIS2_PLACEMENT_3D('',#2769,#2058,#2059);
#1811=AXIS2_PLACEMENT_3D('',#2772,#2061,#2062);
#1812=AXIS2_PLACEMENT_3D('',#2773,#2063,#2064);
#1813=AXIS2_PLACEMENT_3D('',#2776,#2066,#2067);
#1814=AXIS2_PLACEMENT_3D('',#2777,#2068,#2069);
#1815=AXIS2_PLACEMENT_3D('',#2780,#2071,#2072);
#1816=AXIS2_PLACEMENT_3D('',#2781,#2073,#2074);
#1817=AXIS2_PLACEMENT_3D('',#2784,#2076,#2077);
#1818=AXIS2_PLACEMENT_3D('',#2785,#2078,#2079);
#1819=AXIS2_PLACEMENT_3D('',#2788,#2081,#2082);
#1820=AXIS2_PLACEMENT_3D('',#2789,#2083,#2084);
#1821=AXIS2_PLACEMENT_3D('',#2792,#2086,#2087);
#1822=AXIS2_PLACEMENT_3D('',#2793,#2088,#2089);
#1823=AXIS2_PLACEMENT_3D('',#2796,#2091,#2092);
#1824=AXIS2_PLACEMENT_3D('',#2797,#2093,#2094);
#1825=AXIS2_PLACEMENT_3D('',#2800,#2096,#2097);
#1826=AXIS2_PLACEMENT_3D('',#2801,#2098,#2099);
#1827=AXIS2_PLACEMENT_3D('',#2804,#2101,#2102);
#1828=AXIS2_PLACEMENT_3D('',#2805,#2103,#2104);
#1829=AXIS2_PLACEMENT_3D('',#2808,#2106,#2107);
#1830=AXIS2_PLACEMENT_3D('',#2809,#2108,#2109);
#1831=AXIS2_PLACEMENT_3D('',#2812,#2111,#2112);
#1832=AXIS2_PLACEMENT_3D('',#2813,#2113,#2114);
#1833=AXIS2_PLACEMENT_3D('',#2816,#2116,#2117);
#1834=AXIS2_PLACEMENT_3D('',#2817,#2118,#2119);
#1835=AXIS2_PLACEMENT_3D('',#2820,#2121,#2122);
#1836=AXIS2_PLACEMENT_3D('',#2821,#2123,#2124);
#1837=AXIS2_PLACEMENT_3D('',#2824,#2126,#2127);
#1838=AXIS2_PLACEMENT_3D('',#2825,#2128,#2129);
#1839=AXIS2_PLACEMENT_3D('',#2827,#2130,#2131);
#1840=AXIS2_PLACEMENT_3D('',#2830,#2133,#2134);
#1841=AXIS2_PLACEMENT_3D('',#2831,#2135,#2136);
#1842=AXIS2_PLACEMENT_3D('',#2834,#2137,#2138);
#1843=AXIS2_PLACEMENT_3D('',#2836,#2139,#2140);
#1844=AXIS2_PLACEMENT_3D('',#2838,#2141,#2142);
#1845=AXIS2_PLACEMENT_3D('',#2840,#2143,#2144);
#1846=AXIS2_PLACEMENT_3D('',#2842,#2145,#2146);
#1847=AXIS2_PLACEMENT_3D('',#2844,#2147,#2148);
#1848=AXIS2_PLACEMENT_3D('',#2846,#2149,#2150);
#1849=AXIS2_PLACEMENT_3D('',#2848,#2151,#2152);
#1850=AXIS2_PLACEMENT_3D('',#2850,#2153,#2154);
#1851=AXIS2_PLACEMENT_3D('',#2852,#2155,#2156);
#1852=AXIS2_PLACEMENT_3D('',#2854,#2157,#2158);
#1853=AXIS2_PLACEMENT_3D('',#2856,#2159,#2160);
#1854=AXIS2_PLACEMENT_3D('',#2858,#2161,#2162);
#1855=AXIS2_PLACEMENT_3D('',#2860,#2163,#2164);
#1856=AXIS2_PLACEMENT_3D('',#2862,#2165,#2166);
#1857=AXIS2_PLACEMENT_3D('',#2864,#2167,#2168);
#1858=AXIS2_PLACEMENT_3D('',#2866,#2169,#2170);
#1859=AXIS2_PLACEMENT_3D('',#2868,#2171,#2172);
#1860=AXIS2_PLACEMENT_3D('',#2870,#2173,#2174);
#1861=AXIS2_PLACEMENT_3D('',#2872,#2175,#2176);
#1862=AXIS2_PLACEMENT_3D('',#2873,#2177,#2178);
#1863=AXIS2_PLACEMENT_3D('',#2875,#2179,#2180);
#1864=AXIS2_PLACEMENT_3D('',#2876,#2181,#2182);
#1865=AXIS2_PLACEMENT_3D('',#2877,#2183,#2184);
#1866=AXIS2_PLACEMENT_3D('',#2879,#2186,#2187);
#1867=AXIS2_PLACEMENT_3D('',#2881,#2189,#2190);
#1868=AXIS2_PLACEMENT_3D('',#2883,#2192,#2193);
#1869=AXIS2_PLACEMENT_3D('',#2885,#2195,#2196);
#1870=AXIS2_PLACEMENT_3D('',#2887,#2198,#2199);
#1871=AXIS2_PLACEMENT_3D('',#2889,#2201,#2202);
#1872=AXIS2_PLACEMENT_3D('',#2891,#2204,#2205);
#1873=AXIS2_PLACEMENT_3D('',#2893,#2207,#2208);
#1874=AXIS2_PLACEMENT_3D('',#2895,#2210,#2211);
#1875=AXIS2_PLACEMENT_3D('',#2897,#2213,#2214);
#1876=AXIS2_PLACEMENT_3D('',#2899,#2216,#2217);
#1877=AXIS2_PLACEMENT_3D('',#2901,#2219,#2220);
#1878=AXIS2_PLACEMENT_3D('',#2903,#2222,#2223);
#1879=AXIS2_PLACEMENT_3D('',#2905,#2225,#2226);
#1880=AXIS2_PLACEMENT_3D('',#2907,#2228,#2229);
#1881=AXIS2_PLACEMENT_3D('',#2909,#2231,#2232);
#1882=AXIS2_PLACEMENT_3D('',#2911,#2234,#2235);
#1883=AXIS2_PLACEMENT_3D('',#2913,#2237,#2238);
#1884=AXIS2_PLACEMENT_3D('',#2915,#2240,#2241);
#1885=AXIS2_PLACEMENT_3D('',#2917,#2243,#2244);
#1886=AXIS2_PLACEMENT_3D('',#2919,#2246,#2247);
#1887=AXIS2_PLACEMENT_3D('',#2921,#2248,#2249);
#1888=AXIS2_PLACEMENT_3D('',#2923,#2250,#2251);
#1889=AXIS2_PLACEMENT_3D('',#2924,#2252,#2253);
#1890=AXIS2_PLACEMENT_3D('',#2926,#2254,#2255);
#1891=AXIS2_PLACEMENT_3D('',#2928,#2257,#2258);
#1892=AXIS2_PLACEMENT_3D('',#2930,#2260,#2261);
#1893=AXIS2_PLACEMENT_3D('',#2931,#2262,#2263);
#1894=AXIS2_PLACEMENT_3D('',#2933,#2264,#2265);
#1895=AXIS2_PLACEMENT_3D('',#2934,#2266,#2267);
#1896=AXIS2_PLACEMENT_3D('',#2935,#2268,#2269);
#1897=AXIS2_PLACEMENT_3D('',#2937,#2270,#2271);
#1898=AXIS2_PLACEMENT_3D('',#2939,#2273,#2274);
#1899=AXIS2_PLACEMENT_3D('',#2941,#2275,#2276);
#1900=AXIS2_PLACEMENT_3D('',#2942,#2277,#2278);
#1901=AXIS2_PLACEMENT_3D('',#2944,#2280,#2281);
#1902=AXIS2_PLACEMENT_3D('',#2960,#2283,#2284);
#1903=AXIS2_PLACEMENT_3D('',#2968,#2285,#2286);
#1904=AXIS2_PLACEMENT_3D('',#3016,#2288,#2289);
#1905=AXIS2_PLACEMENT_3D('',#3064,#2291,#2292);
#1906=AXIS2_PLACEMENT_3D('',#3118,#2294,#2295);
#1907=AXIS2_PLACEMENT_3D('',#3166,#2297,#2298);
#1908=AXIS2_PLACEMENT_3D('',#3171,#2300,#2301);
#1909=AXIS2_PLACEMENT_3D('',#3219,#2302,#2303);
#1910=AXIS2_PLACEMENT_3D('',#3233,#2305,#2306);
#1911=AXIS2_PLACEMENT_3D('',#3240,#2307,#2308);
#1912=AXIS2_PLACEMENT_3D('',#3265,#2310,#2311);
#1913=AXIS2_PLACEMENT_3D('',#3290,#2313,#2314);
#1914=AXIS2_PLACEMENT_3D('',#3315,#2316,#2317);
#1915=AXIS2_PLACEMENT_3D('',#3339,#2319,#2320);
#1916=AXIS2_PLACEMENT_3D('',#3358,#2322,#2323);
#1917=AXIS2_PLACEMENT_3D('',#3375,#2324,#2325);
#1918=AXIS2_PLACEMENT_3D('',#3426,#2327,#2328);
#1919=AXIS2_PLACEMENT_3D('',#3474,#2330,#2331);
#1920=AXIS2_PLACEMENT_3D('',#3528,#2333,#2334);
#1921=AXIS2_PLACEMENT_3D('',#3576,#2336,#2337);
#1922=AXIS2_PLACEMENT_3D('',#3624,#2339,#2340);
#1923=AXIS2_PLACEMENT_3D('',#3643,#2342,#2343);
#1924=AXIS2_PLACEMENT_3D('',#3663,#2344,#2345);
#1925=AXIS2_PLACEMENT_3D('',#3673,#2347,#2348);
#1926=AXIS2_PLACEMENT_3D('',#3679,#2349,#2350);
#1927=AXIS2_PLACEMENT_3D('',#3703,#2352,#2353);
#1928=AXIS2_PLACEMENT_3D('',#3728,#2355,#2356);
#1929=AXIS2_PLACEMENT_3D('',#3753,#2358,#2359);
#1930=AXIS2_PLACEMENT_3D('',#3778,#2361,#2362);
#1931=AXIS2_PLACEMENT_3D('',#3802,#2364,#2365);
#1932=AXIS2_PLACEMENT_3D('',#3827,#2367,#2368);
#1933=AXIS2_PLACEMENT_3D('',#3838,#2370,#2371);
#1934=AXIS2_PLACEMENT_3D('',#3844,#2372,#2373);
#1935=AXIS2_PLACEMENT_3D('',#4290,#2374,#2375);
#1936=AXIS2_PLACEMENT_3D('',#4386,#2376,#2377);
#1937=AXIS2_PLACEMENT_3D('',#4387,#2378,#2379);
#1938=AXIS2_PLACEMENT_3D('',#4718,#2380,#2381);
#1939=AXIS2_PLACEMENT_3D('',#4721,#2383,#2384);
#1940=AXIS2_PLACEMENT_3D('',#4722,#2385,#2386);
#1941=AXIS2_PLACEMENT_3D('',#4724,#2387,#2388);
#1942=AXIS2_PLACEMENT_3D('',#4725,#2389,#2390);
#1943=AXIS2_PLACEMENT_3D('',#5082,#2391,#2392);
#1944=AXIS2_PLACEMENT_3D('',#5084,#2393,#2394);
#1945=AXIS2_PLACEMENT_3D('',#5434,#2395,#2396);
#1946=AXIS2_PLACEMENT_3D('',#5435,#2397,#2398);
#1947=AXIS2_PLACEMENT_3D('',#5437,#2399,#2400);
#1948=AXIS2_PLACEMENT_3D('',#5438,#2401,#2402);
#1949=AXIS2_PLACEMENT_3D('',#5439,#2403,#2404);
#1950=AXIS2_PLACEMENT_3D('',#5440,#2405,#2406);
#1951=AXIS2_PLACEMENT_3D('',#5442,#2407,#2408);
#1952=AXIS2_PLACEMENT_3D('',#5444,#2409,#2410);
#1953=AXIS2_PLACEMENT_3D('',#5445,#2411,#2412);
#1954=AXIS2_PLACEMENT_3D('',#5447,#2414,#2415);
#1955=AXIS2_PLACEMENT_3D('',#5449,#2417,#2418);
#1956=AXIS2_PLACEMENT_3D('',#5450,#2419,#2420);
#1957=DIRECTION('axis',(0.,0.,1.));
#1958=DIRECTION('refdir',(1.,0.,0.));
#1959=DIRECTION('axis',(0.,0.,1.));
#1960=DIRECTION('refdir',(1.,0.,0.));
#1961=DIRECTION('center_axis',(0.,0.,1.));
#1962=DIRECTION('ref_axis',(1.,0.,0.));
#1963=DIRECTION('center_axis',(0.,0.,-1.));
#1964=DIRECTION('ref_axis',(1.,0.,0.));
#1965=DIRECTION('',(-0.707106781186549,-8.65956056235495E-17,0.707106781186546));
#1966=DIRECTION('center_axis',(0.,0.,1.));
#1967=DIRECTION('ref_axis',(-1.,0.,0.));
#1968=DIRECTION('center_axis',(0.,0.,1.));
#1969=DIRECTION('ref_axis',(-1.,0.,0.));
#1970=DIRECTION('center_axis',(0.,0.,1.));
#1971=DIRECTION('ref_axis',(-1.,0.,0.));
#1972=DIRECTION('center_axis',(0.,0.,1.));
#1973=DIRECTION('ref_axis',(-1.,0.,0.));
#1974=DIRECTION('center_axis',(0.,0.,1.));
#1975=DIRECTION('ref_axis',(-1.,0.,0.));
#1976=DIRECTION('center_axis',(0.,0.,1.));
#1977=DIRECTION('ref_axis',(-1.,0.,0.));
#1978=DIRECTION('center_axis',(0.,0.,1.));
#1979=DIRECTION('ref_axis',(-1.,0.,0.));
#1980=DIRECTION('center_axis',(0.,0.,1.));
#1981=DIRECTION('ref_axis',(-1.,0.,0.));
#1982=DIRECTION('center_axis',(0.,0.,1.));
#1983=DIRECTION('ref_axis',(-1.,0.,0.));
#1984=DIRECTION('center_axis',(0.,0.,1.));
#1985=DIRECTION('ref_axis',(-1.,0.,0.));
#1986=DIRECTION('center_axis',(0.,0.,1.));
#1987=DIRECTION('ref_axis',(-1.,0.,0.));
#1988=DIRECTION('center_axis',(0.,0.,1.));
#1989=DIRECTION('ref_axis',(-1.,0.,0.));
#1990=DIRECTION('center_axis',(0.,0.,1.));
#1991=DIRECTION('ref_axis',(-1.,0.,0.));
#1992=DIRECTION('center_axis',(0.,0.,1.));
#1993=DIRECTION('ref_axis',(-1.,0.,0.));
#1994=DIRECTION('center_axis',(0.,0.,1.));
#1995=DIRECTION('ref_axis',(-1.,0.,0.));
#1996=DIRECTION('center_axis',(0.,0.,1.));
#1997=DIRECTION('ref_axis',(-1.,0.,0.));
#1998=DIRECTION('center_axis',(0.,0.,1.));
#1999=DIRECTION('ref_axis',(-1.,0.,0.));
#2000=DIRECTION('center_axis',(0.,0.,1.));
#2001=DIRECTION('ref_axis',(-1.,0.,0.));
#2002=DIRECTION('center_axis',(0.,0.,1.));
#2003=DIRECTION('ref_axis',(-1.,0.,0.));
#2004=DIRECTION('center_axis',(0.,0.,1.));
#2005=DIRECTION('ref_axis',(-1.,0.,0.));
#2006=DIRECTION('center_axis',(0.,0.,1.));
#2007=DIRECTION('ref_axis',(-1.,0.,0.));
#2008=DIRECTION('center_axis',(0.,0.,1.));
#2009=DIRECTION('ref_axis',(-1.,0.,0.));
#2010=DIRECTION('center_axis',(0.,0.,1.));
#2011=DIRECTION('ref_axis',(-1.,0.,0.));
#2012=DIRECTION('center_axis',(0.,0.,1.));
#2013=DIRECTION('ref_axis',(0.453622682333774,-0.891193840907977,0.));
#2014=DIRECTION('',(0.,0.,1.));
#2015=DIRECTION('center_axis',(0.,0.,1.));
#2016=DIRECTION('ref_axis',(0.453622682333774,-0.891193840907977,0.));
#2017=DIRECTION('',(0.,0.,1.));
#2018=DIRECTION('center_axis',(0.,0.,1.));
#2019=DIRECTION('ref_axis',(-1.,0.,0.));
#2020=DIRECTION('',(0.,0.,1.));
#2021=DIRECTION('center_axis',(0.,0.,-1.));
#2022=DIRECTION('ref_axis',(-1.,0.,0.));
#2023=DIRECTION('center_axis',(0.,0.,1.));
#2024=DIRECTION('ref_axis',(0.677242343504269,-0.735760020770934,0.));
#2025=DIRECTION('',(0.,0.,1.));
#2026=DIRECTION('center_axis',(0.,0.,1.));
#2027=DIRECTION('ref_axis',(0.677242343504269,-0.735760020770934,0.));
#2028=DIRECTION('center_axis',(0.,0.,1.));
#2029=DIRECTION('ref_axis',(-1.,0.,0.));
#2030=DIRECTION('',(0.,0.,1.));
#2031=DIRECTION('center_axis',(0.,0.,-1.));
#2032=DIRECTION('ref_axis',(-1.,0.,0.));
#2033=DIRECTION('center_axis',(0.,0.,1.));
#2034=DIRECTION('ref_axis',(0.850634038234621,-0.52575824577144,0.));
#2035=DIRECTION('',(0.,0.,1.));
#2036=DIRECTION('center_axis',(0.,0.,1.));
#2037=DIRECTION('ref_axis',(0.850634038234621,-0.52575824577144,0.));
#2038=DIRECTION('center_axis',(0.,0.,1.));
#2039=DIRECTION('ref_axis',(-1.,0.,0.));
#2040=DIRECTION('',(0.,0.,1.));
#2041=DIRECTION('center_axis',(0.,0.,-1.));
#2042=DIRECTION('ref_axis',(-1.,0.,0.));
#2043=DIRECTION('center_axis',(0.,0.,1.));
#2044=DIRECTION('ref_axis',(0.960938097740901,-0.276763386867012,0.));
#2045=DIRECTION('',(0.,0.,1.));
#2046=DIRECTION('center_axis',(0.,0.,1.));
#2047=DIRECTION('ref_axis',(0.960938097740901,-0.276763386867012,0.));
#2048=DIRECTION('center_axis',(0.,0.,1.));
#2049=DIRECTION('ref_axis',(-1.,0.,0.));
#2050=DIRECTION('',(0.,0.,1.));
#2051=DIRECTION('center_axis',(0.,0.,-1.));
#2052=DIRECTION('ref_axis',(-1.,0.,0.));
#2053=DIRECTION('center_axis',(0.,0.,1.));
#2054=DIRECTION('ref_axis',(0.999973774537025,-0.00724225366690424,0.));
#2055=DIRECTION('',(0.,0.,1.));
#2056=DIRECTION('center_axis',(0.,0.,1.));
#2057=DIRECTION('ref_axis',(0.999973774537025,-0.00724225366690424,0.));
#2058=DIRECTION('center_axis',(0.,0.,1.));
#2059=DIRECTION('ref_axis',(-1.,0.,0.));
#2060=DIRECTION('',(0.,0.,1.));
#2061=DIRECTION('center_axis',(0.,0.,-1.));
#2062=DIRECTION('ref_axis',(-1.,0.,0.));
#2063=DIRECTION('center_axis',(0.,0.,1.));
#2064=DIRECTION('ref_axis',(0.964845971051362,0.262816004356571,0.));
#2065=DIRECTION('',(0.,0.,1.));
#2066=DIRECTION('center_axis',(0.,0.,1.));
#2067=DIRECTION('ref_axis',(0.964845971051362,0.262816004356571,0.));
#2068=DIRECTION('center_axis',(0.,0.,1.));
#2069=DIRECTION('ref_axis',(-1.,0.,0.));
#2070=DIRECTION('',(0.,0.,1.));
#2071=DIRECTION('center_axis',(0.,0.,-1.));
#2072=DIRECTION('ref_axis',(-1.,0.,0.));
#2073=DIRECTION('center_axis',(0.,0.,1.));
#2074=DIRECTION('ref_axis',(0.858159955769438,0.513382401640138,0.));
#2075=DIRECTION('',(0.,0.,1.));
#2076=DIRECTION('center_axis',(0.,0.,1.));
#2077=DIRECTION('ref_axis',(0.858159955769438,0.513382401640138,0.));
#2078=DIRECTION('center_axis',(0.,0.,1.));
#2079=DIRECTION('ref_axis',(-1.,0.,0.));
#2080=DIRECTION('',(0.,0.,1.));
#2081=DIRECTION('center_axis',(0.,0.,-1.));
#2082=DIRECTION('ref_axis',(-1.,0.,0.));
#2083=DIRECTION('center_axis',(0.,0.,1.));
#2084=DIRECTION('ref_axis',(0.687828142388667,0.725873574762269,0.));
#2085=DIRECTION('',(0.,0.,1.));
#2086=DIRECTION('center_axis',(0.,0.,1.));
#2087=DIRECTION('ref_axis',(0.687828142388667,0.725873574762269,0.));
#2088=DIRECTION('center_axis',(0.,0.,1.));
#2089=DIRECTION('ref_axis',(-1.,0.,0.));
#2090=DIRECTION('',(0.,0.,1.));
#2091=DIRECTION('center_axis',(0.,0.,-1.));
#2092=DIRECTION('ref_axis',(-1.,0.,0.));
#2093=DIRECTION('center_axis',(0.,0.,1.));
#2094=DIRECTION('ref_axis',(0.466483262291303,0.884530025494931,0.));
#2095=DIRECTION('',(0.,0.,1.));
#2096=DIRECTION('center_axis',(0.,0.,1.));
#2097=DIRECTION('ref_axis',(0.466483262291303,0.884530025494931,0.));
#2098=DIRECTION('center_axis',(0.,0.,1.));
#2099=DIRECTION('ref_axis',(-1.,0.,0.));
#2100=DIRECTION('',(0.,0.,1.));
#2101=DIRECTION('center_axis',(0.,0.,-1.));
#2102=DIRECTION('ref_axis',(-1.,0.,0.));
#2103=DIRECTION('center_axis',(0.,0.,1.));
#2104=DIRECTION('ref_axis',(0.210541452648721,0.977584930692248,0.));
#2105=DIRECTION('',(0.,0.,1.));
#2106=DIRECTION('center_axis',(0.,0.,1.));
#2107=DIRECTION('ref_axis',(0.210541452648721,0.977584930692248,0.));
#2108=DIRECTION('center_axis',(0.,0.,1.));
#2109=DIRECTION('ref_axis',(-1.,0.,0.));
#2110=DIRECTION('',(0.,0.,1.));
#2111=DIRECTION('center_axis',(0.,0.,-1.));
#2112=DIRECTION('ref_axis',(-1.,0.,0.));
#2113=DIRECTION('center_axis',(0.,0.,1.));
#2114=DIRECTION('ref_axis',(-0.0610152533737598,0.9981368337336,0.));
#2115=DIRECTION('',(0.,0.,1.));
#2116=DIRECTION('center_axis',(0.,0.,1.));
#2117=DIRECTION('ref_axis',(-0.0610152533737598,0.9981368337336,0.));
#2118=DIRECTION('center_axis',(0.,0.,1.));
#2119=DIRECTION('ref_axis',(-1.,0.,0.));
#2120=DIRECTION('',(0.,0.,1.));
#2121=DIRECTION('center_axis',(0.,0.,-1.));
#2122=DIRECTION('ref_axis',(-1.,0.,0.));
#2123=DIRECTION('center_axis',(0.,0.,1.));
#2124=DIRECTION('ref_axis',(-0.32804673717972,0.944661493989111,0.));
#2125=DIRECTION('',(0.,0.,1.));
#2126=DIRECTION('center_axis',(0.,0.,1.));
#2127=DIRECTION('ref_axis',(-0.32804673717972,0.944661493989111,0.));
#2128=DIRECTION('center_axis',(0.,0.,-1.));
#2129=DIRECTION('ref_axis',(-1.,0.,0.));
#2130=DIRECTION('center_axis',(0.,0.,1.));
#2131=DIRECTION('ref_axis',(-1.,0.,0.));
#2132=DIRECTION('',(0.,0.,-1.));
#2133=DIRECTION('center_axis',(0.,0.,1.));
#2134=DIRECTION('ref_axis',(-1.,0.,0.));
#2135=DIRECTION('center_axis',(0.,0.,1.));
#2136=DIRECTION('ref_axis',(-1.,0.,0.));
#2137=DIRECTION('center_axis',(0.,0.,-1.));
#2138=DIRECTION('ref_axis',(-1.,0.,0.));
#2139=DIRECTION('center_axis',(0.,0.,1.));
#2140=DIRECTION('ref_axis',(-0.771120448337751,0.636689291692098,0.));
#2141=DIRECTION('center_axis',(0.,0.,-1.));
#2142=DIRECTION('ref_axis',(-1.,0.,0.));
#2143=DIRECTION('center_axis',(0.,0.,1.));
#2144=DIRECTION('ref_axis',(-0.914301925460587,0.405033318504865,0.));
#2145=DIRECTION('center_axis',(0.,0.,-1.));
#2146=DIRECTION('ref_axis',(-1.,0.,0.));
#2147=DIRECTION('center_axis',(0.,0.,1.));
#2148=DIRECTION('ref_axis',(-0.989673811425006,0.143337876988264,0.));
#2149=DIRECTION('center_axis',(0.,0.,-1.));
#2150=DIRECTION('ref_axis',(-1.,0.,0.));
#2151=DIRECTION('center_axis',(0.,0.,1.));
#2152=DIRECTION('ref_axis',(-0.99164611825246,-0.1289882791374,0.));
#2153=DIRECTION('center_axis',(0.,0.,-1.));
#2154=DIRECTION('ref_axis',(-1.,0.,0.));
#2155=DIRECTION('center_axis',(0.,0.,1.));
#2156=DIRECTION('ref_axis',(-0.920072568968262,-0.391747964681557,0.));
#2157=DIRECTION('center_axis',(0.,0.,-1.));
#2158=DIRECTION('ref_axis',(-1.,0.,0.));
#2159=DIRECTION('center_axis',(0.,0.,1.));
#2160=DIRECTION('ref_axis',(-0.78026144629562,-0.625453495812971,0.));
#2161=DIRECTION('center_axis',(0.,0.,-1.));
#2162=DIRECTION('ref_axis',(-1.,0.,0.));
#2163=DIRECTION('center_axis',(0.,0.,1.));
#2164=DIRECTION('ref_axis',(-0.582581901609836,-0.812772002419293,0.));
#2165=DIRECTION('center_axis',(0.,0.,-1.));
#2166=DIRECTION('ref_axis',(-1.,0.,0.));
#2167=DIRECTION('center_axis',(0.,0.,1.));
#2168=DIRECTION('ref_axis',(-0.341694922416512,-0.939810927790678,0.));
#2169=DIRECTION('center_axis',(0.,0.,-1.));
#2170=DIRECTION('ref_axis',(-1.,0.,0.));
#2171=DIRECTION('center_axis',(0.,0.,1.));
#2172=DIRECTION('ref_axis',(-0.0754659939778116,-0.997148375996742,0.));
#2173=DIRECTION('center_axis',(0.,0.,-1.));
#2174=DIRECTION('ref_axis',(-1.,0.,0.));
#2175=DIRECTION('center_axis',(0.,0.,1.));
#2176=DIRECTION('ref_axis',(0.196359902000271,-0.980531890805416,0.));
#2177=DIRECTION('center_axis',(0.,0.,-1.));
#2178=DIRECTION('ref_axis',(-1.,0.,0.));
#2179=DIRECTION('center_axis',(0.,0.,-1.));
#2180=DIRECTION('ref_axis',(-1.,0.,0.));
#2181=DIRECTION('center_axis',(0.,0.,1.));
#2182=DIRECTION('ref_axis',(-0.570748495203026,0.821124932774229,0.));
#2183=DIRECTION('center_axis',(0.,0.,1.));
#2184=DIRECTION('ref_axis',(-1.,0.,0.));
#2185=DIRECTION('',(0.,0.,1.));
#2186=DIRECTION('center_axis',(0.,0.,1.));
#2187=DIRECTION('ref_axis',(0.196359902000271,-0.980531890805416,0.));
#2188=DIRECTION('',(0.,0.,1.));
#2189=DIRECTION('center_axis',(0.,0.,1.));
#2190=DIRECTION('ref_axis',(-1.,0.,0.));
#2191=DIRECTION('',(0.,0.,1.));
#2192=DIRECTION('center_axis',(0.,0.,1.));
#2193=DIRECTION('ref_axis',(-0.0754659939778116,-0.997148375996742,0.));
#2194=DIRECTION('',(0.,0.,1.));
#2195=DIRECTION('center_axis',(0.,0.,1.));
#2196=DIRECTION('ref_axis',(-1.,0.,0.));
#2197=DIRECTION('',(0.,0.,1.));
#2198=DIRECTION('center_axis',(0.,0.,1.));
#2199=DIRECTION('ref_axis',(-0.341694922416512,-0.939810927790678,0.));
#2200=DIRECTION('',(0.,0.,1.));
#2201=DIRECTION('center_axis',(0.,0.,1.));
#2202=DIRECTION('ref_axis',(-1.,0.,0.));
#2203=DIRECTION('',(0.,0.,1.));
#2204=DIRECTION('center_axis',(0.,0.,1.));
#2205=DIRECTION('ref_axis',(-0.582581901609836,-0.812772002419293,0.));
#2206=DIRECTION('',(0.,0.,1.));
#2207=DIRECTION('center_axis',(0.,0.,1.));
#2208=DIRECTION('ref_axis',(-1.,0.,0.));
#2209=DIRECTION('',(0.,0.,1.));
#2210=DIRECTION('center_axis',(0.,0.,1.));
#2211=DIRECTION('ref_axis',(-0.78026144629562,-0.625453495812971,0.));
#2212=DIRECTION('',(0.,0.,1.));
#2213=DIRECTION('center_axis',(0.,0.,1.));
#2214=DIRECTION('ref_axis',(-1.,0.,0.));
#2215=DIRECTION('',(0.,0.,1.));
#2216=DIRECTION('center_axis',(0.,0.,1.));
#2217=DIRECTION('ref_axis',(-0.920072568968262,-0.391747964681557,0.));
#2218=DIRECTION('',(0.,0.,1.));
#2219=DIRECTION('center_axis',(0.,0.,1.));
#2220=DIRECTION('ref_axis',(-1.,0.,0.));
#2221=DIRECTION('',(0.,0.,1.));
#2222=DIRECTION('center_axis',(0.,0.,1.));
#2223=DIRECTION('ref_axis',(-0.99164611825246,-0.1289882791374,0.));
#2224=DIRECTION('',(0.,0.,1.));
#2225=DIRECTION('center_axis',(0.,0.,1.));
#2226=DIRECTION('ref_axis',(-1.,0.,0.));
#2227=DIRECTION('',(0.,0.,1.));
#2228=DIRECTION('center_axis',(0.,0.,1.));
#2229=DIRECTION('ref_axis',(-0.989673811425006,0.143337876988264,0.));
#2230=DIRECTION('',(0.,0.,1.));
#2231=DIRECTION('center_axis',(0.,0.,1.));
#2232=DIRECTION('ref_axis',(-1.,0.,0.));
#2233=DIRECTION('',(0.,0.,1.));
#2234=DIRECTION('center_axis',(0.,0.,1.));
#2235=DIRECTION('ref_axis',(-0.914301925460587,0.405033318504865,0.));
#2236=DIRECTION('',(0.,0.,1.));
#2237=DIRECTION('center_axis',(0.,0.,1.));
#2238=DIRECTION('ref_axis',(-1.,0.,0.));
#2239=DIRECTION('',(0.,0.,1.));
#2240=DIRECTION('center_axis',(0.,0.,1.));
#2241=DIRECTION('ref_axis',(-0.771120448337751,0.636689291692098,0.));
#2242=DIRECTION('',(0.,0.,1.));
#2243=DIRECTION('center_axis',(0.,0.,1.));
#2244=DIRECTION('ref_axis',(-1.,0.,0.));
#2245=DIRECTION('',(0.,0.,1.));
#2246=DIRECTION('center_axis',(0.,0.,-1.));
#2247=DIRECTION('ref_axis',(-1.,0.,0.));
#2248=DIRECTION('center_axis',(0.,0.,-1.));
#2249=DIRECTION('ref_axis',(-1.,0.,0.));
#2250=DIRECTION('center_axis',(0.,0.,1.));
#2251=DIRECTION('ref_axis',(1.,0.,0.));
#2252=DIRECTION('center_axis',(0.,0.,1.));
#2253=DIRECTION('ref_axis',(-1.,0.,0.));
#2254=DIRECTION('center_axis',(0.,0.,-1.));
#2255=DIRECTION('ref_axis',(-1.,0.,0.));
#2256=DIRECTION('',(0.,0.,-1.));
#2257=DIRECTION('center_axis',(0.,0.,1.));
#2258=DIRECTION('ref_axis',(-0.570748495203026,0.821124932774229,0.));
#2259=DIRECTION('',(0.,0.,1.));
#2260=DIRECTION('center_axis',(0.,0.,1.));
#2261=DIRECTION('ref_axis',(-1.,0.,0.));
#2262=DIRECTION('center_axis',(0.,0.,-1.));
#2263=DIRECTION('ref_axis',(-1.,0.,0.));
#2264=DIRECTION('center_axis',(0.,0.,1.));
#2265=DIRECTION('ref_axis',(-1.,0.,0.));
#2266=DIRECTION('center_axis',(0.,0.,-1.));
#2267=DIRECTION('ref_axis',(-1.,0.,0.));
#2268=DIRECTION('center_axis',(0.,0.,-1.));
#2269=DIRECTION('ref_axis',(1.,0.,0.));
#2270=DIRECTION('center_axis',(0.,0.,-1.));
#2271=DIRECTION('ref_axis',(1.,0.,0.));
#2272=DIRECTION('',(0.,0.,-1.));
#2273=DIRECTION('center_axis',(0.,0.,-1.));
#2274=DIRECTION('ref_axis',(-1.,0.,0.));
#2275=DIRECTION('center_axis',(0.,0.,-1.));
#2276=DIRECTION('ref_axis',(-1.,0.,0.));
#2277=DIRECTION('center_axis',(0.,0.,-1.));
#2278=DIRECTION('ref_axis',(1.,0.,0.));
#2279=DIRECTION('',(-0.0939469966239377,-1.15051888705012E-17,-0.995577200334229));
#2280=DIRECTION('center_axis',(0.,0.,-1.));
#2281=DIRECTION('ref_axis',(-1.,0.,0.));
#2282=DIRECTION('',(0.,0.,1.));
#2283=DIRECTION('center_axis',(0.,0.,-1.));
#2284=DIRECTION('ref_axis',(-1.,0.,0.));
#2285=DIRECTION('center_axis',(0.,0.,-1.));
#2286=DIRECTION('ref_axis',(-1.,0.,0.));
#2287=DIRECTION('',(0.,0.,1.));
#2288=DIRECTION('center_axis',(0.,0.,-1.));
#2289=DIRECTION('ref_axis',(-1.,0.,0.));
#2290=DIRECTION('',(0.,0.,1.));
#2291=DIRECTION('center_axis',(0.,0.,-1.));
#2292=DIRECTION('ref_axis',(-1.,0.,0.));
#2293=DIRECTION('',(0.,0.,1.));
#2294=DIRECTION('center_axis',(0.,0.,-1.));
#2295=DIRECTION('ref_axis',(-1.,0.,0.));
#2296=DIRECTION('',(0.,0.,1.));
#2297=DIRECTION('center_axis',(0.,0.,-1.));
#2298=DIRECTION('ref_axis',(-1.,0.,0.));
#2299=DIRECTION('',(0.,0.,1.));
#2300=DIRECTION('center_axis',(0.,0.,-1.));
#2301=DIRECTION('ref_axis',(-1.,0.,0.));
#2302=DIRECTION('center_axis',(0.,0.,-1.));
#2303=DIRECTION('ref_axis',(-0.449989770846599,-0.893033709404872,0.));
#2304=DIRECTION('',(0.,0.,-1.));
#2305=DIRECTION('center_axis',(0.,0.,-1.));
#2306=DIRECTION('ref_axis',(-1.,9.11763443140316E-15,0.));
#2307=DIRECTION('center_axis',(0.,0.,-1.));
#2308=DIRECTION('ref_axis',(-1.,9.11763443140316E-15,0.));
#2309=DIRECTION('',(0.,0.,-1.));
#2310=DIRECTION('center_axis',(0.,0.,-1.));
#2311=DIRECTION('ref_axis',(-1.,9.11763443140316E-15,0.));
#2312=DIRECTION('',(0.,0.,-1.));
#2313=DIRECTION('center_axis',(0.,0.,-1.));
#2314=DIRECTION('ref_axis',(-1.,9.11763443140316E-15,0.));
#2315=DIRECTION('',(0.,0.,-1.));
#2316=DIRECTION('center_axis',(0.,0.,-1.));
#2317=DIRECTION('ref_axis',(-1.,9.11763443140316E-15,0.));
#2318=DIRECTION('',(0.,0.,-1.));
#2319=DIRECTION('center_axis',(0.,0.,1.));
#2320=DIRECTION('ref_axis',(0.765334133782989,-0.643633174771656,0.));
#2321=DIRECTION('',(0.,0.,1.));
#2322=DIRECTION('center_axis',(0.,0.,1.));
#2323=DIRECTION('ref_axis',(1.,0.,0.));
#2324=DIRECTION('center_axis',(0.,0.,1.));
#2325=DIRECTION('ref_axis',(1.,0.,0.));
#2326=DIRECTION('',(0.,0.,1.));
#2327=DIRECTION('center_axis',(0.,0.,1.));
#2328=DIRECTION('ref_axis',(1.,0.,0.));
#2329=DIRECTION('',(0.,0.,1.));
#2330=DIRECTION('center_axis',(0.,0.,1.));
#2331=DIRECTION('ref_axis',(1.,0.,0.));
#2332=DIRECTION('',(0.,0.,1.));
#2333=DIRECTION('center_axis',(0.,0.,1.));
#2334=DIRECTION('ref_axis',(1.,0.,0.));
#2335=DIRECTION('',(0.,0.,1.));
#2336=DIRECTION('center_axis',(0.,0.,1.));
#2337=DIRECTION('ref_axis',(1.,0.,0.));
#2338=DIRECTION('',(0.,0.,1.));
#2339=DIRECTION('center_axis',(0.,0.,1.));
#2340=DIRECTION('ref_axis',(0.937997064495629,0.346643198400866,0.));
#2341=DIRECTION('',(0.,0.,1.));
#2342=DIRECTION('center_axis',(0.,0.,1.));
#2343=DIRECTION('ref_axis',(1.,0.,0.));
#2344=DIRECTION('center_axis',(0.,0.,1.));
#2345=DIRECTION('ref_axis',(-0.841953660485968,-0.539549843475354,0.));
#2346=DIRECTION('',(1.22464679914735E-16,2.67048205232451E-30,1.));
#2347=DIRECTION('center_axis',(0.,0.,-1.));
#2348=DIRECTION('ref_axis',(1.,2.16836761125472E-14,0.));
#2349=DIRECTION('center_axis',(0.,0.,1.));
#2350=DIRECTION('ref_axis',(1.,2.16836761125472E-14,0.));
#2351=DIRECTION('',(1.22464679914735E-16,2.67048205232451E-30,1.));
#2352=DIRECTION('center_axis',(0.,0.,1.));
#2353=DIRECTION('ref_axis',(1.,2.16836761125472E-14,0.));
#2354=DIRECTION('',(1.22464679914735E-16,2.67048205232451E-30,1.));
#2355=DIRECTION('center_axis',(0.,0.,1.));
#2356=DIRECTION('ref_axis',(1.,2.16836761125472E-14,0.));
#2357=DIRECTION('',(1.22464679914735E-16,2.67048205232451E-30,1.));
#2358=DIRECTION('center_axis',(0.,0.,1.));
#2359=DIRECTION('ref_axis',(1.,2.16836761125472E-14,0.));
#2360=DIRECTION('',(1.22464679914735E-16,2.67048205232451E-30,1.));
#2361=DIRECTION('center_axis',(0.,0.,1.));
#2362=DIRECTION('ref_axis',(1.,2.16836761125472E-14,0.));
#2363=DIRECTION('',(1.22464679914735E-16,2.67048205232451E-30,1.));
#2364=DIRECTION('center_axis',(0.,0.,1.));
#2365=DIRECTION('ref_axis',(1.,2.16836761125472E-14,0.));
#2366=DIRECTION('',(1.22464679914735E-16,2.67048205232451E-30,1.));
#2367=DIRECTION('center_axis',(0.,0.,1.));
#2368=DIRECTION('ref_axis',(-0.609132269060946,0.793068646958549,0.));
#2369=DIRECTION('',(1.22464679914735E-16,2.67048205232451E-30,1.));
#2370=DIRECTION('center_axis',(0.,0.,1.));
#2371=DIRECTION('ref_axis',(1.,2.16836761125472E-14,0.));
#2372=DIRECTION('center_axis',(0.,0.,1.));
#2373=DIRECTION('ref_axis',(1.,2.16836761125472E-14,0.));
#2374=DIRECTION('center_axis',(0.,0.,1.));
#2375=DIRECTION('ref_axis',(1.,0.,0.));
#2376=DIRECTION('center_axis',(0.,0.,1.));
#2377=DIRECTION('ref_axis',(1.,0.,0.));
#2378=DIRECTION('center_axis',(0.,0.,1.));
#2379=DIRECTION('ref_axis',(1.,0.,0.));
#2380=DIRECTION('center_axis',(0.,0.,-1.));
#2381=DIRECTION('ref_axis',(1.,0.,0.));
#2382=DIRECTION('',(-0.707106781186547,-8.65956056235493E-17,-0.707106781186548));
#2383=DIRECTION('center_axis',(0.,0.,-1.));
#2384=DIRECTION('ref_axis',(1.,0.,0.));
#2385=DIRECTION('center_axis',(0.,0.,1.));
#2386=DIRECTION('ref_axis',(1.,0.,0.));
#2387=DIRECTION('center_axis',(0.,0.,-1.));
#2388=DIRECTION('ref_axis',(1.,0.,0.));
#2389=DIRECTION('center_axis',(0.,0.,1.));
#2390=DIRECTION('ref_axis',(1.,0.,0.));
#2391=DIRECTION('center_axis',(0.,0.,-1.));
#2392=DIRECTION('ref_axis',(-0.889063735066898,0.457783436778677,0.));
#2393=DIRECTION('center_axis',(0.,0.,1.));
#2394=DIRECTION('ref_axis',(-1.,9.11763443140316E-15,0.));
#2395=DIRECTION('center_axis',(0.,0.,1.));
#2396=DIRECTION('ref_axis',(-1.,0.,0.));
#2397=DIRECTION('center_axis',(0.,0.,-1.));
#2398=DIRECTION('ref_axis',(-1.,0.,0.));
#2399=DIRECTION('center_axis',(0.,0.,-1.));
#2400=DIRECTION('ref_axis',(1.,0.,0.));
#2401=DIRECTION('center_axis',(0.,0.,-1.));
#2402=DIRECTION('ref_axis',(1.,0.,0.));
#2403=DIRECTION('center_axis',(0.,0.,-1.));
#2404=DIRECTION('ref_axis',(0.92725879709178,-0.374421050711501,0.));
#2405=DIRECTION('center_axis',(0.,0.,1.));
#2406=DIRECTION('ref_axis',(1.,0.,0.));
#2407=DIRECTION('center_axis',(0.,0.,1.));
#2408=DIRECTION('ref_axis',(1.,0.,0.));
#2409=DIRECTION('center_axis',(0.,0.,1.));
#2410=DIRECTION('ref_axis',(1.,0.,0.));
#2411=DIRECTION('center_axis',(0.,0.,-1.));
#2412=DIRECTION('ref_axis',(1.,0.,0.));
#2413=DIRECTION('',(0.,0.,1.));
#2414=DIRECTION('center_axis',(0.,0.,1.));
#2415=DIRECTION('ref_axis',(1.,0.,0.));
#2416=DIRECTION('',(0.,0.,-1.));
#2417=DIRECTION('center_axis',(0.,0.,1.));
#2418=DIRECTION('ref_axis',(1.,0.,0.));
#2419=DIRECTION('',(0.,0.,1.));
#2420=DIRECTION('',(1.,0.,0.));
#2421=CARTESIAN_POINT('',(0.,0.,0.));
#2422=CARTESIAN_POINT('',(0.,0.,0.));
#2423=CARTESIAN_POINT('Origin',(0.,0.,-9.71715728752538));
#2424=CARTESIAN_POINT('',(-14.402324041169,1.76377600373006E-15,-10.));
#2425=CARTESIAN_POINT('Origin',(0.,0.,-10.));
#2426=CARTESIAN_POINT('',(-14.7979213536733,3.41935568632907E-9,-9.60440268749572));
#2427=CARTESIAN_POINT('',(-14.6851667536437,-1.79841424597948E-15,-9.71715728752538));
#2428=CARTESIAN_POINT('',(-14.7953561603057,2.27998598454143,-9.43232404116904));
#2429=CARTESIAN_POINT('Ctrl Pts',(-14.7979213536733,6.83871220069632E-9,
-9.60440268749572));
#2430=CARTESIAN_POINT('Ctrl Pts',(-14.7486523215782,0.0819380910496115,
-9.65367171955296));
#2431=CARTESIAN_POINT('Ctrl Pts',(-14.7032027560905,0.169642707344175,-9.69843538329435));
#2432=CARTESIAN_POINT('Ctrl Pts',(-14.565637527028,0.487464121107291,-9.83030679612722));
#2433=CARTESIAN_POINT('Ctrl Pts',(-14.5031967974209,0.741672213706975,-9.88232404116904));
#2434=CARTESIAN_POINT('Ctrl Pts',(-14.4691042598723,1.2400874704031,-9.88232404116904));
#2435=CARTESIAN_POINT('Ctrl Pts',(-14.4963487490118,1.50043020002803,-9.83030679612723));
#2436=CARTESIAN_POINT('Ctrl Pts',(-14.6184404896379,1.93834170926703,-9.65719762211738));
#2437=CARTESIAN_POINT('Ctrl Pts',(-14.7016042900682,2.12327219661408,-9.54885026367515));
#2438=CARTESIAN_POINT('Ctrl Pts',(-14.7953561603057,2.27998598454143,-9.43232404116904));
#2439=CARTESIAN_POINT('',(-14.4788167811061,3.80325710663367,-9.43232404116905));
#2440=CARTESIAN_POINT('Origin',(0.,0.,-9.43232404116904));
#2441=CARTESIAN_POINT('',(-13.6315713623135,6.18717723959429,-9.43232404116904));
#2442=CARTESIAN_POINT('Ctrl Pts',(-14.4788167811061,3.80325710663367,-9.43232404116905));
#2443=CARTESIAN_POINT('Ctrl Pts',(-14.3303915622829,3.90964591674464,-9.54885026367515));
#2444=CARTESIAN_POINT('Ctrl Pts',(-14.1804362769472,4.04613370100506,-9.65719762211737));
#2445=CARTESIAN_POINT('Ctrl Pts',(-13.8939879300875,4.39914960381175,-9.83030679612722));
#2446=CARTESIAN_POINT('Ctrl Pts',(-13.7652781495288,4.62708466352302,-9.88232404116904));
#2447=CARTESIAN_POINT('Ctrl Pts',(-13.5979790288017,5.09781927392244,-9.88232404116904));
#2448=CARTESIAN_POINT('Ctrl Pts',(-13.5539735905321,5.35585826411526,-9.83030679612722));
#2449=CARTESIAN_POINT('Ctrl Pts',(-13.5533907269781,5.81047078409591,-9.65719762211737));
#2450=CARTESIAN_POINT('Ctrl Pts',(-13.5835769397193,6.0109808721533,-9.54885026367515));
#2451=CARTESIAN_POINT('Ctrl Pts',(-13.6315713623135,6.18717723959429,-9.43232404116904));
#2452=CARTESIAN_POINT('',(-12.9157964916187,7.56856003392251,-9.43232404116904));
#2453=CARTESIAN_POINT('Origin',(0.,0.,-9.43232404116904));
#2454=CARTESIAN_POINT('',(-11.4567952766681,9.63549386323893,-9.43232404116904));
#2455=CARTESIAN_POINT('Ctrl Pts',(-12.9157964916187,7.56856003392251,-9.43232404116904));
#2456=CARTESIAN_POINT('Ctrl Pts',(-12.7441719250803,7.63095901356194,-9.54885026367515));
#2457=CARTESIAN_POINT('Ctrl Pts',(-12.5629534250055,7.72192800873658,-9.65719762211737));
#2458=CARTESIAN_POINT('Ctrl Pts',(-12.1918848091378,7.98457028517182,-9.83030679612722));
#2459=CARTESIAN_POINT('Ctrl Pts',(-12.0064517932435,8.16932741134941,-9.88232404116904));
#2460=CARTESIAN_POINT('Ctrl Pts',(-11.7183538997797,8.57746914286635,-9.88232404116904));
#2461=CARTESIAN_POINT('Ctrl Pts',(-11.6063622161459,8.8140668221743,-9.83030679612722));
#2462=CARTESIAN_POINT('Ctrl Pts',(-11.4831479767353,9.25166382200352,-9.65719762211737));
#2463=CARTESIAN_POINT('Ctrl Pts',(-11.458117828481,9.45288259481265,-9.54885026367515));
#2464=CARTESIAN_POINT('Ctrl Pts',(-11.4567952766681,9.63549386323893,-9.43232404116904));
#2465=CARTESIAN_POINT('',(-10.3948706621853,10.7725374873536,-9.43232404116905));
#2466=CARTESIAN_POINT('Origin',(0.,0.,-9.43232404116904));
#2467=CARTESIAN_POINT('',(-8.43232109670317,12.3691899864985,-9.43232404116904));
#2468=CARTESIAN_POINT('Ctrl Pts',(-10.3948706621853,10.7725374873536,-9.43232404116905));
#2469=CARTESIAN_POINT('Ctrl Pts',(-10.2127753569017,10.786318789658,-9.54885026367515));
#2470=CARTESIAN_POINT('Ctrl Pts',(-10.0137337892189,10.8250222415302,-9.65719762211737));
#2471=CARTESIAN_POINT('Ctrl Pts',(-9.58556536605611,10.9778119154592,-9.83030679612722));
#2472=CARTESIAN_POINT('Ctrl Pts',(-9.35716183331555,11.1056885172622,-9.88232404116904));
#2473=CARTESIAN_POINT('Ctrl Pts',(-8.969632069913,11.4209673647942,-9.88232404116904));
#2474=CARTESIAN_POINT('Ctrl Pts',(-8.79796005176233,11.6185763657054,-9.83030679612723));
#2475=CARTESIAN_POINT('Ctrl Pts',(-8.56125267296449,12.0067032777789,-9.65719762211738));
#2476=CARTESIAN_POINT('Ctrl Pts',(-8.48286253530553,12.1937072594751,-9.54885026367515));
#2477=CARTESIAN_POINT('Ctrl Pts',(-8.43232109670316,12.3691899864985,-9.43232404116904));
#2478=CARTESIAN_POINT('',(-7.10300482910674,13.1775651164275,-9.43232404116904));
#2479=CARTESIAN_POINT('Origin',(0.,0.,-9.43232404116904));
#2480=CARTESIAN_POINT('',(-4.78246023629794,14.1855198737385,-9.43232404116904));
#2481=CARTESIAN_POINT('Ctrl Pts',(-7.10300482910674,13.1775651164275,-9.43232404116905));
#2482=CARTESIAN_POINT('Ctrl Pts',(-6.92394396084017,13.1417066452501,-9.54885026367515));
#2483=CARTESIAN_POINT('Ctrl Pts',(-6.72184132806987,13.1252740958511,-9.65719762211737));
#2484=CARTESIAN_POINT('Ctrl Pts',(-6.26832839081776,13.1568794561249,-9.83030679612722));
#2485=CARTESIAN_POINT('Ctrl Pts',(-6.0138939863776,13.218391510994,-9.88232404116904));
#2486=CARTESIAN_POINT('Ctrl Pts',(-5.55567366275723,13.4174246847244,-9.88232404116904));
#2487=CARTESIAN_POINT('Ctrl Pts',(-5.33705343832867,13.5613892516422,-9.83030679612722));
#2488=CARTESIAN_POINT('Ctrl Pts',(-5.00440842356486,13.871260478454,-9.65719762211737));
#2489=CARTESIAN_POINT('Ctrl Pts',(-4.87847213440032,14.0301804392013,-9.54885026367515));
#2490=CARTESIAN_POINT('Ctrl Pts',(-4.78246023629794,14.1855198737385,-9.43232404116904));
#2491=CARTESIAN_POINT('',(-3.2843416219382,14.6052730241651,-9.43232404116904));
#2492=CARTESIAN_POINT('Origin',(0.,0.,-9.43232404116904));
#2493=CARTESIAN_POINT('',(-0.777906178466287,14.9497746463786,-9.43232404116904));
#2494=CARTESIAN_POINT('Ctrl Pts',(-3.2843416219382,14.6052730241651,-9.43232404116904));
#2495=CARTESIAN_POINT('Ctrl Pts',(-3.12159531613909,14.5224342382717,-9.54885026367515));
#2496=CARTESIAN_POINT('Ctrl Pts',(-2.9314206459958,14.4520844146164,-9.65719762211737));
#2497=CARTESIAN_POINT('Ctrl Pts',(-2.48619817452675,14.3601614362483,-9.83030679612722));
#2498=CARTESIAN_POINT('Ctrl Pts',(-2.22460313420437,14.3507468764728,-9.88232404116903));
#2499=CARTESIAN_POINT('Ctrl Pts',(-1.7296763555506,14.4187729964222,-9.88232404116903));
#2500=CARTESIAN_POINT('Ctrl Pts',(-1.48032198676904,14.4984159360125,-9.83030679612722));
#2501=CARTESIAN_POINT('Ctrl Pts',(-1.07641009503461,14.7070497462365,-9.65719762211737));
#2502=CARTESIAN_POINT('Ctrl Pts',(-0.912267772811633,14.8260993195566,-9.54885026367515));
#2503=CARTESIAN_POINT('Ctrl Pts',(-0.777906178466286,14.9497746463786,-9.43232404116904));
#2504=CARTESIAN_POINT('',(0.777906178466319,14.9497746463786,-9.43232404116904));
#2505=CARTESIAN_POINT('Origin',(0.,0.,-9.43232404116904));
#2506=CARTESIAN_POINT('',(3.28434162193823,14.6052730241651,-9.43232404116904));
#2507=CARTESIAN_POINT('Ctrl Pts',(0.777906178466319,14.9497746463786,-9.43232404116905));
#2508=CARTESIAN_POINT('Ctrl Pts',(0.912267772811665,14.8260993195566,-9.54885026367515));
#2509=CARTESIAN_POINT('Ctrl Pts',(1.07641009503464,14.7070497462365,-9.65719762211737));
#2510=CARTESIAN_POINT('Ctrl Pts',(1.48032198676906,14.4984159360125,-9.83030679612722));
#2511=CARTESIAN_POINT('Ctrl Pts',(1.72967635555063,14.4187729964222,-9.88232404116904));
#2512=CARTESIAN_POINT('Ctrl Pts',(2.2246031342044,14.3507468764728,-9.88232404116904));
#2513=CARTESIAN_POINT('Ctrl Pts',(2.48619817452677,14.3601614362483,-9.83030679612722));
#2514=CARTESIAN_POINT('Ctrl Pts',(2.93142064599583,14.4520844146164,-9.65719762211737));
#2515=CARTESIAN_POINT('Ctrl Pts',(3.12159531613912,14.5224342382717,-9.54885026367515));
#2516=CARTESIAN_POINT('Ctrl Pts',(3.28434162193823,14.6052730241651,-9.43232404116904));
#2517=CARTESIAN_POINT('',(4.78246023629796,14.1855198737385,-9.43232404116904));
#2518=CARTESIAN_POINT('Origin',(0.,0.,-9.43232404116904));
#2519=CARTESIAN_POINT('',(7.10300482910676,13.1775651164275,-9.43232404116904));
#2520=CARTESIAN_POINT('Ctrl Pts',(4.78246023629796,14.1855198737385,-9.43232404116904));
#2521=CARTESIAN_POINT('Ctrl Pts',(4.87847213440034,14.0301804392013,-9.54885026367515));
#2522=CARTESIAN_POINT('Ctrl Pts',(5.00440842356488,13.871260478454,-9.65719762211737));
#2523=CARTESIAN_POINT('Ctrl Pts',(5.33705343832869,13.5613892516422,-9.83030679612722));
#2524=CARTESIAN_POINT('Ctrl Pts',(5.55567366275725,13.4174246847244,-9.88232404116903));
#2525=CARTESIAN_POINT('Ctrl Pts',(6.01389398637762,13.218391510994,-9.88232404116903));
#2526=CARTESIAN_POINT('Ctrl Pts',(6.26832839081778,13.1568794561249,-9.83030679612722));
#2527=CARTESIAN_POINT('Ctrl Pts',(6.72184132806989,13.1252740958511,-9.65719762211737));
#2528=CARTESIAN_POINT('Ctrl Pts',(6.92394396084019,13.1417066452501,-9.54885026367514));
#2529=CARTESIAN_POINT('Ctrl Pts',(7.10300482910676,13.1775651164275,-9.43232404116904));
#2530=CARTESIAN_POINT('',(8.43232109670319,12.3691899864985,-9.43232404116904));
#2531=CARTESIAN_POINT('Origin',(0.,0.,-9.43232404116904));
#2532=CARTESIAN_POINT('',(10.3948706621854,10.7725374873536,-9.43232404116903));
#2533=CARTESIAN_POINT('Ctrl Pts',(8.43232109670319,12.3691899864985,-9.43232404116904));
#2534=CARTESIAN_POINT('Ctrl Pts',(8.48286253530556,12.1937072594751,-9.54885026367515));
#2535=CARTESIAN_POINT('Ctrl Pts',(8.56125267296451,12.0067032777789,-9.65719762211737));
#2536=CARTESIAN_POINT('Ctrl Pts',(8.79796005176235,11.6185763657054,-9.83030679612722));
#2537=CARTESIAN_POINT('Ctrl Pts',(8.96963206991302,11.4209673647942,-9.88232404116903));
#2538=CARTESIAN_POINT('Ctrl Pts',(9.35716183331557,11.1056885172622,-9.88232404116903));
#2539=CARTESIAN_POINT('Ctrl Pts',(9.58556536605613,10.9778119154592,-9.83030679612722));
#2540=CARTESIAN_POINT('Ctrl Pts',(10.0137337892189,10.8250222415302,-9.65719762211737));
#2541=CARTESIAN_POINT('Ctrl Pts',(10.2127753569017,10.7863187896579,-9.54885026367514));
#2542=CARTESIAN_POINT('Ctrl Pts',(10.3948706621854,10.7725374873536,-9.43232404116904));
#2543=CARTESIAN_POINT('',(11.4567952766681,9.6354938632389,-9.43232404116904));
#2544=CARTESIAN_POINT('Origin',(0.,0.,-9.43232404116904));
#2545=CARTESIAN_POINT('',(12.9157964916188,7.56856003392248,-9.43232404116904));
#2546=CARTESIAN_POINT('Ctrl Pts',(11.4567952766681,9.6354938632389,-9.43232404116904));
#2547=CARTESIAN_POINT('Ctrl Pts',(11.4581178284811,9.45288259481262,-9.54885026367515));
#2548=CARTESIAN_POINT('Ctrl Pts',(11.4831479767353,9.25166382200349,-9.65719762211737));
#2549=CARTESIAN_POINT('Ctrl Pts',(11.6063622161459,8.81406682217428,-9.83030679612722));
#2550=CARTESIAN_POINT('Ctrl Pts',(11.7183538997797,8.57746914286633,-9.88232404116904));
#2551=CARTESIAN_POINT('Ctrl Pts',(12.0064517932436,8.16932741134939,-9.88232404116904));
#2552=CARTESIAN_POINT('Ctrl Pts',(12.1918848091378,7.98457028517179,-9.83030679612722));
#2553=CARTESIAN_POINT('Ctrl Pts',(12.5629534250055,7.72192800873656,-9.65719762211737));
#2554=CARTESIAN_POINT('Ctrl Pts',(12.7441719250803,7.63095901356191,-9.54885026367515));
#2555=CARTESIAN_POINT('Ctrl Pts',(12.9157964916188,7.56856003392248,-9.43232404116904));
#2556=CARTESIAN_POINT('',(13.6315713623135,6.18717723959426,-9.43232404116904));
#2557=CARTESIAN_POINT('Origin',(0.,0.,-9.43232404116904));
#2558=CARTESIAN_POINT('',(14.4788167811061,3.80325710663365,-9.43232404116904));
#2559=CARTESIAN_POINT('Ctrl Pts',(13.6315713623135,6.18717723959426,-9.43232404116904));
#2560=CARTESIAN_POINT('Ctrl Pts',(13.5835769397193,6.01098087215328,-9.54885026367515));
#2561=CARTESIAN_POINT('Ctrl Pts',(13.5533907269781,5.81047078409588,-9.65719762211737));
#2562=CARTESIAN_POINT('Ctrl Pts',(13.5539735905321,5.35585826411524,-9.83030679612722));
#2563=CARTESIAN_POINT('Ctrl Pts',(13.5979790288017,5.09781927392242,-9.88232404116904));
#2564=CARTESIAN_POINT('Ctrl Pts',(13.7652781495288,4.627084663523,-9.88232404116904));
#2565=CARTESIAN_POINT('Ctrl Pts',(13.8939879300875,4.39914960381172,-9.83030679612722));
#2566=CARTESIAN_POINT('Ctrl Pts',(14.1804362769472,4.04613370100504,-9.65719762211737));
#2567=CARTESIAN_POINT('Ctrl Pts',(14.3303915622829,3.90964591674462,-9.54885026367515));
#2568=CARTESIAN_POINT('Ctrl Pts',(14.4788167811061,3.80325710663365,-9.43232404116904));
#2569=CARTESIAN_POINT('',(14.7953561603057,2.2799859845414,-9.43232404116904));
#2570=CARTESIAN_POINT('Origin',(0.,0.,-9.43232404116904));
#2571=CARTESIAN_POINT('',(14.9680094661183,-0.244116001510662,-9.43232404116904));
#2572=CARTESIAN_POINT('Ctrl Pts',(14.7953561603057,2.2799859845414,-9.43232404116905));
#2573=CARTESIAN_POINT('Ctrl Pts',(14.7016042900682,2.12327219661406,-9.54885026367515));
#2574=CARTESIAN_POINT('Ctrl Pts',(14.6184404896379,1.938341709267,-9.65719762211737));
#2575=CARTESIAN_POINT('Ctrl Pts',(14.4963487490118,1.50043020002801,-9.83030679612722));
#2576=CARTESIAN_POINT('Ctrl Pts',(14.4691042598723,1.24008747040308,-9.88232404116904));
#2577=CARTESIAN_POINT('Ctrl Pts',(14.5031967974209,0.741672213706953,-9.88232404116904));
#2578=CARTESIAN_POINT('Ctrl Pts',(14.565637527028,0.487464121107267,-9.83030679612722));
#2579=CARTESIAN_POINT('Ctrl Pts',(14.7462210414071,0.0702561665000042,-9.65719762211737));
#2580=CARTESIAN_POINT('Ctrl Pts',(14.8537916144902,-0.101627732277665,-9.54885026367515));
#2581=CARTESIAN_POINT('Ctrl Pts',(14.9680094661183,-0.244116001510662,-9.43232404116904));
#2582=CARTESIAN_POINT('',(14.8618370761386,-1.79630140074305,-9.43232404116904));
#2583=CARTESIAN_POINT('Origin',(0.,0.,-9.43232404116904));
#2584=CARTESIAN_POINT('',(14.3470933631155,-4.27338414257933,-9.43232404116904));
#2585=CARTESIAN_POINT('Ctrl Pts',(14.8618370761386,-1.79630140074305,-9.43232404116904));
#2586=CARTESIAN_POINT('Ctrl Pts',(14.7292809055872,-1.92190986442405,-9.54885026367515));
#2587=CARTESIAN_POINT('Ctrl Pts',(14.5993073960966,-2.07754530281492,-9.65719762211737));
#2588=CARTESIAN_POINT('Ctrl Pts',(14.3635960371602,-2.46627790798388,-9.83030679612722));
#2589=CARTESIAN_POINT('Ctrl Pts',(14.2671222197358,-2.70961594777337,-9.88232404116903));
#2590=CARTESIAN_POINT('Ctrl Pts',(14.1654796865589,-3.19874667127513,-9.88232404116904));
#2591=CARTESIAN_POINT('Ctrl Pts',(14.1570204219467,-3.46037434545975,-9.83030679612722));
#2592=CARTESIAN_POINT('Ctrl Pts',(14.2183460506983,-3.91083194647376,-9.65719762211737));
#2593=CARTESIAN_POINT('Ctrl Pts',(14.2755538942259,-4.10536411731285,-9.54885026367515));
#2594=CARTESIAN_POINT('Ctrl Pts',(14.3470933631155,-4.27338414257933,-9.43232404116904));
#2595=CARTESIAN_POINT('',(13.826083524415,-5.7393653286665,-9.43232404116905));
#2596=CARTESIAN_POINT('Origin',(0.,0.,-9.43232404116904));
#2597=CARTESIAN_POINT('',(12.6621189789552,-7.98571493122451,-9.43232404116904));
#2598=CARTESIAN_POINT('Ctrl Pts',(13.826083524415,-5.7393653286665,-9.43232404116905));
#2599=CARTESIAN_POINT('Ctrl Pts',(13.6645541383153,-5.82455266297043,-9.54885026367515));
#2600=CARTESIAN_POINT('Ctrl Pts',(13.497410460374,-5.93935028392442,-9.65719762211738));
#2601=CARTESIAN_POINT('Ctrl Pts',(13.1655611163119,-6.25007346603129,-9.83030679612722));
#2602=CARTESIAN_POINT('Ctrl Pts',(13.0070129923026,-6.45835954677162,-9.88232404116904));
#2603=CARTESIAN_POINT('Ctrl Pts',(12.7771737501023,-6.90192914894105,-9.88232404116904));
#2604=CARTESIAN_POINT('Ctrl Pts',(12.6984418762287,-7.1515726769833,-9.83030679612722));
#2605=CARTESIAN_POINT('Ctrl Pts',(12.6359613780143,-7.60187154484326,-9.65719762211737));
#2606=CARTESIAN_POINT('Ctrl Pts',(12.6385636479404,-7.8046244265581,-9.54885026367515));
#2607=CARTESIAN_POINT('Ctrl Pts',(12.6621189789552,-7.98571493122451,-9.43232404116904));
#2608=CARTESIAN_POINT('',(11.764912607809,-9.25676678601206,-9.43232404116904));
#2609=CARTESIAN_POINT('Origin',(0.,0.,-9.43232404116904));
#2610=CARTESIAN_POINT('',(10.0380531554658,-11.1057817756357,-9.43232404116904));
#2611=CARTESIAN_POINT('Ctrl Pts',(11.764912607809,-9.25676678601206,-9.43232404116904));
#2612=CARTESIAN_POINT('Ctrl Pts',(11.5863899017803,-9.29521503605971,-9.54885026367515));
#2613=CARTESIAN_POINT('Ctrl Pts',(11.3944723373498,-9.36066082519485,-9.65719762211737));
#2614=CARTESIAN_POINT('Ctrl Pts',(10.9910967559013,-9.57032966728673,-9.83030679612722));
#2615=CARTESIAN_POINT('Ctrl Pts',(10.7822331143555,-9.72811616321481,-9.88232404116904));
#2616=CARTESIAN_POINT('Ctrl Pts',(10.4412432882812,-10.0932271158549,-9.88232404116904));
#2617=CARTESIAN_POINT('Ctrl Pts',(10.298077988057,-10.312371579323,-9.83030679612722));
#2618=CARTESIAN_POINT('Ctrl Pts',(10.1164252556,-10.72911510698,-9.65719762211737));
#2619=CARTESIAN_POINT('Ctrl Pts',(10.0642289534686,-10.9250514458665,-9.54885026367515));
#2620=CARTESIAN_POINT('Ctrl Pts',(10.0380531554658,-11.1057817756357,-9.43232404116904));
#2621=CARTESIAN_POINT('',(8.83119194397575,-12.0876361977294,-9.43232404116904));
#2622=CARTESIAN_POINT('Origin',(0.,0.,-9.43232404116904));
#2623=CARTESIAN_POINT('',(6.66951085047313,-13.402183591319,-9.43232404116904));
#2624=CARTESIAN_POINT('Ctrl Pts',(8.83119194397575,-12.0876361977294,-9.43232404116904));
#2625=CARTESIAN_POINT('Ctrl Pts',(8.64891613043706,-12.0764938327038,-9.54885026367515));
#2626=CARTESIAN_POINT('Ctrl Pts',(8.44645832730681,-12.0877339752345,-9.65719762211737));
#2627=CARTESIAN_POINT('Ctrl Pts',(8.00147303002745,-12.1807982984645,-9.83030679612722));
#2628=CARTESIAN_POINT('Ctrl Pts',(7.75778433175101,-12.2763829070026,-9.88232404116904));
#2629=CARTESIAN_POINT('Ctrl Pts',(7.33093357727795,-12.5359566010275,-9.88232404116904));
#2630=CARTESIAN_POINT('Ctrl Pts',(7.13395276608306,-12.7083490575853,-9.83030679612722));
#2631=CARTESIAN_POINT('Ctrl Pts',(6.84660015154382,-13.0606292840678,-9.65719762211737));
#2632=CARTESIAN_POINT('Ctrl Pts',(6.743476438302,-13.2352173782198,-9.54885026367515));
#2633=CARTESIAN_POINT('Ctrl Pts',(6.66951085047313,-13.402183591319,-9.43232404116904));
#2634=CARTESIAN_POINT('',(5.24250217367271,-14.0220209299172,-9.43232404116904));
#2635=CARTESIAN_POINT('Origin',(0.,0.,-9.43232404116904));
#2636=CARTESIAN_POINT('',(2.80632143668278,-14.7046067609445,-9.43232404116904));
#2637=CARTESIAN_POINT('Ctrl Pts',(5.24250217367271,-14.0220209299172,-9.43232404116904));
#2638=CARTESIAN_POINT('Ctrl Pts',(5.06999181585789,-13.9621143280594,-9.54885026367515));
#2639=CARTESIAN_POINT('Ctrl Pts',(4.87200914310319,-13.9183151940343,-9.65719762211737));
#2640=CARTESIAN_POINT('Ctrl Pts',(4.4184166538199,-13.8878728432896,-9.83030679612722));
#2641=CARTESIAN_POINT('Ctrl Pts',(4.15797617476237,-13.9141664912928,-9.88232404116904));
#2642=CARTESIAN_POINT('Ctrl Pts',(3.67692205963759,-14.0489515332873,-9.88232404116904));
#2643=CARTESIAN_POINT('Ctrl Pts',(3.44073490311111,-14.1618064230749,-9.83030679612722));
#2644=CARTESIAN_POINT('Ctrl Pts',(3.06899403535925,-14.4234963355595,-9.65719762211737));
#2645=CARTESIAN_POINT('Ctrl Pts',(2.92259112505851,-14.5637877847213,-9.54885026367515));
#2646=CARTESIAN_POINT('Ctrl Pts',(2.80632143668278,-14.7046067609445,-9.43232404116904));
#2647=CARTESIAN_POINT('',(1.26499999999998,-14.9164565162105,-9.43232404116904));
#2648=CARTESIAN_POINT('Origin',(0.,0.,-9.43232404116904));
#2649=CARTESIAN_POINT('',(-1.26500000000002,-14.9164565162105,-9.43232404116904));
#2650=CARTESIAN_POINT('Ctrl Pts',(1.26499999999998,-14.9164565162105,-9.43232404116904));
#2651=CARTESIAN_POINT('Ctrl Pts',(1.11504940196578,-14.8122286761258,-9.54885026367515));
#2652=CARTESIAN_POINT('Ctrl Pts',(0.93622532871438,-14.7166386469479,-9.65719762211737));
#2653=CARTESIAN_POINT('Ctrl Pts',(0.507666527309751,-14.5649473921186,-9.83030679612722));
#2654=CARTESIAN_POINT('Ctrl Pts',(0.249789946366909,-14.52,-9.88232404116904));
#2655=CARTESIAN_POINT('Ctrl Pts',(-0.249789946366943,-14.52,-9.88232404116904));
#2656=CARTESIAN_POINT('Ctrl Pts',(-0.507666527309783,-14.5649473921186,
-9.83030679612722));
#2657=CARTESIAN_POINT('Ctrl Pts',(-0.936225328714414,-14.7166386469479,
-9.65719762211737));
#2658=CARTESIAN_POINT('Ctrl Pts',(-1.11504940196582,-14.8122286761258,-9.54885026367514));
#2659=CARTESIAN_POINT('Ctrl Pts',(-1.26500000000002,-14.9164565162105,-9.43232404116904));
#2660=CARTESIAN_POINT('',(-2.80632143668281,-14.7046067609445,-9.43232404116904));
#2661=CARTESIAN_POINT('Origin',(0.,0.,-9.43232404116904));
#2662=CARTESIAN_POINT('',(-5.24250217367274,-14.0220209299172,-9.43232404116904));
#2663=CARTESIAN_POINT('Ctrl Pts',(-2.80632143668281,-14.7046067609445,-9.43232404116904));
#2664=CARTESIAN_POINT('Ctrl Pts',(-2.92259112505854,-14.5637877847212,-9.54885026367515));
#2665=CARTESIAN_POINT('Ctrl Pts',(-3.06899403535928,-14.4234963355595,-9.65719762211737));
#2666=CARTESIAN_POINT('Ctrl Pts',(-3.44073490311114,-14.1618064230749,-9.83030679612722));
#2667=CARTESIAN_POINT('Ctrl Pts',(-3.67692205963762,-14.0489515332873,-9.88232404116904));
#2668=CARTESIAN_POINT('Ctrl Pts',(-4.1579761747624,-13.9141664912928,-9.88232404116904));
#2669=CARTESIAN_POINT('Ctrl Pts',(-4.41841665381993,-13.8878728432896,-9.83030679612722));
#2670=CARTESIAN_POINT('Ctrl Pts',(-4.87200914310321,-13.9183151940343,-9.65719762211737));
#2671=CARTESIAN_POINT('Ctrl Pts',(-5.06999181585792,-13.9621143280594,-9.54885026367515));
#2672=CARTESIAN_POINT('Ctrl Pts',(-5.24250217367275,-14.0220209299172,-9.43232404116904));
#2673=CARTESIAN_POINT('',(-6.66951085047316,-13.402183591319,-9.43232404116904));
#2674=CARTESIAN_POINT('Origin',(0.,0.,-9.43232404116904));
#2675=CARTESIAN_POINT('',(-8.83119194397578,-12.0876361977294,-9.43232404116904));
#2676=CARTESIAN_POINT('Ctrl Pts',(-6.66951085047316,-13.402183591319,-9.43232404116905));
#2677=CARTESIAN_POINT('Ctrl Pts',(-6.74347643830203,-13.2352173782198,-9.54885026367515));
#2678=CARTESIAN_POINT('Ctrl Pts',(-6.84660015154384,-13.0606292840677,-9.65719762211737));
#2679=CARTESIAN_POINT('Ctrl Pts',(-7.13395276608309,-12.7083490575853,-9.83030679612722));
#2680=CARTESIAN_POINT('Ctrl Pts',(-7.33093357727798,-12.5359566010275,-9.88232404116904));
#2681=CARTESIAN_POINT('Ctrl Pts',(-7.75778433175103,-12.2763829070025,-9.88232404116904));
#2682=CARTESIAN_POINT('Ctrl Pts',(-8.00147303002747,-12.1807982984645,-9.83030679612722));
#2683=CARTESIAN_POINT('Ctrl Pts',(-8.44645832730683,-12.0877339752344,-9.65719762211737));
#2684=CARTESIAN_POINT('Ctrl Pts',(-8.64891613043709,-12.0764938327038,-9.54885026367515));
#2685=CARTESIAN_POINT('Ctrl Pts',(-8.83119194397578,-12.0876361977294,-9.43232404116904));
#2686=CARTESIAN_POINT('',(-10.0380531554659,-11.1057817756357,-9.43232404116904));
#2687=CARTESIAN_POINT('Origin',(0.,0.,-9.43232404116904));
#2688=CARTESIAN_POINT('',(-11.7649126078091,-9.25676678601204,-9.43232404116904));
#2689=CARTESIAN_POINT('Ctrl Pts',(-10.0380531554659,-11.1057817756357,-9.43232404116904));
#2690=CARTESIAN_POINT('Ctrl Pts',(-10.0642289534686,-10.9250514458665,-9.54885026367515));
#2691=CARTESIAN_POINT('Ctrl Pts',(-10.1164252556,-10.72911510698,-9.65719762211737));
#2692=CARTESIAN_POINT('Ctrl Pts',(-10.298077988057,-10.312371579323,-9.83030679612722));
#2693=CARTESIAN_POINT('Ctrl Pts',(-10.4412432882812,-10.0932271158549,-9.88232404116904));
#2694=CARTESIAN_POINT('Ctrl Pts',(-10.7822331143555,-9.72811616321479,-9.88232404116904));
#2695=CARTESIAN_POINT('Ctrl Pts',(-10.9910967559013,-9.57032966728672,-9.83030679612722));
#2696=CARTESIAN_POINT('Ctrl Pts',(-11.3944723373498,-9.36066082519483,-9.65719762211737));
#2697=CARTESIAN_POINT('Ctrl Pts',(-11.5863899017803,-9.29521503605969,-9.54885026367515));
#2698=CARTESIAN_POINT('Ctrl Pts',(-11.7649126078091,-9.25676678601204,-9.43232404116904));
#2699=CARTESIAN_POINT('',(-12.6621189789552,-7.98571493122448,-9.43232404116904));
#2700=CARTESIAN_POINT('Origin',(0.,0.,-9.43232404116904));
#2701=CARTESIAN_POINT('',(-13.826083524415,-5.73936532866647,-9.43232404116904));
#2702=CARTESIAN_POINT('Ctrl Pts',(-12.6621189789552,-7.98571493122448,-9.43232404116904));
#2703=CARTESIAN_POINT('Ctrl Pts',(-12.6385636479404,-7.80462442655808,-9.54885026367515));
#2704=CARTESIAN_POINT('Ctrl Pts',(-12.6359613780144,-7.60187154484324,-9.65719762211737));
#2705=CARTESIAN_POINT('Ctrl Pts',(-12.6984418762287,-7.15157267698329,-9.83030679612722));
#2706=CARTESIAN_POINT('Ctrl Pts',(-12.7771737501023,-6.90192914894103,-9.88232404116904));
#2707=CARTESIAN_POINT('Ctrl Pts',(-13.0070129923027,-6.4583595467716,-9.88232404116904));
#2708=CARTESIAN_POINT('Ctrl Pts',(-13.1655611163119,-6.25007346603127,-9.83030679612722));
#2709=CARTESIAN_POINT('Ctrl Pts',(-13.4974104603741,-5.9393502839244,-9.65719762211737));
#2710=CARTESIAN_POINT('Ctrl Pts',(-13.6645541383153,-5.8245526629704,-9.54885026367515));
#2711=CARTESIAN_POINT('Ctrl Pts',(-13.826083524415,-5.73936532866647,-9.43232404116904));
#2712=CARTESIAN_POINT('',(-14.3470933631155,-4.2733841425793,-9.43232404116904));
#2713=CARTESIAN_POINT('Origin',(0.,0.,-9.43232404116904));
#2714=CARTESIAN_POINT('',(-14.8618370761386,-1.79630140074302,-9.43232404116904));
#2715=CARTESIAN_POINT('Ctrl Pts',(-14.3470933631155,-4.2733841425793,-9.43232404116904));
#2716=CARTESIAN_POINT('Ctrl Pts',(-14.2755538942259,-4.10536411731282,-9.54885026367515));
#2717=CARTESIAN_POINT('Ctrl Pts',(-14.2183460506983,-3.91083194647374,-9.65719762211737));
#2718=CARTESIAN_POINT('Ctrl Pts',(-14.1570204219467,-3.46037434545973,-9.83030679612722));
#2719=CARTESIAN_POINT('Ctrl Pts',(-14.1654796865589,-3.19874667127511,-9.88232404116903));
#2720=CARTESIAN_POINT('Ctrl Pts',(-14.2671222197358,-2.70961594777335,-9.88232404116903));
#2721=CARTESIAN_POINT('Ctrl Pts',(-14.3635960371602,-2.46627790798385,-9.83030679612722));
#2722=CARTESIAN_POINT('Ctrl Pts',(-14.5993073960966,-2.0775453028149,-9.65719762211737));
#2723=CARTESIAN_POINT('Ctrl Pts',(-14.7292809055872,-1.92190986442402,-9.54885026367515));
#2724=CARTESIAN_POINT('Ctrl Pts',(-14.8618370761386,-1.79630140074302,-9.43232404116904));
#2725=CARTESIAN_POINT('',(-14.9680094661183,-0.244116001510636,-9.43232404116905));
#2726=CARTESIAN_POINT('Origin',(0.,0.,-9.43232404116904));
#2727=CARTESIAN_POINT('Ctrl Pts',(-14.9680094661183,-0.244116001510637,
-9.43232404116905));
#2728=CARTESIAN_POINT('Ctrl Pts',(-14.9087228098287,-0.170155119539106,
-9.4928088953662));
#2729=CARTESIAN_POINT('Ctrl Pts',(-14.8510968972517,-0.0884348980581082,
-9.55122714395817));
#2730=CARTESIAN_POINT('Ctrl Pts',(-14.7979213536733,6.83871327622487E-9,
-9.60440268749572));
#2731=CARTESIAN_POINT('Origin',(2.27893784431093,16.5805041780336,-10.));
#2732=CARTESIAN_POINT('',(0.777906178466319,14.9497746463786,-3.95));
#2733=CARTESIAN_POINT('',(0.777906178466319,14.9497746463786,-10.));
#2734=CARTESIAN_POINT('',(3.28434162193824,14.6052730241651,-3.95));
#2735=CARTESIAN_POINT('Origin',(2.27893784431093,16.5805041780336,-3.95));
#2736=CARTESIAN_POINT('',(3.28434162193823,14.6052730241651,-10.));
#2737=CARTESIAN_POINT('Origin',(0.,0.,-10.));
#2738=CARTESIAN_POINT('',(-0.77790617846629,14.9497746463786,-3.95));
#2739=CARTESIAN_POINT('',(-0.777906178466287,14.9497746463786,-10.));
#2740=CARTESIAN_POINT('Origin',(0.,0.,-3.95));
#2741=CARTESIAN_POINT('Origin',(-2.27893784431089,16.5805041780336,-10.));
#2742=CARTESIAN_POINT('',(-3.2843416219382,14.6052730241651,-3.95));
#2743=CARTESIAN_POINT('',(-3.2843416219382,14.6052730241651,-10.));
#2744=CARTESIAN_POINT('Origin',(-2.27893784431089,16.5805041780336,-3.95));
#2745=CARTESIAN_POINT('Origin',(0.,0.,-10.));
#2746=CARTESIAN_POINT('',(-4.78246023629794,14.1855198737385,-3.95));
#2747=CARTESIAN_POINT('',(-4.78246023629794,14.1855198737385,-10.));
#2748=CARTESIAN_POINT('Origin',(0.,0.,-3.95));
#2749=CARTESIAN_POINT('Origin',(-6.66779513846711,15.3508040339083,-10.));
#2750=CARTESIAN_POINT('',(-7.10300482910674,13.1775651164275,-3.95));
#2751=CARTESIAN_POINT('',(-7.10300482910674,13.1775651164275,-10.));
#2752=CARTESIAN_POINT('Origin',(-6.66779513846711,15.3508040339083,-3.95));
#2753=CARTESIAN_POINT('Origin',(0.,0.,-10.));
#2754=CARTESIAN_POINT('',(-8.43232109670316,12.3691899864985,-3.95));
#2755=CARTESIAN_POINT('',(-8.43232109670316,12.3691899864985,-10.));
#2756=CARTESIAN_POINT('Origin',(0.,0.,-3.95));
#2757=CARTESIAN_POINT('Origin',(-10.5621325703363,12.9826049798437,-10.));
#2758=CARTESIAN_POINT('',(-10.3948706621854,10.7725374873536,-3.95));
#2759=CARTESIAN_POINT('',(-10.3948706621853,10.7725374873536,-10.));
#2760=CARTESIAN_POINT('Origin',(-10.5621325703363,12.9826049798437,-3.95));
#2761=CARTESIAN_POINT('Origin',(0.,0.,-10.));
#2762=CARTESIAN_POINT('',(-11.4567952766681,9.63549386323893,-3.95));
#2763=CARTESIAN_POINT('',(-11.4567952766681,9.63549386323893,-10.));
#2764=CARTESIAN_POINT('Origin',(0.,0.,-3.95));
#2765=CARTESIAN_POINT('Origin',(-13.673124948005,9.65154550589,-10.));
#2766=CARTESIAN_POINT('',(-12.9157964916187,7.56856003392251,-3.95));
#2767=CARTESIAN_POINT('',(-12.9157964916187,7.56856003392251,-10.));
#2768=CARTESIAN_POINT('Origin',(-13.673124948005,9.65154550589,-3.95));
#2769=CARTESIAN_POINT('Origin',(0.,0.,-10.));
#2770=CARTESIAN_POINT('',(-13.6315713623135,6.18717723959429,-3.95));
#2771=CARTESIAN_POINT('',(-13.6315713623135,6.18717723959429,-10.));
#2772=CARTESIAN_POINT('Origin',(0.,0.,-3.95));
#2773=CARTESIAN_POINT('Origin',(-15.7700441986647,5.60467505464714,-10.));
#2774=CARTESIAN_POINT('',(-14.4788167811061,3.80325710663367,-3.95));
#2775=CARTESIAN_POINT('',(-14.4788167811061,3.80325710663367,-10.));
#2776=CARTESIAN_POINT('Origin',(-15.7700441986647,5.60467505464714,-3.95));
#2777=CARTESIAN_POINT('Origin',(0.,0.,-10.));
#2778=CARTESIAN_POINT('',(-14.7953561603057,2.27998598454143,-3.95));
#2779=CARTESIAN_POINT('',(-14.7953561603057,2.27998598454143,-10.));
#2780=CARTESIAN_POINT('Origin',(0.,0.,-3.95));
#2781=CARTESIAN_POINT('Origin',(-16.6973714142612,1.1421314942834,-10.));
#2782=CARTESIAN_POINT('',(-14.9680094661183,-0.244116001510635,-3.95));
#2783=CARTESIAN_POINT('',(-14.9680094661183,-0.244116001510636,-10.));
#2784=CARTESIAN_POINT('Origin',(-16.6973714142612,1.1421314942834,-3.95));
#2785=CARTESIAN_POINT('Origin',(0.,0.,-10.));
#2786=CARTESIAN_POINT('',(-14.8618370761386,-1.79630140074302,-3.95));
#2787=CARTESIAN_POINT('',(-14.8618370761386,-1.79630140074302,-10.));
#2788=CARTESIAN_POINT('Origin',(0.,0.,-3.95));
#2789=CARTESIAN_POINT('Origin',(-16.3863309774535,-3.40511873410741,-10.));
#2790=CARTESIAN_POINT('',(-14.3470933631155,-4.2733841425793,-3.95));
#2791=CARTESIAN_POINT('',(-14.3470933631155,-4.2733841425793,-10.));
#2792=CARTESIAN_POINT('Origin',(-16.3863309774535,-3.40511873410741,-3.95));
#2793=CARTESIAN_POINT('Origin',(0.,0.,-10.));
#2794=CARTESIAN_POINT('',(-13.8260835244151,-5.73936532866647,-3.95));
#2795=CARTESIAN_POINT('',(-13.826083524415,-5.73936532866647,-10.));
#2796=CARTESIAN_POINT('Origin',(0.,0.,-3.95));
#2797=CARTESIAN_POINT('Origin',(-14.8599913345243,-7.69982688337117,-10.));
#2798=CARTESIAN_POINT('',(-12.6621189789552,-7.98571493122448,-3.95));
#2799=CARTESIAN_POINT('',(-12.6621189789552,-7.98571493122448,-10.));
#2800=CARTESIAN_POINT('Origin',(-14.8599913345243,-7.69982688337117,-3.95));
#2801=CARTESIAN_POINT('Origin',(0.,0.,-10.));
#2802=CARTESIAN_POINT('',(-11.7649126078091,-9.25676678601203,-3.95));
#2803=CARTESIAN_POINT('',(-11.7649126078091,-9.25676678601204,-10.));
#2804=CARTESIAN_POINT('Origin',(0.,0.,-3.95));
#2805=CARTESIAN_POINT('Origin',(-12.2315541142503,-11.4234740970594,-10.));
#2806=CARTESIAN_POINT('',(-10.0380531554659,-11.1057817756357,-3.95));
#2807=CARTESIAN_POINT('',(-10.0380531554659,-11.1057817756357,-10.));
#2808=CARTESIAN_POINT('Origin',(-12.2315541142503,-11.4234740970594,-3.95));
#2809=CARTESIAN_POINT('Origin',(0.,0.,-10.));
#2810=CARTESIAN_POINT('',(-8.83119194397578,-12.0876361977294,-3.95));
#2811=CARTESIAN_POINT('',(-8.83119194397578,-12.0876361977294,-10.));
#2812=CARTESIAN_POINT('Origin',(0.,0.,-3.95));
#2813=CARTESIAN_POINT('Origin',(-8.6959584809592,-14.2998944958855,-10.));
#2814=CARTESIAN_POINT('',(-6.66951085047316,-13.402183591319,-3.95));
#2815=CARTESIAN_POINT('',(-6.66951085047316,-13.402183591319,-10.));
#2816=CARTESIAN_POINT('Origin',(-8.6959584809592,-14.2998944958855,-3.95));
#2817=CARTESIAN_POINT('Origin',(0.,0.,-10.));
#2818=CARTESIAN_POINT('',(-5.24250217367274,-14.0220209299172,-3.95));
#2819=CARTESIAN_POINT('',(-5.24250217367274,-14.0220209299172,-10.));
#2820=CARTESIAN_POINT('Origin',(0.,0.,-3.95));
#2821=CARTESIAN_POINT('Origin',(-4.51542338849832,-16.1157571376161,-10.));
#2822=CARTESIAN_POINT('',(-2.80632143668281,-14.7046067609445,-3.95));
#2823=CARTESIAN_POINT('',(-2.80632143668281,-14.7046067609445,-10.));
#2824=CARTESIAN_POINT('Origin',(-4.51542338849832,-16.1157571376161,-3.95));
#2825=CARTESIAN_POINT('Origin',(0.,0.,-3.1));
#2826=CARTESIAN_POINT('',(14.095,1.72613966339819E-15,-3.1));
#2827=CARTESIAN_POINT('Origin',(0.,0.,-3.1));
#2828=CARTESIAN_POINT('',(14.095,1.72613966339819E-15,-3.95));
#2829=CARTESIAN_POINT('',(14.095,-1.72613966339819E-15,-3.1));
#2830=CARTESIAN_POINT('Origin',(0.,0.,-3.95));
#2831=CARTESIAN_POINT('Origin',(0.,0.0267717418947266,-3.95));
#2832=CARTESIAN_POINT('',(2.80632143668278,-14.7046067609445,-3.95));
#2833=CARTESIAN_POINT('',(1.26499999999998,-14.9164565162105,-3.95));
#2834=CARTESIAN_POINT('Origin',(0.,0.,-3.95));
#2835=CARTESIAN_POINT('',(5.24250217367271,-14.0220209299172,-3.95));
#2836=CARTESIAN_POINT('Origin',(4.51542338849829,-16.1157571376161,-3.95));
#2837=CARTESIAN_POINT('',(6.66951085047313,-13.402183591319,-3.95));
#2838=CARTESIAN_POINT('Origin',(0.,0.,-3.95));
#2839=CARTESIAN_POINT('',(8.83119194397575,-12.0876361977294,-3.95));
#2840=CARTESIAN_POINT('Origin',(8.69595848095917,-14.2998944958855,-3.95));
#2841=CARTESIAN_POINT('',(10.0380531554658,-11.1057817756357,-3.95));
#2842=CARTESIAN_POINT('Origin',(0.,0.,-3.95));
#2843=CARTESIAN_POINT('',(11.764912607809,-9.25676678601206,-3.95));
#2844=CARTESIAN_POINT('Origin',(12.2315541142503,-11.4234740970595,-3.95));
#2845=CARTESIAN_POINT('',(12.6621189789552,-7.98571493122451,-3.95));
#2846=CARTESIAN_POINT('Origin',(0.,0.,-3.95));
#2847=CARTESIAN_POINT('',(13.826083524415,-5.7393653286665,-3.95));
#2848=CARTESIAN_POINT('Origin',(14.8599913345243,-7.69982688337119,-3.95));
#2849=CARTESIAN_POINT('',(14.3470933631155,-4.27338414257932,-3.95));
#2850=CARTESIAN_POINT('Origin',(0.,0.,-3.95));
#2851=CARTESIAN_POINT('',(14.8618370761386,-1.79630140074305,-3.95));
#2852=CARTESIAN_POINT('Origin',(16.3863309774535,-3.40511873410744,-3.95));
#2853=CARTESIAN_POINT('',(14.9680094661183,-0.244116001510658,-3.95));
#2854=CARTESIAN_POINT('Origin',(0.,0.,-3.95));
#2855=CARTESIAN_POINT('',(14.7953561603057,2.2799859845414,-3.95));
#2856=CARTESIAN_POINT('Origin',(16.6973714142612,1.14213149428338,-3.95));
#2857=CARTESIAN_POINT('',(14.4788167811061,3.80325710663365,-3.95));
#2858=CARTESIAN_POINT('Origin',(0.,0.,-3.95));
#2859=CARTESIAN_POINT('',(13.6315713623135,6.18717723959426,-3.95));
#2860=CARTESIAN_POINT('Origin',(15.7700441986647,5.60467505464711,-3.95));
#2861=CARTESIAN_POINT('',(12.9157964916188,7.56856003392248,-3.95));
#2862=CARTESIAN_POINT('Origin',(0.,0.,-3.95));
#2863=CARTESIAN_POINT('',(11.4567952766681,9.6354938632389,-3.95));
#2864=CARTESIAN_POINT('Origin',(13.673124948005,9.65154550588997,-3.95));
#2865=CARTESIAN_POINT('',(10.3948706621854,10.7725374873536,-3.95));
#2866=CARTESIAN_POINT('Origin',(0.,0.,-3.95));
#2867=CARTESIAN_POINT('',(8.43232109670319,12.3691899864985,-3.95));
#2868=CARTESIAN_POINT('Origin',(10.5621325703363,12.9826049798437,-3.95));
#2869=CARTESIAN_POINT('',(7.10300482910676,13.1775651164275,-3.95));
#2870=CARTESIAN_POINT('Origin',(0.,0.,-3.95));
#2871=CARTESIAN_POINT('',(4.78246023629796,14.1855198737385,-3.95));
#2872=CARTESIAN_POINT('Origin',(6.66779513846713,15.3508040339083,-3.95));
#2873=CARTESIAN_POINT('Origin',(0.,0.,-3.95));
#2874=CARTESIAN_POINT('',(-1.26500000000002,-14.9164565162105,-3.95));
#2875=CARTESIAN_POINT('Origin',(0.,0.,-3.95));
#2876=CARTESIAN_POINT('Origin',(-1.78585511250363E-14,-16.736387797133,
-3.95));
#2877=CARTESIAN_POINT('Origin',(0.,0.,-10.));
#2878=CARTESIAN_POINT('',(4.78246023629796,14.1855198737385,-10.));
#2879=CARTESIAN_POINT('Origin',(6.66779513846713,15.3508040339083,-10.));
#2880=CARTESIAN_POINT('',(7.10300482910676,13.1775651164275,-10.));
#2881=CARTESIAN_POINT('Origin',(0.,0.,-10.));
#2882=CARTESIAN_POINT('',(8.43232109670319,12.3691899864985,-10.));
#2883=CARTESIAN_POINT('Origin',(10.5621325703363,12.9826049798437,-10.));
#2884=CARTESIAN_POINT('',(10.3948706621854,10.7725374873536,-10.));
#2885=CARTESIAN_POINT('Origin',(0.,0.,-10.));
#2886=CARTESIAN_POINT('',(11.4567952766681,9.6354938632389,-10.));
#2887=CARTESIAN_POINT('Origin',(13.673124948005,9.65154550588997,-10.));
#2888=CARTESIAN_POINT('',(12.9157964916188,7.56856003392248,-10.));
#2889=CARTESIAN_POINT('Origin',(0.,0.,-10.));
#2890=CARTESIAN_POINT('',(13.6315713623135,6.18717723959426,-10.));
#2891=CARTESIAN_POINT('Origin',(15.7700441986647,5.60467505464711,-10.));
#2892=CARTESIAN_POINT('',(14.4788167811061,3.80325710663365,-10.));
#2893=CARTESIAN_POINT('Origin',(0.,0.,-10.));
#2894=CARTESIAN_POINT('',(14.7953561603057,2.2799859845414,-10.));
#2895=CARTESIAN_POINT('Origin',(16.6973714142612,1.14213149428338,-10.));
#2896=CARTESIAN_POINT('',(14.9680094661183,-0.244116001510662,-10.));
#2897=CARTESIAN_POINT('Origin',(0.,0.,-10.));
#2898=CARTESIAN_POINT('',(14.8618370761386,-1.79630140074305,-10.));
#2899=CARTESIAN_POINT('Origin',(16.3863309774535,-3.40511873410744,-10.));
#2900=CARTESIAN_POINT('',(14.3470933631155,-4.27338414257933,-10.));
#2901=CARTESIAN_POINT('Origin',(0.,0.,-10.));
#2902=CARTESIAN_POINT('',(13.826083524415,-5.7393653286665,-10.));
#2903=CARTESIAN_POINT('Origin',(14.8599913345243,-7.69982688337119,-10.));
#2904=CARTESIAN_POINT('',(12.6621189789552,-7.98571493122451,-10.));
#2905=CARTESIAN_POINT('Origin',(0.,0.,-10.));
#2906=CARTESIAN_POINT('',(11.764912607809,-9.25676678601206,-10.));
#2907=CARTESIAN_POINT('Origin',(12.2315541142503,-11.4234740970595,-10.));
#2908=CARTESIAN_POINT('',(10.0380531554658,-11.1057817756357,-10.));
#2909=CARTESIAN_POINT('Origin',(0.,0.,-10.));
#2910=CARTESIAN_POINT('',(8.83119194397575,-12.0876361977294,-10.));
#2911=CARTESIAN_POINT('Origin',(8.69595848095917,-14.2998944958855,-10.));
#2912=CARTESIAN_POINT('',(6.66951085047313,-13.402183591319,-10.));
#2913=CARTESIAN_POINT('Origin',(0.,0.,-10.));
#2914=CARTESIAN_POINT('',(5.24250217367271,-14.0220209299172,-10.));
#2915=CARTESIAN_POINT('Origin',(4.51542338849829,-16.1157571376161,-10.));
#2916=CARTESIAN_POINT('',(2.80632143668278,-14.7046067609445,-10.));
#2917=CARTESIAN_POINT('Origin',(0.,0.,-10.));
#2918=CARTESIAN_POINT('',(1.26499999999998,-14.9164565162105,-10.));
#2919=CARTESIAN_POINT('Origin',(0.,0.,-7.6));
#2920=CARTESIAN_POINT('',(11.4,-1.39609735102798E-15,-7.6));
#2921=CARTESIAN_POINT('Origin',(0.,0.,-7.6));
#2922=CARTESIAN_POINT('',(-8.32216906946265,-1.01917177128805E-15,-7.6));
#2923=CARTESIAN_POINT('Origin',(0.,0.,-7.6));
#2924=CARTESIAN_POINT('Origin',(0.,0.,-10.));
#2925=CARTESIAN_POINT('',(11.4,-1.39609735102798E-15,-3.1));
#2926=CARTESIAN_POINT('Origin',(0.,0.,-3.1));
#2927=CARTESIAN_POINT('',(11.4,1.39609735102798E-15,-10.));
#2928=CARTESIAN_POINT('Origin',(-1.78585511250363E-14,-16.736387797133,
-10.));
#2929=CARTESIAN_POINT('',(-1.26500000000002,-14.9164565162105,-10.));
#2930=CARTESIAN_POINT('Origin',(0.,0.,-10.));
#2931=CARTESIAN_POINT('Origin',(0.,0.0267717418947289,-10.));
#2932=CARTESIAN_POINT('',(-5.655,6.92537764917828E-16,-10.));
#2933=CARTESIAN_POINT('Origin',(0.,0.,-10.));
#2934=CARTESIAN_POINT('Origin',(0.,0.0267717418947289,-3.1));
#2935=CARTESIAN_POINT('Origin',(0.,0.,0.));
#2936=CARTESIAN_POINT('',(-5.655,-6.92537764917828E-16,0.));
#2937=CARTESIAN_POINT('Origin',(0.,0.,0.));
#2938=CARTESIAN_POINT('',(-5.655,6.92537764917828E-16,0.));
#2939=CARTESIAN_POINT('Origin',(0.,0.,0.));
#2940=CARTESIAN_POINT('',(-7.605,0.,0.));
#2941=CARTESIAN_POINT('Origin',(0.,0.,0.));
#2942=CARTESIAN_POINT('Origin',(0.,0.,-7.63));
#2943=CARTESIAN_POINT('',(-8.325,-1.01951846029017E-15,-7.63));
#2944=CARTESIAN_POINT('Origin',(0.,0.,10.9));
#2945=CARTESIAN_POINT('',(2.94380727803809,0.00238687666205294,10.5778238829104));
#2946=CARTESIAN_POINT('',(2.94411158745589,0.00303743879869298,10.7221761170896));
#2947=CARTESIAN_POINT('',(2.942,-3.60291088309151E-16,10.9));
#2948=CARTESIAN_POINT('',(-1.28892185405323,2.64462557919718,10.9));
#2949=CARTESIAN_POINT('Ctrl Pts',(2.94380727803809,0.00238687666205294,
10.5778238829104));
#2950=CARTESIAN_POINT('Ctrl Pts',(2.9451450710278,0.161916084064397,10.5864704377937));
#2951=CARTESIAN_POINT('Ctrl Pts',(2.9332603360614,0.32123740916866,10.595116992677));
#2952=CARTESIAN_POINT('Ctrl Pts',(2.90744102345768,0.478255468062639,10.6037635475603));
#2953=CARTESIAN_POINT('Ctrl Pts',(2.75179891009932,1.42478037741158,10.6558860845141));
#2954=CARTESIAN_POINT('Ctrl Pts',(2.08979760671044,2.28760845410297,10.7080086214679));
#2955=CARTESIAN_POINT('Ctrl Pts',(1.21584721049941,2.68372341606461,10.7601311584216));
#2956=CARTESIAN_POINT('Ctrl Pts',(0.434109682876278,3.03804321769286,10.8067541056144));
#2957=CARTESIAN_POINT('Ctrl Pts',(-0.517209908725449,3.01894234444157,10.8533770528072));
#2958=CARTESIAN_POINT('Ctrl Pts',(-1.29195173894711,2.64750664285505,10.9));
#2959=CARTESIAN_POINT('',(1.28892185405325,2.64462557919716,10.9));
#2960=CARTESIAN_POINT('Origin',(0.,0.,10.9));
#2961=CARTESIAN_POINT('Ctrl Pts',(1.28892185405324,2.64462557919717,10.9));
#2962=CARTESIAN_POINT('Ctrl Pts',(2.15502498476754,2.22250939692063,10.8478774630462));
#2963=CARTESIAN_POINT('Ctrl Pts',(2.79091967765527,1.34586855333805,10.7957549260925));
#2964=CARTESIAN_POINT('Ctrl Pts',(2.91943558178462,0.39668253606676,10.7436323891387));
#2965=CARTESIAN_POINT('Ctrl Pts',(2.93707013018281,0.266438214370972,10.7364802984557));
#2966=CARTESIAN_POINT('Ctrl Pts',(2.94515151443077,0.134827978356516,10.7293282077726));
#2967=CARTESIAN_POINT('Ctrl Pts',(2.94411158745589,0.00303743879869298,
10.7221761170896));
#2968=CARTESIAN_POINT('Origin',(0.,0.,10.9));
#2969=CARTESIAN_POINT('',(2.93777996076221,-0.000887520474771586,9.5778238829104));
#2970=CARTESIAN_POINT('',(2.93757661393777,-0.000466318084043486,9.7221761170896));
#2971=CARTESIAN_POINT('',(2.942,-3.60291088309151E-16,10.9));
#2972=CARTESIAN_POINT('Ctrl Pts',(2.93777996076221,-0.000887520474771586,
9.5778238829104));
#2973=CARTESIAN_POINT('Ctrl Pts',(2.93626449605127,0.541533826465391,9.60706854940453));
#2974=CARTESIAN_POINT('Ctrl Pts',(2.79197973087764,1.08470441094993,9.63631321589865));
#2975=CARTESIAN_POINT('Ctrl Pts',(2.51005522113234,1.54324781404042,9.66555788239278));
#2976=CARTESIAN_POINT('Ctrl Pts',(2.00758340527763,2.36050608153635,9.71768041934653));
#2977=CARTESIAN_POINT('Ctrl Pts',(1.06788999490528,2.90894060699624,9.76980295630028));
#2978=CARTESIAN_POINT('Ctrl Pts',(0.109176211957553,2.94449230123451,9.82192549325404));
#2979=CARTESIAN_POINT('Ctrl Pts',(-0.849537570990172,2.98004399547279,9.87404803020779));
#2980=CARTESIAN_POINT('Ctrl Pts',(-1.82727172651328,2.50271285848945,9.92617056716154));
#2981=CARTESIAN_POINT('Ctrl Pts',(-2.38888341594347,1.72489645093707,9.9782931041153));
#2982=CARTESIAN_POINT('Ctrl Pts',(-2.95049510537367,0.947080043384685,10.0304156410691));
#2983=CARTESIAN_POINT('Ctrl Pts',(-3.09598432871094,-0.131221634736746,
10.0825381780228));
#2984=CARTESIAN_POINT('Ctrl Pts',(-2.76061696741811,-1.03004696242343,10.1346607149766));
#2985=CARTESIAN_POINT('Ctrl Pts',(-2.42524960612527,-1.92887229011011,10.1867832519303));
#2986=CARTESIAN_POINT('Ctrl Pts',(-1.60902566020232,-2.64822126736205,10.2389057888841));
#2987=CARTESIAN_POINT('Ctrl Pts',(-0.675171904282328,-2.86808620276889,
10.2910283258378));
#2988=CARTESIAN_POINT('Ctrl Pts',(0.258681851637656,-3.08795113817573,10.3431508627916));
#2989=CARTESIAN_POINT('Ctrl Pts',(1.31016541755468,-2.80833203173749,10.3952733997453));
#2990=CARTESIAN_POINT('Ctrl Pts',(2.01126573884928,-2.15341160751514,10.4473959366991));
#2991=CARTESIAN_POINT('Ctrl Pts',(2.59606123767984,-1.60713526938678,10.4908719187695));
#2992=CARTESIAN_POINT('Ctrl Pts',(2.93708068405709,-0.799746349152713,10.53434790084));
#2993=CARTESIAN_POINT('Ctrl Pts',(2.94380727803809,0.00238687666205294,
10.5778238829104));
#2994=CARTESIAN_POINT('Ctrl Pts',(2.94411158745589,0.00303743879869298,
10.7221761170896));
#2995=CARTESIAN_POINT('Ctrl Pts',(2.9375728028932,-0.825626463942375,10.6772056708189));
#2996=CARTESIAN_POINT('Ctrl Pts',(2.57041747651011,-1.66141877604237,10.6322352245482));
#2997=CARTESIAN_POINT('Ctrl Pts',(1.94999965579161,-2.20960926087365,10.5872647782775));
#2998=CARTESIAN_POINT('Ctrl Pts',(1.23091071029826,-2.84498384958275,10.5351422413237));
#2999=CARTESIAN_POINT('Ctrl Pts',(0.171595703940588,-3.09400183604094,10.48301970437));
#3000=CARTESIAN_POINT('Ctrl Pts',(-0.755784922166434,-2.84770729336543,
10.4308971674162));
#3001=CARTESIAN_POINT('Ctrl Pts',(-1.68316554827345,-2.60141275068992,10.3787746304625));
#3002=CARTESIAN_POINT('Ctrl Pts',(-2.47861179412982,-1.85980567888071,10.3266520935087));
#3003=CARTESIAN_POINT('Ctrl Pts',(-2.78848305082685,-0.951999061948585,
10.274529556555));
#3004=CARTESIAN_POINT('Ctrl Pts',(-3.09835430752387,-0.0441924450164552,
10.2224070196012));
#3005=CARTESIAN_POINT('Ctrl Pts',(-2.92265057506155,1.0298137170386,10.1702844826475));
#3006=CARTESIAN_POINT('Ctrl Pts',(-2.33937762636506,1.79155851102392,10.1181619456937));
#3007=CARTESIAN_POINT('Ctrl Pts',(-1.75610467766857,2.55330330500925,10.0660394087399));
#3008=CARTESIAN_POINT('Ctrl Pts',(-0.76526251273792,3.00278673092485,10.0139168717862));
#3009=CARTESIAN_POINT('Ctrl Pts',(0.192081799012017,2.94021702050321,9.96179433483243));
#3010=CARTESIAN_POINT('Ctrl Pts',(1.14942611076195,2.87764731008157,9.90967179787867));
#3011=CARTESIAN_POINT('Ctrl Pts',(2.07327256933117,2.30302446332271,9.85754926092493));
#3012=CARTESIAN_POINT('Ctrl Pts',(2.55251941545899,1.47195270288312,9.80542672397118));
#3013=CARTESIAN_POINT('Ctrl Pts',(2.80767194075801,1.02948748877861,9.77767652167732));
#3014=CARTESIAN_POINT('Ctrl Pts',(2.93680132651317,0.514331034442948,9.74992631938346));
#3015=CARTESIAN_POINT('Ctrl Pts',(2.93757661393777,-0.000466318084043486,
9.7221761170896));
#3016=CARTESIAN_POINT('Origin',(0.,0.,10.9));
#3017=CARTESIAN_POINT('',(2.94628332244391,-0.000722186619426801,8.5778238829104));
#3018=CARTESIAN_POINT('',(2.9459031242262,-0.00116124081057354,8.7221761170896));
#3019=CARTESIAN_POINT('',(2.942,-3.60291088309151E-16,10.9));
#3020=CARTESIAN_POINT('Ctrl Pts',(2.94628332244391,-0.000722186619426801,
8.5778238829104));
#3021=CARTESIAN_POINT('Ctrl Pts',(2.94318428114052,0.916887086868004,8.62766666101534));
#3022=CARTESIAN_POINT('Ctrl Pts',(2.47957741621058,1.83720517527169,8.67750943912027));
#3023=CARTESIAN_POINT('Ctrl Pts',(1.73897840830224,2.3786424318743,8.72735221722521));
#3024=CARTESIAN_POINT('Ctrl Pts',(0.964505142058014,2.9448444873856,8.77947475417897));
#3025=CARTESIAN_POINT('Ctrl Pts',(-0.112878437773141,3.09671381006593,8.83159729113272));
#3026=CARTESIAN_POINT('Ctrl Pts',(-1.01368894299666,2.76666218003863,8.88371982808648));
#3027=CARTESIAN_POINT('Ctrl Pts',(-1.91449944822016,2.43661055001132,8.93584236504023));
#3028=CARTESIAN_POINT('Ctrl Pts',(-2.63873687883603,1.62463796727639,8.98796490199398));
#3029=CARTESIAN_POINT('Ctrl Pts',(-2.86408330395598,0.692107550375467,9.04008743894773));
#3030=CARTESIAN_POINT('Ctrl Pts',(-3.08942972907592,-0.240422866525461,
9.09220997590149));
#3031=CARTESIAN_POINT('Ctrl Pts',(-2.81588514869993,-1.29351111759238,9.14433251285524));
#3032=CARTESIAN_POINT('Ctrl Pts',(-2.16518932320977,-1.99848489410822,9.19645504980899));
#3033=CARTESIAN_POINT('Ctrl Pts',(-1.51449349771963,-2.70345867062406,9.24857758676275));
#3034=CARTESIAN_POINT('Ctrl Pts',(-0.486646427115331,-3.06031797258883,
9.3007001237165));
#3035=CARTESIAN_POINT('Ctrl Pts',(0.460914914215527,-2.91024715656553,9.35282266067026));
#3036=CARTESIAN_POINT('Ctrl Pts',(1.40847625554638,-2.76017634054222,9.40494519762401));
#3037=CARTESIAN_POINT('Ctrl Pts',(2.2757518676038,-2.10317540653083,9.45706773457776));
#3038=CARTESIAN_POINT('Ctrl Pts',(2.67676456296397,-1.23163393475916,9.50919027153152));
#3039=CARTESIAN_POINT('Ctrl Pts',(2.85277895200373,-0.849092829573149,9.53206814199114));
#3040=CARTESIAN_POINT('Ctrl Pts',(2.93896549677611,-0.425219434546293,9.55494601245078));
#3041=CARTESIAN_POINT('Ctrl Pts',(2.93777996076221,-0.000887520474771586,
9.5778238829104));
#3042=CARTESIAN_POINT('Ctrl Pts',(2.93757661393777,-0.000466318084043486,
9.7221761170896));
#3043=CARTESIAN_POINT('Ctrl Pts',(2.93825753021974,-0.452600440385239,9.6978037824297));
#3044=CARTESIAN_POINT('Ctrl Pts',(2.83993012473299,-0.904457562825244,9.67343144776981));
#3045=CARTESIAN_POINT('Ctrl Pts',(2.64101523239258,-1.30654794313524,9.64905911310992));
#3046=CARTESIAN_POINT('Ctrl Pts',(2.2156169695119,-2.16645615459372,9.59693657615616));
#3047=CARTESIAN_POINT('Ctrl Pts',(1.3301732100641,-2.79875190339039,9.54481403920241));
#3048=CARTESIAN_POINT('Ctrl Pts',(0.378759318969995,-2.92206991610701,9.49269150224865));
#3049=CARTESIAN_POINT('Ctrl Pts',(-0.572654572124111,-3.04538792882364,
9.4405689652949));
#3050=CARTESIAN_POINT('Ctrl Pts',(-1.59003859486452,-2.65972820546022,9.38844642834115));
#3051=CARTESIAN_POINT('Ctrl Pts',(-2.22061878587694,-1.93670864049453,9.33632389138739));
#3052=CARTESIAN_POINT('Ctrl Pts',(-2.85119897688936,-1.21368907552885,9.28420135443364));
#3053=CARTESIAN_POINT('Ctrl Pts',(-3.09497533617378,-0.153309668960909,
9.23207881747989));
#3054=CARTESIAN_POINT('Ctrl Pts',(-2.8434529253043,0.772504512231046,9.17995628052613));
#3055=CARTESIAN_POINT('Ctrl Pts',(-2.59193051443482,1.698318693423,9.12783374357238));
#3056=CARTESIAN_POINT('Ctrl Pts',(-1.84510933341144,2.48956764923897,9.07571120661863));
#3057=CARTESIAN_POINT('Ctrl Pts',(-0.935359817137481,2.79411526392072,9.02358866966487));
#3058=CARTESIAN_POINT('Ctrl Pts',(-0.0256103008635235,3.09866287860246,
8.97146613271112));
#3059=CARTESIAN_POINT('Ctrl Pts',(1.04706755066101,2.91650915214999,8.91934359575737));
#3060=CARTESIAN_POINT('Ctrl Pts',(1.80528549758413,2.32871810702663,8.86722105880361));
#3061=CARTESIAN_POINT('Ctrl Pts',(2.50860044440878,1.78348935146559,8.81887274489894));
#3062=CARTESIAN_POINT('Ctrl Pts',(2.94134712873074,0.88924126812047,8.77052443099427));
#3063=CARTESIAN_POINT('Ctrl Pts',(2.9459031242262,-0.00116124081057354,
8.7221761170896));
#3064=CARTESIAN_POINT('Origin',(0.,0.,10.9));
#3065=CARTESIAN_POINT('',(2.93907240317043,0.00193590183705045,7.57782388291041));
#3066=CARTESIAN_POINT('',(2.93968831715708,0.00217642306502258,7.7221761170896));
#3067=CARTESIAN_POINT('',(2.942,-3.60291088309151E-16,10.9));
#3068=CARTESIAN_POINT('Ctrl Pts',(2.93907240317043,0.00193590183705045,
7.57782388291041));
#3069=CARTESIAN_POINT('Ctrl Pts',(2.94119862768293,0.341322026528494,7.5961422356724));
#3070=CARTESIAN_POINT('Ctrl Pts',(2.88672915226411,0.680047216459495,7.61446058843439));
#3071=CARTESIAN_POINT('Ctrl Pts',(2.77260689538463,0.997315236515489,7.63277894119638));
#3072=CARTESIAN_POINT('Ctrl Pts',(2.44788656552026,1.90006093174648,7.68490147815014));
#3073=CARTESIAN_POINT('Ctrl Pts',(1.64020869181214,2.62908627719791,7.73702401510389));
#3074=CARTESIAN_POINT('Ctrl Pts',(0.709026796307164,2.85994178881398,7.78914655205765));
#3075=CARTESIAN_POINT('Ctrl Pts',(-0.222155099197809,3.09079730043005,7.8412690890114));
#3076=CARTESIAN_POINT('Ctrl Pts',(-1.27684101649963,2.82348297821077,7.89339162596515));
#3077=CARTESIAN_POINT('Ctrl Pts',(-1.98564948934172,2.17696600733376,7.94551416291891));
#3078=CARTESIAN_POINT('Ctrl Pts',(-2.69445796218381,1.53044903645675,7.99763669987266));
#3079=CARTESIAN_POINT('Ctrl Pts',(-3.05738899056617,0.504729416922013,8.04975923682641));
#3080=CARTESIAN_POINT('Ctrl Pts',(-2.91292188800313,-0.44370237507425,8.10188177378017));
#3081=CARTESIAN_POINT('Ctrl Pts',(-2.76845478544009,-1.39213416707052,8.15400431073392));
#3082=CARTESIAN_POINT('Ctrl Pts',(-2.11658955193165,-2.26327813152831,8.20612684768768));
#3083=CARTESIAN_POINT('Ctrl Pts',(-1.24743527710184,-2.6694364230513,8.25824938464143));
#3084=CARTESIAN_POINT('Ctrl Pts',(-0.378281002272032,-3.07559471457429,
8.31037192159519));
#3085=CARTESIAN_POINT('Ctrl Pts',(0.708162313879132,-3.01676733316248,8.36249445854894));
#3086=CARTESIAN_POINT('Ctrl Pts',(1.52837929692651,-2.51913518388504,8.41461699550269));
#3087=CARTESIAN_POINT('Ctrl Pts',(2.34859627997388,-2.02150303460761,8.46673953245644));
#3088=CARTESIAN_POINT('Ctrl Pts',(2.90258692991746,-1.08506611746455,8.5188620694102));
#3089=CARTESIAN_POINT('Ctrl Pts',(2.9438007785606,-0.12658026472189,8.57098460636395));
#3090=CARTESIAN_POINT('Ctrl Pts',(2.94560340831789,-0.0846575815225859,
8.57326436521277));
#3091=CARTESIAN_POINT('Ctrl Pts',(2.9464250694954,-0.0426927175674718,8.57554412406159));
#3092=CARTESIAN_POINT('Ctrl Pts',(2.94628332244391,-0.000722186619426801,
8.5778238829104));
#3093=CARTESIAN_POINT('Ctrl Pts',(2.9459031242262,-0.00116124081057354,
8.7221761170896));
#3094=CARTESIAN_POINT('Ctrl Pts',(2.94625877971492,-0.0706688906283949,
8.71840189404051));
#3095=CARTESIAN_POINT('Ctrl Pts',(2.94400510117524,-0.140153106054859,8.71462767099143));
#3096=CARTESIAN_POINT('Ctrl Pts',(2.93906710666302,-0.209446027115976,8.71085344794235));
#3097=CARTESIAN_POINT('Ctrl Pts',(2.87087272649707,-1.16639075234097,8.6587309109886));
#3098=CARTESIAN_POINT('Ctrl Pts',(2.29072592384343,-2.0868518389967,8.60660837403485));
#3099=CARTESIAN_POINT('Ctrl Pts',(1.45681802303075,-2.56118394367519,8.5544858370811));
#3100=CARTESIAN_POINT('Ctrl Pts',(0.622910122218068,-3.03551604835369,8.50236330012734));
#3101=CARTESIAN_POINT('Ctrl Pts',(-0.464758876753665,-3.06371917105495,
8.45024076317359));
#3102=CARTESIAN_POINT('Ctrl Pts',(-1.32212817774484,-2.63324132333827,8.39811822621983));
#3103=CARTESIAN_POINT('Ctrl Pts',(-2.17949747873601,-2.20276347562159,8.34599568926608));
#3104=CARTESIAN_POINT('Ctrl Pts',(-2.80656708174662,-1.31360465748696,8.29387315231233));
#3105=CARTESIAN_POINT('Ctrl Pts',(-2.92426310994079,-0.361480167285428,
8.24175061535857));
#3106=CARTESIAN_POINT('Ctrl Pts',(-3.04195913813495,0.590644322916105,8.18962807840482));
#3107=CARTESIAN_POINT('Ctrl Pts',(-2.65028159151268,1.60573448518454,8.13750554145106));
#3108=CARTESIAN_POINT('Ctrl Pts',(-1.92354442954569,2.23203029447724,8.08538300449731));
#3109=CARTESIAN_POINT('Ctrl Pts',(-1.19680726757871,2.85832610376994,8.03326046754355));
#3110=CARTESIAN_POINT('Ctrl Pts',(-0.135010490267013,3.0958275600869,7.9811379305898));
#3111=CARTESIAN_POINT('Ctrl Pts',(0.789299349077638,2.83883588554303,7.92901539363605));
#3112=CARTESIAN_POINT('Ctrl Pts',(1.7136091884223,2.58184421099915,7.8768928566823));
#3113=CARTESIAN_POINT('Ctrl Pts',(2.50043208979991,1.83035940559443,7.82477031972854));
#3114=CARTESIAN_POINT('Ctrl Pts',(2.79959679222364,0.918825656092749,7.77264778277479));
#3115=CARTESIAN_POINT('Ctrl Pts',(2.89615988967314,0.624604708338822,7.75582389421306));
#3116=CARTESIAN_POINT('Ctrl Pts',(2.94191672967721,0.313709196566282,7.73900000565133));
#3117=CARTESIAN_POINT('Ctrl Pts',(2.93968831715708,0.00217642306502258,
7.7221761170896));
#3118=CARTESIAN_POINT('Origin',(0.,0.,10.9));
#3119=CARTESIAN_POINT('',(2.94141032369238,-0.00244590292071523,6.5778238829104));
#3120=CARTESIAN_POINT('',(2.94067899090055,-0.00240129120812295,6.7221761170896));
#3121=CARTESIAN_POINT('',(2.942,-3.60291088309151E-16,10.9));
#3122=CARTESIAN_POINT('Ctrl Pts',(2.94141032369238,-0.00244590292071523,
6.5778238829104));
#3123=CARTESIAN_POINT('Ctrl Pts',(2.93525731630748,0.717079989345438,6.61674034728321));
#3124=CARTESIAN_POINT('Ctrl Pts',(2.6682461784981,1.44067604046501,6.65565681165602));
#3125=CARTESIAN_POINT('Ctrl Pts',(2.18868235958826,1.97273219531229,6.69457327602883));
#3126=CARTESIAN_POINT('Ctrl Pts',(1.54638138811876,2.6853384672191,6.74669581298258));
#3127=CARTESIAN_POINT('Ctrl Pts',(0.522794358631081,3.05435231006428,6.79881834993633));
#3128=CARTESIAN_POINT('Ctrl Pts',(-0.426482362700418,2.91550073499057,6.85094088689009));
#3129=CARTESIAN_POINT('Ctrl Pts',(-1.37575908403192,2.77664915991685,6.90306342384384));
#3130=CARTESIAN_POINT('Ctrl Pts',(-2.25072549720724,2.12993216692423,6.95518596079759));
#3131=CARTESIAN_POINT('Ctrl Pts',(-2.66201105022331,1.2631910092206,7.00730849775134));
#3132=CARTESIAN_POINT('Ctrl Pts',(-3.07329660323937,0.396449851516971,7.0594310347051));
#3133=CARTESIAN_POINT('Ctrl Pts',(-3.02090129609618,-0.690315470897653,
7.11155357165886));
#3134=CARTESIAN_POINT('Ctrl Pts',(-2.52812872645641,-1.51345834800307,7.16367610861261));
#3135=CARTESIAN_POINT('Ctrl Pts',(-2.03535615681663,-2.3366012251085,7.21579864556636));
#3136=CARTESIAN_POINT('Ctrl Pts',(-1.10220632468027,-2.89612165690471,7.26792118252011));
#3137=CARTESIAN_POINT('Ctrl Pts',(-0.143979860306399,-2.94300194947543,
7.32004371947386));
#3138=CARTESIAN_POINT('Ctrl Pts',(0.814246604067473,-2.98988224204615,7.37216625642762));
#3139=CARTESIAN_POINT('Ctrl Pts',(1.79754970067886,-2.52412239539138,7.42428879338137));
#3140=CARTESIAN_POINT('Ctrl Pts',(2.36831985597424,-1.75300944955872,7.47641133033513));
#3141=CARTESIAN_POINT('Ctrl Pts',(2.73849407596441,-1.25290247900382,7.51021551452689));
#3142=CARTESIAN_POINT('Ctrl Pts',(2.93514872695416,-0.624357915093913,7.54401969871865));
#3143=CARTESIAN_POINT('Ctrl Pts',(2.93907240317043,0.00193590183705045,
7.57782388291041));
#3144=CARTESIAN_POINT('Ctrl Pts',(2.93968831715708,0.00217642306502258,
7.7221761170896));
#3145=CARTESIAN_POINT('Ctrl Pts',(2.93501282553505,-0.651458781071267,7.68687746869757));
#3146=CARTESIAN_POINT('Ctrl Pts',(2.71909975985996,-1.30789929755938,7.65157882030555));
#3147=CARTESIAN_POINT('Ctrl Pts',(2.31800459085629,-1.8190207976645,7.61628017191353));
#3148=CARTESIAN_POINT('Ctrl Pts',(1.72574118359535,-2.57375080832142,7.56415763495977));
#3149=CARTESIAN_POINT('Ctrl Pts',(0.729707865603606,-3.01162813603663,7.51203509800602));
#3150=CARTESIAN_POINT('Ctrl Pts',(-0.226816978357286,-2.9377775875774,7.45991256105227));
#3151=CARTESIAN_POINT('Ctrl Pts',(-1.18334182231819,-2.86392703911818,7.40779002409852));
#3152=CARTESIAN_POINT('Ctrl Pts',(-2.10035819224825,-2.2783486144845,7.35566748714476));
#3153=CARTESIAN_POINT('Ctrl Pts',(-2.56975194610919,-1.44165137437916,7.30354495019101));
#3154=CARTESIAN_POINT('Ctrl Pts',(-3.03914569997012,-0.604954134273837,
7.25142241323725));
#3155=CARTESIAN_POINT('Ctrl Pts',(-3.06091683776196,0.482861921303133,7.1992998762835));
#3156=CARTESIAN_POINT('Ctrl Pts',(-2.6253785306228,1.33767173347389,7.14717733932974));
#3157=CARTESIAN_POINT('Ctrl Pts',(-2.18984022348365,2.19248154564464,7.09505480237599));
#3158=CARTESIAN_POINT('Ctrl Pts',(-1.29699247141351,2.81428511440917,7.04293226542224));
#3159=CARTESIAN_POINT('Ctrl Pts',(-0.344187691347862,2.92634970448912,6.99080972846849));
#3160=CARTESIAN_POINT('Ctrl Pts',(0.608617088717786,3.03841429456906,6.93868719151473));
#3161=CARTESIAN_POINT('Ctrl Pts',(1.62137889677893,2.64073990596441,6.88656465456098));
#3162=CARTESIAN_POINT('Ctrl Pts',(2.24336524841647,1.91031424445118,6.83444211760723));
#3163=CARTESIAN_POINT('Ctrl Pts',(2.68992780501172,1.38589638552328,6.79702011743468));
#3164=CARTESIAN_POINT('Ctrl Pts',(2.93505756605775,0.689955422923595,6.75959811726214));
#3165=CARTESIAN_POINT('Ctrl Pts',(2.94067899090055,-0.00240129120812295,
6.7221761170896));
#3166=CARTESIAN_POINT('Origin',(0.,0.,10.9));
#3167=CARTESIAN_POINT('',(2.942,-3.60291088309151E-16,5.6));
#3168=CARTESIAN_POINT('',(2.94498846605703,0.00178505621187806,5.7221761170896));
#3169=CARTESIAN_POINT('',(2.942,-3.60291088309151E-16,10.9));
#3170=CARTESIAN_POINT('',(2.91348714758003,0.408603280561925,5.6));
#3171=CARTESIAN_POINT('Origin',(0.,0.,5.6));
#3172=CARTESIAN_POINT('Ctrl Pts',(2.91348714758004,0.408603280561904,5.6));
#3173=CARTESIAN_POINT('Ctrl Pts',(2.77967138806438,1.3627573807355,5.65212253695375));
#3174=CARTESIAN_POINT('Ctrl Pts',(2.14243410130422,2.23842589907877,5.70424507390751));
#3175=CARTESIAN_POINT('Ctrl Pts',(1.2794182263655,2.65396648290428,5.75636761086126));
#3176=CARTESIAN_POINT('Ctrl Pts',(0.416402351426793,3.06950706672978,5.80849014781502));
#3177=CARTESIAN_POINT('Ctrl Pts',(-0.672392111690475,3.02491971603752,5.86061268476877));
#3178=CARTESIAN_POINT('Ctrl Pts',(-1.49887905066369,2.53736713767616,5.91273522172252));
#3179=CARTESIAN_POINT('Ctrl Pts',(-2.32536598963692,2.04981455931479,5.96485775867627));
#3180=CARTESIAN_POINT('Ctrl Pts',(-2.88954540446609,1.11929675328431,6.01698029563003));
#3181=CARTESIAN_POINT('Ctrl Pts',(-2.94188233756099,0.161195921658798,6.06910283258378));
#3182=CARTESIAN_POINT('Ctrl Pts',(-2.99421927065588,-0.796904909966716,
6.12122536953754));
#3183=CARTESIAN_POINT('Ctrl Pts',(-2.53471372201649,-1.78258876718726,6.17334790649129));
#3184=CARTESIAN_POINT('Ctrl Pts',(-1.76709333923887,-2.35782160649064,6.22547044344504));
#3185=CARTESIAN_POINT('Ctrl Pts',(-0.999472956461262,-2.93305444579401,
6.2775929803988));
#3186=CARTESIAN_POINT('Ctrl Pts',(0.0762622604545715,-3.09783626718021,
6.32971551735255));
#3187=CARTESIAN_POINT('Ctrl Pts',(0.980965815677486,-2.77850274286748,6.3818380543063));
#3188=CARTESIAN_POINT('Ctrl Pts',(1.88566937090041,-2.45916921855474,6.43396059126006));
#3189=CARTESIAN_POINT('Ctrl Pts',(2.61934126443041,-1.65572034854307,6.48608312821381));
#3190=CARTESIAN_POINT('Ctrl Pts',(2.85566975446975,-0.725896563053018,6.53820566516756));
#3191=CARTESIAN_POINT('Ctrl Pts',(2.91554733094256,-0.490310938938669,6.55141173774851));
#3192=CARTESIAN_POINT('Ctrl Pts',(2.94349831044621,-0.246612769317188,6.56461781032946));
#3193=CARTESIAN_POINT('Ctrl Pts',(2.94141032369238,-0.00244590292071523,
6.5778238829104));
#3194=CARTESIAN_POINT('Ctrl Pts',(2.94067899090055,-0.00240129120812295,
6.7221761170896));
#3195=CARTESIAN_POINT('Ctrl Pts',(2.94288726310095,-0.274380749678658,6.70747558030838));
#3196=CARTESIAN_POINT('Ctrl Pts',(2.90813544470882,-0.545807099434138,6.69277504352717));
#3197=CARTESIAN_POINT('Ctrl Pts',(2.83411538232444,-0.806065267826518,6.67807450674596));
#3198=CARTESIAN_POINT('Ctrl Pts',(2.57166826938094,-1.72884218416916,6.62595196979221));
#3199=CARTESIAN_POINT('Ctrl Pts',(1.81556314828002,-2.51121908243261,6.57382943283846));
#3200=CARTESIAN_POINT('Ctrl Pts',(0.902268342302051,-2.80498499531104,6.52170689588471));
#3201=CARTESIAN_POINT('Ctrl Pts',(-0.0110264636759083,-3.09875090818947,
6.46958435893095));
#3202=CARTESIAN_POINT('Ctrl Pts',(-1.08151095453091,-2.90390583568288,6.41746182197719));
#3203=CARTESIAN_POINT('Ctrl Pts',(-1.83271022686523,-2.30720032727192,6.36533928502344));
#3204=CARTESIAN_POINT('Ctrl Pts',(-2.58390949919957,-1.71049481886095,6.31321674806969));
#3205=CARTESIAN_POINT('Ctrl Pts',(-3.01582355301323,-0.711928874545592,
6.26109421111594));
#3206=CARTESIAN_POINT('Ctrl Pts',(-2.93635098616784,0.244160666774272,6.20897167416218));
#3207=CARTESIAN_POINT('Ctrl Pts',(-2.85687841932244,1.20025020809412,6.15684913720843));
#3208=CARTESIAN_POINT('Ctrl Pts',(-2.26601923181801,2.11386334641847,6.10472660025467));
#3209=CARTESIAN_POINT('Ctrl Pts',(-1.42650092101241,2.57826777110339,6.05260406330092));
#3210=CARTESIAN_POINT('Ctrl Pts',(-0.586982610206792,3.04267219578831,6.00048152634716));
#3211=CARTESIAN_POINT('Ctrl Pts',(0.501194823900003,3.0578679068338,5.94835898939341));
#3212=CARTESIAN_POINT('Ctrl Pts',(1.35329697181506,2.61735118865921,5.89623645243966));
#3213=CARTESIAN_POINT('Ctrl Pts',(2.20539911973011,2.17683447048463,5.84411391548591));
#3214=CARTESIAN_POINT('Ctrl Pts',(2.82142598145342,1.28060532308997,5.79199137853215));
#3215=CARTESIAN_POINT('Ctrl Pts',(2.928088713141,0.327023187613781,5.7398688415784));
#3216=CARTESIAN_POINT('Ctrl Pts',(2.94015741659293,0.219127019682994,5.7339712667488));
#3217=CARTESIAN_POINT('Ctrl Pts',(2.94570497009878,0.110496588357749,5.7280736919192));
#3218=CARTESIAN_POINT('Ctrl Pts',(2.94498846605703,0.00178505621187806,
5.7221761170896));
#3219=CARTESIAN_POINT('Origin',(0.,0.,12.748589891905));
#3220=CARTESIAN_POINT('',(2.37127462108002,-0.00197181177845709,6.24858989190502));
#3221=CARTESIAN_POINT('',(2.3741592095074,0.00143905746786518,6.05141010809498));
#3222=CARTESIAN_POINT('',(2.37175,-2.19152050672682E-14,12.748589891905));
#3223=CARTESIAN_POINT('',(-1.41195694070489,1.90959862967365,5.6));
#3224=CARTESIAN_POINT('Ctrl Pts',(2.37127462108002,-0.00197181177845712,
6.24858989190502));
#3225=CARTESIAN_POINT('Ctrl Pts',(2.37295789184255,-0.198811636855219,6.23538381932407));
#3226=CARTESIAN_POINT('Ctrl Pts',(2.26148917355706,-1.17068178590244,6.17005520978937));
#3227=CARTESIAN_POINT('Ctrl Pts',(0.928704968372961,-2.63022245124316,6.05260406330092));
#3228=CARTESIAN_POINT('Ctrl Pts',(-1.67296906363262,-2.23169632798749,5.89623645243965));
#3229=CARTESIAN_POINT('Ctrl Pts',(-2.74520077836959,0.068344434405083,5.74536843133935));
#3230=CARTESIAN_POINT('Ctrl Pts',(-1.96602425072112,1.49394821938538,5.6466229471928));
#3231=CARTESIAN_POINT('Ctrl Pts',(-1.41195694070489,1.90959862967365,5.6));
#3232=CARTESIAN_POINT('',(-2.26207324451937,-0.712897397196548,5.6));
#3233=CARTESIAN_POINT('Origin',(0.,0.,5.6));
#3234=CARTESIAN_POINT('Ctrl Pts',(2.3741592095074,0.00143905746786512,6.05141010809498));
#3235=CARTESIAN_POINT('Ctrl Pts',(2.36963181865106,-0.685479044786468,6.00518514597083));
#3236=CARTESIAN_POINT('Ctrl Pts',(1.69995228756478,-2.15550078334551,5.90683764689292));
#3237=CARTESIAN_POINT('Ctrl Pts',(-0.782040589612083,-2.67645717544562,
5.75636761086126));
#3238=CARTESIAN_POINT('Ctrl Pts',(-2.02860251337055,-1.45371633746334,5.65212253695376));
#3239=CARTESIAN_POINT('Ctrl Pts',(-2.26207324451936,-0.712897397196564,
5.6));
#3240=CARTESIAN_POINT('Origin',(0.,0.,12.748589891905));
#3241=CARTESIAN_POINT('',(2.36938986139343,0.00156066457580243,7.24858989190502));
#3242=CARTESIAN_POINT('',(2.37068504305519,-0.00193584718658352,7.05141010809498));
#3243=CARTESIAN_POINT('',(2.37175,-2.19152050672682E-14,12.748589891905));
#3244=CARTESIAN_POINT('Ctrl Pts',(2.36938986139343,0.00156066457580272,
7.24858989190502));
#3245=CARTESIAN_POINT('Ctrl Pts',(2.36622671419223,-0.50333816625561,7.21478570771326));
#3246=CARTESIAN_POINT('Ctrl Pts',(1.96324230567495,-1.79135072044219,7.12885898656776));
#3247=CARTESIAN_POINT('Ctrl Pts',(-0.136288149623051,-2.78583246902664,
6.99080972846848));
#3248=CARTESIAN_POINT('Ctrl Pts',(-2.39311831383387,-1.43262793050253,6.83444211760722));
#3249=CARTESIAN_POINT('Ctrl Pts',(-2.51983677377629,1.19572249788318,6.67807450674596));
#3250=CARTESIAN_POINT('Ctrl Pts',(-0.403723663189707,2.75981260134705,6.5217068958847));
#3251=CARTESIAN_POINT('Ctrl Pts',(1.86275599319668,1.9427229512836,6.37854535760439));
#3252=CARTESIAN_POINT('Ctrl Pts',(2.3663142555922,0.578087853409256,6.28750635627783));
#3253=CARTESIAN_POINT('Ctrl Pts',(2.37127462108002,-0.00197181177845712,
6.24858989190502));
#3254=CARTESIAN_POINT('Ctrl Pts',(2.37068504305519,-0.00193584718658393,
7.05141010809498));
#3255=CARTESIAN_POINT('Ctrl Pts',(2.3724652842487,-0.22119732938491,7.03670957131377));
#3256=CARTESIAN_POINT('Ctrl Pts',(2.24511584695528,-1.2158501132459,6.96988649757881));
#3257=CARTESIAN_POINT('Ctrl Pts',(0.854102507125087,-2.65519587600811,6.85094088689009));
#3258=CARTESIAN_POINT('Ctrl Pts',(-1.73487260285318,-2.18396154488898,6.69457327602882));
#3259=CARTESIAN_POINT('Ctrl Pts',(-2.77946011862395,0.231077998037537,6.53820566516757));
#3260=CARTESIAN_POINT('Ctrl Pts',(-1.35046255441901,2.44065851552985,6.3818380543063));
#3261=CARTESIAN_POINT('Ctrl Pts',(1.2813030771338,2.47740946149055,6.22547044344505));
#3262=CARTESIAN_POINT('Ctrl Pts',(2.33073884253832,0.950633634470854,6.11532779470793));
#3263=CARTESIAN_POINT('Ctrl Pts',(2.37473683304955,0.0890789542615379,6.05730768292458));
#3264=CARTESIAN_POINT('Ctrl Pts',(2.3741592095074,0.00143905746786512,6.05141010809498));
#3265=CARTESIAN_POINT('Origin',(0.,0.,12.748589891905));
#3266=CARTESIAN_POINT('',(2.37520308293893,-0.000582204661681413,8.24858989190502));
#3267=CARTESIAN_POINT('',(2.36988639232403,0.00175456539920321,8.05141010809498));
#3268=CARTESIAN_POINT('',(2.37175,-2.19152050672682E-14,12.748589891905));
#3269=CARTESIAN_POINT('Ctrl Pts',(2.37520308293894,-0.000582204661681279,
8.24858989190502));
#3270=CARTESIAN_POINT('Ctrl Pts',(2.37531735505633,-0.0344175570668565,
8.2463101330562));
#3271=CARTESIAN_POINT('Ctrl Pts',(2.35951043248793,-0.841727642155001,8.19190783725363));
#3272=CARTESIAN_POINT('Ctrl Pts',(1.44675591537196,-2.38460029930817,8.08538300449731));
#3273=CARTESIAN_POINT('Ctrl Pts',(-1.18081573834814,-2.52687478115399,7.92901539363605));
#3274=CARTESIAN_POINT('Ctrl Pts',(-2.75735690174752,-0.420006292673932,
7.77264778277479));
#3275=CARTESIAN_POINT('Ctrl Pts',(-1.87960537227858,2.06070462605297,7.61628017191352));
#3276=CARTESIAN_POINT('Ctrl Pts',(0.671160764051057,2.70720640415315,7.45991256105227));
#3277=CARTESIAN_POINT('Ctrl Pts',(2.20224743294472,1.32521857950011,7.33734913438276));
#3278=CARTESIAN_POINT('Ctrl Pts',(2.37110395826206,0.275163329850082,7.26690824466702));
#3279=CARTESIAN_POINT('Ctrl Pts',(2.36938986139343,0.00156066457580272,
7.24858989190502));
#3280=CARTESIAN_POINT('Ctrl Pts',(2.36988639232403,0.00175456539920318,
8.05141010809498));
#3281=CARTESIAN_POINT('Ctrl Pts',(2.36611715464403,-0.525186051667502,8.01611145970296));
#3282=CARTESIAN_POINT('Ctrl Pts',(1.93503129327534,-1.83581644174049,7.92869027435718));
#3283=CARTESIAN_POINT('Ctrl Pts',(-0.214703396227607,-2.78088531055521,
7.78914655205765));
#3284=CARTESIAN_POINT('Ctrl Pts',(-2.43251465596409,-1.36465931263721,7.63277894119639));
#3285=CARTESIAN_POINT('Ctrl Pts',(-2.48516832291629,1.26623232211604,7.47641133033512));
#3286=CARTESIAN_POINT('Ctrl Pts',(-0.325809054419645,2.77006911431585,7.32004371947388));
#3287=CARTESIAN_POINT('Ctrl Pts',(1.89329125861296,1.89870987346231,7.17837664539381));
#3288=CARTESIAN_POINT('Ctrl Pts',(2.36615322307868,0.556220861427258,7.08883210826752));
#3289=CARTESIAN_POINT('Ctrl Pts',(2.37068504305519,-0.00193584718658393,
7.05141010809498));
#3290=CARTESIAN_POINT('Origin',(0.,0.,12.748589891905));
#3291=CARTESIAN_POINT('',(2.36834793403731,-0.000715491735580771,9.24858989190502));
#3292=CARTESIAN_POINT('',(2.37489657881832,-0.000936156659582243,9.05141010809498));
#3293=CARTESIAN_POINT('',(2.37175,-2.19152050672682E-14,12.748589891905));
#3294=CARTESIAN_POINT('Ctrl Pts',(2.36834793403731,-0.000715491735580748,
9.24858989190502));
#3295=CARTESIAN_POINT('Ctrl Pts',(2.36930367674328,-0.342798842245137,9.22571202144539));
#3296=CARTESIAN_POINT('Ctrl Pts',(2.14152464789026,-1.46303716402535,9.15071161403201));
#3297=CARTESIAN_POINT('Ctrl Pts',(0.436299329094135,-2.75482331778468,9.02358866966487));
#3298=CARTESIAN_POINT('Ctrl Pts',(-2.04955684667651,-1.89175630612429,8.86722105880361));
#3299=CARTESIAN_POINT('Ctrl Pts',(-2.71112655283568,0.655145861925971,8.71085344794235));
#3300=CARTESIAN_POINT('Ctrl Pts',(-0.959552664939814,2.61890790111861,8.55448583708109));
#3301=CARTESIAN_POINT('Ctrl Pts',(1.60811876234484,2.25696575922289,8.40039798506865));
#3302=CARTESIAN_POINT('Ctrl Pts',(2.37270473106561,0.739166195880067,8.29843267000996));
#3303=CARTESIAN_POINT('Ctrl Pts',(2.37520308293894,-0.000582204661681279,
8.24858989190502));
#3304=CARTESIAN_POINT('Ctrl Pts',(2.37489657881832,-0.000936156659582252,
9.05141010809498));
#3305=CARTESIAN_POINT('Ctrl Pts',(2.37518329734495,-0.056971088153606,9.0476358850459));
#3306=CARTESIAN_POINT('Ctrl Pts',(2.3482755536191,-0.886576299707848,8.99173912504306));
#3307=CARTESIAN_POINT('Ctrl Pts',(1.3790163258606,-2.42440327376484,8.88371982808649));
#3308=CARTESIAN_POINT('Ctrl Pts',(-1.25151965134321,-2.49261274650452,8.7273522172252));
#3309=CARTESIAN_POINT('Ctrl Pts',(-2.76809238853601,-0.342175193570327,
8.57098460636396));
#3310=CARTESIAN_POINT('Ctrl Pts',(-1.82081717996902,2.11282829965894,8.41461699550269));
#3311=CARTESIAN_POINT('Ctrl Pts',(0.747146626885878,2.68722742850302,8.25824938464143));
#3312=CARTESIAN_POINT('Ctrl Pts',(2.22051216539253,1.28003425573677,8.1371804221722));
#3313=CARTESIAN_POINT('Ctrl Pts',(2.37168287002444,0.252902714804918,8.06823399665672));
#3314=CARTESIAN_POINT('Ctrl Pts',(2.36988639232403,0.00175456539920318,
8.05141010809498));
#3315=CARTESIAN_POINT('Origin',(0.,0.,12.748589891905));
#3316=CARTESIAN_POINT('',(2.37320697202136,0.00192422662243342,10.248589891905));
#3317=CARTESIAN_POINT('',(2.36818400207577,-0.000375931310623301,10.051410108095));
#3318=CARTESIAN_POINT('',(2.37175,-2.19152050672682E-14,12.748589891905));
#3319=CARTESIAN_POINT('Ctrl Pts',(2.37320697202136,0.00192422662243352,
10.248589891905));
#3320=CARTESIAN_POINT('Ctrl Pts',(2.36778419864459,-0.644730932563892,10.2051139098346));
#3321=CARTESIAN_POINT('Ctrl Pts',(1.76326910440994,-2.07596541019943,10.1095153908104));
#3322=CARTESIAN_POINT('Ctrl Pts',(-0.639132381319563,-2.71483165454221,
9.96179433483244));
#3323=CARTESIAN_POINT('Ctrl Pts',(-2.61317637561875,-0.975080529324056,
9.80542672397118));
#3324=CARTESIAN_POINT('Ctrl Pts',(-2.2613095515703,1.63280050917136,9.64905911310991));
#3325=CARTESIAN_POINT('Ctrl Pts',(0.103348147303202,2.78722959565018,9.49269150224866));
#3326=CARTESIAN_POINT('Ctrl Pts',(2.04349572015009,1.6548986654856,9.35920176184702));
#3327=CARTESIAN_POINT('Ctrl Pts',(2.36712621295364,0.436567930971876,9.27783455839914));
#3328=CARTESIAN_POINT('Ctrl Pts',(2.36834793403731,-0.000715491735580748,
9.24858989190502));
#3329=CARTESIAN_POINT('Ctrl Pts',(2.36818400207577,-0.000375931310623162,
10.051410108095));
#3330=CARTESIAN_POINT('Ctrl Pts',(2.36873293585951,-0.364872567805476,10.0270377734351));
#3331=CARTESIAN_POINT('Ctrl Pts',(2.11994116698469,-1.50817877235786,9.95054290182144));
#3332=CARTESIAN_POINT('Ctrl Pts',(0.358527217708768,-2.76600519003217,9.82192549325405));
#3333=CARTESIAN_POINT('Ctrl Pts',(-2.10202399500493,-1.83328413406291,9.66555788239276));
#3334=CARTESIAN_POINT('Ctrl Pts',(-2.69159902573181,0.731251750567475,9.50919027153153));
#3335=CARTESIAN_POINT('Ctrl Pts',(-0.885406160919895,2.64489353604319,9.35282266067025));
#3336=CARTESIAN_POINT('Ctrl Pts',(1.64625584275178,2.21498658174975,9.20022927285809));
#3337=CARTESIAN_POINT('Ctrl Pts',(2.37122367524376,0.716878986289841,9.09975842199965));
#3338=CARTESIAN_POINT('Ctrl Pts',(2.37489657881832,-0.000936156659582252,
9.05141010809498));
#3339=CARTESIAN_POINT('Origin',(0.,0.,-10.));
#3340=CARTESIAN_POINT('',(-2.52143131153438,0.000278435114094994,-2.88741669750802));
#3341=CARTESIAN_POINT('',(-2.51824248507937,-0.00186340768324661,-2.61258330249198));
#3342=CARTESIAN_POINT('',(-2.5175,-3.08304831685346E-16,-10.));
#3343=CARTESIAN_POINT('',(2.51716838038466,0.0408606753694322,-2.11));
#3344=CARTESIAN_POINT('Ctrl Pts',(-2.51824248507937,-0.00186340768324661,
-2.61258330249198));
#3345=CARTESIAN_POINT('Ctrl Pts',(-2.5196693355277,-0.162373995012817,-2.60242301968178));
#3346=CARTESIAN_POINT('Ctrl Pts',(-2.50562507178763,-0.322650246448585,
-2.59226273687159));
#3347=CARTESIAN_POINT('Ctrl Pts',(-2.47519943778099,-0.479767312139736,
-2.58210245406139));
#3348=CARTESIAN_POINT('Ctrl Pts',(-2.31811701586155,-1.29093624943313,-2.52964662583235));
#3349=CARTESIAN_POINT('Ctrl Pts',(-1.72439196764642,-2.01789763033542,-2.47719079760331));
#3350=CARTESIAN_POINT('Ctrl Pts',(-0.960137334440408,-2.33199593981295,
-2.42473496937426));
#3351=CARTESIAN_POINT('Ctrl Pts',(-0.195882701234383,-2.64609424929048,
-2.37227914114522));
#3352=CARTESIAN_POINT('Ctrl Pts',(0.738901516962539,-2.54732948734325,-2.31982331291617));
#3353=CARTESIAN_POINT('Ctrl Pts',(1.42053110169123,-2.08299894221996,-2.26736748468713));
#3354=CARTESIAN_POINT('Ctrl Pts',(2.10216068641991,-1.61866839709668,-2.21491165645809));
#3355=CARTESIAN_POINT('Ctrl Pts',(2.53063563768037,-0.788772068797352,-2.16245582822904));
#3356=CARTESIAN_POINT('Ctrl Pts',(2.51716838038466,0.0408606753694325,-2.11));
#3357=CARTESIAN_POINT('',(-0.432691055012645,2.48439006296236,-2.11));
#3358=CARTESIAN_POINT('Origin',(0.,0.,-2.11));
#3359=CARTESIAN_POINT('Ctrl Pts',(-0.432693931829079,2.48440037866914,-2.11));
#3360=CARTESIAN_POINT('Ctrl Pts',(0.349380063135245,2.61827099655859,-2.16036523479732));
#3361=CARTESIAN_POINT('Ctrl Pts',(1.2025965994105,2.35384540931684,-2.21073046959464));
#3362=CARTESIAN_POINT('Ctrl Pts',(1.76805716789064,1.79743357632811,-2.26109570439196));
#3363=CARTESIAN_POINT('Ctrl Pts',(2.35698924712855,1.21792583347099,-2.313551532621));
#3364=CARTESIAN_POINT('Ctrl Pts',(2.63378083444668,0.321688845762315,-2.36600736085005));
#3365=CARTESIAN_POINT('Ctrl Pts',(2.47367062508472,-0.488618407999663,-2.41846318907909));
#3366=CARTESIAN_POINT('Ctrl Pts',(2.31356041572276,-1.29892566176164,-2.47091901730813));
#3367=CARTESIAN_POINT('Ctrl Pts',(1.71654840968073,-2.02330318157692,-2.52337484553718));
#3368=CARTESIAN_POINT('Ctrl Pts',(0.951523113145038,-2.33511153281948,-2.57583067376622));
#3369=CARTESIAN_POINT('Ctrl Pts',(0.186497816609338,-2.64691988406204,-2.62828650199526));
#3370=CARTESIAN_POINT('Ctrl Pts',(-0.746540770420019,-2.54615906673187,
-2.68074233022431));
#3371=CARTESIAN_POINT('Ctrl Pts',(-1.42749642603016,-2.0784419976731,-2.73319815845335));
#3372=CARTESIAN_POINT('Ctrl Pts',(-2.094826062632,-1.62008401333739,-2.78460433813824));
#3373=CARTESIAN_POINT('Ctrl Pts',(-2.52006026259965,-0.809308538901415,
-2.83601051782313));
#3374=CARTESIAN_POINT('Ctrl Pts',(-2.52143131153438,0.000278435114094994,
-2.88741669750802));
#3375=CARTESIAN_POINT('Origin',(0.,0.,-10.));
#3376=CARTESIAN_POINT('',(-2.51522922264447,-0.00184543648934193,-3.88741669750802));
#3377=CARTESIAN_POINT('',(-2.51368611532704,0.000629026505913829,-3.61258330249198));
#3378=CARTESIAN_POINT('',(-2.5175,-3.08304831685346E-16,-10.));
#3379=CARTESIAN_POINT('Ctrl Pts',(-2.51368611532704,0.000629026505913829,
-3.61258330249198));
#3380=CARTESIAN_POINT('Ctrl Pts',(-2.51264935803778,-0.455891377334135,
-3.58382465572271));
#3381=CARTESIAN_POINT('Ctrl Pts',(-2.3936381412606,-0.912915063890041,-3.55506600895344));
#3382=CARTESIAN_POINT('Ctrl Pts',(-2.15997553778534,-1.30088901752194,-3.52630736218418));
#3383=CARTESIAN_POINT('Ctrl Pts',(-1.73377448980876,-2.00855427146591,-3.47385153395514));
#3384=CARTESIAN_POINT('Ctrl Pts',(-0.926130207900339,-2.48649222609671,
-3.42139570572609));
#3385=CARTESIAN_POINT('Ctrl Pts',(-0.100686525402745,-2.51947072759555,
-3.36893987749705));
#3386=CARTESIAN_POINT('Ctrl Pts',(0.724757157094848,-2.55244922909439,-3.316484049268));
#3387=CARTESIAN_POINT('Ctrl Pts',(1.56800024018161,-2.14046827746129,-3.26402822103896));
#3388=CARTESIAN_POINT('Ctrl Pts',(2.04930104954186,-1.4690843020608,-3.21157239280992));
#3389=CARTESIAN_POINT('Ctrl Pts',(2.53060185890211,-0.797700326660313,-3.15911656458087));
#3390=CARTESIAN_POINT('Ctrl Pts',(2.64996039453584,0.133086672507542,-3.10666073635183));
#3391=CARTESIAN_POINT('Ctrl Pts',(2.35371799057493,0.904254698277171,-3.05420490812279));
#3392=CARTESIAN_POINT('Ctrl Pts',(2.05747558661402,1.6754227240468,-3.00174907989374));
#3393=CARTESIAN_POINT('Ctrl Pts',(1.34563224305845,2.2869717764182,-2.9492932516647));
#3394=CARTESIAN_POINT('Ctrl Pts',(0.538552179538865,2.46335193322608,-2.89683742343565));
#3395=CARTESIAN_POINT('Ctrl Pts',(-0.268527883980718,2.63973209003395,-2.84438159520661));
#3396=CARTESIAN_POINT('Ctrl Pts',(-1.17084466746435,2.38094335127832,-2.79192576697757));
#3397=CARTESIAN_POINT('Ctrl Pts',(-1.76178316139427,1.80386073505825,-2.73946993874852));
#3398=CARTESIAN_POINT('Ctrl Pts',(-2.23826150047654,1.33855449876761,-2.69717439332967));
#3399=CARTESIAN_POINT('Ctrl Pts',(-2.51230274707494,0.666315122720629,-2.65487884791083));
#3400=CARTESIAN_POINT('Ctrl Pts',(-2.51824248507937,-0.00186340768324661,
-2.61258330249198));
#3401=CARTESIAN_POINT('Ctrl Pts',(-2.52143131153438,0.000278435114094994,
-2.88741669750802));
#3402=CARTESIAN_POINT('Ctrl Pts',(-2.52145930660282,0.0168091672916414,
-2.88846634605218));
#3403=CARTESIAN_POINT('Ctrl Pts',(-2.52131058284512,0.033339403954542,-2.88951599459633));
#3404=CARTESIAN_POINT('Ctrl Pts',(-2.5209835928617,0.0498661348335117,-2.89056564314049));
#3405=CARTESIAN_POINT('Ctrl Pts',(-2.50464237989218,0.875783877494005,-2.94302147136953));
#3406=CARTESIAN_POINT('Ctrl Pts',(-2.04308722976223,1.69294604202763,-2.99547729959857));
#3407=CARTESIAN_POINT('Ctrl Pts',(-1.34415701878884,2.13333398705997,-3.04793312782762));
#3408=CARTESIAN_POINT('Ctrl Pts',(-0.645226807815451,2.5737219320923,-3.10038895605666));
#3409=CARTESIAN_POINT('Ctrl Pts',(0.291078464001365,2.63733565762333,-3.1528447842857));
#3410=CARTESIAN_POINT('Ctrl Pts',(1.04316265207735,2.29556528009601,-3.20530061251475));
#3411=CARTESIAN_POINT('Ctrl Pts',(1.79524684015334,1.95379490256868,-3.25775644074379));
#3412=CARTESIAN_POINT('Ctrl Pts',(2.36310994448849,1.20664042198297,-3.31021226897284));
#3413=CARTESIAN_POINT('Ctrl Pts',(2.49105125417812,0.390513841594337,-3.36266809720188));
#3414=CARTESIAN_POINT('Ctrl Pts',(2.61899256386774,-0.425612738794283,-3.41512392543092));
#3415=CARTESIAN_POINT('Ctrl Pts',(2.30701207891186,-1.31071141898583,-3.46757975365997));
#3416=CARTESIAN_POINT('Ctrl Pts',(1.69559012086864,-1.86622939419736,-3.52003558188901));
#3417=CARTESIAN_POINT('Ctrl Pts',(1.08416816282542,-2.4217473694089,-3.57249141011805));
#3418=CARTESIAN_POINT('Ctrl Pts',(0.173304731694863,-2.64768463964044,-3.6249472383471));
#3419=CARTESIAN_POINT('Ctrl Pts',(-0.626855926238142,-2.44231067065524,
-3.67740306657614));
#3420=CARTESIAN_POINT('Ctrl Pts',(-1.42701658417115,-2.23693670167005,-3.72985889480518));
#3421=CARTESIAN_POINT('Ctrl Pts',(-2.11647446890661,-1.60025149346812,-3.78231472303423));
#3422=CARTESIAN_POINT('Ctrl Pts',(-2.38477912435366,-0.818940077923451,
-3.83477055126327));
#3423=CARTESIAN_POINT('Ctrl Pts',(-2.4745384933675,-0.557558032406004,-3.85231926667819));
#3424=CARTESIAN_POINT('Ctrl Pts',(-2.51716288529336,-0.279989590832802,
-3.86986798209311));
#3425=CARTESIAN_POINT('Ctrl Pts',(-2.51522922264447,-0.00184543648934193,
-3.88741669750802));
#3426=CARTESIAN_POINT('Origin',(0.,0.,-10.));
#3427=CARTESIAN_POINT('',(-2.51570455809362,0.00199744070601166,-4.88741669750802));
#3428=CARTESIAN_POINT('',(-2.52054134829066,0.00133034820363806,-4.61258330249198));
#3429=CARTESIAN_POINT('',(-2.5175,-3.08304831685346E-16,-10.));
#3430=CARTESIAN_POINT('Ctrl Pts',(-2.52054134829066,0.00133034820363806,
-4.61258330249198));
#3431=CARTESIAN_POINT('Ctrl Pts',(-2.51571614239894,-0.745203103393073,
-4.56522629176364));
#3432=CARTESIAN_POINT('Ctrl Pts',(-2.16261576624013,-1.49570675879445,-4.51786928103531));
#3433=CARTESIAN_POINT('Ctrl Pts',(-1.58183126334422,-1.96357866872118,-4.47051227030697));
#3434=CARTESIAN_POINT('Ctrl Pts',(-0.938515064676971,-2.48182524220318,
-4.41805644207792));
#3435=CARTESIAN_POINT('Ctrl Pts',(-0.0158469275459527,-2.65330312740982,
-4.36560061384888));
#3436=CARTESIAN_POINT('Ctrl Pts',(0.770713256942725,-2.40079850005574,-4.31314478561983));
#3437=CARTESIAN_POINT('Ctrl Pts',(1.5572734414314,-2.14829387270165,-4.26068895739079));
#3438=CARTESIAN_POINT('Ctrl Pts',(2.20772567327774,-1.47180673278684,-4.20823312916175));
#3439=CARTESIAN_POINT('Ctrl Pts',(2.42918247032893,-0.675947680977315,-4.15577730093271));
#3440=CARTESIAN_POINT('Ctrl Pts',(2.65063926738012,0.119911370832201,-4.10332147270366));
#3441=CARTESIAN_POINT('Ctrl Pts',(2.44310062963618,1.03514233453642,-4.05086564447462));
#3442=CARTESIAN_POINT('Ctrl Pts',(1.90001908419098,1.65763555483098,-3.99840981624557));
#3443=CARTESIAN_POINT('Ctrl Pts',(1.35693753874577,2.28012877512555,-3.94595398801653));
#3444=CARTESIAN_POINT('Ctrl Pts',(0.478313085599299,2.60988425201047,-3.89349815978749));
#3445=CARTESIAN_POINT('Ctrl Pts',(-0.340229282024634,2.49841559279309,-3.84104233155844));
#3446=CARTESIAN_POINT('Ctrl Pts',(-1.15877164964856,2.38694693357571,-3.7885865033294));
#3447=CARTESIAN_POINT('Ctrl Pts',(-1.91723193174996,1.83425413825604,-3.73613067510036));
#3448=CARTESIAN_POINT('Ctrl Pts',(-2.2740831657783,1.08921146396763,-3.68367484687131));
#3449=CARTESIAN_POINT('Ctrl Pts',(-2.43529248669477,0.752634727998467,-3.65997766541153));
#3450=CARTESIAN_POINT('Ctrl Pts',(-2.51454040537102,0.376802736509888,-3.63628048395176));
#3451=CARTESIAN_POINT('Ctrl Pts',(-2.51368611532704,0.000629026505913829,
-3.61258330249198));
#3452=CARTESIAN_POINT('Ctrl Pts',(-2.51522922264447,-0.00184543648934193,
-3.88741669750802));
#3453=CARTESIAN_POINT('Ctrl Pts',(-2.51138286816021,0.551426364021142,-3.92232381032215));
#3454=CARTESIAN_POINT('Ctrl Pts',(-2.33123200532524,1.10697610861784,-3.95723092313628));
#3455=CARTESIAN_POINT('Ctrl Pts',(-1.99505846492644,1.54193893223869,-3.99213803595041));
#3456=CARTESIAN_POINT('Ctrl Pts',(-1.48988172389353,2.19556890396874,-4.04459386417945));
#3457=CARTESIAN_POINT('Ctrl Pts',(-0.632376815669073,2.5768912245414,-4.09704969240849));
#3458=CARTESIAN_POINT('Ctrl Pts',(0.191337789410927,2.51420420355815,-4.14950552063754));
#3459=CARTESIAN_POINT('Ctrl Pts',(1.01505239449091,2.4515171825749,-4.20196134886658));
#3460=CARTESIAN_POINT('Ctrl Pts',(1.80497669642644,1.94482082003572,-4.25441717709562));
#3461=CARTESIAN_POINT('Ctrl Pts',(2.20542237466068,1.2222707404713,-4.30687300532467));
#3462=CARTESIAN_POINT('Ctrl Pts',(2.60586805289492,0.499720660906856,-4.35932883355371));
#3463=CARTESIAN_POINT('Ctrl Pts',(2.61683510742789,-0.43868313568285,-4.41178466178275));
#3464=CARTESIAN_POINT('Ctrl Pts',(2.23338530267021,-1.17039462896779,-4.4642404900118));
#3465=CARTESIAN_POINT('Ctrl Pts',(1.84993549791253,-1.90210612225273,-4.51669631824084));
#3466=CARTESIAN_POINT('Ctrl Pts',(1.07206883386422,-2.42712531223289,-4.56915214646989));
#3467=CARTESIAN_POINT('Ctrl Pts',(0.250044237314215,-2.50904588583368,-4.62160797469893));
#3468=CARTESIAN_POINT('Ctrl Pts',(-0.571980359235797,-2.59096645943447,
-4.67406380292797));
#3469=CARTESIAN_POINT('Ctrl Pts',(-1.4381628882875,-2.22978841665587,-4.72651963115701));
#3470=CARTESIAN_POINT('Ctrl Pts',(-1.95847740565156,-1.58814348515798,-4.77897545938606));
#3471=CARTESIAN_POINT('Ctrl Pts',(-2.31702383973843,-1.14598879898092,-4.81512253876005));
#3472=CARTESIAN_POINT('Ctrl Pts',(-2.51133390831159,-0.570653648309811,
-4.85126961813403));
#3473=CARTESIAN_POINT('Ctrl Pts',(-2.51570455809362,0.00199744070601166,
-4.88741669750802));
#3474=CARTESIAN_POINT('Origin',(0.,0.,-10.));
#3475=CARTESIAN_POINT('',(-2.52126625186954,-0.000637662213058277,-5.88741669750803));
#3476=CARTESIAN_POINT('',(-2.51691315613374,-0.00218648969219013,-5.61258330249198));
#3477=CARTESIAN_POINT('',(-2.5175,-3.08304831685346E-16,-10.));
#3478=CARTESIAN_POINT('Ctrl Pts',(-2.51691315613374,-0.00218648969219013,
-5.61258330249198));
#3479=CARTESIAN_POINT('Ctrl Pts',(-2.51876990402754,-0.215788516899017,
-5.59908375603361));
#3480=CARTESIAN_POINT('Ctrl Pts',(-2.49379628542307,-0.428962974924391,
-5.58558420957525));
#3481=CARTESIAN_POINT('Ctrl Pts',(-2.44028079244687,-0.634713729968461,
-5.57208466311689));
#3482=CARTESIAN_POINT('Ctrl Pts',(-2.23233310206999,-1.43420920175157,-5.51962883488784));
#3483=CARTESIAN_POINT('Ctrl Pts',(-1.5934307016368,-2.12161393540779,-5.4671730066588));
#3484=CARTESIAN_POINT('Ctrl Pts',(-0.811259504116637,-2.38740232637015,
-5.41471717842976));
#3485=CARTESIAN_POINT('Ctrl Pts',(-0.0290883065964767,-2.65319071733252,
-5.36226135020071));
#3486=CARTESIAN_POINT('Ctrl Pts',(0.896351688010659,-2.49736276560103,-5.30980552197167));
#3487=CARTESIAN_POINT('Ctrl Pts',(1.54835201350031,-1.99008489924027,-5.25734969374263));
#3488=CARTESIAN_POINT('Ctrl Pts',(2.20035233898997,-1.48280703287952,-5.20489386551358));
#3489=CARTESIAN_POINT('Ctrl Pts',(2.57891299536214,-0.624079251889495,-5.15243803728454));
#3490=CARTESIAN_POINT('Ctrl Pts',(2.51357511812448,0.199429221815035,-5.09998220905549));
#3491=CARTESIAN_POINT('Ctrl Pts',(2.44823724088681,1.02293769551957,-5.04752638082645));
#3492=CARTESIAN_POINT('Ctrl Pts',(1.93900083003932,1.81122686193861,-4.99507055259741));
#3493=CARTESIAN_POINT('Ctrl Pts',(1.21516563663893,2.20934475887608,-4.94261472436836));
#3494=CARTESIAN_POINT('Ctrl Pts',(0.491330443238546,2.60746265581355,-4.89015889613932));
#3495=CARTESIAN_POINT('Ctrl Pts',(-0.447103532714728,2.61540928326946,-4.83770306791027));
#3496=CARTESIAN_POINT('Ctrl Pts',(-1.17757693298311,2.22960634992244,-4.78524723968123));
#3497=CARTESIAN_POINT('Ctrl Pts',(-1.90805033325149,1.84380341657542,-4.73279141145218));
#3498=CARTESIAN_POINT('Ctrl Pts',(-2.43056315783497,1.06425092242548,-4.68033558322314));
#3499=CARTESIAN_POINT('Ctrl Pts',(-2.50983744002497,0.24196704447183,-4.6278797549941));
#3500=CARTESIAN_POINT('Ctrl Pts',(-2.51754306799869,0.162039311577173,-4.62278093749339));
#3501=CARTESIAN_POINT('Ctrl Pts',(-2.52106086681319,0.0817078418275467,
-4.61768211999268));
#3502=CARTESIAN_POINT('Ctrl Pts',(-2.52054134829066,0.00133034820363806,
-4.61258330249198));
#3503=CARTESIAN_POINT('Ctrl Pts',(-2.51570455809362,0.00199744070601166,
-4.88741669750802));
#3504=CARTESIAN_POINT('Ctrl Pts',(-2.5176764969297,0.260364726641002,-4.90372544636308));
#3505=CARTESIAN_POINT('Ctrl Pts',(-2.48098415204261,0.518185641938284,-4.92003419521814));
#3506=CARTESIAN_POINT('Ctrl Pts',(-2.40326689837407,0.762982089093333,-4.93634294407319));
#3507=CARTESIAN_POINT('Ctrl Pts',(-2.15329536805608,1.55035091162958,-4.98879877230224));
#3508=CARTESIAN_POINT('Ctrl Pts',(-1.47890580174369,2.20297673648492,-5.04125460053128));
#3509=CARTESIAN_POINT('Ctrl Pts',(-0.683763318702553,2.42699426539695,-5.09371042876032));
#3510=CARTESIAN_POINT('Ctrl Pts',(0.111379164338593,2.65101179430898,-5.14616625698936));
#3511=CARTESIAN_POINT('Ctrl Pts',(1.02727456410849,2.4464210272777,-5.19862208521841));
#3512=CARTESIAN_POINT('Ctrl Pts',(1.65151215821413,1.90534538743718,-5.25107791344746));
#3513=CARTESIAN_POINT('Ctrl Pts',(2.27574975231976,1.36426974759665,-5.3035337416765));
#3514=CARTESIAN_POINT('Ctrl Pts',(2.60832954076113,0.486709234946878,-5.35598956990554));
#3515=CARTESIAN_POINT('Ctrl Pts',(2.49949701005939,-0.332186914786581,-5.40844539813458));
#3516=CARTESIAN_POINT('Ctrl Pts',(2.39066447935765,-1.15108306452004,-5.46090122636363));
#3517=CARTESIAN_POINT('Ctrl Pts',(1.84041962951281,-1.91131485133717,-5.51335705459267));
#3518=CARTESIAN_POINT('Ctrl Pts',(1.09652751672889,-2.27056399475496,-5.56581288282172));
#3519=CARTESIAN_POINT('Ctrl Pts',(0.352635403944962,-2.62981313817274,-5.61826871105076));
#3520=CARTESIAN_POINT('Ctrl Pts',(-0.584903971778057,-2.58807963819115,
-5.6707245392798));
#3521=CARTESIAN_POINT('Ctrl Pts',(-1.29393400767536,-2.16415531628449,-5.72318036750885));
#3522=CARTESIAN_POINT('Ctrl Pts',(-2.00296404357264,-1.74023099437783,-5.77563619573789));
#3523=CARTESIAN_POINT('Ctrl Pts',(-2.48348473964422,-0.934115850546117,
-5.82809202396694));
#3524=CARTESIAN_POINT('Ctrl Pts',(-2.5191265335918,-0.1087885904175,-5.88054785219598));
#3525=CARTESIAN_POINT('Ctrl Pts',(-2.52068224231877,-0.0727643425056127,
-5.8828374673));
#3526=CARTESIAN_POINT('Ctrl Pts',(-2.52139037382548,-0.0367034919316338,
-5.88512708240401));
#3527=CARTESIAN_POINT('Ctrl Pts',(-2.52126625186954,-0.000637662213058277,
-5.88741669750803));
#3528=CARTESIAN_POINT('Origin',(0.,0.,-10.));
#3529=CARTESIAN_POINT('',(-2.51420249579003,-0.00126084174736169,-6.88741669750802));
#3530=CARTESIAN_POINT('',(-2.51433709975157,0.00136813634310284,-6.61258330249198));
#3531=CARTESIAN_POINT('',(-2.5175,-3.08304831685346E-16,-10.));
#3532=CARTESIAN_POINT('Ctrl Pts',(-2.51433709975157,0.00136813634310284,
-6.61258330249198));
#3533=CARTESIAN_POINT('Ctrl Pts',(-2.51177514472485,-0.507832823610011,
-6.58048539207454));
#3534=CARTESIAN_POINT('Ctrl Pts',(-2.3613901549206,-1.01842521077168,-6.54838748165711));
#3535=CARTESIAN_POINT('Ctrl Pts',(-2.07387280052941,-1.43418389971492,-6.51628957123968));
#3536=CARTESIAN_POINT('Ctrl Pts',(-1.60399919322378,-2.1136351813813,-6.46383374301063));
#3537=CARTESIAN_POINT('Ctrl Pts',(-0.767878700230604,-2.53980893271885,
-6.41137791478158));
#3538=CARTESIAN_POINT('Ctrl Pts',(0.0579991225468056,-2.52080700704743,
-6.35892208655254));
#3539=CARTESIAN_POINT('Ctrl Pts',(0.883876945324209,-2.50180508137601,-6.3064662583235));
#3540=CARTESIAN_POINT('Ctrl Pts',(1.69951209788585,-2.03762747869562,-6.25401043009445));
#3541=CARTESIAN_POINT('Ctrl Pts',(2.1376391879335,-1.33728477245784,-6.20155460186541));
#3542=CARTESIAN_POINT('Ctrl Pts',(2.57576627798116,-0.636942066220044,-6.14909877363637));
#3543=CARTESIAN_POINT('Ctrl Pts',(2.63638530551482,0.299565743575156,-6.09664294540732));
#3544=CARTESIAN_POINT('Ctrl Pts',(2.29220064674371,1.05054655064651,-6.04418711717828));
#3545=CARTESIAN_POINT('Ctrl Pts',(1.9480159879726,1.80152735771786,-5.99173128894923));
#3546=CARTESIAN_POINT('Ctrl Pts',(1.1990276428967,2.36698116206537,-5.93927546072019));
#3547=CARTESIAN_POINT('Ctrl Pts',(0.382491180144468,2.49229459677608,-5.88681963249115));
#3548=CARTESIAN_POINT('Ctrl Pts',(-0.434045282607763,2.61760803148679,-5.83436380426211));
#3549=CARTESIAN_POINT('Ctrl Pts',(-1.31812986303633,2.30278109656072,-5.78190797603306));
#3550=CARTESIAN_POINT('Ctrl Pts',(-1.87167566309033,1.68957452414268,-5.72945214780401));
#3551=CARTESIAN_POINT('Ctrl Pts',(-2.28276603927736,1.23417711978861,-5.69049586603333));
#3552=CARTESIAN_POINT('Ctrl Pts',(-2.51155505063358,0.614215015671117,-5.65153958426266));
#3553=CARTESIAN_POINT('Ctrl Pts',(-2.51691315613374,-0.00218648969219013,
-5.61258330249198));
#3554=CARTESIAN_POINT('Ctrl Pts',(-2.52126625186954,-0.000637662213058277,
-5.88741669750803));
#3555=CARTESIAN_POINT('Ctrl Pts',(-2.51854669936308,0.789576420939933,-5.93758291063306));
#3556=CARTESIAN_POINT('Ctrl Pts',(-2.11629356778365,1.58218080410425,-5.98774912375808));
#3557=CARTESIAN_POINT('Ctrl Pts',(-1.475687092997,2.04454910865924,-6.03791533688311));
#3558=CARTESIAN_POINT('Ctrl Pts',(-0.805842966631072,2.52802017118179,-6.09037116511215));
#3559=CARTESIAN_POINT('Ctrl Pts',(0.124608177924337,2.65042291980138,-6.1428269933412));
#3560=CARTESIAN_POINT('Ctrl Pts',(0.896701436827115,2.35664167269125,-6.19528282157024));
#3561=CARTESIAN_POINT('Ctrl Pts',(1.66879469572988,2.06286042558111,-6.24773864979929));
#3562=CARTESIAN_POINT('Ctrl Pts',(2.28253006898001,1.35289518274128,-6.30019447802833));
#3563=CARTESIAN_POINT('Ctrl Pts',(2.46155389494574,0.546430119388731,-6.35265030625737));
#3564=CARTESIAN_POINT('Ctrl Pts',(2.64057772091147,-0.260034943963824,-6.40510613448641));
#3565=CARTESIAN_POINT('Ctrl Pts',(2.38488999959278,-1.1629998278291,-6.45756196271546));
#3566=CARTESIAN_POINT('Ctrl Pts',(1.80962217113948,-1.75587615611633,-6.51001779094451));
#3567=CARTESIAN_POINT('Ctrl Pts',(1.23435434268618,-2.34875248440356,-6.56247361917355));
#3568=CARTESIAN_POINT('Ctrl Pts',(0.33950640709827,-2.63154025711276,-6.61492944740259));
#3569=CARTESIAN_POINT('Ctrl Pts',(-0.471988194701968,-2.47690543257003,
-6.66738527563164));
#3570=CARTESIAN_POINT('Ctrl Pts',(-1.28348279650221,-2.3222706080273,-6.71984110386068));
#3571=CARTESIAN_POINT('Ctrl Pts',(-2.01162406451477,-1.73021318623263,-6.77229693208972));
#3572=CARTESIAN_POINT('Ctrl Pts',(-2.32854348745541,-0.967325552608292,
-6.82475276031877));
#3573=CARTESIAN_POINT('Ctrl Pts',(-2.45474121408675,-0.663542704131436,
-6.84564073938185));
#3574=CARTESIAN_POINT('Ctrl Pts',(-2.51573384642263,-0.332672286731975,
-6.86652871844494));
#3575=CARTESIAN_POINT('Ctrl Pts',(-2.51420249579003,-0.00126084174736169,
-6.88741669750802));
#3576=CARTESIAN_POINT('Origin',(0.,0.,-10.));
#3577=CARTESIAN_POINT('',(-2.51715572888489,0.00219926148163123,-7.88741669750802));
#3578=CARTESIAN_POINT('',(-2.52134903165617,0.000493314895672238,-7.61258330249198));
#3579=CARTESIAN_POINT('',(-2.5175,-3.08304831685346E-16,-10.));
#3580=CARTESIAN_POINT('Ctrl Pts',(-2.52134903165617,0.000493314895672238,
-7.61258330249198));
#3581=CARTESIAN_POINT('Ctrl Pts',(-2.51917317982814,-0.797999808711718,
-7.56188702811547));
#3582=CARTESIAN_POINT('Ctrl Pts',(-2.10719688222635,-1.59842848390741,-7.51119075373897));
#3583=CARTESIAN_POINT('Ctrl Pts',(-1.4551855917403,-2.05919067294446,-7.46049447936246));
#3584=CARTESIAN_POINT('Ctrl Pts',(-0.7805444533575,-2.53594488298887,-7.40803865113342));
#3585=CARTESIAN_POINT('Ctrl Pts',(0.151082982117862,-2.64904531290948,-7.35558282290437));
#3586=CARTESIAN_POINT('Ctrl Pts',(0.920202338480556,-2.34756462791047,-7.30312699467533));
#3587=CARTESIAN_POINT('Ctrl Pts',(1.68932169484325,-2.04608394291147,-7.25067116644628));
#3588=CARTESIAN_POINT('Ctrl Pts',(2.29593297209327,-1.33002214299285,-7.19821533821724));
#3589=CARTESIAN_POINT('Ctrl Pts',(2.46689025768069,-0.521808743955577,-7.1457595099882));
#3590=CARTESIAN_POINT('Ctrl Pts',(2.63784754326811,0.286404655081705,-7.09330368175916));
#3591=CARTESIAN_POINT('Ctrl Pts',(2.37315083719291,1.18676965323765,-7.04084785353011));
#3592=CARTESIAN_POINT('Ctrl Pts',(1.79198821112818,1.7738686645913,-6.98839202530106));
#3593=CARTESIAN_POINT('Ctrl Pts',(1.21082558506344,2.36096767594495,-6.93593619707202));
#3594=CARTESIAN_POINT('Ctrl Pts',(0.313197039009163,2.63480070049631,-6.88348036884298));
#3595=CARTESIAN_POINT('Ctrl Pts',(-0.496711958022329,2.47206575958769,-6.83102454061394));
#3596=CARTESIAN_POINT('Ctrl Pts',(-1.30662095505381,2.30933081867906,-6.7785687123849));
#3597=CARTESIAN_POINT('Ctrl Pts',(-2.02881040306252,1.71002791231047,-6.72611288415585));
#3598=CARTESIAN_POINT('Ctrl Pts',(-2.33809176625782,0.944012053128568,-6.6736570559268));
#3599=CARTESIAN_POINT('Ctrl Pts',(-2.45812274823184,0.646724059971318,-6.65329913811519));
#3600=CARTESIAN_POINT('Ctrl Pts',(-2.51596200521091,0.324325959999025,-6.63294122030359));
#3601=CARTESIAN_POINT('Ctrl Pts',(-2.51433709975157,0.00136813634310284,
-6.61258330249198));
#3602=CARTESIAN_POINT('Ctrl Pts',(-2.51420249579003,-0.00126084174736169,
-6.88741669750802));
#3603=CARTESIAN_POINT('Ctrl Pts',(-2.51188817683922,0.499598838145557,-6.91898454667398));
#3604=CARTESIAN_POINT('Ctrl Pts',(-2.36676873912765,1.0016942279994,-6.95055239583994));
#3605=CARTESIAN_POINT('Ctrl Pts',(-2.08809884451371,1.41339195880219,-6.9821202450059));
#3606=CARTESIAN_POINT('Ctrl Pts',(-1.62503720076264,2.09750399113434,-7.03457607323494));
#3607=CARTESIAN_POINT('Ctrl Pts',(-0.793216335391767,2.53201021034461,-7.08703190146398));
#3608=CARTESIAN_POINT('Ctrl Pts',(0.0328102168949782,2.52126087831335,-7.13948772969303));
#3609=CARTESIAN_POINT('Ctrl Pts',(0.858836769181723,2.5105115462821,-7.19194355792207));
#3610=CARTESIAN_POINT('Ctrl Pts',(1.67906900838434,2.05450666300931,-7.24439938615112));
#3611=CARTESIAN_POINT('Ctrl Pts',(2.12417159513567,1.35857608680811,-7.29685521438016));
#3612=CARTESIAN_POINT('Ctrl Pts',(2.56927418188699,0.662645510606913,-7.34931104260921));
#3613=CARTESIAN_POINT('Ctrl Pts',(2.63924711618702,-0.273210758522694,-7.40176687083825));
#3614=CARTESIAN_POINT('Ctrl Pts',(2.30258281736732,-1.02759266849616,-7.45422269906729));
#3615=CARTESIAN_POINT('Ctrl Pts',(1.96591851854762,-1.78197457846963,-7.50667852729633));
#3616=CARTESIAN_POINT('Ctrl Pts',(1.2226169866082,-2.35488212928696,-7.55913435552538));
#3617=CARTESIAN_POINT('Ctrl Pts',(0.407373249012715,-2.48834820719392,-7.61159018375442));
#3618=CARTESIAN_POINT('Ctrl Pts',(-0.407870488582769,-2.62181428510087,
-7.66404601198347));
#3619=CARTESIAN_POINT('Ctrl Pts',(-1.29505643183431,-2.31583889009745,-7.71650184021251));
#3620=CARTESIAN_POINT('Ctrl Pts',(-1.85470143649658,-1.70819219972786,-7.76895766844156));
#3621=CARTESIAN_POINT('Ctrl Pts',(-2.27597654301554,-1.25078362450826,-7.80844401146371));
#3622=CARTESIAN_POINT('Ctrl Pts',(-2.51165423582159,-0.622436379904225,
-7.84793035448587));
#3623=CARTESIAN_POINT('Ctrl Pts',(-2.51715572888489,0.00219926148163123,
-7.88741669750802));
#3624=CARTESIAN_POINT('Origin',(0.,0.,-10.));
#3625=CARTESIAN_POINT('',(-2.5203642794907,-0.00135937708379469,-8.88741669750802));
#3626=CARTESIAN_POINT('',(-2.51549325941885,-0.00193309633875823,-8.61258330249198));
#3627=CARTESIAN_POINT('',(-2.5175,-3.08304831685346E-16,-10.));
#3628=CARTESIAN_POINT('',(1.91346599666506,-1.63598720337495,-9.5));
#3629=CARTESIAN_POINT('Ctrl Pts',(-2.5203642794907,-0.00135937708379469,
-8.88741669750802));
#3630=CARTESIAN_POINT('Ctrl Pts',(-2.51526673221911,0.736786553507215,-8.93424364698488));
#3631=CARTESIAN_POINT('Ctrl Pts',(-2.17098044167757,1.47885538703459,-8.98107059646175));
#3632=CARTESIAN_POINT('Ctrl Pts',(-1.60135929642841,1.94741932155955,-9.02789754593861));
#3633=CARTESIAN_POINT('Ctrl Pts',(-0.963266290485617,2.47230743702203,-9.08035337416765));
#3634=CARTESIAN_POINT('Ctrl Pts',(-0.0424092712864108,2.65398480957674,
-9.13280920239669));
#3635=CARTESIAN_POINT('Ctrl Pts',(0.746672408048914,2.40884786886213,-9.18526503062573));
#3636=CARTESIAN_POINT('Ctrl Pts',(1.53575408738424,2.16371092814751,-9.23772085885478));
#3637=CARTESIAN_POINT('Ctrl Pts',(2.19306042685568,1.49175967416356,-9.29017668708383));
#3638=CARTESIAN_POINT('Ctrl Pts',(2.42228953265168,0.699499807069073,-9.34263251531287));
#3639=CARTESIAN_POINT('Ctrl Pts',(2.65151863844767,-0.0927600600254098,
-9.39508834354192));
#3640=CARTESIAN_POINT('Ctrl Pts',(2.45267051056822,-1.00532854023042,-9.44754417177096));
#3641=CARTESIAN_POINT('Ctrl Pts',(1.91346599666506,-1.63598720337495,-9.5));
#3642=CARTESIAN_POINT('',(-1.91700365196822,-1.63844868467253,-9.50000000000001));
#3643=CARTESIAN_POINT('Origin',(0.,0.,-9.5));
#3644=CARTESIAN_POINT('Ctrl Pts',(-1.91701240447551,-1.63845477461945,-9.50000000000001));
#3645=CARTESIAN_POINT('Ctrl Pts',(-1.3997462821487,-2.24011694311145,-9.44963476520269));
#3646=CARTESIAN_POINT('Ctrl Pts',(-0.573780751919773,-2.58023240790042,
-9.39926953040536));
#3647=CARTESIAN_POINT('Ctrl Pts',(0.216584157438422,-2.51194749812487,-9.34890429560803));
#3648=CARTESIAN_POINT('Ctrl Pts',(1.03975605548271,-2.44082817321283,-9.29644846737899));
#3649=CARTESIAN_POINT('Ctrl Pts',(1.82431052572389,-1.92670050760999,-9.24399263914995));
#3650=CARTESIAN_POINT('Ctrl Pts',(2.21745275720324,-1.20029026857215,-9.19153681092091));
#3651=CARTESIAN_POINT('Ctrl Pts',(2.6105949886826,-0.47388002953431,-9.13908098269187));
#3652=CARTESIAN_POINT('Ctrl Pts',(2.61232498140012,0.464812782938527,-9.08662515446282));
#3653=CARTESIAN_POINT('Ctrl Pts',(2.22161702627262,1.19271077197714,-9.03416932623377));
#3654=CARTESIAN_POINT('Ctrl Pts',(1.83090907114513,1.92060876101574,-8.98171349800473));
#3655=CARTESIAN_POINT('Ctrl Pts',(1.04776316817263,2.43771192662012,-8.92925766977569));
#3656=CARTESIAN_POINT('Ctrl Pts',(0.224943835976096,2.51138710858537,-8.87680184154664));
#3657=CARTESIAN_POINT('Ctrl Pts',(-0.59787549622044,2.58506229055062,-8.8243460133176));
#3658=CARTESIAN_POINT('Ctrl Pts',(-1.46036825764101,2.21530948887674,-8.77189018508855));
#3659=CARTESIAN_POINT('Ctrl Pts',(-1.97423684908604,1.56851278028764,-8.71943435685951));
#3660=CARTESIAN_POINT('Ctrl Pts',(-2.32314882992772,1.12934384769907,-8.683817338737));
#3661=CARTESIAN_POINT('Ctrl Pts',(-2.51133519039137,0.562449824179406,-8.64820032061449));
#3662=CARTESIAN_POINT('Ctrl Pts',(-2.51549325941885,-0.00193309633875823,
-8.61258330249198));
#3663=CARTESIAN_POINT('Origin',(0.,0.,-11.7084234471775));
#3664=CARTESIAN_POINT('',(-3.07440646589531,-0.00227494876451961,-2.29157655282254));
#3665=CARTESIAN_POINT('',(-3.06919304247089,0.00381981112055317,-2.20842344717745));
#3666=CARTESIAN_POINT('',(-3.0735,-6.70211737256318E-14,-11.7084234471775));
#3667=CARTESIAN_POINT('',(-2.50428680092746,-1.78183890088316,-2.11));
#3668=CARTESIAN_POINT('Ctrl Pts',(-3.06919304247089,0.00381981112055323,
-2.20842344717745));
#3669=CARTESIAN_POINT('Ctrl Pts',(-3.06503384112421,-0.629728448732847,
-2.17561563145164));
#3670=CARTESIAN_POINT('Ctrl Pts',(-2.87159077011373,-1.2656112657667,-2.14280781572582));
#3671=CARTESIAN_POINT('Ctrl Pts',(-2.50428680092745,-1.78183890088318,-2.11));
#3672=CARTESIAN_POINT('',(-1.28272821402506,-2.7987892396226,-2.11));
#3673=CARTESIAN_POINT('Origin',(0.,0.,-2.11));
#3674=CARTESIAN_POINT('Ctrl Pts',(-3.07440646589531,-0.00227494876451999,
-2.29157655282254));
#3675=CARTESIAN_POINT('Ctrl Pts',(-3.07614844200373,-0.198234944854833,
-2.28141627001235));
#3676=CARTESIAN_POINT('Ctrl Pts',(-2.97400854153319,-1.36387813359131,-2.22089075240483));
#3677=CARTESIAN_POINT('Ctrl Pts',(-2.16216113900983,-2.39265256306963,-2.16036523479732));
#3678=CARTESIAN_POINT('Ctrl Pts',(-1.28273243763684,-2.79880155303035,-2.11));
#3679=CARTESIAN_POINT('Origin',(0.,0.,-11.7084234471775));
#3680=CARTESIAN_POINT('',(-3.06884380355815,0.000767949539527413,-3.29157655282255));
#3681=CARTESIAN_POINT('',(-3.07829955749788,0.000339928628843193,-3.20842344717745));
#3682=CARTESIAN_POINT('',(-3.0735,-6.70211737256318E-14,-11.7084234471775));
#3683=CARTESIAN_POINT('Ctrl Pts',(-3.07829955749788,0.000339928628843053,
-3.20842344717745));
#3684=CARTESIAN_POINT('Ctrl Pts',(-3.07662570689176,-0.988047584632984,
-3.15701726749256));
#3685=CARTESIAN_POINT('Ctrl Pts',(-2.02772758312704,-2.98793582032766,-3.05315525957863));
#3686=CARTESIAN_POINT('Ctrl Pts',(1.36679052098647,-3.35451703504626,-2.89683742343566));
#3687=CARTESIAN_POINT('Ctrl Pts',(3.55338404698872,-0.701439409839994,-2.73946993874852));
#3688=CARTESIAN_POINT('Ctrl Pts',(2.53961767921643,2.58108418307675,-2.5821024540614));
#3689=CARTESIAN_POINT('Ctrl Pts',(-0.760616538205488,3.54352674151183,-2.42473496937426));
#3690=CARTESIAN_POINT('Ctrl Pts',(-2.83168913861651,1.77255739790114,-2.30017530041295));
#3691=CARTESIAN_POINT('Ctrl Pts',(-3.07168391357142,0.383240502672427,-2.22807145968068));
#3692=CARTESIAN_POINT('Ctrl Pts',(-3.06919304247089,0.00381981112055323,
-2.20842344717745));
#3693=CARTESIAN_POINT('Ctrl Pts',(-3.06884380355815,0.000767949539527309,
-3.29157655282255));
#3694=CARTESIAN_POINT('Ctrl Pts',(-3.06757807425187,-0.556576821543816,
-3.26281790605328));
#3695=CARTESIAN_POINT('Ctrl Pts',(-2.65726379753412,-2.13225471536086,-3.18160343105497));
#3696=CARTESIAN_POINT('Ctrl Pts',(-0.144654019279509,-3.61913650862601,
-3.04793312782762));
#3697=CARTESIAN_POINT('Ctrl Pts',(2.9437761088641,-2.11023070344902,-2.89056564314049));
#3698=CARTESIAN_POINT('Ctrl Pts',(3.38093415367474,1.29883445080216,-2.73319815845335));
#3699=CARTESIAN_POINT('Ctrl Pts',(0.773763726960147,3.53867081123526,-2.57583067376622));
#3700=CARTESIAN_POINT('Ctrl Pts',(-2.31765677574236,2.65203672938989,-2.42862347188929));
#3701=CARTESIAN_POINT('Ctrl Pts',(-3.06715491286391,0.813473497390946,-2.33387209824139));
#3702=CARTESIAN_POINT('Ctrl Pts',(-3.07440646589531,-0.00227494876451999,
-2.29157655282254));
#3703=CARTESIAN_POINT('Origin',(0.,0.,-11.7084234471775));
#3704=CARTESIAN_POINT('',(-3.07721304229249,0.00162416095482468,-4.29157655282255));
#3705=CARTESIAN_POINT('',(-3.07072771233279,-0.00225300856007645,-4.20842344717746));
#3706=CARTESIAN_POINT('',(-3.0735,-6.70211737256318E-14,-11.7084234471775));
#3707=CARTESIAN_POINT('Ctrl Pts',(-3.07072771233279,-0.00225300856007662,
-4.20842344717746));
#3708=CARTESIAN_POINT('Ctrl Pts',(-3.07308843215458,-0.341826418043542,
-4.19087473176254));
#3709=CARTESIAN_POINT('Ctrl Pts',(-2.86550015127224,-1.69363351745254,-4.12087018811858));
#3710=CARTESIAN_POINT('Ctrl Pts',(-0.900451504554376,-3.50827286593506,
-3.99840981624557));
#3711=CARTESIAN_POINT('Ctrl Pts',(2.43564234519315,-2.6807635907931,-3.84104233155844));
#3712=CARTESIAN_POINT('Ctrl Pts',(3.57829023458169,0.56096525953706,-3.68367484687131));
#3713=CARTESIAN_POINT('Ctrl Pts',(1.49845637022332,3.29746491722938,-3.52630736218418));
#3714=CARTESIAN_POINT('Ctrl Pts',(-1.93081980009923,3.06447569925165,-3.36893987749705));
#3715=CARTESIAN_POINT('Ctrl Pts',(-3.06907826664247,1.0492414373063,-3.26297857249481));
#3716=CARTESIAN_POINT('Ctrl Pts',(-3.07833373538978,0.0205215394918846,
-3.20947309572161));
#3717=CARTESIAN_POINT('Ctrl Pts',(-3.07829955749788,0.000339928628843053,
-3.20842344717745));
#3718=CARTESIAN_POINT('Ctrl Pts',(-3.07721304229249,0.00162416095482442,
-4.29157655282255));
#3719=CARTESIAN_POINT('Ctrl Pts',(-3.07132217027333,-0.909784205870382,
-4.24421954209421));
#3720=CARTESIAN_POINT('Ctrl Pts',(-2.16274034385346,-2.84094607371465,-4.14440670313683));
#3721=CARTESIAN_POINT('Ctrl Pts',(1.10709632081814,-3.44864526009005,-3.99213803595041));
#3722=CARTESIAN_POINT('Ctrl Pts',(3.48941799062515,-0.970969123611594,-3.83477055126328));
#3723=CARTESIAN_POINT('Ctrl Pts',(2.72929484889009,2.38112108526022,-3.67740306657614));
#3724=CARTESIAN_POINT('Ctrl Pts',(-0.488721743061057,3.58887098580336,-3.52003558188901));
#3725=CARTESIAN_POINT('Ctrl Pts',(-2.75897154783557,1.93453160866638,-3.39142674397115));
#3726=CARTESIAN_POINT('Ctrl Pts',(-3.06988676699418,0.460021136311035,-3.31527373428232));
#3727=CARTESIAN_POINT('Ctrl Pts',(-3.06884380355815,0.000767949539527309,
-3.29157655282255));
#3728=CARTESIAN_POINT('Origin',(0.,0.,-11.7084234471775));
#3729=CARTESIAN_POINT('',(-3.07278354930568,-0.0026693847344586,-5.29157655282255));
#3730=CARTESIAN_POINT('',(-3.0713080275276,0.00243858351937908,-5.20842344717745));
#3731=CARTESIAN_POINT('',(-3.0735,-6.70211737256318E-14,-11.7084234471775));
#3732=CARTESIAN_POINT('Ctrl Pts',(-3.0713080275276,0.00243858351937902,
-5.20842344717745));
#3733=CARTESIAN_POINT('Ctrl Pts',(-3.06597210216313,-0.696684801620709,
-5.17227636780347));
#3734=CARTESIAN_POINT('Ctrl Pts',(-2.48449341063457,-2.41839244682526,-5.08367346020044));
#3735=CARTESIAN_POINT('Ctrl Pts',(0.35917790225588,-3.60413748860053,-4.94261472436836));
#3736=CARTESIAN_POINT('Ctrl Pts',(3.20816283804833,-1.681222119698,-4.78524723968124));
#3737=CARTESIAN_POINT('Ctrl Pts',(3.16799532014517,1.75574002785132,-4.62787975499409));
#3738=CARTESIAN_POINT('Ctrl Pts',(0.274848537227011,3.61154690403498,-4.47051227030697));
#3739=CARTESIAN_POINT('Ctrl Pts',(-2.5155875467059,2.37067288368889,-4.33069350103475));
#3740=CARTESIAN_POINT('Ctrl Pts',(-3.06603187499122,0.673211094267719,-4.24333055999158));
#3741=CARTESIAN_POINT('Ctrl Pts',(-3.07072771233279,-0.00225300856007662,
-4.20842344717746));
#3742=CARTESIAN_POINT('Ctrl Pts',(-3.07278354930568,-0.00266938473445912,
-5.29157655282255));
#3743=CARTESIAN_POINT('Ctrl Pts',(-3.07505036743939,-0.263446278724594,
-5.27807700636419));
#3744=CARTESIAN_POINT('Ctrl Pts',(-2.92608811616978,-1.53498596560642,-5.21212163167678));
#3745=CARTESIAN_POINT('Ctrl Pts',(-1.16533971549129,-3.4294017395703,-5.09371042876033));
#3746=CARTESIAN_POINT('Ctrl Pts',(2.22414170269149,-2.85867219480756,-4.93634294407319));
#3747=CARTESIAN_POINT('Ctrl Pts',(3.61064360222657,0.286471600472878,-4.77897545938606));
#3748=CARTESIAN_POINT('Ctrl Pts',(1.74553364146418,3.17362959807635,-4.62160797469893));
#3749=CARTESIAN_POINT('Ctrl Pts',(-1.69153903987731,3.20273461434534,-4.4642404900118));
#3750=CARTESIAN_POINT('Ctrl Pts',(-3.02936919148402,1.20678584071409,-4.35423001605301));
#3751=CARTESIAN_POINT('Ctrl Pts',(-3.07784729857015,0.099753347311575,-4.29667537032325));
#3752=CARTESIAN_POINT('Ctrl Pts',(-3.07721304229249,0.00162416095482442,
-4.29157655282255));
#3753=CARTESIAN_POINT('Origin',(0.,0.,-11.7084234471775));
#3754=CARTESIAN_POINT('',(-3.069638560511,0.00167029475686836,-6.29157655282255));
#3755=CARTESIAN_POINT('',(-3.07809804374222,-0.000778492477413392,-6.20842344717746));
#3756=CARTESIAN_POINT('',(-3.0735,-6.70211737256318E-14,-11.7084234471775));
#3757=CARTESIAN_POINT('Ctrl Pts',(-3.07809804374222,-0.000778492477413609,
-6.20842344717746));
#3758=CARTESIAN_POINT('Ctrl Pts',(-3.07824957853132,-0.0448096057405734,
-6.20613383207344));
#3759=CARTESIAN_POINT('Ctrl Pts',(-3.05757849929553,-1.09746252750716,-6.15138838874038));
#3760=CARTESIAN_POINT('Ctrl Pts',(-1.85868108383099,-3.10871692384789,-6.04418711717828));
#3761=CARTESIAN_POINT('Ctrl Pts',(1.57511506864328,-3.26156845774274,-5.88681963249115));
#3762=CARTESIAN_POINT('Ctrl Pts',(3.59042098244444,-0.477172354327644,-5.72945214780402));
#3763=CARTESIAN_POINT('Ctrl Pts',(2.37232686553336,2.73694748952031,-5.57208466311689));
#3764=CARTESIAN_POINT('Ctrl Pts',(-0.982196881667554,3.48627387180905,-5.41471717842976));
#3765=CARTESIAN_POINT('Ctrl Pts',(-2.88483662403428,1.64503567167736,-5.29349677311661));
#3766=CARTESIAN_POINT('Ctrl Pts',(-3.07371547698647,0.317867323666808,-5.22473219603251));
#3767=CARTESIAN_POINT('Ctrl Pts',(-3.0713080275276,0.00243858351937902,
-5.20842344717745));
#3768=CARTESIAN_POINT('Ctrl Pts',(-3.069638560511,0.00167029475686826,-6.29157655282255));
#3769=CARTESIAN_POINT('Ctrl Pts',(-3.06651078741283,-0.619989745130265,
-6.25947864240511));
#3770=CARTESIAN_POINT('Ctrl Pts',(-2.5828684810721,-2.26206905137169,-6.17492490375863));
#3771=CARTESIAN_POINT('Ctrl Pts',(0.0833132671522326,-3.62103188855902,
-6.03791533688312));
#3772=CARTESIAN_POINT('Ctrl Pts',(3.07062763624642,-1.92095260930798,-5.88054785219598));
#3773=CARTESIAN_POINT('Ctrl Pts',(3.29264858694122,1.509065368931,-5.72318036750885));
#3774=CARTESIAN_POINT('Ctrl Pts',(0.549432286733777,3.58007502255013,-5.56581288282171));
#3775=CARTESIAN_POINT('Ctrl Pts',(-2.41081386669306,2.52591658144454,-5.42194494459295));
#3776=CARTESIAN_POINT('Ctrl Pts',(-3.06624208465634,0.74986687216093,-5.33053283459323));
#3777=CARTESIAN_POINT('Ctrl Pts',(-3.07278354930568,-0.00266938473445912,
-5.29157655282255));
#3778=CARTESIAN_POINT('Origin',(0.,0.,-11.7084234471775));
#3779=CARTESIAN_POINT('',(-3.07819910577765,0.000602265474374773,-7.29157655282255));
#3780=CARTESIAN_POINT('',(-3.0694742287232,-0.00153930371816834,-7.20842344717746));
#3781=CARTESIAN_POINT('',(-3.0735,-6.70211737256318E-14,-11.7084234471775));
#3782=CARTESIAN_POINT('Ctrl Pts',(-3.0694742287232,-0.00153930371816838,
-7.20842344717745));
#3783=CARTESIAN_POINT('Ctrl Pts',(-3.07134378430186,-0.406144299213787,
-7.18753546811437));
#3784=CARTESIAN_POINT('Ctrl Pts',(-2.80988204708734,-1.82451158085132,-7.11419166082224));
#3785=CARTESIAN_POINT('Ctrl Pts',(-0.677990938555282,-3.5579690961898,-6.98839202530107));
#3786=CARTESIAN_POINT('Ctrl Pts',(2.59944516475688,-2.52224132726616,-6.83102454061393));
#3787=CARTESIAN_POINT('Ctrl Pts',(3.53591731348337,0.784923602894542,-6.67365705592681));
#3788=CARTESIAN_POINT('Ctrl Pts',(1.28807341713664,3.38521536917253,-6.51628957123967));
#3789=CARTESIAN_POINT('Ctrl Pts',(-2.07017941990431,2.94343034884268,-6.36121170165657));
#3790=CARTESIAN_POINT('Ctrl Pts',(-3.07477786712709,0.963957549060119,-6.25858966030249));
#3791=CARTESIAN_POINT('Ctrl Pts',(-3.07809804374222,-0.000778492477413609,
-6.20842344717746));
#3792=CARTESIAN_POINT('Ctrl Pts',(-3.07819910577765,0.000602265474374647,
-7.29157655282255));
#3793=CARTESIAN_POINT('Ctrl Pts',(-3.07554270832244,-0.974241275898924,
-7.24088027844604));
#3794=CARTESIAN_POINT('Ctrl Pts',(-2.0521601550391,-2.96257105630468,-7.13772817584049));
#3795=CARTESIAN_POINT('Ctrl Pts',(1.3218313678144,-3.37217673906188,-6.9821202450059));
#3796=CARTESIAN_POINT('Ctrl Pts',(3.54358282039985,-0.74955595409678,-6.82475276031877));
#3797=CARTESIAN_POINT('Ctrl Pts',(2.57411470585513,2.54808673329025,-6.66738527563163));
#3798=CARTESIAN_POINT('Ctrl Pts',(-0.713505555870165,3.55101718130447,-6.5100177909445));
#3799=CARTESIAN_POINT('Ctrl Pts',(-2.81906123224757,1.80373931695291,-6.38474821667482));
#3800=CARTESIAN_POINT('Ctrl Pts',(-3.07162233287617,0.395954652654192,-6.31193447063416));
#3801=CARTESIAN_POINT('Ctrl Pts',(-3.069638560511,0.00167029475686826,-6.29157655282255));
#3802=CARTESIAN_POINT('Origin',(0.,0.,-11.7084234471775));
#3803=CARTESIAN_POINT('',(-3.0710500626907,-0.0023600284397915,-8.29157655282255));
#3804=CARTESIAN_POINT('',(-3.07307969522451,0.00268497722498648,-8.20842344717746));
#3805=CARTESIAN_POINT('',(-3.0735,-6.70211737256318E-14,-11.7084234471775));
#3806=CARTESIAN_POINT('Ctrl Pts',(-3.07307969522451,0.00268497722498665,
-8.20842344717746));
#3807=CARTESIAN_POINT('Ctrl Pts',(-3.06636317529203,-0.759903957749974,
-8.1689371041553));
#3808=CARTESIAN_POINT('Ctrl Pts',(-2.39640134897861,-2.54610893345958,-8.07699493290409));
#3809=CARTESIAN_POINT('Ctrl Pts',(0.58517420056583,-3.57440380607768,-7.93259693342387));
#3810=CARTESIAN_POINT('Ctrl Pts',(3.30756219470583,-1.47609434339198,-7.77522944873672));
#3811=CARTESIAN_POINT('Ctrl Pts',(3.05128197992395,1.95153732672103,-7.6178619640496));
#3812=CARTESIAN_POINT('Ctrl Pts',(0.0471304956865,3.62168351389749,-7.46049447936246));
#3813=CARTESIAN_POINT('Ctrl Pts',(-2.59507894735603,2.2415108309891,-7.32401497373842));
#3814=CARTESIAN_POINT('Ctrl Pts',(-3.06664878312426,0.609937250860134,-7.23999129634341));
#3815=CARTESIAN_POINT('Ctrl Pts',(-3.0694742287232,-0.00153930371816838,
-7.20842344717745));
#3816=CARTESIAN_POINT('Ctrl Pts',(-3.0710500626907,-0.00236002843979125,
-8.29157655282255));
#3817=CARTESIAN_POINT('Ctrl Pts',(-3.07345005182257,-0.328115292843336,
-8.27473774271601));
#3818=CARTESIAN_POINT('Ctrl Pts',(-2.87667221904168,-1.6658351418717,-8.20544310438044));
#3819=CARTESIAN_POINT('Ctrl Pts',(-0.947302619448526,-3.49589188374633,
-8.08369263781583));
#3820=CARTESIAN_POINT('Ctrl Pts',(2.39954698070562,-2.71311891845922,-7.92632515312868));
#3821=CARTESIAN_POINT('Ctrl Pts',(3.58547726786852,0.513026954925216,-7.76895766844156));
#3822=CARTESIAN_POINT('Ctrl Pts',(1.54244727946869,3.27713966515137,-7.61159018375442));
#3823=CARTESIAN_POINT('Ctrl Pts',(-1.88964710224258,3.08999235942288,-7.45422269906729));
#3824=CARTESIAN_POINT('Ctrl Pts',(-3.06256221325601,1.07686198974495,-7.34755148875667));
#3825=CARTESIAN_POINT('Ctrl Pts',(-3.07829130336877,0.0344368959268357,
-7.29333610667509));
#3826=CARTESIAN_POINT('Ctrl Pts',(-3.07819910577765,0.000602265474374647,
-7.29157655282255));
#3827=CARTESIAN_POINT('Origin',(0.,0.,-11.7084234471775));
#3828=CARTESIAN_POINT('',(-3.07027085956344,0.00349786123369819,-9.29157655282255));
#3829=CARTESIAN_POINT('',(-3.07699686713592,-0.00165960097992504,-9.20842344717746));
#3830=CARTESIAN_POINT('',(-3.0735,-6.70211737256318E-14,-11.7084234471775));
#3831=CARTESIAN_POINT('',(-0.793799282532885,2.96922295374569,-9.5));
#3832=CARTESIAN_POINT('Ctrl Pts',(-0.793799282532874,2.96922295374569,-9.5));
#3833=CARTESIAN_POINT('Ctrl Pts',(-1.77242455303727,2.7075948949248,-9.44754417177096));
#3834=CARTESIAN_POINT('Ctrl Pts',(-2.87322192181128,1.67370285339289,-9.37806968937847));
#3835=CARTESIAN_POINT('Ctrl Pts',(-3.07258450847119,0.332848047539121,-9.30859520698599));
#3836=CARTESIAN_POINT('Ctrl Pts',(-3.07027085956344,0.00349786123369798,
-9.29157655282255));
#3837=CARTESIAN_POINT('',(0.795657314063446,2.97414525408698,-9.5));
#3838=CARTESIAN_POINT('Origin',(0.,0.,-9.5));
#3839=CARTESIAN_POINT('Ctrl Pts',(0.795661931340699,2.97415748618586,-9.5));
#3840=CARTESIAN_POINT('Ctrl Pts',(-0.140838294554257,3.22178296798888,-9.44963476520268));
#3841=CARTESIAN_POINT('Ctrl Pts',(-2.19836690418247,2.77987922577838,-9.35244258092849));
#3842=CARTESIAN_POINT('Ctrl Pts',(-3.07077350604783,0.899508827092147,-9.25525039665431));
#3843=CARTESIAN_POINT('Ctrl Pts',(-3.07699686713592,-0.00165960097992527,
-9.20842344717746));
#3844=CARTESIAN_POINT('Origin',(0.,0.,-11.7084234471775));
#3845=CARTESIAN_POINT('Ctrl Pts',(-3.07699686713592,-0.00165960097992504,
-9.20842344717746));
#3846=CARTESIAN_POINT('Ctrl Pts',(-3.07774495227465,-0.109985423472803,
-9.20279456842527));
#3847=CARTESIAN_POINT('Ctrl Pts',(-3.02372014654883,-1.22709138957371,-9.14470986144405));
#3848=CARTESIAN_POINT('Ctrl Pts',(-1.65943912331587,-3.21980786114369,-9.03416932623378));
#3849=CARTESIAN_POINT('Ctrl Pts',(1.77714675943658,-3.15585857822724,-8.87680184154665));
#3850=CARTESIAN_POINT('Ctrl Pts',(3.61333047638514,-0.250472542002137,-8.7194343568595));
#3851=CARTESIAN_POINT('Ctrl Pts',(2.19546693585889,2.88079873391209,-8.56206687217239));
#3852=CARTESIAN_POINT('Ctrl Pts',(-1.19954451672563,3.41756336096566,-8.40469938748524));
#3853=CARTESIAN_POINT('Ctrl Pts',(-2.93348225922818,1.51423622660943,-8.28681824582028));
#3854=CARTESIAN_POINT('Ctrl Pts',(-3.0752857695084,0.253161095146157,-8.22139293238435));
#3855=CARTESIAN_POINT('Ctrl Pts',(-3.07307969522451,0.00268497722498665,
-8.20842344717746));
#3856=CARTESIAN_POINT('Ctrl Pts',(-3.07027085956344,0.00349786123369798,
-9.29157655282255));
#3857=CARTESIAN_POINT('Ctrl Pts',(-3.06545325305454,-0.682293140132118,
-9.25613937875694));
#3858=CARTESIAN_POINT('Ctrl Pts',(-2.50344583629996,-2.39280508800248,-9.16824637646229));
#3859=CARTESIAN_POINT('Ctrl Pts',(0.311563881723865,-3.60756972019862,-9.0278975459386));
#3860=CARTESIAN_POINT('Ctrl Pts',(3.18504332278002,-1.72454523531635,-8.87053006125148));
#3861=CARTESIAN_POINT('Ctrl Pts',(3.19137952848085,1.71347545084282,-8.71316257656434));
#3862=CARTESIAN_POINT('Ctrl Pts',(0.323059052469747,3.6073978891567,-8.55579509187721));
#3863=CARTESIAN_POINT('Ctrl Pts',(-2.49785853653358,2.39806347096731,-8.41526641729661));
#3864=CARTESIAN_POINT('Ctrl Pts',(-3.06597366739538,0.686669129936605,-8.32719357094506));
#3865=CARTESIAN_POINT('Ctrl Pts',(-3.0710500626907,-0.00236002843979125,
-8.29157655282255));
#3866=CARTESIAN_POINT('Ctrl Pts',(1.91346599666506,-1.63598720337495,-9.5));
#3867=CARTESIAN_POINT('Ctrl Pts',(2.45267051056822,-1.00532854023042,-9.44754417177096));
#3868=CARTESIAN_POINT('Ctrl Pts',(2.85036676632712,0.819808420179602,-9.34263251531288));
#3869=CARTESIAN_POINT('Ctrl Pts',(0.878447747912795,2.83566218213146,-9.18526503062572));
#3870=CARTESIAN_POINT('Ctrl Pts',(-1.88412330968482,2.29063006446731,-9.02789754593862));
#3871=CARTESIAN_POINT('Ctrl Pts',(-2.95011028774394,-0.313666510643398,
-8.87053006125147));
#3872=CARTESIAN_POINT('Ctrl Pts',(-1.35924450722229,-2.63734058579119,-8.71316257656435));
#3873=CARTESIAN_POINT('Ctrl Pts',(1.45565868452305,-2.58495980825999,-8.55579509187721));
#3874=CARTESIAN_POINT('Ctrl Pts',(2.9596744669919,-0.205161745401132,-8.39842760719008));
#3875=CARTESIAN_POINT('Ctrl Pts',(1.79830421702449,2.3596586343334,-8.24106012250295));
#3876=CARTESIAN_POINT('Ctrl Pts',(-0.98254541104824,2.79932186797821,-8.08369263781581));
#3877=CARTESIAN_POINT('Ctrl Pts',(-2.87855457330484,0.718090462113201,-7.92632515312869));
#3878=CARTESIAN_POINT('Ctrl Pts',(-2.18224237508585,-2.00986349509403,-7.76895766844156));
#3879=CARTESIAN_POINT('Ctrl Pts',(0.479315454668771,-2.9277896801043,-7.61159018375442));
#3880=CARTESIAN_POINT('Ctrl Pts',(2.70922005048704,-1.20906702765229,-7.45422269906729));
#3881=CARTESIAN_POINT('Ctrl Pts',(2.49930124758696,1.59850177973652,-7.29685521438017));
#3882=CARTESIAN_POINT('Ctrl Pts',(0.0386045299791033,2.96651642955489,-7.13948772969303));
#3883=CARTESIAN_POINT('Ctrl Pts',(-2.4568580661335,1.66299777192406,-6.9821202450059));
#3884=CARTESIAN_POINT('Ctrl Pts',(-2.73976533252733,-1.13815576443797,-6.82475276031877));
#3885=CARTESIAN_POINT('Ctrl Pts',(-0.555341528489643,-2.91432802982197,
-6.66738527563163));
#3886=CARTESIAN_POINT('Ctrl Pts',(2.1292022782741,-2.06596471169435,-6.51001779094451));
#3887=CARTESIAN_POINT('Ctrl Pts',(2.89626544223016,0.642929939901421,-6.35265030625737));
#3888=CARTESIAN_POINT('Ctrl Pts',(1.05505932247975,2.77282566842096,-6.19528282157024));
#3889=CARTESIAN_POINT('Ctrl Pts',(-1.73629411118649,2.40561742256221,-6.03791533688311));
#3890=CARTESIAN_POINT('Ctrl Pts',(-2.96400543571581,-0.128000706714377,
-5.88054785219599));
#3891=CARTESIAN_POINT('Ctrl Pts',(-1.52244334750106,-2.54634613820956,-5.72318036750884));
#3892=CARTESIAN_POINT('Ctrl Pts',(1.29017477966796,-2.67154663815433,-5.56581288282172));
#3893=CARTESIAN_POINT('Ctrl Pts',(2.9409093292025,-0.390851277702897,-5.40844539813458));
#3894=CARTESIAN_POINT('Ctrl Pts',(1.94316996387839,2.24183026024642,-5.25107791344746));
#3895=CARTESIAN_POINT('Ctrl Pts',(-0.804516235431289,2.85560256134026,-5.09371042876032));
#3896=CARTESIAN_POINT('Ctrl Pts',(-2.82768493436848,0.897725086774249,-4.9363429440732));
#3897=CARTESIAN_POINT('Ctrl Pts',(-2.3043454173392,-1.86861037387727,-4.77897545938605));
#3898=CARTESIAN_POINT('Ctrl Pts',(0.294202169815902,-2.95214450221306,-4.62160797469893));
#3899=CARTESIAN_POINT('Ctrl Pts',(2.62780216196085,-1.37708693227256,-4.4642404900118));
#3900=CARTESIAN_POINT('Ctrl Pts',(2.59490099836196,1.43812445749656,-4.30687300532467));
#3901=CARTESIAN_POINT('Ctrl Pts',(0.225128092555392,2.95821354511406,-4.14950552063753));
#3902=CARTESIAN_POINT('Ctrl Pts',(-2.347386632118,1.81424658339607,-3.99213803595041));
#3903=CARTESIAN_POINT('Ctrl Pts',(-2.80593235364206,-0.963566285266198,
-3.83477055126327));
#3904=CARTESIAN_POINT('Ctrl Pts',(-0.737558699435704,-2.87362190987197,
-3.67740306657614));
#3905=CARTESIAN_POINT('Ctrl Pts',(1.99503159395599,-2.19581009917737,-3.52003558188901));
#3906=CARTESIAN_POINT('Ctrl Pts',(2.93097304882363,0.459485941397282,-3.36266809720188));
#3907=CARTESIAN_POINT('Ctrl Pts',(1.22738373581819,2.70094938315437,-3.20530061251475));
#3908=CARTESIAN_POINT('Ctrl Pts',(-1.58153207963227,2.51010820656126,-3.04793312782762));
#3909=CARTESIAN_POINT('Ctrl Pts',(-2.96619753002213,0.0586217129603751,
-2.89056564314049));
#3910=CARTESIAN_POINT('Ctrl Pts',(-1.67957935744937,-2.44539824940169,-2.73319815845335));
#3911=CARTESIAN_POINT('Ctrl Pts',(1.11953640363867,-2.74768070139221,-2.57583067376622));
#3912=CARTESIAN_POINT('Ctrl Pts',(2.9105724217648,-0.574548141946378,-2.41846318907909));
#3913=CARTESIAN_POINT('Ctrl Pts',(2.08019765981043,2.11416282117967,-2.26109570439196));
#3914=CARTESIAN_POINT('Ctrl Pts',(-0.623020053662702,2.90249831519637,-2.10372821970483));
#3915=CARTESIAN_POINT('Ctrl Pts',(-2.76625184552245,1.06982581550603,-1.9463607350177));
#3916=CARTESIAN_POINT('Ctrl Pts',(-2.53229499609215,-0.783428465132229,
-1.84144907855961));
#3917=CARTESIAN_POINT('Ctrl Pts',(-2.05125818166092,-1.45950201170438,-1.78899325033057));
#3918=CARTESIAN_POINT('Ctrl Pts',(2.05433155034209,-1.75642532122685,-9.60700224988981));
#3919=CARTESIAN_POINT('Ctrl Pts',(2.63323122607645,-1.07933882402627,-9.55454642166077));
#3920=CARTESIAN_POINT('Ctrl Pts',(3.06020508768798,0.88016108242652,-9.44963476520268));
#3921=CARTESIAN_POINT('Ctrl Pts',(0.943117320615807,3.04441798130592,-9.29226728051555));
#3922=CARTESIAN_POINT('Ctrl Pts',(-2.02282871321805,2.45926168523445,-9.13489979582841));
#3923=CARTESIAN_POINT('Ctrl Pts',(-3.16729152839083,-0.336758014108175,
-8.97753231114129));
#3924=CARTESIAN_POINT('Ctrl Pts',(-1.45930937925348,-2.83149634424202,-8.82016482645415));
#3925=CARTESIAN_POINT('Ctrl Pts',(1.5628213761609,-2.77525939824907,-8.66279734176702));
#3926=CARTESIAN_POINT('Ctrl Pts',(3.17755980345631,-0.220265344268134,-8.5054298570799));
#3927=CARTESIAN_POINT('Ctrl Pts',(1.93069178996929,2.53337200085963,-8.34806237239276));
#3928=CARTESIAN_POINT('Ctrl Pts',(-1.05487844627404,3.0054023656407,-8.19069488770563));
#3929=CARTESIAN_POINT('Ctrl Pts',(-3.09046802484506,0.77095485098244,-8.0333274030185));
#3930=CARTESIAN_POINT('Ctrl Pts',(-2.34289471014679,-2.1578256405124,-7.87595991833136));
#3931=CARTESIAN_POINT('Ctrl Pts',(0.514601703301126,-3.14332772209543,-7.71859243364424));
#3932=CARTESIAN_POINT('Ctrl Pts',(2.9086674318933,-1.29807613289885,-7.5612249489571));
#3933=CARTESIAN_POINT('Ctrl Pts',(2.68329482503263,1.71618029539802,-7.40385746426997));
#3934=CARTESIAN_POINT('Ctrl Pts',(0.0414465185482343,3.18490545766909,-7.24648997958285));
#3935=CARTESIAN_POINT('Ctrl Pts',(-2.63772706113784,1.78542435400811,-7.0891224948957));
#3936=CARTESIAN_POINT('Ctrl Pts',(-2.94146139672927,-1.22194452379282,-6.93175501020858));
#3937=CARTESIAN_POINT('Ctrl Pts',(-0.596224665178189,-3.12887505194458,
-6.77438752552145));
#3938=CARTESIAN_POINT('Ctrl Pts',(2.28594990710169,-2.21805691688495,-6.61702004083431));
#3939=CARTESIAN_POINT('Ctrl Pts',(3.10948273264789,0.69026116089913,-6.45965255614719));
#3940=CARTESIAN_POINT('Ctrl Pts',(1.13273068736538,2.97695556867148,-6.30228507146005));
#3941=CARTESIAN_POINT('Ctrl Pts',(-1.86411662370813,2.58271418349496,-6.14491758677293));
#3942=CARTESIAN_POINT('Ctrl Pts',(-3.18220960946728,-0.137423863673425,
-5.98755010208579));
#3943=CARTESIAN_POINT('Ctrl Pts',(-1.63452259294437,-2.73380306675567,-5.83018261739866));
#3944=CARTESIAN_POINT('Ctrl Pts',(1.38515487599307,-2.86822057801714,-5.67281513271153));
#3945=CARTESIAN_POINT('Ctrl Pts',(3.15741321361648,-0.419624969911143,-5.51544764802439));
#3946=CARTESIAN_POINT('Ctrl Pts',(2.08622226443005,2.40686933667105,-5.35808016333727));
#3947=CARTESIAN_POINT('Ctrl Pts',(-0.863743117510045,3.06582633149653,-5.20071267865013));
#3948=CARTESIAN_POINT('Ctrl Pts',(-3.03585346445903,0.963813818749948,-5.04334519396301));
#3949=CARTESIAN_POINT('Ctrl Pts',(-2.47398673505395,-2.00617374598925,-4.88597770927587));
#3950=CARTESIAN_POINT('Ctrl Pts',(0.315860747295897,-3.16947549767555,-4.72861022458874));
#3951=CARTESIAN_POINT('Ctrl Pts',(2.82125572065668,-1.47846532808104,-4.5712427399016));
#3952=CARTESIAN_POINT('Ctrl Pts',(2.78593243895636,1.54399631428148,-4.41387525521448));
#3953=CARTESIAN_POINT('Ctrl Pts',(0.241701574112597,3.17599133142104,-4.25650777052734));
#3954=CARTESIAN_POINT('Ctrl Pts',(-2.52019655829577,1.94780780158451,-4.09914028584022));
#3955=CARTESIAN_POINT('Ctrl Pts',(-3.01249950208629,-1.03450211507196,-3.94177280115308));
#3956=CARTESIAN_POINT('Ctrl Pts',(-0.791856301141927,-3.08517222855967,
-3.78440531646595));
#3957=CARTESIAN_POINT('Ctrl Pts',(2.14190184436838,-2.35746126304928,-3.62703783177882));
#3958=CARTESIAN_POINT('Ctrl Pts',(3.14674544407631,0.493312380777208,-3.46967034709169));
#3959=CARTESIAN_POINT('Ctrl Pts',(1.3177412806199,2.8997878945127,-3.31230286240456));
#3960=CARTESIAN_POINT('Ctrl Pts',(-1.69796131978793,2.69489737079139,-3.15493537771743));
#3961=CARTESIAN_POINT('Ctrl Pts',(-3.18456308138821,0.0629373266519958,
-2.9975678930303));
#3962=CARTESIAN_POINT('Ctrl Pts',(-1.80322664281738,-2.62542359553441,-2.84020040834316));
#3963=CARTESIAN_POINT('Ctrl Pts',(1.2019544427546,-2.94995947927689,-2.68283292365604));
#3964=CARTESIAN_POINT('Ctrl Pts',(3.12484296350611,-0.616845231244251,-2.5254654389689));
#3965=CARTESIAN_POINT('Ctrl Pts',(2.2333376662791,2.26980327514537,-2.36809795428177));
#3966=CARTESIAN_POINT('Ctrl Pts',(-0.668885548510298,3.11617445730152,-2.21073046959464));
#3967=CARTESIAN_POINT('Ctrl Pts',(-2.96989779403096,1.14858426018281,-2.05336298490751));
#3968=CARTESIAN_POINT('Ctrl Pts',(-2.71871750755554,-0.841102907583539,
-1.94845132844942));
#3969=CARTESIAN_POINT('Ctrl Pts',(-2.20226772141643,-1.56694764143065,-1.89599550022038));
#3970=CARTESIAN_POINT('Ctrl Pts',(2.19519710401912,-1.87686343907875,-9.71400449977962));
#3971=CARTESIAN_POINT('Ctrl Pts',(2.81379194158468,-1.15334910782211,-9.66154867155058));
#3972=CARTESIAN_POINT('Ctrl Pts',(3.27004340904884,0.940513744673441,-9.55663701509248));
#3973=CARTESIAN_POINT('Ctrl Pts',(1.00778689331882,3.25317378048038,-9.39926953040537));
#3974=CARTESIAN_POINT('Ctrl Pts',(-2.16153411675129,2.62789330600159,-9.24190204571822));
#3975=CARTESIAN_POINT('Ctrl Pts',(-3.38447276903772,-0.359849517572954,
-9.0845345610311));
#3976=CARTESIAN_POINT('Ctrl Pts',(-1.55937425128468,-3.02565210269285,-8.92716707634397));
#3977=CARTESIAN_POINT('Ctrl Pts',(1.66998406779874,-2.96555898823816,-8.76979959165683));
#3978=CARTESIAN_POINT('Ctrl Pts',(3.39544513992072,-0.235368943135135,-8.6124321069697));
#3979=CARTESIAN_POINT('Ctrl Pts',(2.06307936291409,2.70708536738586,-8.45506462228258));
#3980=CARTESIAN_POINT('Ctrl Pts',(-1.12721148149983,3.21148286330318,-8.29769713759543));
#3981=CARTESIAN_POINT('Ctrl Pts',(-3.30238147638528,0.823819239851679,-8.14032965290831));
#3982=CARTESIAN_POINT('Ctrl Pts',(-2.50354704520773,-2.30578778593077,-7.98296216822117));
#3983=CARTESIAN_POINT('Ctrl Pts',(0.549887951933475,-3.35886576408655,-7.82559468353405));
#3984=CARTESIAN_POINT('Ctrl Pts',(3.10811481329957,-1.38708523814542,-7.66822719884691));
#3985=CARTESIAN_POINT('Ctrl Pts',(2.86728840247829,1.83385881105953,-7.51085971415979));
#3986=CARTESIAN_POINT('Ctrl Pts',(0.0442885071173676,3.40329448578329,-7.35349222947265));
#3987=CARTESIAN_POINT('Ctrl Pts',(-2.81859605614217,1.90785093609216,-7.19612474478552));
#3988=CARTESIAN_POINT('Ctrl Pts',(-3.14315746093122,-1.30573328314767,-7.03875726009839));
#3989=CARTESIAN_POINT('Ctrl Pts',(-0.637107801866732,-3.34342207406719,
-6.88138977541126));
#3990=CARTESIAN_POINT('Ctrl Pts',(2.44269753592928,-2.37014912207556,-6.72402229072412));
#3991=CARTESIAN_POINT('Ctrl Pts',(3.32270002306564,0.737592381896833,-6.566654806037));
#3992=CARTESIAN_POINT('Ctrl Pts',(1.21040205225101,3.18108546892201,-6.40928732134986));
#3993=CARTESIAN_POINT('Ctrl Pts',(-1.99193913622977,2.7598109444277,-6.25191983666274));
#3994=CARTESIAN_POINT('Ctrl Pts',(-3.40041378321876,-0.146847020632466,
-6.0945523519756));
#3995=CARTESIAN_POINT('Ctrl Pts',(-1.74660183838768,-2.92125999530178,-5.93718486728847));
#3996=CARTESIAN_POINT('Ctrl Pts',(1.48013497231817,-3.06489451787994,-5.77981738260134));
#3997=CARTESIAN_POINT('Ctrl Pts',(3.37391709803047,-0.448398662119395,-5.6224498979142));
#3998=CARTESIAN_POINT('Ctrl Pts',(2.2292745649817,2.57190841309568,-5.46508241322708));
#3999=CARTESIAN_POINT('Ctrl Pts',(-0.922969999588797,3.27605010165279,-5.30771492853995));
#4000=CARTESIAN_POINT('Ctrl Pts',(-3.24402199454958,1.02990255072565,-5.15034744385281));
#4001=CARTESIAN_POINT('Ctrl Pts',(-2.64362805276869,-2.14373711810123,-4.99297995916568));
#4002=CARTESIAN_POINT('Ctrl Pts',(0.337519324775887,-3.38680649313805,-4.83561247447855));
#4003=CARTESIAN_POINT('Ctrl Pts',(3.0147092793525,-1.57984372388952,-4.67824498979142));
#4004=CARTESIAN_POINT('Ctrl Pts',(2.97696387955077,1.6498681710664,-4.52087750510429));
#4005=CARTESIAN_POINT('Ctrl Pts',(0.258275055669803,3.39376911772801,-4.36351002041715));
#4006=CARTESIAN_POINT('Ctrl Pts',(-2.69300648447354,2.08136901977295,-4.20614253573003));
#4007=CARTESIAN_POINT('Ctrl Pts',(-3.21906665053051,-1.10543794487772,-4.04877505104289));
#4008=CARTESIAN_POINT('Ctrl Pts',(-0.84615390284815,-3.29672254724736,-3.89140756635577));
#4009=CARTESIAN_POINT('Ctrl Pts',(2.28877209478076,-2.51911242692119,-3.73404008166863));
#4010=CARTESIAN_POINT('Ctrl Pts',(3.362517839329,0.527138820157135,-3.5766725969815));
#4011=CARTESIAN_POINT('Ctrl Pts',(1.40809882542161,3.09862640587104,-3.41930511229437));
#4012=CARTESIAN_POINT('Ctrl Pts',(-1.81439055994358,2.87968653502152,-3.26193762760724));
#4013=CARTESIAN_POINT('Ctrl Pts',(-3.40292863275429,0.0672529403436156,
-3.10457014292011));
#4014=CARTESIAN_POINT('Ctrl Pts',(-1.92687392818539,-2.80544894166713,-2.94720265823298));
#4015=CARTESIAN_POINT('Ctrl Pts',(1.28437248187054,-3.15223825716157,-2.78983517354584));
#4016=CARTESIAN_POINT('Ctrl Pts',(3.33911350524742,-0.659142320542122,-2.63246768885871));
#4017=CARTESIAN_POINT('Ctrl Pts',(2.38647767274777,2.42544372911106,-2.47510020417158));
#4018=CARTESIAN_POINT('Ctrl Pts',(-0.714751043357891,3.32985059940668,-2.31773271948445));
#4019=CARTESIAN_POINT('Ctrl Pts',(-3.17354374253947,1.22734270485958,-2.16036523479732));
#4020=CARTESIAN_POINT('Ctrl Pts',(-2.90514001901893,-0.898777350034848,
-2.05545357833923));
#4021=CARTESIAN_POINT('Ctrl Pts',(-2.35327726117194,-1.67439327115691,-2.00299775011019));
#4022=CARTESIAN_POINT('Ctrl Pts',(2.33606265769615,-1.99730155693065,-9.82100674966943));
#4023=CARTESIAN_POINT('Ctrl Pts',(2.99435265709292,-1.22735939161795,-9.76855092144039));
#4024=CARTESIAN_POINT('Ctrl Pts',(3.4798817304097,1.00086640692036,-9.6636392649823));
#4025=CARTESIAN_POINT('Ctrl Pts',(1.07245646602184,3.46192957965484,-9.50627178029518));
#4026=CARTESIAN_POINT('Ctrl Pts',(-2.30023952028453,2.79652492676873,-9.34890429560803));
#4027=CARTESIAN_POINT('Ctrl Pts',(-3.60165400968461,-0.382941021037729,
-9.19153681092091));
#4028=CARTESIAN_POINT('Ctrl Pts',(-1.65943912331587,-3.21980786114369,-9.03416932623378));
#4029=CARTESIAN_POINT('Ctrl Pts',(1.77714675943658,-3.15585857822724,-8.87680184154665));
#4030=CARTESIAN_POINT('Ctrl Pts',(3.61333047638514,-0.250472542002137,-8.7194343568595));
#4031=CARTESIAN_POINT('Ctrl Pts',(2.19546693585889,2.88079873391209,-8.56206687217239));
#4032=CARTESIAN_POINT('Ctrl Pts',(-1.19954451672563,3.41756336096566,-8.40469938748524));
#4033=CARTESIAN_POINT('Ctrl Pts',(-3.51429492792549,0.876683628720921,-8.24733190279813));
#4034=CARTESIAN_POINT('Ctrl Pts',(-2.66419938026867,-2.45374993134915,-8.08996441811098));
#4035=CARTESIAN_POINT('Ctrl Pts',(0.58517420056583,-3.57440380607768,-7.93259693342387));
#4036=CARTESIAN_POINT('Ctrl Pts',(3.30756219470583,-1.47609434339198,-7.77522944873672));
#4037=CARTESIAN_POINT('Ctrl Pts',(3.05128197992395,1.95153732672103,-7.6178619640496));
#4038=CARTESIAN_POINT('Ctrl Pts',(0.0471304956865,3.62168351389749,-7.46049447936246));
#4039=CARTESIAN_POINT('Ctrl Pts',(-2.9994650511465,2.03027751817621,-7.30312699467533));
#4040=CARTESIAN_POINT('Ctrl Pts',(-3.34485352513317,-1.38952204250252,-7.1457595099882));
#4041=CARTESIAN_POINT('Ctrl Pts',(-0.677990938555282,-3.5579690961898,-6.98839202530107));
#4042=CARTESIAN_POINT('Ctrl Pts',(2.59944516475688,-2.52224132726616,-6.83102454061393));
#4043=CARTESIAN_POINT('Ctrl Pts',(3.53591731348337,0.784923602894542,-6.67365705592681));
#4044=CARTESIAN_POINT('Ctrl Pts',(1.28807341713664,3.38521536917253,-6.51628957123967));
#4045=CARTESIAN_POINT('Ctrl Pts',(-2.11976164875141,2.93690770536045,-6.35892208655255));
#4046=CARTESIAN_POINT('Ctrl Pts',(-3.61861795697023,-0.156270177591514,
-6.20155460186541));
#4047=CARTESIAN_POINT('Ctrl Pts',(-1.85868108383099,-3.10871692384789,-6.04418711717828));
#4048=CARTESIAN_POINT('Ctrl Pts',(1.57511506864328,-3.26156845774274,-5.88681963249115));
#4049=CARTESIAN_POINT('Ctrl Pts',(3.59042098244444,-0.477172354327644,-5.72945214780402));
#4050=CARTESIAN_POINT('Ctrl Pts',(2.37232686553336,2.73694748952031,-5.57208466311689));
#4051=CARTESIAN_POINT('Ctrl Pts',(-0.982196881667554,3.48627387180905,-5.41471717842976));
#4052=CARTESIAN_POINT('Ctrl Pts',(-3.45219052464013,1.09599128270135,-5.25734969374262));
#4053=CARTESIAN_POINT('Ctrl Pts',(-2.81326937048343,-2.28130049021322,-5.0999822090555));
#4054=CARTESIAN_POINT('Ctrl Pts',(0.35917790225588,-3.60413748860053,-4.94261472436836));
#4055=CARTESIAN_POINT('Ctrl Pts',(3.20816283804833,-1.681222119698,-4.78524723968124));
#4056=CARTESIAN_POINT('Ctrl Pts',(3.16799532014517,1.75574002785132,-4.62787975499409));
#4057=CARTESIAN_POINT('Ctrl Pts',(0.274848537227011,3.61154690403498,-4.47051227030697));
#4058=CARTESIAN_POINT('Ctrl Pts',(-2.86581641065131,2.21493023796139,-4.31314478561983));
#4059=CARTESIAN_POINT('Ctrl Pts',(-3.42563379897473,-1.17637377468348,-4.15577730093271));
#4060=CARTESIAN_POINT('Ctrl Pts',(-0.900451504554376,-3.50827286593506,
-3.99840981624557));
#4061=CARTESIAN_POINT('Ctrl Pts',(2.43564234519315,-2.6807635907931,-3.84104233155844));
#4062=CARTESIAN_POINT('Ctrl Pts',(3.57829023458169,0.56096525953706,-3.68367484687131));
#4063=CARTESIAN_POINT('Ctrl Pts',(1.49845637022332,3.29746491722938,-3.52630736218418));
#4064=CARTESIAN_POINT('Ctrl Pts',(-1.93081980009923,3.06447569925165,-3.36893987749705));
#4065=CARTESIAN_POINT('Ctrl Pts',(-3.62129418412037,0.0715685540352349,
-3.21157239280992));
#4066=CARTESIAN_POINT('Ctrl Pts',(-2.05052121355339,-2.98547428779984,-3.05420490812278));
#4067=CARTESIAN_POINT('Ctrl Pts',(1.36679052098647,-3.35451703504626,-2.89683742343566));
#4068=CARTESIAN_POINT('Ctrl Pts',(3.55338404698872,-0.701439409839994,-2.73946993874852));
#4069=CARTESIAN_POINT('Ctrl Pts',(2.53961767921643,2.58108418307675,-2.5821024540614));
#4070=CARTESIAN_POINT('Ctrl Pts',(-0.760616538205488,3.54352674151183,-2.42473496937426));
#4071=CARTESIAN_POINT('Ctrl Pts',(-3.37718969104797,1.30610114953636,-2.26736748468713));
#4072=CARTESIAN_POINT('Ctrl Pts',(-3.09156253048232,-0.956451792486159,
-2.16245582822904));
#4073=CARTESIAN_POINT('Ctrl Pts',(-2.50428680092745,-1.78183890088318,-2.11));
#4074=CARTESIAN_POINT('Ctrl Pts',(-2.50428680092745,-1.78183890088318,-2.11));
#4075=CARTESIAN_POINT('Ctrl Pts',(-2.55525798053768,-1.69463752952356,-2.11));
#4076=CARTESIAN_POINT('Ctrl Pts',(-2.60147945937606,-1.60489732043689,-2.11));
#4077=CARTESIAN_POINT('Ctrl Pts',(-2.64296778324871,-1.5130178635382,-2.11));
#4078=CARTESIAN_POINT('Ctrl Pts',(-2.68502917948392,-1.41986928866795,-2.11));
#4079=CARTESIAN_POINT('Ctrl Pts',(-2.72222583021943,-1.32452099401091,-2.11));
#4080=CARTESIAN_POINT('Ctrl Pts',(-2.75452285393439,-1.22737972981484,-2.11));
#4081=CARTESIAN_POINT('Ctrl Pts',(-2.76367749679022,-1.19984488362818,-2.11));
#4082=CARTESIAN_POINT('Ctrl Pts',(-2.77243815936678,-1.1721659730252,-2.11));
#4083=CARTESIAN_POINT('Ctrl Pts',(-2.78080328823876,-1.14435229075128,-2.11));
#4084=CARTESIAN_POINT('Ctrl Pts',(-2.78746026581494,-1.12221813573197,-2.11));
#4085=CARTESIAN_POINT('Ctrl Pts',(-2.79386730860502,-1.09999614237188,-2.11));
#4086=CARTESIAN_POINT('Ctrl Pts',(-2.80001761582877,-1.07771362293336,-2.11));
#4087=CARTESIAN_POINT('Ctrl Pts',(-2.82687141809787,-0.980422487825704,
-2.11));
#4088=CARTESIAN_POINT('Ctrl Pts',(-2.84886319067738,-0.881888020730509,
-2.11));
#4089=CARTESIAN_POINT('Ctrl Pts',(-2.86597519127329,-0.782507892670292,
-2.11));
#4090=CARTESIAN_POINT('Ctrl Pts',(-2.87909368676567,-0.706320555328697,
-2.11));
#4091=CARTESIAN_POINT('Ctrl Pts',(-2.88934319571561,-0.629635921788036,
-2.11));
#4092=CARTESIAN_POINT('Ctrl Pts',(-2.89669507724686,-0.552635246374518,
-2.11));
#4093=CARTESIAN_POINT('Ctrl Pts',(-2.9005624125819,-0.512130318270984,-2.11));
#4094=CARTESIAN_POINT('Ctrl Pts',(-2.90362764516747,-0.47153799753387,-2.11));
#4095=CARTESIAN_POINT('Ctrl Pts',(-2.90588464109819,-0.430885272935126,
-2.11));
#4096=CARTESIAN_POINT('Ctrl Pts',(-2.90677100028351,-0.414920283647386,
-2.11));
#4097=CARTESIAN_POINT('Ctrl Pts',(-2.90753260256223,-0.398946325959008,
-2.11));
#4098=CARTESIAN_POINT('Ctrl Pts',(-2.90816870285204,-0.382978845130229,
-2.11));
#4099=CARTESIAN_POINT('Ctrl Pts',(-2.91208884927691,-0.284574766578402,
-2.11));
#4100=CARTESIAN_POINT('Ctrl Pts',(-2.91125478122578,-0.186281666186717,
-2.11));
#4101=CARTESIAN_POINT('Ctrl Pts',(-2.90565395883542,-0.0884683756533298,
-2.11));
#4102=CARTESIAN_POINT('Ctrl Pts',(-2.90015681640697,0.00753423824522728,
-2.11));
#4103=CARTESIAN_POINT('Ctrl Pts',(-2.89006753177331,0.103075472755157,-2.11));
#4104=CARTESIAN_POINT('Ctrl Pts',(-2.87532634987663,0.197795060632503,-2.11));
#4105=CARTESIAN_POINT('Ctrl Pts',(-2.8608663919972,0.290707641228997,-2.11));
#4106=CARTESIAN_POINT('Ctrl Pts',(-2.84193012787979,0.382830322292457,-2.11));
#4107=CARTESIAN_POINT('Ctrl Pts',(-2.81841787873809,0.473800710782314,-2.11));
#4108=CARTESIAN_POINT('Ctrl Pts',(-2.8063376942043,0.520539713650337,-2.11));
#4109=CARTESIAN_POINT('Ctrl Pts',(-2.7930488874953,0.566974113912208,-2.11));
#4110=CARTESIAN_POINT('Ctrl Pts',(-2.77853362482772,0.613051506352237,-2.11));
#4111=CARTESIAN_POINT('Ctrl Pts',(-2.77127434843619,0.636095424659691,-2.11));
#4112=CARTESIAN_POINT('Ctrl Pts',(-2.76370827361792,0.659050011766821,-2.11));
#4113=CARTESIAN_POINT('Ctrl Pts',(-2.75583289834915,0.681908463082989,-2.11));
#4114=CARTESIAN_POINT('Ctrl Pts',(-2.75093906521956,0.696112922238813,-2.11));
#4115=CARTESIAN_POINT('Ctrl Pts',(-2.74592867903816,0.710271802876125,-2.11));
#4116=CARTESIAN_POINT('Ctrl Pts',(-2.74080301803273,0.724379690466501,-2.11));
#4117=CARTESIAN_POINT('Ctrl Pts',(-2.70909487122253,0.811653306576322,-2.11));
#4118=CARTESIAN_POINT('Ctrl Pts',(-2.67296183404704,0.897027449965003,-2.11));
#4119=CARTESIAN_POINT('Ctrl Pts',(-2.63234885597034,0.980169919751812,-2.11));
#4120=CARTESIAN_POINT('Ctrl Pts',(-2.62671676807654,0.991699871991758,-2.11));
#4121=CARTESIAN_POINT('Ctrl Pts',(-2.62099845338209,1.00318686607767,-2.11));
#4122=CARTESIAN_POINT('Ctrl Pts',(-2.61519369625675,1.01462997468223,-2.11));
#4123=CARTESIAN_POINT('Ctrl Pts',(-2.57260753635911,1.09858147208975,-2.11));
#4124=CARTESIAN_POINT('Ctrl Pts',(-2.52537193083137,1.18017386248791,-2.11));
#4125=CARTESIAN_POINT('Ctrl Pts',(-2.47382103598893,1.25917431274721,-2.11));
#4126=CARTESIAN_POINT('Ctrl Pts',(-2.42017343857549,1.34138790698151,-2.11));
#4127=CARTESIAN_POINT('Ctrl Pts',(-2.36185158609302,1.42079534695676,-2.11));
#4128=CARTESIAN_POINT('Ctrl Pts',(-2.29919702024651,1.49708724146073,-2.11));
#4129=CARTESIAN_POINT('Ctrl Pts',(-2.27741425095492,1.5236112260155,-2.11));
#4130=CARTESIAN_POINT('Ctrl Pts',(-2.25510754147034,1.5497581643475,-2.11));
#4131=CARTESIAN_POINT('Ctrl Pts',(-2.23229059592697,1.57551348160141,-2.11));
#4132=CARTESIAN_POINT('Ctrl Pts',(-2.22295400054556,1.58605244597167,-2.11));
#4133=CARTESIAN_POINT('Ctrl Pts',(-2.21353005420844,1.59652791368351,-2.11));
#4134=CARTESIAN_POINT('Ctrl Pts',(-2.20402613873385,1.60693180285891,-2.11));
#4135=CARTESIAN_POINT('Ctrl Pts',(-2.14128751933682,1.67561145862489,-2.11));
#4136=CARTESIAN_POINT('Ctrl Pts',(-2.07518623866623,1.74104769428351,-2.11));
#4137=CARTESIAN_POINT('Ctrl Pts',(-2.00605521905993,1.80303341076011,-2.11));
#4138=CARTESIAN_POINT('Ctrl Pts',(-1.93701762579575,1.86493535733448,-2.11));
#4139=CARTESIAN_POINT('Ctrl Pts',(-1.86495756119181,1.92339658596282,-2.11));
#4140=CARTESIAN_POINT('Ctrl Pts',(-1.79017889824119,1.97816719251294,-2.11));
#4141=CARTESIAN_POINT('Ctrl Pts',(-1.71661766321515,2.03204611066921,-2.11));
#4142=CARTESIAN_POINT('Ctrl Pts',(-1.64042476332823,2.08235391910768,-2.11));
#4143=CARTESIAN_POINT('Ctrl Pts',(-1.56187590274287,2.12880470686354,-2.11));
#4144=CARTESIAN_POINT('Ctrl Pts',(-1.52238702373131,2.15215691750051,-2.11));
#4145=CARTESIAN_POINT('Ctrl Pts',(-1.48230256980404,2.17453352260072,-2.11));
#4146=CARTESIAN_POINT('Ctrl Pts',(-1.44165726898025,2.19589310950003,-2.11));
#4147=CARTESIAN_POINT('Ctrl Pts',(-1.42397567074584,2.20518499875541,-2.11));
#4148=CARTESIAN_POINT('Ctrl Pts',(-1.40618793668432,2.21428437776007,-2.11));
#4149=CARTESIAN_POINT('Ctrl Pts',(-1.38829693925469,2.22318762223507,-2.11));
#4150=CARTESIAN_POINT('Ctrl Pts',(-1.37459868258932,2.23000439857484,-2.11));
#4151=CARTESIAN_POINT('Ctrl Pts',(-1.36084748366373,2.23670237277066,-2.11));
#4152=CARTESIAN_POINT('Ctrl Pts',(-1.34705089732929,2.24327749029974,-2.11));
#4153=CARTESIAN_POINT('Ctrl Pts',(-1.26666298410238,2.28158841479743,-2.11));
#4154=CARTESIAN_POINT('Ctrl Pts',(-1.18466963302261,2.31576507799429,-2.11));
#4155=CARTESIAN_POINT('Ctrl Pts',(-1.10134483564391,2.34558145339245,-2.11));
#4156=CARTESIAN_POINT('Ctrl Pts',(-1.01942384957772,2.37489549855522,-2.11));
#4157=CARTESIAN_POINT('Ctrl Pts',(-0.936215128879817,2.39999516686903,-2.11));
#4158=CARTESIAN_POINT('Ctrl Pts',(-0.851972992258248,2.42061617016853,-2.11));
#4159=CARTESIAN_POINT('Ctrl Pts',(-0.770256209728056,2.44061901090545,-2.11));
#4160=CARTESIAN_POINT('Ctrl Pts',(-0.687566419437089,2.45640774335255,-2.11));
#4161=CARTESIAN_POINT('Ctrl Pts',(-0.604140097670689,2.46769223421391,-2.11));
#4162=CARTESIAN_POINT('Ctrl Pts',(-0.58014389963686,2.4709380308844,-2.11));
#4163=CARTESIAN_POINT('Ctrl Pts',(-0.556086825949336,2.47381085755081,-2.11));
#4164=CARTESIAN_POINT('Ctrl Pts',(-0.531974681283285,2.47630301724161,-2.11));
#4165=CARTESIAN_POINT('Ctrl Pts',(-0.498977426096619,2.47971351557853,-2.11));
#4166=CARTESIAN_POINT('Ctrl Pts',(-0.465877008780397,2.48241112698319,-2.11));
#4167=CARTESIAN_POINT('Ctrl Pts',(-0.432693931829079,2.48440037866914,-2.11));
#4168=CARTESIAN_POINT('Ctrl Pts',(1.91346599666506,-1.63598720337495,-9.5));
#4169=CARTESIAN_POINT('Ctrl Pts',(1.97563388221867,-1.57756465642597,-9.5));
#4170=CARTESIAN_POINT('Ctrl Pts',(2.0344298446972,-1.51589054486652,-9.5));
#4171=CARTESIAN_POINT('Ctrl Pts',(2.08984020724341,-1.45134075571108,-9.5));
#4172=CARTESIAN_POINT('Ctrl Pts',(2.14660090598959,-1.38521790489368,-9.5));
#4173=CARTESIAN_POINT('Ctrl Pts',(2.19980945289633,-1.31607701815096,-9.5));
#4174=CARTESIAN_POINT('Ctrl Pts',(2.2494223052266,-1.2442758680591,-9.5));
#4175=CARTESIAN_POINT('Ctrl Pts',(2.26243100368908,-1.22544930463987,-9.5));
#4176=CARTESIAN_POINT('Ctrl Pts',(2.27519232215117,-1.20643962674299,-9.5));
#4177=CARTESIAN_POINT('Ctrl Pts',(2.28770509448498,-1.18725284407254,-9.5));
#4178=CARTESIAN_POINT('Ctrl Pts',(2.2977783355134,-1.17180677974377,-9.5));
#4179=CARTESIAN_POINT('Ctrl Pts',(2.30769085368298,-1.15624516674629,-9.5));
#4180=CARTESIAN_POINT('Ctrl Pts',(2.31743342670878,-1.14058535035494,-9.5));
#4181=CARTESIAN_POINT('Ctrl Pts',(2.3649129189838,-1.06426874185612,-9.5));
#4182=CARTESIAN_POINT('Ctrl Pts',(2.40840977790011,-0.985546684324626,-9.5));
#4183=CARTESIAN_POINT('Ctrl Pts',(2.44788747024329,-0.904810795308996,-9.5));
#4184=CARTESIAN_POINT('Ctrl Pts',(2.47954672930037,-0.840064396169717,-9.5));
#4185=CARTESIAN_POINT('Ctrl Pts',(2.50862063723347,-0.77402175623528,-9.5));
#4186=CARTESIAN_POINT('Ctrl Pts',(2.53507356904503,-0.706867426242439,-9.5));
#4187=CARTESIAN_POINT('Ctrl Pts',(2.54435703961797,-0.683300085927384,-9.5));
#4188=CARTESIAN_POINT('Ctrl Pts',(2.55331756341793,-0.659595710319901,-9.5));
#4189=CARTESIAN_POINT('Ctrl Pts',(2.56195311471177,-0.635761924599729,-9.5));
#4190=CARTESIAN_POINT('Ctrl Pts',(2.56867618362876,-0.617206515860093,-9.5));
#4191=CARTESIAN_POINT('Ctrl Pts',(2.57520311578305,-0.598569827412982,-9.5));
#4192=CARTESIAN_POINT('Ctrl Pts',(2.58152517311151,-0.579879144036766,-9.5));
#4193=CARTESIAN_POINT('Ctrl Pts',(2.6110909905143,-0.492470045522711,-9.5));
#4194=CARTESIAN_POINT('Ctrl Pts',(2.63621793858964,-0.403779891766144,-9.5));
#4195=CARTESIAN_POINT('Ctrl Pts',(2.65687155894478,-0.314205497167387,-9.5));
#4196=CARTESIAN_POINT('Ctrl Pts',(2.67784015862349,-0.223265042684967,-9.5));
#4197=CARTESIAN_POINT('Ctrl Pts',(2.69419845068369,-0.131412366380515,-9.5));
#4198=CARTESIAN_POINT('Ctrl Pts',(2.70586858341038,-0.0390295861242191,
-9.5));
#4199=CARTESIAN_POINT('Ctrl Pts',(2.71744694261775,0.0526266991498476,-9.5));
#4200=CARTESIAN_POINT('Ctrl Pts',(2.72441093449594,0.144805710813173,-9.5));
#4201=CARTESIAN_POINT('Ctrl Pts',(2.72663758580633,0.23715346002582,-9.5));
#4202=CARTESIAN_POINT('Ctrl Pts',(2.72772485251382,0.282246570366584,-9.5));
#4203=CARTESIAN_POINT('Ctrl Pts',(2.72768183179787,0.327380118764568,-9.5));
#4204=CARTESIAN_POINT('Ctrl Pts',(2.72648970065445,0.372513552076852,-9.5));
#4205=CARTESIAN_POINT('Ctrl Pts',(2.72611836669458,0.386572052776966,-9.5));
#4206=CARTESIAN_POINT('Ctrl Pts',(2.72563551821123,0.40063054307365,-9.5));
#4207=CARTESIAN_POINT('Ctrl Pts',(2.72504052383034,0.414687797511546,-9.5));
#4208=CARTESIAN_POINT('Ctrl Pts',(2.72441666521057,0.429426994440251,-9.5));
#4209=CARTESIAN_POINT('Ctrl Pts',(2.72366988322597,0.444155643757585,-9.5));
#4210=CARTESIAN_POINT('Ctrl Pts',(2.7228001691945,0.458868502875625,-9.5));
#4211=CARTESIAN_POINT('Ctrl Pts',(2.71715341810486,0.554393986253888,-9.5));
#4212=CARTESIAN_POINT('Ctrl Pts',(2.70632625855363,0.649303256304721,-9.5));
#4213=CARTESIAN_POINT('Ctrl Pts',(2.6902464177307,0.743202048761547,-9.5));
#4214=CARTESIAN_POINT('Ctrl Pts',(2.68841567491692,0.753892735404935,-9.5));
#4215=CARTESIAN_POINT('Ctrl Pts',(2.68651679193157,0.764570343539615,-9.5));
#4216=CARTESIAN_POINT('Ctrl Pts',(2.6845496214147,0.775234304955807,-9.5));
#4217=CARTESIAN_POINT('Ctrl Pts',(2.66794799568869,0.865231127636217,-9.5));
#4218=CARTESIAN_POINT('Ctrl Pts',(2.6464871731941,0.954255774258303,-9.5));
#4219=CARTESIAN_POINT('Ctrl Pts',(2.62046985054462,1.04207408358,-9.5));
#4220=CARTESIAN_POINT('Ctrl Pts',(2.59385811018655,1.1318987776056,-9.5));
#4221=CARTESIAN_POINT('Ctrl Pts',(2.56247908294875,1.22046208195099,-9.5));
#4222=CARTESIAN_POINT('Ctrl Pts',(2.52660240027704,1.30751023640591,-9.5));
#4223=CARTESIAN_POINT('Ctrl Pts',(2.51592894074869,1.33340741765016,-9.5));
#4224=CARTESIAN_POINT('Ctrl Pts',(2.50485705360342,1.35917043422399,-9.5));
#4225=CARTESIAN_POINT('Ctrl Pts',(2.49339298544616,1.3847924049784,-9.5));
#4226=CARTESIAN_POINT('Ctrl Pts',(2.48240604331768,1.40934800828037,-9.5));
#4227=CARTESIAN_POINT('Ctrl Pts',(2.47105888227315,1.4337740625531,-9.5));
#4228=CARTESIAN_POINT('Ctrl Pts',(2.45935668558904,1.45806439413251,-9.5));
#4229=CARTESIAN_POINT('Ctrl Pts',(2.45305099195233,1.47115316655778,-9.5));
#4230=CARTESIAN_POINT('Ctrl Pts',(2.44664610339093,1.48419440665741,-9.5));
#4231=CARTESIAN_POINT('Ctrl Pts',(2.44014451805372,1.49718469796813,-9.5));
#4232=CARTESIAN_POINT('Ctrl Pts',(2.39695302497533,1.58348212361627,-9.5));
#4233=CARTESIAN_POINT('Ctrl Pts',(2.34948093748128,1.66756775302314,-9.5));
#4234=CARTESIAN_POINT('Ctrl Pts',(2.29806823100398,1.7491884133533,-9.5));
#4235=CARTESIAN_POINT('Ctrl Pts',(2.245658437272,1.83239200766437,-9.5));
#4236=CARTESIAN_POINT('Ctrl Pts',(2.18915337688215,1.91303487643077,-9.5));
#4237=CARTESIAN_POINT('Ctrl Pts',(2.1288584216879,1.99084132311494,-9.5));
#4238=CARTESIAN_POINT('Ctrl Pts',(2.06812119028885,2.06921849648493,-9.5));
#4239=CARTESIAN_POINT('Ctrl Pts',(2.00353779656384,2.14471832541104,-9.5));
#4240=CARTESIAN_POINT('Ctrl Pts',(1.93537144469836,2.21703915484546,-9.5));
#4241=CARTESIAN_POINT('Ctrl Pts',(1.89923277062338,2.25538034242903,-9.5));
#4242=CARTESIAN_POINT('Ctrl Pts',(1.8620862787206,2.29282762002624,-9.5));
#4243=CARTESIAN_POINT('Ctrl Pts',(1.82396636967779,2.32933253945855,-9.5));
#4244=CARTESIAN_POINT('Ctrl Pts',(1.81273615369267,2.34008697565838,-9.5));
#4245=CARTESIAN_POINT('Ctrl Pts',(1.80142143405923,2.35075960513623,-9.5));
#4246=CARTESIAN_POINT('Ctrl Pts',(1.79002304102128,2.36134913954318,-9.5));
#4247=CARTESIAN_POINT('Ctrl Pts',(1.7785868560039,2.37197378411567,-9.5));
#4248=CARTESIAN_POINT('Ctrl Pts',(1.76707187244307,2.38250968874999,-9.5));
#4249=CARTESIAN_POINT('Ctrl Pts',(1.75548431481797,2.39295125326173,-9.5));
#4250=CARTESIAN_POINT('Ctrl Pts',(1.67968530804741,2.46125384512167,-9.5));
#4251=CARTESIAN_POINT('Ctrl Pts',(1.60071829212288,2.5255831508735,-9.5));
#4252=CARTESIAN_POINT('Ctrl Pts',(1.51890779587822,2.58565391721992,-9.5));
#4253=CARTESIAN_POINT('Ctrl Pts',(1.43702462062881,2.64577804937774,-9.5));
#4254=CARTESIAN_POINT('Ctrl Pts',(1.35229233706845,2.70163691428981,-9.5));
#4255=CARTESIAN_POINT('Ctrl Pts',(1.26499139920801,2.75291829726527,-9.5));
#4256=CARTESIAN_POINT('Ctrl Pts',(1.17940933974006,2.80318999508392,-9.5));
#4257=CARTESIAN_POINT('Ctrl Pts',(1.09135811963178,2.84906337238576,-9.50000000000001));
#4258=CARTESIAN_POINT('Ctrl Pts',(1.00106811711876,2.89020802934795,-9.50000000000001));
#4259=CARTESIAN_POINT('Ctrl Pts',(0.97041955645488,2.9041744096758,-9.50000000000001));
#4260=CARTESIAN_POINT('Ctrl Pts',(0.93951278730196,2.91759557194986,-9.5));
#4261=CARTESIAN_POINT('Ctrl Pts',(0.908356112141428,2.93045740181737,-9.5));
#4262=CARTESIAN_POINT('Ctrl Pts',(0.871140354883978,2.94582048968761,-9.5));
#4263=CARTESIAN_POINT('Ctrl Pts',(0.83356804807988,2.96038557351021,-9.5));
#4264=CARTESIAN_POINT('Ctrl Pts',(0.795661931340704,2.97415748618585,-9.5));
#4265=CARTESIAN_POINT('Ctrl Pts',(-2.51715572888489,0.00219926148163123,
-7.88741669750802));
#4266=CARTESIAN_POINT('Ctrl Pts',(-2.5189627215674,0.207363935913576,-7.90038618271491));
#4267=CARTESIAN_POINT('Ctrl Pts',(-2.49593769342279,0.412128192715381,-7.9133556679218));
#4268=CARTESIAN_POINT('Ctrl Pts',(-2.44650101322558,0.610303370222832,-7.92632515312869));
#4269=CARTESIAN_POINT('Ctrl Pts',(-2.24655151921931,1.4118342640682,-7.97878098135773));
#4270=CARTESIAN_POINT('Ctrl Pts',(-1.61454846513378,2.10557806602321,-8.03123680958677));
#4271=CARTESIAN_POINT('Ctrl Pts',(-0.835072000078889,2.37917276139324,-8.08369263781581));
#4272=CARTESIAN_POINT('Ctrl Pts',(-0.0555955350240003,2.65276745676328,
-8.13614846604486));
#4273=CARTESIAN_POINT('Ctrl Pts',(0.871354341000243,2.50621304554834,-8.18860429427391));
#4274=CARTESIAN_POINT('Ctrl Pts',(1.52839098734027,2.00546577665178,-8.24106012250295));
#4275=CARTESIAN_POINT('Ctrl Pts',(2.18542763368029,1.50471850775522,-8.293515950732));
#4276=CARTESIAN_POINT('Ctrl Pts',(2.57255105033609,0.649778381177041,-8.34597177896104));
#4277=CARTESIAN_POINT('Ctrl Pts',(2.51544346158585,-0.174324692588524,-8.39842760719008));
#4278=CARTESIAN_POINT('Ctrl Pts',(2.45833587283561,-0.998427766354087,-8.45088343541912));
#4279=CARTESIAN_POINT('Ctrl Pts',(1.95699727867933,-1.79169378730704,-8.50333926364817));
#4280=CARTESIAN_POINT('Ctrl Pts',(1.23717744964364,-2.19705692737205,-8.55579509187721));
#4281=CARTESIAN_POINT('Ctrl Pts',(0.517357620607938,-2.60242006743706,-8.60825092010626));
#4282=CARTESIAN_POINT('Ctrl Pts',(-0.420943443307175,-2.61988032661412,
-8.6607067483353));
#4283=CARTESIAN_POINT('Ctrl Pts',(-1.15523827201834,-2.24133144367803,-8.71316257656435));
#4284=CARTESIAN_POINT('Ctrl Pts',(-1.88953310072951,-1.86278256074193,-8.76561840479339));
#4285=CARTESIAN_POINT('Ctrl Pts',(-2.41982169423673,-1.08822453569266,-8.81807423302243));
#4286=CARTESIAN_POINT('Ctrl Pts',(-2.50730149464715,-0.26689609398291,-8.87053006125147));
#4287=CARTESIAN_POINT('Ctrl Pts',(-2.51668869157835,-0.178761784218191,
-8.87615894000365));
#4288=CARTESIAN_POINT('Ctrl Pts',(-2.52097703509075,-0.0900889225940574,
-8.88178781875584));
#4289=CARTESIAN_POINT('Ctrl Pts',(-2.5203642794907,-0.00135937708379469,
-8.88741669750802));
#4290=CARTESIAN_POINT('Origin',(-3.42660592399111E-16,0.,-9.5));
#4291=CARTESIAN_POINT('Ctrl Pts',(-0.79379928253289,2.96922295374569,-9.5));
#4292=CARTESIAN_POINT('Ctrl Pts',(-0.888657602731191,2.93452335648779,-9.5));
#4293=CARTESIAN_POINT('Ctrl Pts',(-0.981474533029787,2.89484000240595,-9.5));
#4294=CARTESIAN_POINT('Ctrl Pts',(-1.07200811189443,2.8504913212301,-9.5));
#4295=CARTESIAN_POINT('Ctrl Pts',(-1.16379213983541,2.80553009642007,-9.5));
#4296=CARTESIAN_POINT('Ctrl Pts',(-1.2532299743728,2.75577307980682,-9.5));
#4297=CARTESIAN_POINT('Ctrl Pts',(-1.3400354648981,2.70151143625537,-9.5));
#4298=CARTESIAN_POINT('Ctrl Pts',(-1.36464063755849,2.68613087564405,-9.5));
#4299=CARTESIAN_POINT('Ctrl Pts',(-1.38903407313757,2.67038818005909,-9.5));
#4300=CARTESIAN_POINT('Ctrl Pts',(-1.41320865122944,2.65428951934124,-9.5));
#4301=CARTESIAN_POINT('Ctrl Pts',(-1.43244667377849,2.64147827619471,-9.5));
#4302=CARTESIAN_POINT('Ctrl Pts',(-1.45154811014563,2.62844004170948,-9.5));
#4303=CARTESIAN_POINT('Ctrl Pts',(-1.47049031106815,2.61519152500209,-9.5));
#4304=CARTESIAN_POINT('Ctrl Pts',(-1.5531972377129,2.55734480993701,-9.5));
#4305=CARTESIAN_POINT('Ctrl Pts',(-1.63295043876588,2.49544093433299,-9.5));
#4306=CARTESIAN_POINT('Ctrl Pts',(-1.70948275727416,2.42977499217736,-9.5));
#4307=CARTESIAN_POINT('Ctrl Pts',(-1.76815438433807,2.37943380633522,-9.5));
#4308=CARTESIAN_POINT('Ctrl Pts',(-1.82493240870819,2.32688069212245,-9.5));
#4309=CARTESIAN_POINT('Ctrl Pts',(-1.87967922578392,2.27223704867352,-9.5));
#4310=CARTESIAN_POINT('Ctrl Pts',(-1.90847790283925,2.24349264443472,-9.5));
#4311=CARTESIAN_POINT('Ctrl Pts',(-1.93671425449791,2.21416962327054,-9.5));
#4312=CARTESIAN_POINT('Ctrl Pts',(-1.96436635107893,2.18428487003422,-9.5));
#4313=CARTESIAN_POINT('Ctrl Pts',(-1.97522576305987,2.17254865877115,-9.5));
#4314=CARTESIAN_POINT('Ctrl Pts',(-1.98599476498584,2.16072601442699,-9.5));
#4315=CARTESIAN_POINT('Ctrl Pts',(-1.99666293764106,2.14882836272047,-9.5));
#4316=CARTESIAN_POINT('Ctrl Pts',(-2.06240859399236,2.07550569109108,-9.5));
#4317=CARTESIAN_POINT('Ctrl Pts',(-2.12442032582381,1.99923807937378,-9.5));
#4318=CARTESIAN_POINT('Ctrl Pts',(-2.18245336773947,1.92030171693712,-9.5));
#4319=CARTESIAN_POINT('Ctrl Pts',(-2.23941210654172,1.84282661824138,-9.5));
#4320=CARTESIAN_POINT('Ctrl Pts',(-2.2925384472411,1.76277987202889,-9.5));
#4321=CARTESIAN_POINT('Ctrl Pts',(-2.34155670407823,1.68040097257083,-9.5));
#4322=CARTESIAN_POINT('Ctrl Pts',(-2.38963982333388,1.59959364276406,-9.5));
#4323=CARTESIAN_POINT('Ctrl Pts',(-2.43377038936279,1.51654162405243,-9.5));
#4324=CARTESIAN_POINT('Ctrl Pts',(-2.47364059960366,1.43146060053424,-9.5));
#4325=CARTESIAN_POINT('Ctrl Pts',(-2.49412523722159,1.38774741406236,-9.5));
#4326=CARTESIAN_POINT('Ctrl Pts',(-2.51348445259578,1.3434985172752,-9.5));
#4327=CARTESIAN_POINT('Ctrl Pts',(-2.53167110000248,1.29874292050147,-9.5));
#4328=CARTESIAN_POINT('Ctrl Pts',(-2.54076646321841,1.27636010306956,-9.5));
#4329=CARTESIAN_POINT('Ctrl Pts',(-2.54956849321358,1.25385055473723,-9.49999999999999));
#4330=CARTESIAN_POINT('Ctrl Pts',(-2.55807092475315,1.23121792353944,-9.49999999999999));
#4331=CARTESIAN_POINT('Ctrl Pts',(-2.56335445728594,1.2171536828949,-9.49999999999999));
#4332=CARTESIAN_POINT('Ctrl Pts',(-2.56851912993301,1.20305026600347,-9.5));
#4333=CARTESIAN_POINT('Ctrl Pts',(-2.5735624760511,1.18891266002367,-9.5));
#4334=CARTESIAN_POINT('Ctrl Pts',(-2.60476121472923,1.10145574864573,-9.5));
#4335=CARTESIAN_POINT('Ctrl Pts',(-2.63133974745976,1.01264184976635,-9.5));
#4336=CARTESIAN_POINT('Ctrl Pts',(-2.65304390359511,0.922691831359001,-9.5));
#4337=CARTESIAN_POINT('Ctrl Pts',(-2.65605378988362,0.910217753796753,-9.5));
#4338=CARTESIAN_POINT('Ctrl Pts',(-2.65896985359079,0.89772181215653,-9.49999999999999));
#4339=CARTESIAN_POINT('Ctrl Pts',(-2.66179133745464,0.885204583500479,-9.49999999999999));
#4340=CARTESIAN_POINT('Ctrl Pts',(-2.68249082570355,0.793373391128815,-9.49999999999999));
#4341=CARTESIAN_POINT('Ctrl Pts',(-2.69810409740331,0.700396218963185,-9.49999999999999));
#4342=CARTESIAN_POINT('Ctrl Pts',(-2.70874021220168,0.606665473781864,-9.49999999999999));
#4343=CARTESIAN_POINT('Ctrl Pts',(-2.71980892492517,0.509122460055705,-9.49999999999999));
#4344=CARTESIAN_POINT('Ctrl Pts',(-2.72548734651128,0.410762112267965,-9.5));
#4345=CARTESIAN_POINT('Ctrl Pts',(-2.72584142734636,0.312040534626486,-9.5));
#4346=CARTESIAN_POINT('Ctrl Pts',(-2.72596452844069,0.277718614212459,-9.5));
#4347=CARTESIAN_POINT('Ctrl Pts',(-2.72544359044198,0.243353238197474,-9.5));
#4348=CARTESIAN_POINT('Ctrl Pts',(-2.72427988225521,0.208964372231913,-9.5));
#4349=CARTESIAN_POINT('Ctrl Pts',(-2.72380370100683,0.194892688873577,-9.5));
#4350=CARTESIAN_POINT('Ctrl Pts',(-2.72321974216522,0.18081425073712,-9.5));
#4351=CARTESIAN_POINT('Ctrl Pts',(-2.72252854190505,0.166739989701081,-9.5));
#4352=CARTESIAN_POINT('Ctrl Pts',(-2.7179656518515,0.0738301495393646,-9.5));
#4353=CARTESIAN_POINT('Ctrl Pts',(-2.70874434935976,-0.0187240508965062,
-9.5));
#4354=CARTESIAN_POINT('Ctrl Pts',(-2.69498914690389,-0.110550819845448,
-9.5));
#4355=CARTESIAN_POINT('Ctrl Pts',(-2.68125253555799,-0.202253478548419,
-9.5));
#4356=CARTESIAN_POINT('Ctrl Pts',(-2.66299387275472,-0.293231625379172,
-9.5));
#4357=CARTESIAN_POINT('Ctrl Pts',(-2.64028800303084,-0.383099003738703,
-9.5));
#4358=CARTESIAN_POINT('Ctrl Pts',(-2.61795180442464,-0.47150326376782,-9.5));
#4359=CARTESIAN_POINT('Ctrl Pts',(-2.59131156621147,-0.558833428510092,
-9.5));
#4360=CARTESIAN_POINT('Ctrl Pts',(-2.56039747678666,-0.644693453880108,
-9.5));
#4361=CARTESIAN_POINT('Ctrl Pts',(-2.54485601350738,-0.68785792859936,-9.5));
#4362=CARTESIAN_POINT('Ctrl Pts',(-2.528233776168,-0.730650319228597,-9.5));
#4363=CARTESIAN_POINT('Ctrl Pts',(-2.5105311259045,-0.773016579382288,-9.5));
#4364=CARTESIAN_POINT('Ctrl Pts',(-2.50283069759722,-0.79144536513499,-9.5));
#4365=CARTESIAN_POINT('Ctrl Pts',(-2.49492581192142,-0.809793485227611,
-9.5));
#4366=CARTESIAN_POINT('Ctrl Pts',(-2.48681637198186,-0.828056317163502,
-9.5));
#4367=CARTESIAN_POINT('Ctrl Pts',(-2.48060633284107,-0.84204161109117,-9.5));
#4368=CARTESIAN_POINT('Ctrl Pts',(-2.47427975103111,-0.85596910731227,-9.5));
#4369=CARTESIAN_POINT('Ctrl Pts',(-2.46783986664136,-0.869830858145744,
-9.5));
#4370=CARTESIAN_POINT('Ctrl Pts',(-2.43032023415499,-0.950591282621293,
-9.5));
#4371=CARTESIAN_POINT('Ctrl Pts',(-2.38892831748522,-1.02918954327271,-9.5));
#4372=CARTESIAN_POINT('Ctrl Pts',(-2.34373115726537,-1.10527682958678,-9.5));
#4373=CARTESIAN_POINT('Ctrl Pts',(-2.2992954731824,-1.1800822067595,-9.5));
#4374=CARTESIAN_POINT('Ctrl Pts',(-2.25118123602001,-1.25246117545544,-9.50000000000001));
#4375=CARTESIAN_POINT('Ctrl Pts',(-2.19941593929741,-1.32204798462673,-9.50000000000001));
#4376=CARTESIAN_POINT('Ctrl Pts',(-2.14920245832308,-1.38954872623575,-9.50000000000001));
#4377=CARTESIAN_POINT('Ctrl Pts',(-2.09555310148611,-1.45442265112429,-9.50000000000001));
#4378=CARTESIAN_POINT('Ctrl Pts',(-2.03846514020687,-1.51629546839314,-9.50000000000001));
#4379=CARTESIAN_POINT('Ctrl Pts',(-2.0220442642369,-1.53409266828462,-9.50000000000001));
#4380=CARTESIAN_POINT('Ctrl Pts',(-2.00533872762464,-1.55164127815714,-9.50000000000001));
#4381=CARTESIAN_POINT('Ctrl Pts',(-1.98834809670749,-1.56893166643093,-9.50000000000001));
#4382=CARTESIAN_POINT('Ctrl Pts',(-1.96509720316078,-1.59259276407323,-9.50000000000001));
#4383=CARTESIAN_POINT('Ctrl Pts',(-1.94131241136281,-1.61577032688943,-9.50000000000001));
#4384=CARTESIAN_POINT('Ctrl Pts',(-1.91701240447551,-1.63845477461945,-9.50000000000001));
#4385=CARTESIAN_POINT('',(-2.5175,-3.08304831685346E-16,-9.5));
#4386=CARTESIAN_POINT('Origin',(0.,0.,-9.5));
#4387=CARTESIAN_POINT('Origin',(0.,0.,-9.5));
#4388=CARTESIAN_POINT('Ctrl Pts',(-0.793799282532874,2.96922295374569,-9.5));
#4389=CARTESIAN_POINT('Ctrl Pts',(-1.77242455303727,2.7075948949248,-9.44754417177096));
#4390=CARTESIAN_POINT('Ctrl Pts',(-3.43471078253899,1.14634070575101,-9.34263251531287));
#4391=CARTESIAN_POINT('Ctrl Pts',(-2.84479301161314,-2.24550311841582,-9.18526503062574));
#4392=CARTESIAN_POINT('Ctrl Pts',(0.311563881723865,-3.60756972019862,-9.0278975459386));
#4393=CARTESIAN_POINT('Ctrl Pts',(3.18504332278002,-1.72454523531635,-8.87053006125148));
#4394=CARTESIAN_POINT('Ctrl Pts',(3.19137952848085,1.71347545084282,-8.71316257656434));
#4395=CARTESIAN_POINT('Ctrl Pts',(0.323059052469747,3.6073978891567,-8.55579509187721));
#4396=CARTESIAN_POINT('Ctrl Pts',(-2.83587421731311,2.25315530411837,-8.39842760719008));
#4397=CARTESIAN_POINT('Ctrl Pts',(-3.44109216692958,-1.13046828883401,-8.24106012250295));
#4398=CARTESIAN_POINT('Ctrl Pts',(-0.947302619448526,-3.49589188374633,
-8.08369263781583));
#4399=CARTESIAN_POINT('Ctrl Pts',(2.39954698070562,-2.71311891845922,-7.92632515312868));
#4400=CARTESIAN_POINT('Ctrl Pts',(3.58547726786852,0.513026954925216,-7.76895766844156));
#4401=CARTESIAN_POINT('Ctrl Pts',(1.54244727946869,3.27713966515137,-7.61159018375442));
#4402=CARTESIAN_POINT('Ctrl Pts',(-1.88964710224258,3.08999235942288,-7.45422269906729));
#4403=CARTESIAN_POINT('Ctrl Pts',(-3.61999871477439,0.120107029529581,-7.29685521438017));
#4404=CARTESIAN_POINT('Ctrl Pts',(-2.09031193657509,-2.95793939483826,-7.13948772969303));
#4405=CARTESIAN_POINT('Ctrl Pts',(1.3218313678144,-3.37217673906188,-6.9821202450059));
#4406=CARTESIAN_POINT('Ctrl Pts',(3.54358282039985,-0.74955595409678,-6.82475276031877));
#4407=CARTESIAN_POINT('Ctrl Pts',(2.57411470585513,2.54808673329025,-6.66738527563163));
#4408=CARTESIAN_POINT('Ctrl Pts',(-0.713505555870165,3.55101718130447,-6.5100177909445));
#4409=CARTESIAN_POINT('Ctrl Pts',(-3.35856923228099,1.35603309067023,-6.35265030625738));
#4410=CARTESIAN_POINT('Ctrl Pts',(-2.97902993270618,-2.06014407358072,-6.19528282157023));
#4411=CARTESIAN_POINT('Ctrl Pts',(0.0833132671522326,-3.62103188855902,
-6.03791533688312));
#4412=CARTESIAN_POINT('Ctrl Pts',(3.07062763624642,-1.92095260930798,-5.88054785219598));
#4413=CARTESIAN_POINT('Ctrl Pts',(3.29264858694122,1.509065368931,-5.72318036750885));
#4414=CARTESIAN_POINT('Ctrl Pts',(0.549432286733777,3.58007502255013,-5.56581288282171));
#4415=CARTESIAN_POINT('Ctrl Pts',(-2.68858236027385,2.42700183347927,-5.40844539813459));
#4416=CARTESIAN_POINT('Ctrl Pts',(-3.50535941090109,-0.91173923840757,-5.25107791344746));
#4417=CARTESIAN_POINT('Ctrl Pts',(-1.16533971549129,-3.4294017395703,-5.09371042876033));
#4418=CARTESIAN_POINT('Ctrl Pts',(2.22414170269149,-2.85867219480756,-4.93634294407319));
#4419=CARTESIAN_POINT('Ctrl Pts',(3.61064360222657,0.286471600472878,-4.77897545938606));
#4420=CARTESIAN_POINT('Ctrl Pts',(1.74553364146418,3.17362959807635,-4.62160797469893));
#4421=CARTESIAN_POINT('Ctrl Pts',(-1.69153903987731,3.20273461434534,-4.4642404900118));
#4422=CARTESIAN_POINT('Ctrl Pts',(-3.60527468995556,0.347575221173729,-4.30687300532467));
#4423=CARTESIAN_POINT('Ctrl Pts',(-2.27223299732149,-2.82059686265297,-4.14950552063754));
#4424=CARTESIAN_POINT('Ctrl Pts',(1.10709632081814,-3.44864526009005,-3.99213803595041));
#4425=CARTESIAN_POINT('Ctrl Pts',(3.48941799062515,-0.970969123611594,-3.83477055126328));
#4426=CARTESIAN_POINT('Ctrl Pts',(2.72929484889009,2.38112108526022,-3.67740306657614));
#4427=CARTESIAN_POINT('Ctrl Pts',(-0.488721743061057,3.58887098580336,-3.52003558188901));
#4428=CARTESIAN_POINT('Ctrl Pts',(-3.26662960050532,1.5645993197676,-3.36266809720188));
#4429=CARTESIAN_POINT('Ctrl Pts',(-3.1027013286486,-1.86865908631289,-3.20530061251475));
#4430=CARTESIAN_POINT('Ctrl Pts',(-0.144654019279509,-3.61913650862601,
-3.04793312782762));
#4431=CARTESIAN_POINT('Ctrl Pts',(2.9437761088641,-2.11023070344902,-2.89056564314049));
#4432=CARTESIAN_POINT('Ctrl Pts',(3.38093415367474,1.29883445080216,-2.73319815845335));
#4433=CARTESIAN_POINT('Ctrl Pts',(0.773763726960147,3.53867081123526,-2.57583067376622));
#4434=CARTESIAN_POINT('Ctrl Pts',(-2.53102749532812,2.59084099367965,-2.41846318907909));
#4435=CARTESIAN_POINT('Ctrl Pts',(-3.55493409491149,-0.688530986466565,
-2.26109570439196));
#4436=CARTESIAN_POINT('Ctrl Pts',(-1.38037925595712,-3.35107216327273,-2.10372821970483));
#4437=CARTESIAN_POINT('Ctrl Pts',(2.04332596107748,-2.9893400927526,-1.9463607350177));
#4438=CARTESIAN_POINT('Ctrl Pts',(3.0895366960916,-0.962975552511889,-1.84144907855961));
#4439=CARTESIAN_POINT('Ctrl Pts',(3.07309514085889,0.0498849198601588,-1.78899325033057));
#4440=CARTESIAN_POINT('Ctrl Pts',(-0.745932854346954,2.79017756984215,-9.60700224988981));
#4441=CARTESIAN_POINT('Ctrl Pts',(-1.66554661241705,2.54432579221039,-9.55454642166077));
#4442=CARTESIAN_POINT('Ctrl Pts',(-3.22759628819577,1.07721588254212,-9.44963476520267));
#4443=CARTESIAN_POINT('Ctrl Pts',(-2.67325080517565,-2.11009834277034,-9.29226728051556));
#4444=CARTESIAN_POINT('Ctrl Pts',(0.292776449563088,-3.39003175973764,-9.1348997958284));
#4445=CARTESIAN_POINT('Ctrl Pts',(2.99298388050837,-1.62055443754661,-8.9775323111413));
#4446=CARTESIAN_POINT('Ctrl Pts',(2.99893801035978,1.610152165699,-8.82016482645414));
#4447=CARTESIAN_POINT('Ctrl Pts',(0.303578456713205,3.3898702901793,-8.66279734176704));
#4448=CARTESIAN_POINT('Ctrl Pts',(-2.66486981789593,2.11728909847987,-8.50542985707988));
#4449=CARTESIAN_POINT('Ctrl Pts',(-3.23359287244307,-1.06230057899271,-8.34806237239277));
#4450=CARTESIAN_POINT('Ctrl Pts',(-0.890179875951599,-3.28508814345426,
-8.19069488770562));
#4451=CARTESIAN_POINT('Ctrl Pts',(2.25485329584337,-2.54951671481914,-8.0333274030185));
#4452=CARTESIAN_POINT('Ctrl Pts',(3.36927149150771,0.482091215329918,-7.87595991833137));
#4453=CARTESIAN_POINT('Ctrl Pts',(1.44943706447117,3.0795267749801,-7.71859243364424));
#4454=CARTESIAN_POINT('Ctrl Pts',(-1.77570059295926,2.90366452993,-7.56122494895709));
#4455=CARTESIAN_POINT('Ctrl Pts',(-3.4017112807508,0.112864525498515,-7.40385746426998));
#4456=CARTESIAN_POINT('Ctrl Pts',(-1.96426525399434,-2.77957441424826,-7.24648997958283));
#4457=CARTESIAN_POINT('Ctrl Pts',(1.24212438440734,-3.16883307365128,-7.08912249489571));
#4458=CARTESIAN_POINT('Ctrl Pts',(3.32990329671433,-0.704357417089262,-6.93175501020858));
#4459=CARTESIAN_POINT('Ctrl Pts',(2.41889451427599,2.3944360393247,-6.77438752552145));
#4460=CARTESIAN_POINT('Ctrl Pts',(-0.670480872928477,3.3368893625522,-6.61702004083432));
#4461=CARTESIAN_POINT('Ctrl Pts',(-3.15604610521107,1.27426372909411,-6.45965255614718));
#4462=CARTESIAN_POINT('Ctrl Pts',(-2.79939318387643,-1.93591652573506,-6.30228507146006));
#4463=CARTESIAN_POINT('Ctrl Pts',(0.0782894423556752,-3.40268215372481,
-6.14491758677292));
#4464=CARTESIAN_POINT('Ctrl Pts',(2.88546750764678,-1.80511836487707,-5.98755010208579));
#4465=CARTESIAN_POINT('Ctrl Pts',(3.09410050231031,1.41806809707745,-5.83018261739866));
#4466=CARTESIAN_POINT('Ctrl Pts',(0.516301290429455,3.36419500383772,-5.67281513271153));
#4467=CARTESIAN_POINT('Ctrl Pts',(-2.52645972133754,2.28065260953105,-5.51544764802439));
#4468=CARTESIAN_POINT('Ctrl Pts',(-3.29398477476845,-0.856760981636828,
-5.35808016333728));
#4469=CARTESIAN_POINT('Ctrl Pts',(-1.09506924406207,-3.22260738273487,-5.20071267865013));
#4470=CARTESIAN_POINT('Ctrl Pts',(2.09002502933359,-2.68629306782822,-5.04334519396301));
#4471=CARTESIAN_POINT('Ctrl Pts',(3.39292028539582,0.26919724334876,-4.88597770927587));
#4472=CARTESIAN_POINT('Ctrl Pts',(1.64027723404007,2.98225840817011,-4.72861022458875));
#4473=CARTESIAN_POINT('Ctrl Pts',(-1.58953852947421,3.00960837980535,-4.57124273990161));
#4474=CARTESIAN_POINT('Ctrl Pts',(-3.38787512077653,0.326616290207668,-4.41387525521448));
#4475=CARTESIAN_POINT('Ctrl Pts',(-2.13521639881699,-2.65051369410083,-4.25650777052735));
#4476=CARTESIAN_POINT('Ctrl Pts',(1.04033795040712,-3.24069051093219,-4.09914028584021));
#4477=CARTESIAN_POINT('Ctrl Pts',(3.27900462879146,-0.912419280031742,-3.94177280115309));
#4478=CARTESIAN_POINT('Ctrl Pts',(2.56471722989081,2.23753848958703,-3.78440531646595));
#4479=CARTESIAN_POINT('Ctrl Pts',(-0.459251617889761,3.37246056683403,-3.62703783177882));
#4480=CARTESIAN_POINT('Ctrl Pts',(-3.06965047162066,1.47025332749053,-3.46967034709169));
#4481=CARTESIAN_POINT('Ctrl Pts',(-2.9156071430048,-1.75597816315363,-3.31230286240456));
#4482=CARTESIAN_POINT('Ctrl Pts',(-0.135931321516979,-3.40090106599317,
-3.15493537771742));
#4483=CARTESIAN_POINT('Ctrl Pts',(2.76626518033219,-1.98298291090874,-2.9975678930303));
#4484=CARTESIAN_POINT('Ctrl Pts',(3.17706241250635,1.22051419109325,-2.84020040834316));
#4485=CARTESIAN_POINT('Ctrl Pts',(0.727105451141065,3.32528748375336,-2.68283292365604));
#4486=CARTESIAN_POINT('Ctrl Pts',(-2.37840548053473,2.43461219996067,-2.5254654389689));
#4487=CARTESIAN_POINT('Ctrl Pts',(-3.34057008463322,-0.647012280487996,
-2.36809795428178));
#4488=CARTESIAN_POINT('Ctrl Pts',(-1.29714181044851,-3.14900111259439,-2.21073046959464));
#4489=CARTESIAN_POINT('Ctrl Pts',(1.92011255243813,-2.80908163696707,-2.05336298490751));
#4490=CARTESIAN_POINT('Ctrl Pts',(2.90323634328786,-0.904907724607045,-1.94845132844942));
#4491=CARTESIAN_POINT('Ctrl Pts',(2.88778622070082,0.04687683836325,-1.89599550022038));
#4492=CARTESIAN_POINT('Ctrl Pts',(-0.698066426161034,2.61113218593861,-9.71400449977962));
#4493=CARTESIAN_POINT('Ctrl Pts',(-1.55866867179684,2.38105668949598,-9.66154867155058));
#4494=CARTESIAN_POINT('Ctrl Pts',(-3.02048179385254,1.00809105933323,-9.55663701509248));
#4495=CARTESIAN_POINT('Ctrl Pts',(-2.50170859873816,-1.97469356712485,-9.39926953040536));
#4496=CARTESIAN_POINT('Ctrl Pts',(0.273989017402308,-3.17249379927666,-9.24190204571823));
#4497=CARTESIAN_POINT('Ctrl Pts',(2.80092443823673,-1.51656363977687,-9.0845345610311));
#4498=CARTESIAN_POINT('Ctrl Pts',(2.80649649223871,1.50682888055518,-8.92716707634396));
#4499=CARTESIAN_POINT('Ctrl Pts',(0.284097860956666,3.1723426912019,-8.76979959165683));
#4500=CARTESIAN_POINT('Ctrl Pts',(-2.49386541847875,1.98142289284137,-8.61243210696971));
#4501=CARTESIAN_POINT('Ctrl Pts',(-3.02609357795656,-0.994132869151412,
-8.45506462228257));
#4502=CARTESIAN_POINT('Ctrl Pts',(-0.833057132454677,-3.0742844031622,-8.29769713759544));
#4503=CARTESIAN_POINT('Ctrl Pts',(2.11015961098113,-2.38591451117907,-8.1403296529083));
#4504=CARTESIAN_POINT('Ctrl Pts',(3.15306571514689,0.451155475734625,-7.98296216822118));
#4505=CARTESIAN_POINT('Ctrl Pts',(1.35642684947365,2.88191388480883,-7.82559468353405));
#4506=CARTESIAN_POINT('Ctrl Pts',(-1.66175408367593,2.71733670043711,-7.66822719884691));
#4507=CARTESIAN_POINT('Ctrl Pts',(-3.1834238467272,0.105622021467446,-7.51085971415979));
#4508=CARTESIAN_POINT('Ctrl Pts',(-1.8382185714136,-2.60120943365826,-7.35349222947266));
#4509=CARTESIAN_POINT('Ctrl Pts',(1.16241740100028,-2.96548940824069,-7.19612474478551));
#4510=CARTESIAN_POINT('Ctrl Pts',(3.11622377302882,-0.659158880081745,-7.0387572600984));
#4511=CARTESIAN_POINT('Ctrl Pts',(2.26367432269685,2.24078534535915,-6.88138977541125));
#4512=CARTESIAN_POINT('Ctrl Pts',(-0.627456189986789,3.12276154379993,-6.72402229072413));
#4513=CARTESIAN_POINT('Ctrl Pts',(-2.95352297814115,1.19249436751799,-6.56665480603699));
#4514=CARTESIAN_POINT('Ctrl Pts',(-2.61975643504669,-1.81168897788941,-6.40928732134986));
#4515=CARTESIAN_POINT('Ctrl Pts',(0.0732656175591178,-3.1843324188906,-6.25191983666273));
#4516=CARTESIAN_POINT('Ctrl Pts',(2.70030737904714,-1.68928412044615,-6.0945523519756));
#4517=CARTESIAN_POINT('Ctrl Pts',(2.8955524176794,1.3270708252239,-5.93718486728847));
#4518=CARTESIAN_POINT('Ctrl Pts',(0.483170294125137,3.1483149851253,-5.77981738260134));
#4519=CARTESIAN_POINT('Ctrl Pts',(-2.36433708240123,2.13430338558284,-5.62244989791421));
#4520=CARTESIAN_POINT('Ctrl Pts',(-3.08261013863581,-0.801782724866087,
-5.46508241322708));
#4521=CARTESIAN_POINT('Ctrl Pts',(-1.02479877263284,-3.01581302589944,-5.30771492853994));
#4522=CARTESIAN_POINT('Ctrl Pts',(1.9559083559757,-2.51391394084888,-5.15034744385282));
#4523=CARTESIAN_POINT('Ctrl Pts',(3.17519696856506,0.251922886224644,-4.99297995916568));
#4524=CARTESIAN_POINT('Ctrl Pts',(1.53502082661595,2.79088721826388,-4.83561247447855));
#4525=CARTESIAN_POINT('Ctrl Pts',(-1.48753801907111,2.81648214526536,-4.67824498979142));
#4526=CARTESIAN_POINT('Ctrl Pts',(-3.17047555159749,0.305657359241601,-4.52087750510429));
#4527=CARTESIAN_POINT('Ctrl Pts',(-1.99819980031249,-2.48043052554868,-4.36351002041716));
#4528=CARTESIAN_POINT('Ctrl Pts',(0.973579579996088,-3.03273576177433,-4.20614253573003));
#4529=CARTESIAN_POINT('Ctrl Pts',(3.06859126695776,-0.853869436451885,-4.0487750510429));
#4530=CARTESIAN_POINT('Ctrl Pts',(2.40013961089152,2.09395589391383,-3.89140756635576));
#4531=CARTESIAN_POINT('Ctrl Pts',(-0.429781492718463,3.1560501478647,-3.73404008166863));
#4532=CARTESIAN_POINT('Ctrl Pts',(-2.87267134273601,1.37590733521345,-3.5766725969815));
#4533=CARTESIAN_POINT('Ctrl Pts',(-2.728512957361,-1.64329723999437,-3.41930511229437));
#4534=CARTESIAN_POINT('Ctrl Pts',(-0.12720862375445,-3.18266562336034,-3.26193762760724));
#4535=CARTESIAN_POINT('Ctrl Pts',(2.58875425180029,-1.85573511836846,-3.10457014292011));
#4536=CARTESIAN_POINT('Ctrl Pts',(2.97319067133796,1.14219393138434,-2.94720265823298));
#4537=CARTESIAN_POINT('Ctrl Pts',(0.680447175321986,3.11190415627147,-2.78983517354584));
#4538=CARTESIAN_POINT('Ctrl Pts',(-2.22578346574134,2.27838340624169,-2.63246768885871));
#4539=CARTESIAN_POINT('Ctrl Pts',(-3.12620607435495,-0.605493574509424,
-2.47510020417158));
#4540=CARTESIAN_POINT('Ctrl Pts',(-1.2139043649399,-2.94693006191605,-2.31773271948445));
#4541=CARTESIAN_POINT('Ctrl Pts',(1.79689914379879,-2.62882318118154,-2.16036523479732));
#4542=CARTESIAN_POINT('Ctrl Pts',(2.71693599048411,-0.846839896702203,-2.05545357833923));
#4543=CARTESIAN_POINT('Ctrl Pts',(2.70247730054274,0.0438687568663411,-2.00299775011019));
#4544=CARTESIAN_POINT('Ctrl Pts',(-0.650199997975113,2.43208680203507,-9.82100674966943));
#4545=CARTESIAN_POINT('Ctrl Pts',(-1.45179073117662,2.21778758678158,-9.76855092144039));
#4546=CARTESIAN_POINT('Ctrl Pts',(-2.81336729950932,0.938966236124342,-9.66363926498228));
#4547=CARTESIAN_POINT('Ctrl Pts',(-2.33016639230067,-1.83928879147937,-9.50627178029519));
#4548=CARTESIAN_POINT('Ctrl Pts',(0.25520158524153,-2.95495583881568,-9.34890429560802));
#4549=CARTESIAN_POINT('Ctrl Pts',(2.60886499596508,-1.41257284200713,-9.19153681092091));
#4550=CARTESIAN_POINT('Ctrl Pts',(2.61405497411764,1.40350559541136,-9.03416932623377));
#4551=CARTESIAN_POINT('Ctrl Pts',(0.264617265200125,2.9548150922245,-8.87680184154664));
#4552=CARTESIAN_POINT('Ctrl Pts',(-2.32286101906157,1.84555668720286,-8.71943435685951));
#4553=CARTESIAN_POINT('Ctrl Pts',(-2.81859428347006,-0.925965159310109,
-8.56206687217237));
#4554=CARTESIAN_POINT('Ctrl Pts',(-0.775934388957755,-2.86348066287014,
-8.40469938748526));
#4555=CARTESIAN_POINT('Ctrl Pts',(1.96546592611889,-2.22231230753899,-8.2473319027981));
#4556=CARTESIAN_POINT('Ctrl Pts',(2.93685993878608,0.420219736139327,-8.089964418111));
#4557=CARTESIAN_POINT('Ctrl Pts',(1.26341663447614,2.68430099463757,-7.93259693342385));
#4558=CARTESIAN_POINT('Ctrl Pts',(-1.54780757439261,2.53100887094423,-7.77522944873673));
#4559=CARTESIAN_POINT('Ctrl Pts',(-2.9651364127036,0.0983795174363823,-7.61786196404959));
#4560=CARTESIAN_POINT('Ctrl Pts',(-1.71217188883286,-2.42284445306827,-7.46049447936247));
#4561=CARTESIAN_POINT('Ctrl Pts',(1.08271041759322,-2.76214574283009,-7.30312699467532));
#4562=CARTESIAN_POINT('Ctrl Pts',(2.9025442493433,-0.61396034307423,-7.1457595099882));
#4563=CARTESIAN_POINT('Ctrl Pts',(2.10845413111771,2.0871346513936,-6.98839202530106));
#4564=CARTESIAN_POINT('Ctrl Pts',(-0.584431507045107,2.90863372504767,-6.83102454061395));
#4565=CARTESIAN_POINT('Ctrl Pts',(-2.75099985107123,1.11072500594186,-6.6736570559268));
#4566=CARTESIAN_POINT('Ctrl Pts',(-2.44011968621695,-1.68746143004375,-6.51628957123968));
#4567=CARTESIAN_POINT('Ctrl Pts',(0.0682417927625641,-2.96598268405639,
-6.35892208655254));
#4568=CARTESIAN_POINT('Ctrl Pts',(2.51514725044749,-1.57344987601524,-6.20155460186541));
#4569=CARTESIAN_POINT('Ctrl Pts',(2.69700433304849,1.23607355337036,-6.04418711717828));
#4570=CARTESIAN_POINT('Ctrl Pts',(0.450039297820816,2.93243496641287,-5.88681963249116));
#4571=CARTESIAN_POINT('Ctrl Pts',(-2.20221444346491,1.98795416163464,-5.72945214780401));
#4572=CARTESIAN_POINT('Ctrl Pts',(-2.87123550250317,-0.746804468095349,
-5.57208466311689));
#4573=CARTESIAN_POINT('Ctrl Pts',(-0.95452830120362,-2.80901866906401,-5.41471717842975));
#4574=CARTESIAN_POINT('Ctrl Pts',(1.8217916826178,-2.34153481386954,-5.25734969374263));
#4575=CARTESIAN_POINT('Ctrl Pts',(2.95747365173431,0.234648529100526,-5.09998220905549));
#4576=CARTESIAN_POINT('Ctrl Pts',(1.42976441919183,2.59951602835764,-4.94261472436836));
#4577=CARTESIAN_POINT('Ctrl Pts',(-1.38553750866801,2.62335591072536,-4.78524723968123));
#4578=CARTESIAN_POINT('Ctrl Pts',(-2.95307598241846,0.284698428275538,-4.6278797549941));
#4579=CARTESIAN_POINT('Ctrl Pts',(-1.86118320180799,-2.31034735699654,-4.47051227030697));
#4580=CARTESIAN_POINT('Ctrl Pts',(0.906821209585059,-2.82478101261647,-4.31314478561983));
#4581=CARTESIAN_POINT('Ctrl Pts',(2.85817790512407,-0.795319592872032,-4.15577730093271));
#4582=CARTESIAN_POINT('Ctrl Pts',(2.23556199189224,1.95037329824064,-3.99840981624557));
#4583=CARTESIAN_POINT('Ctrl Pts',(-0.400311367547164,2.93963972889538,-3.84104233155845));
#4584=CARTESIAN_POINT('Ctrl Pts',(-2.67569221385136,1.28156134293637,-3.68367484687131));
#4585=CARTESIAN_POINT('Ctrl Pts',(-2.54141877171721,-1.53061631683511,-3.52630736218418));
#4586=CARTESIAN_POINT('Ctrl Pts',(-0.11848592599192,-2.9644301807275,-3.36893987749705));
#4587=CARTESIAN_POINT('Ctrl Pts',(2.41124332326838,-1.72848732582818,-3.21157239280992));
#4588=CARTESIAN_POINT('Ctrl Pts',(2.76931893016957,1.06387367167543,-3.05420490812278));
#4589=CARTESIAN_POINT('Ctrl Pts',(0.633788899502903,2.89852082878958,-2.89683742343565));
#4590=CARTESIAN_POINT('Ctrl Pts',(-2.07316145094795,2.1221546125227,-2.73946993874852));
#4591=CARTESIAN_POINT('Ctrl Pts',(-2.91184206407668,-0.563974868530852,
-2.58210245406139));
#4592=CARTESIAN_POINT('Ctrl Pts',(-1.13066691943129,-2.74485901123771,-2.42473496937426));
#4593=CARTESIAN_POINT('Ctrl Pts',(1.67368573515944,-2.44856472539602,-2.26736748468713));
#4594=CARTESIAN_POINT('Ctrl Pts',(2.53063563768037,-0.788772068797359,-2.16245582822904));
#4595=CARTESIAN_POINT('Ctrl Pts',(2.51716838038466,0.0408606753694322,-2.11));
#4596=CARTESIAN_POINT('Ctrl Pts',(2.51716838038466,0.0408606753694321,-2.11));
#4597=CARTESIAN_POINT('Ctrl Pts',(2.52782964823613,-0.0437821448524978,
-2.11));
#4598=CARTESIAN_POINT('Ctrl Pts',(2.53382019143107,-0.128780991928093,-2.11));
#4599=CARTESIAN_POINT('Ctrl Pts',(2.53536906607794,-0.213837520851635,-2.11));
#4600=CARTESIAN_POINT('Ctrl Pts',(2.53695568577607,-0.300966821157927,-2.11));
#4601=CARTESIAN_POINT('Ctrl Pts',(2.53388156787005,-0.388157327909729,-2.11));
#4602=CARTESIAN_POINT('Ctrl Pts',(2.52634120923817,-0.475105616629405,-2.11));
#4603=CARTESIAN_POINT('Ctrl Pts',(2.52436405739774,-0.497904262881727,-2.11));
#4604=CARTESIAN_POINT('Ctrl Pts',(2.52207956294426,-0.520686314389517,-2.11));
#4605=CARTESIAN_POINT('Ctrl Pts',(2.51949065815478,-0.543446396953305,-2.11));
#4606=CARTESIAN_POINT('Ctrl Pts',(2.51740661771356,-0.561768018011353,-2.11));
#4607=CARTESIAN_POINT('Ctrl Pts',(2.51512510065412,-0.580076222439746,-2.11));
#4608=CARTESIAN_POINT('Ctrl Pts',(2.51265005688438,-0.598351769082074,-2.11));
#4609=CARTESIAN_POINT('Ctrl Pts',(2.50058769385641,-0.687419397230429,-2.11));
#4610=CARTESIAN_POINT('Ctrl Pts',(2.48392337300937,-0.77580182542362,-2.11));
#4611=CARTESIAN_POINT('Ctrl Pts',(2.46287856529638,-0.863174019450984,-2.11));
#4612=CARTESIAN_POINT('Ctrl Pts',(2.44600164463735,-0.933242304536605,-2.11));
#4613=CARTESIAN_POINT('Ctrl Pts',(2.42630643051083,-1.00266139462353,-2.11));
#4614=CARTESIAN_POINT('Ctrl Pts',(2.40388310683985,-1.07126638324156,-2.11));
#4615=CARTESIAN_POINT('Ctrl Pts',(2.39601351429704,-1.09534369286564,-2.11));
#4616=CARTESIAN_POINT('Ctrl Pts',(2.38780771372645,-1.1193207286834,-2.11));
#4617=CARTESIAN_POINT('Ctrl Pts',(2.37926900494544,-1.14319032338648,-2.11));
#4618=CARTESIAN_POINT('Ctrl Pts',(2.37262184783079,-1.16177216641723,-2.11));
#4619=CARTESIAN_POINT('Ctrl Pts',(2.36577177263775,-1.18029161846215,-2.11));
#4620=CARTESIAN_POINT('Ctrl Pts',(2.35872943734005,-1.19872208922657,-2.11));
#4621=CARTESIAN_POINT('Ctrl Pts',(2.32579373642508,-1.2849179954365,-2.11));
#4622=CARTESIAN_POINT('Ctrl Pts',(2.28862124332176,-1.36927152392359,-2.11));
#4623=CARTESIAN_POINT('Ctrl Pts',(2.24743834007146,-1.45145495885072,-2.11));
#4624=CARTESIAN_POINT('Ctrl Pts',(2.20562743142765,-1.53489162354842,-2.11));
#4625=CARTESIAN_POINT('Ctrl Pts',(2.15968274286367,-1.61609244603328,-2.11));
#4626=CARTESIAN_POINT('Ctrl Pts',(2.10978785229293,-1.69471337570007,-2.11));
#4627=CARTESIAN_POINT('Ctrl Pts',(2.06028536594978,-1.77271598183061,-2.11));
#4628=CARTESIAN_POINT('Ctrl Pts',(2.00689424326353,-1.8481800507552,-2.11));
#4629=CARTESIAN_POINT('Ctrl Pts',(1.94974536524046,-1.9207544447465,-2.11));
#4630=CARTESIAN_POINT('Ctrl Pts',(1.92183977610609,-1.95619225718404,-2.11));
#4631=CARTESIAN_POINT('Ctrl Pts',(1.89303750755062,-1.99094075781013,-2.11));
#4632=CARTESIAN_POINT('Ctrl Pts',(1.86334990484336,-2.02495670194811,-2.11));
#4633=CARTESIAN_POINT('Ctrl Pts',(1.85410250590502,-2.03555233706253,-2.11));
#4634=CARTESIAN_POINT('Ctrl Pts',(1.84476918840315,-2.04607688114094,-2.11));
#4635=CARTESIAN_POINT('Ctrl Pts',(1.83535024697076,-2.05652898747404,-2.11));
#4636=CARTESIAN_POINT('Ctrl Pts',(1.82547461217781,-2.06748788192133,-2.11));
#4637=CARTESIAN_POINT('Ctrl Pts',(1.81551098953802,-2.07836029724928,-2.11));
#4638=CARTESIAN_POINT('Ctrl Pts',(1.805462713074,-2.08914218958464,-2.11));
#4639=CARTESIAN_POINT('Ctrl Pts',(1.74022165940973,-2.15914643548419,-2.11));
#4640=CARTESIAN_POINT('Ctrl Pts',(1.67138179438738,-2.2253737676784,-2.11));
#4641=CARTESIAN_POINT('Ctrl Pts',(1.59913873699297,-2.28747433280036,-2.11));
#4642=CARTESIAN_POINT('Ctrl Pts',(1.59091367505474,-2.29454464533903,-2.11));
#4643=CARTESIAN_POINT('Ctrl Pts',(1.58264444683453,-2.3015614472141,-2.11));
#4644=CARTESIAN_POINT('Ctrl Pts',(1.5743313009648,-2.30852420669234,-2.11));
#4645=CARTESIAN_POINT('Ctrl Pts',(1.50417349193113,-2.36728558986511,-2.11));
#4646=CARTESIAN_POINT('Ctrl Pts',(1.43089127062959,-2.42220054359644,-2.11));
#4647=CARTESIAN_POINT('Ctrl Pts',(1.35486713332952,-2.47328158903064,-2.11));
#4648=CARTESIAN_POINT('Ctrl Pts',(1.27710603117749,-2.52552971091809,-2.11));
#4649=CARTESIAN_POINT('Ctrl Pts',(1.19647568674975,-2.57376714172371,-2.11));
#4650=CARTESIAN_POINT('Ctrl Pts',(1.1133456127436,-2.61797022494806,-2.11));
#4651=CARTESIAN_POINT('Ctrl Pts',(1.08861420713559,-2.63112075312232,-2.11));
#4652=CARTESIAN_POINT('Ctrl Pts',(1.063661328175,-2.64391394288989,-2.11));
#4653=CARTESIAN_POINT('Ctrl Pts',(1.03849617515296,-2.65634847398307,-2.11));
#4654=CARTESIAN_POINT('Ctrl Pts',(1.01437915248456,-2.66826510600127,-2.11));
#4655=CARTESIAN_POINT('Ctrl Pts',(0.990067167127924,-2.67985233198573,-2.11));
#4656=CARTESIAN_POINT('Ctrl Pts',(0.965568147339216,-2.69110869915477,-2.11));
#4657=CARTESIAN_POINT('Ctrl Pts',(0.952365388462742,-2.69717486436626,-2.11));
#4658=CARTESIAN_POINT('Ctrl Pts',(0.939116485584685,-2.70314116209946,-2.11));
#4659=CARTESIAN_POINT('Ctrl Pts',(0.925825547134111,-2.70900654982299,-2.11));
#4660=CARTESIAN_POINT('Ctrl Pts',(0.837537838142756,-2.74796855738797,-2.11));
#4661=CARTESIAN_POINT('Ctrl Pts',(0.747361710762568,-2.78249780407396,-2.11));
#4662=CARTESIAN_POINT('Ctrl Pts',(0.655720504398123,-2.81261592478695,-2.11));
#4663=CARTESIAN_POINT('Ctrl Pts',(0.562301975594415,-2.84331816714014,-2.11));
#4664=CARTESIAN_POINT('Ctrl Pts',(0.467360245089864,-2.86943692105555,-2.11));
#4665=CARTESIAN_POINT('Ctrl Pts',(0.371306347688279,-2.89095440961987,-2.11));
#4666=CARTESIAN_POINT('Ctrl Pts',(0.274547831842137,-2.91262974309973,-2.11));
#4667=CARTESIAN_POINT('Ctrl Pts',(0.17665987802261,-2.92963640968437,-2.11));
#4668=CARTESIAN_POINT('Ctrl Pts',(0.0780375773406367,-2.94190975242188,
-2.11));
#4669=CARTESIAN_POINT('Ctrl Pts',(0.0257525001627256,-2.94841652287668,
-2.11));
#4670=CARTESIAN_POINT('Ctrl Pts',(-0.0267393149683403,-2.95359211399478,
-2.11));
#4671=CARTESIAN_POINT('Ctrl Pts',(-0.0793804786723044,-2.95742112352863,
-2.11));
#4672=CARTESIAN_POINT('Ctrl Pts',(-0.0948883434718305,-2.95854913358747,
-2.11));
#4673=CARTESIAN_POINT('Ctrl Pts',(-0.110409173258129,-2.95956025083339,
-2.11));
#4674=CARTESIAN_POINT('Ctrl Pts',(-0.125941507161157,-2.96045401182228,
-2.11));
#4675=CARTESIAN_POINT('Ctrl Pts',(-0.141526299287518,-2.96135079136033,
-2.11));
#4676=CARTESIAN_POINT('Ctrl Pts',(-0.157115243705471,-2.96212895806913,
-2.11));
#4677=CARTESIAN_POINT('Ctrl Pts',(-0.172699971543036,-2.96278816439063,
-2.11));
#4678=CARTESIAN_POINT('Ctrl Pts',(-0.274642005736627,-2.96710013146937,
-2.11));
#4679=CARTESIAN_POINT('Ctrl Pts',(-0.376492357612108,-2.9663312649913,-2.11));
#4680=CARTESIAN_POINT('Ctrl Pts',(-0.477819139411385,-2.96046863537454,
-2.11));
#4681=CARTESIAN_POINT('Ctrl Pts',(-0.579235957137107,-2.95460079640167,
-2.11));
#4682=CARTESIAN_POINT('Ctrl Pts',(-0.680129252531841,-2.94363042107541,
-2.11));
#4683=CARTESIAN_POINT('Ctrl Pts',(-0.780083912063042,-2.92749571135631,
-2.11));
#4684=CARTESIAN_POINT('Ctrl Pts',(-0.878070528765388,-2.91167868367332,
-2.11));
#4685=CARTESIAN_POINT('Ctrl Pts',(-0.975156051486275,-2.89089878998304,
-2.11));
#4686=CARTESIAN_POINT('Ctrl Pts',(-1.07095235968765,-2.86504830096989,-2.11));
#4687=CARTESIAN_POINT('Ctrl Pts',(-1.10347013150866,-2.85627342938064,-2.11));
#4688=CARTESIAN_POINT('Ctrl Pts',(-1.13583931721284,-2.8469138674924,-2.11));
#4689=CARTESIAN_POINT('Ctrl Pts',(-1.16804452238036,-2.83696403212921,-2.11));
#4690=CARTESIAN_POINT('Ctrl Pts',(-1.2065125865223,-2.82507927924651,-2.11));
#4691=CARTESIAN_POINT('Ctrl Pts',(-1.2447467050315,-2.81235238000474,-2.11));
#4692=CARTESIAN_POINT('Ctrl Pts',(-1.28273243763686,-2.79880155303034,-2.11));
#4693=CARTESIAN_POINT('Ctrl Pts',(-2.51549325941885,-0.00193309633875823,
-8.61258330249198));
#4694=CARTESIAN_POINT('Ctrl Pts',(-2.51745908751043,-0.268758825356466,
-8.59574449238544));
#4695=CARTESIAN_POINT('Ctrl Pts',(-2.47829173633965,-0.53502328388092,-8.57890568227891));
#4696=CARTESIAN_POINT('Ctrl Pts',(-2.39552875698326,-0.786964102151286,
-8.56206687217238));
#4697=CARTESIAN_POINT('Ctrl Pts',(-2.13770765196596,-1.57180366049679,-8.50961104394334));
#4698=CARTESIAN_POINT('Ctrl Pts',(-1.45682102046185,-2.21764216168347,-8.4571552157143));
#4699=CARTESIAN_POINT('Ctrl Pts',(-0.659477652197025,-2.43370001972161,
-8.40469938748525));
#4700=CARTESIAN_POINT('Ctrl Pts',(0.137865716067799,-2.64975787775976,-8.35224355925621));
#4701=CARTESIAN_POINT('Ctrl Pts',(1.05166582109334,-2.43603509264937,-8.29978773102716));
#4702=CARTESIAN_POINT('Ctrl Pts',(1.67046487571731,-1.88875169281446,-8.24733190279811));
#4703=CARTESIAN_POINT('Ctrl Pts',(2.28926393034128,-1.34146829297955,-8.19487607456907));
#4704=CARTESIAN_POINT('Ctrl Pts',(2.61306193456368,-0.460624278420111,-8.14242024634003));
#4705=CARTESIAN_POINT('Ctrl Pts',(2.49605371928989,0.357144605275982,-8.08996441811099));
#4706=CARTESIAN_POINT('Ctrl Pts',(2.3790455040161,1.17491348897207,-8.03750858988195));
#4707=CARTESIAN_POINT('Ctrl Pts',(1.82123106924613,1.92960724180482,-7.9850527616529));
#4708=CARTESIAN_POINT('Ctrl Pts',(1.07378648371635,2.28140543093897,-7.93259693342385));
#4709=CARTESIAN_POINT('Ctrl Pts',(0.326341898186566,2.63320362007312,-7.88014110519481));
#4710=CARTESIAN_POINT('Ctrl Pts',(-0.610732838103038,2.58210624550868,-7.82768527696577));
#4711=CARTESIAN_POINT('Ctrl Pts',(-1.31549167929966,2.15111933264181,-7.77522944873672));
#4712=CARTESIAN_POINT('Ctrl Pts',(-2.02025052049628,1.72013241977494,-7.72277362050768));
#4713=CARTESIAN_POINT('Ctrl Pts',(-2.49269346659994,0.909255968605664,-7.67031779227864));
#4714=CARTESIAN_POINT('Ctrl Pts',(-2.52008751900665,0.0836137479369159,
-7.61786196404959));
#4715=CARTESIAN_POINT('Ctrl Pts',(-2.52100641233226,0.0559187901173171,
-7.61610241019706));
#4716=CARTESIAN_POINT('Ctrl Pts',(-2.52142455058757,0.0282072183165391,
-7.61434285634452));
#4717=CARTESIAN_POINT('Ctrl Pts',(-2.52134903165617,0.000493314895672238,
-7.61258330249198));
#4718=CARTESIAN_POINT('Origin',(0.,0.,-9.75));
#4719=CARTESIAN_POINT('',(-3.0175,3.69537171642714E-16,-10.));
#4720=CARTESIAN_POINT('',(-2.7675,-3.3892100166403E-16,-9.75));
#4721=CARTESIAN_POINT('Origin',(0.,0.,-10.));
#4722=CARTESIAN_POINT('Origin',(0.,0.,-10.));
#4723=CARTESIAN_POINT('',(-5.655,-6.92537764917828E-16,-10.));
#4724=CARTESIAN_POINT('Origin',(0.,0.,-10.));
#4725=CARTESIAN_POINT('Origin',(0.,0.,-10.));
#4726=CARTESIAN_POINT('Ctrl Pts',(1.03908919352508,2.13201587949044,11.2292339910054));
#4727=CARTESIAN_POINT('Ctrl Pts',(1.73731492441279,1.79171878387033,11.1771114540516));
#4728=CARTESIAN_POINT('Ctrl Pts',(2.76259244844846,0.378276961459053,11.0728663801441));
#4729=CARTESIAN_POINT('Ctrl Pts',(1.84630960009473,-2.0927879115791,10.9164987692829));
#4730=CARTESIAN_POINT('Ctrl Pts',(-0.715652024305822,-2.69503985860377,
10.7601311584216));
#4731=CARTESIAN_POINT('Ctrl Pts',(-2.63944498855788,-0.901457357689272,
10.6037635475603));
#4732=CARTESIAN_POINT('Ctrl Pts',(-2.21450413797916,1.69603494161808,10.4473959366991));
#4733=CARTESIAN_POINT('Ctrl Pts',(0.18185538412241,2.78311412117142,10.2910283258378));
#4734=CARTESIAN_POINT('Ctrl Pts',(2.41618526662907,1.39338427399228,10.1346607149766));
#4735=CARTESIAN_POINT('Ctrl Pts',(2.49997987216525,-1.23679297839877,9.97829310411529));
#4736=CARTESIAN_POINT('Ctrl Pts',(0.358527217708768,-2.76600519003217,9.82192549325405));
#4737=CARTESIAN_POINT('Ctrl Pts',(-2.10202399500493,-1.83328413406291,9.66555788239276));
#4738=CARTESIAN_POINT('Ctrl Pts',(-2.69159902573181,0.731251750567475,9.50919027153153));
#4739=CARTESIAN_POINT('Ctrl Pts',(-0.885406160919895,2.64489353604319,9.35282266067025));
#4740=CARTESIAN_POINT('Ctrl Pts',(1.7088736089849,2.20435332457446,9.19645504980901));
#4741=CARTESIAN_POINT('Ctrl Pts',(2.78210590355648,-0.198260939697138,9.04008743894773));
#4742=CARTESIAN_POINT('Ctrl Pts',(1.3790163258606,-2.42440327376484,8.88371982808649));
#4743=CARTESIAN_POINT('Ctrl Pts',(-1.25151965134321,-2.49261274650452,8.7273522172252));
#4744=CARTESIAN_POINT('Ctrl Pts',(-2.76809238853601,-0.342175193570327,
8.57098460636396));
#4745=CARTESIAN_POINT('Ctrl Pts',(-1.82081717996902,2.11282829965894,8.41461699550269));
#4746=CARTESIAN_POINT('Ctrl Pts',(0.747146626885878,2.68722742850302,8.25824938464143));
#4747=CARTESIAN_POINT('Ctrl Pts',(2.65008396510037,0.869755551665509,8.10188177378018));
#4748=CARTESIAN_POINT('Ctrl Pts',(2.19421097013569,-1.72187557023378,7.94551416291891));
#4749=CARTESIAN_POINT('Ctrl Pts',(-0.214703396227607,-2.78088531055521,
7.78914655205765));
#4750=CARTESIAN_POINT('Ctrl Pts',(-2.43251465596409,-1.36465931263721,7.63277894119639));
#4751=CARTESIAN_POINT('Ctrl Pts',(-2.48516832291629,1.26623232211604,7.47641133033512));
#4752=CARTESIAN_POINT('Ctrl Pts',(-0.325809054419645,2.77006911431585,7.32004371947388));
#4753=CARTESIAN_POINT('Ctrl Pts',(2.12356329595665,1.8082904965323,7.1636761086126));
#4754=CARTESIAN_POINT('Ctrl Pts',(2.68274865359462,-0.763011231083234,7.00730849775135));
#4755=CARTESIAN_POINT('Ctrl Pts',(0.854102507125087,-2.65519587600811,6.85094088689009));
#4756=CARTESIAN_POINT('Ctrl Pts',(-1.73487260285318,-2.18396154488898,6.69457327602882));
#4757=CARTESIAN_POINT('Ctrl Pts',(-2.77946011862395,0.231077998037537,6.53820566516757));
#4758=CARTESIAN_POINT('Ctrl Pts',(-1.35046255441901,2.44065851552985,6.3818380543063));
#4759=CARTESIAN_POINT('Ctrl Pts',(1.2813030771338,2.47740946149055,6.22547044344505));
#4760=CARTESIAN_POINT('Ctrl Pts',(2.77116885819321,0.309872261966474,6.06910283258378));
#4761=CARTESIAN_POINT('Ctrl Pts',(1.79723237804476,-2.13508223765763,5.91273522172252));
#4762=CARTESIAN_POINT('Ctrl Pts',(-0.782040589612083,-2.67645717544562,
5.75636761086126));
#4763=CARTESIAN_POINT('Ctrl Pts',(-2.02860251337055,-1.45371633746334,5.65212253695376));
#4764=CARTESIAN_POINT('Ctrl Pts',(-2.26207324451936,-0.712897397196564,
5.6));
#4765=CARTESIAN_POINT('Ctrl Pts',(1.12236674703447,2.30288577939268,11.1194893273369));
#4766=CARTESIAN_POINT('Ctrl Pts',(1.8765516111977,1.93531565488709,11.0673667903832));
#4767=CARTESIAN_POINT('Ctrl Pts',(2.98399975581331,0.40859387755786,10.9631217164757));
#4768=CARTESIAN_POINT('Ctrl Pts',(1.99428163894846,-2.26051389542758,10.8067541056144));
#4769=CARTESIAN_POINT('Ctrl Pts',(-0.773007783676245,-2.91103317990223,
10.6503864947531));
#4770=CARTESIAN_POINT('Ctrl Pts',(-2.85098267236731,-0.973704440816683,
10.4940188838919));
#4771=CARTESIAN_POINT('Ctrl Pts',(-2.39198503951919,1.83196325410994,10.3376512730306));
#4772=CARTESIAN_POINT('Ctrl Pts',(0.196430140145853,3.00616613306109,10.1812836621694));
#4773=CARTESIAN_POINT('Ctrl Pts',(2.60982985371951,1.50505672151613,10.0249160513081));
#4774=CARTESIAN_POINT('Ctrl Pts',(2.7003401577634,-1.3359154541982,9.86854844044684));
#4775=CARTESIAN_POINT('Ctrl Pts',(0.387261295344612,-2.98768601075047,9.71218082958557));
#4776=CARTESIAN_POINT('Ctrl Pts',(-2.27049020253826,-1.9802122500742,9.55581321872432));
#4777=CARTESIAN_POINT('Ctrl Pts',(-2.90731658230728,0.789857746247328,9.39944560786306));
#4778=CARTESIAN_POINT('Ctrl Pts',(-0.95636682474261,2.85686789238044,9.2430779970018));
#4779=CARTESIAN_POINT('Ctrl Pts',(1.84583087338511,2.38102069161548,9.08671038614054));
#4780=CARTESIAN_POINT('Ctrl Pts',(3.00507711208789,-0.214150515026503,8.93034277527928));
#4781=CARTESIAN_POINT('Ctrl Pts',(1.489537257637,-2.6187064910607,8.77397516441801));
#4782=CARTESIAN_POINT('Ctrl Pts',(-1.35182239280394,-2.69238259558842,8.61760755355675));
#4783=CARTESIAN_POINT('Ctrl Pts',(-2.98994048727641,-0.36959874216433,8.46123994269549));
#4784=CARTESIAN_POINT('Ctrl Pts',(-1.96674613494282,2.28216041559028,8.30487233183423));
#4785=CARTESIAN_POINT('Ctrl Pts',(0.807026513605483,2.90259462446997,8.14850472097297));
#4786=CARTESIAN_POINT('Ctrl Pts',(2.86247430712608,0.939461901173572,7.99213711011171));
#4787=CARTESIAN_POINT('Ctrl Pts',(2.3700654806195,-1.85987487369125,7.83576949925045));
#4788=CARTESIAN_POINT('Ctrl Pts',(-0.231910748281124,-3.00375869495409,
7.67940188838919));
#4789=CARTESIAN_POINT('Ctrl Pts',(-2.62746795803549,-1.47402960504175,7.52303427752793));
#4790=CARTESIAN_POINT('Ctrl Pts',(-2.68434154046212,1.3677142070374,7.36666666666667));
#4791=CARTESIAN_POINT('Ctrl Pts',(-0.351920942727548,2.99207563726847,7.2102990558054));
#4792=CARTESIAN_POINT('Ctrl Pts',(2.29375576558446,1.95321550347478,7.05393144494414));
#4793=CARTESIAN_POINT('Ctrl Pts',(2.89775689922371,-0.824162582690722,6.8975638340829));
#4794=CARTESIAN_POINT('Ctrl Pts',(0.922554347143089,-2.8679959109041,6.74119622322161));
#4795=CARTESIAN_POINT('Ctrl Pts',(-1.87391355036409,-2.35899461765141,6.58482861236038));
#4796=CARTESIAN_POINT('Ctrl Pts',(-3.00221928135826,0.249597688614941,6.4284610014991));
#4797=CARTESIAN_POINT('Ctrl Pts',(-1.45869505105053,2.63626450526751,6.27209339063784));
#4798=CARTESIAN_POINT('Ctrl Pts',(1.38399280409146,2.67596084695346,6.11572577977659));
#4799=CARTESIAN_POINT('Ctrl Pts',(2.99326351985438,0.334706899876093,5.95935816891532));
#4800=CARTESIAN_POINT('Ctrl Pts',(1.94127113474059,-2.30619789009771,5.80299055805406));
#4801=CARTESIAN_POINT('Ctrl Pts',(-0.844717044582222,-2.89096119207158,
5.6466229471928));
#4802=CARTESIAN_POINT('Ctrl Pts',(-2.1911843739165,-1.57022408370395,5.54237787328529));
#4803=CARTESIAN_POINT('Ctrl Pts',(-2.44336656066246,-0.770032387639817,
5.49025533633154));
#4804=CARTESIAN_POINT('Ctrl Pts',(1.20564430054385,2.47375567929493,11.0097446636685));
#4805=CARTESIAN_POINT('Ctrl Pts',(2.01578829798262,2.07891252590386,10.9576221267147));
#4806=CARTESIAN_POINT('Ctrl Pts',(3.20540706317816,0.43891079365667,10.8533770528072));
#4807=CARTESIAN_POINT('Ctrl Pts',(2.14225367780219,-2.42823987927608,10.6970094419459));
#4808=CARTESIAN_POINT('Ctrl Pts',(-0.830363543046664,-3.12702650120067,
10.5406418310847));
#4809=CARTESIAN_POINT('Ctrl Pts',(-3.06252035617675,-1.0459515239441,10.3842742202234));
#4810=CARTESIAN_POINT('Ctrl Pts',(-2.5694659410592,1.9678915666018,10.2279066093622));
#4811=CARTESIAN_POINT('Ctrl Pts',(0.211004896169292,3.22921814495077,10.0715389985009));
#4812=CARTESIAN_POINT('Ctrl Pts',(2.80347444080995,1.61672916903998,9.91517138763963));
#4813=CARTESIAN_POINT('Ctrl Pts',(2.90070044336154,-1.43503792999763,9.75880377677838));
#4814=CARTESIAN_POINT('Ctrl Pts',(0.415995372980459,-3.20936683146876,9.60243616591712));
#4815=CARTESIAN_POINT('Ctrl Pts',(-2.4389564100716,-2.1271403660855,9.44606855505585));
#4816=CARTESIAN_POINT('Ctrl Pts',(-3.12303413888274,0.848463741927183,9.28970094419461));
#4817=CARTESIAN_POINT('Ctrl Pts',(-1.02732748856533,3.06884224871769,9.13333333333332));
#4818=CARTESIAN_POINT('Ctrl Pts',(1.98278813778532,2.5576880586565,8.97696572247209));
#4819=CARTESIAN_POINT('Ctrl Pts',(3.2280483206193,-0.230040090355871,8.8205981116108));
#4820=CARTESIAN_POINT('Ctrl Pts',(1.6000581894134,-2.81300970835656,8.66423050074956));
#4821=CARTESIAN_POINT('Ctrl Pts',(-1.45212513426466,-2.89215244467232,8.50786288988829));
#4822=CARTESIAN_POINT('Ctrl Pts',(-3.21178858601682,-0.397022290758337,
8.35149527902703));
#4823=CARTESIAN_POINT('Ctrl Pts',(-2.11267508991662,2.45149253152163,8.19512766816578));
#4824=CARTESIAN_POINT('Ctrl Pts',(0.866906400325085,3.11796182043692,8.0387600573045));
#4825=CARTESIAN_POINT('Ctrl Pts',(3.0748646491518,1.00916825068164,7.88239244644326));
#4826=CARTESIAN_POINT('Ctrl Pts',(2.5459199911033,-1.99787417714873,7.72602483558198));
#4827=CARTESIAN_POINT('Ctrl Pts',(-0.249118100334637,-3.22663207935297,
7.56965722472073));
#4828=CARTESIAN_POINT('Ctrl Pts',(-2.82242126010689,-1.58339989744628,7.41328961385947));
#4829=CARTESIAN_POINT('Ctrl Pts',(-2.88351475800796,1.46919609195875,7.25692200299821));
#4830=CARTESIAN_POINT('Ctrl Pts',(-0.378032831035455,3.21408216022109,7.10055439213695));
#4831=CARTESIAN_POINT('Ctrl Pts',(2.46394823521227,2.09814051041727,6.94418678127569));
#4832=CARTESIAN_POINT('Ctrl Pts',(3.11276514485279,-0.885313934298213,6.78781917041442));
#4833=CARTESIAN_POINT('Ctrl Pts',(0.991006187161092,-3.08079594580007,6.63145155955317));
#4834=CARTESIAN_POINT('Ctrl Pts',(-2.012954497875,-2.53402769041385,6.4750839486919));
#4835=CARTESIAN_POINT('Ctrl Pts',(-3.22497844409257,0.268117379192348,6.31871633783065));
#4836=CARTESIAN_POINT('Ctrl Pts',(-1.56692754768205,2.83187049500517,6.16234872696938));
#4837=CARTESIAN_POINT('Ctrl Pts',(1.48668253104913,2.87451223241637,6.00598111610812));
#4838=CARTESIAN_POINT('Ctrl Pts',(3.21535818151556,0.359541537785709,5.84961350524686));
#4839=CARTESIAN_POINT('Ctrl Pts',(2.08530989143643,-2.47731354253779,5.6932458943856));
#4840=CARTESIAN_POINT('Ctrl Pts',(-0.90739349955236,-3.10546520869754,5.53687828352434));
#4841=CARTESIAN_POINT('Ctrl Pts',(-2.35376623446245,-1.68673182994456,5.43263320961683));
#4842=CARTESIAN_POINT('Ctrl Pts',(-2.62465987680556,-0.827167378083069,
5.38051067266308));
#4843=CARTESIAN_POINT('Ctrl Pts',(1.28892185405324,2.64462557919717,10.9));
#4844=CARTESIAN_POINT('Ctrl Pts',(2.15502498476754,2.22250939692063,10.8478774630462));
#4845=CARTESIAN_POINT('Ctrl Pts',(3.426814370543,0.469227709755477,10.7436323891387));
#4846=CARTESIAN_POINT('Ctrl Pts',(2.29022571665593,-2.59596586312457,10.5872647782775));
#4847=CARTESIAN_POINT('Ctrl Pts',(-0.887719302417086,-3.34301982249913,
10.4308971674162));
#4848=CARTESIAN_POINT('Ctrl Pts',(-3.27405803998619,-1.11819860707151,10.2745295565549));
#4849=CARTESIAN_POINT('Ctrl Pts',(-2.74694684259923,2.10381987909365,10.1181619456937));
#4850=CARTESIAN_POINT('Ctrl Pts',(0.225579652192735,3.45227015684044,9.96179433483242));
#4851=CARTESIAN_POINT('Ctrl Pts',(2.99711902790038,1.72840161656384,9.80542672397118));
#4852=CARTESIAN_POINT('Ctrl Pts',(3.1010607289597,-1.53416040579706,9.64905911310991));
#4853=CARTESIAN_POINT('Ctrl Pts',(0.444729450616302,-3.43104765218705,9.49269150224865));
#4854=CARTESIAN_POINT('Ctrl Pts',(-2.60742261760493,-2.2740684820968,9.33632389138739));
#4855=CARTESIAN_POINT('Ctrl Pts',(-3.3387516954582,0.907069737607039,9.17995628052613));
#4856=CARTESIAN_POINT('Ctrl Pts',(-1.09828815238804,3.28081660505494,9.02358866966487));
#4857=CARTESIAN_POINT('Ctrl Pts',(2.11974540218554,2.73435542569751,8.86722105880361));
#4858=CARTESIAN_POINT('Ctrl Pts',(3.4510195291507,-0.245929665685237,8.71085344794235));
#4859=CARTESIAN_POINT('Ctrl Pts',(1.7105791211898,-3.00731292565243,8.5544858370811));
#4860=CARTESIAN_POINT('Ctrl Pts',(-1.55242787572539,-3.09192229375622,8.39811822621983));
#4861=CARTESIAN_POINT('Ctrl Pts',(-3.43363668475722,-0.424445839352341,
8.24175061535857));
#4862=CARTESIAN_POINT('Ctrl Pts',(-2.25860404489042,2.62082464745297,8.0853830044973));
#4863=CARTESIAN_POINT('Ctrl Pts',(0.926786287044689,3.33332901640387,7.92901539363605));
#4864=CARTESIAN_POINT('Ctrl Pts',(3.28725499117752,1.07887460018971,7.77264778277479));
#4865=CARTESIAN_POINT('Ctrl Pts',(2.7217745015871,-2.1358734806062,7.61628017191353));
#4866=CARTESIAN_POINT('Ctrl Pts',(-0.266325452388154,-3.44950546375185,
7.45991256105227));
#4867=CARTESIAN_POINT('Ctrl Pts',(-3.01737456217828,-1.69277018985082,7.30354495019101));
#4868=CARTESIAN_POINT('Ctrl Pts',(-3.0826879755538,1.5706779768801,7.14717733932974));
#4869=CARTESIAN_POINT('Ctrl Pts',(-0.404144719343359,3.43608868317371,6.99080972846849));
#4870=CARTESIAN_POINT('Ctrl Pts',(2.63414070484008,2.24306551735976,6.83444211760723));
#4871=CARTESIAN_POINT('Ctrl Pts',(3.32777339048187,-0.946465285905703,6.67807450674595));
#4872=CARTESIAN_POINT('Ctrl Pts',(1.05945802717909,-3.29359598069606,6.52170689588471));
#4873=CARTESIAN_POINT('Ctrl Pts',(-2.15199544538592,-2.70906076317629,6.36533928502343));
#4874=CARTESIAN_POINT('Ctrl Pts',(-3.44773760682688,0.286637069769754,6.20897167416219));
#4875=CARTESIAN_POINT('Ctrl Pts',(-1.67516004431358,3.02747648474283,6.05260406330091));
#4876=CARTESIAN_POINT('Ctrl Pts',(1.5893722580068,3.07306361787928,5.89623645243967));
#4877=CARTESIAN_POINT('Ctrl Pts',(3.43745284317673,0.384376175695325,5.73986884157839));
#4878=CARTESIAN_POINT('Ctrl Pts',(2.22934864813226,-2.64842919497787,5.58350123071714));
#4879=CARTESIAN_POINT('Ctrl Pts',(-0.970069954522499,-3.3199692253235,5.42713361985588));
#4880=CARTESIAN_POINT('Ctrl Pts',(-2.51634809500839,-1.80323957618516,5.32288854594837));
#4881=CARTESIAN_POINT('Ctrl Pts',(-2.80595319294865,-0.884302368526322,
5.27076600899462));
#4882=CARTESIAN_POINT('',(2.11867263426448,-2.04679692617606,5.6));
#4883=CARTESIAN_POINT('Ctrl Pts',(2.11869467527052,-2.04684297552861,5.6));
#4884=CARTESIAN_POINT('Ctrl Pts',(2.04624733557835,-2.10983292883152,5.6));
#4885=CARTESIAN_POINT('Ctrl Pts',(1.97079229295202,-2.16888222484254,5.6));
#4886=CARTESIAN_POINT('Ctrl Pts',(1.89244918126482,-2.2236621944402,5.6));
#4887=CARTESIAN_POINT('Ctrl Pts',(1.88798621860352,-2.22678283840795,5.6));
#4888=CARTESIAN_POINT('Ctrl Pts',(1.88351387577429,-2.2298896156216,5.6));
#4889=CARTESIAN_POINT('Ctrl Pts',(1.87903217217136,-2.23298246092176,5.6));
#4890=CARTESIAN_POINT('Ctrl Pts',(1.79945718014754,-2.28789754721402,5.6));
#4891=CARTESIAN_POINT('Ctrl Pts',(1.71693273702162,-2.33842457805907,5.6));
#4892=CARTESIAN_POINT('Ctrl Pts',(1.63186592014778,-2.38453626969913,5.6));
#4893=CARTESIAN_POINT('Ctrl Pts',(1.54228666209745,-2.43309399498335,5.6));
#4894=CARTESIAN_POINT('Ctrl Pts',(1.44988704781721,-2.4767560576105,5.6));
#4895=CARTESIAN_POINT('Ctrl Pts',(1.35513032300094,-2.51543114894446,5.6));
#4896=CARTESIAN_POINT('Ctrl Pts',(1.31367425589382,-2.53235150140307,5.6));
#4897=CARTESIAN_POINT('Ctrl Pts',(1.27176697566977,-2.54831652676008,5.6));
#4898=CARTESIAN_POINT('Ctrl Pts',(1.22944747813566,-2.5633148799577,5.6));
#4899=CARTESIAN_POINT('Ctrl Pts',(1.20897096610908,-2.57057191223655,5.6));
#4900=CARTESIAN_POINT('Ctrl Pts',(1.18839795299354,-2.57760259740383,5.6));
#4901=CARTESIAN_POINT('Ctrl Pts',(1.16773289835277,-2.58440546000543,5.6));
#4902=CARTESIAN_POINT('Ctrl Pts',(1.15280724781282,-2.58931893115892,5.6));
#4903=CARTESIAN_POINT('Ctrl Pts',(1.13783218697708,-2.59411390696724,5.6));
#4904=CARTESIAN_POINT('Ctrl Pts',(1.12282701919354,-2.59878454860355,5.6));
#4905=CARTESIAN_POINT('Ctrl Pts',(1.03124123671306,-2.62729235172302,5.6));
#4906=CARTESIAN_POINT('Ctrl Pts',(0.938388341204436,-2.65122188767977,5.6));
#4907=CARTESIAN_POINT('Ctrl Pts',(0.844662858424102,-2.6705513020878,5.6));
#4908=CARTESIAN_POINT('Ctrl Pts',(0.75115711533954,-2.68983539862159,5.6));
#4909=CARTESIAN_POINT('Ctrl Pts',(0.656781859401242,-2.70454088846463,5.6));
#4910=CARTESIAN_POINT('Ctrl Pts',(0.561927159219301,-2.71459457177126,5.6));
#4911=CARTESIAN_POINT('Ctrl Pts',(0.468649645717761,-2.72448108850237,5.6));
#4912=CARTESIAN_POINT('Ctrl Pts',(0.374907610425235,-2.72986906855694,5.6));
#4913=CARTESIAN_POINT('Ctrl Pts',(0.281084379493722,-2.73064047852761,5.6));
#4914=CARTESIAN_POINT('Ctrl Pts',(0.237298267562064,-2.73100048577726,5.6));
#4915=CARTESIAN_POINT('Ctrl Pts',(0.1934947305836,-2.73035433616738,5.6));
#4916=CARTESIAN_POINT('Ctrl Pts',(0.149714492337804,-2.72868645387331,5.6));
#4917=CARTESIAN_POINT('Ctrl Pts',(0.127815635745306,-2.72785217985758,5.6));
#4918=CARTESIAN_POINT('Ctrl Pts',(0.105922629432956,-2.72676223311136,5.6));
#4919=CARTESIAN_POINT('Ctrl Pts',(0.0840407081681506,-2.72541445049704,
5.6));
#4920=CARTESIAN_POINT('Ctrl Pts',(0.0700782173042362,-2.72455445277512,
5.6));
#4921=CARTESIAN_POINT('Ctrl Pts',(0.0561290772003483,-2.72359000556335,
5.6));
#4922=CARTESIAN_POINT('Ctrl Pts',(0.0421971098815987,-2.72252114339976,
5.6));
#4923=CARTESIAN_POINT('Ctrl Pts',(-0.0493162348224911,-2.71550022888142,
5.6));
#4924=CARTESIAN_POINT('Ctrl Pts',(-0.140126109623401,-2.70397599864429,
5.6));
#4925=CARTESIAN_POINT('Ctrl Pts',(-0.229878878763273,-2.68788452714423,
5.6));
#4926=CARTESIAN_POINT('Ctrl Pts',(-0.317301917721208,-2.67221074511698,
5.6));
#4927=CARTESIAN_POINT('Ctrl Pts',(-0.403722742544283,-2.65220351288104,
5.6));
#4928=CARTESIAN_POINT('Ctrl Pts',(-0.488796390466713,-2.6277588015935,5.6));
#4929=CARTESIAN_POINT('Ctrl Pts',(-0.573870038389143,-2.60331409030595,
5.6));
#4930=CARTESIAN_POINT('Ctrl Pts',(-0.657597263104769,-2.57443186764902,
5.6));
#4931=CARTESIAN_POINT('Ctrl Pts',(-0.739603643869628,-2.54096425674944,
5.6));
#4932=CARTESIAN_POINT('Ctrl Pts',(-0.78788304386787,-2.52126095856049,5.6));
#4933=CARTESIAN_POINT('Ctrl Pts',(-0.835565327266595,-2.49996735961063,
5.6));
#4934=CARTESIAN_POINT('Ctrl Pts',(-0.882595943760288,-2.47713151529258,
5.6));
#4935=CARTESIAN_POINT('Ctrl Pts',(-0.900490204432132,-2.46844290813933,
5.6));
#4936=CARTESIAN_POINT('Ctrl Pts',(-0.918295314225325,-2.45952816343574,
5.6));
#4937=CARTESIAN_POINT('Ctrl Pts',(-0.935978481774968,-2.45040552505943,
5.6));
#4938=CARTESIAN_POINT('Ctrl Pts',(-1.01423725702492,-2.41003229982284,5.6));
#4939=CARTESIAN_POINT('Ctrl Pts',(-1.09020361390398,-2.36554846895557,5.6));
#4940=CARTESIAN_POINT('Ctrl Pts',(-1.1636729480791,-2.3172605742074,5.6));
#4941=CARTESIAN_POINT('Ctrl Pts',(-1.23842521851976,-2.26812946654523,5.6));
#4942=CARTESIAN_POINT('Ctrl Pts',(-1.31059316489373,-2.21505951832612,5.6));
#4943=CARTESIAN_POINT('Ctrl Pts',(-1.37992476128593,-2.15833499059196,5.6));
#4944=CARTESIAN_POINT('Ctrl Pts',(-1.44854422987361,-2.10219309928188,5.6));
#4945=CARTESIAN_POINT('Ctrl Pts',(-1.51438578312071,-2.04247044080902,5.6));
#4946=CARTESIAN_POINT('Ctrl Pts',(-1.57716138008238,-1.97941764281296,5.6));
#4947=CARTESIAN_POINT('Ctrl Pts',(-1.60173227032558,-1.95473825378169,5.6));
#4948=CARTESIAN_POINT('Ctrl Pts',(-1.62583294114281,-1.92954848401518,5.6));
#4949=CARTESIAN_POINT('Ctrl Pts',(-1.64944403391475,-1.90386274409993,5.6));
#4950=CARTESIAN_POINT('Ctrl Pts',(-1.66109432109649,-1.89118877558105,5.6));
#4951=CARTESIAN_POINT('Ctrl Pts',(-1.67262539291733,-1.87839405057913,5.6));
#4952=CARTESIAN_POINT('Ctrl Pts',(-1.68403480991847,-1.86548028217379,5.6));
#4953=CARTESIAN_POINT('Ctrl Pts',(-1.69282687040593,-1.85552897327437,5.6));
#4954=CARTESIAN_POINT('Ctrl Pts',(-1.70154576480958,-1.84550794505211,5.6));
#4955=CARTESIAN_POINT('Ctrl Pts',(-1.71018421184693,-1.83542545724612,5.6));
#4956=CARTESIAN_POINT('Ctrl Pts',(-1.76714424411105,-1.76894373567635,5.6));
#4957=CARTESIAN_POINT('Ctrl Pts',(-1.82068773787087,-1.69970471336902,5.6));
#4958=CARTESIAN_POINT('Ctrl Pts',(-1.87055945611761,-1.62797039748432,5.6));
#4959=CARTESIAN_POINT('Ctrl Pts',(-1.91831143308739,-1.55928506799315,5.6));
#4960=CARTESIAN_POINT('Ctrl Pts',(-1.96269723068025,-1.48831125315758,5.6));
#4961=CARTESIAN_POINT('Ctrl Pts',(-2.0034488168326,-1.41526625607474,5.6));
#4962=CARTESIAN_POINT('Ctrl Pts',(-2.01693024691662,-1.39110152743133,5.6));
#4963=CARTESIAN_POINT('Ctrl Pts',(-2.03001356676176,-1.36671006830078,5.6));
#4964=CARTESIAN_POINT('Ctrl Pts',(-2.04268791982232,-1.34209964023273,5.6));
#4965=CARTESIAN_POINT('Ctrl Pts',(-2.0526219719187,-1.32281019221326,5.6));
#4966=CARTESIAN_POINT('Ctrl Pts',(-2.06230659438415,-1.30338213436624,5.6));
#4967=CARTESIAN_POINT('Ctrl Pts',(-2.0717242229888,-1.28384518757551,5.6));
#4968=CARTESIAN_POINT('Ctrl Pts',(-2.10816482066104,-1.20824887266101,5.6));
#4969=CARTESIAN_POINT('Ctrl Pts',(-2.14064857597085,-1.13095552562844,5.6));
#4970=CARTESIAN_POINT('Ctrl Pts',(-2.16891578454212,-1.05219363977649,5.6));
#4971=CARTESIAN_POINT('Ctrl Pts',(-2.1963876545792,-0.975647832766736,5.6));
#4972=CARTESIAN_POINT('Ctrl Pts',(-2.21987704171936,-0.89771429692075,5.6));
#4973=CARTESIAN_POINT('Ctrl Pts',(-2.23909665717868,-0.818600443770519,
5.6));
#4974=CARTESIAN_POINT('Ctrl Pts',(-2.247601694169,-0.783591093613961,5.6));
#4975=CARTESIAN_POINT('Ctrl Pts',(-2.25526994867073,-0.748350638090751,
5.6));
#4976=CARTESIAN_POINT('Ctrl Pts',(-2.26207324451936,-0.712897397196564,
5.6));
#4977=CARTESIAN_POINT('Ctrl Pts',(2.94498846605703,0.00178505621187806,
5.7221761170896));
#4978=CARTESIAN_POINT('Ctrl Pts',(2.94004068756451,-0.748916334568882,5.6814507447264));
#4979=CARTESIAN_POINT('Ctrl Pts',(2.63639034773533,-1.50348503063275,5.6407253723632));
#4980=CARTESIAN_POINT('Ctrl Pts',(2.1186946752705,-2.04684297552862,5.6));
#4981=CARTESIAN_POINT('',(1.37981682853927,-1.93295021178658,10.9));
#4982=CARTESIAN_POINT('Ctrl Pts',(1.37981682853927,-1.93295021178658,10.9));
#4983=CARTESIAN_POINT('Ctrl Pts',(1.45275438850735,-1.89339730400012,10.9));
#4984=CARTESIAN_POINT('Ctrl Pts',(1.52325607658483,-1.84997429691518,10.9));
#4985=CARTESIAN_POINT('Ctrl Pts',(1.59097085376442,-1.80278182194389,10.9));
#4986=CARTESIAN_POINT('Ctrl Pts',(1.65774343921409,-1.75624598886797,10.9));
#4987=CARTESIAN_POINT('Ctrl Pts',(1.72180760148543,-1.70604537655297,10.9));
#4988=CARTESIAN_POINT('Ctrl Pts',(1.78309258624748,-1.65254313783046,10.9));
#4989=CARTESIAN_POINT('Ctrl Pts',(1.84588419601858,-1.59772560448542,10.9));
#4990=CARTESIAN_POINT('Ctrl Pts',(1.90575886188386,-1.53944167551765,10.9));
#4991=CARTESIAN_POINT('Ctrl Pts',(1.96261798091257,-1.47803232414001,10.9));
#4992=CARTESIAN_POINT('Ctrl Pts',(1.99099895220858,-1.44738012501123,10.9));
#4993=CARTESIAN_POINT('Ctrl Pts',(2.01862821187719,-1.41594851640907,10.9));
#4994=CARTESIAN_POINT('Ctrl Pts',(2.04549079426015,-1.38377601023016,10.9));
#4995=CARTESIAN_POINT('Ctrl Pts',(2.05898634683252,-1.36761279321951,10.9));
#4996=CARTESIAN_POINT('Ctrl Pts',(2.072288360768,-1.35126253791459,10.9));
#4997=CARTESIAN_POINT('Ctrl Pts',(2.08539474110411,-1.33472991603372,10.9));
#4998=CARTESIAN_POINT('Ctrl Pts',(2.09410692439701,-1.32374021266447,10.9));
#4999=CARTESIAN_POINT('Ctrl Pts',(2.10272782943768,-1.31267596757804,10.9));
#5000=CARTESIAN_POINT('Ctrl Pts',(2.1112535547053,-1.30154356889923,10.9));
#5001=CARTESIAN_POINT('Ctrl Pts',(2.16387575063013,-1.23283255065724,10.9));
#5002=CARTESIAN_POINT('Ctrl Pts',(2.21291756351118,-1.1614742125314,10.9));
#5003=CARTESIAN_POINT('Ctrl Pts',(2.25830086385885,-1.08786788533278,10.9));
#5004=CARTESIAN_POINT('Ctrl Pts',(2.30460979572167,-1.01276029366799,10.9));
#5005=CARTESIAN_POINT('Ctrl Pts',(2.34711006574082,-0.935311456112518,10.9));
#5006=CARTESIAN_POINT('Ctrl Pts',(2.38568962505815,-0.855898864113953,10.9));
#5007=CARTESIAN_POINT('Ctrl Pts',(2.42457438493228,-0.775858043910502,10.9));
#5008=CARTESIAN_POINT('Ctrl Pts',(2.45947676362801,-0.69382147873118,10.9));
#5009=CARTESIAN_POINT('Ctrl Pts',(2.49024366009496,-0.610139584512058,10.9));
#5010=CARTESIAN_POINT('Ctrl Pts',(2.50591014137251,-0.567528824910015,10.9));
#5011=CARTESIAN_POINT('Ctrl Pts',(2.52050369024089,-0.524490956611134,10.9));
#5012=CARTESIAN_POINT('Ctrl Pts',(2.53399952608806,-0.481069733353812,10.9));
#5013=CARTESIAN_POINT('Ctrl Pts',(2.53832626028926,-0.467148988180766,10.9));
#5014=CARTESIAN_POINT('Ctrl Pts',(2.5425403639926,-0.453187801271712,10.9));
#5015=CARTESIAN_POINT('Ctrl Pts',(2.5466363284925,-0.439204175806566,10.9));
#5016=CARTESIAN_POINT('Ctrl Pts',(2.57241335275514,-0.351201398218084,10.9));
#5017=CARTESIAN_POINT('Ctrl Pts',(2.59356200664146,-0.262163777811695,10.9));
#5018=CARTESIAN_POINT('Ctrl Pts',(2.60997323784534,-0.172494095983885,10.9));
#5019=CARTESIAN_POINT('Ctrl Pts',(2.62635241457796,-0.0829995572763055,
10.9));
#5020=CARTESIAN_POINT('Ctrl Pts',(2.63801318423591,0.00712548311948032,
10.9));
#5021=CARTESIAN_POINT('Ctrl Pts',(2.64480592408856,0.0975110438465863,10.9));
#5022=CARTESIAN_POINT('Ctrl Pts',(2.65137527412547,0.184924134820136,10.9));
#5023=CARTESIAN_POINT('Ctrl Pts',(2.65339176159634,0.272581791532131,10.9));
#5024=CARTESIAN_POINT('Ctrl Pts',(2.65067618574818,0.360164464054243,10.9));
#5025=CARTESIAN_POINT('Ctrl Pts',(2.64963310970837,0.393805721864061,10.9));
#5026=CARTESIAN_POINT('Ctrl Pts',(2.64789137386862,0.427436009014679,10.9));
#5027=CARTESIAN_POINT('Ctrl Pts',(2.64546192406353,0.46104140562358,10.9));
#5028=CARTESIAN_POINT('Ctrl Pts',(2.64352446804671,0.487841291639206,10.9));
#5029=CARTESIAN_POINT('Ctrl Pts',(2.6411496138803,0.514625349984016,10.9));
#5030=CARTESIAN_POINT('Ctrl Pts',(2.63834242936266,0.541386514417842,10.9));
#5031=CARTESIAN_POINT('Ctrl Pts',(2.63689759804445,0.555160232619409,10.9));
#5032=CARTESIAN_POINT('Ctrl Pts',(2.63533930713534,0.568917621380685,10.9));
#5033=CARTESIAN_POINT('Ctrl Pts',(2.63366878322232,0.582657237639824,10.9));
#5034=CARTESIAN_POINT('Ctrl Pts',(2.62291847725791,0.671075653843564,10.9));
#5035=CARTESIAN_POINT('Ctrl Pts',(2.60752383823916,0.758762867990553,10.9));
#5036=CARTESIAN_POINT('Ctrl Pts',(2.5877696445575,0.845457481144247,10.9));
#5037=CARTESIAN_POINT('Ctrl Pts',(2.56683978655985,0.937311695581398,10.9));
#5038=CARTESIAN_POINT('Ctrl Pts',(2.54101625398197,1.028052336485,10.9));
#5039=CARTESIAN_POINT('Ctrl Pts',(2.51057765090169,1.11737799832241,10.9));
#5040=CARTESIAN_POINT('Ctrl Pts',(2.48394387320646,1.19553795243014,10.9));
#5041=CARTESIAN_POINT('Ctrl Pts',(2.45377560676842,1.27261507458293,10.9));
#5042=CARTESIAN_POINT('Ctrl Pts',(2.42022383399449,1.34840593821597,10.9));
#5043=CARTESIAN_POINT('Ctrl Pts',(2.40264714161699,1.38811032892222,10.9));
#5044=CARTESIAN_POINT('Ctrl Pts',(2.3841413549718,1.42746165337774,10.9));
#5045=CARTESIAN_POINT('Ctrl Pts',(2.36472480825661,1.46642984509065,10.9));
#5046=CARTESIAN_POINT('Ctrl Pts',(2.35521330396402,1.48551903371871,10.9));
#5047=CARTESIAN_POINT('Ctrl Pts',(2.34548321175131,1.50451627112909,10.9));
#5048=CARTESIAN_POINT('Ctrl Pts',(2.33553649465808,1.52341794678097,10.9));
#5049=CARTESIAN_POINT('Ctrl Pts',(2.32650748237582,1.54057571451643,10.9));
#5050=CARTESIAN_POINT('Ctrl Pts',(2.3172983520169,1.55765745265637,10.9));
#5051=CARTESIAN_POINT('Ctrl Pts',(2.30792311271613,1.57463821100533,10.9));
#5052=CARTESIAN_POINT('Ctrl Pts',(2.26139134374695,1.65891816366205,10.9));
#5053=CARTESIAN_POINT('Ctrl Pts',(2.21071499279379,1.74082266069269,10.9));
#5054=CARTESIAN_POINT('Ctrl Pts',(2.15615587394526,1.82004815248441,10.9));
#5055=CARTESIAN_POINT('Ctrl Pts',(2.09917072009988,1.90279649837982,10.9));
#5056=CARTESIAN_POINT('Ctrl Pts',(2.03794977767789,1.98262338764263,10.9));
#5057=CARTESIAN_POINT('Ctrl Pts',(1.97273387843527,2.05916785677184,10.9));
#5058=CARTESIAN_POINT('Ctrl Pts',(1.95179943257045,2.083738798273,10.9));
#5059=CARTESIAN_POINT('Ctrl Pts',(1.93045291347843,2.10797132815031,10.9));
#5060=CARTESIAN_POINT('Ctrl Pts',(1.90870112698751,2.13185289631322,10.9));
#5061=CARTESIAN_POINT('Ctrl Pts',(1.89272938340513,2.14938848049167,10.9));
#5062=CARTESIAN_POINT('Ctrl Pts',(1.8765357836952,2.16673814546117,10.9));
#5063=CARTESIAN_POINT('Ctrl Pts',(1.86014361483413,2.1838756240294,10.9));
#5064=CARTESIAN_POINT('Ctrl Pts',(1.79170053990959,2.25543062932517,10.9));
#5065=CARTESIAN_POINT('Ctrl Pts',(1.7197408470303,2.32335534060858,10.9));
#5066=CARTESIAN_POINT('Ctrl Pts',(1.64450765472608,2.38732455495241,10.9));
#5067=CARTESIAN_POINT('Ctrl Pts',(1.57017931604963,2.45052439112828,10.9));
#5068=CARTESIAN_POINT('Ctrl Pts',(1.49265524064257,2.50986413090135,10.9));
#5069=CARTESIAN_POINT('Ctrl Pts',(1.41212690979426,2.56500421703266,10.9));
#5070=CARTESIAN_POINT('Ctrl Pts',(1.37180554913156,2.59261342333872,10.9));
#5071=CARTESIAN_POINT('Ctrl Pts',(1.33073035958761,2.61916924649803,10.9));
#5072=CARTESIAN_POINT('Ctrl Pts',(1.28892185405324,2.64462557919717,10.9));
#5073=CARTESIAN_POINT('Ctrl Pts',(1.37981682853927,-1.93295021178658,10.9));
#5074=CARTESIAN_POINT('Ctrl Pts',(0.813293509210412,-2.33145660473335,10.8533770528072));
#5075=CARTESIAN_POINT('Ctrl Pts',(-0.783313556192908,-2.63195794603169,
10.7546315686607));
#5076=CARTESIAN_POINT('Ctrl Pts',(-2.63944498855788,-0.901457357689272,
10.6037635475603));
#5077=CARTESIAN_POINT('Ctrl Pts',(-2.21450413797916,1.69603494161808,10.4473959366991));
#5078=CARTESIAN_POINT('Ctrl Pts',(0.18185538412241,2.78311412117142,10.2910283258378));
#5079=CARTESIAN_POINT('Ctrl Pts',(2.06793005356344,1.60999537865605,10.1590330496365));
#5080=CARTESIAN_POINT('Ctrl Pts',(2.36755898917662,0.414637875914359,10.0791603103888));
#5081=CARTESIAN_POINT('Ctrl Pts',(2.36818400207577,-0.000375931310623162,
10.051410108095));
#5082=CARTESIAN_POINT('Origin',(0.,0.,12.748589891905));
#5083=CARTESIAN_POINT('',(-1.37702479013101,-1.93106208855765,10.9));
#5084=CARTESIAN_POINT('Origin',(0.,0.,10.9));
#5085=CARTESIAN_POINT('Ctrl Pts',(-1.37702479013101,-1.93106208855765,10.9));
#5086=CARTESIAN_POINT('Ctrl Pts',(-2.00943904705248,-1.4800925860371,10.8478774630462));
#5087=CARTESIAN_POINT('Ctrl Pts',(-2.78712219477808,0.0833123411247222,
10.7436323891387));
#5088=CARTESIAN_POINT('Ctrl Pts',(-1.47521089630875,2.36904294202182,10.5872647782775));
#5089=CARTESIAN_POINT('Ctrl Pts',(1.15104550727495,2.53978512641453,10.4308971674162));
#5090=CARTESIAN_POINT('Ctrl Pts',(2.30694820813971,1.03322418896022,10.3180055386254));
#5091=CARTESIAN_POINT('Ctrl Pts',(2.37428545962277,0.130531771713023,10.2572364467883));
#5092=CARTESIAN_POINT('Ctrl Pts',(2.37320697202136,0.00192422662243352,
10.248589891905));
#5093=CARTESIAN_POINT('Ctrl Pts',(-1.70810875200398,-2.39535560853236,11.2292339910054));
#5094=CARTESIAN_POINT('Ctrl Pts',(-2.49257707449283,-1.83595757905393,11.1771114540516));
#5095=CARTESIAN_POINT('Ctrl Pts',(-3.45724190873284,0.103343483752045,11.0728663801441));
#5096=CARTESIAN_POINT('Ctrl Pts',(-1.82990216377795,2.93864207249001,10.9164987692829));
#5097=CARTESIAN_POINT('Ctrl Pts',(1.42779630332155,3.15043653079437,10.7601311584216));
#5098=CARTESIAN_POINT('Ctrl Pts',(3.41380021348821,0.561952300720176,10.6037635475603));
#5099=CARTESIAN_POINT('Ctrl Pts',(2.36164898347172,-2.52871292529926,10.4473959366991));
#5100=CARTESIAN_POINT('Ctrl Pts',(-0.792801714279387,-3.36757024461397,
10.2910283258378));
#5101=CARTESIAN_POINT('Ctrl Pts',(-3.24147355204822,-1.20952331285818,10.1346607149766));
#5102=CARTESIAN_POINT('Ctrl Pts',(-2.80500588203639,2.02538172150611,9.9782931041153));
#5103=CARTESIAN_POINT('Ctrl Pts',(0.12819658453294,3.45737513245613,9.82192549325404));
#5104=CARTESIAN_POINT('Ctrl Pts',(2.94727681564997,1.81207155607646,9.66555788239278));
#5105=CARTESIAN_POINT('Ctrl Pts',(3.14302747966123,-1.44617447251944,9.50919027153151));
#5106=CARTESIAN_POINT('Ctrl Pts',(0.541200643488967,-3.41717727455361,9.35282266067026));
#5107=CARTESIAN_POINT('Ctrl Pts',(-2.54234056832394,-2.34659936865928,9.19645504980899));
#5108=CARTESIAN_POINT('Ctrl Pts',(-3.36297430945191,0.812665384541449,9.04008743894774));
#5109=CARTESIAN_POINT('Ctrl Pts',(-1.19026201760428,3.24858313274627,8.88371982808648));
#5110=CARTESIAN_POINT('Ctrl Pts',(2.04188872188916,2.79297516470526,8.72735221722521));
#5111=CARTESIAN_POINT('Ctrl Pts',(3.45657757986104,-0.148629200321502,8.57098460636395));
#5112=CARTESIAN_POINT('Ctrl Pts',(1.79460563003029,-2.95793995175067,8.41461699550269));
#5113=CARTESIAN_POINT('Ctrl Pts',(-1.4647243184232,-3.1344220959861,8.25824938464144));
#5114=CARTESIAN_POINT('Ctrl Pts',(-3.42032001894854,-0.520990202612724,
8.10188177378017));
#5115=CARTESIAN_POINT('Ctrl Pts',(-2.33152693380145,2.55616865599149,7.94551416291891));
#5116=CARTESIAN_POINT('Ctrl Pts',(0.832530818104012,3.35811162264934,7.78914655205764));
#5117=CARTESIAN_POINT('Ctrl Pts',(3.25556443922838,1.17103558629505,7.63277894119638));
#5118=CARTESIAN_POINT('Ctrl Pts',(2.78085279729024,-2.05836254873662,7.47641133033513));
#5119=CARTESIAN_POINT('Ctrl Pts',(-0.169056492543904,-3.45564208870091,
7.32004371947386));
#5120=CARTESIAN_POINT('Ctrl Pts',(-2.96850598895298,-1.7770807933123,7.16367610861262));
#5121=CARTESIAN_POINT('Ctrl Pts',(-3.12569191038256,1.48321517393161,7.00730849775134));
#5122=CARTESIAN_POINT('Ctrl Pts',(-0.500792670856596,3.42336615290947,6.85094088689009));
#5123=CARTESIAN_POINT('Ctrl Pts',(2.56996841760644,2.31632462437392,6.69457327602883));
#5124=CARTESIAN_POINT('Ctrl Pts',(3.35301315796041,-0.852271478531402,6.53820566516756));
#5125=CARTESIAN_POINT('Ctrl Pts',(1.15199747737041,-3.26261808856641,6.3818380543063));
#5126=CARTESIAN_POINT('Ctrl Pts',(-2.07520817337711,-2.7682726244078,6.22547044344504));
#5127=CARTESIAN_POINT('Ctrl Pts',(-3.45372481929526,0.188778947253839,6.06910283258378));
#5128=CARTESIAN_POINT('Ctrl Pts',(-1.76118657480775,2.98033236534527,5.91273522172252));
#5129=CARTESIAN_POINT('Ctrl Pts',(1.50519681454409,3.11409441742203,5.75636761086126));
#5130=CARTESIAN_POINT('Ctrl Pts',(2.77967138806438,1.3627573807355,5.65212253695375));
#5131=CARTESIAN_POINT('Ctrl Pts',(2.91348714758004,0.408603280561904,5.6));
#5132=CARTESIAN_POINT('Ctrl Pts',(-1.59774743137966,-2.24059110187412,11.1194893273369));
#5133=CARTESIAN_POINT('Ctrl Pts',(-2.33153106534605,-1.71733591471499,11.0673667903832));
#5134=CARTESIAN_POINT('Ctrl Pts',(-3.23386867074792,0.0966664362096044,
10.9631217164757));
#5135=CARTESIAN_POINT('Ctrl Pts',(-1.71167174128822,2.74877569566728,10.8067541056144));
#5136=CARTESIAN_POINT('Ctrl Pts',(1.33554603797268,2.94688606266776,10.6503864947531));
#5137=CARTESIAN_POINT('Ctrl Pts',(3.19323375396615,0.52564442631663,10.4940188838919));
#5138=CARTESIAN_POINT('Ctrl Pts',(2.20906227003134,-2.36533217007017,10.3376512730306));
#5139=CARTESIAN_POINT('Ctrl Pts',(-0.741578603292778,-3.14999071459005,
10.1812836621694));
#5140=CARTESIAN_POINT('Ctrl Pts',(-3.03204115990506,-1.13137571834681,10.0249160513081));
#5141=CARTESIAN_POINT('Ctrl Pts',(-2.62377377188103,1.89452131739453,9.86854844044685));
#5142=CARTESIAN_POINT('Ctrl Pts',(0.119913772123027,3.23399328685414,9.71218082958557));
#5143=CARTESIAN_POINT('Ctrl Pts',(2.75685254597805,1.69499317347363,9.55581321872433));
#5144=CARTESIAN_POINT('Ctrl Pts',(2.93995571212476,-1.35273678920263,9.39944560786304));
#5145=CARTESIAN_POINT('Ctrl Pts',(0.506233538690691,-3.19639262229729,9.24307799700181));
#5146=CARTESIAN_POINT('Ctrl Pts',(-2.3780793277748,-2.19498501448095,9.08671038614053));
#5147=CARTESIAN_POINT('Ctrl Pts',(-3.14569172391317,0.760158877002958,8.93034277527928));
#5148=CARTESIAN_POINT('Ctrl Pts',(-1.11335890004946,3.03869138887038,8.77397516441801));
#5149=CARTESIAN_POINT('Ctrl Pts',(1.90996179648045,2.61252036211369,8.61760755355675));
#5150=CARTESIAN_POINT('Ctrl Pts',(3.2332472643256,-0.139026231651289,8.46123994269549));
#5151=CARTESIAN_POINT('Ctrl Pts',(1.67865572514418,-2.76682673426984,8.30487233183423));
#5152=CARTESIAN_POINT('Ctrl Pts',(-1.37008812506485,-2.93190632437539,8.14850472097297));
#5153=CARTESIAN_POINT('Ctrl Pts',(-3.19933231321486,-0.487328899299795,
7.99213711011171));
#5154=CARTESIAN_POINT('Ctrl Pts',(-2.18088641329383,2.39101397934532,7.83576949925044));
#5155=CARTESIAN_POINT('Ctrl Pts',(0.778740800086361,3.14114321648394,7.67940188838919));
#5156=CARTESIAN_POINT('Ctrl Pts',(3.04522163144796,1.09537469312887,7.52303427752792));
#5157=CARTESIAN_POINT('Ctrl Pts',(2.60118122379661,-1.92537124538096,7.36666666666666));
#5158=CARTESIAN_POINT('Ctrl Pts',(-0.158133711570286,-3.23237221547615,
7.21029905580541));
#5159=CARTESIAN_POINT('Ctrl Pts',(-2.77671009724661,-1.66226317237571,7.05393144494414));
#5160=CARTESIAN_POINT('Ctrl Pts',(-2.92374019818047,1.38738428191546,6.89756383408288));
#5161=CARTESIAN_POINT('Ctrl Pts',(-0.468436334967635,3.202181635722,6.74119622322162));
#5162=CARTESIAN_POINT('Ctrl Pts',(2.40392213501636,2.16666632876444,6.58482861236036));
#5163=CARTESIAN_POINT('Ctrl Pts',(3.13637416483477,-0.797206011657108,6.4284610014991));
#5164=CARTESIAN_POINT('Ctrl Pts',(1.07756664103793,-3.051819542792,6.27209339063784));
#5165=CARTESIAN_POINT('Ctrl Pts',(-1.94112847012895,-2.58941385893436,6.11572577977658));
#5166=CARTESIAN_POINT('Ctrl Pts',(-3.23057882131168,0.176581893699399,5.95935816891532));
#5167=CARTESIAN_POINT('Ctrl Pts',(-1.64739588318253,2.78777236859271,5.80299055805405));
#5168=CARTESIAN_POINT('Ctrl Pts',(1.40794568339818,2.91289202205211,5.6466229471928));
#5169=CARTESIAN_POINT('Ctrl Pts',(2.60007614570729,1.2747092959446,5.54237787328529));
#5170=CARTESIAN_POINT('Ctrl Pts',(2.72524603655494,0.382203323532622,5.49025533633154));
#5171=CARTESIAN_POINT('Ctrl Pts',(-1.48738611075533,-2.08582659521589,11.0097446636685));
#5172=CARTESIAN_POINT('Ctrl Pts',(-2.17048505619926,-1.59871425037604,10.9576221267147));
#5173=CARTESIAN_POINT('Ctrl Pts',(-3.010495432763,0.0899893886671629,10.8533770528072));
#5174=CARTESIAN_POINT('Ctrl Pts',(-1.59344131879848,2.55890931884455,10.6970094419459));
#5175=CARTESIAN_POINT('Ctrl Pts',(1.24329577262382,2.74333559454114,10.5406418310847));
#5176=CARTESIAN_POINT('Ctrl Pts',(2.9726672944441,0.489336551913084,10.3842742202234));
#5177=CARTESIAN_POINT('Ctrl Pts',(2.05647555659097,-2.20195141484109,10.2279066093622));
#5178=CARTESIAN_POINT('Ctrl Pts',(-0.69035549230617,-2.93241118456613,10.0715389985009));
#5179=CARTESIAN_POINT('Ctrl Pts',(-2.82260876776191,-1.05322812383543,9.91517138763963));
#5180=CARTESIAN_POINT('Ctrl Pts',(-2.44254166172566,1.76366091328294,9.75880377677838));
#5181=CARTESIAN_POINT('Ctrl Pts',(0.111630959713112,3.01061144125216,9.60243616591712));
#5182=CARTESIAN_POINT('Ctrl Pts',(2.56642827630613,1.5779147908708,9.44606855505585));
#5183=CARTESIAN_POINT('Ctrl Pts',(2.7368839445883,-1.25929910588581,9.2897009441946));
#5184=CARTESIAN_POINT('Ctrl Pts',(0.471266433892415,-2.97560797004098,9.13333333333333));
#5185=CARTESIAN_POINT('Ctrl Pts',(-2.21381808722566,-2.04337066030262,8.97696572247207));
#5186=CARTESIAN_POINT('Ctrl Pts',(-2.92840913837442,0.707652369464464,8.82059811161081));
#5187=CARTESIAN_POINT('Ctrl Pts',(-1.03645578249464,2.8287996449945,8.66423050074955));
#5188=CARTESIAN_POINT('Ctrl Pts',(1.77803487107174,2.43206555952212,8.50786288988829));
#5189=CARTESIAN_POINT('Ctrl Pts',(3.00991694879016,-0.129423262981072,8.35149527902703));
#5190=CARTESIAN_POINT('Ctrl Pts',(1.56270582025807,-2.57571351678901,8.19512766816577));
#5191=CARTESIAN_POINT('Ctrl Pts',(-1.2754519317065,-2.72939055276469,8.0387600573045));
#5192=CARTESIAN_POINT('Ctrl Pts',(-2.97834460748119,-0.453667595986866,
7.88239244644325));
#5193=CARTESIAN_POINT('Ctrl Pts',(-2.0302458927862,2.22585930269915,7.72602483558198));
#5194=CARTESIAN_POINT('Ctrl Pts',(0.724950782068708,2.92417481031854,7.56965722472073));
#5195=CARTESIAN_POINT('Ctrl Pts',(2.83487882366755,1.01971379996268,7.41328961385946));
#5196=CARTESIAN_POINT('Ctrl Pts',(2.42150965030298,-1.7923799420253,7.25692200299821));
#5197=CARTESIAN_POINT('Ctrl Pts',(-0.147210930596669,-3.0091023422514,7.10055439213694));
#5198=CARTESIAN_POINT('Ctrl Pts',(-2.58491420554024,-1.54744555143912,6.94418678127568));
#5199=CARTESIAN_POINT('Ctrl Pts',(-2.72178848597838,1.29155338989932,6.78781917041442));
#5200=CARTESIAN_POINT('Ctrl Pts',(-0.436079999078669,2.98099711853452,6.63145155955317));
#5201=CARTESIAN_POINT('Ctrl Pts',(2.23787585242627,2.01700803315496,6.4750839486919));
#5202=CARTESIAN_POINT('Ctrl Pts',(2.91973517170912,-0.742140544782815,6.31871633783065));
#5203=CARTESIAN_POINT('Ctrl Pts',(1.00313580470544,-2.84102099701758,6.16234872696938));
#5204=CARTESIAN_POINT('Ctrl Pts',(-1.80704876688079,-2.41055509346092,6.00598111610812));
#5205=CARTESIAN_POINT('Ctrl Pts',(-3.00743282332809,0.164384840144958,5.84961350524686));
#5206=CARTESIAN_POINT('Ctrl Pts',(-1.53360519155732,2.59521237184014,5.69324589438559));
#5207=CARTESIAN_POINT('Ctrl Pts',(1.31069455225228,2.71168962668219,5.53687828352434));
#5208=CARTESIAN_POINT('Ctrl Pts',(2.42048090335019,1.18666121115371,5.43263320961683));
#5209=CARTESIAN_POINT('Ctrl Pts',(2.53700492552984,0.355803366503341,5.38051067266308));
#5210=CARTESIAN_POINT('Ctrl Pts',(-1.37702479013101,-1.93106208855765,10.9));
#5211=CARTESIAN_POINT('Ctrl Pts',(-2.00943904705248,-1.4800925860371,10.8478774630462));
#5212=CARTESIAN_POINT('Ctrl Pts',(-2.78712219477808,0.0833123411247222,
10.7436323891387));
#5213=CARTESIAN_POINT('Ctrl Pts',(-1.47521089630875,2.36904294202182,10.5872647782775));
#5214=CARTESIAN_POINT('Ctrl Pts',(1.15104550727495,2.53978512641453,10.4308971674162));
#5215=CARTESIAN_POINT('Ctrl Pts',(2.75210083492205,0.453028677509539,10.274529556555));
#5216=CARTESIAN_POINT('Ctrl Pts',(1.90388884315059,-2.03857065961201,10.1181619456937));
#5217=CARTESIAN_POINT('Ctrl Pts',(-0.639132381319563,-2.71483165454221,
9.96179433483244));
#5218=CARTESIAN_POINT('Ctrl Pts',(-2.61317637561875,-0.975080529324056,
9.80542672397118));
#5219=CARTESIAN_POINT('Ctrl Pts',(-2.2613095515703,1.63280050917136,9.64905911310991));
#5220=CARTESIAN_POINT('Ctrl Pts',(0.103348147303202,2.78722959565018,9.49269150224866));
#5221=CARTESIAN_POINT('Ctrl Pts',(2.37600400663421,1.46083640826796,9.33632389138738));
#5222=CARTESIAN_POINT('Ctrl Pts',(2.53381217705184,-1.165861422569,9.17995628052614));
#5223=CARTESIAN_POINT('Ctrl Pts',(0.436299329094135,-2.75482331778468,9.02358866966487));
#5224=CARTESIAN_POINT('Ctrl Pts',(-2.04955684667651,-1.89175630612429,8.86722105880361));
#5225=CARTESIAN_POINT('Ctrl Pts',(-2.71112655283568,0.655145861925971,8.71085344794235));
#5226=CARTESIAN_POINT('Ctrl Pts',(-0.959552664939814,2.61890790111861,8.55448583708109));
#5227=CARTESIAN_POINT('Ctrl Pts',(1.64610794566303,2.25161075693056,8.39811822621984));
#5228=CARTESIAN_POINT('Ctrl Pts',(2.78658663325473,-0.11982029431086,8.24175061535856));
#5229=CARTESIAN_POINT('Ctrl Pts',(1.44675591537196,-2.38460029930817,8.08538300449731));
#5230=CARTESIAN_POINT('Ctrl Pts',(-1.18081573834814,-2.52687478115399,7.92901539363605));
#5231=CARTESIAN_POINT('Ctrl Pts',(-2.75735690174752,-0.420006292673932,
7.77264778277479));
#5232=CARTESIAN_POINT('Ctrl Pts',(-1.87960537227858,2.06070462605297,7.61628017191352));
#5233=CARTESIAN_POINT('Ctrl Pts',(0.671160764051057,2.70720640415315,7.45991256105227));
#5234=CARTESIAN_POINT('Ctrl Pts',(2.62453601588713,0.944052906796493,7.303544950191));
#5235=CARTESIAN_POINT('Ctrl Pts',(2.24183807680936,-1.65938863866964,7.14717733932975));
#5236=CARTESIAN_POINT('Ctrl Pts',(-0.136288149623051,-2.78583246902664,
6.99080972846848));
#5237=CARTESIAN_POINT('Ctrl Pts',(-2.39311831383387,-1.43262793050253,6.83444211760722));
#5238=CARTESIAN_POINT('Ctrl Pts',(-2.51983677377629,1.19572249788318,6.67807450674596));
#5239=CARTESIAN_POINT('Ctrl Pts',(-0.403723663189707,2.75981260134705,6.5217068958847));
#5240=CARTESIAN_POINT('Ctrl Pts',(2.07182956983619,1.86734973754549,6.36533928502344));
#5241=CARTESIAN_POINT('Ctrl Pts',(2.70309617858348,-0.687075077908523,6.20897167416218));
#5242=CARTESIAN_POINT('Ctrl Pts',(0.928704968372961,-2.63022245124316,6.05260406330092));
#5243=CARTESIAN_POINT('Ctrl Pts',(-1.67296906363262,-2.23169632798749,5.89623645243965));
#5244=CARTESIAN_POINT('Ctrl Pts',(-2.7842868253445,0.152187786590521,5.7398688415784));
#5245=CARTESIAN_POINT('Ctrl Pts',(-1.41981449993211,2.40265237508758,5.58350123071714));
#5246=CARTESIAN_POINT('Ctrl Pts',(1.21344342110637,2.51048723131227,5.42713361985587));
#5247=CARTESIAN_POINT('Ctrl Pts',(2.2408856609931,1.09861312636281,5.32288854594837));
#5248=CARTESIAN_POINT('Ctrl Pts',(2.34876381450474,0.32940340947406,5.27076600899461));
#5249=CARTESIAN_POINT('Ctrl Pts',(-1.41195694070489,1.90959862967365,5.6));
#5250=CARTESIAN_POINT('Ctrl Pts',(-1.35180095486622,1.96674384788656,5.6));
#5251=CARTESIAN_POINT('Ctrl Pts',(-1.28871704058463,2.02037648558246,5.6));
#5252=CARTESIAN_POINT('Ctrl Pts',(-1.22290938659472,2.0701937814977,5.6));
#5253=CARTESIAN_POINT('Ctrl Pts',(-1.15801727745182,2.11931799741689,5.6));
#5254=CARTESIAN_POINT('Ctrl Pts',(-1.09047672934783,2.16473385578089,5.6));
#5255=CARTESIAN_POINT('Ctrl Pts',(-1.02065497984324,2.2064862862924,5.6));
#5256=CARTESIAN_POINT('Ctrl Pts',(-0.949116786689254,2.24926512612059,5.6));
#5257=CARTESIAN_POINT('Ctrl Pts',(-0.875183263642242,2.28819860247741,5.6));
#5258=CARTESIAN_POINT('Ctrl Pts',(-0.79920915894639,2.32329830534616,5.6));
#5259=CARTESIAN_POINT('Ctrl Pts',(-0.761287081232033,2.34081813878504,5.6));
#5260=CARTESIAN_POINT('Ctrl Pts',(-0.722856038231105,2.35738220148774,5.6));
#5261=CARTESIAN_POINT('Ctrl Pts',(-0.683957280613151,2.3729881611439,5.6));
#5262=CARTESIAN_POINT('Ctrl Pts',(-0.664413792631426,2.38082889703524,5.6));
#5263=CARTESIAN_POINT('Ctrl Pts',(-0.644752215792652,2.38842774271338,5.6));
#5264=CARTESIAN_POINT('Ctrl Pts',(-0.624977641245079,2.3957841493035,5.6));
#5265=CARTESIAN_POINT('Ctrl Pts',(-0.611834737120902,2.40067348567226,5.6));
#5266=CARTESIAN_POINT('Ctrl Pts',(-0.598649157258985,2.40545299394461,5.6));
#5267=CARTESIAN_POINT('Ctrl Pts',(-0.585428176583204,2.4101209396481,5.6));
#5268=CARTESIAN_POINT('Ctrl Pts',(-0.503819084312072,2.43893474862152,5.6));
#5269=CARTESIAN_POINT('Ctrl Pts',(-0.420798650692565,2.4635253338317,5.6));
#5270=CARTESIAN_POINT('Ctrl Pts',(-0.33677079837448,2.48394179031466,5.6));
#5271=CARTESIAN_POINT('Ctrl Pts',(-0.251029184958293,2.50477464359841,5.6));
#5272=CARTESIAN_POINT('Ctrl Pts',(-0.164237860628056,2.5212617553455,5.6));
#5273=CARTESIAN_POINT('Ctrl Pts',(-0.0767904582247216,2.53341321242836,
5.6));
#5274=CARTESIAN_POINT('Ctrl Pts',(0.0113486937112692,2.54566079317559,5.6));
#5275=CARTESIAN_POINT('Ctrl Pts',(0.10015529070178,2.55350418562296,5.6));
#5276=CARTESIAN_POINT('Ctrl Pts',(0.18924876501676,2.5569060668642,5.6));
#5277=CARTESIAN_POINT('Ctrl Pts',(0.234615359229893,2.55863831231785,5.6));
#5278=CARTESIAN_POINT('Ctrl Pts',(0.280056607241437,2.55921814145519,5.6));
#5279=CARTESIAN_POINT('Ctrl Pts',(0.325523239411653,2.55863550702627,5.6));
#5280=CARTESIAN_POINT('Ctrl Pts',(0.340099127188522,2.55844872358431,5.6));
#5281=CARTESIAN_POINT('Ctrl Pts',(0.35467867220726,2.55814233366212,5.6));
#5282=CARTESIAN_POINT('Ctrl Pts',(0.369243052060274,2.557716661452,5.6));
#5283=CARTESIAN_POINT('Ctrl Pts',(0.460904003272893,2.55503769261995,5.6));
#5284=CARTESIAN_POINT('Ctrl Pts',(0.552118922882739,2.54763709783964,5.6));
#5285=CARTESIAN_POINT('Ctrl Pts',(0.642471052459184,2.53553562903769,5.6));
#5286=CARTESIAN_POINT('Ctrl Pts',(0.73264669789704,2.5234577979442,5.6));
#5287=CARTESIAN_POINT('Ctrl Pts',(0.821963946080534,2.50669766056443,5.6));
#5288=CARTESIAN_POINT('Ctrl Pts',(0.910024696363145,2.485227248266,5.6));
#5289=CARTESIAN_POINT('Ctrl Pts',(0.9951893940324,2.46446293310445,5.6));
#5290=CARTESIAN_POINT('Ctrl Pts',(1.07917981078338,2.43929301892073,5.6));
#5291=CARTESIAN_POINT('Ctrl Pts',(1.16163666888177,2.4096458226038,5.6));
#5292=CARTESIAN_POINT('Ctrl Pts',(1.19330905719429,2.39825807953692,5.6));
#5293=CARTESIAN_POINT('Ctrl Pts',(1.22475512046647,2.38620926254436,5.6));
#5294=CARTESIAN_POINT('Ctrl Pts',(1.25596500211592,2.37351408317271,5.6));
#5295=CARTESIAN_POINT('Ctrl Pts',(1.28085478849231,2.36338971595724,5.6));
#5296=CARTESIAN_POINT('Ctrl Pts',(1.30559435866306,2.35285424024979,5.6));
#5297=CARTESIAN_POINT('Ctrl Pts',(1.33017855786955,2.34191465962707,5.6));
#5298=CARTESIAN_POINT('Ctrl Pts',(1.34283147372706,2.3362843117775,5.6));
#5299=CARTESIAN_POINT('Ctrl Pts',(1.3554338000734,2.33055110713099,5.6));
#5300=CARTESIAN_POINT('Ctrl Pts',(1.36798454472262,2.32471665756148,5.6));
#5301=CARTESIAN_POINT('Ctrl Pts',(1.44875350506696,2.28716968811212,5.6));
#5302=CARTESIAN_POINT('Ctrl Pts',(1.52739190746136,2.24543164829763,5.6));
#5303=CARTESIAN_POINT('Ctrl Pts',(1.60373913912141,2.19985415511077,5.6));
#5304=CARTESIAN_POINT('Ctrl Pts',(1.68463010415162,2.15156416047208,5.6));
#5305=CARTESIAN_POINT('Ctrl Pts',(1.76294980069779,2.09896412166647,5.6));
#5306=CARTESIAN_POINT('Ctrl Pts',(1.83849765872458,2.04241214560867,5.6));
#5307=CARTESIAN_POINT('Ctrl Pts',(1.90460203449802,1.9929291665581,5.6));
#5308=CARTESIAN_POINT('Ctrl Pts',(1.96858437547147,1.94041930476552,5.6));
#5309=CARTESIAN_POINT('Ctrl Pts',(2.03029786134543,1.88508901484448,5.6));
#5310=CARTESIAN_POINT('Ctrl Pts',(2.06262761387902,1.85610321773018,5.6));
#5311=CARTESIAN_POINT('Ctrl Pts',(2.0943344756103,1.82634290122719,5.6));
#5312=CARTESIAN_POINT('Ctrl Pts',(2.1253955161968,1.79583479330218,5.6));
#5313=CARTESIAN_POINT('Ctrl Pts',(2.14061105952482,1.78089010924703,5.6));
#5314=CARTESIAN_POINT('Ctrl Pts',(2.15567160879228,1.76576595457263,5.6));
#5315=CARTESIAN_POINT('Ctrl Pts',(2.17057433677964,1.75046531184654,5.6));
#5316=CARTESIAN_POINT('Ctrl Pts',(2.1841023207637,1.73657611988651,5.6));
#5317=CARTESIAN_POINT('Ctrl Pts',(2.19750233615353,1.72253911873439,5.6));
#5318=CARTESIAN_POINT('Ctrl Pts',(2.21075498263883,1.70837534209505,5.6));
#5319=CARTESIAN_POINT('Ctrl Pts',(2.27653113435341,1.63807702680278,5.6));
#5320=CARTESIAN_POINT('Ctrl Pts',(2.33876734658731,1.56457103233918,5.6));
#5321=CARTESIAN_POINT('Ctrl Pts',(2.39725582151044,1.48820016085247,5.6));
#5322=CARTESIAN_POINT('Ctrl Pts',(2.45834501213259,1.40843342505771,5.6));
#5323=CARTESIAN_POINT('Ctrl Pts',(2.5153467958402,1.32554099527162,5.6));
#5324=CARTESIAN_POINT('Ctrl Pts',(2.5679922863448,1.23986345933901,5.6));
#5325=CARTESIAN_POINT('Ctrl Pts',(2.58489161592059,1.21236076341788,5.6));
#5326=CARTESIAN_POINT('Ctrl Pts',(2.60134175692106,1.18457073708925,5.6));
#5327=CARTESIAN_POINT('Ctrl Pts',(2.61733287624051,1.15650373127395,5.6));
#5328=CARTESIAN_POINT('Ctrl Pts',(2.62907468803551,1.13589494877732,5.6));
#5329=CARTESIAN_POINT('Ctrl Pts',(2.64057112266169,1.1151326213523,5.6));
#5330=CARTESIAN_POINT('Ctrl Pts',(2.6518043944925,1.09424701310013,5.6));
#5331=CARTESIAN_POINT('Ctrl Pts',(2.69870735106756,1.00704207480162,5.6));
#5332=CARTESIAN_POINT('Ctrl Pts',(2.74107097518895,0.917614455847174,5.6));
#5333=CARTESIAN_POINT('Ctrl Pts',(2.77866109838249,0.826295868429746,5.6));
#5334=CARTESIAN_POINT('Ctrl Pts',(2.81579906340131,0.736075719705704,5.6));
#5335=CARTESIAN_POINT('Ctrl Pts',(2.848278302066,0.644009083822244,5.6));
#5336=CARTESIAN_POINT('Ctrl Pts',(2.87583503869129,0.550382997644055,5.6));
#5337=CARTESIAN_POINT('Ctrl Pts',(2.88963303620215,0.503503262877038,5.6));
#5338=CARTESIAN_POINT('Ctrl Pts',(2.90219624362482,0.456232104821583,5.6));
#5339=CARTESIAN_POINT('Ctrl Pts',(2.91348714758004,0.408603280561905,5.6));
#5340=CARTESIAN_POINT('Ctrl Pts',(-1.29195173894712,2.64750664285505,10.9));
#5341=CARTESIAN_POINT('Ctrl Pts',(-1.37424623283464,2.59807008352821,10.9));
#5342=CARTESIAN_POINT('Ctrl Pts',(-1.45372235068181,2.54455532078989,10.9));
#5343=CARTESIAN_POINT('Ctrl Pts',(-1.53003053732788,2.48697457387396,10.9));
#5344=CARTESIAN_POINT('Ctrl Pts',(-1.53437753272662,2.48369441150999,10.9));
#5345=CARTESIAN_POINT('Ctrl Pts',(-1.53871423882334,2.48040104336855,10.9));
#5346=CARTESIAN_POINT('Ctrl Pts',(-1.54304058765607,2.4770944677603,10.9));
#5347=CARTESIAN_POINT('Ctrl Pts',(-1.61985791591198,2.41838392135667,10.9));
#5348=CARTESIAN_POINT('Ctrl Pts',(-1.69341336547979,2.3555123284064,10.9));
#5349=CARTESIAN_POINT('Ctrl Pts',(-1.76355519861392,2.28885840395463,10.9));
#5350=CARTESIAN_POINT('Ctrl Pts',(-1.83741775705475,2.21866877288647,10.9));
#5351=CARTESIAN_POINT('Ctrl Pts',(-1.90749578463868,2.14428400868821,10.9));
#5352=CARTESIAN_POINT('Ctrl Pts',(-1.97355929610564,2.06611645963345,10.9));
#5353=CARTESIAN_POINT('Ctrl Pts',(-2.00246208237243,2.03191815692199,10.9));
#5354=CARTESIAN_POINT('Ctrl Pts',(-2.03059572883959,1.99699551643108,10.9));
#5355=CARTESIAN_POINT('Ctrl Pts',(-2.05793739578892,1.96138211883098,10.9));
#5356=CARTESIAN_POINT('Ctrl Pts',(-2.07116683877118,1.94415034529544,10.9));
#5357=CARTESIAN_POINT('Ctrl Pts',(-2.08421083197707,1.92675684854949,10.9));
#5358=CARTESIAN_POINT('Ctrl Pts',(-2.09706659411454,1.90920541389494,10.9));
#5359=CARTESIAN_POINT('Ctrl Pts',(-2.10635180237976,1.89652870718722,10.9));
#5360=CARTESIAN_POINT('Ctrl Pts',(-2.1155395840737,1.88376839247936,10.9));
#5361=CARTESIAN_POINT('Ctrl Pts',(-2.12461842124557,1.87094102380586,10.9));
#5362=CARTESIAN_POINT('Ctrl Pts',(-2.18003238655752,1.79264736689135,10.9));
#5363=CARTESIAN_POINT('Ctrl Pts',(-2.23148371465086,1.71173386118656,10.9));
#5364=CARTESIAN_POINT('Ctrl Pts',(-2.27882971005944,1.62856896222218,10.9));
#5365=CARTESIAN_POINT('Ctrl Pts',(-2.32606472135379,1.54559901074105,10.9));
#5366=CARTESIAN_POINT('Ctrl Pts',(-2.36921390852384,1.4603872366292,10.9));
#5367=CARTESIAN_POINT('Ctrl Pts',(-2.40808712075435,1.37328199023598,10.9));
#5368=CARTESIAN_POINT('Ctrl Pts',(-2.44631399982601,1.28762501646608,10.9));
#5369=CARTESIAN_POINT('Ctrl Pts',(-2.48040605510742,1.20013612312307,10.9));
#5370=CARTESIAN_POINT('Ctrl Pts',(-2.51013257940673,1.11114339458194,10.9));
#5371=CARTESIAN_POINT('Ctrl Pts',(-2.52400555080326,1.06961167815524,10.9));
#5372=CARTESIAN_POINT('Ctrl Pts',(-2.53692699700584,1.0277524676636,10.9));
#5373=CARTESIAN_POINT('Ctrl Pts',(-2.548869520668,0.985599679729751,10.9));
#5374=CARTESIAN_POINT('Ctrl Pts',(-2.55484331610542,0.964514343049072,10.9));
#5375=CARTESIAN_POINT('Ctrl Pts',(-2.56057213284835,0.943355558630315,10.9));
#5376=CARTESIAN_POINT('Ctrl Pts',(-2.56605229578145,0.922127636810378,10.9));
#5377=CARTESIAN_POINT('Ctrl Pts',(-2.56954887677038,0.908583304501962,10.9));
#5378=CARTESIAN_POINT('Ctrl Pts',(-2.57294200244096,0.895019395749658,10.9));
#5379=CARTESIAN_POINT('Ctrl Pts',(-2.57623052535971,0.881439553271878,10.9));
#5380=CARTESIAN_POINT('Ctrl Pts',(-2.5978323174676,0.792235694484805,10.9));
#5381=CARTESIAN_POINT('Ctrl Pts',(-2.61493382128875,0.70230925500256,10.9));
#5382=CARTESIAN_POINT('Ctrl Pts',(-2.62736496415093,0.611976802307242,10.9));
#5383=CARTESIAN_POINT('Ctrl Pts',(-2.63947340614472,0.523989295788737,10.9));
#5384=CARTESIAN_POINT('Ctrl Pts',(-2.64715081473307,0.435615819310642,10.9));
#5385=CARTESIAN_POINT('Ctrl Pts',(-2.6501916578196,0.347152297727021,10.9));
#5386=CARTESIAN_POINT('Ctrl Pts',(-2.65323250090612,0.2586887761434,10.9));
#5387=CARTESIAN_POINT('Ctrl Pts',(-2.65163698065153,0.170134482676594,10.9));
#5388=CARTESIAN_POINT('Ctrl Pts',(-2.64514876048743,0.0817998080872587,
10.9));
#5389=CARTESIAN_POINT('Ctrl Pts',(-2.64132896537787,0.0297947358999192,
10.9));
#5390=CARTESIAN_POINT('Ctrl Pts',(-2.63581219469102,-0.0221338877371723,
10.9));
#5391=CARTESIAN_POINT('Ctrl Pts',(-2.62862729392916,-0.0739193310717753,
10.9));
#5392=CARTESIAN_POINT('Ctrl Pts',(-2.62589356991437,-0.093622750054528,
10.9));
#5393=CARTESIAN_POINT('Ctrl Pts',(-2.62291722751575,-0.113311263512774,
10.9));
#5394=CARTESIAN_POINT('Ctrl Pts',(-2.61970548456232,-0.132948047124197,
10.9));
#5395=CARTESIAN_POINT('Ctrl Pts',(-2.60549156917169,-0.219852754270475,
10.9));
#5396=CARTESIAN_POINT('Ctrl Pts',(-2.58665984607791,-0.3058475173807,10.9));
#5397=CARTESIAN_POINT('Ctrl Pts',(-2.56343862380016,-0.390643010581785,
10.9));
#5398=CARTESIAN_POINT('Ctrl Pts',(-2.53981194161561,-0.476919096507923,
10.9));
#5399=CARTESIAN_POINT('Ctrl Pts',(-2.51164061548799,-0.561954536520227,
10.9));
#5400=CARTESIAN_POINT('Ctrl Pts',(-2.47911710854398,-0.64542179027185,10.9));
#5401=CARTESIAN_POINT('Ctrl Pts',(-2.44692769907718,-0.728031627295428,
10.9));
#5402=CARTESIAN_POINT('Ctrl Pts',(-2.41047437558802,-0.809106046722093,
10.9));
#5403=CARTESIAN_POINT('Ctrl Pts',(-2.36990648433334,-0.888293650631445,
10.9));
#5404=CARTESIAN_POINT('Ctrl Pts',(-2.35402785376851,-0.919288377468427,
10.9));
#5405=CARTESIAN_POINT('Ctrl Pts',(-2.33751851723915,-0.949993616529237,
10.9));
#5406=CARTESIAN_POINT('Ctrl Pts',(-2.32038619760148,-0.980386503075402,
10.9));
#5407=CARTESIAN_POINT('Ctrl Pts',(-2.31193274971702,-0.995382994380147,
10.9));
#5408=CARTESIAN_POINT('Ctrl Pts',(-2.30332761811256,-1.01030342209973,10.9));
#5409=CARTESIAN_POINT('Ctrl Pts',(-2.2945716781379,-1.02514493679766,10.9));
#5410=CARTESIAN_POINT('Ctrl Pts',(-2.2878243455303,-1.03658181694499,10.9));
#5411=CARTESIAN_POINT('Ctrl Pts',(-2.28098809656501,-1.04797065687385,10.9));
#5412=CARTESIAN_POINT('Ctrl Pts',(-2.27406853675755,-1.05930197904246,10.9));
#5413=CARTESIAN_POINT('Ctrl Pts',(-2.2284424352934,-1.13401830051002,10.9));
#5414=CARTESIAN_POINT('Ctrl Pts',(-2.17913822325512,-1.20633735874995,10.9));
#5415=CARTESIAN_POINT('Ctrl Pts',(-2.12632620674322,-1.27593543738368,10.9));
#5416=CARTESIAN_POINT('Ctrl Pts',(-2.07575882868564,-1.34257542931732,10.9));
#5417=CARTESIAN_POINT('Ctrl Pts',(-2.02197475695595,-1.40672116615962,10.9));
#5418=CARTESIAN_POINT('Ctrl Pts',(-1.96509782877295,-1.46805057630607,10.9));
#5419=CARTESIAN_POINT('Ctrl Pts',(-1.94628198669326,-1.48833937411955,10.9));
#5420=CARTESIAN_POINT('Ctrl Pts',(-1.92712749307656,-1.50831961390428,10.9));
#5421=CARTESIAN_POINT('Ctrl Pts',(-1.9076383744841,-1.52797857208143,10.9));
#5422=CARTESIAN_POINT('Ctrl Pts',(-1.89236255379754,-1.54338751520905,10.9));
#5423=CARTESIAN_POINT('Ctrl Pts',(-1.87687782077156,-1.55860206138738,10.9));
#5424=CARTESIAN_POINT('Ctrl Pts',(-1.86120701480562,-1.57359632050028,10.9));
#5425=CARTESIAN_POINT('Ctrl Pts',(-1.80057160508485,-1.63161395193205,10.9));
#5426=CARTESIAN_POINT('Ctrl Pts',(-1.73709949110359,-1.68639280862049,10.9));
#5427=CARTESIAN_POINT('Ctrl Pts',(-1.67092772476687,-1.73761528334561,10.9));
#5428=CARTESIAN_POINT('Ctrl Pts',(-1.60661784096453,-1.78739650545897,10.9));
#5429=CARTESIAN_POINT('Ctrl Pts',(-1.53975749317674,-1.83381898719184,10.9));
#5430=CARTESIAN_POINT('Ctrl Pts',(-1.47045515939581,-1.87654540276419,10.9));
#5431=CARTESIAN_POINT('Ctrl Pts',(-1.43978718547127,-1.89545288433333,10.9));
#5432=CARTESIAN_POINT('Ctrl Pts',(-1.40864082360487,-1.91363593292183,10.9));
#5433=CARTESIAN_POINT('Ctrl Pts',(-1.37702479013101,-1.93106208855765,10.9));
#5434=CARTESIAN_POINT('Origin',(0.,0.,5.6));
#5435=CARTESIAN_POINT('Origin',(0.,0.,5.6));
#5436=CARTESIAN_POINT('',(-2.235,-2.73708559609433E-16,5.6));
#5437=CARTESIAN_POINT('Origin',(0.,0.,5.6));
#5438=CARTESIAN_POINT('Origin',(0.,0.,-2.11));
#5439=CARTESIAN_POINT('Origin',(0.,0.,10.9));
#5440=CARTESIAN_POINT('Origin',(0.,0.,0.));
#5441=CARTESIAN_POINT('',(-5.655,-6.92537764917828E-16,0.));
#5442=CARTESIAN_POINT('Origin',(0.,0.,0.));
#5443=CARTESIAN_POINT('',(-2.235,-2.73708559609433E-16,0.));
#5444=CARTESIAN_POINT('Origin',(0.,0.,0.));
#5445=CARTESIAN_POINT('Origin',(0.,0.,0.));
#5446=CARTESIAN_POINT('',(-5.655,6.92537764917828E-16,0.));
#5447=CARTESIAN_POINT('Origin',(0.,0.,0.));
#5448=CARTESIAN_POINT('',(-2.235,-2.73708559609433E-16,0.));
#5449=CARTESIAN_POINT('Origin',(0.,0.,10.9));
#5450=CARTESIAN_POINT('',(0.,0.,0.));
#5451=UNCERTAINTY_MEASURE_WITH_UNIT(LENGTH_MEASURE(0.01),#5457,
'DISTANCE_ACCURACY_VALUE',
'Maximum model space distance between geometric entities at asserted c
onnectivities');
#5452=UNCERTAINTY_MEASURE_WITH_UNIT(LENGTH_MEASURE(0.01),#5457,
'DISTANCE_ACCURACY_VALUE',
'Maximum model space distance between geometric entities at asserted c
onnectivities');
#5453=UNCERTAINTY_MEASURE_WITH_UNIT(LENGTH_MEASURE(0.01),#5457,
'DISTANCE_ACCURACY_VALUE',
'Maximum model space distance between geometric entities at asserted c
onnectivities');
#5454=(
GEOMETRIC_REPRESENTATION_CONTEXT(3)
GLOBAL_UNCERTAINTY_ASSIGNED_CONTEXT((#5451))
GLOBAL_UNIT_ASSIGNED_CONTEXT((#5457,#5459,#5460))
REPRESENTATION_CONTEXT('','3D')
);
#5455=(
GEOMETRIC_REPRESENTATION_CONTEXT(3)
GLOBAL_UNCERTAINTY_ASSIGNED_CONTEXT((#5452))
GLOBAL_UNIT_ASSIGNED_CONTEXT((#5457,#5459,#5460))
REPRESENTATION_CONTEXT('','3D')
);
#5456=(
GEOMETRIC_REPRESENTATION_CONTEXT(3)
GLOBAL_UNCERTAINTY_ASSIGNED_CONTEXT((#5453))
GLOBAL_UNIT_ASSIGNED_CONTEXT((#5457,#5459,#5460))
REPRESENTATION_CONTEXT('','3D')
);
#5457=(
LENGTH_UNIT()
NAMED_UNIT(*)
SI_UNIT(.MILLI.,.METRE.)
);
#5458=(
LENGTH_UNIT()
NAMED_UNIT(*)
SI_UNIT($,.METRE.)
);
#5459=(
NAMED_UNIT(*)
PLANE_ANGLE_UNIT()
SI_UNIT($,.RADIAN.)
);
#5460=(
NAMED_UNIT(*)
SI_UNIT($,.STERADIAN.)
SOLID_ANGLE_UNIT()
);
#5461=SHAPE_DEFINITION_REPRESENTATION(#5463,#5466);
#5462=SHAPE_DEFINITION_REPRESENTATION(#5464,#5467);
#5463=PRODUCT_DEFINITION_SHAPE('',$,#5469);
#5464=PRODUCT_DEFINITION_SHAPE('',$,#5470);
#5465=PRODUCT_DEFINITION_SHAPE($,$,#14);
#5466=SHAPE_REPRESENTATION('',(#1765,#1956),#5454);
#5467=SHAPE_REPRESENTATION('',(#1766),#5455);
#5468=PRODUCT_DEFINITION_CONTEXT('part definition',#5476,'design');
#5469=PRODUCT_DEFINITION('Kamera_Schraube','Kamera_Schraube',#5471,#5468);
#5470=PRODUCT_DEFINITION('Plastikteil','Plastikteil',#5472,#5468);
#5471=PRODUCT_DEFINITION_FORMATION('',$,#5478);
#5472=PRODUCT_DEFINITION_FORMATION('',$,#5479);
#5473=PRODUCT_RELATED_PRODUCT_CATEGORY('Kamera_Schraube',
'Kamera_Schraube',(#5478));
#5474=PRODUCT_RELATED_PRODUCT_CATEGORY('Plastikteil','Plastikteil',(#5479));
#5475=APPLICATION_PROTOCOL_DEFINITION('international standard',
'automotive_design',2009,#5476);
#5476=APPLICATION_CONTEXT(
'Core Data for Automotive Mechanical Design Process');
#5477=PRODUCT_CONTEXT('part definition',#5476,'mechanical');
#5478=PRODUCT('Kamera_Schraube','Kamera_Schraube',$,(#5477));
#5479=PRODUCT('Plastikteil','Plastikteil',$,(#5477));
#5480=PRESENTATION_STYLE_ASSIGNMENT((#5483));
#5481=PRESENTATION_STYLE_ASSIGNMENT((#5484));
#5482=PRESENTATION_STYLE_ASSIGNMENT((#5485));
#5483=SURFACE_STYLE_USAGE(.BOTH.,#5486);
#5484=SURFACE_STYLE_USAGE(.BOTH.,#5487);
#5485=SURFACE_STYLE_USAGE(.BOTH.,#5488);
#5486=SURFACE_SIDE_STYLE('',(#5489));
#5487=SURFACE_SIDE_STYLE('',(#5490));
#5488=SURFACE_SIDE_STYLE('',(#5491));
#5489=SURFACE_STYLE_FILL_AREA(#5492);
#5490=SURFACE_STYLE_FILL_AREA(#5493);
#5491=SURFACE_STYLE_FILL_AREA(#5494);
#5492=FILL_AREA_STYLE('Steel - Satin',(#5495));
#5493=FILL_AREA_STYLE('Aluminum - Polished',(#5496));
#5494=FILL_AREA_STYLE('Black_Plastic',(#5497));
#5495=FILL_AREA_STYLE_COLOUR('Steel - Satin',#5498);
#5496=FILL_AREA_STYLE_COLOUR('Aluminum - Polished',#5499);
#5497=FILL_AREA_STYLE_COLOUR('Black_Plastic',#5500);
#5498=COLOUR_RGB('Steel - Satin',0.627450980392157,0.627450980392157,0.627450980392157);
#5499=COLOUR_RGB('Aluminum - Polished',0.96078431372549,0.96078431372549,
0.964705882352941);
#5500=COLOUR_RGB('Black_Plastic',0.,0.,0.);
ENDSEC;
END-ISO-10303-21;
