ISO-10303-21;
HEADER;
/* Generated by software containing ST-Developer
 * from STEP Tools, Inc. (www.steptools.com) 
 */
/* OPTION: strings as raw bytes, not using required /X/ escapes */

FILE_DESCRIPTION(
/* description */ ('Unknown'),
/* implementation_level */ '2;1');

FILE_NAME(
/* name */ 'KLS2-301-05P',
/* time_stamp */ '2025-07-26T12:18:35+03:00',
/* author */ ('Unknown'),
/* organization */ ('Unknown'),
/* preprocessor_version */ 'ST-DEVELOPER v19.4',
/* originating_system */ 'Solid Edge',
/* authorisation */ 'Unknown');

FILE_SCHEMA (('AUTOMOTIVE_DESIGN {1 0 10303 214 3 1 1}'));
ENDSEC;

DATA;
#10=PROPERTY_DEFINITION_REPRESENTATION(#14,#12);
#11=PROPERTY_DEFINITION_REPRESENTATION(#15,#13);
#12=REPRESENTATION('',(#16),#6111);
#13=REPRESENTATION('',(#17),#6111);
#14=PROPERTY_DEFINITION('pmi validation property','',#6126);
#15=PROPERTY_DEFINITION('pmi validation property','',#6126);
#16=VALUE_REPRESENTATION_ITEM('number of annotations',COUNT_MEASURE(0.));
#17=VALUE_REPRESENTATION_ITEM('number of views',COUNT_MEASURE(0.));
#18=CONICAL_SURFACE('',#3983,1.3,0.0872664625997165);
#19=CONICAL_SURFACE('',#3994,0.8,0.785398163397449);
#20=TOROIDAL_SURFACE('',#3946,1.30338048636715,0.1);
#21=TOROIDAL_SURFACE('',#3995,1.39086914989307,0.1);
#22=TOROIDAL_SURFACE('',#3996,1.30338048636715,0.1);
#23=TOROIDAL_SURFACE('',#4013,0.45,0.1);
#24=SPHERICAL_SURFACE('',#3887,0.5);
#25=B_SPLINE_CURVE_WITH_KNOTS('',3,(#5673,#5674,#5675,#5676,#5677,#5678,
#5679,#5680,#5681,#5682,#5683),.UNSPECIFIED.,.T.,.F.,(1,1,1,1,1,1,1,1,1,
1,1,1,1,1,1),(-0.00191127639809762,-0.00127418426539842,-0.000637092132699207,
0.,0.000637092132699208,0.00127418426539842,0.00191127639809762,0.00254836853079683,
0.00318546066349604,0.00382255279619525,0.00445964492889445,0.00509673706159366,
0.00573382919429287,0.00637092132699208,0.00700801345969128),
 .UNSPECIFIED.);
#26=B_SPLINE_CURVE_WITH_KNOTS('',3,(#5895,#5896,#5897,#5898),
 .UNSPECIFIED.,.F.,.F.,(4,4),(0.00115315426162953,0.00166390297673094),
 .UNSPECIFIED.);
#27=B_SPLINE_CURVE_WITH_KNOTS('',3,(#5900,#5901,#5902,#5903),
 .UNSPECIFIED.,.F.,.F.,(4,4),(2.22200459489487E-5,0.000171825599943701),
 .UNSPECIFIED.);
#28=B_SPLINE_CURVE_WITH_KNOTS('',3,(#5907,#5908,#5909,#5910),
 .UNSPECIFIED.,.F.,.F.,(4,4),(2.2220045949116E-5,0.000171825599943701),
 .UNSPECIFIED.);
#29=B_SPLINE_CURVE_WITH_KNOTS('',3,(#5979,#5980,#5981,#5982),
 .UNSPECIFIED.,.F.,.F.,(4,4),(0.0011531106629725,0.00166385937911751),
 .UNSPECIFIED.);
#30=B_SPLINE_CURVE_WITH_KNOTS('',3,(#5984,#5985,#5986,#5987),
 .UNSPECIFIED.,.F.,.F.,(4,4),(2.22200459489486E-5,0.000171825599943701),
 .UNSPECIFIED.);
#31=B_SPLINE_CURVE_WITH_KNOTS('',3,(#6025,#6026,#6027,#6028),
 .UNSPECIFIED.,.F.,.F.,(4,4),(0.00115315426162941,0.00166390297673094),
 .UNSPECIFIED.);
#32=B_SPLINE_CURVE_WITH_KNOTS('',3,(#6029,#6030,#6031,#6032),
 .UNSPECIFIED.,.F.,.F.,(4,4),(0.00115315426162941,0.00166390297673094),
 .UNSPECIFIED.);
#33=B_SPLINE_CURVE_WITH_KNOTS('',3,(#6049,#6050,#6051,#6052),
 .UNSPECIFIED.,.F.,.F.,(4,4),(2.22200459491163E-5,0.000171825599943701),
 .UNSPECIFIED.);
#34=CONTEXT_DEPENDENT_SHAPE_REPRESENTATION(#52,#6128);
#35=CONTEXT_DEPENDENT_SHAPE_REPRESENTATION(#53,#6131);
#36=CONTEXT_DEPENDENT_SHAPE_REPRESENTATION(#54,#6133);
#37=CONTEXT_DEPENDENT_SHAPE_REPRESENTATION(#55,#6135);
#38=CONTEXT_DEPENDENT_SHAPE_REPRESENTATION(#56,#6136);
#39=CONTEXT_DEPENDENT_SHAPE_REPRESENTATION(#57,#6137);
#40=CONTEXT_DEPENDENT_SHAPE_REPRESENTATION(#58,#6138);
#41=CONTEXT_DEPENDENT_SHAPE_REPRESENTATION(#59,#6139);
#42=CONTEXT_DEPENDENT_SHAPE_REPRESENTATION(#60,#6140);
#43=NEXT_ASSEMBLY_USAGE_OCCURRENCE('KLS2-301-05_body',
'KLS2-301-05_body','KLS2-301-05_body',#6141,#6142,'');
#44=NEXT_ASSEMBLY_USAGE_OCCURRENCE('KLS2-301_pin_body',
'KLS2-301_pin_body','KLS2-301_pin_body',#6143,#6144,'');
#45=NEXT_ASSEMBLY_USAGE_OCCURRENCE('KLS2-301_spring','KLS2-301_spring',
'KLS2-301_spring',#6143,#6145,'');
#46=NEXT_ASSEMBLY_USAGE_OCCURRENCE('KLS2-301_screw_S',
'KLS2-301_screw_S','KLS2-301_screw_S',#6143,#6146,'');
#47=NEXT_ASSEMBLY_USAGE_OCCURRENCE('KLS2-301pin','KLS2-301pin',
'KLS2-301pin',#6141,#6143,'');
#48=NEXT_ASSEMBLY_USAGE_OCCURRENCE('KLS2-301pin','KLS2-301pin',
'KLS2-301pin',#6141,#6143,'');
#49=NEXT_ASSEMBLY_USAGE_OCCURRENCE('KLS2-301pin','KLS2-301pin',
'KLS2-301pin',#6141,#6143,'');
#50=NEXT_ASSEMBLY_USAGE_OCCURRENCE('KLS2-301pin','KLS2-301pin',
'KLS2-301pin',#6141,#6143,'');
#51=NEXT_ASSEMBLY_USAGE_OCCURRENCE('KLS2-301pin','KLS2-301pin',
'KLS2-301pin',#6141,#6143,'');
#52=(
REPRESENTATION_RELATIONSHIP(' ',' ',#3710,#3711)
REPRESENTATION_RELATIONSHIP_WITH_TRANSFORMATION(#61)
SHAPE_REPRESENTATION_RELATIONSHIP()
);
#53=(
REPRESENTATION_RELATIONSHIP(' ',' ',#3712,#3713)
REPRESENTATION_RELATIONSHIP_WITH_TRANSFORMATION(#62)
SHAPE_REPRESENTATION_RELATIONSHIP()
);
#54=(
REPRESENTATION_RELATIONSHIP(' ',' ',#3714,#3713)
REPRESENTATION_RELATIONSHIP_WITH_TRANSFORMATION(#63)
SHAPE_REPRESENTATION_RELATIONSHIP()
);
#55=(
REPRESENTATION_RELATIONSHIP(' ',' ',#3715,#3713)
REPRESENTATION_RELATIONSHIP_WITH_TRANSFORMATION(#64)
SHAPE_REPRESENTATION_RELATIONSHIP()
);
#56=(
REPRESENTATION_RELATIONSHIP(' ',' ',#3713,#3711)
REPRESENTATION_RELATIONSHIP_WITH_TRANSFORMATION(#65)
SHAPE_REPRESENTATION_RELATIONSHIP()
);
#57=(
REPRESENTATION_RELATIONSHIP(' ',' ',#3713,#3711)
REPRESENTATION_RELATIONSHIP_WITH_TRANSFORMATION(#66)
SHAPE_REPRESENTATION_RELATIONSHIP()
);
#58=(
REPRESENTATION_RELATIONSHIP(' ',' ',#3713,#3711)
REPRESENTATION_RELATIONSHIP_WITH_TRANSFORMATION(#67)
SHAPE_REPRESENTATION_RELATIONSHIP()
);
#59=(
REPRESENTATION_RELATIONSHIP(' ',' ',#3713,#3711)
REPRESENTATION_RELATIONSHIP_WITH_TRANSFORMATION(#68)
SHAPE_REPRESENTATION_RELATIONSHIP()
);
#60=(
REPRESENTATION_RELATIONSHIP(' ',' ',#3713,#3711)
REPRESENTATION_RELATIONSHIP_WITH_TRANSFORMATION(#69)
SHAPE_REPRESENTATION_RELATIONSHIP()
);
#61=ITEM_DEFINED_TRANSFORMATION(' ',' ',#3716,#3873);
#62=ITEM_DEFINED_TRANSFORMATION(' ',' ',#3716,#3889);
#63=ITEM_DEFINED_TRANSFORMATION(' ',' ',#3716,#3939);
#64=ITEM_DEFINED_TRANSFORMATION(' ',' ',#3716,#4024);
#65=ITEM_DEFINED_TRANSFORMATION(' ',' ',#3716,#4025);
#66=ITEM_DEFINED_TRANSFORMATION(' ',' ',#3716,#4026);
#67=ITEM_DEFINED_TRANSFORMATION(' ',' ',#3716,#4027);
#68=ITEM_DEFINED_TRANSFORMATION(' ',' ',#3716,#4028);
#69=ITEM_DEFINED_TRANSFORMATION(' ',' ',#3716,#4029);
#70=SHAPE_REPRESENTATION_RELATIONSHIP('','',#3710,#74);
#71=SHAPE_REPRESENTATION_RELATIONSHIP('','',#3712,#75);
#72=SHAPE_REPRESENTATION_RELATIONSHIP('','',#3714,#76);
#73=SHAPE_REPRESENTATION_RELATIONSHIP('','',#3715,#77);
#74=ADVANCED_BREP_SHAPE_REPRESENTATION('',(#3700),#6112);
#75=ADVANCED_BREP_SHAPE_REPRESENTATION('',(#3701),#6114);
#76=ADVANCED_BREP_SHAPE_REPRESENTATION('',(#3702),#6115);
#77=ADVANCED_BREP_SHAPE_REPRESENTATION('',(#3703),#6116);
#78=ELLIPSE('',#3742,0.92803555966353,0.425);
#79=ELLIPSE('',#3766,0.92803555966353,0.425);
#80=ELLIPSE('',#3790,0.92803555966353,0.425);
#81=ELLIPSE('',#3814,0.92803555966353,0.425);
#82=ELLIPSE('',#3830,0.92803555966353,0.425);
#83=CIRCLE('',#3734,0.5);
#84=CIRCLE('',#3735,0.5);
#85=CIRCLE('',#3738,0.9);
#86=CIRCLE('',#3739,0.9);
#87=CIRCLE('',#3741,0.425);
#88=CIRCLE('',#3744,1.6);
#89=CIRCLE('',#3745,1.6);
#90=CIRCLE('',#3758,0.5);
#91=CIRCLE('',#3759,0.5);
#92=CIRCLE('',#3762,0.9);
#93=CIRCLE('',#3763,0.9);
#94=CIRCLE('',#3765,0.425);
#95=CIRCLE('',#3768,1.6);
#96=CIRCLE('',#3769,1.6);
#97=CIRCLE('',#3782,0.5);
#98=CIRCLE('',#3783,0.5);
#99=CIRCLE('',#3786,0.9);
#100=CIRCLE('',#3787,0.9);
#101=CIRCLE('',#3789,0.425);
#102=CIRCLE('',#3792,1.6);
#103=CIRCLE('',#3793,1.6);
#104=CIRCLE('',#3806,0.5);
#105=CIRCLE('',#3807,0.5);
#106=CIRCLE('',#3810,0.9);
#107=CIRCLE('',#3811,0.9);
#108=CIRCLE('',#3813,0.425);
#109=CIRCLE('',#3816,1.6);
#110=CIRCLE('',#3817,1.6);
#111=CIRCLE('',#3837,1.6);
#112=CIRCLE('',#3839,0.5);
#113=CIRCLE('',#3843,0.5);
#114=CIRCLE('',#3846,0.9);
#115=CIRCLE('',#3847,0.425);
#116=CIRCLE('',#3852,1.6);
#117=CIRCLE('',#3854,0.9);
#118=CIRCLE('',#3875,1.5);
#119=CIRCLE('',#3876,1.5);
#120=CIRCLE('',#3882,0.8);
#121=CIRCLE('',#3884,0.5);
#122=CIRCLE('',#3886,0.5);
#123=CIRCLE('',#3893,0.9);
#124=CIRCLE('',#3894,0.9);
#125=CIRCLE('',#3899,0.3);
#126=CIRCLE('',#3900,0.3);
#127=CIRCLE('',#3902,0.1);
#128=CIRCLE('',#3904,0.1);
#129=CIRCLE('',#3911,0.3);
#130=CIRCLE('',#3912,0.3);
#131=CIRCLE('',#3914,0.1);
#132=CIRCLE('',#3916,0.1);
#133=CIRCLE('',#3923,0.3);
#134=CIRCLE('',#3924,0.3);
#135=CIRCLE('',#3926,0.1);
#136=CIRCLE('',#3928,0.1);
#137=CIRCLE('',#3941,1.44750680188445);
#138=CIRCLE('',#3942,0.1);
#139=CIRCLE('',#3943,0.55);
#140=CIRCLE('',#3944,0.1);
#141=CIRCLE('',#3947,1.40299995617632);
#142=CIRCLE('',#3948,1.30338048636715);
#143=CIRCLE('',#3950,0.55);
#144=CIRCLE('',#3951,0.1);
#145=CIRCLE('',#3952,0.1);
#146=CIRCLE('',#3953,0.55);
#147=CIRCLE('',#3954,0.1);
#148=CIRCLE('',#3955,0.1);
#149=CIRCLE('',#3956,0.1);
#150=CIRCLE('',#3957,0.1);
#151=CIRCLE('',#3959,0.1);
#152=CIRCLE('',#3960,0.1);
#153=CIRCLE('',#3961,0.1);
#154=CIRCLE('',#3962,0.55);
#155=CIRCLE('',#3963,0.1);
#156=CIRCLE('',#3965,0.55);
#157=CIRCLE('',#3966,0.1);
#158=CIRCLE('',#3967,0.1);
#159=CIRCLE('',#3968,0.1);
#160=CIRCLE('',#3969,0.1);
#161=CIRCLE('',#3974,0.55);
#162=CIRCLE('',#3975,0.1);
#163=CIRCLE('',#3976,0.1);
#164=CIRCLE('',#3977,0.1);
#165=CIRCLE('',#3978,0.1);
#166=CIRCLE('',#3979,0.55);
#167=CIRCLE('',#3980,0.1);
#168=CIRCLE('',#3981,1.30338048636715);
#169=CIRCLE('',#3982,0.1);
#170=CIRCLE('',#3984,1.49048861970225);
#171=CIRCLE('',#3985,1.44750680188445);
#172=CIRCLE('',#3986,1.40299995617632);
#173=CIRCLE('',#3988,1.39086914989307);
#174=CIRCLE('',#3989,0.8);
#175=CIRCLE('',#3991,0.8);
#176=CIRCLE('',#3993,0.5);
#177=CIRCLE('',#4000,0.1);
#178=CIRCLE('',#4001,0.55);
#179=CIRCLE('',#4002,0.1);
#180=CIRCLE('',#4008,0.45);
#181=CIRCLE('',#4010,0.55);
#182=CYLINDRICAL_SURFACE('',#3733,0.5);
#183=CYLINDRICAL_SURFACE('',#3737,0.9);
#184=CYLINDRICAL_SURFACE('',#3740,0.425);
#185=CYLINDRICAL_SURFACE('',#3743,1.6);
#186=CYLINDRICAL_SURFACE('',#3757,0.5);
#187=CYLINDRICAL_SURFACE('',#3761,0.9);
#188=CYLINDRICAL_SURFACE('',#3764,0.425);
#189=CYLINDRICAL_SURFACE('',#3767,1.6);
#190=CYLINDRICAL_SURFACE('',#3781,0.5);
#191=CYLINDRICAL_SURFACE('',#3785,0.9);
#192=CYLINDRICAL_SURFACE('',#3788,0.425);
#193=CYLINDRICAL_SURFACE('',#3791,1.6);
#194=CYLINDRICAL_SURFACE('',#3805,0.5);
#195=CYLINDRICAL_SURFACE('',#3809,0.9);
#196=CYLINDRICAL_SURFACE('',#3812,0.425);
#197=CYLINDRICAL_SURFACE('',#3815,1.6);
#198=CYLINDRICAL_SURFACE('',#3851,1.6);
#199=CYLINDRICAL_SURFACE('',#3855,0.425);
#200=CYLINDRICAL_SURFACE('',#3856,0.9);
#201=CYLINDRICAL_SURFACE('',#3866,0.5);
#202=CYLINDRICAL_SURFACE('',#3874,1.5);
#203=CYLINDRICAL_SURFACE('',#3885,0.5);
#204=CYLINDRICAL_SURFACE('',#3888,0.8);
#205=CYLINDRICAL_SURFACE('',#3892,0.9);
#206=CYLINDRICAL_SURFACE('',#3898,0.3);
#207=CYLINDRICAL_SURFACE('',#3903,0.1);
#208=CYLINDRICAL_SURFACE('',#3910,0.3);
#209=CYLINDRICAL_SURFACE('',#3915,0.1);
#210=CYLINDRICAL_SURFACE('',#3922,0.3);
#211=CYLINDRICAL_SURFACE('',#3927,0.1);
#212=CYLINDRICAL_SURFACE('',#3990,0.8);
#213=CYLINDRICAL_SURFACE('',#4009,0.55);
#214=CYLINDRICAL_SURFACE('',#4011,0.1);
#215=CYLINDRICAL_SURFACE('',#4012,0.1);
#216=CYLINDRICAL_SURFACE('',#4014,0.1);
#217=CYLINDRICAL_SURFACE('',#4015,0.1);
#218=CYLINDRICAL_SURFACE('',#4016,0.1);
#219=CYLINDRICAL_SURFACE('',#4017,0.1);
#220=CYLINDRICAL_SURFACE('',#4018,0.1);
#221=CYLINDRICAL_SURFACE('',#4019,0.1);
#222=CYLINDRICAL_SURFACE('',#4020,0.1);
#223=CYLINDRICAL_SURFACE('',#4021,0.1);
#224=CYLINDRICAL_SURFACE('',#4022,0.1);
#225=CYLINDRICAL_SURFACE('',#4023,0.1);
#226=ORIENTED_EDGE('',*,*,#1214,.T.);
#227=ORIENTED_EDGE('',*,*,#1215,.F.);
#228=ORIENTED_EDGE('',*,*,#1216,.F.);
#229=ORIENTED_EDGE('',*,*,#1217,.T.);
#230=ORIENTED_EDGE('',*,*,#1218,.T.);
#231=ORIENTED_EDGE('',*,*,#1219,.F.);
#232=ORIENTED_EDGE('',*,*,#1220,.F.);
#233=ORIENTED_EDGE('',*,*,#1215,.T.);
#234=ORIENTED_EDGE('',*,*,#1221,.T.);
#235=ORIENTED_EDGE('',*,*,#1222,.F.);
#236=ORIENTED_EDGE('',*,*,#1223,.F.);
#237=ORIENTED_EDGE('',*,*,#1219,.T.);
#238=ORIENTED_EDGE('',*,*,#1224,.T.);
#239=ORIENTED_EDGE('',*,*,#1217,.F.);
#240=ORIENTED_EDGE('',*,*,#1225,.F.);
#241=ORIENTED_EDGE('',*,*,#1222,.T.);
#242=ORIENTED_EDGE('',*,*,#1216,.T.);
#243=ORIENTED_EDGE('',*,*,#1220,.T.);
#244=ORIENTED_EDGE('',*,*,#1223,.T.);
#245=ORIENTED_EDGE('',*,*,#1225,.T.);
#246=ORIENTED_EDGE('',*,*,#1226,.T.);
#247=ORIENTED_EDGE('',*,*,#1227,.F.);
#248=ORIENTED_EDGE('',*,*,#1228,.F.);
#249=ORIENTED_EDGE('',*,*,#1229,.T.);
#250=ORIENTED_EDGE('',*,*,#1230,.T.);
#251=ORIENTED_EDGE('',*,*,#1231,.F.);
#252=ORIENTED_EDGE('',*,*,#1232,.F.);
#253=ORIENTED_EDGE('',*,*,#1227,.T.);
#254=ORIENTED_EDGE('',*,*,#1233,.T.);
#255=ORIENTED_EDGE('',*,*,#1234,.F.);
#256=ORIENTED_EDGE('',*,*,#1235,.F.);
#257=ORIENTED_EDGE('',*,*,#1231,.T.);
#258=ORIENTED_EDGE('',*,*,#1236,.T.);
#259=ORIENTED_EDGE('',*,*,#1229,.F.);
#260=ORIENTED_EDGE('',*,*,#1237,.F.);
#261=ORIENTED_EDGE('',*,*,#1234,.T.);
#262=ORIENTED_EDGE('',*,*,#1228,.T.);
#263=ORIENTED_EDGE('',*,*,#1232,.T.);
#264=ORIENTED_EDGE('',*,*,#1235,.T.);
#265=ORIENTED_EDGE('',*,*,#1237,.T.);
#266=ORIENTED_EDGE('',*,*,#1238,.T.);
#267=ORIENTED_EDGE('',*,*,#1239,.F.);
#268=ORIENTED_EDGE('',*,*,#1240,.F.);
#269=ORIENTED_EDGE('',*,*,#1241,.T.);
#270=ORIENTED_EDGE('',*,*,#1242,.T.);
#271=ORIENTED_EDGE('',*,*,#1243,.F.);
#272=ORIENTED_EDGE('',*,*,#1244,.F.);
#273=ORIENTED_EDGE('',*,*,#1239,.T.);
#274=ORIENTED_EDGE('',*,*,#1245,.T.);
#275=ORIENTED_EDGE('',*,*,#1246,.F.);
#276=ORIENTED_EDGE('',*,*,#1247,.F.);
#277=ORIENTED_EDGE('',*,*,#1243,.T.);
#278=ORIENTED_EDGE('',*,*,#1248,.T.);
#279=ORIENTED_EDGE('',*,*,#1241,.F.);
#280=ORIENTED_EDGE('',*,*,#1249,.F.);
#281=ORIENTED_EDGE('',*,*,#1246,.T.);
#282=ORIENTED_EDGE('',*,*,#1240,.T.);
#283=ORIENTED_EDGE('',*,*,#1244,.T.);
#284=ORIENTED_EDGE('',*,*,#1247,.T.);
#285=ORIENTED_EDGE('',*,*,#1249,.T.);
#286=ORIENTED_EDGE('',*,*,#1250,.T.);
#287=ORIENTED_EDGE('',*,*,#1251,.T.);
#288=ORIENTED_EDGE('',*,*,#1252,.T.);
#289=ORIENTED_EDGE('',*,*,#1253,.F.);
#290=ORIENTED_EDGE('',*,*,#1254,.T.);
#291=ORIENTED_EDGE('',*,*,#1253,.T.);
#292=ORIENTED_EDGE('',*,*,#1255,.T.);
#293=ORIENTED_EDGE('',*,*,#1256,.F.);
#294=ORIENTED_EDGE('',*,*,#1257,.T.);
#295=ORIENTED_EDGE('',*,*,#1256,.T.);
#296=ORIENTED_EDGE('',*,*,#1258,.T.);
#297=ORIENTED_EDGE('',*,*,#1259,.F.);
#298=ORIENTED_EDGE('',*,*,#1260,.F.);
#299=ORIENTED_EDGE('',*,*,#1261,.F.);
#300=ORIENTED_EDGE('',*,*,#1262,.F.);
#301=ORIENTED_EDGE('',*,*,#1263,.T.);
#302=ORIENTED_EDGE('',*,*,#1264,.T.);
#303=ORIENTED_EDGE('',*,*,#1265,.F.);
#304=ORIENTED_EDGE('',*,*,#1261,.T.);
#305=ORIENTED_EDGE('',*,*,#1264,.F.);
#306=ORIENTED_EDGE('',*,*,#1266,.T.);
#307=ORIENTED_EDGE('',*,*,#1267,.F.);
#308=ORIENTED_EDGE('',*,*,#1268,.F.);
#309=ORIENTED_EDGE('',*,*,#1269,.T.);
#310=ORIENTED_EDGE('',*,*,#1270,.T.);
#311=ORIENTED_EDGE('',*,*,#1271,.F.);
#312=ORIENTED_EDGE('',*,*,#1272,.F.);
#313=ORIENTED_EDGE('',*,*,#1273,.T.);
#314=ORIENTED_EDGE('',*,*,#1274,.T.);
#315=ORIENTED_EDGE('',*,*,#1268,.T.);
#316=ORIENTED_EDGE('',*,*,#1275,.T.);
#317=ORIENTED_EDGE('',*,*,#1272,.T.);
#318=ORIENTED_EDGE('',*,*,#1276,.F.);
#319=ORIENTED_EDGE('',*,*,#1277,.F.);
#320=ORIENTED_EDGE('',*,*,#1278,.T.);
#321=ORIENTED_EDGE('',*,*,#1279,.T.);
#322=ORIENTED_EDGE('',*,*,#1250,.F.);
#323=ORIENTED_EDGE('',*,*,#1254,.F.);
#324=ORIENTED_EDGE('',*,*,#1257,.F.);
#325=ORIENTED_EDGE('',*,*,#1280,.F.);
#326=ORIENTED_EDGE('',*,*,#1279,.F.);
#327=ORIENTED_EDGE('',*,*,#1281,.T.);
#328=ORIENTED_EDGE('',*,*,#1269,.F.);
#329=ORIENTED_EDGE('',*,*,#1274,.F.);
#330=ORIENTED_EDGE('',*,*,#1271,.T.);
#331=ORIENTED_EDGE('',*,*,#1282,.T.);
#332=ORIENTED_EDGE('',*,*,#1283,.T.);
#333=ORIENTED_EDGE('',*,*,#1284,.F.);
#334=ORIENTED_EDGE('',*,*,#1285,.F.);
#335=ORIENTED_EDGE('',*,*,#1283,.F.);
#336=ORIENTED_EDGE('',*,*,#1286,.T.);
#337=ORIENTED_EDGE('',*,*,#1287,.T.);
#338=ORIENTED_EDGE('',*,*,#1260,.T.);
#339=ORIENTED_EDGE('',*,*,#1262,.T.);
#340=ORIENTED_EDGE('',*,*,#1288,.F.);
#341=ORIENTED_EDGE('',*,*,#1287,.F.);
#342=ORIENTED_EDGE('',*,*,#1289,.T.);
#343=ORIENTED_EDGE('',*,*,#1273,.F.);
#344=ORIENTED_EDGE('',*,*,#1275,.F.);
#345=ORIENTED_EDGE('',*,*,#1267,.T.);
#346=ORIENTED_EDGE('',*,*,#1290,.T.);
#347=ORIENTED_EDGE('',*,*,#1277,.T.);
#348=ORIENTED_EDGE('',*,*,#1270,.F.);
#349=ORIENTED_EDGE('',*,*,#1289,.F.);
#350=ORIENTED_EDGE('',*,*,#1286,.F.);
#351=ORIENTED_EDGE('',*,*,#1282,.F.);
#352=ORIENTED_EDGE('',*,*,#1266,.F.);
#353=ORIENTED_EDGE('',*,*,#1281,.F.);
#354=ORIENTED_EDGE('',*,*,#1278,.F.);
#355=ORIENTED_EDGE('',*,*,#1290,.F.);
#356=ORIENTED_EDGE('',*,*,#1291,.T.);
#357=ORIENTED_EDGE('',*,*,#1292,.T.);
#358=ORIENTED_EDGE('',*,*,#1293,.T.);
#359=ORIENTED_EDGE('',*,*,#1294,.F.);
#360=ORIENTED_EDGE('',*,*,#1295,.T.);
#361=ORIENTED_EDGE('',*,*,#1294,.T.);
#362=ORIENTED_EDGE('',*,*,#1296,.T.);
#363=ORIENTED_EDGE('',*,*,#1297,.F.);
#364=ORIENTED_EDGE('',*,*,#1298,.T.);
#365=ORIENTED_EDGE('',*,*,#1297,.T.);
#366=ORIENTED_EDGE('',*,*,#1299,.T.);
#367=ORIENTED_EDGE('',*,*,#1300,.F.);
#368=ORIENTED_EDGE('',*,*,#1301,.F.);
#369=ORIENTED_EDGE('',*,*,#1302,.F.);
#370=ORIENTED_EDGE('',*,*,#1303,.F.);
#371=ORIENTED_EDGE('',*,*,#1304,.T.);
#372=ORIENTED_EDGE('',*,*,#1305,.T.);
#373=ORIENTED_EDGE('',*,*,#1306,.F.);
#374=ORIENTED_EDGE('',*,*,#1302,.T.);
#375=ORIENTED_EDGE('',*,*,#1305,.F.);
#376=ORIENTED_EDGE('',*,*,#1307,.T.);
#377=ORIENTED_EDGE('',*,*,#1308,.F.);
#378=ORIENTED_EDGE('',*,*,#1309,.F.);
#379=ORIENTED_EDGE('',*,*,#1310,.T.);
#380=ORIENTED_EDGE('',*,*,#1311,.T.);
#381=ORIENTED_EDGE('',*,*,#1312,.F.);
#382=ORIENTED_EDGE('',*,*,#1313,.F.);
#383=ORIENTED_EDGE('',*,*,#1314,.T.);
#384=ORIENTED_EDGE('',*,*,#1315,.T.);
#385=ORIENTED_EDGE('',*,*,#1309,.T.);
#386=ORIENTED_EDGE('',*,*,#1316,.T.);
#387=ORIENTED_EDGE('',*,*,#1313,.T.);
#388=ORIENTED_EDGE('',*,*,#1317,.F.);
#389=ORIENTED_EDGE('',*,*,#1318,.F.);
#390=ORIENTED_EDGE('',*,*,#1319,.T.);
#391=ORIENTED_EDGE('',*,*,#1320,.T.);
#392=ORIENTED_EDGE('',*,*,#1291,.F.);
#393=ORIENTED_EDGE('',*,*,#1295,.F.);
#394=ORIENTED_EDGE('',*,*,#1298,.F.);
#395=ORIENTED_EDGE('',*,*,#1321,.F.);
#396=ORIENTED_EDGE('',*,*,#1320,.F.);
#397=ORIENTED_EDGE('',*,*,#1322,.T.);
#398=ORIENTED_EDGE('',*,*,#1310,.F.);
#399=ORIENTED_EDGE('',*,*,#1315,.F.);
#400=ORIENTED_EDGE('',*,*,#1312,.T.);
#401=ORIENTED_EDGE('',*,*,#1323,.T.);
#402=ORIENTED_EDGE('',*,*,#1324,.T.);
#403=ORIENTED_EDGE('',*,*,#1325,.F.);
#404=ORIENTED_EDGE('',*,*,#1326,.F.);
#405=ORIENTED_EDGE('',*,*,#1324,.F.);
#406=ORIENTED_EDGE('',*,*,#1327,.T.);
#407=ORIENTED_EDGE('',*,*,#1328,.T.);
#408=ORIENTED_EDGE('',*,*,#1301,.T.);
#409=ORIENTED_EDGE('',*,*,#1303,.T.);
#410=ORIENTED_EDGE('',*,*,#1329,.F.);
#411=ORIENTED_EDGE('',*,*,#1328,.F.);
#412=ORIENTED_EDGE('',*,*,#1330,.T.);
#413=ORIENTED_EDGE('',*,*,#1314,.F.);
#414=ORIENTED_EDGE('',*,*,#1316,.F.);
#415=ORIENTED_EDGE('',*,*,#1308,.T.);
#416=ORIENTED_EDGE('',*,*,#1331,.T.);
#417=ORIENTED_EDGE('',*,*,#1318,.T.);
#418=ORIENTED_EDGE('',*,*,#1311,.F.);
#419=ORIENTED_EDGE('',*,*,#1330,.F.);
#420=ORIENTED_EDGE('',*,*,#1327,.F.);
#421=ORIENTED_EDGE('',*,*,#1323,.F.);
#422=ORIENTED_EDGE('',*,*,#1307,.F.);
#423=ORIENTED_EDGE('',*,*,#1322,.F.);
#424=ORIENTED_EDGE('',*,*,#1319,.F.);
#425=ORIENTED_EDGE('',*,*,#1331,.F.);
#426=ORIENTED_EDGE('',*,*,#1332,.T.);
#427=ORIENTED_EDGE('',*,*,#1333,.T.);
#428=ORIENTED_EDGE('',*,*,#1334,.T.);
#429=ORIENTED_EDGE('',*,*,#1335,.F.);
#430=ORIENTED_EDGE('',*,*,#1336,.T.);
#431=ORIENTED_EDGE('',*,*,#1335,.T.);
#432=ORIENTED_EDGE('',*,*,#1337,.T.);
#433=ORIENTED_EDGE('',*,*,#1338,.F.);
#434=ORIENTED_EDGE('',*,*,#1339,.T.);
#435=ORIENTED_EDGE('',*,*,#1338,.T.);
#436=ORIENTED_EDGE('',*,*,#1340,.T.);
#437=ORIENTED_EDGE('',*,*,#1341,.F.);
#438=ORIENTED_EDGE('',*,*,#1342,.F.);
#439=ORIENTED_EDGE('',*,*,#1343,.F.);
#440=ORIENTED_EDGE('',*,*,#1344,.F.);
#441=ORIENTED_EDGE('',*,*,#1345,.T.);
#442=ORIENTED_EDGE('',*,*,#1346,.T.);
#443=ORIENTED_EDGE('',*,*,#1347,.F.);
#444=ORIENTED_EDGE('',*,*,#1343,.T.);
#445=ORIENTED_EDGE('',*,*,#1346,.F.);
#446=ORIENTED_EDGE('',*,*,#1348,.T.);
#447=ORIENTED_EDGE('',*,*,#1349,.F.);
#448=ORIENTED_EDGE('',*,*,#1350,.F.);
#449=ORIENTED_EDGE('',*,*,#1351,.T.);
#450=ORIENTED_EDGE('',*,*,#1352,.T.);
#451=ORIENTED_EDGE('',*,*,#1353,.F.);
#452=ORIENTED_EDGE('',*,*,#1354,.F.);
#453=ORIENTED_EDGE('',*,*,#1355,.T.);
#454=ORIENTED_EDGE('',*,*,#1356,.T.);
#455=ORIENTED_EDGE('',*,*,#1350,.T.);
#456=ORIENTED_EDGE('',*,*,#1357,.T.);
#457=ORIENTED_EDGE('',*,*,#1354,.T.);
#458=ORIENTED_EDGE('',*,*,#1358,.F.);
#459=ORIENTED_EDGE('',*,*,#1359,.F.);
#460=ORIENTED_EDGE('',*,*,#1360,.T.);
#461=ORIENTED_EDGE('',*,*,#1361,.T.);
#462=ORIENTED_EDGE('',*,*,#1332,.F.);
#463=ORIENTED_EDGE('',*,*,#1336,.F.);
#464=ORIENTED_EDGE('',*,*,#1339,.F.);
#465=ORIENTED_EDGE('',*,*,#1362,.F.);
#466=ORIENTED_EDGE('',*,*,#1361,.F.);
#467=ORIENTED_EDGE('',*,*,#1363,.T.);
#468=ORIENTED_EDGE('',*,*,#1351,.F.);
#469=ORIENTED_EDGE('',*,*,#1356,.F.);
#470=ORIENTED_EDGE('',*,*,#1353,.T.);
#471=ORIENTED_EDGE('',*,*,#1364,.T.);
#472=ORIENTED_EDGE('',*,*,#1365,.T.);
#473=ORIENTED_EDGE('',*,*,#1366,.F.);
#474=ORIENTED_EDGE('',*,*,#1367,.F.);
#475=ORIENTED_EDGE('',*,*,#1365,.F.);
#476=ORIENTED_EDGE('',*,*,#1368,.T.);
#477=ORIENTED_EDGE('',*,*,#1369,.T.);
#478=ORIENTED_EDGE('',*,*,#1342,.T.);
#479=ORIENTED_EDGE('',*,*,#1344,.T.);
#480=ORIENTED_EDGE('',*,*,#1370,.F.);
#481=ORIENTED_EDGE('',*,*,#1369,.F.);
#482=ORIENTED_EDGE('',*,*,#1371,.T.);
#483=ORIENTED_EDGE('',*,*,#1355,.F.);
#484=ORIENTED_EDGE('',*,*,#1357,.F.);
#485=ORIENTED_EDGE('',*,*,#1349,.T.);
#486=ORIENTED_EDGE('',*,*,#1372,.T.);
#487=ORIENTED_EDGE('',*,*,#1359,.T.);
#488=ORIENTED_EDGE('',*,*,#1352,.F.);
#489=ORIENTED_EDGE('',*,*,#1371,.F.);
#490=ORIENTED_EDGE('',*,*,#1368,.F.);
#491=ORIENTED_EDGE('',*,*,#1364,.F.);
#492=ORIENTED_EDGE('',*,*,#1348,.F.);
#493=ORIENTED_EDGE('',*,*,#1363,.F.);
#494=ORIENTED_EDGE('',*,*,#1360,.F.);
#495=ORIENTED_EDGE('',*,*,#1372,.F.);
#496=ORIENTED_EDGE('',*,*,#1373,.T.);
#497=ORIENTED_EDGE('',*,*,#1374,.T.);
#498=ORIENTED_EDGE('',*,*,#1375,.T.);
#499=ORIENTED_EDGE('',*,*,#1376,.F.);
#500=ORIENTED_EDGE('',*,*,#1377,.T.);
#501=ORIENTED_EDGE('',*,*,#1376,.T.);
#502=ORIENTED_EDGE('',*,*,#1378,.T.);
#503=ORIENTED_EDGE('',*,*,#1379,.F.);
#504=ORIENTED_EDGE('',*,*,#1380,.T.);
#505=ORIENTED_EDGE('',*,*,#1379,.T.);
#506=ORIENTED_EDGE('',*,*,#1381,.T.);
#507=ORIENTED_EDGE('',*,*,#1382,.F.);
#508=ORIENTED_EDGE('',*,*,#1383,.F.);
#509=ORIENTED_EDGE('',*,*,#1384,.F.);
#510=ORIENTED_EDGE('',*,*,#1385,.F.);
#511=ORIENTED_EDGE('',*,*,#1386,.T.);
#512=ORIENTED_EDGE('',*,*,#1387,.T.);
#513=ORIENTED_EDGE('',*,*,#1388,.F.);
#514=ORIENTED_EDGE('',*,*,#1384,.T.);
#515=ORIENTED_EDGE('',*,*,#1387,.F.);
#516=ORIENTED_EDGE('',*,*,#1389,.T.);
#517=ORIENTED_EDGE('',*,*,#1390,.F.);
#518=ORIENTED_EDGE('',*,*,#1391,.F.);
#519=ORIENTED_EDGE('',*,*,#1392,.T.);
#520=ORIENTED_EDGE('',*,*,#1393,.T.);
#521=ORIENTED_EDGE('',*,*,#1394,.F.);
#522=ORIENTED_EDGE('',*,*,#1395,.F.);
#523=ORIENTED_EDGE('',*,*,#1396,.T.);
#524=ORIENTED_EDGE('',*,*,#1397,.T.);
#525=ORIENTED_EDGE('',*,*,#1391,.T.);
#526=ORIENTED_EDGE('',*,*,#1398,.T.);
#527=ORIENTED_EDGE('',*,*,#1395,.T.);
#528=ORIENTED_EDGE('',*,*,#1399,.F.);
#529=ORIENTED_EDGE('',*,*,#1400,.F.);
#530=ORIENTED_EDGE('',*,*,#1401,.T.);
#531=ORIENTED_EDGE('',*,*,#1402,.T.);
#532=ORIENTED_EDGE('',*,*,#1373,.F.);
#533=ORIENTED_EDGE('',*,*,#1377,.F.);
#534=ORIENTED_EDGE('',*,*,#1380,.F.);
#535=ORIENTED_EDGE('',*,*,#1403,.F.);
#536=ORIENTED_EDGE('',*,*,#1402,.F.);
#537=ORIENTED_EDGE('',*,*,#1404,.T.);
#538=ORIENTED_EDGE('',*,*,#1392,.F.);
#539=ORIENTED_EDGE('',*,*,#1397,.F.);
#540=ORIENTED_EDGE('',*,*,#1394,.T.);
#541=ORIENTED_EDGE('',*,*,#1405,.T.);
#542=ORIENTED_EDGE('',*,*,#1406,.T.);
#543=ORIENTED_EDGE('',*,*,#1407,.F.);
#544=ORIENTED_EDGE('',*,*,#1408,.F.);
#545=ORIENTED_EDGE('',*,*,#1406,.F.);
#546=ORIENTED_EDGE('',*,*,#1409,.T.);
#547=ORIENTED_EDGE('',*,*,#1410,.T.);
#548=ORIENTED_EDGE('',*,*,#1383,.T.);
#549=ORIENTED_EDGE('',*,*,#1385,.T.);
#550=ORIENTED_EDGE('',*,*,#1411,.F.);
#551=ORIENTED_EDGE('',*,*,#1410,.F.);
#552=ORIENTED_EDGE('',*,*,#1412,.T.);
#553=ORIENTED_EDGE('',*,*,#1396,.F.);
#554=ORIENTED_EDGE('',*,*,#1398,.F.);
#555=ORIENTED_EDGE('',*,*,#1390,.T.);
#556=ORIENTED_EDGE('',*,*,#1413,.T.);
#557=ORIENTED_EDGE('',*,*,#1400,.T.);
#558=ORIENTED_EDGE('',*,*,#1393,.F.);
#559=ORIENTED_EDGE('',*,*,#1412,.F.);
#560=ORIENTED_EDGE('',*,*,#1409,.F.);
#561=ORIENTED_EDGE('',*,*,#1405,.F.);
#562=ORIENTED_EDGE('',*,*,#1389,.F.);
#563=ORIENTED_EDGE('',*,*,#1404,.F.);
#564=ORIENTED_EDGE('',*,*,#1401,.F.);
#565=ORIENTED_EDGE('',*,*,#1413,.F.);
#566=ORIENTED_EDGE('',*,*,#1414,.F.);
#567=ORIENTED_EDGE('',*,*,#1415,.F.);
#568=ORIENTED_EDGE('',*,*,#1416,.T.);
#569=ORIENTED_EDGE('',*,*,#1417,.T.);
#570=ORIENTED_EDGE('',*,*,#1418,.F.);
#571=ORIENTED_EDGE('',*,*,#1419,.F.);
#572=ORIENTED_EDGE('',*,*,#1420,.F.);
#573=ORIENTED_EDGE('',*,*,#1421,.T.);
#574=ORIENTED_EDGE('',*,*,#1422,.T.);
#575=ORIENTED_EDGE('',*,*,#1423,.T.);
#576=ORIENTED_EDGE('',*,*,#1424,.T.);
#577=ORIENTED_EDGE('',*,*,#1263,.F.);
#578=ORIENTED_EDGE('',*,*,#1425,.T.);
#579=ORIENTED_EDGE('',*,*,#1426,.T.);
#580=ORIENTED_EDGE('',*,*,#1427,.F.);
#581=ORIENTED_EDGE('',*,*,#1421,.F.);
#582=ORIENTED_EDGE('',*,*,#1428,.T.);
#583=ORIENTED_EDGE('',*,*,#1429,.F.);
#584=ORIENTED_EDGE('',*,*,#1430,.T.);
#585=ORIENTED_EDGE('',*,*,#1386,.F.);
#586=ORIENTED_EDGE('',*,*,#1431,.T.);
#587=ORIENTED_EDGE('',*,*,#1345,.F.);
#588=ORIENTED_EDGE('',*,*,#1432,.T.);
#589=ORIENTED_EDGE('',*,*,#1304,.F.);
#590=ORIENTED_EDGE('',*,*,#1433,.F.);
#591=ORIENTED_EDGE('',*,*,#1434,.F.);
#592=ORIENTED_EDGE('',*,*,#1435,.F.);
#593=ORIENTED_EDGE('',*,*,#1436,.F.);
#594=ORIENTED_EDGE('',*,*,#1437,.F.);
#595=ORIENTED_EDGE('',*,*,#1438,.F.);
#596=ORIENTED_EDGE('',*,*,#1439,.F.);
#597=ORIENTED_EDGE('',*,*,#1440,.F.);
#598=ORIENTED_EDGE('',*,*,#1441,.T.);
#599=ORIENTED_EDGE('',*,*,#1251,.F.);
#600=ORIENTED_EDGE('',*,*,#1284,.T.);
#601=ORIENTED_EDGE('',*,*,#1285,.T.);
#602=ORIENTED_EDGE('',*,*,#1288,.T.);
#603=ORIENTED_EDGE('',*,*,#1276,.T.);
#604=ORIENTED_EDGE('',*,*,#1280,.T.);
#605=ORIENTED_EDGE('',*,*,#1259,.T.);
#606=ORIENTED_EDGE('',*,*,#1442,.T.);
#607=ORIENTED_EDGE('',*,*,#1443,.F.);
#608=ORIENTED_EDGE('',*,*,#1444,.F.);
#609=ORIENTED_EDGE('',*,*,#1418,.T.);
#610=ORIENTED_EDGE('',*,*,#1445,.T.);
#611=ORIENTED_EDGE('',*,*,#1446,.F.);
#612=ORIENTED_EDGE('',*,*,#1447,.T.);
#613=ORIENTED_EDGE('',*,*,#1448,.T.);
#614=ORIENTED_EDGE('',*,*,#1449,.T.);
#615=ORIENTED_EDGE('',*,*,#1450,.T.);
#616=ORIENTED_EDGE('',*,*,#1451,.T.);
#617=ORIENTED_EDGE('',*,*,#1452,.T.);
#618=ORIENTED_EDGE('',*,*,#1453,.T.);
#619=ORIENTED_EDGE('',*,*,#1374,.F.);
#620=ORIENTED_EDGE('',*,*,#1407,.T.);
#621=ORIENTED_EDGE('',*,*,#1408,.T.);
#622=ORIENTED_EDGE('',*,*,#1411,.T.);
#623=ORIENTED_EDGE('',*,*,#1399,.T.);
#624=ORIENTED_EDGE('',*,*,#1403,.T.);
#625=ORIENTED_EDGE('',*,*,#1382,.T.);
#626=ORIENTED_EDGE('',*,*,#1454,.T.);
#627=ORIENTED_EDGE('',*,*,#1333,.F.);
#628=ORIENTED_EDGE('',*,*,#1366,.T.);
#629=ORIENTED_EDGE('',*,*,#1367,.T.);
#630=ORIENTED_EDGE('',*,*,#1370,.T.);
#631=ORIENTED_EDGE('',*,*,#1358,.T.);
#632=ORIENTED_EDGE('',*,*,#1362,.T.);
#633=ORIENTED_EDGE('',*,*,#1341,.T.);
#634=ORIENTED_EDGE('',*,*,#1455,.T.);
#635=ORIENTED_EDGE('',*,*,#1292,.F.);
#636=ORIENTED_EDGE('',*,*,#1325,.T.);
#637=ORIENTED_EDGE('',*,*,#1326,.T.);
#638=ORIENTED_EDGE('',*,*,#1329,.T.);
#639=ORIENTED_EDGE('',*,*,#1317,.T.);
#640=ORIENTED_EDGE('',*,*,#1321,.T.);
#641=ORIENTED_EDGE('',*,*,#1300,.T.);
#642=ORIENTED_EDGE('',*,*,#1456,.T.);
#643=ORIENTED_EDGE('',*,*,#1457,.F.);
#644=ORIENTED_EDGE('',*,*,#1458,.T.);
#645=ORIENTED_EDGE('',*,*,#1459,.T.);
#646=ORIENTED_EDGE('',*,*,#1460,.T.);
#647=ORIENTED_EDGE('',*,*,#1461,.F.);
#648=ORIENTED_EDGE('',*,*,#1426,.F.);
#649=ORIENTED_EDGE('',*,*,#1462,.F.);
#650=ORIENTED_EDGE('',*,*,#1463,.T.);
#651=ORIENTED_EDGE('',*,*,#1443,.T.);
#652=ORIENTED_EDGE('',*,*,#1422,.F.);
#653=ORIENTED_EDGE('',*,*,#1427,.T.);
#654=ORIENTED_EDGE('',*,*,#1461,.T.);
#655=ORIENTED_EDGE('',*,*,#1464,.T.);
#656=ORIENTED_EDGE('',*,*,#1214,.F.);
#657=ORIENTED_EDGE('',*,*,#1224,.F.);
#658=ORIENTED_EDGE('',*,*,#1221,.F.);
#659=ORIENTED_EDGE('',*,*,#1218,.F.);
#660=ORIENTED_EDGE('',*,*,#1226,.F.);
#661=ORIENTED_EDGE('',*,*,#1236,.F.);
#662=ORIENTED_EDGE('',*,*,#1233,.F.);
#663=ORIENTED_EDGE('',*,*,#1230,.F.);
#664=ORIENTED_EDGE('',*,*,#1238,.F.);
#665=ORIENTED_EDGE('',*,*,#1248,.F.);
#666=ORIENTED_EDGE('',*,*,#1245,.F.);
#667=ORIENTED_EDGE('',*,*,#1242,.F.);
#668=ORIENTED_EDGE('',*,*,#1465,.F.);
#669=ORIENTED_EDGE('',*,*,#1466,.F.);
#670=ORIENTED_EDGE('',*,*,#1467,.F.);
#671=ORIENTED_EDGE('',*,*,#1468,.F.);
#672=ORIENTED_EDGE('',*,*,#1265,.T.);
#673=ORIENTED_EDGE('',*,*,#1306,.T.);
#674=ORIENTED_EDGE('',*,*,#1347,.T.);
#675=ORIENTED_EDGE('',*,*,#1388,.T.);
#676=ORIENTED_EDGE('',*,*,#1469,.T.);
#677=ORIENTED_EDGE('',*,*,#1424,.F.);
#678=ORIENTED_EDGE('',*,*,#1432,.F.);
#679=ORIENTED_EDGE('',*,*,#1431,.F.);
#680=ORIENTED_EDGE('',*,*,#1430,.F.);
#681=ORIENTED_EDGE('',*,*,#1428,.F.);
#682=ORIENTED_EDGE('',*,*,#1420,.T.);
#683=ORIENTED_EDGE('',*,*,#1470,.T.);
#684=ORIENTED_EDGE('',*,*,#1462,.T.);
#685=ORIENTED_EDGE('',*,*,#1425,.F.);
#686=ORIENTED_EDGE('',*,*,#1441,.F.);
#687=ORIENTED_EDGE('',*,*,#1299,.F.);
#688=ORIENTED_EDGE('',*,*,#1296,.F.);
#689=ORIENTED_EDGE('',*,*,#1293,.F.);
#690=ORIENTED_EDGE('',*,*,#1455,.F.);
#691=ORIENTED_EDGE('',*,*,#1340,.F.);
#692=ORIENTED_EDGE('',*,*,#1337,.F.);
#693=ORIENTED_EDGE('',*,*,#1334,.F.);
#694=ORIENTED_EDGE('',*,*,#1454,.F.);
#695=ORIENTED_EDGE('',*,*,#1381,.F.);
#696=ORIENTED_EDGE('',*,*,#1378,.F.);
#697=ORIENTED_EDGE('',*,*,#1375,.F.);
#698=ORIENTED_EDGE('',*,*,#1453,.F.);
#699=ORIENTED_EDGE('',*,*,#1471,.F.);
#700=ORIENTED_EDGE('',*,*,#1472,.F.);
#701=ORIENTED_EDGE('',*,*,#1473,.F.);
#702=ORIENTED_EDGE('',*,*,#1445,.F.);
#703=ORIENTED_EDGE('',*,*,#1417,.F.);
#704=ORIENTED_EDGE('',*,*,#1474,.F.);
#705=ORIENTED_EDGE('',*,*,#1475,.F.);
#706=ORIENTED_EDGE('',*,*,#1476,.F.);
#707=ORIENTED_EDGE('',*,*,#1423,.F.);
#708=ORIENTED_EDGE('',*,*,#1464,.F.);
#709=ORIENTED_EDGE('',*,*,#1460,.F.);
#710=ORIENTED_EDGE('',*,*,#1477,.F.);
#711=ORIENTED_EDGE('',*,*,#1478,.F.);
#712=ORIENTED_EDGE('',*,*,#1479,.F.);
#713=ORIENTED_EDGE('',*,*,#1456,.F.);
#714=ORIENTED_EDGE('',*,*,#1442,.F.);
#715=ORIENTED_EDGE('',*,*,#1258,.F.);
#716=ORIENTED_EDGE('',*,*,#1255,.F.);
#717=ORIENTED_EDGE('',*,*,#1252,.F.);
#718=ORIENTED_EDGE('',*,*,#1463,.F.);
#719=ORIENTED_EDGE('',*,*,#1470,.F.);
#720=ORIENTED_EDGE('',*,*,#1419,.T.);
#721=ORIENTED_EDGE('',*,*,#1444,.T.);
#722=ORIENTED_EDGE('',*,*,#1450,.F.);
#723=ORIENTED_EDGE('',*,*,#1480,.F.);
#724=ORIENTED_EDGE('',*,*,#1435,.T.);
#725=ORIENTED_EDGE('',*,*,#1481,.T.);
#726=ORIENTED_EDGE('',*,*,#1482,.F.);
#727=ORIENTED_EDGE('',*,*,#1483,.F.);
#728=ORIENTED_EDGE('',*,*,#1484,.F.);
#729=ORIENTED_EDGE('',*,*,#1451,.F.);
#730=ORIENTED_EDGE('',*,*,#1481,.F.);
#731=ORIENTED_EDGE('',*,*,#1434,.T.);
#732=ORIENTED_EDGE('',*,*,#1485,.F.);
#733=ORIENTED_EDGE('',*,*,#1486,.F.);
#734=ORIENTED_EDGE('',*,*,#1487,.T.);
#735=ORIENTED_EDGE('',*,*,#1440,.T.);
#736=ORIENTED_EDGE('',*,*,#1488,.T.);
#737=ORIENTED_EDGE('',*,*,#1447,.F.);
#738=ORIENTED_EDGE('',*,*,#1448,.F.);
#739=ORIENTED_EDGE('',*,*,#1488,.F.);
#740=ORIENTED_EDGE('',*,*,#1439,.T.);
#741=ORIENTED_EDGE('',*,*,#1489,.T.);
#742=ORIENTED_EDGE('',*,*,#1490,.T.);
#743=ORIENTED_EDGE('',*,*,#1491,.T.);
#744=ORIENTED_EDGE('',*,*,#1449,.F.);
#745=ORIENTED_EDGE('',*,*,#1489,.F.);
#746=ORIENTED_EDGE('',*,*,#1438,.T.);
#747=ORIENTED_EDGE('',*,*,#1492,.F.);
#748=ORIENTED_EDGE('',*,*,#1493,.F.);
#749=ORIENTED_EDGE('',*,*,#1494,.T.);
#750=ORIENTED_EDGE('',*,*,#1436,.T.);
#751=ORIENTED_EDGE('',*,*,#1480,.T.);
#752=ORIENTED_EDGE('',*,*,#1433,.T.);
#753=ORIENTED_EDGE('',*,*,#1494,.F.);
#754=ORIENTED_EDGE('',*,*,#1495,.F.);
#755=ORIENTED_EDGE('',*,*,#1485,.T.);
#756=ORIENTED_EDGE('',*,*,#1437,.T.);
#757=ORIENTED_EDGE('',*,*,#1487,.F.);
#758=ORIENTED_EDGE('',*,*,#1496,.F.);
#759=ORIENTED_EDGE('',*,*,#1492,.T.);
#760=ORIENTED_EDGE('',*,*,#1486,.T.);
#761=ORIENTED_EDGE('',*,*,#1495,.T.);
#762=ORIENTED_EDGE('',*,*,#1493,.T.);
#763=ORIENTED_EDGE('',*,*,#1496,.T.);
#764=ORIENTED_EDGE('',*,*,#1497,.T.);
#765=ORIENTED_EDGE('',*,*,#1469,.F.);
#766=ORIENTED_EDGE('',*,*,#1498,.T.);
#767=ORIENTED_EDGE('',*,*,#1497,.F.);
#768=ORIENTED_EDGE('',*,*,#1491,.F.);
#769=ORIENTED_EDGE('',*,*,#1429,.T.);
#770=ORIENTED_EDGE('',*,*,#1490,.F.);
#771=ORIENTED_EDGE('',*,*,#1498,.F.);
#772=ORIENTED_EDGE('',*,*,#1499,.T.);
#773=ORIENTED_EDGE('',*,*,#1415,.T.);
#774=ORIENTED_EDGE('',*,*,#1500,.T.);
#775=ORIENTED_EDGE('',*,*,#1501,.T.);
#776=ORIENTED_EDGE('',*,*,#1476,.T.);
#777=ORIENTED_EDGE('',*,*,#1502,.F.);
#778=ORIENTED_EDGE('',*,*,#1500,.F.);
#779=ORIENTED_EDGE('',*,*,#1414,.T.);
#780=ORIENTED_EDGE('',*,*,#1475,.T.);
#781=ORIENTED_EDGE('',*,*,#1503,.F.);
#782=ORIENTED_EDGE('',*,*,#1501,.F.);
#783=ORIENTED_EDGE('',*,*,#1502,.T.);
#784=ORIENTED_EDGE('',*,*,#1474,.T.);
#785=ORIENTED_EDGE('',*,*,#1416,.F.);
#786=ORIENTED_EDGE('',*,*,#1499,.F.);
#787=ORIENTED_EDGE('',*,*,#1503,.T.);
#788=ORIENTED_EDGE('',*,*,#1479,.T.);
#789=ORIENTED_EDGE('',*,*,#1504,.F.);
#790=ORIENTED_EDGE('',*,*,#1505,.F.);
#791=ORIENTED_EDGE('',*,*,#1457,.T.);
#792=ORIENTED_EDGE('',*,*,#1478,.T.);
#793=ORIENTED_EDGE('',*,*,#1506,.F.);
#794=ORIENTED_EDGE('',*,*,#1507,.F.);
#795=ORIENTED_EDGE('',*,*,#1504,.T.);
#796=ORIENTED_EDGE('',*,*,#1477,.T.);
#797=ORIENTED_EDGE('',*,*,#1459,.F.);
#798=ORIENTED_EDGE('',*,*,#1508,.F.);
#799=ORIENTED_EDGE('',*,*,#1506,.T.);
#800=ORIENTED_EDGE('',*,*,#1505,.T.);
#801=ORIENTED_EDGE('',*,*,#1507,.T.);
#802=ORIENTED_EDGE('',*,*,#1508,.T.);
#803=ORIENTED_EDGE('',*,*,#1458,.F.);
#804=ORIENTED_EDGE('',*,*,#1482,.T.);
#805=ORIENTED_EDGE('',*,*,#1446,.T.);
#806=ORIENTED_EDGE('',*,*,#1473,.T.);
#807=ORIENTED_EDGE('',*,*,#1509,.F.);
#808=ORIENTED_EDGE('',*,*,#1483,.T.);
#809=ORIENTED_EDGE('',*,*,#1509,.T.);
#810=ORIENTED_EDGE('',*,*,#1472,.T.);
#811=ORIENTED_EDGE('',*,*,#1510,.F.);
#812=ORIENTED_EDGE('',*,*,#1484,.T.);
#813=ORIENTED_EDGE('',*,*,#1510,.T.);
#814=ORIENTED_EDGE('',*,*,#1471,.T.);
#815=ORIENTED_EDGE('',*,*,#1452,.F.);
#816=ORIENTED_EDGE('',*,*,#1465,.T.);
#817=ORIENTED_EDGE('',*,*,#1511,.F.);
#818=ORIENTED_EDGE('',*,*,#1512,.F.);
#819=ORIENTED_EDGE('',*,*,#1513,.T.);
#820=ORIENTED_EDGE('',*,*,#1468,.T.);
#821=ORIENTED_EDGE('',*,*,#1514,.F.);
#822=ORIENTED_EDGE('',*,*,#1515,.F.);
#823=ORIENTED_EDGE('',*,*,#1511,.T.);
#824=ORIENTED_EDGE('',*,*,#1467,.T.);
#825=ORIENTED_EDGE('',*,*,#1516,.F.);
#826=ORIENTED_EDGE('',*,*,#1517,.F.);
#827=ORIENTED_EDGE('',*,*,#1514,.T.);
#828=ORIENTED_EDGE('',*,*,#1466,.T.);
#829=ORIENTED_EDGE('',*,*,#1513,.F.);
#830=ORIENTED_EDGE('',*,*,#1518,.F.);
#831=ORIENTED_EDGE('',*,*,#1516,.T.);
#832=ORIENTED_EDGE('',*,*,#1512,.T.);
#833=ORIENTED_EDGE('',*,*,#1515,.T.);
#834=ORIENTED_EDGE('',*,*,#1517,.T.);
#835=ORIENTED_EDGE('',*,*,#1518,.T.);
#836=ORIENTED_EDGE('',*,*,#1519,.T.);
#837=ORIENTED_EDGE('',*,*,#1520,.F.);
#838=ORIENTED_EDGE('',*,*,#1521,.T.);
#839=ORIENTED_EDGE('',*,*,#1520,.T.);
#840=ORIENTED_EDGE('',*,*,#1522,.T.);
#841=ORIENTED_EDGE('',*,*,#1523,.F.);
#842=ORIENTED_EDGE('',*,*,#1524,.F.);
#843=ORIENTED_EDGE('',*,*,#1525,.T.);
#844=ORIENTED_EDGE('',*,*,#1526,.F.);
#845=ORIENTED_EDGE('',*,*,#1527,.F.);
#846=ORIENTED_EDGE('',*,*,#1523,.T.);
#847=ORIENTED_EDGE('',*,*,#1528,.T.);
#848=ORIENTED_EDGE('',*,*,#1521,.F.);
#849=ORIENTED_EDGE('',*,*,#1529,.T.);
#850=ORIENTED_EDGE('',*,*,#1530,.F.);
#851=ORIENTED_EDGE('',*,*,#1531,.F.);
#852=ORIENTED_EDGE('',*,*,#1526,.T.);
#853=ORIENTED_EDGE('',*,*,#1530,.T.);
#854=ORIENTED_EDGE('',*,*,#1532,.T.);
#855=ORIENTED_EDGE('',*,*,#1525,.F.);
#856=ORIENTED_EDGE('',*,*,#1533,.F.);
#857=ORIENTED_EDGE('',*,*,#1534,.T.);
#858=ORIENTED_EDGE('',*,*,#1527,.T.);
#859=ORIENTED_EDGE('',*,*,#1531,.T.);
#860=ORIENTED_EDGE('',*,*,#1533,.T.);
#861=ORIENTED_EDGE('',*,*,#1524,.T.);
#862=ORIENTED_EDGE('',*,*,#1529,.F.);
#863=ORIENTED_EDGE('',*,*,#1528,.F.);
#864=ORIENTED_EDGE('',*,*,#1522,.F.);
#865=ORIENTED_EDGE('',*,*,#1532,.F.);
#866=ORIENTED_EDGE('',*,*,#1535,.T.);
#867=ORIENTED_EDGE('',*,*,#1536,.T.);
#868=ORIENTED_EDGE('',*,*,#1535,.F.);
#869=ORIENTED_EDGE('',*,*,#1536,.F.);
#870=ORIENTED_EDGE('',*,*,#1519,.F.);
#871=ORIENTED_EDGE('',*,*,#1534,.F.);
#872=ORIENTED_EDGE('',*,*,#1537,.F.);
#873=ORIENTED_EDGE('',*,*,#1538,.F.);
#874=ORIENTED_EDGE('',*,*,#1539,.F.);
#875=ORIENTED_EDGE('',*,*,#1540,.T.);
#876=ORIENTED_EDGE('',*,*,#1541,.F.);
#877=ORIENTED_EDGE('',*,*,#1542,.T.);
#878=ORIENTED_EDGE('',*,*,#1543,.T.);
#879=ORIENTED_EDGE('',*,*,#1544,.F.);
#880=ORIENTED_EDGE('',*,*,#1545,.F.);
#881=ORIENTED_EDGE('',*,*,#1546,.F.);
#882=ORIENTED_EDGE('',*,*,#1547,.F.);
#883=ORIENTED_EDGE('',*,*,#1548,.T.);
#884=ORIENTED_EDGE('',*,*,#1549,.T.);
#885=ORIENTED_EDGE('',*,*,#1550,.T.);
#886=ORIENTED_EDGE('',*,*,#1546,.T.);
#887=ORIENTED_EDGE('',*,*,#1551,.T.);
#888=ORIENTED_EDGE('',*,*,#1552,.T.);
#889=ORIENTED_EDGE('',*,*,#1540,.F.);
#890=ORIENTED_EDGE('',*,*,#1553,.F.);
#891=ORIENTED_EDGE('',*,*,#1549,.F.);
#892=ORIENTED_EDGE('',*,*,#1554,.T.);
#893=ORIENTED_EDGE('',*,*,#1555,.F.);
#894=ORIENTED_EDGE('',*,*,#1543,.F.);
#895=ORIENTED_EDGE('',*,*,#1556,.F.);
#896=ORIENTED_EDGE('',*,*,#1541,.T.);
#897=ORIENTED_EDGE('',*,*,#1557,.T.);
#898=ORIENTED_EDGE('',*,*,#1558,.F.);
#899=ORIENTED_EDGE('',*,*,#1547,.T.);
#900=ORIENTED_EDGE('',*,*,#1559,.T.);
#901=ORIENTED_EDGE('',*,*,#1538,.T.);
#902=ORIENTED_EDGE('',*,*,#1560,.F.);
#903=ORIENTED_EDGE('',*,*,#1545,.T.);
#904=ORIENTED_EDGE('',*,*,#1561,.T.);
#905=ORIENTED_EDGE('',*,*,#1562,.F.);
#906=ORIENTED_EDGE('',*,*,#1563,.F.);
#907=ORIENTED_EDGE('',*,*,#1559,.F.);
#908=ORIENTED_EDGE('',*,*,#1550,.F.);
#909=ORIENTED_EDGE('',*,*,#1564,.T.);
#910=ORIENTED_EDGE('',*,*,#1565,.T.);
#911=ORIENTED_EDGE('',*,*,#1561,.F.);
#912=ORIENTED_EDGE('',*,*,#1564,.F.);
#913=ORIENTED_EDGE('',*,*,#1553,.T.);
#914=ORIENTED_EDGE('',*,*,#1566,.T.);
#915=ORIENTED_EDGE('',*,*,#1567,.T.);
#916=ORIENTED_EDGE('',*,*,#1568,.F.);
#917=ORIENTED_EDGE('',*,*,#1566,.F.);
#918=ORIENTED_EDGE('',*,*,#1539,.T.);
#919=ORIENTED_EDGE('',*,*,#1563,.T.);
#920=ORIENTED_EDGE('',*,*,#1569,.F.);
#921=ORIENTED_EDGE('',*,*,#1570,.F.);
#922=ORIENTED_EDGE('',*,*,#1568,.T.);
#923=ORIENTED_EDGE('',*,*,#1571,.T.);
#924=ORIENTED_EDGE('',*,*,#1572,.F.);
#925=ORIENTED_EDGE('',*,*,#1565,.F.);
#926=ORIENTED_EDGE('',*,*,#1573,.T.);
#927=ORIENTED_EDGE('',*,*,#1574,.T.);
#928=ORIENTED_EDGE('',*,*,#1562,.T.);
#929=ORIENTED_EDGE('',*,*,#1572,.T.);
#930=ORIENTED_EDGE('',*,*,#1575,.T.);
#931=ORIENTED_EDGE('',*,*,#1571,.F.);
#932=ORIENTED_EDGE('',*,*,#1573,.F.);
#933=ORIENTED_EDGE('',*,*,#1567,.F.);
#934=ORIENTED_EDGE('',*,*,#1570,.T.);
#935=ORIENTED_EDGE('',*,*,#1576,.F.);
#936=ORIENTED_EDGE('',*,*,#1577,.F.);
#937=ORIENTED_EDGE('',*,*,#1575,.F.);
#938=ORIENTED_EDGE('',*,*,#1578,.T.);
#939=ORIENTED_EDGE('',*,*,#1579,.F.);
#940=ORIENTED_EDGE('',*,*,#1580,.T.);
#941=ORIENTED_EDGE('',*,*,#1581,.F.);
#942=ORIENTED_EDGE('',*,*,#1569,.T.);
#943=ORIENTED_EDGE('',*,*,#1577,.T.);
#944=ORIENTED_EDGE('',*,*,#1581,.T.);
#945=ORIENTED_EDGE('',*,*,#1582,.T.);
#946=ORIENTED_EDGE('',*,*,#1583,.F.);
#947=ORIENTED_EDGE('',*,*,#1576,.T.);
#948=ORIENTED_EDGE('',*,*,#1574,.F.);
#949=ORIENTED_EDGE('',*,*,#1583,.T.);
#950=ORIENTED_EDGE('',*,*,#1584,.F.);
#951=ORIENTED_EDGE('',*,*,#1578,.F.);
#952=ORIENTED_EDGE('',*,*,#1579,.T.);
#953=ORIENTED_EDGE('',*,*,#1585,.F.);
#954=ORIENTED_EDGE('',*,*,#1586,.T.);
#955=ORIENTED_EDGE('',*,*,#1587,.T.);
#956=ORIENTED_EDGE('',*,*,#1585,.T.);
#957=ORIENTED_EDGE('',*,*,#1584,.T.);
#958=ORIENTED_EDGE('',*,*,#1588,.F.);
#959=ORIENTED_EDGE('',*,*,#1589,.F.);
#960=ORIENTED_EDGE('',*,*,#1588,.T.);
#961=ORIENTED_EDGE('',*,*,#1582,.F.);
#962=ORIENTED_EDGE('',*,*,#1590,.F.);
#963=ORIENTED_EDGE('',*,*,#1591,.F.);
#964=ORIENTED_EDGE('',*,*,#1580,.F.);
#965=ORIENTED_EDGE('',*,*,#1587,.F.);
#966=ORIENTED_EDGE('',*,*,#1592,.F.);
#967=ORIENTED_EDGE('',*,*,#1590,.T.);
#968=ORIENTED_EDGE('',*,*,#1593,.F.);
#969=ORIENTED_EDGE('',*,*,#1586,.F.);
#970=ORIENTED_EDGE('',*,*,#1594,.T.);
#971=ORIENTED_EDGE('',*,*,#1595,.F.);
#972=ORIENTED_EDGE('',*,*,#1596,.F.);
#973=ORIENTED_EDGE('',*,*,#1597,.F.);
#974=ORIENTED_EDGE('',*,*,#1592,.T.);
#975=ORIENTED_EDGE('',*,*,#1593,.T.);
#976=ORIENTED_EDGE('',*,*,#1597,.T.);
#977=ORIENTED_EDGE('',*,*,#1598,.T.);
#978=ORIENTED_EDGE('',*,*,#1599,.F.);
#979=ORIENTED_EDGE('',*,*,#1591,.T.);
#980=ORIENTED_EDGE('',*,*,#1589,.T.);
#981=ORIENTED_EDGE('',*,*,#1599,.T.);
#982=ORIENTED_EDGE('',*,*,#1600,.F.);
#983=ORIENTED_EDGE('',*,*,#1594,.F.);
#984=ORIENTED_EDGE('',*,*,#1601,.T.);
#985=ORIENTED_EDGE('',*,*,#1602,.T.);
#986=ORIENTED_EDGE('',*,*,#1603,.F.);
#987=ORIENTED_EDGE('',*,*,#1604,.F.);
#988=ORIENTED_EDGE('',*,*,#1605,.F.);
#989=ORIENTED_EDGE('',*,*,#1598,.F.);
#990=ORIENTED_EDGE('',*,*,#1606,.T.);
#991=ORIENTED_EDGE('',*,*,#1603,.T.);
#992=ORIENTED_EDGE('',*,*,#1595,.T.);
#993=ORIENTED_EDGE('',*,*,#1607,.T.);
#994=ORIENTED_EDGE('',*,*,#1601,.F.);
#995=ORIENTED_EDGE('',*,*,#1608,.F.);
#996=ORIENTED_EDGE('',*,*,#1607,.F.);
#997=ORIENTED_EDGE('',*,*,#1600,.T.);
#998=ORIENTED_EDGE('',*,*,#1605,.T.);
#999=ORIENTED_EDGE('',*,*,#1602,.F.);
#1000=ORIENTED_EDGE('',*,*,#1606,.F.);
#1001=ORIENTED_EDGE('',*,*,#1596,.T.);
#1002=ORIENTED_EDGE('',*,*,#1608,.T.);
#1003=ORIENTED_EDGE('',*,*,#1604,.T.);
#1004=ORIENTED_EDGE('',*,*,#1544,.T.);
#1005=ORIENTED_EDGE('',*,*,#1555,.T.);
#1006=ORIENTED_EDGE('',*,*,#1609,.F.);
#1007=ORIENTED_EDGE('',*,*,#1557,.F.);
#1008=ORIENTED_EDGE('',*,*,#1609,.T.);
#1009=ORIENTED_EDGE('',*,*,#1554,.F.);
#1010=ORIENTED_EDGE('',*,*,#1548,.F.);
#1011=ORIENTED_EDGE('',*,*,#1558,.T.);
#1012=ORIENTED_EDGE('',*,*,#1537,.T.);
#1013=ORIENTED_EDGE('',*,*,#1552,.F.);
#1014=ORIENTED_EDGE('',*,*,#1610,.F.);
#1015=ORIENTED_EDGE('',*,*,#1560,.T.);
#1016=ORIENTED_EDGE('',*,*,#1610,.T.);
#1017=ORIENTED_EDGE('',*,*,#1551,.F.);
#1018=ORIENTED_EDGE('',*,*,#1542,.F.);
#1019=ORIENTED_EDGE('',*,*,#1556,.T.);
#1020=ORIENTED_EDGE('',*,*,#1611,.F.);
#1021=ORIENTED_EDGE('',*,*,#1612,.T.);
#1022=ORIENTED_EDGE('',*,*,#1613,.T.);
#1023=ORIENTED_EDGE('',*,*,#1614,.T.);
#1024=ORIENTED_EDGE('',*,*,#1615,.T.);
#1025=ORIENTED_EDGE('',*,*,#1616,.T.);
#1026=ORIENTED_EDGE('',*,*,#1617,.T.);
#1027=ORIENTED_EDGE('',*,*,#1618,.T.);
#1028=ORIENTED_EDGE('',*,*,#1612,.F.);
#1029=ORIENTED_EDGE('',*,*,#1619,.F.);
#1030=ORIENTED_EDGE('',*,*,#1620,.T.);
#1031=ORIENTED_EDGE('',*,*,#1621,.F.);
#1032=ORIENTED_EDGE('',*,*,#1622,.T.);
#1033=ORIENTED_EDGE('',*,*,#1623,.F.);
#1034=ORIENTED_EDGE('',*,*,#1620,.F.);
#1035=ORIENTED_EDGE('',*,*,#1624,.T.);
#1036=ORIENTED_EDGE('',*,*,#1625,.T.);
#1037=ORIENTED_EDGE('',*,*,#1617,.F.);
#1038=ORIENTED_EDGE('',*,*,#1623,.T.);
#1039=ORIENTED_EDGE('',*,*,#1626,.F.);
#1040=ORIENTED_EDGE('',*,*,#1627,.T.);
#1041=ORIENTED_EDGE('',*,*,#1628,.T.);
#1042=ORIENTED_EDGE('',*,*,#1629,.T.);
#1043=ORIENTED_EDGE('',*,*,#1630,.F.);
#1044=ORIENTED_EDGE('',*,*,#1631,.T.);
#1045=ORIENTED_EDGE('',*,*,#1632,.F.);
#1046=ORIENTED_EDGE('',*,*,#1633,.T.);
#1047=ORIENTED_EDGE('',*,*,#1634,.F.);
#1048=ORIENTED_EDGE('',*,*,#1635,.T.);
#1049=ORIENTED_EDGE('',*,*,#1636,.T.);
#1050=ORIENTED_EDGE('',*,*,#1637,.T.);
#1051=ORIENTED_EDGE('',*,*,#1638,.T.);
#1052=ORIENTED_EDGE('',*,*,#1639,.T.);
#1053=ORIENTED_EDGE('',*,*,#1640,.T.);
#1054=ORIENTED_EDGE('',*,*,#1641,.T.);
#1055=ORIENTED_EDGE('',*,*,#1642,.T.);
#1056=ORIENTED_EDGE('',*,*,#1643,.T.);
#1057=ORIENTED_EDGE('',*,*,#1644,.T.);
#1058=ORIENTED_EDGE('',*,*,#1645,.T.);
#1059=ORIENTED_EDGE('',*,*,#1646,.T.);
#1060=ORIENTED_EDGE('',*,*,#1647,.T.);
#1061=ORIENTED_EDGE('',*,*,#1648,.T.);
#1062=ORIENTED_EDGE('',*,*,#1649,.T.);
#1063=ORIENTED_EDGE('',*,*,#1650,.T.);
#1064=ORIENTED_EDGE('',*,*,#1651,.T.);
#1065=ORIENTED_EDGE('',*,*,#1652,.T.);
#1066=ORIENTED_EDGE('',*,*,#1653,.T.);
#1067=ORIENTED_EDGE('',*,*,#1654,.F.);
#1068=ORIENTED_EDGE('',*,*,#1655,.T.);
#1069=ORIENTED_EDGE('',*,*,#1656,.T.);
#1070=ORIENTED_EDGE('',*,*,#1630,.T.);
#1071=ORIENTED_EDGE('',*,*,#1657,.T.);
#1072=ORIENTED_EDGE('',*,*,#1650,.F.);
#1073=ORIENTED_EDGE('',*,*,#1658,.T.);
#1074=ORIENTED_EDGE('',*,*,#1640,.F.);
#1075=ORIENTED_EDGE('',*,*,#1659,.T.);
#1076=ORIENTED_EDGE('',*,*,#1660,.T.);
#1077=ORIENTED_EDGE('',*,*,#1661,.T.);
#1078=ORIENTED_EDGE('',*,*,#1662,.T.);
#1079=ORIENTED_EDGE('',*,*,#1663,.T.);
#1080=ORIENTED_EDGE('',*,*,#1660,.F.);
#1081=ORIENTED_EDGE('',*,*,#1664,.T.);
#1082=ORIENTED_EDGE('',*,*,#1665,.F.);
#1083=ORIENTED_EDGE('',*,*,#1666,.T.);
#1084=ORIENTED_EDGE('',*,*,#1667,.F.);
#1085=ORIENTED_EDGE('',*,*,#1668,.T.);
#1086=ORIENTED_EDGE('',*,*,#1669,.T.);
#1087=ORIENTED_EDGE('',*,*,#1670,.T.);
#1088=ORIENTED_EDGE('',*,*,#1652,.F.);
#1089=ORIENTED_EDGE('',*,*,#1671,.T.);
#1090=ORIENTED_EDGE('',*,*,#1672,.F.);
#1091=ORIENTED_EDGE('',*,*,#1673,.T.);
#1092=ORIENTED_EDGE('',*,*,#1674,.T.);
#1093=ORIENTED_EDGE('',*,*,#1655,.F.);
#1094=ORIENTED_EDGE('',*,*,#1675,.T.);
#1095=ORIENTED_EDGE('',*,*,#1676,.F.);
#1096=ORIENTED_EDGE('',*,*,#1621,.T.);
#1097=ORIENTED_EDGE('',*,*,#1619,.T.);
#1098=ORIENTED_EDGE('',*,*,#1611,.T.);
#1099=ORIENTED_EDGE('',*,*,#1677,.F.);
#1100=ORIENTED_EDGE('',*,*,#1678,.T.);
#1101=ORIENTED_EDGE('',*,*,#1679,.T.);
#1102=ORIENTED_EDGE('',*,*,#1680,.T.);
#1103=ORIENTED_EDGE('',*,*,#1681,.T.);
#1104=ORIENTED_EDGE('',*,*,#1680,.F.);
#1105=ORIENTED_EDGE('',*,*,#1682,.T.);
#1106=ORIENTED_EDGE('',*,*,#1682,.F.);
#1107=ORIENTED_EDGE('',*,*,#1681,.F.);
#1108=ORIENTED_EDGE('',*,*,#1674,.F.);
#1109=ORIENTED_EDGE('',*,*,#1679,.F.);
#1110=ORIENTED_EDGE('',*,*,#1656,.F.);
#1111=ORIENTED_EDGE('',*,*,#1678,.F.);
#1112=ORIENTED_EDGE('',*,*,#1683,.T.);
#1113=ORIENTED_EDGE('',*,*,#1671,.F.);
#1114=ORIENTED_EDGE('',*,*,#1616,.F.);
#1115=ORIENTED_EDGE('',*,*,#1684,.T.);
#1116=ORIENTED_EDGE('',*,*,#1672,.T.);
#1117=ORIENTED_EDGE('',*,*,#1683,.F.);
#1118=ORIENTED_EDGE('',*,*,#1677,.T.);
#1119=ORIENTED_EDGE('',*,*,#1685,.F.);
#1120=ORIENTED_EDGE('',*,*,#1686,.T.);
#1121=ORIENTED_EDGE('',*,*,#1626,.T.);
#1122=ORIENTED_EDGE('',*,*,#1622,.F.);
#1123=ORIENTED_EDGE('',*,*,#1676,.T.);
#1124=ORIENTED_EDGE('',*,*,#1675,.F.);
#1125=ORIENTED_EDGE('',*,*,#1654,.T.);
#1126=ORIENTED_EDGE('',*,*,#1687,.T.);
#1127=ORIENTED_EDGE('',*,*,#1688,.T.);
#1128=ORIENTED_EDGE('',*,*,#1689,.T.);
#1129=ORIENTED_EDGE('',*,*,#1685,.T.);
#1130=ORIENTED_EDGE('',*,*,#1648,.F.);
#1131=ORIENTED_EDGE('',*,*,#1690,.T.);
#1132=ORIENTED_EDGE('',*,*,#1632,.T.);
#1133=ORIENTED_EDGE('',*,*,#1691,.T.);
#1134=ORIENTED_EDGE('',*,*,#1646,.F.);
#1135=ORIENTED_EDGE('',*,*,#1692,.T.);
#1136=ORIENTED_EDGE('',*,*,#1634,.T.);
#1137=ORIENTED_EDGE('',*,*,#1693,.T.);
#1138=ORIENTED_EDGE('',*,*,#1667,.T.);
#1139=ORIENTED_EDGE('',*,*,#1694,.T.);
#1140=ORIENTED_EDGE('',*,*,#1636,.F.);
#1141=ORIENTED_EDGE('',*,*,#1695,.T.);
#1142=ORIENTED_EDGE('',*,*,#1638,.F.);
#1143=ORIENTED_EDGE('',*,*,#1696,.T.);
#1144=ORIENTED_EDGE('',*,*,#1665,.T.);
#1145=ORIENTED_EDGE('',*,*,#1697,.T.);
#1146=ORIENTED_EDGE('',*,*,#1698,.T.);
#1147=ORIENTED_EDGE('',*,*,#1699,.T.);
#1148=ORIENTED_EDGE('',*,*,#1642,.F.);
#1149=ORIENTED_EDGE('',*,*,#1700,.T.);
#1150=ORIENTED_EDGE('',*,*,#1662,.F.);
#1151=ORIENTED_EDGE('',*,*,#1701,.T.);
#1152=ORIENTED_EDGE('',*,*,#1614,.F.);
#1153=ORIENTED_EDGE('',*,*,#1702,.T.);
#1154=ORIENTED_EDGE('',*,*,#1624,.F.);
#1155=ORIENTED_EDGE('',*,*,#1703,.T.);
#1156=ORIENTED_EDGE('',*,*,#1644,.F.);
#1157=ORIENTED_EDGE('',*,*,#1704,.T.);
#1158=ORIENTED_EDGE('',*,*,#1628,.F.);
#1159=ORIENTED_EDGE('',*,*,#1705,.T.);
#1160=ORIENTED_EDGE('',*,*,#1688,.F.);
#1161=ORIENTED_EDGE('',*,*,#1706,.T.);
#1162=ORIENTED_EDGE('',*,*,#1669,.F.);
#1163=ORIENTED_EDGE('',*,*,#1707,.T.);
#1164=ORIENTED_EDGE('',*,*,#1649,.F.);
#1165=ORIENTED_EDGE('',*,*,#1691,.F.);
#1166=ORIENTED_EDGE('',*,*,#1631,.F.);
#1167=ORIENTED_EDGE('',*,*,#1658,.F.);
#1168=ORIENTED_EDGE('',*,*,#1647,.F.);
#1169=ORIENTED_EDGE('',*,*,#1693,.F.);
#1170=ORIENTED_EDGE('',*,*,#1633,.F.);
#1171=ORIENTED_EDGE('',*,*,#1690,.F.);
#1172=ORIENTED_EDGE('',*,*,#1698,.F.);
#1173=ORIENTED_EDGE('',*,*,#1699,.F.);
#1174=ORIENTED_EDGE('',*,*,#1651,.F.);
#1175=ORIENTED_EDGE('',*,*,#1657,.F.);
#1176=ORIENTED_EDGE('',*,*,#1629,.F.);
#1177=ORIENTED_EDGE('',*,*,#1704,.F.);
#1178=ORIENTED_EDGE('',*,*,#1689,.F.);
#1179=ORIENTED_EDGE('',*,*,#1705,.F.);
#1180=ORIENTED_EDGE('',*,*,#1627,.F.);
#1181=ORIENTED_EDGE('',*,*,#1686,.F.);
#1182=ORIENTED_EDGE('',*,*,#1687,.F.);
#1183=ORIENTED_EDGE('',*,*,#1653,.F.);
#1184=ORIENTED_EDGE('',*,*,#1670,.F.);
#1185=ORIENTED_EDGE('',*,*,#1706,.F.);
#1186=ORIENTED_EDGE('',*,*,#1643,.F.);
#1187=ORIENTED_EDGE('',*,*,#1707,.F.);
#1188=ORIENTED_EDGE('',*,*,#1668,.F.);
#1189=ORIENTED_EDGE('',*,*,#1695,.F.);
#1190=ORIENTED_EDGE('',*,*,#1645,.F.);
#1191=ORIENTED_EDGE('',*,*,#1703,.F.);
#1192=ORIENTED_EDGE('',*,*,#1635,.F.);
#1193=ORIENTED_EDGE('',*,*,#1692,.F.);
#1194=ORIENTED_EDGE('',*,*,#1613,.F.);
#1195=ORIENTED_EDGE('',*,*,#1618,.F.);
#1196=ORIENTED_EDGE('',*,*,#1625,.F.);
#1197=ORIENTED_EDGE('',*,*,#1702,.F.);
#1198=ORIENTED_EDGE('',*,*,#1615,.F.);
#1199=ORIENTED_EDGE('',*,*,#1701,.F.);
#1200=ORIENTED_EDGE('',*,*,#1673,.F.);
#1201=ORIENTED_EDGE('',*,*,#1684,.F.);
#1202=ORIENTED_EDGE('',*,*,#1641,.F.);
#1203=ORIENTED_EDGE('',*,*,#1661,.F.);
#1204=ORIENTED_EDGE('',*,*,#1663,.F.);
#1205=ORIENTED_EDGE('',*,*,#1700,.F.);
#1206=ORIENTED_EDGE('',*,*,#1639,.F.);
#1207=ORIENTED_EDGE('',*,*,#1697,.F.);
#1208=ORIENTED_EDGE('',*,*,#1664,.F.);
#1209=ORIENTED_EDGE('',*,*,#1659,.F.);
#1210=ORIENTED_EDGE('',*,*,#1637,.F.);
#1211=ORIENTED_EDGE('',*,*,#1694,.F.);
#1212=ORIENTED_EDGE('',*,*,#1666,.F.);
#1213=ORIENTED_EDGE('',*,*,#1696,.F.);
#1214=EDGE_CURVE('',#1708,#1709,#2041,.T.);
#1215=EDGE_CURVE('',#1710,#1709,#2042,.T.);
#1216=EDGE_CURVE('',#1711,#1710,#2043,.T.);
#1217=EDGE_CURVE('',#1711,#1708,#2044,.T.);
#1218=EDGE_CURVE('',#1709,#1712,#2045,.T.);
#1219=EDGE_CURVE('',#1713,#1712,#2046,.T.);
#1220=EDGE_CURVE('',#1710,#1713,#2047,.T.);
#1221=EDGE_CURVE('',#1712,#1714,#2048,.T.);
#1222=EDGE_CURVE('',#1715,#1714,#2049,.T.);
#1223=EDGE_CURVE('',#1713,#1715,#2050,.T.);
#1224=EDGE_CURVE('',#1714,#1708,#2051,.T.);
#1225=EDGE_CURVE('',#1715,#1711,#2052,.T.);
#1226=EDGE_CURVE('',#1716,#1717,#2053,.T.);
#1227=EDGE_CURVE('',#1718,#1717,#2054,.T.);
#1228=EDGE_CURVE('',#1719,#1718,#2055,.T.);
#1229=EDGE_CURVE('',#1719,#1716,#2056,.T.);
#1230=EDGE_CURVE('',#1717,#1720,#2057,.T.);
#1231=EDGE_CURVE('',#1721,#1720,#2058,.T.);
#1232=EDGE_CURVE('',#1718,#1721,#2059,.T.);
#1233=EDGE_CURVE('',#1720,#1722,#2060,.T.);
#1234=EDGE_CURVE('',#1723,#1722,#2061,.T.);
#1235=EDGE_CURVE('',#1721,#1723,#2062,.T.);
#1236=EDGE_CURVE('',#1722,#1716,#2063,.T.);
#1237=EDGE_CURVE('',#1723,#1719,#2064,.T.);
#1238=EDGE_CURVE('',#1724,#1725,#2065,.T.);
#1239=EDGE_CURVE('',#1726,#1725,#2066,.T.);
#1240=EDGE_CURVE('',#1727,#1726,#2067,.T.);
#1241=EDGE_CURVE('',#1727,#1724,#2068,.T.);
#1242=EDGE_CURVE('',#1725,#1728,#2069,.T.);
#1243=EDGE_CURVE('',#1729,#1728,#2070,.T.);
#1244=EDGE_CURVE('',#1726,#1729,#2071,.T.);
#1245=EDGE_CURVE('',#1728,#1730,#2072,.T.);
#1246=EDGE_CURVE('',#1731,#1730,#2073,.T.);
#1247=EDGE_CURVE('',#1729,#1731,#2074,.T.);
#1248=EDGE_CURVE('',#1730,#1724,#2075,.T.);
#1249=EDGE_CURVE('',#1731,#1727,#2076,.T.);
#1250=EDGE_CURVE('',#1732,#1733,#2077,.T.);
#1251=EDGE_CURVE('',#1733,#1734,#2078,.T.);
#1252=EDGE_CURVE('',#1734,#1735,#2079,.T.);
#1253=EDGE_CURVE('',#1732,#1735,#2080,.T.);
#1254=EDGE_CURVE('',#1736,#1732,#83,.T.);
#1255=EDGE_CURVE('',#1735,#1737,#84,.T.);
#1256=EDGE_CURVE('',#1736,#1737,#2081,.T.);
#1257=EDGE_CURVE('',#1738,#1736,#2082,.T.);
#1258=EDGE_CURVE('',#1737,#1739,#2083,.T.);
#1259=EDGE_CURVE('',#1738,#1739,#2084,.T.);
#1260=EDGE_CURVE('',#1740,#1740,#85,.F.);
#1261=EDGE_CURVE('',#1741,#1741,#86,.T.);
#1262=EDGE_CURVE('',#1742,#1742,#87,.F.);
#1263=EDGE_CURVE('',#1743,#1743,#78,.F.);
#1264=EDGE_CURVE('',#1744,#1744,#88,.T.);
#1265=EDGE_CURVE('',#1745,#1745,#89,.T.);
#1266=EDGE_CURVE('',#1746,#1747,#2085,.T.);
#1267=EDGE_CURVE('',#1748,#1747,#2086,.T.);
#1268=EDGE_CURVE('',#1749,#1748,#2087,.T.);
#1269=EDGE_CURVE('',#1749,#1746,#2088,.T.);
#1270=EDGE_CURVE('',#1750,#1751,#2089,.T.);
#1271=EDGE_CURVE('',#1752,#1751,#2090,.T.);
#1272=EDGE_CURVE('',#1753,#1752,#2091,.T.);
#1273=EDGE_CURVE('',#1753,#1750,#2092,.T.);
#1274=EDGE_CURVE('',#1752,#1749,#2093,.T.);
#1275=EDGE_CURVE('',#1748,#1753,#2094,.T.);
#1276=EDGE_CURVE('',#1754,#1755,#2095,.T.);
#1277=EDGE_CURVE('',#1756,#1754,#2096,.T.);
#1278=EDGE_CURVE('',#1756,#1757,#2097,.T.);
#1279=EDGE_CURVE('',#1757,#1755,#2098,.T.);
#1280=EDGE_CURVE('',#1755,#1738,#2099,.T.);
#1281=EDGE_CURVE('',#1757,#1746,#2100,.T.);
#1282=EDGE_CURVE('',#1751,#1758,#2101,.T.);
#1283=EDGE_CURVE('',#1758,#1759,#2102,.T.);
#1284=EDGE_CURVE('',#1733,#1759,#2103,.T.);
#1285=EDGE_CURVE('',#1759,#1760,#2104,.T.);
#1286=EDGE_CURVE('',#1758,#1761,#2105,.T.);
#1287=EDGE_CURVE('',#1761,#1760,#2106,.T.);
#1288=EDGE_CURVE('',#1760,#1754,#2107,.T.);
#1289=EDGE_CURVE('',#1761,#1750,#2108,.T.);
#1290=EDGE_CURVE('',#1747,#1756,#2109,.T.);
#1291=EDGE_CURVE('',#1762,#1763,#2110,.T.);
#1292=EDGE_CURVE('',#1763,#1764,#2111,.T.);
#1293=EDGE_CURVE('',#1764,#1765,#2112,.T.);
#1294=EDGE_CURVE('',#1762,#1765,#2113,.T.);
#1295=EDGE_CURVE('',#1766,#1762,#90,.T.);
#1296=EDGE_CURVE('',#1765,#1767,#91,.T.);
#1297=EDGE_CURVE('',#1766,#1767,#2114,.T.);
#1298=EDGE_CURVE('',#1768,#1766,#2115,.T.);
#1299=EDGE_CURVE('',#1767,#1769,#2116,.T.);
#1300=EDGE_CURVE('',#1768,#1769,#2117,.T.);
#1301=EDGE_CURVE('',#1770,#1770,#92,.F.);
#1302=EDGE_CURVE('',#1771,#1771,#93,.T.);
#1303=EDGE_CURVE('',#1772,#1772,#94,.F.);
#1304=EDGE_CURVE('',#1773,#1773,#79,.F.);
#1305=EDGE_CURVE('',#1774,#1774,#95,.T.);
#1306=EDGE_CURVE('',#1775,#1775,#96,.T.);
#1307=EDGE_CURVE('',#1776,#1777,#2118,.T.);
#1308=EDGE_CURVE('',#1778,#1777,#2119,.T.);
#1309=EDGE_CURVE('',#1779,#1778,#2120,.T.);
#1310=EDGE_CURVE('',#1779,#1776,#2121,.T.);
#1311=EDGE_CURVE('',#1780,#1781,#2122,.T.);
#1312=EDGE_CURVE('',#1782,#1781,#2123,.T.);
#1313=EDGE_CURVE('',#1783,#1782,#2124,.T.);
#1314=EDGE_CURVE('',#1783,#1780,#2125,.T.);
#1315=EDGE_CURVE('',#1782,#1779,#2126,.T.);
#1316=EDGE_CURVE('',#1778,#1783,#2127,.T.);
#1317=EDGE_CURVE('',#1784,#1785,#2128,.T.);
#1318=EDGE_CURVE('',#1786,#1784,#2129,.T.);
#1319=EDGE_CURVE('',#1786,#1787,#2130,.T.);
#1320=EDGE_CURVE('',#1787,#1785,#2131,.T.);
#1321=EDGE_CURVE('',#1785,#1768,#2132,.T.);
#1322=EDGE_CURVE('',#1787,#1776,#2133,.T.);
#1323=EDGE_CURVE('',#1781,#1788,#2134,.T.);
#1324=EDGE_CURVE('',#1788,#1789,#2135,.T.);
#1325=EDGE_CURVE('',#1763,#1789,#2136,.T.);
#1326=EDGE_CURVE('',#1789,#1790,#2137,.T.);
#1327=EDGE_CURVE('',#1788,#1791,#2138,.T.);
#1328=EDGE_CURVE('',#1791,#1790,#2139,.T.);
#1329=EDGE_CURVE('',#1790,#1784,#2140,.T.);
#1330=EDGE_CURVE('',#1791,#1780,#2141,.T.);
#1331=EDGE_CURVE('',#1777,#1786,#2142,.T.);
#1332=EDGE_CURVE('',#1792,#1793,#2143,.T.);
#1333=EDGE_CURVE('',#1793,#1794,#2144,.T.);
#1334=EDGE_CURVE('',#1794,#1795,#2145,.T.);
#1335=EDGE_CURVE('',#1792,#1795,#2146,.T.);
#1336=EDGE_CURVE('',#1796,#1792,#97,.T.);
#1337=EDGE_CURVE('',#1795,#1797,#98,.T.);
#1338=EDGE_CURVE('',#1796,#1797,#2147,.T.);
#1339=EDGE_CURVE('',#1798,#1796,#2148,.T.);
#1340=EDGE_CURVE('',#1797,#1799,#2149,.T.);
#1341=EDGE_CURVE('',#1798,#1799,#2150,.T.);
#1342=EDGE_CURVE('',#1800,#1800,#99,.F.);
#1343=EDGE_CURVE('',#1801,#1801,#100,.T.);
#1344=EDGE_CURVE('',#1802,#1802,#101,.F.);
#1345=EDGE_CURVE('',#1803,#1803,#80,.F.);
#1346=EDGE_CURVE('',#1804,#1804,#102,.T.);
#1347=EDGE_CURVE('',#1805,#1805,#103,.T.);
#1348=EDGE_CURVE('',#1806,#1807,#2151,.T.);
#1349=EDGE_CURVE('',#1808,#1807,#2152,.T.);
#1350=EDGE_CURVE('',#1809,#1808,#2153,.T.);
#1351=EDGE_CURVE('',#1809,#1806,#2154,.T.);
#1352=EDGE_CURVE('',#1810,#1811,#2155,.T.);
#1353=EDGE_CURVE('',#1812,#1811,#2156,.T.);
#1354=EDGE_CURVE('',#1813,#1812,#2157,.T.);
#1355=EDGE_CURVE('',#1813,#1810,#2158,.T.);
#1356=EDGE_CURVE('',#1812,#1809,#2159,.T.);
#1357=EDGE_CURVE('',#1808,#1813,#2160,.T.);
#1358=EDGE_CURVE('',#1814,#1815,#2161,.T.);
#1359=EDGE_CURVE('',#1816,#1814,#2162,.T.);
#1360=EDGE_CURVE('',#1816,#1817,#2163,.T.);
#1361=EDGE_CURVE('',#1817,#1815,#2164,.T.);
#1362=EDGE_CURVE('',#1815,#1798,#2165,.T.);
#1363=EDGE_CURVE('',#1817,#1806,#2166,.T.);
#1364=EDGE_CURVE('',#1811,#1818,#2167,.T.);
#1365=EDGE_CURVE('',#1818,#1819,#2168,.T.);
#1366=EDGE_CURVE('',#1793,#1819,#2169,.T.);
#1367=EDGE_CURVE('',#1819,#1820,#2170,.T.);
#1368=EDGE_CURVE('',#1818,#1821,#2171,.T.);
#1369=EDGE_CURVE('',#1821,#1820,#2172,.T.);
#1370=EDGE_CURVE('',#1820,#1814,#2173,.T.);
#1371=EDGE_CURVE('',#1821,#1810,#2174,.T.);
#1372=EDGE_CURVE('',#1807,#1816,#2175,.T.);
#1373=EDGE_CURVE('',#1822,#1823,#2176,.T.);
#1374=EDGE_CURVE('',#1823,#1824,#2177,.T.);
#1375=EDGE_CURVE('',#1824,#1825,#2178,.T.);
#1376=EDGE_CURVE('',#1822,#1825,#2179,.T.);
#1377=EDGE_CURVE('',#1826,#1822,#104,.T.);
#1378=EDGE_CURVE('',#1825,#1827,#105,.T.);
#1379=EDGE_CURVE('',#1826,#1827,#2180,.T.);
#1380=EDGE_CURVE('',#1828,#1826,#2181,.T.);
#1381=EDGE_CURVE('',#1827,#1829,#2182,.T.);
#1382=EDGE_CURVE('',#1828,#1829,#2183,.T.);
#1383=EDGE_CURVE('',#1830,#1830,#106,.F.);
#1384=EDGE_CURVE('',#1831,#1831,#107,.T.);
#1385=EDGE_CURVE('',#1832,#1832,#108,.F.);
#1386=EDGE_CURVE('',#1833,#1833,#81,.F.);
#1387=EDGE_CURVE('',#1834,#1834,#109,.T.);
#1388=EDGE_CURVE('',#1835,#1835,#110,.T.);
#1389=EDGE_CURVE('',#1836,#1837,#2184,.T.);
#1390=EDGE_CURVE('',#1838,#1837,#2185,.T.);
#1391=EDGE_CURVE('',#1839,#1838,#2186,.T.);
#1392=EDGE_CURVE('',#1839,#1836,#2187,.T.);
#1393=EDGE_CURVE('',#1840,#1841,#2188,.T.);
#1394=EDGE_CURVE('',#1842,#1841,#2189,.T.);
#1395=EDGE_CURVE('',#1843,#1842,#2190,.T.);
#1396=EDGE_CURVE('',#1843,#1840,#2191,.T.);
#1397=EDGE_CURVE('',#1842,#1839,#2192,.T.);
#1398=EDGE_CURVE('',#1838,#1843,#2193,.T.);
#1399=EDGE_CURVE('',#1844,#1845,#2194,.T.);
#1400=EDGE_CURVE('',#1846,#1844,#2195,.T.);
#1401=EDGE_CURVE('',#1846,#1847,#2196,.T.);
#1402=EDGE_CURVE('',#1847,#1845,#2197,.T.);
#1403=EDGE_CURVE('',#1845,#1828,#2198,.T.);
#1404=EDGE_CURVE('',#1847,#1836,#2199,.T.);
#1405=EDGE_CURVE('',#1841,#1848,#2200,.T.);
#1406=EDGE_CURVE('',#1848,#1849,#2201,.T.);
#1407=EDGE_CURVE('',#1823,#1849,#2202,.T.);
#1408=EDGE_CURVE('',#1849,#1850,#2203,.T.);
#1409=EDGE_CURVE('',#1848,#1851,#2204,.T.);
#1410=EDGE_CURVE('',#1851,#1850,#2205,.T.);
#1411=EDGE_CURVE('',#1850,#1844,#2206,.T.);
#1412=EDGE_CURVE('',#1851,#1840,#2207,.T.);
#1413=EDGE_CURVE('',#1837,#1846,#2208,.T.);
#1414=EDGE_CURVE('',#1852,#1853,#2209,.T.);
#1415=EDGE_CURVE('',#1854,#1852,#2210,.T.);
#1416=EDGE_CURVE('',#1854,#1855,#2211,.T.);
#1417=EDGE_CURVE('',#1855,#1856,#2212,.T.);
#1418=EDGE_CURVE('',#1857,#1856,#2213,.T.);
#1419=EDGE_CURVE('',#1858,#1857,#2214,.T.);
#1420=EDGE_CURVE('',#1859,#1858,#2215,.T.);
#1421=EDGE_CURVE('',#1859,#1860,#2216,.T.);
#1422=EDGE_CURVE('',#1860,#1861,#2217,.T.);
#1423=EDGE_CURVE('',#1861,#1853,#2218,.T.);
#1424=EDGE_CURVE('',#1773,#1743,#2219,.T.);
#1425=EDGE_CURVE('',#1743,#1862,#2220,.T.);
#1426=EDGE_CURVE('',#1862,#1863,#2221,.T.);
#1427=EDGE_CURVE('',#1860,#1863,#2222,.T.);
#1428=EDGE_CURVE('',#1859,#1864,#2223,.T.);
#1429=EDGE_CURVE('',#1864,#1864,#82,.F.);
#1430=EDGE_CURVE('',#1864,#1833,#2224,.T.);
#1431=EDGE_CURVE('',#1833,#1803,#2225,.T.);
#1432=EDGE_CURVE('',#1803,#1773,#2226,.T.);
#1433=EDGE_CURVE('',#1865,#1866,#2227,.T.);
#1434=EDGE_CURVE('',#1867,#1865,#2228,.T.);
#1435=EDGE_CURVE('',#1868,#1867,#2229,.T.);
#1436=EDGE_CURVE('',#1866,#1868,#2230,.T.);
#1437=EDGE_CURVE('',#1869,#1870,#2231,.T.);
#1438=EDGE_CURVE('',#1871,#1869,#2232,.T.);
#1439=EDGE_CURVE('',#1872,#1871,#2233,.T.);
#1440=EDGE_CURVE('',#1870,#1872,#2234,.T.);
#1441=EDGE_CURVE('',#1769,#1734,#2235,.T.);
#1442=EDGE_CURVE('',#1739,#1873,#2236,.T.);
#1443=EDGE_CURVE('',#1874,#1873,#2237,.T.);
#1444=EDGE_CURVE('',#1857,#1874,#2238,.T.);
#1445=EDGE_CURVE('',#1856,#1875,#2239,.T.);
#1446=EDGE_CURVE('',#1876,#1875,#2240,.T.);
#1447=EDGE_CURVE('',#1876,#1877,#2241,.T.);
#1448=EDGE_CURVE('',#1877,#1878,#2242,.T.);
#1449=EDGE_CURVE('',#1878,#1879,#2243,.T.);
#1450=EDGE_CURVE('',#1879,#1880,#2244,.T.);
#1451=EDGE_CURVE('',#1880,#1881,#2245,.T.);
#1452=EDGE_CURVE('',#1881,#1882,#2246,.T.);
#1453=EDGE_CURVE('',#1882,#1824,#2247,.T.);
#1454=EDGE_CURVE('',#1829,#1794,#2248,.T.);
#1455=EDGE_CURVE('',#1799,#1764,#2249,.T.);
#1456=EDGE_CURVE('',#1873,#1883,#2250,.T.);
#1457=EDGE_CURVE('',#1884,#1883,#2251,.T.);
#1458=EDGE_CURVE('',#1884,#1885,#2252,.T.);
#1459=EDGE_CURVE('',#1885,#1886,#2253,.T.);
#1460=EDGE_CURVE('',#1886,#1887,#2254,.T.);
#1461=EDGE_CURVE('',#1863,#1887,#2255,.T.);
#1462=EDGE_CURVE('',#1888,#1862,#2256,.T.);
#1463=EDGE_CURVE('',#1888,#1874,#2257,.T.);
#1464=EDGE_CURVE('',#1887,#1861,#2258,.T.);
#1465=EDGE_CURVE('',#1889,#1890,#2259,.T.);
#1466=EDGE_CURVE('',#1891,#1889,#2260,.T.);
#1467=EDGE_CURVE('',#1892,#1891,#2261,.T.);
#1468=EDGE_CURVE('',#1890,#1892,#2262,.T.);
#1469=EDGE_CURVE('',#1893,#1893,#111,.T.);
#1470=EDGE_CURVE('',#1858,#1888,#2263,.T.);
#1471=EDGE_CURVE('',#1894,#1882,#2264,.T.);
#1472=EDGE_CURVE('',#1895,#1894,#112,.T.);
#1473=EDGE_CURVE('',#1875,#1895,#2265,.T.);
#1474=EDGE_CURVE('',#1896,#1855,#2266,.T.);
#1475=EDGE_CURVE('',#1897,#1896,#2267,.T.);
#1476=EDGE_CURVE('',#1853,#1897,#2268,.T.);
#1477=EDGE_CURVE('',#1898,#1886,#2269,.T.);
#1478=EDGE_CURVE('',#1899,#1898,#2270,.T.);
#1479=EDGE_CURVE('',#1883,#1899,#2271,.T.);
#1480=EDGE_CURVE('',#1868,#1879,#2272,.T.);
#1481=EDGE_CURVE('',#1867,#1880,#2273,.T.);
#1482=EDGE_CURVE('',#1900,#1876,#2274,.T.);
#1483=EDGE_CURVE('',#1901,#1900,#113,.T.);
#1484=EDGE_CURVE('',#1881,#1901,#2275,.T.);
#1485=EDGE_CURVE('',#1902,#1865,#2276,.T.);
#1486=EDGE_CURVE('',#1903,#1902,#2277,.T.);
#1487=EDGE_CURVE('',#1903,#1870,#2278,.T.);
#1488=EDGE_CURVE('',#1872,#1877,#2279,.T.);
#1489=EDGE_CURVE('',#1871,#1878,#2280,.T.);
#1490=EDGE_CURVE('',#1904,#1904,#114,.F.);
#1491=EDGE_CURVE('',#1905,#1905,#115,.F.);
#1492=EDGE_CURVE('',#1906,#1869,#2281,.T.);
#1493=EDGE_CURVE('',#1907,#1906,#2282,.T.);
#1494=EDGE_CURVE('',#1907,#1866,#2283,.T.);
#1495=EDGE_CURVE('',#1902,#1907,#2284,.T.);
#1496=EDGE_CURVE('',#1906,#1903,#2285,.T.);
#1497=EDGE_CURVE('',#1908,#1908,#116,.T.);
#1498=EDGE_CURVE('',#1909,#1909,#117,.T.);
#1499=EDGE_CURVE('',#1910,#1854,#2286,.T.);
#1500=EDGE_CURVE('',#1852,#1911,#2287,.T.);
#1501=EDGE_CURVE('',#1911,#1910,#2288,.T.);
#1502=EDGE_CURVE('',#1911,#1897,#2289,.T.);
#1503=EDGE_CURVE('',#1910,#1896,#2290,.T.);
#1504=EDGE_CURVE('',#1912,#1899,#2291,.T.);
#1505=EDGE_CURVE('',#1884,#1912,#2292,.T.);
#1506=EDGE_CURVE('',#1913,#1898,#2293,.T.);
#1507=EDGE_CURVE('',#1912,#1913,#2294,.T.);
#1508=EDGE_CURVE('',#1913,#1885,#2295,.T.);
#1509=EDGE_CURVE('',#1900,#1895,#2296,.T.);
#1510=EDGE_CURVE('',#1901,#1894,#2297,.T.);
#1511=EDGE_CURVE('',#1914,#1890,#2298,.T.);
#1512=EDGE_CURVE('',#1915,#1914,#2299,.T.);
#1513=EDGE_CURVE('',#1915,#1889,#2300,.T.);
#1514=EDGE_CURVE('',#1916,#1892,#2301,.T.);
#1515=EDGE_CURVE('',#1914,#1916,#2302,.T.);
#1516=EDGE_CURVE('',#1917,#1891,#2303,.T.);
#1517=EDGE_CURVE('',#1916,#1917,#2304,.T.);
#1518=EDGE_CURVE('',#1917,#1915,#2305,.T.);
#1519=EDGE_CURVE('',#1918,#1918,#25,.T.);
#1520=EDGE_CURVE('',#1919,#1919,#118,.T.);
#1521=EDGE_CURVE('',#1920,#1920,#119,.F.);
#1522=EDGE_CURVE('',#1921,#1922,#2306,.T.);
#1523=EDGE_CURVE('',#1923,#1922,#2307,.T.);
#1524=EDGE_CURVE('',#1924,#1923,#2308,.T.);
#1525=EDGE_CURVE('',#1924,#1921,#2309,.T.);
#1526=EDGE_CURVE('',#1925,#1926,#2310,.T.);
#1527=EDGE_CURVE('',#1923,#1925,#2311,.T.);
#1528=EDGE_CURVE('',#1922,#1926,#2312,.T.);
#1529=EDGE_CURVE('',#1926,#1927,#2313,.T.);
#1530=EDGE_CURVE('',#1928,#1927,#2314,.F.);
#1531=EDGE_CURVE('',#1925,#1928,#2315,.T.);
#1532=EDGE_CURVE('',#1927,#1921,#2316,.T.);
#1533=EDGE_CURVE('',#1928,#1924,#2317,.T.);
#1534=EDGE_CURVE('',#1929,#1929,#120,.T.);
#1535=EDGE_CURVE('',#1930,#1930,#121,.T.);
#1536=EDGE_CURVE('',#1931,#1931,#122,.T.);
#1537=EDGE_CURVE('',#1932,#1933,#2318,.T.);
#1538=EDGE_CURVE('',#1934,#1932,#2319,.T.);
#1539=EDGE_CURVE('',#1935,#1934,#2320,.T.);
#1540=EDGE_CURVE('',#1935,#1933,#2321,.T.);
#1541=EDGE_CURVE('',#1936,#1937,#2322,.T.);
#1542=EDGE_CURVE('',#1936,#1938,#2323,.T.);
#1543=EDGE_CURVE('',#1938,#1939,#2324,.T.);
#1544=EDGE_CURVE('',#1937,#1939,#2325,.T.);
#1545=EDGE_CURVE('',#1940,#1940,#123,.F.);
#1546=EDGE_CURVE('',#1941,#1941,#124,.T.);
#1547=EDGE_CURVE('',#1942,#1943,#2326,.T.);
#1548=EDGE_CURVE('',#1942,#1944,#2327,.T.);
#1549=EDGE_CURVE('',#1944,#1945,#2328,.T.);
#1550=EDGE_CURVE('',#1945,#1943,#2329,.T.);
#1551=EDGE_CURVE('',#1938,#1946,#2330,.T.);
#1552=EDGE_CURVE('',#1946,#1933,#2331,.T.);
#1553=EDGE_CURVE('',#1945,#1935,#2332,.T.);
#1554=EDGE_CURVE('',#1944,#1947,#2333,.T.);
#1555=EDGE_CURVE('',#1939,#1947,#2334,.T.);
#1556=EDGE_CURVE('',#1936,#1948,#2335,.F.);
#1557=EDGE_CURVE('',#1937,#1949,#2336,.F.);
#1558=EDGE_CURVE('',#1942,#1949,#2337,.T.);
#1559=EDGE_CURVE('',#1943,#1934,#2338,.T.);
#1560=EDGE_CURVE('',#1948,#1932,#2339,.T.);
#1561=EDGE_CURVE('',#1943,#1950,#125,.T.);
#1562=EDGE_CURVE('',#1951,#1950,#2340,.T.);
#1563=EDGE_CURVE('',#1934,#1951,#126,.T.);
#1564=EDGE_CURVE('',#1945,#1952,#127,.T.);
#1565=EDGE_CURVE('',#1952,#1950,#2341,.F.);
#1566=EDGE_CURVE('',#1935,#1953,#128,.T.);
#1567=EDGE_CURVE('',#1953,#1952,#2342,.T.);
#1568=EDGE_CURVE('',#1953,#1951,#2343,.T.);
#1569=EDGE_CURVE('',#1954,#1955,#2344,.T.);
#1570=EDGE_CURVE('',#1953,#1954,#2345,.T.);
#1571=EDGE_CURVE('',#1951,#1955,#2346,.T.);
#1572=EDGE_CURVE('',#1950,#1956,#2347,.T.);
#1573=EDGE_CURVE('',#1952,#1957,#2348,.T.);
#1574=EDGE_CURVE('',#1957,#1956,#2349,.F.);
#1575=EDGE_CURVE('',#1956,#1955,#2350,.T.);
#1576=EDGE_CURVE('',#1957,#1954,#2351,.T.);
#1577=EDGE_CURVE('',#1955,#1958,#129,.T.);
#1578=EDGE_CURVE('',#1956,#1959,#130,.T.);
#1579=EDGE_CURVE('',#1958,#1959,#2352,.T.);
#1580=EDGE_CURVE('',#1958,#1960,#2353,.F.);
#1581=EDGE_CURVE('',#1954,#1960,#131,.T.);
#1582=EDGE_CURVE('',#1960,#1961,#2354,.T.);
#1583=EDGE_CURVE('',#1957,#1961,#132,.T.);
#1584=EDGE_CURVE('',#1959,#1961,#2355,.T.);
#1585=EDGE_CURVE('',#1962,#1959,#2356,.T.);
#1586=EDGE_CURVE('',#1962,#1963,#2357,.T.);
#1587=EDGE_CURVE('',#1963,#1958,#2358,.T.);
#1588=EDGE_CURVE('',#1964,#1961,#2359,.F.);
#1589=EDGE_CURVE('',#1962,#1964,#2360,.T.);
#1590=EDGE_CURVE('',#1965,#1960,#2361,.F.);
#1591=EDGE_CURVE('',#1964,#1965,#2362,.T.);
#1592=EDGE_CURVE('',#1965,#1963,#2363,.T.);
#1593=EDGE_CURVE('',#1963,#1966,#133,.T.);
#1594=EDGE_CURVE('',#1962,#1967,#134,.T.);
#1595=EDGE_CURVE('',#1966,#1967,#2364,.T.);
#1596=EDGE_CURVE('',#1968,#1966,#2365,.T.);
#1597=EDGE_CURVE('',#1965,#1968,#135,.T.);
#1598=EDGE_CURVE('',#1968,#1969,#2366,.T.);
#1599=EDGE_CURVE('',#1964,#1969,#136,.T.);
#1600=EDGE_CURVE('',#1967,#1969,#2367,.T.);
#1601=EDGE_CURVE('',#1970,#1971,#2368,.T.);
#1602=EDGE_CURVE('',#1971,#1972,#2369,.T.);
#1603=EDGE_CURVE('',#1973,#1972,#2370,.T.);
#1604=EDGE_CURVE('',#1970,#1973,#2371,.T.);
#1605=EDGE_CURVE('',#1969,#1972,#2372,.T.);
#1606=EDGE_CURVE('',#1968,#1973,#2373,.T.);
#1607=EDGE_CURVE('',#1967,#1971,#2374,.F.);
#1608=EDGE_CURVE('',#1966,#1970,#2375,.F.);
#1609=EDGE_CURVE('',#1949,#1947,#2376,.T.);
#1610=EDGE_CURVE('',#1948,#1946,#2377,.T.);
#1611=EDGE_CURVE('',#1974,#1975,#137,.F.);
#1612=EDGE_CURVE('',#1974,#1976,#2378,.T.);
#1613=EDGE_CURVE('',#1976,#1977,#138,.F.);
#1614=EDGE_CURVE('',#1977,#1978,#139,.T.);
#1615=EDGE_CURVE('',#1978,#1979,#140,.F.);
#1616=EDGE_CURVE('',#1979,#1975,#2379,.T.);
#1617=EDGE_CURVE('',#1980,#1981,#2380,.T.);
#1618=EDGE_CURVE('',#1981,#1976,#2381,.T.);
#1619=EDGE_CURVE('',#1982,#1974,#26,.T.);
#1620=EDGE_CURVE('',#1982,#1980,#27,.T.);
#1621=EDGE_CURVE('',#1983,#1982,#141,.T.);
#1622=EDGE_CURVE('',#1983,#1984,#28,.T.);
#1623=EDGE_CURVE('',#1980,#1984,#142,.F.);
#1624=EDGE_CURVE('',#1985,#1986,#143,.T.);
#1625=EDGE_CURVE('',#1986,#1981,#144,.F.);
#1626=EDGE_CURVE('',#1987,#1984,#2382,.T.);
#1627=EDGE_CURVE('',#1987,#1988,#145,.F.);
#1628=EDGE_CURVE('',#1988,#1989,#146,.T.);
#1629=EDGE_CURVE('',#1989,#1990,#147,.F.);
#1630=EDGE_CURVE('',#1991,#1990,#2383,.T.);
#1631=EDGE_CURVE('',#1991,#1992,#148,.T.);
#1632=EDGE_CURVE('',#1993,#1992,#2384,.T.);
#1633=EDGE_CURVE('',#1993,#1994,#149,.T.);
#1634=EDGE_CURVE('',#1995,#1994,#2385,.T.);
#1635=EDGE_CURVE('',#1995,#1985,#150,.F.);
#1636=EDGE_CURVE('',#1996,#1997,#2386,.T.);
#1637=EDGE_CURVE('',#1997,#1998,#151,.T.);
#1638=EDGE_CURVE('',#1998,#1999,#2387,.T.);
#1639=EDGE_CURVE('',#1999,#2000,#152,.T.);
#1640=EDGE_CURVE('',#2000,#2001,#2388,.T.);
#1641=EDGE_CURVE('',#2001,#2002,#153,.F.);
#1642=EDGE_CURVE('',#2002,#2003,#154,.T.);
#1643=EDGE_CURVE('',#2003,#1996,#155,.F.);
#1644=EDGE_CURVE('',#2004,#2005,#156,.T.);
#1645=EDGE_CURVE('',#2005,#2006,#157,.F.);
#1646=EDGE_CURVE('',#2006,#2007,#2389,.T.);
#1647=EDGE_CURVE('',#2007,#2008,#158,.T.);
#1648=EDGE_CURVE('',#2008,#2009,#2390,.T.);
#1649=EDGE_CURVE('',#2009,#2010,#159,.T.);
#1650=EDGE_CURVE('',#2010,#2011,#2391,.T.);
#1651=EDGE_CURVE('',#2011,#2004,#160,.F.);
#1652=EDGE_CURVE('',#2012,#2013,#2392,.T.);
#1653=EDGE_CURVE('',#2013,#2014,#2393,.T.);
#1654=EDGE_CURVE('',#2015,#2014,#2394,.T.);
#1655=EDGE_CURVE('',#2015,#2016,#29,.T.);
#1656=EDGE_CURVE('',#2016,#2012,#30,.T.);
#1657=EDGE_CURVE('',#1990,#2011,#2395,.T.);
#1658=EDGE_CURVE('',#2010,#1991,#2396,.T.);
#1659=EDGE_CURVE('',#2000,#2017,#2397,.T.);
#1660=EDGE_CURVE('',#2017,#2018,#2398,.T.);
#1661=EDGE_CURVE('',#2018,#2001,#2399,.T.);
#1662=EDGE_CURVE('',#2019,#2020,#161,.T.);
#1663=EDGE_CURVE('',#2020,#2018,#162,.F.);
#1664=EDGE_CURVE('',#2017,#2021,#163,.T.);
#1665=EDGE_CURVE('',#2022,#2021,#2400,.T.);
#1666=EDGE_CURVE('',#2022,#2023,#164,.T.);
#1667=EDGE_CURVE('',#2024,#2023,#2401,.T.);
#1668=EDGE_CURVE('',#2024,#2025,#165,.F.);
#1669=EDGE_CURVE('',#2025,#2026,#166,.T.);
#1670=EDGE_CURVE('',#2026,#2013,#167,.F.);
#1671=EDGE_CURVE('',#2012,#2027,#168,.F.);
#1672=EDGE_CURVE('',#2028,#2027,#2402,.T.);
#1673=EDGE_CURVE('',#2028,#2019,#169,.F.);
#1674=EDGE_CURVE('',#2029,#2029,#170,.T.);
#1675=EDGE_CURVE('',#2015,#2030,#171,.F.);
#1676=EDGE_CURVE('',#1983,#2030,#31,.T.);
#1677=EDGE_CURVE('',#2031,#1975,#32,.T.);
#1678=EDGE_CURVE('',#2031,#2016,#172,.T.);
#1679=EDGE_CURVE('',#2032,#2032,#173,.T.);
#1680=EDGE_CURVE('',#2033,#2033,#174,.T.);
#1681=EDGE_CURVE('',#2034,#2034,#175,.T.);
#1682=EDGE_CURVE('',#2035,#2035,#176,.F.);
#1683=EDGE_CURVE('',#2031,#2027,#33,.T.);
#1684=EDGE_CURVE('',#1979,#2028,#2403,.F.);
#1685=EDGE_CURVE('',#2036,#2030,#2404,.T.);
#1686=EDGE_CURVE('',#2036,#1987,#2405,.F.);
#1687=EDGE_CURVE('',#2014,#2037,#177,.F.);
#1688=EDGE_CURVE('',#2037,#2038,#178,.T.);
#1689=EDGE_CURVE('',#2038,#2036,#179,.F.);
#1690=EDGE_CURVE('',#2008,#1993,#2406,.T.);
#1691=EDGE_CURVE('',#1992,#2009,#2407,.F.);
#1692=EDGE_CURVE('',#2006,#1995,#2408,.F.);
#1693=EDGE_CURVE('',#1994,#2007,#2409,.F.);
#1694=EDGE_CURVE('',#2023,#1997,#2410,.F.);
#1695=EDGE_CURVE('',#1996,#2024,#2411,.F.);
#1696=EDGE_CURVE('',#1998,#2022,#2412,.T.);
#1697=EDGE_CURVE('',#2021,#1999,#2413,.F.);
#1698=EDGE_CURVE('',#2039,#2039,#180,.F.);
#1699=EDGE_CURVE('',#2040,#2040,#181,.T.);
#1700=EDGE_CURVE('',#2002,#2020,#2414,.T.);
#1701=EDGE_CURVE('',#2019,#1978,#2415,.F.);
#1702=EDGE_CURVE('',#1977,#1986,#2416,.T.);
#1703=EDGE_CURVE('',#1985,#2005,#2417,.F.);
#1704=EDGE_CURVE('',#2004,#1989,#2418,.T.);
#1705=EDGE_CURVE('',#1988,#2038,#2419,.F.);
#1706=EDGE_CURVE('',#2037,#2026,#2420,.T.);
#1707=EDGE_CURVE('',#2025,#2003,#2421,.F.);
#1708=VERTEX_POINT('',#5042);
#1709=VERTEX_POINT('',#5043);
#1710=VERTEX_POINT('',#5045);
#1711=VERTEX_POINT('',#5047);
#1712=VERTEX_POINT('',#5051);
#1713=VERTEX_POINT('',#5053);
#1714=VERTEX_POINT('',#5057);
#1715=VERTEX_POINT('',#5059);
#1716=VERTEX_POINT('',#5067);
#1717=VERTEX_POINT('',#5068);
#1718=VERTEX_POINT('',#5070);
#1719=VERTEX_POINT('',#5072);
#1720=VERTEX_POINT('',#5076);
#1721=VERTEX_POINT('',#5078);
#1722=VERTEX_POINT('',#5082);
#1723=VERTEX_POINT('',#5084);
#1724=VERTEX_POINT('',#5092);
#1725=VERTEX_POINT('',#5093);
#1726=VERTEX_POINT('',#5095);
#1727=VERTEX_POINT('',#5097);
#1728=VERTEX_POINT('',#5101);
#1729=VERTEX_POINT('',#5103);
#1730=VERTEX_POINT('',#5107);
#1731=VERTEX_POINT('',#5109);
#1732=VERTEX_POINT('',#5117);
#1733=VERTEX_POINT('',#5118);
#1734=VERTEX_POINT('',#5120);
#1735=VERTEX_POINT('',#5122);
#1736=VERTEX_POINT('',#5126);
#1737=VERTEX_POINT('',#5128);
#1738=VERTEX_POINT('',#5132);
#1739=VERTEX_POINT('',#5134);
#1740=VERTEX_POINT('',#5138);
#1741=VERTEX_POINT('',#5140);
#1742=VERTEX_POINT('',#5143);
#1743=VERTEX_POINT('',#5145);
#1744=VERTEX_POINT('',#5148);
#1745=VERTEX_POINT('',#5150);
#1746=VERTEX_POINT('',#5154);
#1747=VERTEX_POINT('',#5155);
#1748=VERTEX_POINT('',#5157);
#1749=VERTEX_POINT('',#5159);
#1750=VERTEX_POINT('',#5163);
#1751=VERTEX_POINT('',#5164);
#1752=VERTEX_POINT('',#5166);
#1753=VERTEX_POINT('',#5168);
#1754=VERTEX_POINT('',#5175);
#1755=VERTEX_POINT('',#5176);
#1756=VERTEX_POINT('',#5178);
#1757=VERTEX_POINT('',#5180);
#1758=VERTEX_POINT('',#5186);
#1759=VERTEX_POINT('',#5188);
#1760=VERTEX_POINT('',#5192);
#1761=VERTEX_POINT('',#5194);
#1762=VERTEX_POINT('',#5204);
#1763=VERTEX_POINT('',#5205);
#1764=VERTEX_POINT('',#5207);
#1765=VERTEX_POINT('',#5209);
#1766=VERTEX_POINT('',#5213);
#1767=VERTEX_POINT('',#5215);
#1768=VERTEX_POINT('',#5219);
#1769=VERTEX_POINT('',#5221);
#1770=VERTEX_POINT('',#5225);
#1771=VERTEX_POINT('',#5227);
#1772=VERTEX_POINT('',#5230);
#1773=VERTEX_POINT('',#5232);
#1774=VERTEX_POINT('',#5235);
#1775=VERTEX_POINT('',#5237);
#1776=VERTEX_POINT('',#5241);
#1777=VERTEX_POINT('',#5242);
#1778=VERTEX_POINT('',#5244);
#1779=VERTEX_POINT('',#5246);
#1780=VERTEX_POINT('',#5250);
#1781=VERTEX_POINT('',#5251);
#1782=VERTEX_POINT('',#5253);
#1783=VERTEX_POINT('',#5255);
#1784=VERTEX_POINT('',#5262);
#1785=VERTEX_POINT('',#5263);
#1786=VERTEX_POINT('',#5265);
#1787=VERTEX_POINT('',#5267);
#1788=VERTEX_POINT('',#5273);
#1789=VERTEX_POINT('',#5275);
#1790=VERTEX_POINT('',#5279);
#1791=VERTEX_POINT('',#5281);
#1792=VERTEX_POINT('',#5291);
#1793=VERTEX_POINT('',#5292);
#1794=VERTEX_POINT('',#5294);
#1795=VERTEX_POINT('',#5296);
#1796=VERTEX_POINT('',#5300);
#1797=VERTEX_POINT('',#5302);
#1798=VERTEX_POINT('',#5306);
#1799=VERTEX_POINT('',#5308);
#1800=VERTEX_POINT('',#5312);
#1801=VERTEX_POINT('',#5314);
#1802=VERTEX_POINT('',#5317);
#1803=VERTEX_POINT('',#5319);
#1804=VERTEX_POINT('',#5322);
#1805=VERTEX_POINT('',#5324);
#1806=VERTEX_POINT('',#5328);
#1807=VERTEX_POINT('',#5329);
#1808=VERTEX_POINT('',#5331);
#1809=VERTEX_POINT('',#5333);
#1810=VERTEX_POINT('',#5337);
#1811=VERTEX_POINT('',#5338);
#1812=VERTEX_POINT('',#5340);
#1813=VERTEX_POINT('',#5342);
#1814=VERTEX_POINT('',#5349);
#1815=VERTEX_POINT('',#5350);
#1816=VERTEX_POINT('',#5352);
#1817=VERTEX_POINT('',#5354);
#1818=VERTEX_POINT('',#5360);
#1819=VERTEX_POINT('',#5362);
#1820=VERTEX_POINT('',#5366);
#1821=VERTEX_POINT('',#5368);
#1822=VERTEX_POINT('',#5378);
#1823=VERTEX_POINT('',#5379);
#1824=VERTEX_POINT('',#5381);
#1825=VERTEX_POINT('',#5383);
#1826=VERTEX_POINT('',#5387);
#1827=VERTEX_POINT('',#5389);
#1828=VERTEX_POINT('',#5393);
#1829=VERTEX_POINT('',#5395);
#1830=VERTEX_POINT('',#5399);
#1831=VERTEX_POINT('',#5401);
#1832=VERTEX_POINT('',#5404);
#1833=VERTEX_POINT('',#5406);
#1834=VERTEX_POINT('',#5409);
#1835=VERTEX_POINT('',#5411);
#1836=VERTEX_POINT('',#5415);
#1837=VERTEX_POINT('',#5416);
#1838=VERTEX_POINT('',#5418);
#1839=VERTEX_POINT('',#5420);
#1840=VERTEX_POINT('',#5424);
#1841=VERTEX_POINT('',#5425);
#1842=VERTEX_POINT('',#5427);
#1843=VERTEX_POINT('',#5429);
#1844=VERTEX_POINT('',#5436);
#1845=VERTEX_POINT('',#5437);
#1846=VERTEX_POINT('',#5439);
#1847=VERTEX_POINT('',#5441);
#1848=VERTEX_POINT('',#5447);
#1849=VERTEX_POINT('',#5449);
#1850=VERTEX_POINT('',#5453);
#1851=VERTEX_POINT('',#5455);
#1852=VERTEX_POINT('',#5465);
#1853=VERTEX_POINT('',#5466);
#1854=VERTEX_POINT('',#5468);
#1855=VERTEX_POINT('',#5470);
#1856=VERTEX_POINT('',#5472);
#1857=VERTEX_POINT('',#5474);
#1858=VERTEX_POINT('',#5476);
#1859=VERTEX_POINT('',#5478);
#1860=VERTEX_POINT('',#5480);
#1861=VERTEX_POINT('',#5482);
#1862=VERTEX_POINT('',#5487);
#1863=VERTEX_POINT('',#5489);
#1864=VERTEX_POINT('',#5492);
#1865=VERTEX_POINT('',#5499);
#1866=VERTEX_POINT('',#5500);
#1867=VERTEX_POINT('',#5502);
#1868=VERTEX_POINT('',#5504);
#1869=VERTEX_POINT('',#5508);
#1870=VERTEX_POINT('',#5509);
#1871=VERTEX_POINT('',#5511);
#1872=VERTEX_POINT('',#5513);
#1873=VERTEX_POINT('',#5518);
#1874=VERTEX_POINT('',#5520);
#1875=VERTEX_POINT('',#5523);
#1876=VERTEX_POINT('',#5525);
#1877=VERTEX_POINT('',#5527);
#1878=VERTEX_POINT('',#5529);
#1879=VERTEX_POINT('',#5531);
#1880=VERTEX_POINT('',#5533);
#1881=VERTEX_POINT('',#5535);
#1882=VERTEX_POINT('',#5537);
#1883=VERTEX_POINT('',#5543);
#1884=VERTEX_POINT('',#5545);
#1885=VERTEX_POINT('',#5547);
#1886=VERTEX_POINT('',#5549);
#1887=VERTEX_POINT('',#5551);
#1888=VERTEX_POINT('',#5554);
#1889=VERTEX_POINT('',#5560);
#1890=VERTEX_POINT('',#5561);
#1891=VERTEX_POINT('',#5563);
#1892=VERTEX_POINT('',#5565);
#1893=VERTEX_POINT('',#5568);
#1894=VERTEX_POINT('',#5572);
#1895=VERTEX_POINT('',#5574);
#1896=VERTEX_POINT('',#5577);
#1897=VERTEX_POINT('',#5579);
#1898=VERTEX_POINT('',#5582);
#1899=VERTEX_POINT('',#5584);
#1900=VERTEX_POINT('',#5592);
#1901=VERTEX_POINT('',#5594);
#1902=VERTEX_POINT('',#5597);
#1903=VERTEX_POINT('',#5599);
#1904=VERTEX_POINT('',#5606);
#1905=VERTEX_POINT('',#5608);
#1906=VERTEX_POINT('',#5610);
#1907=VERTEX_POINT('',#5612);
#1908=VERTEX_POINT('',#5621);
#1909=VERTEX_POINT('',#5624);
#1910=VERTEX_POINT('',#5629);
#1911=VERTEX_POINT('',#5631);
#1912=VERTEX_POINT('',#5640);
#1913=VERTEX_POINT('',#5644);
#1914=VERTEX_POINT('',#5656);
#1915=VERTEX_POINT('',#5658);
#1916=VERTEX_POINT('',#5662);
#1917=VERTEX_POINT('',#5666);
#1918=VERTEX_POINT('',#5684);
#1919=VERTEX_POINT('',#5686);
#1920=VERTEX_POINT('',#5688);
#1921=VERTEX_POINT('',#5691);
#1922=VERTEX_POINT('',#5692);
#1923=VERTEX_POINT('',#5694);
#1924=VERTEX_POINT('',#5696);
#1925=VERTEX_POINT('',#5700);
#1926=VERTEX_POINT('',#5701);
#1927=VERTEX_POINT('',#5706);
#1928=VERTEX_POINT('',#5708);
#1929=VERTEX_POINT('',#5715);
#1930=VERTEX_POINT('',#5718);
#1931=VERTEX_POINT('',#5721);
#1932=VERTEX_POINT('',#5727);
#1933=VERTEX_POINT('',#5728);
#1934=VERTEX_POINT('',#5730);
#1935=VERTEX_POINT('',#5732);
#1936=VERTEX_POINT('',#5736);
#1937=VERTEX_POINT('',#5737);
#1938=VERTEX_POINT('',#5739);
#1939=VERTEX_POINT('',#5741);
#1940=VERTEX_POINT('',#5745);
#1941=VERTEX_POINT('',#5747);
#1942=VERTEX_POINT('',#5750);
#1943=VERTEX_POINT('',#5751);
#1944=VERTEX_POINT('',#5753);
#1945=VERTEX_POINT('',#5755);
#1946=VERTEX_POINT('',#5759);
#1947=VERTEX_POINT('',#5763);
#1948=VERTEX_POINT('',#5767);
#1949=VERTEX_POINT('',#5769);
#1950=VERTEX_POINT('',#5775);
#1951=VERTEX_POINT('',#5777);
#1952=VERTEX_POINT('',#5781);
#1953=VERTEX_POINT('',#5785);
#1954=VERTEX_POINT('',#5791);
#1955=VERTEX_POINT('',#5792);
#1956=VERTEX_POINT('',#5797);
#1957=VERTEX_POINT('',#5799);
#1958=VERTEX_POINT('',#5807);
#1959=VERTEX_POINT('',#5809);
#1960=VERTEX_POINT('',#5813);
#1961=VERTEX_POINT('',#5817);
#1962=VERTEX_POINT('',#5823);
#1963=VERTEX_POINT('',#5825);
#1964=VERTEX_POINT('',#5829);
#1965=VERTEX_POINT('',#5833);
#1966=VERTEX_POINT('',#5839);
#1967=VERTEX_POINT('',#5841);
#1968=VERTEX_POINT('',#5845);
#1969=VERTEX_POINT('',#5849);
#1970=VERTEX_POINT('',#5855);
#1971=VERTEX_POINT('',#5856);
#1972=VERTEX_POINT('',#5858);
#1973=VERTEX_POINT('',#5860);
#1974=VERTEX_POINT('',#5879);
#1975=VERTEX_POINT('',#5880);
#1976=VERTEX_POINT('',#5882);
#1977=VERTEX_POINT('',#5884);
#1978=VERTEX_POINT('',#5886);
#1979=VERTEX_POINT('',#5888);
#1980=VERTEX_POINT('',#5892);
#1981=VERTEX_POINT('',#5893);
#1982=VERTEX_POINT('',#5899);
#1983=VERTEX_POINT('',#5906);
#1984=VERTEX_POINT('',#5911);
#1985=VERTEX_POINT('',#5915);
#1986=VERTEX_POINT('',#5916);
#1987=VERTEX_POINT('',#5919);
#1988=VERTEX_POINT('',#5921);
#1989=VERTEX_POINT('',#5923);
#1990=VERTEX_POINT('',#5925);
#1991=VERTEX_POINT('',#5927);
#1992=VERTEX_POINT('',#5929);
#1993=VERTEX_POINT('',#5931);
#1994=VERTEX_POINT('',#5933);
#1995=VERTEX_POINT('',#5935);
#1996=VERTEX_POINT('',#5939);
#1997=VERTEX_POINT('',#5940);
#1998=VERTEX_POINT('',#5942);
#1999=VERTEX_POINT('',#5944);
#2000=VERTEX_POINT('',#5946);
#2001=VERTEX_POINT('',#5948);
#2002=VERTEX_POINT('',#5950);
#2003=VERTEX_POINT('',#5952);
#2004=VERTEX_POINT('',#5956);
#2005=VERTEX_POINT('',#5957);
#2006=VERTEX_POINT('',#5959);
#2007=VERTEX_POINT('',#5961);
#2008=VERTEX_POINT('',#5963);
#2009=VERTEX_POINT('',#5965);
#2010=VERTEX_POINT('',#5967);
#2011=VERTEX_POINT('',#5969);
#2012=VERTEX_POINT('',#5973);
#2013=VERTEX_POINT('',#5974);
#2014=VERTEX_POINT('',#5976);
#2015=VERTEX_POINT('',#5978);
#2016=VERTEX_POINT('',#5983);
#2017=VERTEX_POINT('',#5993);
#2018=VERTEX_POINT('',#5995);
#2019=VERTEX_POINT('',#5999);
#2020=VERTEX_POINT('',#6000);
#2021=VERTEX_POINT('',#6003);
#2022=VERTEX_POINT('',#6005);
#2023=VERTEX_POINT('',#6007);
#2024=VERTEX_POINT('',#6009);
#2025=VERTEX_POINT('',#6011);
#2026=VERTEX_POINT('',#6013);
#2027=VERTEX_POINT('',#6016);
#2028=VERTEX_POINT('',#6018);
#2029=VERTEX_POINT('',#6022);
#2030=VERTEX_POINT('',#6024);
#2031=VERTEX_POINT('',#6033);
#2032=VERTEX_POINT('',#6037);
#2033=VERTEX_POINT('',#6039);
#2034=VERTEX_POINT('',#6042);
#2035=VERTEX_POINT('',#6045);
#2036=VERTEX_POINT('',#6057);
#2037=VERTEX_POINT('',#6061);
#2038=VERTEX_POINT('',#6063);
#2039=VERTEX_POINT('',#6079);
#2040=VERTEX_POINT('',#6082);
#2041=LINE('',#5041,#2422);
#2042=LINE('',#5044,#2423);
#2043=LINE('',#5046,#2424);
#2044=LINE('',#5048,#2425);
#2045=LINE('',#5050,#2426);
#2046=LINE('',#5052,#2427);
#2047=LINE('',#5054,#2428);
#2048=LINE('',#5056,#2429);
#2049=LINE('',#5058,#2430);
#2050=LINE('',#5060,#2431);
#2051=LINE('',#5062,#2432);
#2052=LINE('',#5063,#2433);
#2053=LINE('',#5066,#2434);
#2054=LINE('',#5069,#2435);
#2055=LINE('',#5071,#2436);
#2056=LINE('',#5073,#2437);
#2057=LINE('',#5075,#2438);
#2058=LINE('',#5077,#2439);
#2059=LINE('',#5079,#2440);
#2060=LINE('',#5081,#2441);
#2061=LINE('',#5083,#2442);
#2062=LINE('',#5085,#2443);
#2063=LINE('',#5087,#2444);
#2064=LINE('',#5088,#2445);
#2065=LINE('',#5091,#2446);
#2066=LINE('',#5094,#2447);
#2067=LINE('',#5096,#2448);
#2068=LINE('',#5098,#2449);
#2069=LINE('',#5100,#2450);
#2070=LINE('',#5102,#2451);
#2071=LINE('',#5104,#2452);
#2072=LINE('',#5106,#2453);
#2073=LINE('',#5108,#2454);
#2074=LINE('',#5110,#2455);
#2075=LINE('',#5112,#2456);
#2076=LINE('',#5113,#2457);
#2077=LINE('',#5116,#2458);
#2078=LINE('',#5119,#2459);
#2079=LINE('',#5121,#2460);
#2080=LINE('',#5123,#2461);
#2081=LINE('',#5129,#2462);
#2082=LINE('',#5131,#2463);
#2083=LINE('',#5133,#2464);
#2084=LINE('',#5135,#2465);
#2085=LINE('',#5153,#2466);
#2086=LINE('',#5156,#2467);
#2087=LINE('',#5158,#2468);
#2088=LINE('',#5160,#2469);
#2089=LINE('',#5162,#2470);
#2090=LINE('',#5165,#2471);
#2091=LINE('',#5167,#2472);
#2092=LINE('',#5169,#2473);
#2093=LINE('',#5171,#2474);
#2094=LINE('',#5172,#2475);
#2095=LINE('',#5174,#2476);
#2096=LINE('',#5177,#2477);
#2097=LINE('',#5179,#2478);
#2098=LINE('',#5181,#2479);
#2099=LINE('',#5183,#2480);
#2100=LINE('',#5184,#2481);
#2101=LINE('',#5185,#2482);
#2102=LINE('',#5187,#2483);
#2103=LINE('',#5189,#2484);
#2104=LINE('',#5191,#2485);
#2105=LINE('',#5193,#2486);
#2106=LINE('',#5195,#2487);
#2107=LINE('',#5197,#2488);
#2108=LINE('',#5198,#2489);
#2109=LINE('',#5199,#2490);
#2110=LINE('',#5203,#2491);
#2111=LINE('',#5206,#2492);
#2112=LINE('',#5208,#2493);
#2113=LINE('',#5210,#2494);
#2114=LINE('',#5216,#2495);
#2115=LINE('',#5218,#2496);
#2116=LINE('',#5220,#2497);
#2117=LINE('',#5222,#2498);
#2118=LINE('',#5240,#2499);
#2119=LINE('',#5243,#2500);
#2120=LINE('',#5245,#2501);
#2121=LINE('',#5247,#2502);
#2122=LINE('',#5249,#2503);
#2123=LINE('',#5252,#2504);
#2124=LINE('',#5254,#2505);
#2125=LINE('',#5256,#2506);
#2126=LINE('',#5258,#2507);
#2127=LINE('',#5259,#2508);
#2128=LINE('',#5261,#2509);
#2129=LINE('',#5264,#2510);
#2130=LINE('',#5266,#2511);
#2131=LINE('',#5268,#2512);
#2132=LINE('',#5270,#2513);
#2133=LINE('',#5271,#2514);
#2134=LINE('',#5272,#2515);
#2135=LINE('',#5274,#2516);
#2136=LINE('',#5276,#2517);
#2137=LINE('',#5278,#2518);
#2138=LINE('',#5280,#2519);
#2139=LINE('',#5282,#2520);
#2140=LINE('',#5284,#2521);
#2141=LINE('',#5285,#2522);
#2142=LINE('',#5286,#2523);
#2143=LINE('',#5290,#2524);
#2144=LINE('',#5293,#2525);
#2145=LINE('',#5295,#2526);
#2146=LINE('',#5297,#2527);
#2147=LINE('',#5303,#2528);
#2148=LINE('',#5305,#2529);
#2149=LINE('',#5307,#2530);
#2150=LINE('',#5309,#2531);
#2151=LINE('',#5327,#2532);
#2152=LINE('',#5330,#2533);
#2153=LINE('',#5332,#2534);
#2154=LINE('',#5334,#2535);
#2155=LINE('',#5336,#2536);
#2156=LINE('',#5339,#2537);
#2157=LINE('',#5341,#2538);
#2158=LINE('',#5343,#2539);
#2159=LINE('',#5345,#2540);
#2160=LINE('',#5346,#2541);
#2161=LINE('',#5348,#2542);
#2162=LINE('',#5351,#2543);
#2163=LINE('',#5353,#2544);
#2164=LINE('',#5355,#2545);
#2165=LINE('',#5357,#2546);
#2166=LINE('',#5358,#2547);
#2167=LINE('',#5359,#2548);
#2168=LINE('',#5361,#2549);
#2169=LINE('',#5363,#2550);
#2170=LINE('',#5365,#2551);
#2171=LINE('',#5367,#2552);
#2172=LINE('',#5369,#2553);
#2173=LINE('',#5371,#2554);
#2174=LINE('',#5372,#2555);
#2175=LINE('',#5373,#2556);
#2176=LINE('',#5377,#2557);
#2177=LINE('',#5380,#2558);
#2178=LINE('',#5382,#2559);
#2179=LINE('',#5384,#2560);
#2180=LINE('',#5390,#2561);
#2181=LINE('',#5392,#2562);
#2182=LINE('',#5394,#2563);
#2183=LINE('',#5396,#2564);
#2184=LINE('',#5414,#2565);
#2185=LINE('',#5417,#2566);
#2186=LINE('',#5419,#2567);
#2187=LINE('',#5421,#2568);
#2188=LINE('',#5423,#2569);
#2189=LINE('',#5426,#2570);
#2190=LINE('',#5428,#2571);
#2191=LINE('',#5430,#2572);
#2192=LINE('',#5432,#2573);
#2193=LINE('',#5433,#2574);
#2194=LINE('',#5435,#2575);
#2195=LINE('',#5438,#2576);
#2196=LINE('',#5440,#2577);
#2197=LINE('',#5442,#2578);
#2198=LINE('',#5444,#2579);
#2199=LINE('',#5445,#2580);
#2200=LINE('',#5446,#2581);
#2201=LINE('',#5448,#2582);
#2202=LINE('',#5450,#2583);
#2203=LINE('',#5452,#2584);
#2204=LINE('',#5454,#2585);
#2205=LINE('',#5456,#2586);
#2206=LINE('',#5458,#2587);
#2207=LINE('',#5459,#2588);
#2208=LINE('',#5460,#2589);
#2209=LINE('',#5464,#2590);
#2210=LINE('',#5467,#2591);
#2211=LINE('',#5469,#2592);
#2212=LINE('',#5471,#2593);
#2213=LINE('',#5473,#2594);
#2214=LINE('',#5475,#2595);
#2215=LINE('',#5477,#2596);
#2216=LINE('',#5479,#2597);
#2217=LINE('',#5481,#2598);
#2218=LINE('',#5483,#2599);
#2219=LINE('',#5485,#2600);
#2220=LINE('',#5486,#2601);
#2221=LINE('',#5488,#2602);
#2222=LINE('',#5490,#2603);
#2223=LINE('',#5491,#2604);
#2224=LINE('',#5494,#2605);
#2225=LINE('',#5495,#2606);
#2226=LINE('',#5496,#2607);
#2227=LINE('',#5498,#2608);
#2228=LINE('',#5501,#2609);
#2229=LINE('',#5503,#2610);
#2230=LINE('',#5505,#2611);
#2231=LINE('',#5507,#2612);
#2232=LINE('',#5510,#2613);
#2233=LINE('',#5512,#2614);
#2234=LINE('',#5514,#2615);
#2235=LINE('',#5516,#2616);
#2236=LINE('',#5517,#2617);
#2237=LINE('',#5519,#2618);
#2238=LINE('',#5521,#2619);
#2239=LINE('',#5522,#2620);
#2240=LINE('',#5524,#2621);
#2241=LINE('',#5526,#2622);
#2242=LINE('',#5528,#2623);
#2243=LINE('',#5530,#2624);
#2244=LINE('',#5532,#2625);
#2245=LINE('',#5534,#2626);
#2246=LINE('',#5536,#2627);
#2247=LINE('',#5538,#2628);
#2248=LINE('',#5539,#2629);
#2249=LINE('',#5540,#2630);
#2250=LINE('',#5542,#2631);
#2251=LINE('',#5544,#2632);
#2252=LINE('',#5546,#2633);
#2253=LINE('',#5548,#2634);
#2254=LINE('',#5550,#2635);
#2255=LINE('',#5552,#2636);
#2256=LINE('',#5553,#2637);
#2257=LINE('',#5555,#2638);
#2258=LINE('',#5557,#2639);
#2259=LINE('',#5559,#2640);
#2260=LINE('',#5562,#2641);
#2261=LINE('',#5564,#2642);
#2262=LINE('',#5566,#2643);
#2263=LINE('',#5569,#2644);
#2264=LINE('',#5571,#2645);
#2265=LINE('',#5575,#2646);
#2266=LINE('',#5576,#2647);
#2267=LINE('',#5578,#2648);
#2268=LINE('',#5580,#2649);
#2269=LINE('',#5581,#2650);
#2270=LINE('',#5583,#2651);
#2271=LINE('',#5585,#2652);
#2272=LINE('',#5588,#2653);
#2273=LINE('',#5589,#2654);
#2274=LINE('',#5591,#2655);
#2275=LINE('',#5595,#2656);
#2276=LINE('',#5596,#2657);
#2277=LINE('',#5598,#2658);
#2278=LINE('',#5600,#2659);
#2279=LINE('',#5601,#2660);
#2280=LINE('',#5603,#2661);
#2281=LINE('',#5609,#2662);
#2282=LINE('',#5611,#2663);
#2283=LINE('',#5613,#2664);
#2284=LINE('',#5615,#2665);
#2285=LINE('',#5617,#2666);
#2286=LINE('',#5628,#2667);
#2287=LINE('',#5630,#2668);
#2288=LINE('',#5632,#2669);
#2289=LINE('',#5634,#2670);
#2290=LINE('',#5636,#2671);
#2291=LINE('',#5639,#2672);
#2292=LINE('',#5641,#2673);
#2293=LINE('',#5643,#2674);
#2294=LINE('',#5645,#2675);
#2295=LINE('',#5647,#2676);
#2296=LINE('',#5650,#2677);
#2297=LINE('',#5652,#2678);
#2298=LINE('',#5655,#2679);
#2299=LINE('',#5657,#2680);
#2300=LINE('',#5659,#2681);
#2301=LINE('',#5661,#2682);
#2302=LINE('',#5663,#2683);
#2303=LINE('',#5665,#2684);
#2304=LINE('',#5667,#2685);
#2305=LINE('',#5669,#2686);
#2306=LINE('',#5690,#2687);
#2307=LINE('',#5693,#2688);
#2308=LINE('',#5695,#2689);
#2309=LINE('',#5697,#2690);
#2310=LINE('',#5699,#2691);
#2311=LINE('',#5702,#2692);
#2312=LINE('',#5703,#2693);
#2313=LINE('',#5705,#2694);
#2314=LINE('',#5707,#2695);
#2315=LINE('',#5709,#2696);
#2316=LINE('',#5711,#2697);
#2317=LINE('',#5712,#2698);
#2318=LINE('',#5726,#2699);
#2319=LINE('',#5729,#2700);
#2320=LINE('',#5731,#2701);
#2321=LINE('',#5733,#2702);
#2322=LINE('',#5735,#2703);
#2323=LINE('',#5738,#2704);
#2324=LINE('',#5740,#2705);
#2325=LINE('',#5742,#2706);
#2326=LINE('',#5749,#2707);
#2327=LINE('',#5752,#2708);
#2328=LINE('',#5754,#2709);
#2329=LINE('',#5756,#2710);
#2330=LINE('',#5758,#2711);
#2331=LINE('',#5760,#2712);
#2332=LINE('',#5761,#2713);
#2333=LINE('',#5762,#2714);
#2334=LINE('',#5764,#2715);
#2335=LINE('',#5766,#2716);
#2336=LINE('',#5768,#2717);
#2337=LINE('',#5770,#2718);
#2338=LINE('',#5771,#2719);
#2339=LINE('',#5772,#2720);
#2340=LINE('',#5776,#2721);
#2341=LINE('',#5782,#2722);
#2342=LINE('',#5786,#2723);
#2343=LINE('',#5788,#2724);
#2344=LINE('',#5790,#2725);
#2345=LINE('',#5793,#2726);
#2346=LINE('',#5794,#2727);
#2347=LINE('',#5796,#2728);
#2348=LINE('',#5798,#2729);
#2349=LINE('',#5800,#2730);
#2350=LINE('',#5802,#2731);
#2351=LINE('',#5804,#2732);
#2352=LINE('',#5810,#2733);
#2353=LINE('',#5812,#2734);
#2354=LINE('',#5816,#2735);
#2355=LINE('',#5820,#2736);
#2356=LINE('',#5822,#2737);
#2357=LINE('',#5824,#2738);
#2358=LINE('',#5826,#2739);
#2359=LINE('',#5828,#2740);
#2360=LINE('',#5830,#2741);
#2361=LINE('',#5832,#2742);
#2362=LINE('',#5834,#2743);
#2363=LINE('',#5836,#2744);
#2364=LINE('',#5842,#2745);
#2365=LINE('',#5844,#2746);
#2366=LINE('',#5848,#2747);
#2367=LINE('',#5852,#2748);
#2368=LINE('',#5854,#2749);
#2369=LINE('',#5857,#2750);
#2370=LINE('',#5859,#2751);
#2371=LINE('',#5861,#2752);
#2372=LINE('',#5863,#2753);
#2373=LINE('',#5864,#2754);
#2374=LINE('',#5866,#2755);
#2375=LINE('',#5867,#2756);
#2376=LINE('',#5871,#2757);
#2377=LINE('',#5874,#2758);
#2378=LINE('',#5881,#2759);
#2379=LINE('',#5889,#2760);
#2380=LINE('',#5891,#2761);
#2381=LINE('',#5894,#2762);
#2382=LINE('',#5918,#2763);
#2383=LINE('',#5926,#2764);
#2384=LINE('',#5930,#2765);
#2385=LINE('',#5934,#2766);
#2386=LINE('',#5938,#2767);
#2387=LINE('',#5943,#2768);
#2388=LINE('',#5947,#2769);
#2389=LINE('',#5960,#2770);
#2390=LINE('',#5964,#2771);
#2391=LINE('',#5968,#2772);
#2392=LINE('',#5972,#2773);
#2393=LINE('',#5975,#2774);
#2394=LINE('',#5977,#2775);
#2395=LINE('',#5989,#2776);
#2396=LINE('',#5990,#2777);
#2397=LINE('',#5992,#2778);
#2398=LINE('',#5994,#2779);
#2399=LINE('',#5996,#2780);
#2400=LINE('',#6004,#2781);
#2401=LINE('',#6008,#2782);
#2402=LINE('',#6017,#2783);
#2403=LINE('',#6054,#2784);
#2404=LINE('',#6056,#2785);
#2405=LINE('',#6058,#2786);
#2406=LINE('',#6066,#2787);
#2407=LINE('',#6067,#2788);
#2408=LINE('',#6069,#2789);
#2409=LINE('',#6070,#2790);
#2410=LINE('',#6072,#2791);
#2411=LINE('',#6073,#2792);
#2412=LINE('',#6075,#2793);
#2413=LINE('',#6076,#2794);
#2414=LINE('',#6083,#2795);
#2415=LINE('',#6084,#2796);
#2416=LINE('',#6085,#2797);
#2417=LINE('',#6086,#2798);
#2418=LINE('',#6087,#2799);
#2419=LINE('',#6088,#2800);
#2420=LINE('',#6089,#2801);
#2421=LINE('',#6090,#2802);
#2422=VECTOR('',#4034,1000.);
#2423=VECTOR('',#4035,1000.);
#2424=VECTOR('',#4036,1000.);
#2425=VECTOR('',#4037,1000.);
#2426=VECTOR('',#4040,1000.);
#2427=VECTOR('',#4041,1000.);
#2428=VECTOR('',#4042,1000.);
#2429=VECTOR('',#4045,1000.);
#2430=VECTOR('',#4046,1000.);
#2431=VECTOR('',#4047,1000.);
#2432=VECTOR('',#4050,1000.);
#2433=VECTOR('',#4051,1000.);
#2434=VECTOR('',#4056,1000.);
#2435=VECTOR('',#4057,1000.);
#2436=VECTOR('',#4058,1000.);
#2437=VECTOR('',#4059,1000.);
#2438=VECTOR('',#4062,1000.);
#2439=VECTOR('',#4063,1000.);
#2440=VECTOR('',#4064,1000.);
#2441=VECTOR('',#4067,1000.);
#2442=VECTOR('',#4068,1000.);
#2443=VECTOR('',#4069,1000.);
#2444=VECTOR('',#4072,1000.);
#2445=VECTOR('',#4073,1000.);
#2446=VECTOR('',#4078,1000.);
#2447=VECTOR('',#4079,1000.);
#2448=VECTOR('',#4080,1000.);
#2449=VECTOR('',#4081,1000.);
#2450=VECTOR('',#4084,1000.);
#2451=VECTOR('',#4085,1000.);
#2452=VECTOR('',#4086,1000.);
#2453=VECTOR('',#4089,1000.);
#2454=VECTOR('',#4090,1000.);
#2455=VECTOR('',#4091,1000.);
#2456=VECTOR('',#4094,1000.);
#2457=VECTOR('',#4095,1000.);
#2458=VECTOR('',#4100,1000.);
#2459=VECTOR('',#4101,1000.);
#2460=VECTOR('',#4102,1000.);
#2461=VECTOR('',#4103,1000.);
#2462=VECTOR('',#4110,1000.);
#2463=VECTOR('',#4113,1000.);
#2464=VECTOR('',#4114,1000.);
#2465=VECTOR('',#4115,1000.);
#2466=VECTOR('',#4138,1000.);
#2467=VECTOR('',#4139,1000.);
#2468=VECTOR('',#4140,1000.);
#2469=VECTOR('',#4141,1000.);
#2470=VECTOR('',#4144,1000.);
#2471=VECTOR('',#4145,1000.);
#2472=VECTOR('',#4146,1000.);
#2473=VECTOR('',#4147,1000.);
#2474=VECTOR('',#4150,1000.);
#2475=VECTOR('',#4151,1000.);
#2476=VECTOR('',#4154,1000.);
#2477=VECTOR('',#4155,1000.);
#2478=VECTOR('',#4156,1000.);
#2479=VECTOR('',#4157,1000.);
#2480=VECTOR('',#4160,1000.);
#2481=VECTOR('',#4161,1000.);
#2482=VECTOR('',#4162,1000.);
#2483=VECTOR('',#4163,1000.);
#2484=VECTOR('',#4164,1000.);
#2485=VECTOR('',#4167,1000.);
#2486=VECTOR('',#4168,1000.);
#2487=VECTOR('',#4169,1000.);
#2488=VECTOR('',#4172,1000.);
#2489=VECTOR('',#4173,1000.);
#2490=VECTOR('',#4174,1000.);
#2491=VECTOR('',#4181,1000.);
#2492=VECTOR('',#4182,1000.);
#2493=VECTOR('',#4183,1000.);
#2494=VECTOR('',#4184,1000.);
#2495=VECTOR('',#4191,1000.);
#2496=VECTOR('',#4194,1000.);
#2497=VECTOR('',#4195,1000.);
#2498=VECTOR('',#4196,1000.);
#2499=VECTOR('',#4219,1000.);
#2500=VECTOR('',#4220,1000.);
#2501=VECTOR('',#4221,1000.);
#2502=VECTOR('',#4222,1000.);
#2503=VECTOR('',#4225,1000.);
#2504=VECTOR('',#4226,1000.);
#2505=VECTOR('',#4227,1000.);
#2506=VECTOR('',#4228,1000.);
#2507=VECTOR('',#4231,1000.);
#2508=VECTOR('',#4232,1000.);
#2509=VECTOR('',#4235,1000.);
#2510=VECTOR('',#4236,1000.);
#2511=VECTOR('',#4237,1000.);
#2512=VECTOR('',#4238,1000.);
#2513=VECTOR('',#4241,1000.);
#2514=VECTOR('',#4242,1000.);
#2515=VECTOR('',#4243,1000.);
#2516=VECTOR('',#4244,1000.);
#2517=VECTOR('',#4245,1000.);
#2518=VECTOR('',#4248,1000.);
#2519=VECTOR('',#4249,1000.);
#2520=VECTOR('',#4250,1000.);
#2521=VECTOR('',#4253,1000.);
#2522=VECTOR('',#4254,1000.);
#2523=VECTOR('',#4255,1000.);
#2524=VECTOR('',#4262,1000.);
#2525=VECTOR('',#4263,1000.);
#2526=VECTOR('',#4264,1000.);
#2527=VECTOR('',#4265,1000.);
#2528=VECTOR('',#4272,1000.);
#2529=VECTOR('',#4275,1000.);
#2530=VECTOR('',#4276,1000.);
#2531=VECTOR('',#4277,1000.);
#2532=VECTOR('',#4300,1000.);
#2533=VECTOR('',#4301,1000.);
#2534=VECTOR('',#4302,1000.);
#2535=VECTOR('',#4303,1000.);
#2536=VECTOR('',#4306,1000.);
#2537=VECTOR('',#4307,1000.);
#2538=VECTOR('',#4308,1000.);
#2539=VECTOR('',#4309,1000.);
#2540=VECTOR('',#4312,1000.);
#2541=VECTOR('',#4313,1000.);
#2542=VECTOR('',#4316,1000.);
#2543=VECTOR('',#4317,1000.);
#2544=VECTOR('',#4318,1000.);
#2545=VECTOR('',#4319,1000.);
#2546=VECTOR('',#4322,1000.);
#2547=VECTOR('',#4323,1000.);
#2548=VECTOR('',#4324,1000.);
#2549=VECTOR('',#4325,1000.);
#2550=VECTOR('',#4326,1000.);
#2551=VECTOR('',#4329,1000.);
#2552=VECTOR('',#4330,1000.);
#2553=VECTOR('',#4331,1000.);
#2554=VECTOR('',#4334,1000.);
#2555=VECTOR('',#4335,1000.);
#2556=VECTOR('',#4336,1000.);
#2557=VECTOR('',#4343,1000.);
#2558=VECTOR('',#4344,1000.);
#2559=VECTOR('',#4345,1000.);
#2560=VECTOR('',#4346,1000.);
#2561=VECTOR('',#4353,1000.);
#2562=VECTOR('',#4356,1000.);
#2563=VECTOR('',#4357,1000.);
#2564=VECTOR('',#4358,1000.);
#2565=VECTOR('',#4381,1000.);
#2566=VECTOR('',#4382,1000.);
#2567=VECTOR('',#4383,1000.);
#2568=VECTOR('',#4384,1000.);
#2569=VECTOR('',#4387,1000.);
#2570=VECTOR('',#4388,1000.);
#2571=VECTOR('',#4389,1000.);
#2572=VECTOR('',#4390,1000.);
#2573=VECTOR('',#4393,1000.);
#2574=VECTOR('',#4394,1000.);
#2575=VECTOR('',#4397,1000.);
#2576=VECTOR('',#4398,1000.);
#2577=VECTOR('',#4399,1000.);
#2578=VECTOR('',#4400,1000.);
#2579=VECTOR('',#4403,1000.);
#2580=VECTOR('',#4404,1000.);
#2581=VECTOR('',#4405,1000.);
#2582=VECTOR('',#4406,1000.);
#2583=VECTOR('',#4407,1000.);
#2584=VECTOR('',#4410,1000.);
#2585=VECTOR('',#4411,1000.);
#2586=VECTOR('',#4412,1000.);
#2587=VECTOR('',#4415,1000.);
#2588=VECTOR('',#4416,1000.);
#2589=VECTOR('',#4417,1000.);
#2590=VECTOR('',#4424,1000.);
#2591=VECTOR('',#4425,1000.);
#2592=VECTOR('',#4426,1000.);
#2593=VECTOR('',#4427,1000.);
#2594=VECTOR('',#4428,1000.);
#2595=VECTOR('',#4429,1000.);
#2596=VECTOR('',#4430,1000.);
#2597=VECTOR('',#4431,1000.);
#2598=VECTOR('',#4432,1000.);
#2599=VECTOR('',#4433,1000.);
#2600=VECTOR('',#4436,1000.);
#2601=VECTOR('',#4437,1000.);
#2602=VECTOR('',#4438,1000.);
#2603=VECTOR('',#4439,1000.);
#2604=VECTOR('',#4440,1000.);
#2605=VECTOR('',#4443,1000.);
#2606=VECTOR('',#4444,1000.);
#2607=VECTOR('',#4445,1000.);
#2608=VECTOR('',#4448,1000.);
#2609=VECTOR('',#4449,1000.);
#2610=VECTOR('',#4450,1000.);
#2611=VECTOR('',#4451,1000.);
#2612=VECTOR('',#4454,1000.);
#2613=VECTOR('',#4455,1000.);
#2614=VECTOR('',#4456,1000.);
#2615=VECTOR('',#4457,1000.);
#2616=VECTOR('',#4460,1000.);
#2617=VECTOR('',#4461,1000.);
#2618=VECTOR('',#4462,1000.);
#2619=VECTOR('',#4463,1000.);
#2620=VECTOR('',#4464,1000.);
#2621=VECTOR('',#4465,1000.);
#2622=VECTOR('',#4466,1000.);
#2623=VECTOR('',#4467,1000.);
#2624=VECTOR('',#4468,1000.);
#2625=VECTOR('',#4469,1000.);
#2626=VECTOR('',#4470,1000.);
#2627=VECTOR('',#4471,1000.);
#2628=VECTOR('',#4472,1000.);
#2629=VECTOR('',#4473,1000.);
#2630=VECTOR('',#4474,1000.);
#2631=VECTOR('',#4477,1000.);
#2632=VECTOR('',#4478,1000.);
#2633=VECTOR('',#4479,1000.);
#2634=VECTOR('',#4480,1000.);
#2635=VECTOR('',#4481,1000.);
#2636=VECTOR('',#4482,1000.);
#2637=VECTOR('',#4483,1000.);
#2638=VECTOR('',#4484,1000.);
#2639=VECTOR('',#4487,1000.);
#2640=VECTOR('',#4490,1000.);
#2641=VECTOR('',#4491,1000.);
#2642=VECTOR('',#4492,1000.);
#2643=VECTOR('',#4493,1000.);
#2644=VECTOR('',#4496,1000.);
#2645=VECTOR('',#4499,1000.);
#2646=VECTOR('',#4502,1000.);
#2647=VECTOR('',#4503,1000.);
#2648=VECTOR('',#4504,1000.);
#2649=VECTOR('',#4505,1000.);
#2650=VECTOR('',#4506,1000.);
#2651=VECTOR('',#4507,1000.);
#2652=VECTOR('',#4508,1000.);
#2653=VECTOR('',#4513,1000.);
#2654=VECTOR('',#4514,1000.);
#2655=VECTOR('',#4517,1000.);
#2656=VECTOR('',#4520,1000.);
#2657=VECTOR('',#4521,1000.);
#2658=VECTOR('',#4522,1000.);
#2659=VECTOR('',#4523,1000.);
#2660=VECTOR('',#4524,1000.);
#2661=VECTOR('',#4527,1000.);
#2662=VECTOR('',#4534,1000.);
#2663=VECTOR('',#4535,1000.);
#2664=VECTOR('',#4536,1000.);
#2665=VECTOR('',#4539,1000.);
#2666=VECTOR('',#4542,1000.);
#2667=VECTOR('',#4559,1000.);
#2668=VECTOR('',#4560,1000.);
#2669=VECTOR('',#4561,1000.);
#2670=VECTOR('',#4564,1000.);
#2671=VECTOR('',#4567,1000.);
#2672=VECTOR('',#4572,1000.);
#2673=VECTOR('',#4573,1000.);
#2674=VECTOR('',#4576,1000.);
#2675=VECTOR('',#4577,1000.);
#2676=VECTOR('',#4580,1000.);
#2677=VECTOR('',#4585,1000.);
#2678=VECTOR('',#4588,1000.);
#2679=VECTOR('',#4593,1000.);
#2680=VECTOR('',#4594,1000.);
#2681=VECTOR('',#4595,1000.);
#2682=VECTOR('',#4598,1000.);
#2683=VECTOR('',#4599,1000.);
#2684=VECTOR('',#4602,1000.);
#2685=VECTOR('',#4603,1000.);
#2686=VECTOR('',#4606,1000.);
#2687=VECTOR('',#4619,1000.);
#2688=VECTOR('',#4620,1000.);
#2689=VECTOR('',#4621,1000.);
#2690=VECTOR('',#4622,1000.);
#2691=VECTOR('',#4625,1000.);
#2692=VECTOR('',#4626,1000.);
#2693=VECTOR('',#4627,1000.);
#2694=VECTOR('',#4630,1000.);
#2695=VECTOR('',#4631,1000.);
#2696=VECTOR('',#4632,1000.);
#2697=VECTOR('',#4635,1000.);
#2698=VECTOR('',#4636,1000.);
#2699=VECTOR('',#4657,1000.);
#2700=VECTOR('',#4658,1000.);
#2701=VECTOR('',#4659,1000.);
#2702=VECTOR('',#4660,1000.);
#2703=VECTOR('',#4663,1000.);
#2704=VECTOR('',#4664,1000.);
#2705=VECTOR('',#4665,1000.);
#2706=VECTOR('',#4666,1000.);
#2707=VECTOR('',#4675,1000.);
#2708=VECTOR('',#4676,1000.);
#2709=VECTOR('',#4677,1000.);
#2710=VECTOR('',#4678,1000.);
#2711=VECTOR('',#4681,1000.);
#2712=VECTOR('',#4682,1000.);
#2713=VECTOR('',#4683,1000.);
#2714=VECTOR('',#4684,1000.);
#2715=VECTOR('',#4685,1000.);
#2716=VECTOR('',#4688,1000.);
#2717=VECTOR('',#4689,1000.);
#2718=VECTOR('',#4690,1000.);
#2719=VECTOR('',#4691,1000.);
#2720=VECTOR('',#4692,1000.);
#2721=VECTOR('',#4697,1000.);
#2722=VECTOR('',#4704,1000.);
#2723=VECTOR('',#4709,1000.);
#2724=VECTOR('',#4712,1000.);
#2725=VECTOR('',#4715,1000.);
#2726=VECTOR('',#4716,1000.);
#2727=VECTOR('',#4717,1000.);
#2728=VECTOR('',#4720,1000.);
#2729=VECTOR('',#4721,1000.);
#2730=VECTOR('',#4722,1000.);
#2731=VECTOR('',#4725,1000.);
#2732=VECTOR('',#4728,1000.);
#2733=VECTOR('',#4735,1000.);
#2734=VECTOR('',#4738,1000.);
#2735=VECTOR('',#4743,1000.);
#2736=VECTOR('',#4748,1000.);
#2737=VECTOR('',#4751,1000.);
#2738=VECTOR('',#4752,1000.);
#2739=VECTOR('',#4753,1000.);
#2740=VECTOR('',#4756,1000.);
#2741=VECTOR('',#4757,1000.);
#2742=VECTOR('',#4760,1000.);
#2743=VECTOR('',#4761,1000.);
#2744=VECTOR('',#4764,1000.);
#2745=VECTOR('',#4771,1000.);
#2746=VECTOR('',#4774,1000.);
#2747=VECTOR('',#4779,1000.);
#2748=VECTOR('',#4784,1000.);
#2749=VECTOR('',#4787,1000.);
#2750=VECTOR('',#4788,1000.);
#2751=VECTOR('',#4789,1000.);
#2752=VECTOR('',#4790,1000.);
#2753=VECTOR('',#4793,1000.);
#2754=VECTOR('',#4794,1000.);
#2755=VECTOR('',#4797,1000.);
#2756=VECTOR('',#4798,1000.);
#2757=VECTOR('',#4805,1000.);
#2758=VECTOR('',#4810,1000.);
#2759=VECTOR('',#4819,1000.);
#2760=VECTOR('',#4826,1000.);
#2761=VECTOR('',#4829,1000.);
#2762=VECTOR('',#4830,1000.);
#2763=VECTOR('',#4843,1000.);
#2764=VECTOR('',#4850,1000.);
#2765=VECTOR('',#4853,1000.);
#2766=VECTOR('',#4856,1000.);
#2767=VECTOR('',#4861,1000.);
#2768=VECTOR('',#4864,1000.);
#2769=VECTOR('',#4867,1000.);
#2770=VECTOR('',#4880,1000.);
#2771=VECTOR('',#4883,1000.);
#2772=VECTOR('',#4886,1000.);
#2773=VECTOR('',#4891,1000.);
#2774=VECTOR('',#4892,1000.);
#2775=VECTOR('',#4893,1000.);
#2776=VECTOR('',#4896,1000.);
#2777=VECTOR('',#4897,1000.);
#2778=VECTOR('',#4900,1000.);
#2779=VECTOR('',#4901,1000.);
#2780=VECTOR('',#4902,1000.);
#2781=VECTOR('',#4911,1000.);
#2782=VECTOR('',#4914,1000.);
#2783=VECTOR('',#4923,1000.);
#2784=VECTOR('',#4956,1000.);
#2785=VECTOR('',#4959,1000.);
#2786=VECTOR('',#4960,1000.);
#2787=VECTOR('',#4971,1000.);
#2788=VECTOR('',#4972,1000.);
#2789=VECTOR('',#4975,1000.);
#2790=VECTOR('',#4976,1000.);
#2791=VECTOR('',#4979,1000.);
#2792=VECTOR('',#4980,1000.);
#2793=VECTOR('',#4983,1000.);
#2794=VECTOR('',#4984,1000.);
#2795=VECTOR('',#4993,1000.);
#2796=VECTOR('',#4994,1000.);
#2797=VECTOR('',#4995,1000.);
#2798=VECTOR('',#4996,1000.);
#2799=VECTOR('',#4997,1000.);
#2800=VECTOR('',#4998,1000.);
#2801=VECTOR('',#4999,1000.);
#2802=VECTOR('',#5000,1000.);
#2803=EDGE_LOOP('',(#226,#227,#228,#229));
#2804=EDGE_LOOP('',(#230,#231,#232,#233));
#2805=EDGE_LOOP('',(#234,#235,#236,#237));
#2806=EDGE_LOOP('',(#238,#239,#240,#241));
#2807=EDGE_LOOP('',(#242,#243,#244,#245));
#2808=EDGE_LOOP('',(#246,#247,#248,#249));
#2809=EDGE_LOOP('',(#250,#251,#252,#253));
#2810=EDGE_LOOP('',(#254,#255,#256,#257));
#2811=EDGE_LOOP('',(#258,#259,#260,#261));
#2812=EDGE_LOOP('',(#262,#263,#264,#265));
#2813=EDGE_LOOP('',(#266,#267,#268,#269));
#2814=EDGE_LOOP('',(#270,#271,#272,#273));
#2815=EDGE_LOOP('',(#274,#275,#276,#277));
#2816=EDGE_LOOP('',(#278,#279,#280,#281));
#2817=EDGE_LOOP('',(#282,#283,#284,#285));
#2818=EDGE_LOOP('',(#286,#287,#288,#289));
#2819=EDGE_LOOP('',(#290,#291,#292,#293));
#2820=EDGE_LOOP('',(#294,#295,#296,#297));
#2821=EDGE_LOOP('',(#298));
#2822=EDGE_LOOP('',(#299));
#2823=EDGE_LOOP('',(#300));
#2824=EDGE_LOOP('',(#301));
#2825=EDGE_LOOP('',(#302));
#2826=EDGE_LOOP('',(#303));
#2827=EDGE_LOOP('',(#304));
#2828=EDGE_LOOP('',(#305));
#2829=EDGE_LOOP('',(#306,#307,#308,#309));
#2830=EDGE_LOOP('',(#310,#311,#312,#313));
#2831=EDGE_LOOP('',(#314,#315,#316,#317));
#2832=EDGE_LOOP('',(#318,#319,#320,#321));
#2833=EDGE_LOOP('',(#322,#323,#324,#325,#326,#327,#328,#329,#330,#331,#332,
#333));
#2834=EDGE_LOOP('',(#334,#335,#336,#337));
#2835=EDGE_LOOP('',(#338));
#2836=EDGE_LOOP('',(#339));
#2837=EDGE_LOOP('',(#340,#341,#342,#343,#344,#345,#346,#347));
#2838=EDGE_LOOP('',(#348,#349,#350,#351));
#2839=EDGE_LOOP('',(#352,#353,#354,#355));
#2840=EDGE_LOOP('',(#356,#357,#358,#359));
#2841=EDGE_LOOP('',(#360,#361,#362,#363));
#2842=EDGE_LOOP('',(#364,#365,#366,#367));
#2843=EDGE_LOOP('',(#368));
#2844=EDGE_LOOP('',(#369));
#2845=EDGE_LOOP('',(#370));
#2846=EDGE_LOOP('',(#371));
#2847=EDGE_LOOP('',(#372));
#2848=EDGE_LOOP('',(#373));
#2849=EDGE_LOOP('',(#374));
#2850=EDGE_LOOP('',(#375));
#2851=EDGE_LOOP('',(#376,#377,#378,#379));
#2852=EDGE_LOOP('',(#380,#381,#382,#383));
#2853=EDGE_LOOP('',(#384,#385,#386,#387));
#2854=EDGE_LOOP('',(#388,#389,#390,#391));
#2855=EDGE_LOOP('',(#392,#393,#394,#395,#396,#397,#398,#399,#400,#401,#402,
#403));
#2856=EDGE_LOOP('',(#404,#405,#406,#407));
#2857=EDGE_LOOP('',(#408));
#2858=EDGE_LOOP('',(#409));
#2859=EDGE_LOOP('',(#410,#411,#412,#413,#414,#415,#416,#417));
#2860=EDGE_LOOP('',(#418,#419,#420,#421));
#2861=EDGE_LOOP('',(#422,#423,#424,#425));
#2862=EDGE_LOOP('',(#426,#427,#428,#429));
#2863=EDGE_LOOP('',(#430,#431,#432,#433));
#2864=EDGE_LOOP('',(#434,#435,#436,#437));
#2865=EDGE_LOOP('',(#438));
#2866=EDGE_LOOP('',(#439));
#2867=EDGE_LOOP('',(#440));
#2868=EDGE_LOOP('',(#441));
#2869=EDGE_LOOP('',(#442));
#2870=EDGE_LOOP('',(#443));
#2871=EDGE_LOOP('',(#444));
#2872=EDGE_LOOP('',(#445));
#2873=EDGE_LOOP('',(#446,#447,#448,#449));
#2874=EDGE_LOOP('',(#450,#451,#452,#453));
#2875=EDGE_LOOP('',(#454,#455,#456,#457));
#2876=EDGE_LOOP('',(#458,#459,#460,#461));
#2877=EDGE_LOOP('',(#462,#463,#464,#465,#466,#467,#468,#469,#470,#471,#472,
#473));
#2878=EDGE_LOOP('',(#474,#475,#476,#477));
#2879=EDGE_LOOP('',(#478));
#2880=EDGE_LOOP('',(#479));
#2881=EDGE_LOOP('',(#480,#481,#482,#483,#484,#485,#486,#487));
#2882=EDGE_LOOP('',(#488,#489,#490,#491));
#2883=EDGE_LOOP('',(#492,#493,#494,#495));
#2884=EDGE_LOOP('',(#496,#497,#498,#499));
#2885=EDGE_LOOP('',(#500,#501,#502,#503));
#2886=EDGE_LOOP('',(#504,#505,#506,#507));
#2887=EDGE_LOOP('',(#508));
#2888=EDGE_LOOP('',(#509));
#2889=EDGE_LOOP('',(#510));
#2890=EDGE_LOOP('',(#511));
#2891=EDGE_LOOP('',(#512));
#2892=EDGE_LOOP('',(#513));
#2893=EDGE_LOOP('',(#514));
#2894=EDGE_LOOP('',(#515));
#2895=EDGE_LOOP('',(#516,#517,#518,#519));
#2896=EDGE_LOOP('',(#520,#521,#522,#523));
#2897=EDGE_LOOP('',(#524,#525,#526,#527));
#2898=EDGE_LOOP('',(#528,#529,#530,#531));
#2899=EDGE_LOOP('',(#532,#533,#534,#535,#536,#537,#538,#539,#540,#541,#542,
#543));
#2900=EDGE_LOOP('',(#544,#545,#546,#547));
#2901=EDGE_LOOP('',(#548));
#2902=EDGE_LOOP('',(#549));
#2903=EDGE_LOOP('',(#550,#551,#552,#553,#554,#555,#556,#557));
#2904=EDGE_LOOP('',(#558,#559,#560,#561));
#2905=EDGE_LOOP('',(#562,#563,#564,#565));
#2906=EDGE_LOOP('',(#566,#567,#568,#569,#570,#571,#572,#573,#574,#575));
#2907=EDGE_LOOP('',(#576,#577,#578,#579,#580,#581,#582,#583,#584,#585,#586,
#587,#588,#589));
#2908=EDGE_LOOP('',(#590,#591,#592,#593));
#2909=EDGE_LOOP('',(#594,#595,#596,#597));
#2910=EDGE_LOOP('',(#598,#599,#600,#601,#602,#603,#604,#605,#606,#607,#608,
#609,#610,#611,#612,#613,#614,#615,#616,#617,#618,#619,#620,#621,#622,#623,
#624,#625,#626,#627,#628,#629,#630,#631,#632,#633,#634,#635,#636,#637,#638,
#639,#640,#641));
#2911=EDGE_LOOP('',(#642,#643,#644,#645,#646,#647,#648,#649,#650,#651));
#2912=EDGE_LOOP('',(#652,#653,#654,#655));
#2913=EDGE_LOOP('',(#656,#657,#658,#659));
#2914=EDGE_LOOP('',(#660,#661,#662,#663));
#2915=EDGE_LOOP('',(#664,#665,#666,#667));
#2916=EDGE_LOOP('',(#668,#669,#670,#671));
#2917=EDGE_LOOP('',(#672));
#2918=EDGE_LOOP('',(#673));
#2919=EDGE_LOOP('',(#674));
#2920=EDGE_LOOP('',(#675));
#2921=EDGE_LOOP('',(#676));
#2922=EDGE_LOOP('',(#677,#678,#679,#680,#681,#682,#683,#684,#685));
#2923=EDGE_LOOP('',(#686,#687,#688,#689,#690,#691,#692,#693,#694,#695,#696,
#697,#698,#699,#700,#701,#702,#703,#704,#705,#706,#707,#708,#709,#710,#711,
#712,#713,#714,#715,#716,#717));
#2924=EDGE_LOOP('',(#718,#719,#720,#721));
#2925=EDGE_LOOP('',(#722,#723,#724,#725));
#2926=EDGE_LOOP('',(#726,#727,#728,#729,#730,#731,#732,#733,#734,#735,#736,
#737));
#2927=EDGE_LOOP('',(#738,#739,#740,#741));
#2928=EDGE_LOOP('',(#742));
#2929=EDGE_LOOP('',(#743));
#2930=EDGE_LOOP('',(#744,#745,#746,#747,#748,#749,#750,#751));
#2931=EDGE_LOOP('',(#752,#753,#754,#755));
#2932=EDGE_LOOP('',(#756,#757,#758,#759));
#2933=EDGE_LOOP('',(#760,#761,#762,#763));
#2934=EDGE_LOOP('',(#764));
#2935=EDGE_LOOP('',(#765));
#2936=EDGE_LOOP('',(#766));
#2937=EDGE_LOOP('',(#767));
#2938=EDGE_LOOP('',(#768));
#2939=EDGE_LOOP('',(#769));
#2940=EDGE_LOOP('',(#770));
#2941=EDGE_LOOP('',(#771));
#2942=EDGE_LOOP('',(#772,#773,#774,#775));
#2943=EDGE_LOOP('',(#776,#777,#778,#779));
#2944=EDGE_LOOP('',(#780,#781,#782,#783));
#2945=EDGE_LOOP('',(#784,#785,#786,#787));
#2946=EDGE_LOOP('',(#788,#789,#790,#791));
#2947=EDGE_LOOP('',(#792,#793,#794,#795));
#2948=EDGE_LOOP('',(#796,#797,#798,#799));
#2949=EDGE_LOOP('',(#800,#801,#802,#803));
#2950=EDGE_LOOP('',(#804,#805,#806,#807));
#2951=EDGE_LOOP('',(#808,#809,#810,#811));
#2952=EDGE_LOOP('',(#812,#813,#814,#815));
#2953=EDGE_LOOP('',(#816,#817,#818,#819));
#2954=EDGE_LOOP('',(#820,#821,#822,#823));
#2955=EDGE_LOOP('',(#824,#825,#826,#827));
#2956=EDGE_LOOP('',(#828,#829,#830,#831));
#2957=EDGE_LOOP('',(#832,#833,#834,#835));
#2958=EDGE_LOOP('',(#836));
#2959=EDGE_LOOP('',(#837));
#2960=EDGE_LOOP('',(#838));
#2961=EDGE_LOOP('',(#839));
#2962=EDGE_LOOP('',(#840,#841,#842,#843));
#2963=EDGE_LOOP('',(#844,#845,#846,#847));
#2964=EDGE_LOOP('',(#848));
#2965=EDGE_LOOP('',(#849,#850,#851,#852));
#2966=EDGE_LOOP('',(#853,#854,#855,#856));
#2967=EDGE_LOOP('',(#857));
#2968=EDGE_LOOP('',(#858,#859,#860,#861));
#2969=EDGE_LOOP('',(#862,#863,#864,#865));
#2970=EDGE_LOOP('',(#866));
#2971=EDGE_LOOP('',(#867));
#2972=EDGE_LOOP('',(#868));
#2973=EDGE_LOOP('',(#869));
#2974=EDGE_LOOP('',(#870));
#2975=EDGE_LOOP('',(#871));
#2976=EDGE_LOOP('',(#872,#873,#874,#875));
#2977=EDGE_LOOP('',(#876,#877,#878,#879));
#2978=EDGE_LOOP('',(#880));
#2979=EDGE_LOOP('',(#881));
#2980=EDGE_LOOP('',(#882,#883,#884,#885));
#2981=EDGE_LOOP('',(#886));
#2982=EDGE_LOOP('',(#887,#888,#889,#890,#891,#892,#893,#894));
#2983=EDGE_LOOP('',(#895,#896,#897,#898,#899,#900,#901,#902));
#2984=EDGE_LOOP('',(#903));
#2985=EDGE_LOOP('',(#904,#905,#906,#907));
#2986=EDGE_LOOP('',(#908,#909,#910,#911));
#2987=EDGE_LOOP('',(#912,#913,#914,#915));
#2988=EDGE_LOOP('',(#916,#917,#918,#919));
#2989=EDGE_LOOP('',(#920,#921,#922,#923));
#2990=EDGE_LOOP('',(#924,#925,#926,#927));
#2991=EDGE_LOOP('',(#928,#929,#930,#931));
#2992=EDGE_LOOP('',(#932,#933,#934,#935));
#2993=EDGE_LOOP('',(#936,#937,#938,#939));
#2994=EDGE_LOOP('',(#940,#941,#942,#943));
#2995=EDGE_LOOP('',(#944,#945,#946,#947));
#2996=EDGE_LOOP('',(#948,#949,#950,#951));
#2997=EDGE_LOOP('',(#952,#953,#954,#955));
#2998=EDGE_LOOP('',(#956,#957,#958,#959));
#2999=EDGE_LOOP('',(#960,#961,#962,#963));
#3000=EDGE_LOOP('',(#964,#965,#966,#967));
#3001=EDGE_LOOP('',(#968,#969,#970,#971));
#3002=EDGE_LOOP('',(#972,#973,#974,#975));
#3003=EDGE_LOOP('',(#976,#977,#978,#979));
#3004=EDGE_LOOP('',(#980,#981,#982,#983));
#3005=EDGE_LOOP('',(#984,#985,#986,#987));
#3006=EDGE_LOOP('',(#988,#989,#990,#991));
#3007=EDGE_LOOP('',(#992,#993,#994,#995));
#3008=EDGE_LOOP('',(#996,#997,#998,#999));
#3009=EDGE_LOOP('',(#1000,#1001,#1002,#1003));
#3010=EDGE_LOOP('',(#1004,#1005,#1006,#1007));
#3011=EDGE_LOOP('',(#1008,#1009,#1010,#1011));
#3012=EDGE_LOOP('',(#1012,#1013,#1014,#1015));
#3013=EDGE_LOOP('',(#1016,#1017,#1018,#1019));
#3014=EDGE_LOOP('',(#1020,#1021,#1022,#1023,#1024,#1025));
#3015=EDGE_LOOP('',(#1026,#1027,#1028,#1029,#1030));
#3016=EDGE_LOOP('',(#1031,#1032,#1033,#1034));
#3017=EDGE_LOOP('',(#1035,#1036,#1037,#1038,#1039,#1040,#1041,#1042,#1043,
#1044,#1045,#1046,#1047,#1048));
#3018=EDGE_LOOP('',(#1049,#1050,#1051,#1052,#1053,#1054,#1055,#1056));
#3019=EDGE_LOOP('',(#1057,#1058,#1059,#1060,#1061,#1062,#1063,#1064));
#3020=EDGE_LOOP('',(#1065,#1066,#1067,#1068,#1069));
#3021=EDGE_LOOP('',(#1070,#1071,#1072,#1073));
#3022=EDGE_LOOP('',(#1074,#1075,#1076,#1077));
#3023=EDGE_LOOP('',(#1078,#1079,#1080,#1081,#1082,#1083,#1084,#1085,#1086,
#1087,#1088,#1089,#1090,#1091));
#3024=EDGE_LOOP('',(#1092));
#3025=EDGE_LOOP('',(#1093,#1094,#1095,#1096,#1097,#1098,#1099,#1100));
#3026=EDGE_LOOP('',(#1101));
#3027=EDGE_LOOP('',(#1102));
#3028=EDGE_LOOP('',(#1103));
#3029=EDGE_LOOP('',(#1104));
#3030=EDGE_LOOP('',(#1105));
#3031=EDGE_LOOP('',(#1106));
#3032=EDGE_LOOP('',(#1107));
#3033=EDGE_LOOP('',(#1108));
#3034=EDGE_LOOP('',(#1109));
#3035=EDGE_LOOP('',(#1110,#1111,#1112,#1113));
#3036=EDGE_LOOP('',(#1114,#1115,#1116,#1117,#1118));
#3037=EDGE_LOOP('',(#1119,#1120,#1121,#1122,#1123));
#3038=EDGE_LOOP('',(#1124,#1125,#1126,#1127,#1128,#1129));
#3039=EDGE_LOOP('',(#1130,#1131,#1132,#1133));
#3040=EDGE_LOOP('',(#1134,#1135,#1136,#1137));
#3041=EDGE_LOOP('',(#1138,#1139,#1140,#1141));
#3042=EDGE_LOOP('',(#1142,#1143,#1144,#1145));
#3043=EDGE_LOOP('',(#1146));
#3044=EDGE_LOOP('',(#1147));
#3045=EDGE_LOOP('',(#1148,#1149,#1150,#1151,#1152,#1153,#1154,#1155,#1156,
#1157,#1158,#1159,#1160,#1161,#1162,#1163));
#3046=EDGE_LOOP('',(#1164,#1165,#1166,#1167));
#3047=EDGE_LOOP('',(#1168,#1169,#1170,#1171));
#3048=EDGE_LOOP('',(#1172));
#3049=EDGE_LOOP('',(#1173));
#3050=EDGE_LOOP('',(#1174,#1175,#1176,#1177));
#3051=EDGE_LOOP('',(#1178,#1179,#1180,#1181));
#3052=EDGE_LOOP('',(#1182,#1183,#1184,#1185));
#3053=EDGE_LOOP('',(#1186,#1187,#1188,#1189));
#3054=EDGE_LOOP('',(#1190,#1191,#1192,#1193));
#3055=EDGE_LOOP('',(#1194,#1195,#1196,#1197));
#3056=EDGE_LOOP('',(#1198,#1199,#1200,#1201));
#3057=EDGE_LOOP('',(#1202,#1203,#1204,#1205));
#3058=EDGE_LOOP('',(#1206,#1207,#1208,#1209));
#3059=EDGE_LOOP('',(#1210,#1211,#1212,#1213));
#3060=FACE_BOUND('',#2803,.T.);
#3061=FACE_BOUND('',#2804,.T.);
#3062=FACE_BOUND('',#2805,.T.);
#3063=FACE_BOUND('',#2806,.T.);
#3064=FACE_BOUND('',#2807,.T.);
#3065=FACE_BOUND('',#2808,.T.);
#3066=FACE_BOUND('',#2809,.T.);
#3067=FACE_BOUND('',#2810,.T.);
#3068=FACE_BOUND('',#2811,.T.);
#3069=FACE_BOUND('',#2812,.T.);
#3070=FACE_BOUND('',#2813,.T.);
#3071=FACE_BOUND('',#2814,.T.);
#3072=FACE_BOUND('',#2815,.T.);
#3073=FACE_BOUND('',#2816,.T.);
#3074=FACE_BOUND('',#2817,.T.);
#3075=FACE_BOUND('',#2818,.T.);
#3076=FACE_BOUND('',#2819,.T.);
#3077=FACE_BOUND('',#2820,.T.);
#3078=FACE_BOUND('',#2821,.T.);
#3079=FACE_BOUND('',#2822,.T.);
#3080=FACE_BOUND('',#2823,.T.);
#3081=FACE_BOUND('',#2824,.T.);
#3082=FACE_BOUND('',#2825,.T.);
#3083=FACE_BOUND('',#2826,.T.);
#3084=FACE_BOUND('',#2827,.T.);
#3085=FACE_BOUND('',#2828,.T.);
#3086=FACE_BOUND('',#2829,.T.);
#3087=FACE_BOUND('',#2830,.T.);
#3088=FACE_BOUND('',#2831,.T.);
#3089=FACE_BOUND('',#2832,.T.);
#3090=FACE_BOUND('',#2833,.T.);
#3091=FACE_BOUND('',#2834,.T.);
#3092=FACE_BOUND('',#2835,.T.);
#3093=FACE_BOUND('',#2836,.T.);
#3094=FACE_BOUND('',#2837,.T.);
#3095=FACE_BOUND('',#2838,.T.);
#3096=FACE_BOUND('',#2839,.T.);
#3097=FACE_BOUND('',#2840,.T.);
#3098=FACE_BOUND('',#2841,.T.);
#3099=FACE_BOUND('',#2842,.T.);
#3100=FACE_BOUND('',#2843,.T.);
#3101=FACE_BOUND('',#2844,.T.);
#3102=FACE_BOUND('',#2845,.T.);
#3103=FACE_BOUND('',#2846,.T.);
#3104=FACE_BOUND('',#2847,.T.);
#3105=FACE_BOUND('',#2848,.T.);
#3106=FACE_BOUND('',#2849,.T.);
#3107=FACE_BOUND('',#2850,.T.);
#3108=FACE_BOUND('',#2851,.T.);
#3109=FACE_BOUND('',#2852,.T.);
#3110=FACE_BOUND('',#2853,.T.);
#3111=FACE_BOUND('',#2854,.T.);
#3112=FACE_BOUND('',#2855,.T.);
#3113=FACE_BOUND('',#2856,.T.);
#3114=FACE_BOUND('',#2857,.T.);
#3115=FACE_BOUND('',#2858,.T.);
#3116=FACE_BOUND('',#2859,.T.);
#3117=FACE_BOUND('',#2860,.T.);
#3118=FACE_BOUND('',#2861,.T.);
#3119=FACE_BOUND('',#2862,.T.);
#3120=FACE_BOUND('',#2863,.T.);
#3121=FACE_BOUND('',#2864,.T.);
#3122=FACE_BOUND('',#2865,.T.);
#3123=FACE_BOUND('',#2866,.T.);
#3124=FACE_BOUND('',#2867,.T.);
#3125=FACE_BOUND('',#2868,.T.);
#3126=FACE_BOUND('',#2869,.T.);
#3127=FACE_BOUND('',#2870,.T.);
#3128=FACE_BOUND('',#2871,.T.);
#3129=FACE_BOUND('',#2872,.T.);
#3130=FACE_BOUND('',#2873,.T.);
#3131=FACE_BOUND('',#2874,.T.);
#3132=FACE_BOUND('',#2875,.T.);
#3133=FACE_BOUND('',#2876,.T.);
#3134=FACE_BOUND('',#2877,.T.);
#3135=FACE_BOUND('',#2878,.T.);
#3136=FACE_BOUND('',#2879,.T.);
#3137=FACE_BOUND('',#2880,.T.);
#3138=FACE_BOUND('',#2881,.T.);
#3139=FACE_BOUND('',#2882,.T.);
#3140=FACE_BOUND('',#2883,.T.);
#3141=FACE_BOUND('',#2884,.T.);
#3142=FACE_BOUND('',#2885,.T.);
#3143=FACE_BOUND('',#2886,.T.);
#3144=FACE_BOUND('',#2887,.T.);
#3145=FACE_BOUND('',#2888,.T.);
#3146=FACE_BOUND('',#2889,.T.);
#3147=FACE_BOUND('',#2890,.T.);
#3148=FACE_BOUND('',#2891,.T.);
#3149=FACE_BOUND('',#2892,.T.);
#3150=FACE_BOUND('',#2893,.T.);
#3151=FACE_BOUND('',#2894,.T.);
#3152=FACE_BOUND('',#2895,.T.);
#3153=FACE_BOUND('',#2896,.T.);
#3154=FACE_BOUND('',#2897,.T.);
#3155=FACE_BOUND('',#2898,.T.);
#3156=FACE_BOUND('',#2899,.T.);
#3157=FACE_BOUND('',#2900,.T.);
#3158=FACE_BOUND('',#2901,.T.);
#3159=FACE_BOUND('',#2902,.T.);
#3160=FACE_BOUND('',#2903,.T.);
#3161=FACE_BOUND('',#2904,.T.);
#3162=FACE_BOUND('',#2905,.T.);
#3163=FACE_BOUND('',#2906,.T.);
#3164=FACE_BOUND('',#2907,.T.);
#3165=FACE_BOUND('',#2908,.T.);
#3166=FACE_BOUND('',#2909,.T.);
#3167=FACE_BOUND('',#2910,.T.);
#3168=FACE_BOUND('',#2911,.T.);
#3169=FACE_BOUND('',#2912,.T.);
#3170=FACE_BOUND('',#2913,.T.);
#3171=FACE_BOUND('',#2914,.T.);
#3172=FACE_BOUND('',#2915,.T.);
#3173=FACE_BOUND('',#2916,.T.);
#3174=FACE_BOUND('',#2917,.T.);
#3175=FACE_BOUND('',#2918,.T.);
#3176=FACE_BOUND('',#2919,.T.);
#3177=FACE_BOUND('',#2920,.T.);
#3178=FACE_BOUND('',#2921,.T.);
#3179=FACE_BOUND('',#2922,.T.);
#3180=FACE_BOUND('',#2923,.T.);
#3181=FACE_BOUND('',#2924,.T.);
#3182=FACE_BOUND('',#2925,.T.);
#3183=FACE_BOUND('',#2926,.T.);
#3184=FACE_BOUND('',#2927,.T.);
#3185=FACE_BOUND('',#2928,.T.);
#3186=FACE_BOUND('',#2929,.T.);
#3187=FACE_BOUND('',#2930,.T.);
#3188=FACE_BOUND('',#2931,.T.);
#3189=FACE_BOUND('',#2932,.T.);
#3190=FACE_BOUND('',#2933,.T.);
#3191=FACE_BOUND('',#2934,.T.);
#3192=FACE_BOUND('',#2935,.T.);
#3193=FACE_BOUND('',#2936,.T.);
#3194=FACE_BOUND('',#2937,.T.);
#3195=FACE_BOUND('',#2938,.T.);
#3196=FACE_BOUND('',#2939,.T.);
#3197=FACE_BOUND('',#2940,.T.);
#3198=FACE_BOUND('',#2941,.T.);
#3199=FACE_BOUND('',#2942,.T.);
#3200=FACE_BOUND('',#2943,.T.);
#3201=FACE_BOUND('',#2944,.T.);
#3202=FACE_BOUND('',#2945,.T.);
#3203=FACE_BOUND('',#2946,.T.);
#3204=FACE_BOUND('',#2947,.T.);
#3205=FACE_BOUND('',#2948,.T.);
#3206=FACE_BOUND('',#2949,.T.);
#3207=FACE_BOUND('',#2950,.T.);
#3208=FACE_BOUND('',#2951,.T.);
#3209=FACE_BOUND('',#2952,.T.);
#3210=FACE_BOUND('',#2953,.T.);
#3211=FACE_BOUND('',#2954,.T.);
#3212=FACE_BOUND('',#2955,.T.);
#3213=FACE_BOUND('',#2956,.T.);
#3214=FACE_BOUND('',#2957,.T.);
#3215=FACE_BOUND('',#2958,.T.);
#3216=FACE_BOUND('',#2959,.T.);
#3217=FACE_BOUND('',#2960,.T.);
#3218=FACE_BOUND('',#2961,.T.);
#3219=FACE_BOUND('',#2962,.T.);
#3220=FACE_BOUND('',#2963,.T.);
#3221=FACE_BOUND('',#2964,.T.);
#3222=FACE_BOUND('',#2965,.T.);
#3223=FACE_BOUND('',#2966,.T.);
#3224=FACE_BOUND('',#2967,.T.);
#3225=FACE_BOUND('',#2968,.T.);
#3226=FACE_BOUND('',#2969,.T.);
#3227=FACE_BOUND('',#2970,.T.);
#3228=FACE_BOUND('',#2971,.T.);
#3229=FACE_BOUND('',#2972,.T.);
#3230=FACE_BOUND('',#2973,.T.);
#3231=FACE_BOUND('',#2974,.T.);
#3232=FACE_BOUND('',#2975,.T.);
#3233=FACE_BOUND('',#2976,.T.);
#3234=FACE_BOUND('',#2977,.T.);
#3235=FACE_BOUND('',#2978,.T.);
#3236=FACE_BOUND('',#2979,.T.);
#3237=FACE_BOUND('',#2980,.T.);
#3238=FACE_BOUND('',#2981,.T.);
#3239=FACE_BOUND('',#2982,.T.);
#3240=FACE_BOUND('',#2983,.T.);
#3241=FACE_BOUND('',#2984,.T.);
#3242=FACE_BOUND('',#2985,.T.);
#3243=FACE_BOUND('',#2986,.T.);
#3244=FACE_BOUND('',#2987,.T.);
#3245=FACE_BOUND('',#2988,.T.);
#3246=FACE_BOUND('',#2989,.T.);
#3247=FACE_BOUND('',#2990,.T.);
#3248=FACE_BOUND('',#2991,.T.);
#3249=FACE_BOUND('',#2992,.T.);
#3250=FACE_BOUND('',#2993,.T.);
#3251=FACE_BOUND('',#2994,.T.);
#3252=FACE_BOUND('',#2995,.T.);
#3253=FACE_BOUND('',#2996,.T.);
#3254=FACE_BOUND('',#2997,.T.);
#3255=FACE_BOUND('',#2998,.T.);
#3256=FACE_BOUND('',#2999,.T.);
#3257=FACE_BOUND('',#3000,.T.);
#3258=FACE_BOUND('',#3001,.T.);
#3259=FACE_BOUND('',#3002,.T.);
#3260=FACE_BOUND('',#3003,.T.);
#3261=FACE_BOUND('',#3004,.T.);
#3262=FACE_BOUND('',#3005,.T.);
#3263=FACE_BOUND('',#3006,.T.);
#3264=FACE_BOUND('',#3007,.T.);
#3265=FACE_BOUND('',#3008,.T.);
#3266=FACE_BOUND('',#3009,.T.);
#3267=FACE_BOUND('',#3010,.T.);
#3268=FACE_BOUND('',#3011,.T.);
#3269=FACE_BOUND('',#3012,.T.);
#3270=FACE_BOUND('',#3013,.T.);
#3271=FACE_BOUND('',#3014,.T.);
#3272=FACE_BOUND('',#3015,.T.);
#3273=FACE_BOUND('',#3016,.T.);
#3274=FACE_BOUND('',#3017,.T.);
#3275=FACE_BOUND('',#3018,.T.);
#3276=FACE_BOUND('',#3019,.T.);
#3277=FACE_BOUND('',#3020,.T.);
#3278=FACE_BOUND('',#3021,.T.);
#3279=FACE_BOUND('',#3022,.T.);
#3280=FACE_BOUND('',#3023,.T.);
#3281=FACE_BOUND('',#3024,.T.);
#3282=FACE_BOUND('',#3025,.T.);
#3283=FACE_BOUND('',#3026,.T.);
#3284=FACE_BOUND('',#3027,.T.);
#3285=FACE_BOUND('',#3028,.T.);
#3286=FACE_BOUND('',#3029,.T.);
#3287=FACE_BOUND('',#3030,.T.);
#3288=FACE_BOUND('',#3031,.T.);
#3289=FACE_BOUND('',#3032,.T.);
#3290=FACE_BOUND('',#3033,.T.);
#3291=FACE_BOUND('',#3034,.T.);
#3292=FACE_BOUND('',#3035,.T.);
#3293=FACE_BOUND('',#3036,.T.);
#3294=FACE_BOUND('',#3037,.T.);
#3295=FACE_BOUND('',#3038,.T.);
#3296=FACE_BOUND('',#3039,.T.);
#3297=FACE_BOUND('',#3040,.T.);
#3298=FACE_BOUND('',#3041,.T.);
#3299=FACE_BOUND('',#3042,.T.);
#3300=FACE_BOUND('',#3043,.T.);
#3301=FACE_BOUND('',#3044,.T.);
#3302=FACE_BOUND('',#3045,.T.);
#3303=FACE_BOUND('',#3046,.T.);
#3304=FACE_BOUND('',#3047,.T.);
#3305=FACE_BOUND('',#3048,.T.);
#3306=FACE_BOUND('',#3049,.T.);
#3307=FACE_BOUND('',#3050,.T.);
#3308=FACE_BOUND('',#3051,.T.);
#3309=FACE_BOUND('',#3052,.T.);
#3310=FACE_BOUND('',#3053,.T.);
#3311=FACE_BOUND('',#3054,.T.);
#3312=FACE_BOUND('',#3055,.T.);
#3313=FACE_BOUND('',#3056,.T.);
#3314=FACE_BOUND('',#3057,.T.);
#3315=FACE_BOUND('',#3058,.T.);
#3316=FACE_BOUND('',#3059,.T.);
#3317=PLANE('',#3717);
#3318=PLANE('',#3718);
#3319=PLANE('',#3719);
#3320=PLANE('',#3720);
#3321=PLANE('',#3721);
#3322=PLANE('',#3722);
#3323=PLANE('',#3723);
#3324=PLANE('',#3724);
#3325=PLANE('',#3725);
#3326=PLANE('',#3726);
#3327=PLANE('',#3727);
#3328=PLANE('',#3728);
#3329=PLANE('',#3729);
#3330=PLANE('',#3730);
#3331=PLANE('',#3731);
#3332=PLANE('',#3732);
#3333=PLANE('',#3736);
#3334=PLANE('',#3746);
#3335=PLANE('',#3747);
#3336=PLANE('',#3748);
#3337=PLANE('',#3749);
#3338=PLANE('',#3750);
#3339=PLANE('',#3751);
#3340=PLANE('',#3752);
#3341=PLANE('',#3753);
#3342=PLANE('',#3754);
#3343=PLANE('',#3755);
#3344=PLANE('',#3756);
#3345=PLANE('',#3760);
#3346=PLANE('',#3770);
#3347=PLANE('',#3771);
#3348=PLANE('',#3772);
#3349=PLANE('',#3773);
#3350=PLANE('',#3774);
#3351=PLANE('',#3775);
#3352=PLANE('',#3776);
#3353=PLANE('',#3777);
#3354=PLANE('',#3778);
#3355=PLANE('',#3779);
#3356=PLANE('',#3780);
#3357=PLANE('',#3784);
#3358=PLANE('',#3794);
#3359=PLANE('',#3795);
#3360=PLANE('',#3796);
#3361=PLANE('',#3797);
#3362=PLANE('',#3798);
#3363=PLANE('',#3799);
#3364=PLANE('',#3800);
#3365=PLANE('',#3801);
#3366=PLANE('',#3802);
#3367=PLANE('',#3803);
#3368=PLANE('',#3804);
#3369=PLANE('',#3808);
#3370=PLANE('',#3818);
#3371=PLANE('',#3819);
#3372=PLANE('',#3820);
#3373=PLANE('',#3821);
#3374=PLANE('',#3822);
#3375=PLANE('',#3823);
#3376=PLANE('',#3824);
#3377=PLANE('',#3825);
#3378=PLANE('',#3826);
#3379=PLANE('',#3827);
#3380=PLANE('',#3828);
#3381=PLANE('',#3829);
#3382=PLANE('',#3831);
#3383=PLANE('',#3832);
#3384=PLANE('',#3833);
#3385=PLANE('',#3834);
#3386=PLANE('',#3835);
#3387=PLANE('',#3836);
#3388=PLANE('',#3838);
#3389=PLANE('',#3840);
#3390=PLANE('',#3841);
#3391=PLANE('',#3842);
#3392=PLANE('',#3844);
#3393=PLANE('',#3845);
#3394=PLANE('',#3848);
#3395=PLANE('',#3849);
#3396=PLANE('',#3850);
#3397=PLANE('',#3853);
#3398=PLANE('',#3857);
#3399=PLANE('',#3858);
#3400=PLANE('',#3859);
#3401=PLANE('',#3860);
#3402=PLANE('',#3861);
#3403=PLANE('',#3862);
#3404=PLANE('',#3863);
#3405=PLANE('',#3864);
#3406=PLANE('',#3865);
#3407=PLANE('',#3867);
#3408=PLANE('',#3868);
#3409=PLANE('',#3869);
#3410=PLANE('',#3870);
#3411=PLANE('',#3871);
#3412=PLANE('',#3872);
#3413=PLANE('',#3877);
#3414=PLANE('',#3878);
#3415=PLANE('',#3879);
#3416=PLANE('',#3880);
#3417=PLANE('',#3881);
#3418=PLANE('',#3883);
#3419=PLANE('',#3890);
#3420=PLANE('',#3891);
#3421=PLANE('',#3895);
#3422=PLANE('',#3896);
#3423=PLANE('',#3897);
#3424=PLANE('',#3901);
#3425=PLANE('',#3905);
#3426=PLANE('',#3906);
#3427=PLANE('',#3907);
#3428=PLANE('',#3908);
#3429=PLANE('',#3909);
#3430=PLANE('',#3913);
#3431=PLANE('',#3917);
#3432=PLANE('',#3918);
#3433=PLANE('',#3919);
#3434=PLANE('',#3920);
#3435=PLANE('',#3921);
#3436=PLANE('',#3925);
#3437=PLANE('',#3929);
#3438=PLANE('',#3930);
#3439=PLANE('',#3931);
#3440=PLANE('',#3932);
#3441=PLANE('',#3933);
#3442=PLANE('',#3934);
#3443=PLANE('',#3935);
#3444=PLANE('',#3936);
#3445=PLANE('',#3937);
#3446=PLANE('',#3938);
#3447=PLANE('',#3940);
#3448=PLANE('',#3945);
#3449=PLANE('',#3949);
#3450=PLANE('',#3958);
#3451=PLANE('',#3964);
#3452=PLANE('',#3970);
#3453=PLANE('',#3971);
#3454=PLANE('',#3972);
#3455=PLANE('',#3973);
#3456=PLANE('',#3987);
#3457=PLANE('',#3992);
#3458=PLANE('',#3997);
#3459=PLANE('',#3998);
#3460=PLANE('',#3999);
#3461=PLANE('',#4003);
#3462=PLANE('',#4004);
#3463=PLANE('',#4005);
#3464=PLANE('',#4006);
#3465=PLANE('',#4007);
#3466=ADVANCED_FACE('',(#3060),#3317,.F.);
#3467=ADVANCED_FACE('',(#3061),#3318,.F.);
#3468=ADVANCED_FACE('',(#3062),#3319,.F.);
#3469=ADVANCED_FACE('',(#3063),#3320,.F.);
#3470=ADVANCED_FACE('',(#3064),#3321,.T.);
#3471=ADVANCED_FACE('',(#3065),#3322,.F.);
#3472=ADVANCED_FACE('',(#3066),#3323,.F.);
#3473=ADVANCED_FACE('',(#3067),#3324,.F.);
#3474=ADVANCED_FACE('',(#3068),#3325,.F.);
#3475=ADVANCED_FACE('',(#3069),#3326,.T.);
#3476=ADVANCED_FACE('',(#3070),#3327,.F.);
#3477=ADVANCED_FACE('',(#3071),#3328,.F.);
#3478=ADVANCED_FACE('',(#3072),#3329,.F.);
#3479=ADVANCED_FACE('',(#3073),#3330,.F.);
#3480=ADVANCED_FACE('',(#3074),#3331,.T.);
#3481=ADVANCED_FACE('',(#3075),#3332,.F.);
#3482=ADVANCED_FACE('',(#3076),#182,.F.);
#3483=ADVANCED_FACE('',(#3077),#3333,.F.);
#3484=ADVANCED_FACE('',(#3078,#3079),#183,.F.);
#3485=ADVANCED_FACE('',(#3080,#3081),#184,.F.);
#3486=ADVANCED_FACE('',(#3082,#3083),#185,.F.);
#3487=ADVANCED_FACE('',(#3084,#3085),#3334,.F.);
#3488=ADVANCED_FACE('',(#3086),#3335,.F.);
#3489=ADVANCED_FACE('',(#3087),#3336,.F.);
#3490=ADVANCED_FACE('',(#3088),#3337,.T.);
#3491=ADVANCED_FACE('',(#3089),#3338,.T.);
#3492=ADVANCED_FACE('',(#3090),#3339,.T.);
#3493=ADVANCED_FACE('',(#3091),#3340,.T.);
#3494=ADVANCED_FACE('',(#3092,#3093,#3094),#3341,.T.);
#3495=ADVANCED_FACE('',(#3095),#3342,.F.);
#3496=ADVANCED_FACE('',(#3096),#3343,.F.);
#3497=ADVANCED_FACE('',(#3097),#3344,.F.);
#3498=ADVANCED_FACE('',(#3098),#186,.F.);
#3499=ADVANCED_FACE('',(#3099),#3345,.F.);
#3500=ADVANCED_FACE('',(#3100,#3101),#187,.F.);
#3501=ADVANCED_FACE('',(#3102,#3103),#188,.F.);
#3502=ADVANCED_FACE('',(#3104,#3105),#189,.F.);
#3503=ADVANCED_FACE('',(#3106,#3107),#3346,.F.);
#3504=ADVANCED_FACE('',(#3108),#3347,.F.);
#3505=ADVANCED_FACE('',(#3109),#3348,.F.);
#3506=ADVANCED_FACE('',(#3110),#3349,.T.);
#3507=ADVANCED_FACE('',(#3111),#3350,.T.);
#3508=ADVANCED_FACE('',(#3112),#3351,.T.);
#3509=ADVANCED_FACE('',(#3113),#3352,.T.);
#3510=ADVANCED_FACE('',(#3114,#3115,#3116),#3353,.T.);
#3511=ADVANCED_FACE('',(#3117),#3354,.F.);
#3512=ADVANCED_FACE('',(#3118),#3355,.F.);
#3513=ADVANCED_FACE('',(#3119),#3356,.F.);
#3514=ADVANCED_FACE('',(#3120),#190,.F.);
#3515=ADVANCED_FACE('',(#3121),#3357,.F.);
#3516=ADVANCED_FACE('',(#3122,#3123),#191,.F.);
#3517=ADVANCED_FACE('',(#3124,#3125),#192,.F.);
#3518=ADVANCED_FACE('',(#3126,#3127),#193,.F.);
#3519=ADVANCED_FACE('',(#3128,#3129),#3358,.F.);
#3520=ADVANCED_FACE('',(#3130),#3359,.F.);
#3521=ADVANCED_FACE('',(#3131),#3360,.F.);
#3522=ADVANCED_FACE('',(#3132),#3361,.T.);
#3523=ADVANCED_FACE('',(#3133),#3362,.T.);
#3524=ADVANCED_FACE('',(#3134),#3363,.T.);
#3525=ADVANCED_FACE('',(#3135),#3364,.T.);
#3526=ADVANCED_FACE('',(#3136,#3137,#3138),#3365,.T.);
#3527=ADVANCED_FACE('',(#3139),#3366,.F.);
#3528=ADVANCED_FACE('',(#3140),#3367,.F.);
#3529=ADVANCED_FACE('',(#3141),#3368,.F.);
#3530=ADVANCED_FACE('',(#3142),#194,.F.);
#3531=ADVANCED_FACE('',(#3143),#3369,.F.);
#3532=ADVANCED_FACE('',(#3144,#3145),#195,.F.);
#3533=ADVANCED_FACE('',(#3146,#3147),#196,.F.);
#3534=ADVANCED_FACE('',(#3148,#3149),#197,.F.);
#3535=ADVANCED_FACE('',(#3150,#3151),#3370,.F.);
#3536=ADVANCED_FACE('',(#3152),#3371,.F.);
#3537=ADVANCED_FACE('',(#3153),#3372,.F.);
#3538=ADVANCED_FACE('',(#3154),#3373,.T.);
#3539=ADVANCED_FACE('',(#3155),#3374,.T.);
#3540=ADVANCED_FACE('',(#3156),#3375,.T.);
#3541=ADVANCED_FACE('',(#3157),#3376,.T.);
#3542=ADVANCED_FACE('',(#3158,#3159,#3160),#3377,.T.);
#3543=ADVANCED_FACE('',(#3161),#3378,.F.);
#3544=ADVANCED_FACE('',(#3162),#3379,.F.);
#3545=ADVANCED_FACE('',(#3163),#3380,.F.);
#3546=ADVANCED_FACE('',(#3164),#3381,.F.);
#3547=ADVANCED_FACE('',(#3165),#3382,.F.);
#3548=ADVANCED_FACE('',(#3166),#3383,.F.);
#3549=ADVANCED_FACE('',(#3167),#3384,.F.);
#3550=ADVANCED_FACE('',(#3168),#3385,.F.);
#3551=ADVANCED_FACE('',(#3169),#3386,.F.);
#3552=ADVANCED_FACE('',(#3170,#3171,#3172,#3173,#3174,#3175,#3176,#3177,
#3178,#3179),#3387,.T.);
#3553=ADVANCED_FACE('',(#3180),#3388,.F.);
#3554=ADVANCED_FACE('',(#3181),#3389,.T.);
#3555=ADVANCED_FACE('',(#3182),#3390,.T.);
#3556=ADVANCED_FACE('',(#3183),#3391,.T.);
#3557=ADVANCED_FACE('',(#3184),#3392,.T.);
#3558=ADVANCED_FACE('',(#3185,#3186,#3187),#3393,.T.);
#3559=ADVANCED_FACE('',(#3188),#3394,.F.);
#3560=ADVANCED_FACE('',(#3189),#3395,.F.);
#3561=ADVANCED_FACE('',(#3190),#3396,.T.);
#3562=ADVANCED_FACE('',(#3191,#3192),#198,.F.);
#3563=ADVANCED_FACE('',(#3193,#3194),#3397,.F.);
#3564=ADVANCED_FACE('',(#3195,#3196),#199,.F.);
#3565=ADVANCED_FACE('',(#3197,#3198),#200,.F.);
#3566=ADVANCED_FACE('',(#3199),#3398,.F.);
#3567=ADVANCED_FACE('',(#3200),#3399,.F.);
#3568=ADVANCED_FACE('',(#3201),#3400,.F.);
#3569=ADVANCED_FACE('',(#3202),#3401,.F.);
#3570=ADVANCED_FACE('',(#3203),#3402,.F.);
#3571=ADVANCED_FACE('',(#3204),#3403,.F.);
#3572=ADVANCED_FACE('',(#3205),#3404,.F.);
#3573=ADVANCED_FACE('',(#3206),#3405,.F.);
#3574=ADVANCED_FACE('',(#3207),#3406,.F.);
#3575=ADVANCED_FACE('',(#3208),#201,.F.);
#3576=ADVANCED_FACE('',(#3209),#3407,.F.);
#3577=ADVANCED_FACE('',(#3210),#3408,.F.);
#3578=ADVANCED_FACE('',(#3211),#3409,.F.);
#3579=ADVANCED_FACE('',(#3212),#3410,.F.);
#3580=ADVANCED_FACE('',(#3213),#3411,.F.);
#3581=ADVANCED_FACE('',(#3214),#3412,.T.);
#3582=ADVANCED_FACE('',(#3215,#3216,#3217),#202,.F.);
#3583=ADVANCED_FACE('',(#3218,#3219),#3413,.F.);
#3584=ADVANCED_FACE('',(#3220),#3414,.F.);
#3585=ADVANCED_FACE('',(#3221,#3222),#3415,.F.);
#3586=ADVANCED_FACE('',(#3223),#3416,.F.);
#3587=ADVANCED_FACE('',(#3224,#3225),#3417,.T.);
#3588=ADVANCED_FACE('',(#3226,#3227),#3418,.F.);
#3589=ADVANCED_FACE('',(#3228,#3229),#203,.T.);
#3590=ADVANCED_FACE('',(#3230),#24,.T.);
#3591=ADVANCED_FACE('',(#3231,#3232),#204,.F.);
#3592=ADVANCED_FACE('',(#3233),#3419,.F.);
#3593=ADVANCED_FACE('',(#3234),#3420,.F.);
#3594=ADVANCED_FACE('',(#3235,#3236),#205,.F.);
#3595=ADVANCED_FACE('',(#3237),#3421,.F.);
#3596=ADVANCED_FACE('',(#3238,#3239),#3422,.F.);
#3597=ADVANCED_FACE('',(#3240,#3241),#3423,.T.);
#3598=ADVANCED_FACE('',(#3242),#206,.T.);
#3599=ADVANCED_FACE('',(#3243),#3424,.T.);
#3600=ADVANCED_FACE('',(#3244),#207,.F.);
#3601=ADVANCED_FACE('',(#3245),#3425,.F.);
#3602=ADVANCED_FACE('',(#3246),#3426,.F.);
#3603=ADVANCED_FACE('',(#3247),#3427,.T.);
#3604=ADVANCED_FACE('',(#3248),#3428,.T.);
#3605=ADVANCED_FACE('',(#3249),#3429,.F.);
#3606=ADVANCED_FACE('',(#3250),#208,.T.);
#3607=ADVANCED_FACE('',(#3251),#3430,.F.);
#3608=ADVANCED_FACE('',(#3252),#209,.F.);
#3609=ADVANCED_FACE('',(#3253),#3431,.T.);
#3610=ADVANCED_FACE('',(#3254),#3432,.T.);
#3611=ADVANCED_FACE('',(#3255),#3433,.F.);
#3612=ADVANCED_FACE('',(#3256),#3434,.F.);
#3613=ADVANCED_FACE('',(#3257),#3435,.T.);
#3614=ADVANCED_FACE('',(#3258),#210,.T.);
#3615=ADVANCED_FACE('',(#3259),#3436,.F.);
#3616=ADVANCED_FACE('',(#3260),#211,.F.);
#3617=ADVANCED_FACE('',(#3261),#3437,.T.);
#3618=ADVANCED_FACE('',(#3262),#3438,.T.);
#3619=ADVANCED_FACE('',(#3263),#3439,.T.);
#3620=ADVANCED_FACE('',(#3264),#3440,.F.);
#3621=ADVANCED_FACE('',(#3265),#3441,.F.);
#3622=ADVANCED_FACE('',(#3266),#3442,.T.);
#3623=ADVANCED_FACE('',(#3267),#3443,.T.);
#3624=ADVANCED_FACE('',(#3268),#3444,.F.);
#3625=ADVANCED_FACE('',(#3269),#3445,.F.);
#3626=ADVANCED_FACE('',(#3270),#3446,.F.);
#3627=ADVANCED_FACE('',(#3271),#3447,.T.);
#3628=ADVANCED_FACE('',(#3272),#3448,.F.);
#3629=ADVANCED_FACE('',(#3273),#20,.T.);
#3630=ADVANCED_FACE('',(#3274),#3449,.F.);
#3631=ADVANCED_FACE('',(#3275),#3450,.T.);
#3632=ADVANCED_FACE('',(#3276),#3451,.T.);
#3633=ADVANCED_FACE('',(#3277),#3452,.F.);
#3634=ADVANCED_FACE('',(#3278),#3453,.F.);
#3635=ADVANCED_FACE('',(#3279),#3454,.F.);
#3636=ADVANCED_FACE('',(#3280),#3455,.F.);
#3637=ADVANCED_FACE('',(#3281,#3282),#18,.T.);
#3638=ADVANCED_FACE('',(#3283,#3284),#3456,.T.);
#3639=ADVANCED_FACE('',(#3285,#3286),#212,.T.);
#3640=ADVANCED_FACE('',(#3287),#3457,.F.);
#3641=ADVANCED_FACE('',(#3288,#3289),#19,.T.);
#3642=ADVANCED_FACE('',(#3290,#3291),#21,.T.);
#3643=ADVANCED_FACE('',(#3292),#22,.T.);
#3644=ADVANCED_FACE('',(#3293),#3458,.F.);
#3645=ADVANCED_FACE('',(#3294),#3459,.F.);
#3646=ADVANCED_FACE('',(#3295),#3460,.T.);
#3647=ADVANCED_FACE('',(#3296),#3461,.F.);
#3648=ADVANCED_FACE('',(#3297),#3462,.F.);
#3649=ADVANCED_FACE('',(#3298),#3463,.F.);
#3650=ADVANCED_FACE('',(#3299),#3464,.F.);
#3651=ADVANCED_FACE('',(#3300),#3465,.F.);
#3652=ADVANCED_FACE('',(#3301,#3302),#213,.F.);
#3653=ADVANCED_FACE('',(#3303),#214,.F.);
#3654=ADVANCED_FACE('',(#3304),#215,.F.);
#3655=ADVANCED_FACE('',(#3305,#3306),#23,.F.);
#3656=ADVANCED_FACE('',(#3307),#216,.T.);
#3657=ADVANCED_FACE('',(#3308),#217,.T.);
#3658=ADVANCED_FACE('',(#3309),#218,.T.);
#3659=ADVANCED_FACE('',(#3310),#219,.T.);
#3660=ADVANCED_FACE('',(#3311),#220,.T.);
#3661=ADVANCED_FACE('',(#3312),#221,.T.);
#3662=ADVANCED_FACE('',(#3313),#222,.T.);
#3663=ADVANCED_FACE('',(#3314),#223,.T.);
#3664=ADVANCED_FACE('',(#3315),#224,.F.);
#3665=ADVANCED_FACE('',(#3316),#225,.F.);
#3666=CLOSED_SHELL('',(#3466,#3467,#3468,#3469,#3470,#3471,#3472,#3473,
#3474,#3475,#3476,#3477,#3478,#3479,#3480,#3481,#3482,#3483,#3484,#3485,
#3486,#3487,#3488,#3489,#3490,#3491,#3492,#3493,#3494,#3495,#3496,#3497,
#3498,#3499,#3500,#3501,#3502,#3503,#3504,#3505,#3506,#3507,#3508,#3509,
#3510,#3511,#3512,#3513,#3514,#3515,#3516,#3517,#3518,#3519,#3520,#3521,
#3522,#3523,#3524,#3525,#3526,#3527,#3528,#3529,#3530,#3531,#3532,#3533,
#3534,#3535,#3536,#3537,#3538,#3539,#3540,#3541,#3542,#3543,#3544,#3545,
#3546,#3547,#3548,#3549,#3550,#3551,#3552,#3553,#3554,#3555,#3556,#3557,
#3558,#3559,#3560,#3561,#3562,#3563,#3564,#3565,#3566,#3567,#3568,#3569,
#3570,#3571,#3572,#3573,#3574,#3575,#3576,#3577,#3578,#3579,#3580,#3581));
#3667=CLOSED_SHELL('',(#3582,#3583,#3584,#3585,#3586,#3587,#3588,#3589,
#3590,#3591));
#3668=CLOSED_SHELL('',(#3592,#3593,#3594,#3595,#3596,#3597,#3598,#3599,
#3600,#3601,#3602,#3603,#3604,#3605,#3606,#3607,#3608,#3609,#3610,#3611,
#3612,#3613,#3614,#3615,#3616,#3617,#3618,#3619,#3620,#3621,#3622,#3623,
#3624,#3625,#3626));
#3669=CLOSED_SHELL('',(#3627,#3628,#3629,#3630,#3631,#3632,#3633,#3634,
#3635,#3636,#3637,#3638,#3639,#3640,#3641,#3642,#3643,#3644,#3645,#3646,
#3647,#3648,#3649,#3650,#3651,#3652,#3653,#3654,#3655,#3656,#3657,#3658,
#3659,#3660,#3661,#3662,#3663,#3664,#3665));
#3670=STYLED_ITEM('',(#3674),#3700);
#3671=STYLED_ITEM('',(#3675),#3701);
#3672=STYLED_ITEM('',(#3676),#3702);
#3673=STYLED_ITEM('',(#3677),#3703);
#3674=PRESENTATION_STYLE_ASSIGNMENT((#3678));
#3675=PRESENTATION_STYLE_ASSIGNMENT((#3679));
#3676=PRESENTATION_STYLE_ASSIGNMENT((#3680));
#3677=PRESENTATION_STYLE_ASSIGNMENT((#3681));
#3678=SURFACE_STYLE_USAGE(.BOTH.,#3682);
#3679=SURFACE_STYLE_USAGE(.BOTH.,#3683);
#3680=SURFACE_STYLE_USAGE(.BOTH.,#3684);
#3681=SURFACE_STYLE_USAGE(.BOTH.,#3685);
#3682=SURFACE_SIDE_STYLE('',(#3686));
#3683=SURFACE_SIDE_STYLE('',(#3687));
#3684=SURFACE_SIDE_STYLE('',(#3688));
#3685=SURFACE_SIDE_STYLE('',(#3689));
#3686=SURFACE_STYLE_FILL_AREA(#3690);
#3687=SURFACE_STYLE_FILL_AREA(#3691);
#3688=SURFACE_STYLE_FILL_AREA(#3692);
#3689=SURFACE_STYLE_FILL_AREA(#3693);
#3690=FILL_AREA_STYLE('',(#3694));
#3691=FILL_AREA_STYLE('',(#3695));
#3692=FILL_AREA_STYLE('',(#3696));
#3693=FILL_AREA_STYLE('',(#3697));
#3694=FILL_AREA_STYLE_COLOUR('',#3698);
#3695=FILL_AREA_STYLE_COLOUR('',#3699);
#3696=FILL_AREA_STYLE_COLOUR('',#3699);
#3697=FILL_AREA_STYLE_COLOUR('',#3699);
#3698=COLOUR_RGB('',0.211764708161354,0.435451000928879,0.69803923368454);
#3699=COLOUR_RGB('',0.699999988079071,0.699999988079071,0.699999988079071);
#3700=MANIFOLD_SOLID_BREP('',#3666);
#3701=MANIFOLD_SOLID_BREP('',#3667);
#3702=MANIFOLD_SOLID_BREP('',#3668);
#3703=MANIFOLD_SOLID_BREP('',#3669);
#3704=SHAPE_DEFINITION_REPRESENTATION(#6127,#3710);
#3705=SHAPE_DEFINITION_REPRESENTATION(#6126,#3711);
#3706=SHAPE_DEFINITION_REPRESENTATION(#6130,#3712);
#3707=SHAPE_DEFINITION_REPRESENTATION(#6129,#3713);
#3708=SHAPE_DEFINITION_REPRESENTATION(#6132,#3714);
#3709=SHAPE_DEFINITION_REPRESENTATION(#6134,#3715);
#3710=SHAPE_REPRESENTATION('KLS2-301-05_body',(#3716),#6112);
#3711=SHAPE_REPRESENTATION('KLS2-301-05P',(#3716,#3873,#4025,#4026,#4027,
#4028,#4029),#6111);
#3712=SHAPE_REPRESENTATION('KLS2-301_pin_body',(#3716),#6114);
#3713=SHAPE_REPRESENTATION('KLS2-301pin',(#3716,#3889,#3939,#4024),#6113);
#3714=SHAPE_REPRESENTATION('KLS2-301_spring',(#3716),#6115);
#3715=SHAPE_REPRESENTATION('KLS2-301_screw_S',(#3716),#6116);
#3716=AXIS2_PLACEMENT_3D('',#5039,#4030,#4031);
#3717=AXIS2_PLACEMENT_3D('',#5040,#4032,#4033);
#3718=AXIS2_PLACEMENT_3D('',#5049,#4038,#4039);
#3719=AXIS2_PLACEMENT_3D('',#5055,#4043,#4044);
#3720=AXIS2_PLACEMENT_3D('',#5061,#4048,#4049);
#3721=AXIS2_PLACEMENT_3D('',#5064,#4052,#4053);
#3722=AXIS2_PLACEMENT_3D('',#5065,#4054,#4055);
#3723=AXIS2_PLACEMENT_3D('',#5074,#4060,#4061);
#3724=AXIS2_PLACEMENT_3D('',#5080,#4065,#4066);
#3725=AXIS2_PLACEMENT_3D('',#5086,#4070,#4071);
#3726=AXIS2_PLACEMENT_3D('',#5089,#4074,#4075);
#3727=AXIS2_PLACEMENT_3D('',#5090,#4076,#4077);
#3728=AXIS2_PLACEMENT_3D('',#5099,#4082,#4083);
#3729=AXIS2_PLACEMENT_3D('',#5105,#4087,#4088);
#3730=AXIS2_PLACEMENT_3D('',#5111,#4092,#4093);
#3731=AXIS2_PLACEMENT_3D('',#5114,#4096,#4097);
#3732=AXIS2_PLACEMENT_3D('',#5115,#4098,#4099);
#3733=AXIS2_PLACEMENT_3D('',#5124,#4104,#4105);
#3734=AXIS2_PLACEMENT_3D('',#5125,#4106,#4107);
#3735=AXIS2_PLACEMENT_3D('',#5127,#4108,#4109);
#3736=AXIS2_PLACEMENT_3D('',#5130,#4111,#4112);
#3737=AXIS2_PLACEMENT_3D('',#5136,#4116,#4117);
#3738=AXIS2_PLACEMENT_3D('',#5137,#4118,#4119);
#3739=AXIS2_PLACEMENT_3D('',#5139,#4120,#4121);
#3740=AXIS2_PLACEMENT_3D('',#5141,#4122,#4123);
#3741=AXIS2_PLACEMENT_3D('',#5142,#4124,#4125);
#3742=AXIS2_PLACEMENT_3D('',#5144,#4126,#4127);
#3743=AXIS2_PLACEMENT_3D('',#5146,#4128,#4129);
#3744=AXIS2_PLACEMENT_3D('',#5147,#4130,#4131);
#3745=AXIS2_PLACEMENT_3D('',#5149,#4132,#4133);
#3746=AXIS2_PLACEMENT_3D('',#5151,#4134,#4135);
#3747=AXIS2_PLACEMENT_3D('',#5152,#4136,#4137);
#3748=AXIS2_PLACEMENT_3D('',#5161,#4142,#4143);
#3749=AXIS2_PLACEMENT_3D('',#5170,#4148,#4149);
#3750=AXIS2_PLACEMENT_3D('',#5173,#4152,#4153);
#3751=AXIS2_PLACEMENT_3D('',#5182,#4158,#4159);
#3752=AXIS2_PLACEMENT_3D('',#5190,#4165,#4166);
#3753=AXIS2_PLACEMENT_3D('',#5196,#4170,#4171);
#3754=AXIS2_PLACEMENT_3D('',#5200,#4175,#4176);
#3755=AXIS2_PLACEMENT_3D('',#5201,#4177,#4178);
#3756=AXIS2_PLACEMENT_3D('',#5202,#4179,#4180);
#3757=AXIS2_PLACEMENT_3D('',#5211,#4185,#4186);
#3758=AXIS2_PLACEMENT_3D('',#5212,#4187,#4188);
#3759=AXIS2_PLACEMENT_3D('',#5214,#4189,#4190);
#3760=AXIS2_PLACEMENT_3D('',#5217,#4192,#4193);
#3761=AXIS2_PLACEMENT_3D('',#5223,#4197,#4198);
#3762=AXIS2_PLACEMENT_3D('',#5224,#4199,#4200);
#3763=AXIS2_PLACEMENT_3D('',#5226,#4201,#4202);
#3764=AXIS2_PLACEMENT_3D('',#5228,#4203,#4204);
#3765=AXIS2_PLACEMENT_3D('',#5229,#4205,#4206);
#3766=AXIS2_PLACEMENT_3D('',#5231,#4207,#4208);
#3767=AXIS2_PLACEMENT_3D('',#5233,#4209,#4210);
#3768=AXIS2_PLACEMENT_3D('',#5234,#4211,#4212);
#3769=AXIS2_PLACEMENT_3D('',#5236,#4213,#4214);
#3770=AXIS2_PLACEMENT_3D('',#5238,#4215,#4216);
#3771=AXIS2_PLACEMENT_3D('',#5239,#4217,#4218);
#3772=AXIS2_PLACEMENT_3D('',#5248,#4223,#4224);
#3773=AXIS2_PLACEMENT_3D('',#5257,#4229,#4230);
#3774=AXIS2_PLACEMENT_3D('',#5260,#4233,#4234);
#3775=AXIS2_PLACEMENT_3D('',#5269,#4239,#4240);
#3776=AXIS2_PLACEMENT_3D('',#5277,#4246,#4247);
#3777=AXIS2_PLACEMENT_3D('',#5283,#4251,#4252);
#3778=AXIS2_PLACEMENT_3D('',#5287,#4256,#4257);
#3779=AXIS2_PLACEMENT_3D('',#5288,#4258,#4259);
#3780=AXIS2_PLACEMENT_3D('',#5289,#4260,#4261);
#3781=AXIS2_PLACEMENT_3D('',#5298,#4266,#4267);
#3782=AXIS2_PLACEMENT_3D('',#5299,#4268,#4269);
#3783=AXIS2_PLACEMENT_3D('',#5301,#4270,#4271);
#3784=AXIS2_PLACEMENT_3D('',#5304,#4273,#4274);
#3785=AXIS2_PLACEMENT_3D('',#5310,#4278,#4279);
#3786=AXIS2_PLACEMENT_3D('',#5311,#4280,#4281);
#3787=AXIS2_PLACEMENT_3D('',#5313,#4282,#4283);
#3788=AXIS2_PLACEMENT_3D('',#5315,#4284,#4285);
#3789=AXIS2_PLACEMENT_3D('',#5316,#4286,#4287);
#3790=AXIS2_PLACEMENT_3D('',#5318,#4288,#4289);
#3791=AXIS2_PLACEMENT_3D('',#5320,#4290,#4291);
#3792=AXIS2_PLACEMENT_3D('',#5321,#4292,#4293);
#3793=AXIS2_PLACEMENT_3D('',#5323,#4294,#4295);
#3794=AXIS2_PLACEMENT_3D('',#5325,#4296,#4297);
#3795=AXIS2_PLACEMENT_3D('',#5326,#4298,#4299);
#3796=AXIS2_PLACEMENT_3D('',#5335,#4304,#4305);
#3797=AXIS2_PLACEMENT_3D('',#5344,#4310,#4311);
#3798=AXIS2_PLACEMENT_3D('',#5347,#4314,#4315);
#3799=AXIS2_PLACEMENT_3D('',#5356,#4320,#4321);
#3800=AXIS2_PLACEMENT_3D('',#5364,#4327,#4328);
#3801=AXIS2_PLACEMENT_3D('',#5370,#4332,#4333);
#3802=AXIS2_PLACEMENT_3D('',#5374,#4337,#4338);
#3803=AXIS2_PLACEMENT_3D('',#5375,#4339,#4340);
#3804=AXIS2_PLACEMENT_3D('',#5376,#4341,#4342);
#3805=AXIS2_PLACEMENT_3D('',#5385,#4347,#4348);
#3806=AXIS2_PLACEMENT_3D('',#5386,#4349,#4350);
#3807=AXIS2_PLACEMENT_3D('',#5388,#4351,#4352);
#3808=AXIS2_PLACEMENT_3D('',#5391,#4354,#4355);
#3809=AXIS2_PLACEMENT_3D('',#5397,#4359,#4360);
#3810=AXIS2_PLACEMENT_3D('',#5398,#4361,#4362);
#3811=AXIS2_PLACEMENT_3D('',#5400,#4363,#4364);
#3812=AXIS2_PLACEMENT_3D('',#5402,#4365,#4366);
#3813=AXIS2_PLACEMENT_3D('',#5403,#4367,#4368);
#3814=AXIS2_PLACEMENT_3D('',#5405,#4369,#4370);
#3815=AXIS2_PLACEMENT_3D('',#5407,#4371,#4372);
#3816=AXIS2_PLACEMENT_3D('',#5408,#4373,#4374);
#3817=AXIS2_PLACEMENT_3D('',#5410,#4375,#4376);
#3818=AXIS2_PLACEMENT_3D('',#5412,#4377,#4378);
#3819=AXIS2_PLACEMENT_3D('',#5413,#4379,#4380);
#3820=AXIS2_PLACEMENT_3D('',#5422,#4385,#4386);
#3821=AXIS2_PLACEMENT_3D('',#5431,#4391,#4392);
#3822=AXIS2_PLACEMENT_3D('',#5434,#4395,#4396);
#3823=AXIS2_PLACEMENT_3D('',#5443,#4401,#4402);
#3824=AXIS2_PLACEMENT_3D('',#5451,#4408,#4409);
#3825=AXIS2_PLACEMENT_3D('',#5457,#4413,#4414);
#3826=AXIS2_PLACEMENT_3D('',#5461,#4418,#4419);
#3827=AXIS2_PLACEMENT_3D('',#5462,#4420,#4421);
#3828=AXIS2_PLACEMENT_3D('',#5463,#4422,#4423);
#3829=AXIS2_PLACEMENT_3D('',#5484,#4434,#4435);
#3830=AXIS2_PLACEMENT_3D('',#5493,#4441,#4442);
#3831=AXIS2_PLACEMENT_3D('',#5497,#4446,#4447);
#3832=AXIS2_PLACEMENT_3D('',#5506,#4452,#4453);
#3833=AXIS2_PLACEMENT_3D('',#5515,#4458,#4459);
#3834=AXIS2_PLACEMENT_3D('',#5541,#4475,#4476);
#3835=AXIS2_PLACEMENT_3D('',#5556,#4485,#4486);
#3836=AXIS2_PLACEMENT_3D('',#5558,#4488,#4489);
#3837=AXIS2_PLACEMENT_3D('',#5567,#4494,#4495);
#3838=AXIS2_PLACEMENT_3D('',#5570,#4497,#4498);
#3839=AXIS2_PLACEMENT_3D('',#5573,#4500,#4501);
#3840=AXIS2_PLACEMENT_3D('',#5586,#4509,#4510);
#3841=AXIS2_PLACEMENT_3D('',#5587,#4511,#4512);
#3842=AXIS2_PLACEMENT_3D('',#5590,#4515,#4516);
#3843=AXIS2_PLACEMENT_3D('',#5593,#4518,#4519);
#3844=AXIS2_PLACEMENT_3D('',#5602,#4525,#4526);
#3845=AXIS2_PLACEMENT_3D('',#5604,#4528,#4529);
#3846=AXIS2_PLACEMENT_3D('',#5605,#4530,#4531);
#3847=AXIS2_PLACEMENT_3D('',#5607,#4532,#4533);
#3848=AXIS2_PLACEMENT_3D('',#5614,#4537,#4538);
#3849=AXIS2_PLACEMENT_3D('',#5616,#4540,#4541);
#3850=AXIS2_PLACEMENT_3D('',#5618,#4543,#4544);
#3851=AXIS2_PLACEMENT_3D('',#5619,#4545,#4546);
#3852=AXIS2_PLACEMENT_3D('',#5620,#4547,#4548);
#3853=AXIS2_PLACEMENT_3D('',#5622,#4549,#4550);
#3854=AXIS2_PLACEMENT_3D('',#5623,#4551,#4552);
#3855=AXIS2_PLACEMENT_3D('',#5625,#4553,#4554);
#3856=AXIS2_PLACEMENT_3D('',#5626,#4555,#4556);
#3857=AXIS2_PLACEMENT_3D('',#5627,#4557,#4558);
#3858=AXIS2_PLACEMENT_3D('',#5633,#4562,#4563);
#3859=AXIS2_PLACEMENT_3D('',#5635,#4565,#4566);
#3860=AXIS2_PLACEMENT_3D('',#5637,#4568,#4569);
#3861=AXIS2_PLACEMENT_3D('',#5638,#4570,#4571);
#3862=AXIS2_PLACEMENT_3D('',#5642,#4574,#4575);
#3863=AXIS2_PLACEMENT_3D('',#5646,#4578,#4579);
#3864=AXIS2_PLACEMENT_3D('',#5648,#4581,#4582);
#3865=AXIS2_PLACEMENT_3D('',#5649,#4583,#4584);
#3866=AXIS2_PLACEMENT_3D('',#5651,#4586,#4587);
#3867=AXIS2_PLACEMENT_3D('',#5653,#4589,#4590);
#3868=AXIS2_PLACEMENT_3D('',#5654,#4591,#4592);
#3869=AXIS2_PLACEMENT_3D('',#5660,#4596,#4597);
#3870=AXIS2_PLACEMENT_3D('',#5664,#4600,#4601);
#3871=AXIS2_PLACEMENT_3D('',#5668,#4604,#4605);
#3872=AXIS2_PLACEMENT_3D('',#5670,#4607,#4608);
#3873=AXIS2_PLACEMENT_3D('',#5671,#4609,#4610);
#3874=AXIS2_PLACEMENT_3D('',#5672,#4611,#4612);
#3875=AXIS2_PLACEMENT_3D('',#5685,#4613,#4614);
#3876=AXIS2_PLACEMENT_3D('',#5687,#4615,#4616);
#3877=AXIS2_PLACEMENT_3D('',#5689,#4617,#4618);
#3878=AXIS2_PLACEMENT_3D('',#5698,#4623,#4624);
#3879=AXIS2_PLACEMENT_3D('',#5704,#4628,#4629);
#3880=AXIS2_PLACEMENT_3D('',#5710,#4633,#4634);
#3881=AXIS2_PLACEMENT_3D('',#5713,#4637,#4638);
#3882=AXIS2_PLACEMENT_3D('',#5714,#4639,#4640);
#3883=AXIS2_PLACEMENT_3D('',#5716,#4641,#4642);
#3884=AXIS2_PLACEMENT_3D('',#5717,#4643,#4644);
#3885=AXIS2_PLACEMENT_3D('',#5719,#4645,#4646);
#3886=AXIS2_PLACEMENT_3D('',#5720,#4647,#4648);
#3887=AXIS2_PLACEMENT_3D('',#5722,#4649,#4650);
#3888=AXIS2_PLACEMENT_3D('',#5723,#4651,#4652);
#3889=AXIS2_PLACEMENT_3D('',#5724,#4653,#4654);
#3890=AXIS2_PLACEMENT_3D('',#5725,#4655,#4656);
#3891=AXIS2_PLACEMENT_3D('',#5734,#4661,#4662);
#3892=AXIS2_PLACEMENT_3D('',#5743,#4667,#4668);
#3893=AXIS2_PLACEMENT_3D('',#5744,#4669,#4670);
#3894=AXIS2_PLACEMENT_3D('',#5746,#4671,#4672);
#3895=AXIS2_PLACEMENT_3D('',#5748,#4673,#4674);
#3896=AXIS2_PLACEMENT_3D('',#5757,#4679,#4680);
#3897=AXIS2_PLACEMENT_3D('',#5765,#4686,#4687);
#3898=AXIS2_PLACEMENT_3D('',#5773,#4693,#4694);
#3899=AXIS2_PLACEMENT_3D('',#5774,#4695,#4696);
#3900=AXIS2_PLACEMENT_3D('',#5778,#4698,#4699);
#3901=AXIS2_PLACEMENT_3D('',#5779,#4700,#4701);
#3902=AXIS2_PLACEMENT_3D('',#5780,#4702,#4703);
#3903=AXIS2_PLACEMENT_3D('',#5783,#4705,#4706);
#3904=AXIS2_PLACEMENT_3D('',#5784,#4707,#4708);
#3905=AXIS2_PLACEMENT_3D('',#5787,#4710,#4711);
#3906=AXIS2_PLACEMENT_3D('',#5789,#4713,#4714);
#3907=AXIS2_PLACEMENT_3D('',#5795,#4718,#4719);
#3908=AXIS2_PLACEMENT_3D('',#5801,#4723,#4724);
#3909=AXIS2_PLACEMENT_3D('',#5803,#4726,#4727);
#3910=AXIS2_PLACEMENT_3D('',#5805,#4729,#4730);
#3911=AXIS2_PLACEMENT_3D('',#5806,#4731,#4732);
#3912=AXIS2_PLACEMENT_3D('',#5808,#4733,#4734);
#3913=AXIS2_PLACEMENT_3D('',#5811,#4736,#4737);
#3914=AXIS2_PLACEMENT_3D('',#5814,#4739,#4740);
#3915=AXIS2_PLACEMENT_3D('',#5815,#4741,#4742);
#3916=AXIS2_PLACEMENT_3D('',#5818,#4744,#4745);
#3917=AXIS2_PLACEMENT_3D('',#5819,#4746,#4747);
#3918=AXIS2_PLACEMENT_3D('',#5821,#4749,#4750);
#3919=AXIS2_PLACEMENT_3D('',#5827,#4754,#4755);
#3920=AXIS2_PLACEMENT_3D('',#5831,#4758,#4759);
#3921=AXIS2_PLACEMENT_3D('',#5835,#4762,#4763);
#3922=AXIS2_PLACEMENT_3D('',#5837,#4765,#4766);
#3923=AXIS2_PLACEMENT_3D('',#5838,#4767,#4768);
#3924=AXIS2_PLACEMENT_3D('',#5840,#4769,#4770);
#3925=AXIS2_PLACEMENT_3D('',#5843,#4772,#4773);
#3926=AXIS2_PLACEMENT_3D('',#5846,#4775,#4776);
#3927=AXIS2_PLACEMENT_3D('',#5847,#4777,#4778);
#3928=AXIS2_PLACEMENT_3D('',#5850,#4780,#4781);
#3929=AXIS2_PLACEMENT_3D('',#5851,#4782,#4783);
#3930=AXIS2_PLACEMENT_3D('',#5853,#4785,#4786);
#3931=AXIS2_PLACEMENT_3D('',#5862,#4791,#4792);
#3932=AXIS2_PLACEMENT_3D('',#5865,#4795,#4796);
#3933=AXIS2_PLACEMENT_3D('',#5868,#4799,#4800);
#3934=AXIS2_PLACEMENT_3D('',#5869,#4801,#4802);
#3935=AXIS2_PLACEMENT_3D('',#5870,#4803,#4804);
#3936=AXIS2_PLACEMENT_3D('',#5872,#4806,#4807);
#3937=AXIS2_PLACEMENT_3D('',#5873,#4808,#4809);
#3938=AXIS2_PLACEMENT_3D('',#5875,#4811,#4812);
#3939=AXIS2_PLACEMENT_3D('',#5876,#4813,#4814);
#3940=AXIS2_PLACEMENT_3D('',#5877,#4815,#4816);
#3941=AXIS2_PLACEMENT_3D('',#5878,#4817,#4818);
#3942=AXIS2_PLACEMENT_3D('',#5883,#4820,#4821);
#3943=AXIS2_PLACEMENT_3D('',#5885,#4822,#4823);
#3944=AXIS2_PLACEMENT_3D('',#5887,#4824,#4825);
#3945=AXIS2_PLACEMENT_3D('',#5890,#4827,#4828);
#3946=AXIS2_PLACEMENT_3D('',#5904,#4831,#4832);
#3947=AXIS2_PLACEMENT_3D('',#5905,#4833,#4834);
#3948=AXIS2_PLACEMENT_3D('',#5912,#4835,#4836);
#3949=AXIS2_PLACEMENT_3D('',#5913,#4837,#4838);
#3950=AXIS2_PLACEMENT_3D('',#5914,#4839,#4840);
#3951=AXIS2_PLACEMENT_3D('',#5917,#4841,#4842);
#3952=AXIS2_PLACEMENT_3D('',#5920,#4844,#4845);
#3953=AXIS2_PLACEMENT_3D('',#5922,#4846,#4847);
#3954=AXIS2_PLACEMENT_3D('',#5924,#4848,#4849);
#3955=AXIS2_PLACEMENT_3D('',#5928,#4851,#4852);
#3956=AXIS2_PLACEMENT_3D('',#5932,#4854,#4855);
#3957=AXIS2_PLACEMENT_3D('',#5936,#4857,#4858);
#3958=AXIS2_PLACEMENT_3D('',#5937,#4859,#4860);
#3959=AXIS2_PLACEMENT_3D('',#5941,#4862,#4863);
#3960=AXIS2_PLACEMENT_3D('',#5945,#4865,#4866);
#3961=AXIS2_PLACEMENT_3D('',#5949,#4868,#4869);
#3962=AXIS2_PLACEMENT_3D('',#5951,#4870,#4871);
#3963=AXIS2_PLACEMENT_3D('',#5953,#4872,#4873);
#3964=AXIS2_PLACEMENT_3D('',#5954,#4874,#4875);
#3965=AXIS2_PLACEMENT_3D('',#5955,#4876,#4877);
#3966=AXIS2_PLACEMENT_3D('',#5958,#4878,#4879);
#3967=AXIS2_PLACEMENT_3D('',#5962,#4881,#4882);
#3968=AXIS2_PLACEMENT_3D('',#5966,#4884,#4885);
#3969=AXIS2_PLACEMENT_3D('',#5970,#4887,#4888);
#3970=AXIS2_PLACEMENT_3D('',#5971,#4889,#4890);
#3971=AXIS2_PLACEMENT_3D('',#5988,#4894,#4895);
#3972=AXIS2_PLACEMENT_3D('',#5991,#4898,#4899);
#3973=AXIS2_PLACEMENT_3D('',#5997,#4903,#4904);
#3974=AXIS2_PLACEMENT_3D('',#5998,#4905,#4906);
#3975=AXIS2_PLACEMENT_3D('',#6001,#4907,#4908);
#3976=AXIS2_PLACEMENT_3D('',#6002,#4909,#4910);
#3977=AXIS2_PLACEMENT_3D('',#6006,#4912,#4913);
#3978=AXIS2_PLACEMENT_3D('',#6010,#4915,#4916);
#3979=AXIS2_PLACEMENT_3D('',#6012,#4917,#4918);
#3980=AXIS2_PLACEMENT_3D('',#6014,#4919,#4920);
#3981=AXIS2_PLACEMENT_3D('',#6015,#4921,#4922);
#3982=AXIS2_PLACEMENT_3D('',#6019,#4924,#4925);
#3983=AXIS2_PLACEMENT_3D('',#6020,#4926,#4927);
#3984=AXIS2_PLACEMENT_3D('',#6021,#4928,#4929);
#3985=AXIS2_PLACEMENT_3D('',#6023,#4930,#4931);
#3986=AXIS2_PLACEMENT_3D('',#6034,#4932,#4933);
#3987=AXIS2_PLACEMENT_3D('',#6035,#4934,#4935);
#3988=AXIS2_PLACEMENT_3D('',#6036,#4936,#4937);
#3989=AXIS2_PLACEMENT_3D('',#6038,#4938,#4939);
#3990=AXIS2_PLACEMENT_3D('',#6040,#4940,#4941);
#3991=AXIS2_PLACEMENT_3D('',#6041,#4942,#4943);
#3992=AXIS2_PLACEMENT_3D('',#6043,#4944,#4945);
#3993=AXIS2_PLACEMENT_3D('',#6044,#4946,#4947);
#3994=AXIS2_PLACEMENT_3D('',#6046,#4948,#4949);
#3995=AXIS2_PLACEMENT_3D('',#6047,#4950,#4951);
#3996=AXIS2_PLACEMENT_3D('',#6048,#4952,#4953);
#3997=AXIS2_PLACEMENT_3D('',#6053,#4954,#4955);
#3998=AXIS2_PLACEMENT_3D('',#6055,#4957,#4958);
#3999=AXIS2_PLACEMENT_3D('',#6059,#4961,#4962);
#4000=AXIS2_PLACEMENT_3D('',#6060,#4963,#4964);
#4001=AXIS2_PLACEMENT_3D('',#6062,#4965,#4966);
#4002=AXIS2_PLACEMENT_3D('',#6064,#4967,#4968);
#4003=AXIS2_PLACEMENT_3D('',#6065,#4969,#4970);
#4004=AXIS2_PLACEMENT_3D('',#6068,#4973,#4974);
#4005=AXIS2_PLACEMENT_3D('',#6071,#4977,#4978);
#4006=AXIS2_PLACEMENT_3D('',#6074,#4981,#4982);
#4007=AXIS2_PLACEMENT_3D('',#6077,#4985,#4986);
#4008=AXIS2_PLACEMENT_3D('',#6078,#4987,#4988);
#4009=AXIS2_PLACEMENT_3D('',#6080,#4989,#4990);
#4010=AXIS2_PLACEMENT_3D('',#6081,#4991,#4992);
#4011=AXIS2_PLACEMENT_3D('',#6091,#5001,#5002);
#4012=AXIS2_PLACEMENT_3D('',#6092,#5003,#5004);
#4013=AXIS2_PLACEMENT_3D('',#6093,#5005,#5006);
#4014=AXIS2_PLACEMENT_3D('',#6094,#5007,#5008);
#4015=AXIS2_PLACEMENT_3D('',#6095,#5009,#5010);
#4016=AXIS2_PLACEMENT_3D('',#6096,#5011,#5012);
#4017=AXIS2_PLACEMENT_3D('',#6097,#5013,#5014);
#4018=AXIS2_PLACEMENT_3D('',#6098,#5015,#5016);
#4019=AXIS2_PLACEMENT_3D('',#6099,#5017,#5018);
#4020=AXIS2_PLACEMENT_3D('',#6100,#5019,#5020);
#4021=AXIS2_PLACEMENT_3D('',#6101,#5021,#5022);
#4022=AXIS2_PLACEMENT_3D('',#6102,#5023,#5024);
#4023=AXIS2_PLACEMENT_3D('',#6103,#5025,#5026);
#4024=AXIS2_PLACEMENT_3D('',#6104,#5027,#5028);
#4025=AXIS2_PLACEMENT_3D('',#6105,#5029,#5030);
#4026=AXIS2_PLACEMENT_3D('',#6106,#5031,#5032);
#4027=AXIS2_PLACEMENT_3D('',#6107,#5033,#5034);
#4028=AXIS2_PLACEMENT_3D('',#6108,#5035,#5036);
#4029=AXIS2_PLACEMENT_3D('',#6109,#5037,#5038);
#4030=DIRECTION('',(0.,0.,1.));
#4031=DIRECTION('',(1.,0.,0.));
#4032=DIRECTION('',(0.,-1.,0.));
#4033=DIRECTION('',(0.,0.,-1.));
#4034=DIRECTION('',(1.,0.,0.));
#4035=DIRECTION('',(0.,0.,1.));
#4036=DIRECTION('',(1.,0.,0.));
#4037=DIRECTION('',(0.,0.,1.));
#4038=DIRECTION('',(1.,0.,0.));
#4039=DIRECTION('',(0.,0.,-1.));
#4040=DIRECTION('',(0.,1.,0.));
#4041=DIRECTION('',(0.,0.,1.));
#4042=DIRECTION('',(0.,1.,0.));
#4043=DIRECTION('',(0.,1.,0.));
#4044=DIRECTION('',(0.,0.,1.));
#4045=DIRECTION('',(-1.,0.,0.));
#4046=DIRECTION('',(0.,0.,1.));
#4047=DIRECTION('',(-1.,0.,0.));
#4048=DIRECTION('',(-1.,0.,0.));
#4049=DIRECTION('',(0.,0.,1.));
#4050=DIRECTION('',(0.,-1.,0.));
#4051=DIRECTION('',(0.,-1.,0.));
#4052=DIRECTION('',(0.,0.,1.));
#4053=DIRECTION('',(1.,0.,0.));
#4054=DIRECTION('',(0.,-1.,0.));
#4055=DIRECTION('',(0.,0.,-1.));
#4056=DIRECTION('',(1.,0.,0.));
#4057=DIRECTION('',(0.,0.,1.));
#4058=DIRECTION('',(1.,0.,0.));
#4059=DIRECTION('',(0.,0.,1.));
#4060=DIRECTION('',(1.,0.,0.));
#4061=DIRECTION('',(0.,0.,-1.));
#4062=DIRECTION('',(0.,1.,0.));
#4063=DIRECTION('',(0.,0.,1.));
#4064=DIRECTION('',(0.,1.,0.));
#4065=DIRECTION('',(0.,1.,0.));
#4066=DIRECTION('',(0.,0.,1.));
#4067=DIRECTION('',(-1.,0.,0.));
#4068=DIRECTION('',(0.,0.,1.));
#4069=DIRECTION('',(-1.,0.,0.));
#4070=DIRECTION('',(-1.,0.,0.));
#4071=DIRECTION('',(0.,0.,1.));
#4072=DIRECTION('',(0.,-1.,0.));
#4073=DIRECTION('',(0.,-1.,0.));
#4074=DIRECTION('',(0.,0.,1.));
#4075=DIRECTION('',(1.,0.,0.));
#4076=DIRECTION('',(0.,-1.,0.));
#4077=DIRECTION('',(0.,0.,-1.));
#4078=DIRECTION('',(1.,0.,0.));
#4079=DIRECTION('',(0.,0.,1.));
#4080=DIRECTION('',(1.,0.,0.));
#4081=DIRECTION('',(0.,0.,1.));
#4082=DIRECTION('',(1.,0.,0.));
#4083=DIRECTION('',(0.,0.,-1.));
#4084=DIRECTION('',(0.,1.,0.));
#4085=DIRECTION('',(0.,0.,1.));
#4086=DIRECTION('',(0.,1.,0.));
#4087=DIRECTION('',(0.,1.,0.));
#4088=DIRECTION('',(0.,0.,1.));
#4089=DIRECTION('',(-1.,0.,0.));
#4090=DIRECTION('',(0.,0.,1.));
#4091=DIRECTION('',(-1.,0.,0.));
#4092=DIRECTION('',(-1.,0.,0.));
#4093=DIRECTION('',(0.,0.,1.));
#4094=DIRECTION('',(0.,-1.,0.));
#4095=DIRECTION('',(0.,-1.,0.));
#4096=DIRECTION('',(0.,0.,1.));
#4097=DIRECTION('',(1.,0.,0.));
#4098=DIRECTION('',(-1.,0.,0.));
#4099=DIRECTION('',(0.,0.,1.));
#4100=DIRECTION('',(0.,-1.,0.));
#4101=DIRECTION('',(0.,0.,-1.));
#4102=DIRECTION('',(0.,1.,0.));
#4103=DIRECTION('',(0.,0.,-1.));
#4104=DIRECTION('',(0.,0.,-1.));
#4105=DIRECTION('',(-1.,0.,0.));
#4106=DIRECTION('',(-3.09772049281573E-16,0.,1.));
#4107=DIRECTION('',(1.,0.,3.09772049281573E-16));
#4108=DIRECTION('',(0.,0.,-1.));
#4109=DIRECTION('',(-1.,0.,0.));
#4110=DIRECTION('',(0.,0.,-1.));
#4111=DIRECTION('',(1.,0.,0.));
#4112=DIRECTION('',(0.,0.,-1.));
#4113=DIRECTION('',(0.,1.,0.));
#4114=DIRECTION('',(0.,-1.,0.));
#4115=DIRECTION('',(0.,0.,-1.));
#4116=DIRECTION('',(0.,0.,1.));
#4117=DIRECTION('',(1.,0.,0.));
#4118=DIRECTION('',(2.06514699521048E-16,0.,-1.));
#4119=DIRECTION('',(-1.,0.,-2.06514699521048E-16));
#4120=DIRECTION('',(0.,0.,-1.));
#4121=DIRECTION('',(1.,0.,0.));
#4122=DIRECTION('',(0.,0.,1.));
#4123=DIRECTION('',(1.,0.,0.));
#4124=DIRECTION('',(2.06514699521048E-16,0.,-1.));
#4125=DIRECTION('',(-1.,0.,-2.06514699521048E-16));
#4126=DIRECTION('',(0.,-0.888974556426603,-0.457956589674311));
#4127=DIRECTION('',(0.,-0.457956589674311,0.888974556426603));
#4128=DIRECTION('',(0.,0.,1.));
#4129=DIRECTION('',(1.,0.,0.));
#4130=DIRECTION('',(0.,0.,-1.));
#4131=DIRECTION('',(1.,0.,0.));
#4132=DIRECTION('',(0.,0.,-1.));
#4133=DIRECTION('',(1.,0.,0.));
#4134=DIRECTION('',(0.,0.,-1.));
#4135=DIRECTION('',(-1.,0.,0.));
#4136=DIRECTION('',(1.,0.,2.66403962382153E-16));
#4137=DIRECTION('',(2.66403962382153E-16,0.,-1.));
#4138=DIRECTION('',(-2.66403962382153E-16,0.,1.));
#4139=DIRECTION('',(0.,-1.,0.));
#4140=DIRECTION('',(-2.66403962382153E-16,0.,1.));
#4141=DIRECTION('',(0.,-1.,0.));
#4142=DIRECTION('',(-1.,0.,-3.53140136180993E-16));
#4143=DIRECTION('',(-3.53140136180993E-16,0.,1.));
#4144=DIRECTION('',(3.53140136180993E-16,0.,-1.));
#4145=DIRECTION('',(0.,-1.,0.));
#4146=DIRECTION('',(3.53140136180993E-16,0.,-1.));
#4147=DIRECTION('',(0.,-1.,0.));
#4148=DIRECTION('',(0.,-1.,0.));
#4149=DIRECTION('',(0.,0.,-1.));
#4150=DIRECTION('',(1.,0.,3.09772049281573E-16));
#4151=DIRECTION('',(-1.,0.,-3.09772049281573E-16));
#4152=DIRECTION('',(-1.,0.,1.51788304147971E-16));
#4153=DIRECTION('',(1.51788304147971E-16,0.,1.));
#4154=DIRECTION('',(-1.51788304147971E-16,0.,-1.));
#4155=DIRECTION('',(0.,-1.,0.));
#4156=DIRECTION('',(-1.51788304147971E-16,0.,-1.));
#4157=DIRECTION('',(0.,-1.,0.));
#4158=DIRECTION('',(-3.09772049281573E-16,0.,1.));
#4159=DIRECTION('',(1.,0.,3.09772049281573E-16));
#4160=DIRECTION('',(-1.,0.,-3.09772049281573E-16));
#4161=DIRECTION('',(-1.,0.,-3.09772049281573E-16));
#4162=DIRECTION('',(-1.,0.,-3.09772049281573E-16));
#4163=DIRECTION('',(0.,-1.,0.));
#4164=DIRECTION('',(-1.,0.,-3.09772049281573E-16));
#4165=DIRECTION('',(1.,0.,3.46944695195362E-16));
#4166=DIRECTION('',(3.46944695195362E-16,0.,-1.));
#4167=DIRECTION('',(-3.46944695195362E-16,0.,1.));
#4168=DIRECTION('',(-3.46944695195362E-16,0.,1.));
#4169=DIRECTION('',(0.,-1.,0.));
#4170=DIRECTION('',(2.06514699521048E-16,0.,-1.));
#4171=DIRECTION('',(-1.,0.,-2.06514699521048E-16));
#4172=DIRECTION('',(1.,0.,2.06514699521048E-16));
#4173=DIRECTION('',(1.,0.,2.06514699521048E-16));
#4174=DIRECTION('',(1.,0.,2.06514699521048E-16));
#4175=DIRECTION('',(0.,1.,0.));
#4176=DIRECTION('',(0.,0.,1.));
#4177=DIRECTION('',(0.,1.,0.));
#4178=DIRECTION('',(0.,0.,1.));
#4179=DIRECTION('',(-1.,0.,0.));
#4180=DIRECTION('',(0.,0.,1.));
#4181=DIRECTION('',(0.,-1.,0.));
#4182=DIRECTION('',(0.,0.,-1.));
#4183=DIRECTION('',(0.,1.,0.));
#4184=DIRECTION('',(0.,0.,-1.));
#4185=DIRECTION('',(0.,0.,-1.));
#4186=DIRECTION('',(-1.,0.,0.));
#4187=DIRECTION('',(-3.09772049281573E-16,0.,1.));
#4188=DIRECTION('',(1.,0.,3.09772049281573E-16));
#4189=DIRECTION('',(0.,0.,-1.));
#4190=DIRECTION('',(-1.,0.,0.));
#4191=DIRECTION('',(0.,0.,-1.));
#4192=DIRECTION('',(1.,0.,0.));
#4193=DIRECTION('',(0.,0.,-1.));
#4194=DIRECTION('',(0.,1.,0.));
#4195=DIRECTION('',(0.,-1.,0.));
#4196=DIRECTION('',(0.,0.,-1.));
#4197=DIRECTION('',(0.,0.,1.));
#4198=DIRECTION('',(1.,0.,0.));
#4199=DIRECTION('',(2.06514699521048E-16,0.,-1.));
#4200=DIRECTION('',(-1.,0.,-2.06514699521048E-16));
#4201=DIRECTION('',(0.,0.,-1.));
#4202=DIRECTION('',(1.,0.,0.));
#4203=DIRECTION('',(0.,0.,1.));
#4204=DIRECTION('',(1.,0.,0.));
#4205=DIRECTION('',(2.06514699521048E-16,0.,-1.));
#4206=DIRECTION('',(-1.,0.,-2.06514699521048E-16));
#4207=DIRECTION('',(0.,-0.888974556426603,-0.457956589674311));
#4208=DIRECTION('',(0.,-0.457956589674311,0.888974556426603));
#4209=DIRECTION('',(0.,0.,1.));
#4210=DIRECTION('',(1.,0.,0.));
#4211=DIRECTION('',(0.,0.,-1.));
#4212=DIRECTION('',(1.,0.,0.));
#4213=DIRECTION('',(0.,0.,-1.));
#4214=DIRECTION('',(1.,0.,0.));
#4215=DIRECTION('',(0.,0.,-1.));
#4216=DIRECTION('',(-1.,0.,0.));
#4217=DIRECTION('',(1.,0.,2.66403962382153E-16));
#4218=DIRECTION('',(2.66403962382153E-16,0.,-1.));
#4219=DIRECTION('',(-2.66403962382153E-16,0.,1.));
#4220=DIRECTION('',(0.,-1.,0.));
#4221=DIRECTION('',(-2.66403962382153E-16,0.,1.));
#4222=DIRECTION('',(0.,-1.,0.));
#4223=DIRECTION('',(-1.,0.,-3.53140136180993E-16));
#4224=DIRECTION('',(-3.53140136180993E-16,0.,1.));
#4225=DIRECTION('',(3.53140136180993E-16,0.,-1.));
#4226=DIRECTION('',(0.,-1.,0.));
#4227=DIRECTION('',(3.53140136180993E-16,0.,-1.));
#4228=DIRECTION('',(0.,-1.,0.));
#4229=DIRECTION('',(0.,-1.,0.));
#4230=DIRECTION('',(0.,0.,-1.));
#4231=DIRECTION('',(1.,0.,3.09772049281573E-16));
#4232=DIRECTION('',(-1.,0.,-3.09772049281573E-16));
#4233=DIRECTION('',(-1.,0.,1.51788304147971E-16));
#4234=DIRECTION('',(1.51788304147971E-16,0.,1.));
#4235=DIRECTION('',(-1.51788304147971E-16,0.,-1.));
#4236=DIRECTION('',(0.,-1.,0.));
#4237=DIRECTION('',(-1.51788304147971E-16,0.,-1.));
#4238=DIRECTION('',(0.,-1.,0.));
#4239=DIRECTION('',(-3.09772049281573E-16,0.,1.));
#4240=DIRECTION('',(1.,0.,3.09772049281573E-16));
#4241=DIRECTION('',(-1.,0.,-3.09772049281573E-16));
#4242=DIRECTION('',(-1.,0.,-3.09772049281573E-16));
#4243=DIRECTION('',(-1.,0.,-3.09772049281573E-16));
#4244=DIRECTION('',(0.,-1.,0.));
#4245=DIRECTION('',(-1.,0.,-3.09772049281573E-16));
#4246=DIRECTION('',(1.,0.,3.46944695195362E-16));
#4247=DIRECTION('',(3.46944695195362E-16,0.,-1.));
#4248=DIRECTION('',(-3.46944695195362E-16,0.,1.));
#4249=DIRECTION('',(-3.46944695195362E-16,0.,1.));
#4250=DIRECTION('',(0.,-1.,0.));
#4251=DIRECTION('',(2.06514699521048E-16,0.,-1.));
#4252=DIRECTION('',(-1.,0.,-2.06514699521048E-16));
#4253=DIRECTION('',(1.,0.,2.06514699521048E-16));
#4254=DIRECTION('',(1.,0.,2.06514699521048E-16));
#4255=DIRECTION('',(1.,0.,2.06514699521048E-16));
#4256=DIRECTION('',(0.,1.,0.));
#4257=DIRECTION('',(0.,0.,1.));
#4258=DIRECTION('',(0.,1.,0.));
#4259=DIRECTION('',(0.,0.,1.));
#4260=DIRECTION('',(-1.,0.,0.));
#4261=DIRECTION('',(0.,0.,1.));
#4262=DIRECTION('',(0.,-1.,0.));
#4263=DIRECTION('',(0.,0.,-1.));
#4264=DIRECTION('',(0.,1.,0.));
#4265=DIRECTION('',(0.,0.,-1.));
#4266=DIRECTION('',(0.,0.,-1.));
#4267=DIRECTION('',(-1.,0.,0.));
#4268=DIRECTION('',(-3.09772049281573E-16,0.,1.));
#4269=DIRECTION('',(1.,0.,3.09772049281573E-16));
#4270=DIRECTION('',(0.,0.,-1.));
#4271=DIRECTION('',(-1.,0.,0.));
#4272=DIRECTION('',(0.,0.,-1.));
#4273=DIRECTION('',(1.,0.,0.));
#4274=DIRECTION('',(0.,0.,-1.));
#4275=DIRECTION('',(0.,1.,0.));
#4276=DIRECTION('',(0.,-1.,0.));
#4277=DIRECTION('',(0.,0.,-1.));
#4278=DIRECTION('',(0.,0.,1.));
#4279=DIRECTION('',(1.,0.,0.));
#4280=DIRECTION('',(2.06514699521048E-16,0.,-1.));
#4281=DIRECTION('',(-1.,0.,-2.06514699521048E-16));
#4282=DIRECTION('',(0.,0.,-1.));
#4283=DIRECTION('',(1.,0.,0.));
#4284=DIRECTION('',(0.,0.,1.));
#4285=DIRECTION('',(1.,0.,0.));
#4286=DIRECTION('',(2.06514699521048E-16,0.,-1.));
#4287=DIRECTION('',(-1.,0.,-2.06514699521048E-16));
#4288=DIRECTION('',(0.,-0.888974556426603,-0.457956589674311));
#4289=DIRECTION('',(0.,-0.457956589674311,0.888974556426603));
#4290=DIRECTION('',(0.,0.,1.));
#4291=DIRECTION('',(1.,0.,0.));
#4292=DIRECTION('',(0.,0.,-1.));
#4293=DIRECTION('',(1.,0.,0.));
#4294=DIRECTION('',(0.,0.,-1.));
#4295=DIRECTION('',(1.,0.,0.));
#4296=DIRECTION('',(0.,0.,-1.));
#4297=DIRECTION('',(-1.,0.,0.));
#4298=DIRECTION('',(1.,0.,2.66403962382153E-16));
#4299=DIRECTION('',(2.66403962382153E-16,0.,-1.));
#4300=DIRECTION('',(-2.66403962382153E-16,0.,1.));
#4301=DIRECTION('',(0.,-1.,0.));
#4302=DIRECTION('',(-2.66403962382153E-16,0.,1.));
#4303=DIRECTION('',(0.,-1.,0.));
#4304=DIRECTION('',(-1.,0.,-3.53140136180993E-16));
#4305=DIRECTION('',(-3.53140136180993E-16,0.,1.));
#4306=DIRECTION('',(3.53140136180993E-16,0.,-1.));
#4307=DIRECTION('',(0.,-1.,0.));
#4308=DIRECTION('',(3.53140136180993E-16,0.,-1.));
#4309=DIRECTION('',(0.,-1.,0.));
#4310=DIRECTION('',(0.,-1.,0.));
#4311=DIRECTION('',(0.,0.,-1.));
#4312=DIRECTION('',(1.,0.,3.09772049281573E-16));
#4313=DIRECTION('',(-1.,0.,-3.09772049281573E-16));
#4314=DIRECTION('',(-1.,0.,1.51788304147971E-16));
#4315=DIRECTION('',(1.51788304147971E-16,0.,1.));
#4316=DIRECTION('',(-1.51788304147971E-16,0.,-1.));
#4317=DIRECTION('',(0.,-1.,0.));
#4318=DIRECTION('',(-1.51788304147971E-16,0.,-1.));
#4319=DIRECTION('',(0.,-1.,0.));
#4320=DIRECTION('',(-3.09772049281573E-16,0.,1.));
#4321=DIRECTION('',(1.,0.,3.09772049281573E-16));
#4322=DIRECTION('',(-1.,0.,-3.09772049281573E-16));
#4323=DIRECTION('',(-1.,0.,-3.09772049281573E-16));
#4324=DIRECTION('',(-1.,0.,-3.09772049281573E-16));
#4325=DIRECTION('',(0.,-1.,0.));
#4326=DIRECTION('',(-1.,0.,-3.09772049281573E-16));
#4327=DIRECTION('',(1.,0.,3.46944695195362E-16));
#4328=DIRECTION('',(3.46944695195362E-16,0.,-1.));
#4329=DIRECTION('',(-3.46944695195362E-16,0.,1.));
#4330=DIRECTION('',(-3.46944695195362E-16,0.,1.));
#4331=DIRECTION('',(0.,-1.,0.));
#4332=DIRECTION('',(2.06514699521048E-16,0.,-1.));
#4333=DIRECTION('',(-1.,0.,-2.06514699521048E-16));
#4334=DIRECTION('',(1.,0.,2.06514699521048E-16));
#4335=DIRECTION('',(1.,0.,2.06514699521048E-16));
#4336=DIRECTION('',(1.,0.,2.06514699521048E-16));
#4337=DIRECTION('',(0.,1.,0.));
#4338=DIRECTION('',(0.,0.,1.));
#4339=DIRECTION('',(0.,1.,0.));
#4340=DIRECTION('',(0.,0.,1.));
#4341=DIRECTION('',(-1.,0.,0.));
#4342=DIRECTION('',(0.,0.,1.));
#4343=DIRECTION('',(0.,-1.,0.));
#4344=DIRECTION('',(0.,0.,-1.));
#4345=DIRECTION('',(0.,1.,0.));
#4346=DIRECTION('',(0.,0.,-1.));
#4347=DIRECTION('',(0.,0.,-1.));
#4348=DIRECTION('',(-1.,0.,0.));
#4349=DIRECTION('',(-3.09772049281573E-16,0.,1.));
#4350=DIRECTION('',(1.,0.,3.09772049281573E-16));
#4351=DIRECTION('',(0.,0.,-1.));
#4352=DIRECTION('',(-1.,0.,0.));
#4353=DIRECTION('',(0.,0.,-1.));
#4354=DIRECTION('',(1.,0.,0.));
#4355=DIRECTION('',(0.,0.,-1.));
#4356=DIRECTION('',(0.,1.,0.));
#4357=DIRECTION('',(0.,-1.,0.));
#4358=DIRECTION('',(0.,0.,-1.));
#4359=DIRECTION('',(0.,0.,1.));
#4360=DIRECTION('',(1.,0.,0.));
#4361=DIRECTION('',(2.06514699521048E-16,0.,-1.));
#4362=DIRECTION('',(-1.,0.,-2.06514699521048E-16));
#4363=DIRECTION('',(0.,0.,-1.));
#4364=DIRECTION('',(1.,0.,0.));
#4365=DIRECTION('',(0.,0.,1.));
#4366=DIRECTION('',(1.,0.,0.));
#4367=DIRECTION('',(2.06514699521048E-16,0.,-1.));
#4368=DIRECTION('',(-1.,0.,-2.06514699521048E-16));
#4369=DIRECTION('',(0.,-0.888974556426603,-0.457956589674311));
#4370=DIRECTION('',(0.,-0.457956589674311,0.888974556426603));
#4371=DIRECTION('',(0.,0.,1.));
#4372=DIRECTION('',(1.,0.,0.));
#4373=DIRECTION('',(0.,0.,-1.));
#4374=DIRECTION('',(1.,0.,0.));
#4375=DIRECTION('',(0.,0.,-1.));
#4376=DIRECTION('',(1.,0.,0.));
#4377=DIRECTION('',(0.,0.,-1.));
#4378=DIRECTION('',(-1.,0.,0.));
#4379=DIRECTION('',(1.,0.,2.66403962382153E-16));
#4380=DIRECTION('',(2.66403962382153E-16,0.,-1.));
#4381=DIRECTION('',(-2.66403962382153E-16,0.,1.));
#4382=DIRECTION('',(0.,-1.,0.));
#4383=DIRECTION('',(-2.66403962382153E-16,0.,1.));
#4384=DIRECTION('',(0.,-1.,0.));
#4385=DIRECTION('',(-1.,0.,-3.53140136180993E-16));
#4386=DIRECTION('',(-3.53140136180993E-16,0.,1.));
#4387=DIRECTION('',(3.53140136180993E-16,0.,-1.));
#4388=DIRECTION('',(0.,-1.,0.));
#4389=DIRECTION('',(3.53140136180993E-16,0.,-1.));
#4390=DIRECTION('',(0.,-1.,0.));
#4391=DIRECTION('',(0.,-1.,0.));
#4392=DIRECTION('',(0.,0.,-1.));
#4393=DIRECTION('',(1.,0.,3.09772049281573E-16));
#4394=DIRECTION('',(-1.,0.,-3.09772049281573E-16));
#4395=DIRECTION('',(-1.,0.,1.51788304147971E-16));
#4396=DIRECTION('',(1.51788304147971E-16,0.,1.));
#4397=DIRECTION('',(-1.51788304147971E-16,0.,-1.));
#4398=DIRECTION('',(0.,-1.,0.));
#4399=DIRECTION('',(-1.51788304147971E-16,0.,-1.));
#4400=DIRECTION('',(0.,-1.,0.));
#4401=DIRECTION('',(-3.09772049281573E-16,0.,1.));
#4402=DIRECTION('',(1.,0.,3.09772049281573E-16));
#4403=DIRECTION('',(-1.,0.,-3.09772049281573E-16));
#4404=DIRECTION('',(-1.,0.,-3.09772049281573E-16));
#4405=DIRECTION('',(-1.,0.,-3.09772049281573E-16));
#4406=DIRECTION('',(0.,-1.,0.));
#4407=DIRECTION('',(-1.,0.,-3.09772049281573E-16));
#4408=DIRECTION('',(1.,0.,3.46944695195362E-16));
#4409=DIRECTION('',(3.46944695195362E-16,0.,-1.));
#4410=DIRECTION('',(-3.46944695195362E-16,0.,1.));
#4411=DIRECTION('',(-3.46944695195362E-16,0.,1.));
#4412=DIRECTION('',(0.,-1.,0.));
#4413=DIRECTION('',(2.06514699521048E-16,0.,-1.));
#4414=DIRECTION('',(-1.,0.,-2.06514699521048E-16));
#4415=DIRECTION('',(1.,0.,2.06514699521048E-16));
#4416=DIRECTION('',(1.,0.,2.06514699521048E-16));
#4417=DIRECTION('',(1.,0.,2.06514699521048E-16));
#4418=DIRECTION('',(0.,1.,0.));
#4419=DIRECTION('',(0.,0.,1.));
#4420=DIRECTION('',(0.,1.,0.));
#4421=DIRECTION('',(0.,0.,1.));
#4422=DIRECTION('',(1.,0.,0.));
#4423=DIRECTION('',(0.,0.,-1.));
#4424=DIRECTION('',(0.,0.,-1.));
#4425=DIRECTION('',(0.,1.,0.));
#4426=DIRECTION('',(0.,0.,-1.));
#4427=DIRECTION('',(0.,-1.,0.));
#4428=DIRECTION('',(0.,0.,-1.));
#4429=DIRECTION('',(0.,-0.25895345767596,-0.96588980052471));
#4430=DIRECTION('',(0.,-1.,0.));
#4431=DIRECTION('',(0.,0.457956589674311,-0.888974556426603));
#4432=DIRECTION('',(0.,0.,-1.));
#4433=DIRECTION('',(0.,-1.,0.));
#4434=DIRECTION('',(0.,-0.888974556426603,-0.457956589674311));
#4435=DIRECTION('',(0.,0.457956589674311,-0.888974556426603));
#4436=DIRECTION('',(1.,0.,0.));
#4437=DIRECTION('',(1.,0.,0.));
#4438=DIRECTION('',(0.,0.457956589674311,-0.888974556426603));
#4439=DIRECTION('',(1.,0.,0.));
#4440=DIRECTION('',(1.,0.,0.));
#4441=DIRECTION('',(0.,-0.888974556426603,-0.457956589674311));
#4442=DIRECTION('',(0.,-0.457956589674311,0.888974556426603));
#4443=DIRECTION('',(1.,0.,0.));
#4444=DIRECTION('',(1.,0.,0.));
#4445=DIRECTION('',(1.,0.,0.));
#4446=DIRECTION('',(0.,1.,0.));
#4447=DIRECTION('',(0.,0.,1.));
#4448=DIRECTION('',(-2.66403962382153E-16,0.,1.));
#4449=DIRECTION('',(-1.,0.,-3.09772049281573E-16));
#4450=DIRECTION('',(-1.51788304147971E-16,0.,-1.));
#4451=DIRECTION('',(1.,0.,2.06514699521048E-16));
#4452=DIRECTION('',(0.,1.,0.));
#4453=DIRECTION('',(0.,0.,1.));
#4454=DIRECTION('',(3.53140136180993E-16,0.,-1.));
#4455=DIRECTION('',(1.,0.,2.06514699521048E-16));
#4456=DIRECTION('',(-3.46944695195362E-16,0.,1.));
#4457=DIRECTION('',(-1.,0.,-3.09772049281573E-16));
#4458=DIRECTION('',(0.,1.,0.));
#4459=DIRECTION('',(0.,0.,1.));
#4460=DIRECTION('',(1.,0.,0.));
#4461=DIRECTION('',(1.,0.,0.));
#4462=DIRECTION('',(0.,0.,-1.));
#4463=DIRECTION('',(1.,0.,0.));
#4464=DIRECTION('',(1.,0.,0.));
#4465=DIRECTION('',(0.,0.,-1.));
#4466=DIRECTION('',(-1.,0.,-3.09772049281573E-16));
#4467=DIRECTION('',(-3.46944695195362E-16,0.,1.));
#4468=DIRECTION('',(1.,0.,2.06514699521048E-16));
#4469=DIRECTION('',(-1.51788304147971E-16,0.,-1.));
#4470=DIRECTION('',(-1.,0.,-3.09772049281573E-16));
#4471=DIRECTION('',(0.,0.,-1.));
#4472=DIRECTION('',(1.,0.,0.));
#4473=DIRECTION('',(1.,0.,0.));
#4474=DIRECTION('',(1.,0.,0.));
#4475=DIRECTION('',(-1.,0.,0.));
#4476=DIRECTION('',(0.,0.,1.));
#4477=DIRECTION('',(0.,1.,0.));
#4478=DIRECTION('',(0.,0.,-1.));
#4479=DIRECTION('',(0.,1.,0.));
#4480=DIRECTION('',(0.,0.,-1.));
#4481=DIRECTION('',(0.,1.,0.));
#4482=DIRECTION('',(0.,0.,-1.));
#4483=DIRECTION('',(0.,1.,0.));
#4484=DIRECTION('',(0.,-0.25895345767596,-0.96588980052471));
#4485=DIRECTION('',(0.,-1.,0.));
#4486=DIRECTION('',(0.,0.,-1.));
#4487=DIRECTION('',(-1.,0.,0.));
#4488=DIRECTION('',(0.,0.,1.));
#4489=DIRECTION('',(1.,0.,0.));
#4490=DIRECTION('',(1.,0.,0.));
#4491=DIRECTION('',(0.,-1.,0.));
#4492=DIRECTION('',(-1.,0.,0.));
#4493=DIRECTION('',(0.,1.,0.));
#4494=DIRECTION('',(0.,0.,-1.));
#4495=DIRECTION('',(1.,0.,0.));
#4496=DIRECTION('',(1.,0.,0.));
#4497=DIRECTION('',(0.,0.,1.));
#4498=DIRECTION('',(1.,0.,0.));
#4499=DIRECTION('',(0.,-1.,0.));
#4500=DIRECTION('',(0.,0.,-1.));
#4501=DIRECTION('',(-1.,0.,0.));
#4502=DIRECTION('',(0.,1.,0.));
#4503=DIRECTION('',(0.866025403784439,0.5,0.));
#4504=DIRECTION('',(0.,-1.,0.));
#4505=DIRECTION('',(-0.866025403784439,0.5,0.));
#4506=DIRECTION('',(0.866025403784439,-0.5,0.));
#4507=DIRECTION('',(0.,1.,0.));
#4508=DIRECTION('',(-0.866025403784439,-0.5,0.));
#4509=DIRECTION('',(0.,-0.96588980052471,0.25895345767596));
#4510=DIRECTION('',(0.,-0.25895345767596,-0.96588980052471));
#4511=DIRECTION('',(-1.,0.,1.51788304147971E-16));
#4512=DIRECTION('',(1.51788304147971E-16,0.,1.));
#4513=DIRECTION('',(0.,-1.,0.));
#4514=DIRECTION('',(0.,-1.,0.));
#4515=DIRECTION('',(-3.09772049281573E-16,0.,1.));
#4516=DIRECTION('',(1.,0.,3.09772049281573E-16));
#4517=DIRECTION('',(0.,-1.,0.));
#4518=DIRECTION('',(-3.09772049281573E-16,0.,1.));
#4519=DIRECTION('',(1.,0.,3.09772049281573E-16));
#4520=DIRECTION('',(0.,1.,0.));
#4521=DIRECTION('',(0.,-1.,0.));
#4522=DIRECTION('',(1.,0.,3.09772049281573E-16));
#4523=DIRECTION('',(0.,-1.,0.));
#4524=DIRECTION('',(0.,-1.,0.));
#4525=DIRECTION('',(1.,0.,3.46944695195362E-16));
#4526=DIRECTION('',(3.46944695195362E-16,0.,-1.));
#4527=DIRECTION('',(0.,-1.,0.));
#4528=DIRECTION('',(2.06514699521048E-16,0.,-1.));
#4529=DIRECTION('',(-1.,0.,-2.06514699521048E-16));
#4530=DIRECTION('',(2.06514699521048E-16,0.,-1.));
#4531=DIRECTION('',(-1.,0.,-2.06514699521048E-16));
#4532=DIRECTION('',(2.06514699521048E-16,0.,-1.));
#4533=DIRECTION('',(-1.,0.,-2.06514699521048E-16));
#4534=DIRECTION('',(0.,-1.,0.));
#4535=DIRECTION('',(-1.,0.,-3.09772049281573E-16));
#4536=DIRECTION('',(0.,-1.,0.));
#4537=DIRECTION('',(1.,0.,2.66403962382153E-16));
#4538=DIRECTION('',(2.66403962382153E-16,0.,-1.));
#4539=DIRECTION('',(-2.66403962382153E-16,0.,1.));
#4540=DIRECTION('',(-1.,0.,-3.53140136180993E-16));
#4541=DIRECTION('',(-3.53140136180993E-16,0.,1.));
#4542=DIRECTION('',(3.53140136180993E-16,0.,-1.));
#4543=DIRECTION('',(0.,-1.,0.));
#4544=DIRECTION('',(0.,0.,-1.));
#4545=DIRECTION('',(0.,0.,1.));
#4546=DIRECTION('',(1.,0.,0.));
#4547=DIRECTION('',(0.,0.,-1.));
#4548=DIRECTION('',(1.,0.,0.));
#4549=DIRECTION('',(0.,0.,-1.));
#4550=DIRECTION('',(-1.,0.,0.));
#4551=DIRECTION('',(0.,0.,-1.));
#4552=DIRECTION('',(1.,0.,0.));
#4553=DIRECTION('',(0.,0.,1.));
#4554=DIRECTION('',(1.,0.,0.));
#4555=DIRECTION('',(0.,0.,1.));
#4556=DIRECTION('',(1.,0.,0.));
#4557=DIRECTION('',(0.,0.,-1.));
#4558=DIRECTION('',(-1.,0.,0.));
#4559=DIRECTION('',(0.866025403784439,0.5,0.));
#4560=DIRECTION('',(-0.866025403784439,0.5,0.));
#4561=DIRECTION('',(0.,-1.,0.));
#4562=DIRECTION('',(-0.5,-0.866025403784439,0.));
#4563=DIRECTION('',(0.866025403784439,-0.5,0.));
#4564=DIRECTION('',(0.,0.,-1.));
#4565=DIRECTION('',(1.,0.,0.));
#4566=DIRECTION('',(0.,0.,-1.));
#4567=DIRECTION('',(0.,0.,-1.));
#4568=DIRECTION('',(-0.5,0.866025403784439,0.));
#4569=DIRECTION('',(-0.866025403784439,-0.5,0.));
#4570=DIRECTION('',(0.5,-0.866025403784439,0.));
#4571=DIRECTION('',(0.866025403784439,0.5,0.));
#4572=DIRECTION('',(0.,0.,-1.));
#4573=DIRECTION('',(-0.866025403784439,-0.5,0.));
#4574=DIRECTION('',(-1.,0.,0.));
#4575=DIRECTION('',(0.,0.,1.));
#4576=DIRECTION('',(0.,0.,-1.));
#4577=DIRECTION('',(0.,1.,0.));
#4578=DIRECTION('',(0.5,0.866025403784439,0.));
#4579=DIRECTION('',(-0.866025403784439,0.5,0.));
#4580=DIRECTION('',(0.866025403784439,-0.5,0.));
#4581=DIRECTION('',(0.,0.,1.));
#4582=DIRECTION('',(1.,0.,0.));
#4583=DIRECTION('',(-1.,0.,0.));
#4584=DIRECTION('',(0.,0.,1.));
#4585=DIRECTION('',(0.,0.,-1.));
#4586=DIRECTION('',(0.,0.,-1.));
#4587=DIRECTION('',(-1.,0.,0.));
#4588=DIRECTION('',(0.,0.,-1.));
#4589=DIRECTION('',(1.,0.,0.));
#4590=DIRECTION('',(0.,0.,-1.));
#4591=DIRECTION('',(0.,-1.,0.));
#4592=DIRECTION('',(0.,0.,-1.));
#4593=DIRECTION('',(0.,0.,1.));
#4594=DIRECTION('',(1.,0.,0.));
#4595=DIRECTION('',(0.,0.,1.));
#4596=DIRECTION('',(1.,0.,0.));
#4597=DIRECTION('',(0.,0.,-1.));
#4598=DIRECTION('',(0.,0.,1.));
#4599=DIRECTION('',(0.,1.,0.));
#4600=DIRECTION('',(0.,1.,0.));
#4601=DIRECTION('',(0.,0.,1.));
#4602=DIRECTION('',(0.,0.,1.));
#4603=DIRECTION('',(-1.,0.,0.));
#4604=DIRECTION('',(-1.,0.,0.));
#4605=DIRECTION('',(0.,0.,1.));
#4606=DIRECTION('',(0.,-1.,0.));
#4607=DIRECTION('',(0.,0.,1.));
#4608=DIRECTION('',(1.,0.,0.));
#4609=DIRECTION('',(0.,0.,1.));
#4610=DIRECTION('',(1.,0.,0.));
#4611=DIRECTION('',(0.,-1.,0.));
#4612=DIRECTION('',(0.,0.,-1.));
#4613=DIRECTION('',(0.,1.,0.));
#4614=DIRECTION('',(1.,0.,0.));
#4615=DIRECTION('',(0.,-1.,0.));
#4616=DIRECTION('',(0.,0.,-1.));
#4617=DIRECTION('',(0.,1.,0.));
#4618=DIRECTION('',(0.,0.,1.));
#4619=DIRECTION('',(1.,0.,0.));
#4620=DIRECTION('',(0.,0.,-1.));
#4621=DIRECTION('',(1.,0.,0.));
#4622=DIRECTION('',(0.,0.,-1.));
#4623=DIRECTION('',(-1.,0.,0.));
#4624=DIRECTION('',(0.,0.,1.));
#4625=DIRECTION('',(0.,0.,-1.));
#4626=DIRECTION('',(0.,1.,0.));
#4627=DIRECTION('',(0.,1.,0.));
#4628=DIRECTION('',(0.,-1.,0.));
#4629=DIRECTION('',(0.,0.,-1.));
#4630=DIRECTION('',(-1.,0.,0.));
#4631=DIRECTION('',(0.,0.,1.));
#4632=DIRECTION('',(-1.,0.,0.));
#4633=DIRECTION('',(1.,0.,0.));
#4634=DIRECTION('',(0.,0.,-1.));
#4635=DIRECTION('',(0.,-1.,0.));
#4636=DIRECTION('',(0.,-1.,0.));
#4637=DIRECTION('',(0.,0.,1.));
#4638=DIRECTION('',(1.,0.,0.));
#4639=DIRECTION('',(0.,0.,-1.));
#4640=DIRECTION('',(1.,0.,0.));
#4641=DIRECTION('',(0.,0.,1.));
#4642=DIRECTION('',(1.,0.,0.));
#4643=DIRECTION('',(0.,0.,1.));
#4644=DIRECTION('',(-1.,0.,0.));
#4645=DIRECTION('',(0.,0.,1.));
#4646=DIRECTION('',(1.,0.,0.));
#4647=DIRECTION('',(0.,0.,1.));
#4648=DIRECTION('',(1.,0.,0.));
#4649=DIRECTION('',(0.,0.,1.));
#4650=DIRECTION('',(1.,0.,0.));
#4651=DIRECTION('',(0.,0.,1.));
#4652=DIRECTION('',(1.,0.,0.));
#4653=DIRECTION('',(0.,0.,1.));
#4654=DIRECTION('',(1.,0.,0.));
#4655=DIRECTION('',(-1.,0.,0.));
#4656=DIRECTION('',(0.,0.,1.));
#4657=DIRECTION('',(0.,0.,-1.));
#4658=DIRECTION('',(0.,1.,0.));
#4659=DIRECTION('',(0.,0.,1.));
#4660=DIRECTION('',(0.,1.,0.));
#4661=DIRECTION('',(0.,-1.,0.));
#4662=DIRECTION('',(0.,0.,-1.));
#4663=DIRECTION('',(-1.,0.,0.));
#4664=DIRECTION('',(0.,0.,-1.));
#4665=DIRECTION('',(-1.,0.,0.));
#4666=DIRECTION('',(0.,0.,-1.));
#4667=DIRECTION('',(0.,0.,-1.));
#4668=DIRECTION('',(-1.,0.,0.));
#4669=DIRECTION('',(0.,0.,1.));
#4670=DIRECTION('',(1.,0.,0.));
#4671=DIRECTION('',(0.,0.,1.));
#4672=DIRECTION('',(1.,0.,0.));
#4673=DIRECTION('',(1.,0.,0.));
#4674=DIRECTION('',(0.,0.,-1.));
#4675=DIRECTION('',(0.,-1.,0.));
#4676=DIRECTION('',(0.,0.,-1.));
#4677=DIRECTION('',(0.,-1.,0.));
#4678=DIRECTION('',(0.,0.,1.));
#4679=DIRECTION('',(0.,0.,1.));
#4680=DIRECTION('',(1.,0.,0.));
#4681=DIRECTION('',(0.,-1.,0.));
#4682=DIRECTION('',(1.,0.,0.));
#4683=DIRECTION('',(1.,0.,0.));
#4684=DIRECTION('',(1.,0.,0.));
#4685=DIRECTION('',(0.,-1.,0.));
#4686=DIRECTION('',(0.,0.,1.));
#4687=DIRECTION('',(1.,0.,0.));
#4688=DIRECTION('',(0.,1.,0.));
#4689=DIRECTION('',(0.,1.,0.));
#4690=DIRECTION('',(1.,0.,0.));
#4691=DIRECTION('',(1.,0.,0.));
#4692=DIRECTION('',(1.,0.,0.));
#4693=DIRECTION('',(1.,0.,0.));
#4694=DIRECTION('',(0.,1.,0.));
#4695=DIRECTION('',(1.,0.,0.));
#4696=DIRECTION('',(0.,1.,0.));
#4697=DIRECTION('',(-1.,0.,0.));
#4698=DIRECTION('',(1.,0.,0.));
#4699=DIRECTION('',(0.,1.,0.));
#4700=DIRECTION('',(-1.,0.,0.));
#4701=DIRECTION('',(0.,0.,1.));
#4702=DIRECTION('',(1.,0.,0.));
#4703=DIRECTION('',(0.,0.,-1.));
#4704=DIRECTION('',(6.94653787259265E-17,1.,0.));
#4705=DIRECTION('',(1.,0.,0.));
#4706=DIRECTION('',(0.,1.,0.));
#4707=DIRECTION('',(1.,0.,0.));
#4708=DIRECTION('',(0.,0.,-1.));
#4709=DIRECTION('',(-1.,0.,0.));
#4710=DIRECTION('',(-1.,0.,0.));
#4711=DIRECTION('',(0.,0.,1.));
#4712=DIRECTION('',(6.94653787259265E-17,-1.,0.));
#4713=DIRECTION('',(-0.881479970028783,-6.12323399573677E-17,0.472221412515419));
#4714=DIRECTION('',(-0.472221412515419,-4.47194043407747E-18,-0.881479970028783));
#4715=DIRECTION('',(6.94653787259265E-17,-1.,0.));
#4716=DIRECTION('',(-0.472221412515419,-4.47194043407747E-18,-0.881479970028783));
#4717=DIRECTION('',(-0.472221412515419,-4.47194043407747E-18,-0.881479970028783));
#4718=DIRECTION('',(-0.881479970028783,6.12323399573677E-17,-0.472221412515419));
#4719=DIRECTION('',(0.472221412515419,-4.47194043407746E-18,-0.881479970028783));
#4720=DIRECTION('',(0.472221412515419,-4.47194043407746E-18,-0.881479970028783));
#4721=DIRECTION('',(0.472221412515419,-4.47194043407746E-18,-0.881479970028783));
#4722=DIRECTION('',(6.94653787259265E-17,1.,0.));
#4723=DIRECTION('',(0.,-1.,0.));
#4724=DIRECTION('',(0.,0.,-1.));
#4725=DIRECTION('',(1.,0.,0.));
#4726=DIRECTION('',(0.,-1.,0.));
#4727=DIRECTION('',(0.,0.,-1.));
#4728=DIRECTION('',(1.,0.,0.));
#4729=DIRECTION('',(1.,0.,0.));
#4730=DIRECTION('',(0.,1.,0.));
#4731=DIRECTION('',(1.,0.,0.));
#4732=DIRECTION('',(0.,1.,0.));
#4733=DIRECTION('',(1.,0.,0.));
#4734=DIRECTION('',(0.,1.,0.));
#4735=DIRECTION('',(-1.,0.,0.));
#4736=DIRECTION('',(-1.,0.,0.));
#4737=DIRECTION('',(0.,0.,1.));
#4738=DIRECTION('',(0.,-0.500000000000002,-0.866025403784437));
#4739=DIRECTION('',(1.,0.,0.));
#4740=DIRECTION('',(0.,0.,-1.));
#4741=DIRECTION('',(1.,0.,0.));
#4742=DIRECTION('',(0.,1.,0.));
#4743=DIRECTION('',(-1.,0.,0.));
#4744=DIRECTION('',(1.,0.,0.));
#4745=DIRECTION('',(0.,0.,-1.));
#4746=DIRECTION('',(-1.,0.,0.));
#4747=DIRECTION('',(0.,0.,1.));
#4748=DIRECTION('',(0.,0.500000000000002,0.866025403784437));
#4749=DIRECTION('',(0.,-0.5,-0.866025403784439));
#4750=DIRECTION('',(0.,0.866025403784439,-0.5));
#4751=DIRECTION('',(0.,-0.866025403784439,0.5));
#4752=DIRECTION('',(1.,0.,0.));
#4753=DIRECTION('',(0.,-0.866025403784439,0.5));
#4754=DIRECTION('',(1.,0.,0.));
#4755=DIRECTION('',(0.,1.,2.85943974506025E-16));
#4756=DIRECTION('',(0.,0.866025403784439,-0.5));
#4757=DIRECTION('',(0.,0.5,0.866025403784439));
#4758=DIRECTION('',(0.,-0.5,-0.866025403784439));
#4759=DIRECTION('',(0.,0.866025403784439,-0.5));
#4760=DIRECTION('',(0.,0.866025403784439,-0.5));
#4761=DIRECTION('',(1.,0.,0.));
#4762=DIRECTION('',(1.,0.,0.));
#4763=DIRECTION('',(0.,1.,2.85943974506025E-16));
#4764=DIRECTION('',(0.,-0.5,-0.866025403784439));
#4765=DIRECTION('',(1.,0.,0.));
#4766=DIRECTION('',(0.,1.,0.));
#4767=DIRECTION('',(1.,0.,0.));
#4768=DIRECTION('',(0.,1.,0.));
#4769=DIRECTION('',(1.,0.,0.));
#4770=DIRECTION('',(0.,1.,0.));
#4771=DIRECTION('',(-1.,0.,0.));
#4772=DIRECTION('',(-1.,0.,0.));
#4773=DIRECTION('',(0.,0.,1.));
#4774=DIRECTION('',(0.,2.71050543121376E-16,-1.));
#4775=DIRECTION('',(1.,0.,0.));
#4776=DIRECTION('',(0.,0.,-1.));
#4777=DIRECTION('',(1.,0.,0.));
#4778=DIRECTION('',(0.,1.,0.));
#4779=DIRECTION('',(-1.,0.,0.));
#4780=DIRECTION('',(1.,0.,0.));
#4781=DIRECTION('',(0.,0.,-1.));
#4782=DIRECTION('',(-1.,0.,0.));
#4783=DIRECTION('',(0.,0.,1.));
#4784=DIRECTION('',(0.,-5.42101086242754E-16,1.));
#4785=DIRECTION('',(0.,1.,2.85943974506025E-16));
#4786=DIRECTION('',(0.,-2.85943974506025E-16,1.));
#4787=DIRECTION('',(-1.,0.,0.));
#4788=DIRECTION('',(0.,-2.85943974506025E-16,1.));
#4789=DIRECTION('',(-1.,0.,0.));
#4790=DIRECTION('',(0.,-2.85943974506025E-16,1.));
#4791=DIRECTION('',(0.,-2.85943974506025E-16,1.));
#4792=DIRECTION('',(0.,-1.,-2.85943974506025E-16));
#4793=DIRECTION('',(0.,1.,2.85943974506025E-16));
#4794=DIRECTION('',(0.,1.,2.85943974506025E-16));
#4795=DIRECTION('',(0.,-2.85943974506025E-16,1.));
#4796=DIRECTION('',(0.,-1.,-2.85943974506025E-16));
#4797=DIRECTION('',(0.,-1.,-2.85943974506025E-16));
#4798=DIRECTION('',(0.,-1.,-2.85943974506025E-16));
#4799=DIRECTION('',(1.,0.,0.));
#4800=DIRECTION('',(0.,1.,2.85943974506025E-16));
#4801=DIRECTION('',(1.,0.,0.));
#4802=DIRECTION('',(0.,1.,2.85943974506025E-16));
#4803=DIRECTION('',(-1.,0.,0.));
#4804=DIRECTION('',(0.,-1.,0.));
#4805=DIRECTION('',(0.,0.,-1.));
#4806=DIRECTION('',(0.,-1.,0.));
#4807=DIRECTION('',(1.,0.,0.));
#4808=DIRECTION('',(0.,-1.,0.));
#4809=DIRECTION('',(1.,0.,0.));
#4810=DIRECTION('',(0.,0.,-1.));
#4811=DIRECTION('',(-1.,0.,0.));
#4812=DIRECTION('',(0.,-1.,0.));
#4813=DIRECTION('',(0.,0.,1.));
#4814=DIRECTION('',(1.,0.,0.));
#4815=DIRECTION('',(0.,0.,1.));
#4816=DIRECTION('',(1.,0.,0.));
#4817=DIRECTION('',(0.,0.,1.));
#4818=DIRECTION('',(1.,0.,0.));
#4819=DIRECTION('',(-1.,-1.12937726300573E-16,0.));
#4820=DIRECTION('',(0.,0.,1.));
#4821=DIRECTION('',(1.,0.,0.));
#4822=DIRECTION('',(0.,0.,-1.));
#4823=DIRECTION('',(-1.,-5.13476407101895E-16,0.));
#4824=DIRECTION('',(0.,0.,1.));
#4825=DIRECTION('',(1.,0.,0.));
#4826=DIRECTION('',(1.,1.12937726300573E-16,0.));
#4827=DIRECTION('',(-1.12937726300573E-16,1.,0.));
#4828=DIRECTION('',(-1.,-1.12937726300573E-16,0.));
#4829=DIRECTION('',(-1.,-1.12937726300573E-16,0.));
#4830=DIRECTION('',(0.,0.,-1.));
#4831=DIRECTION('',(0.,0.,-1.));
#4832=DIRECTION('',(-1.,0.,0.));
#4833=DIRECTION('',(0.,0.,-1.));
#4834=DIRECTION('',(-1.,0.,0.));
#4835=DIRECTION('',(0.,0.,-1.));
#4836=DIRECTION('',(-1.,0.,0.));
#4837=DIRECTION('',(0.,0.,-1.));
#4838=DIRECTION('',(-1.,0.,0.));
#4839=DIRECTION('',(0.,0.,-1.));
#4840=DIRECTION('',(1.,0.,0.));
#4841=DIRECTION('',(0.,0.,-1.));
#4842=DIRECTION('',(-1.,0.,0.));
#4843=DIRECTION('',(-1.,-1.12937726300573E-16,0.));
#4844=DIRECTION('',(0.,0.,-1.));
#4845=DIRECTION('',(-1.,0.,0.));
#4846=DIRECTION('',(0.,0.,-1.));
#4847=DIRECTION('',(1.,0.,0.));
#4848=DIRECTION('',(0.,0.,-1.));
#4849=DIRECTION('',(-1.,0.,0.));
#4850=DIRECTION('',(6.02334540269724E-17,-1.,0.));
#4851=DIRECTION('',(0.,0.,-1.));
#4852=DIRECTION('',(-1.,0.,0.));
#4853=DIRECTION('',(-1.,0.,0.));
#4854=DIRECTION('',(0.,0.,-1.));
#4855=DIRECTION('',(-1.,0.,0.));
#4856=DIRECTION('',(6.02334540269724E-17,1.,0.));
#4857=DIRECTION('',(0.,0.,-1.));
#4858=DIRECTION('',(-1.,0.,0.));
#4859=DIRECTION('',(0.,0.,1.));
#4860=DIRECTION('',(1.,0.,0.));
#4861=DIRECTION('',(-6.02334540269725E-17,-1.,0.));
#4862=DIRECTION('',(0.,0.,1.));
#4863=DIRECTION('',(1.,0.,0.));
#4864=DIRECTION('',(1.,0.,0.));
#4865=DIRECTION('',(0.,0.,1.));
#4866=DIRECTION('',(1.,0.,0.));
#4867=DIRECTION('',(-6.02334540269725E-17,1.,0.));
#4868=DIRECTION('',(0.,0.,1.));
#4869=DIRECTION('',(1.,0.,0.));
#4870=DIRECTION('',(0.,0.,-1.));
#4871=DIRECTION('',(1.,5.13476407101895E-16,0.));
#4872=DIRECTION('',(0.,0.,1.));
#4873=DIRECTION('',(1.,0.,0.));
#4874=DIRECTION('',(0.,0.,1.));
#4875=DIRECTION('',(1.,0.,0.));
#4876=DIRECTION('',(0.,0.,-1.));
#4877=DIRECTION('',(1.,5.13476407101895E-16,0.));
#4878=DIRECTION('',(0.,0.,1.));
#4879=DIRECTION('',(1.,0.,0.));
#4880=DIRECTION('',(6.02334540269724E-17,1.,0.));
#4881=DIRECTION('',(0.,0.,1.));
#4882=DIRECTION('',(1.,0.,0.));
#4883=DIRECTION('',(-1.,0.,0.));
#4884=DIRECTION('',(0.,0.,1.));
#4885=DIRECTION('',(1.,0.,0.));
#4886=DIRECTION('',(6.02334540269724E-17,-1.,0.));
#4887=DIRECTION('',(0.,0.,1.));
#4888=DIRECTION('',(1.,0.,0.));
#4889=DIRECTION('',(1.12937726300573E-16,-1.,0.));
#4890=DIRECTION('',(1.,1.12937726300573E-16,0.));
#4891=DIRECTION('',(1.,1.12937726300573E-16,0.));
#4892=DIRECTION('',(0.,0.,-1.));
#4893=DIRECTION('',(1.,1.12937726300573E-16,0.));
#4894=DIRECTION('',(-1.,-6.02334540269724E-17,0.));
#4895=DIRECTION('',(6.02334540269724E-17,-1.,0.));
#4896=DIRECTION('',(0.,0.,-1.));
#4897=DIRECTION('',(0.,0.,1.));
#4898=DIRECTION('',(1.,6.02334540269724E-17,0.));
#4899=DIRECTION('',(-6.02334540269724E-17,1.,0.));
#4900=DIRECTION('',(0.,0.,1.));
#4901=DIRECTION('',(-6.02334540269725E-17,1.,0.));
#4902=DIRECTION('',(0.,0.,-1.));
#4903=DIRECTION('',(0.,0.,-1.));
#4904=DIRECTION('',(-1.,0.,0.));
#4905=DIRECTION('',(0.,0.,-1.));
#4906=DIRECTION('',(1.,0.,0.));
#4907=DIRECTION('',(0.,0.,-1.));
#4908=DIRECTION('',(-1.,0.,0.));
#4909=DIRECTION('',(0.,0.,-1.));
#4910=DIRECTION('',(-1.,0.,0.));
#4911=DIRECTION('',(1.,0.,0.));
#4912=DIRECTION('',(0.,0.,-1.));
#4913=DIRECTION('',(-1.,0.,0.));
#4914=DIRECTION('',(-6.02334540269725E-17,-1.,0.));
#4915=DIRECTION('',(0.,0.,-1.));
#4916=DIRECTION('',(-1.,0.,0.));
#4917=DIRECTION('',(0.,0.,-1.));
#4918=DIRECTION('',(1.,0.,0.));
#4919=DIRECTION('',(0.,0.,-1.));
#4920=DIRECTION('',(-1.,0.,0.));
#4921=DIRECTION('',(0.,0.,-1.));
#4922=DIRECTION('',(-1.,0.,0.));
#4923=DIRECTION('',(1.,1.12937726300573E-16,0.));
#4924=DIRECTION('',(0.,0.,-1.));
#4925=DIRECTION('',(-1.,0.,0.));
#4926=DIRECTION('',(0.,0.,-1.));
#4927=DIRECTION('',(1.,0.,0.));
#4928=DIRECTION('',(0.,0.,1.));
#4929=DIRECTION('',(1.,0.,0.));
#4930=DIRECTION('',(0.,0.,1.));
#4931=DIRECTION('',(1.,0.,0.));
#4932=DIRECTION('',(0.,0.,-1.));
#4933=DIRECTION('',(-1.,0.,0.));
#4934=DIRECTION('',(0.,0.,-1.));
#4935=DIRECTION('',(-1.,0.,0.));
#4936=DIRECTION('',(0.,0.,-1.));
#4937=DIRECTION('',(-1.,0.,0.));
#4938=DIRECTION('',(0.,0.,1.));
#4939=DIRECTION('',(1.,0.,0.));
#4940=DIRECTION('',(0.,0.,1.));
#4941=DIRECTION('',(1.,0.,0.));
#4942=DIRECTION('',(0.,0.,1.));
#4943=DIRECTION('',(1.,0.,0.));
#4944=DIRECTION('',(0.,0.,1.));
#4945=DIRECTION('',(1.,0.,0.));
#4946=DIRECTION('',(0.,0.,1.));
#4947=DIRECTION('',(1.,0.,0.));
#4948=DIRECTION('',(0.,0.,1.));
#4949=DIRECTION('',(1.,0.,0.));
#4950=DIRECTION('',(0.,0.,-1.));
#4951=DIRECTION('',(-1.,0.,0.));
#4952=DIRECTION('',(0.,0.,-1.));
#4953=DIRECTION('',(-1.,0.,0.));
#4954=DIRECTION('',(1.12937726300573E-16,-1.,0.));
#4955=DIRECTION('',(1.,1.12937726300573E-16,0.));
#4956=DIRECTION('',(0.,0.,-1.));
#4957=DIRECTION('',(-1.12937726300573E-16,1.,0.));
#4958=DIRECTION('',(-1.,-1.12937726300573E-16,0.));
#4959=DIRECTION('',(-1.,-1.12937726300573E-16,0.));
#4960=DIRECTION('',(0.,0.,-1.));
#4961=DIRECTION('',(0.,0.,1.));
#4962=DIRECTION('',(1.,0.,0.));
#4963=DIRECTION('',(0.,0.,1.));
#4964=DIRECTION('',(1.,0.,0.));
#4965=DIRECTION('',(0.,0.,-1.));
#4966=DIRECTION('',(1.,5.13476407101895E-16,0.));
#4967=DIRECTION('',(0.,0.,1.));
#4968=DIRECTION('',(1.,0.,0.));
#4969=DIRECTION('',(0.,1.,0.));
#4970=DIRECTION('',(0.,0.,1.));
#4971=DIRECTION('',(0.,0.,1.));
#4972=DIRECTION('',(0.,0.,1.));
#4973=DIRECTION('',(1.,-6.02334540269724E-17,0.));
#4974=DIRECTION('',(6.02334540269724E-17,1.,0.));
#4975=DIRECTION('',(0.,0.,-1.));
#4976=DIRECTION('',(0.,0.,1.));
#4977=DIRECTION('',(-1.,6.02334540269724E-17,0.));
#4978=DIRECTION('',(-6.02334540269724E-17,-1.,0.));
#4979=DIRECTION('',(0.,0.,1.));
#4980=DIRECTION('',(0.,0.,-1.));
#4981=DIRECTION('',(0.,-1.,0.));
#4982=DIRECTION('',(0.,0.,-1.));
#4983=DIRECTION('',(0.,0.,1.));
#4984=DIRECTION('',(0.,0.,1.));
#4985=DIRECTION('',(0.,0.,-1.));
#4986=DIRECTION('',(-1.,0.,0.));
#4987=DIRECTION('',(0.,0.,-1.));
#4988=DIRECTION('',(-1.,0.,0.));
#4989=DIRECTION('',(0.,0.,1.));
#4990=DIRECTION('',(1.,0.,0.));
#4991=DIRECTION('',(0.,0.,-1.));
#4992=DIRECTION('',(-1.,0.,0.));
#4993=DIRECTION('',(0.,0.,1.));
#4994=DIRECTION('',(0.,0.,1.));
#4995=DIRECTION('',(0.,0.,1.));
#4996=DIRECTION('',(0.,0.,1.));
#4997=DIRECTION('',(0.,0.,1.));
#4998=DIRECTION('',(0.,0.,1.));
#4999=DIRECTION('',(0.,0.,1.));
#5000=DIRECTION('',(0.,0.,1.));
#5001=DIRECTION('',(0.,0.,-1.));
#5002=DIRECTION('',(-1.,0.,0.));
#5003=DIRECTION('',(0.,0.,-1.));
#5004=DIRECTION('',(-1.,0.,0.));
#5005=DIRECTION('',(0.,0.,-1.));
#5006=DIRECTION('',(-1.,0.,0.));
#5007=DIRECTION('',(0.,0.,1.));
#5008=DIRECTION('',(1.,0.,0.));
#5009=DIRECTION('',(0.,0.,1.));
#5010=DIRECTION('',(1.,0.,0.));
#5011=DIRECTION('',(0.,0.,1.));
#5012=DIRECTION('',(1.,0.,0.));
#5013=DIRECTION('',(0.,0.,1.));
#5014=DIRECTION('',(1.,0.,0.));
#5015=DIRECTION('',(0.,0.,1.));
#5016=DIRECTION('',(1.,0.,0.));
#5017=DIRECTION('',(0.,0.,1.));
#5018=DIRECTION('',(1.,0.,0.));
#5019=DIRECTION('',(0.,0.,1.));
#5020=DIRECTION('',(1.,0.,0.));
#5021=DIRECTION('',(0.,0.,1.));
#5022=DIRECTION('',(1.,0.,0.));
#5023=DIRECTION('',(0.,0.,-1.));
#5024=DIRECTION('',(-1.,0.,0.));
#5025=DIRECTION('',(0.,0.,-1.));
#5026=DIRECTION('',(-1.,0.,0.));
#5027=DIRECTION('',(0.,0.,1.));
#5028=DIRECTION('',(1.,0.,0.));
#5029=DIRECTION('',(0.,0.,1.));
#5030=DIRECTION('',(1.,0.,0.));
#5031=DIRECTION('',(0.,0.,1.));
#5032=DIRECTION('',(1.,0.,0.));
#5033=DIRECTION('',(0.,0.,1.));
#5034=DIRECTION('',(1.,0.,0.));
#5035=DIRECTION('',(0.,0.,1.));
#5036=DIRECTION('',(1.,0.,0.));
#5037=DIRECTION('',(0.,0.,1.));
#5038=DIRECTION('',(1.,0.,0.));
#5039=CARTESIAN_POINT('',(0.,0.,0.));
#5040=CARTESIAN_POINT('',(14.55,-1.6,9.8));
#5041=CARTESIAN_POINT('',(14.55,-1.6,10.));
#5042=CARTESIAN_POINT('',(14.55,-1.6,10.));
#5043=CARTESIAN_POINT('',(15.45,-1.6,10.));
#5044=CARTESIAN_POINT('',(15.45,-1.6,9.8));
#5045=CARTESIAN_POINT('',(15.45,-1.6,9.8));
#5046=CARTESIAN_POINT('',(14.55,-1.6,9.8));
#5047=CARTESIAN_POINT('',(14.55,-1.6,9.8));
#5048=CARTESIAN_POINT('',(14.55,-1.6,9.8));
#5049=CARTESIAN_POINT('',(15.45,-1.6,9.8));
#5050=CARTESIAN_POINT('',(15.45,-1.6,10.));
#5051=CARTESIAN_POINT('',(15.45,1.6,10.));
#5052=CARTESIAN_POINT('',(15.45,1.6,9.8));
#5053=CARTESIAN_POINT('',(15.45,1.6,9.8));
#5054=CARTESIAN_POINT('',(15.45,-1.6,9.8));
#5055=CARTESIAN_POINT('',(15.45,1.6,9.8));
#5056=CARTESIAN_POINT('',(15.45,1.6,10.));
#5057=CARTESIAN_POINT('',(14.55,1.6,10.));
#5058=CARTESIAN_POINT('',(14.55,1.6,9.8));
#5059=CARTESIAN_POINT('',(14.55,1.6,9.8));
#5060=CARTESIAN_POINT('',(15.45,1.6,9.8));
#5061=CARTESIAN_POINT('',(14.55,1.6,9.8));
#5062=CARTESIAN_POINT('',(14.55,1.6,10.));
#5063=CARTESIAN_POINT('',(14.55,1.6,9.8));
#5064=CARTESIAN_POINT('',(15.,0.,9.8));
#5065=CARTESIAN_POINT('',(9.55,-1.6,9.8));
#5066=CARTESIAN_POINT('',(9.55,-1.6,10.));
#5067=CARTESIAN_POINT('',(9.55,-1.6,10.));
#5068=CARTESIAN_POINT('',(10.45,-1.6,10.));
#5069=CARTESIAN_POINT('',(10.45,-1.6,9.8));
#5070=CARTESIAN_POINT('',(10.45,-1.6,9.8));
#5071=CARTESIAN_POINT('',(9.55,-1.6,9.8));
#5072=CARTESIAN_POINT('',(9.55,-1.6,9.8));
#5073=CARTESIAN_POINT('',(9.55,-1.6,9.8));
#5074=CARTESIAN_POINT('',(10.45,-1.6,9.8));
#5075=CARTESIAN_POINT('',(10.45,-1.6,10.));
#5076=CARTESIAN_POINT('',(10.45,1.6,10.));
#5077=CARTESIAN_POINT('',(10.45,1.6,9.8));
#5078=CARTESIAN_POINT('',(10.45,1.6,9.8));
#5079=CARTESIAN_POINT('',(10.45,-1.6,9.8));
#5080=CARTESIAN_POINT('',(10.45,1.6,9.8));
#5081=CARTESIAN_POINT('',(10.45,1.6,10.));
#5082=CARTESIAN_POINT('',(9.55,1.6,10.));
#5083=CARTESIAN_POINT('',(9.55,1.6,9.8));
#5084=CARTESIAN_POINT('',(9.55,1.6,9.8));
#5085=CARTESIAN_POINT('',(10.45,1.6,9.8));
#5086=CARTESIAN_POINT('',(9.55,1.6,9.8));
#5087=CARTESIAN_POINT('',(9.55,1.6,10.));
#5088=CARTESIAN_POINT('',(9.55,1.6,9.8));
#5089=CARTESIAN_POINT('',(10.,0.,9.8));
#5090=CARTESIAN_POINT('',(4.55,-1.6,9.8));
#5091=CARTESIAN_POINT('',(4.55,-1.6,10.));
#5092=CARTESIAN_POINT('',(4.55,-1.6,10.));
#5093=CARTESIAN_POINT('',(5.45,-1.6,10.));
#5094=CARTESIAN_POINT('',(5.45,-1.6,9.8));
#5095=CARTESIAN_POINT('',(5.45,-1.6,9.8));
#5096=CARTESIAN_POINT('',(4.55,-1.6,9.8));
#5097=CARTESIAN_POINT('',(4.55,-1.6,9.8));
#5098=CARTESIAN_POINT('',(4.55,-1.6,9.8));
#5099=CARTESIAN_POINT('',(5.45,-1.6,9.8));
#5100=CARTESIAN_POINT('',(5.45,-1.6,10.));
#5101=CARTESIAN_POINT('',(5.45,1.6,10.));
#5102=CARTESIAN_POINT('',(5.45,1.6,9.8));
#5103=CARTESIAN_POINT('',(5.45,1.6,9.8));
#5104=CARTESIAN_POINT('',(5.45,-1.6,9.8));
#5105=CARTESIAN_POINT('',(5.45,1.6,9.8));
#5106=CARTESIAN_POINT('',(5.45,1.6,10.));
#5107=CARTESIAN_POINT('',(4.55,1.6,10.));
#5108=CARTESIAN_POINT('',(4.55,1.6,9.8));
#5109=CARTESIAN_POINT('',(4.55,1.6,9.8));
#5110=CARTESIAN_POINT('',(5.45,1.6,9.8));
#5111=CARTESIAN_POINT('',(4.55,1.6,9.8));
#5112=CARTESIAN_POINT('',(4.55,1.6,10.));
#5113=CARTESIAN_POINT('',(4.55,1.6,9.8));
#5114=CARTESIAN_POINT('',(5.,0.,9.8));
#5115=CARTESIAN_POINT('',(17.,-2.71050543121376E-16,0.8));
#5116=CARTESIAN_POINT('',(17.,2.2,0.750000000000001));
#5117=CARTESIAN_POINT('',(17.,-2.71050543121376E-16,0.750000000000001));
#5118=CARTESIAN_POINT('',(17.,-3.4,0.750000000000001));
#5119=CARTESIAN_POINT('',(17.,-3.4,0.8));
#5120=CARTESIAN_POINT('',(17.,-3.4,0.));
#5121=CARTESIAN_POINT('',(17.,-2.71050543121376E-16,0.));
#5122=CARTESIAN_POINT('',(17.,-2.71050543121376E-16,0.));
#5123=CARTESIAN_POINT('',(17.,-2.71050543121376E-16,0.8));
#5124=CARTESIAN_POINT('',(17.5,-3.25260651745651E-16,0.8));
#5125=CARTESIAN_POINT('',(17.5,-3.25260651745651E-16,0.750000000000001));
#5126=CARTESIAN_POINT('',(18.,-2.64028311788284E-16,0.750000000000001));
#5127=CARTESIAN_POINT('',(17.5,-3.25260651745651E-16,0.));
#5128=CARTESIAN_POINT('',(18.,-2.64028311788284E-16,0.));
#5129=CARTESIAN_POINT('',(18.,-2.64028311788284E-16,0.8));
#5130=CARTESIAN_POINT('',(18.,-2.16840434497101E-16,0.8));
#5131=CARTESIAN_POINT('',(18.,2.2,0.750000000000001));
#5132=CARTESIAN_POINT('',(18.,-3.4,0.750000000000001));
#5133=CARTESIAN_POINT('',(18.,-2.16840434497101E-16,0.));
#5134=CARTESIAN_POINT('',(18.,-3.4,0.));
#5135=CARTESIAN_POINT('',(18.,-3.4,0.8));
#5136=CARTESIAN_POINT('',(17.5,-3.06625926906057E-16,4.84647403909092));
#5137=CARTESIAN_POINT('',(17.5,-3.06625926906057E-16,5.75));
#5138=CARTESIAN_POINT('',(16.6,-3.06625926906057E-16,5.75));
#5139=CARTESIAN_POINT('',(17.5,-3.06625926906057E-16,7.2));
#5140=CARTESIAN_POINT('',(18.4,-3.06625926906057E-16,7.2));
#5141=CARTESIAN_POINT('',(17.5,2.925,5.));
#5142=CARTESIAN_POINT('',(17.5,2.925,5.75));
#5143=CARTESIAN_POINT('',(17.075,2.925,5.75));
#5144=CARTESIAN_POINT('',(17.5,2.925,9.175));
#5145=CARTESIAN_POINT('',(17.5,2.5,10.));
#5146=CARTESIAN_POINT('',(17.5,-3.06625926906057E-16,7.2));
#5147=CARTESIAN_POINT('',(17.5,-3.06625926906057E-16,7.2));
#5148=CARTESIAN_POINT('',(19.1,-3.06625926906057E-16,7.2));
#5149=CARTESIAN_POINT('',(17.5,-3.06625926906057E-16,10.));
#5150=CARTESIAN_POINT('',(19.1,-3.06625926906057E-16,10.));
#5151=CARTESIAN_POINT('',(17.5,-3.06625926906057E-16,7.2));
#5152=CARTESIAN_POINT('',(18.9,3.4,0.75));
#5153=CARTESIAN_POINT('',(18.9,2.2,0.75));
#5154=CARTESIAN_POINT('',(18.9,2.2,0.75));
#5155=CARTESIAN_POINT('',(18.9,2.2,5.75));
#5156=CARTESIAN_POINT('',(18.9,3.4,5.75));
#5157=CARTESIAN_POINT('',(18.9,3.4,5.75));
#5158=CARTESIAN_POINT('',(18.9,3.4,0.75));
#5159=CARTESIAN_POINT('',(18.9,3.4,0.75));
#5160=CARTESIAN_POINT('',(18.9,3.4,0.75));
#5161=CARTESIAN_POINT('',(16.1,3.4,5.75));
#5162=CARTESIAN_POINT('',(16.1,2.2,5.75));
#5163=CARTESIAN_POINT('',(16.1,2.2,5.75));
#5164=CARTESIAN_POINT('',(16.1,2.2,0.749999999999998));
#5165=CARTESIAN_POINT('',(16.1,3.4,0.749999999999998));
#5166=CARTESIAN_POINT('',(16.1,3.4,0.749999999999998));
#5167=CARTESIAN_POINT('',(16.1,3.4,5.75));
#5168=CARTESIAN_POINT('',(16.1,3.4,5.75));
#5169=CARTESIAN_POINT('',(16.1,3.4,5.75));
#5170=CARTESIAN_POINT('',(20.,3.4,0.));
#5171=CARTESIAN_POINT('',(18.9,3.4,0.75));
#5172=CARTESIAN_POINT('',(16.1,3.4,5.75));
#5173=CARTESIAN_POINT('',(19.6,2.2,5.75));
#5174=CARTESIAN_POINT('',(19.6,-3.4,5.75));
#5175=CARTESIAN_POINT('',(19.6,-3.4,5.75));
#5176=CARTESIAN_POINT('',(19.6,-3.4,0.750000000000002));
#5177=CARTESIAN_POINT('',(19.6,2.2,5.75));
#5178=CARTESIAN_POINT('',(19.6,2.2,5.75));
#5179=CARTESIAN_POINT('',(19.6,2.2,5.75));
#5180=CARTESIAN_POINT('',(19.6,2.2,0.750000000000002));
#5181=CARTESIAN_POINT('',(19.6,2.2,0.750000000000002));
#5182=CARTESIAN_POINT('',(19.6,2.2,0.750000000000002));
#5183=CARTESIAN_POINT('',(19.6,-3.4,0.750000000000002));
#5184=CARTESIAN_POINT('',(19.6,2.2,0.750000000000002));
#5185=CARTESIAN_POINT('',(19.6,2.2,0.750000000000002));
#5186=CARTESIAN_POINT('',(15.4,2.2,0.75));
#5187=CARTESIAN_POINT('',(15.4,2.2,0.75));
#5188=CARTESIAN_POINT('',(15.4,-3.4,0.75));
#5189=CARTESIAN_POINT('',(19.6,-3.4,0.750000000000002));
#5190=CARTESIAN_POINT('',(15.4,2.2,0.75));
#5191=CARTESIAN_POINT('',(15.4,-3.4,0.75));
#5192=CARTESIAN_POINT('',(15.4,-3.4,5.75));
#5193=CARTESIAN_POINT('',(15.4,2.2,0.75));
#5194=CARTESIAN_POINT('',(15.4,2.2,5.75));
#5195=CARTESIAN_POINT('',(15.4,2.2,5.75));
#5196=CARTESIAN_POINT('',(15.4,2.2,5.75));
#5197=CARTESIAN_POINT('',(15.4,-3.4,5.75));
#5198=CARTESIAN_POINT('',(15.4,2.2,5.75));
#5199=CARTESIAN_POINT('',(15.4,2.2,5.75));
#5200=CARTESIAN_POINT('',(20.,2.2,0.));
#5201=CARTESIAN_POINT('',(20.,2.2,0.));
#5202=CARTESIAN_POINT('',(12.,-2.71050543121376E-16,0.8));
#5203=CARTESIAN_POINT('',(12.,2.2,0.750000000000001));
#5204=CARTESIAN_POINT('',(12.,-2.71050543121376E-16,0.750000000000001));
#5205=CARTESIAN_POINT('',(12.,-3.4,0.750000000000001));
#5206=CARTESIAN_POINT('',(12.,-3.4,0.8));
#5207=CARTESIAN_POINT('',(12.,-3.4,0.));
#5208=CARTESIAN_POINT('',(12.,-2.71050543121376E-16,0.));
#5209=CARTESIAN_POINT('',(12.,-2.71050543121376E-16,0.));
#5210=CARTESIAN_POINT('',(12.,-2.71050543121376E-16,0.8));
#5211=CARTESIAN_POINT('',(12.5,-3.25260651745651E-16,0.8));
#5212=CARTESIAN_POINT('',(12.5,-3.25260651745651E-16,0.750000000000001));
#5213=CARTESIAN_POINT('',(13.,-2.64028311788284E-16,0.750000000000001));
#5214=CARTESIAN_POINT('',(12.5,-3.25260651745651E-16,0.));
#5215=CARTESIAN_POINT('',(13.,-2.64028311788284E-16,0.));
#5216=CARTESIAN_POINT('',(13.,-2.64028311788284E-16,0.8));
#5217=CARTESIAN_POINT('',(13.,-2.16840434497101E-16,0.8));
#5218=CARTESIAN_POINT('',(13.,2.2,0.750000000000001));
#5219=CARTESIAN_POINT('',(13.,-3.4,0.750000000000001));
#5220=CARTESIAN_POINT('',(13.,-2.16840434497101E-16,0.));
#5221=CARTESIAN_POINT('',(13.,-3.4,0.));
#5222=CARTESIAN_POINT('',(13.,-3.4,0.8));
#5223=CARTESIAN_POINT('',(12.5,-3.06625926906057E-16,4.84647403909092));
#5224=CARTESIAN_POINT('',(12.5,-3.06625926906057E-16,5.75));
#5225=CARTESIAN_POINT('',(11.6,-3.06625926906057E-16,5.75));
#5226=CARTESIAN_POINT('',(12.5,-3.06625926906057E-16,7.2));
#5227=CARTESIAN_POINT('',(13.4,-3.06625926906057E-16,7.2));
#5228=CARTESIAN_POINT('',(12.5,2.925,5.));
#5229=CARTESIAN_POINT('',(12.5,2.925,5.75));
#5230=CARTESIAN_POINT('',(12.075,2.925,5.75));
#5231=CARTESIAN_POINT('',(12.5,2.925,9.175));
#5232=CARTESIAN_POINT('',(12.5,2.5,10.));
#5233=CARTESIAN_POINT('',(12.5,-3.06625926906057E-16,7.2));
#5234=CARTESIAN_POINT('',(12.5,-3.06625926906057E-16,7.2));
#5235=CARTESIAN_POINT('',(14.1,-3.06625926906057E-16,7.2));
#5236=CARTESIAN_POINT('',(12.5,-3.06625926906057E-16,10.));
#5237=CARTESIAN_POINT('',(14.1,-3.06625926906057E-16,10.));
#5238=CARTESIAN_POINT('',(12.5,-3.06625926906057E-16,7.2));
#5239=CARTESIAN_POINT('',(13.9,3.4,0.75));
#5240=CARTESIAN_POINT('',(13.9,2.2,0.75));
#5241=CARTESIAN_POINT('',(13.9,2.2,0.75));
#5242=CARTESIAN_POINT('',(13.9,2.2,5.75));
#5243=CARTESIAN_POINT('',(13.9,3.4,5.75));
#5244=CARTESIAN_POINT('',(13.9,3.4,5.75));
#5245=CARTESIAN_POINT('',(13.9,3.4,0.75));
#5246=CARTESIAN_POINT('',(13.9,3.4,0.75));
#5247=CARTESIAN_POINT('',(13.9,3.4,0.75));
#5248=CARTESIAN_POINT('',(11.1,3.4,5.75));
#5249=CARTESIAN_POINT('',(11.1,2.2,5.75));
#5250=CARTESIAN_POINT('',(11.1,2.2,5.75));
#5251=CARTESIAN_POINT('',(11.1,2.2,0.749999999999998));
#5252=CARTESIAN_POINT('',(11.1,3.4,0.749999999999998));
#5253=CARTESIAN_POINT('',(11.1,3.4,0.749999999999998));
#5254=CARTESIAN_POINT('',(11.1,3.4,5.75));
#5255=CARTESIAN_POINT('',(11.1,3.4,5.75));
#5256=CARTESIAN_POINT('',(11.1,3.4,5.75));
#5257=CARTESIAN_POINT('',(15.,3.4,0.));
#5258=CARTESIAN_POINT('',(13.9,3.4,0.75));
#5259=CARTESIAN_POINT('',(11.1,3.4,5.75));
#5260=CARTESIAN_POINT('',(14.6,2.2,5.75));
#5261=CARTESIAN_POINT('',(14.6,-3.4,5.75));
#5262=CARTESIAN_POINT('',(14.6,-3.4,5.75));
#5263=CARTESIAN_POINT('',(14.6,-3.4,0.750000000000002));
#5264=CARTESIAN_POINT('',(14.6,2.2,5.75));
#5265=CARTESIAN_POINT('',(14.6,2.2,5.75));
#5266=CARTESIAN_POINT('',(14.6,2.2,5.75));
#5267=CARTESIAN_POINT('',(14.6,2.2,0.750000000000002));
#5268=CARTESIAN_POINT('',(14.6,2.2,0.750000000000002));
#5269=CARTESIAN_POINT('',(14.6,2.2,0.750000000000002));
#5270=CARTESIAN_POINT('',(14.6,-3.4,0.750000000000002));
#5271=CARTESIAN_POINT('',(14.6,2.2,0.750000000000002));
#5272=CARTESIAN_POINT('',(14.6,2.2,0.750000000000002));
#5273=CARTESIAN_POINT('',(10.4,2.2,0.75));
#5274=CARTESIAN_POINT('',(10.4,2.2,0.75));
#5275=CARTESIAN_POINT('',(10.4,-3.4,0.75));
#5276=CARTESIAN_POINT('',(14.6,-3.4,0.750000000000002));
#5277=CARTESIAN_POINT('',(10.4,2.2,0.75));
#5278=CARTESIAN_POINT('',(10.4,-3.4,0.75));
#5279=CARTESIAN_POINT('',(10.4,-3.4,5.75));
#5280=CARTESIAN_POINT('',(10.4,2.2,0.75));
#5281=CARTESIAN_POINT('',(10.4,2.2,5.75));
#5282=CARTESIAN_POINT('',(10.4,2.2,5.75));
#5283=CARTESIAN_POINT('',(10.4,2.2,5.75));
#5284=CARTESIAN_POINT('',(10.4,-3.4,5.75));
#5285=CARTESIAN_POINT('',(10.4,2.2,5.75));
#5286=CARTESIAN_POINT('',(10.4,2.2,5.75));
#5287=CARTESIAN_POINT('',(15.,2.2,0.));
#5288=CARTESIAN_POINT('',(15.,2.2,0.));
#5289=CARTESIAN_POINT('',(7.,-2.71050543121376E-16,0.8));
#5290=CARTESIAN_POINT('',(7.,2.2,0.750000000000001));
#5291=CARTESIAN_POINT('',(7.,-2.71050543121376E-16,0.750000000000001));
#5292=CARTESIAN_POINT('',(7.,-3.4,0.750000000000001));
#5293=CARTESIAN_POINT('',(7.,-3.4,0.8));
#5294=CARTESIAN_POINT('',(7.,-3.4,0.));
#5295=CARTESIAN_POINT('',(7.,-2.71050543121376E-16,0.));
#5296=CARTESIAN_POINT('',(7.,-2.71050543121376E-16,0.));
#5297=CARTESIAN_POINT('',(7.,-2.71050543121376E-16,0.8));
#5298=CARTESIAN_POINT('',(7.5,-3.25260651745651E-16,0.8));
#5299=CARTESIAN_POINT('',(7.5,-3.25260651745651E-16,0.750000000000001));
#5300=CARTESIAN_POINT('',(8.,-2.64028311788284E-16,0.750000000000001));
#5301=CARTESIAN_POINT('',(7.5,-3.25260651745651E-16,0.));
#5302=CARTESIAN_POINT('',(8.,-2.64028311788284E-16,0.));
#5303=CARTESIAN_POINT('',(8.,-2.64028311788284E-16,0.8));
#5304=CARTESIAN_POINT('',(8.,-2.16840434497101E-16,0.8));
#5305=CARTESIAN_POINT('',(8.,2.2,0.750000000000001));
#5306=CARTESIAN_POINT('',(8.,-3.4,0.750000000000001));
#5307=CARTESIAN_POINT('',(8.,-2.16840434497101E-16,0.));
#5308=CARTESIAN_POINT('',(8.,-3.4,0.));
#5309=CARTESIAN_POINT('',(8.,-3.4,0.8));
#5310=CARTESIAN_POINT('',(7.5,-3.06625926906057E-16,4.84647403909092));
#5311=CARTESIAN_POINT('',(7.5,-3.06625926906057E-16,5.75));
#5312=CARTESIAN_POINT('',(6.6,-3.06625926906057E-16,5.75));
#5313=CARTESIAN_POINT('',(7.5,-3.06625926906057E-16,7.2));
#5314=CARTESIAN_POINT('',(8.4,-3.06625926906057E-16,7.2));
#5315=CARTESIAN_POINT('',(7.5,2.925,5.));
#5316=CARTESIAN_POINT('',(7.5,2.925,5.75));
#5317=CARTESIAN_POINT('',(7.075,2.925,5.75));
#5318=CARTESIAN_POINT('',(7.5,2.925,9.175));
#5319=CARTESIAN_POINT('',(7.5,2.5,10.));
#5320=CARTESIAN_POINT('',(7.5,-3.06625926906057E-16,7.2));
#5321=CARTESIAN_POINT('',(7.5,-3.06625926906057E-16,7.2));
#5322=CARTESIAN_POINT('',(9.1,-3.06625926906057E-16,7.2));
#5323=CARTESIAN_POINT('',(7.5,-3.06625926906057E-16,10.));
#5324=CARTESIAN_POINT('',(9.1,-3.06625926906057E-16,10.));
#5325=CARTESIAN_POINT('',(7.5,-3.06625926906057E-16,7.2));
#5326=CARTESIAN_POINT('',(8.9,3.4,0.75));
#5327=CARTESIAN_POINT('',(8.9,2.2,0.75));
#5328=CARTESIAN_POINT('',(8.9,2.2,0.75));
#5329=CARTESIAN_POINT('',(8.9,2.2,5.75));
#5330=CARTESIAN_POINT('',(8.9,3.4,5.75));
#5331=CARTESIAN_POINT('',(8.9,3.4,5.75));
#5332=CARTESIAN_POINT('',(8.9,3.4,0.75));
#5333=CARTESIAN_POINT('',(8.9,3.4,0.75));
#5334=CARTESIAN_POINT('',(8.9,3.4,0.75));
#5335=CARTESIAN_POINT('',(6.1,3.4,5.75));
#5336=CARTESIAN_POINT('',(6.1,2.2,5.75));
#5337=CARTESIAN_POINT('',(6.1,2.2,5.75));
#5338=CARTESIAN_POINT('',(6.1,2.2,0.749999999999998));
#5339=CARTESIAN_POINT('',(6.1,3.4,0.749999999999998));
#5340=CARTESIAN_POINT('',(6.1,3.4,0.749999999999998));
#5341=CARTESIAN_POINT('',(6.1,3.4,5.75));
#5342=CARTESIAN_POINT('',(6.1,3.4,5.75));
#5343=CARTESIAN_POINT('',(6.1,3.4,5.75));
#5344=CARTESIAN_POINT('',(10.,3.4,0.));
#5345=CARTESIAN_POINT('',(8.9,3.4,0.75));
#5346=CARTESIAN_POINT('',(6.1,3.4,5.75));
#5347=CARTESIAN_POINT('',(9.6,2.2,5.75));
#5348=CARTESIAN_POINT('',(9.6,-3.4,5.75));
#5349=CARTESIAN_POINT('',(9.6,-3.4,5.75));
#5350=CARTESIAN_POINT('',(9.6,-3.4,0.750000000000002));
#5351=CARTESIAN_POINT('',(9.6,2.2,5.75));
#5352=CARTESIAN_POINT('',(9.6,2.2,5.75));
#5353=CARTESIAN_POINT('',(9.6,2.2,5.75));
#5354=CARTESIAN_POINT('',(9.6,2.2,0.750000000000002));
#5355=CARTESIAN_POINT('',(9.6,2.2,0.750000000000002));
#5356=CARTESIAN_POINT('',(9.6,2.2,0.750000000000002));
#5357=CARTESIAN_POINT('',(9.6,-3.4,0.750000000000002));
#5358=CARTESIAN_POINT('',(9.6,2.2,0.750000000000002));
#5359=CARTESIAN_POINT('',(9.6,2.2,0.750000000000002));
#5360=CARTESIAN_POINT('',(5.4,2.2,0.75));
#5361=CARTESIAN_POINT('',(5.4,2.2,0.75));
#5362=CARTESIAN_POINT('',(5.4,-3.4,0.75));
#5363=CARTESIAN_POINT('',(9.6,-3.4,0.750000000000002));
#5364=CARTESIAN_POINT('',(5.4,2.2,0.75));
#5365=CARTESIAN_POINT('',(5.4,-3.4,0.75));
#5366=CARTESIAN_POINT('',(5.4,-3.4,5.75));
#5367=CARTESIAN_POINT('',(5.4,2.2,0.75));
#5368=CARTESIAN_POINT('',(5.4,2.2,5.75));
#5369=CARTESIAN_POINT('',(5.4,2.2,5.75));
#5370=CARTESIAN_POINT('',(5.4,2.2,5.75));
#5371=CARTESIAN_POINT('',(5.4,-3.4,5.75));
#5372=CARTESIAN_POINT('',(5.4,2.2,5.75));
#5373=CARTESIAN_POINT('',(5.4,2.2,5.75));
#5374=CARTESIAN_POINT('',(10.,2.2,0.));
#5375=CARTESIAN_POINT('',(10.,2.2,0.));
#5376=CARTESIAN_POINT('',(2.,-2.71050543121376E-16,0.8));
#5377=CARTESIAN_POINT('',(2.,2.2,0.750000000000001));
#5378=CARTESIAN_POINT('',(2.,-2.71050543121376E-16,0.750000000000001));
#5379=CARTESIAN_POINT('',(2.,-3.4,0.750000000000001));
#5380=CARTESIAN_POINT('',(2.,-3.4,0.8));
#5381=CARTESIAN_POINT('',(2.,-3.4,0.));
#5382=CARTESIAN_POINT('',(2.,-2.71050543121376E-16,0.));
#5383=CARTESIAN_POINT('',(2.,-2.71050543121376E-16,0.));
#5384=CARTESIAN_POINT('',(2.,-2.71050543121376E-16,0.8));
#5385=CARTESIAN_POINT('',(2.5,-3.25260651745651E-16,0.8));
#5386=CARTESIAN_POINT('',(2.5,-3.25260651745651E-16,0.750000000000001));
#5387=CARTESIAN_POINT('',(3.,-2.64028311788284E-16,0.750000000000001));
#5388=CARTESIAN_POINT('',(2.5,-3.25260651745651E-16,0.));
#5389=CARTESIAN_POINT('',(3.,-2.64028311788284E-16,0.));
#5390=CARTESIAN_POINT('',(3.,-2.64028311788284E-16,0.8));
#5391=CARTESIAN_POINT('',(3.,-2.16840434497101E-16,0.8));
#5392=CARTESIAN_POINT('',(3.,2.2,0.750000000000001));
#5393=CARTESIAN_POINT('',(3.,-3.4,0.750000000000001));
#5394=CARTESIAN_POINT('',(3.,-2.16840434497101E-16,0.));
#5395=CARTESIAN_POINT('',(3.,-3.4,0.));
#5396=CARTESIAN_POINT('',(3.,-3.4,0.8));
#5397=CARTESIAN_POINT('',(2.5,-3.06625926906057E-16,4.84647403909092));
#5398=CARTESIAN_POINT('',(2.5,-3.06625926906057E-16,5.75));
#5399=CARTESIAN_POINT('',(1.6,-3.06625926906057E-16,5.75));
#5400=CARTESIAN_POINT('',(2.5,-3.06625926906057E-16,7.2));
#5401=CARTESIAN_POINT('',(3.4,-3.06625926906057E-16,7.2));
#5402=CARTESIAN_POINT('',(2.5,2.925,5.));
#5403=CARTESIAN_POINT('',(2.5,2.925,5.75));
#5404=CARTESIAN_POINT('',(2.075,2.925,5.75));
#5405=CARTESIAN_POINT('',(2.5,2.925,9.175));
#5406=CARTESIAN_POINT('',(2.5,2.5,10.));
#5407=CARTESIAN_POINT('',(2.5,-3.06625926906057E-16,7.2));
#5408=CARTESIAN_POINT('',(2.5,-3.06625926906057E-16,7.2));
#5409=CARTESIAN_POINT('',(4.1,-3.06625926906057E-16,7.2));
#5410=CARTESIAN_POINT('',(2.5,-3.06625926906057E-16,10.));
#5411=CARTESIAN_POINT('',(4.1,-3.06625926906057E-16,10.));
#5412=CARTESIAN_POINT('',(2.5,-3.06625926906057E-16,7.2));
#5413=CARTESIAN_POINT('',(3.9,3.4,0.75));
#5414=CARTESIAN_POINT('',(3.9,2.2,0.75));
#5415=CARTESIAN_POINT('',(3.9,2.2,0.75));
#5416=CARTESIAN_POINT('',(3.9,2.2,5.75));
#5417=CARTESIAN_POINT('',(3.9,3.4,5.75));
#5418=CARTESIAN_POINT('',(3.9,3.4,5.75));
#5419=CARTESIAN_POINT('',(3.9,3.4,0.75));
#5420=CARTESIAN_POINT('',(3.9,3.4,0.75));
#5421=CARTESIAN_POINT('',(3.9,3.4,0.75));
#5422=CARTESIAN_POINT('',(1.1,3.4,5.75));
#5423=CARTESIAN_POINT('',(1.1,2.2,5.75));
#5424=CARTESIAN_POINT('',(1.1,2.2,5.75));
#5425=CARTESIAN_POINT('',(1.1,2.2,0.749999999999998));
#5426=CARTESIAN_POINT('',(1.1,3.4,0.749999999999998));
#5427=CARTESIAN_POINT('',(1.1,3.4,0.749999999999998));
#5428=CARTESIAN_POINT('',(1.1,3.4,5.75));
#5429=CARTESIAN_POINT('',(1.1,3.4,5.75));
#5430=CARTESIAN_POINT('',(1.1,3.4,5.75));
#5431=CARTESIAN_POINT('',(5.,3.4,0.));
#5432=CARTESIAN_POINT('',(3.9,3.4,0.75));
#5433=CARTESIAN_POINT('',(1.1,3.4,5.75));
#5434=CARTESIAN_POINT('',(4.6,2.2,5.75));
#5435=CARTESIAN_POINT('',(4.6,-3.4,5.75));
#5436=CARTESIAN_POINT('',(4.6,-3.4,5.75));
#5437=CARTESIAN_POINT('',(4.6,-3.4,0.750000000000002));
#5438=CARTESIAN_POINT('',(4.6,2.2,5.75));
#5439=CARTESIAN_POINT('',(4.6,2.2,5.75));
#5440=CARTESIAN_POINT('',(4.6,2.2,5.75));
#5441=CARTESIAN_POINT('',(4.6,2.2,0.750000000000002));
#5442=CARTESIAN_POINT('',(4.6,2.2,0.750000000000002));
#5443=CARTESIAN_POINT('',(4.6,2.2,0.750000000000002));
#5444=CARTESIAN_POINT('',(4.6,-3.4,0.750000000000002));
#5445=CARTESIAN_POINT('',(4.6,2.2,0.750000000000002));
#5446=CARTESIAN_POINT('',(4.6,2.2,0.750000000000002));
#5447=CARTESIAN_POINT('',(0.399999999999999,2.2,0.75));
#5448=CARTESIAN_POINT('',(0.399999999999999,2.2,0.75));
#5449=CARTESIAN_POINT('',(0.399999999999999,-3.4,0.75));
#5450=CARTESIAN_POINT('',(4.6,-3.4,0.750000000000002));
#5451=CARTESIAN_POINT('',(0.399999999999999,2.2,0.75));
#5452=CARTESIAN_POINT('',(0.399999999999999,-3.4,0.75));
#5453=CARTESIAN_POINT('',(0.399999999999998,-3.4,5.75));
#5454=CARTESIAN_POINT('',(0.399999999999999,2.2,0.75));
#5455=CARTESIAN_POINT('',(0.399999999999998,2.2,5.75));
#5456=CARTESIAN_POINT('',(0.399999999999998,2.2,5.75));
#5457=CARTESIAN_POINT('',(0.399999999999998,2.2,5.75));
#5458=CARTESIAN_POINT('',(0.399999999999998,-3.4,5.75));
#5459=CARTESIAN_POINT('',(0.399999999999998,2.2,5.75));
#5460=CARTESIAN_POINT('',(0.399999999999998,2.2,5.75));
#5461=CARTESIAN_POINT('',(5.,2.2,0.));
#5462=CARTESIAN_POINT('',(5.,2.2,0.));
#5463=CARTESIAN_POINT('',(-5.,4.2,10.));
#5464=CARTESIAN_POINT('',(-5.,3.21132486540519,6.7));
#5465=CARTESIAN_POINT('',(-5.,3.21132486540519,6.7));
#5466=CARTESIAN_POINT('',(-5.,3.21132486540519,0.));
#5467=CARTESIAN_POINT('',(-5.,4.2,6.7));
#5468=CARTESIAN_POINT('',(-5.,2.68867513459481,6.7));
#5469=CARTESIAN_POINT('',(-5.,2.68867513459481,6.7));
#5470=CARTESIAN_POINT('',(-5.,2.68867513459481,0.));
#5471=CARTESIAN_POINT('',(-5.,4.2,0.));
#5472=CARTESIAN_POINT('',(-5.,-3.4,0.));
#5473=CARTESIAN_POINT('',(-5.,-3.4,10.));
#5474=CARTESIAN_POINT('',(-5.,-3.4,6.7));
#5475=CARTESIAN_POINT('',(-5.,-2.5152754590985,10.));
#5476=CARTESIAN_POINT('',(-5.,-2.5152754590985,10.));
#5477=CARTESIAN_POINT('',(-5.,4.2,10.));
#5478=CARTESIAN_POINT('',(-5.,2.5,10.));
#5479=CARTESIAN_POINT('',(-5.,2.5,10.));
#5480=CARTESIAN_POINT('',(-5.,4.2,6.7));
#5481=CARTESIAN_POINT('',(-5.,4.2,10.));
#5482=CARTESIAN_POINT('',(-5.,4.2,0.));
#5483=CARTESIAN_POINT('',(-5.,4.2,0.));
#5484=CARTESIAN_POINT('',(-5.,2.5,10.));
#5485=CARTESIAN_POINT('',(-5.,2.5,10.));
#5486=CARTESIAN_POINT('',(-5.,2.5,10.));
#5487=CARTESIAN_POINT('',(20.,2.5,10.));
#5488=CARTESIAN_POINT('',(20.,2.5,10.));
#5489=CARTESIAN_POINT('',(20.,4.2,6.7));
#5490=CARTESIAN_POINT('',(-5.,4.2,6.7));
#5491=CARTESIAN_POINT('',(-5.,2.5,10.));
#5492=CARTESIAN_POINT('',(-2.5,2.5,10.));
#5493=CARTESIAN_POINT('',(-2.5,2.925,9.175));
#5494=CARTESIAN_POINT('',(-5.,2.5,10.));
#5495=CARTESIAN_POINT('',(-5.,2.5,10.));
#5496=CARTESIAN_POINT('',(-5.,2.5,10.));
#5497=CARTESIAN_POINT('',(0.,2.2,0.));
#5498=CARTESIAN_POINT('',(-1.1,2.2,0.75));
#5499=CARTESIAN_POINT('',(-1.1,2.2,0.75));
#5500=CARTESIAN_POINT('',(-1.1,2.2,5.75));
#5501=CARTESIAN_POINT('',(-0.400000000000001,2.2,0.750000000000002));
#5502=CARTESIAN_POINT('',(-0.400000000000001,2.2,0.750000000000002));
#5503=CARTESIAN_POINT('',(-0.4,2.2,5.75));
#5504=CARTESIAN_POINT('',(-0.4,2.2,5.75));
#5505=CARTESIAN_POINT('',(-4.6,2.2,5.75));
#5506=CARTESIAN_POINT('',(0.,2.2,0.));
#5507=CARTESIAN_POINT('',(-3.9,2.2,5.75));
#5508=CARTESIAN_POINT('',(-3.9,2.2,5.75));
#5509=CARTESIAN_POINT('',(-3.9,2.2,0.749999999999998));
#5510=CARTESIAN_POINT('',(-4.6,2.2,5.75));
#5511=CARTESIAN_POINT('',(-4.6,2.2,5.75));
#5512=CARTESIAN_POINT('',(-4.6,2.2,0.75));
#5513=CARTESIAN_POINT('',(-4.6,2.2,0.75));
#5514=CARTESIAN_POINT('',(-0.400000000000001,2.2,0.750000000000002));
#5515=CARTESIAN_POINT('',(-5.,-3.4,10.));
#5516=CARTESIAN_POINT('',(-5.,-3.4,0.));
#5517=CARTESIAN_POINT('',(-5.,-3.4,0.));
#5518=CARTESIAN_POINT('',(20.,-3.4,0.));
#5519=CARTESIAN_POINT('',(20.,-3.4,10.));
#5520=CARTESIAN_POINT('',(20.,-3.4,6.7));
#5521=CARTESIAN_POINT('',(-5.,-3.4,6.7));
#5522=CARTESIAN_POINT('',(-5.,-3.4,0.));
#5523=CARTESIAN_POINT('',(-3.,-3.4,0.));
#5524=CARTESIAN_POINT('',(-3.,-3.4,0.8));
#5525=CARTESIAN_POINT('',(-3.,-3.4,0.750000000000001));
#5526=CARTESIAN_POINT('',(-0.400000000000001,-3.4,0.750000000000002));
#5527=CARTESIAN_POINT('',(-4.6,-3.4,0.75));
#5528=CARTESIAN_POINT('',(-4.6,-3.4,0.75));
#5529=CARTESIAN_POINT('',(-4.6,-3.4,5.75));
#5530=CARTESIAN_POINT('',(-4.6,-3.4,5.75));
#5531=CARTESIAN_POINT('',(-0.4,-3.4,5.75));
#5532=CARTESIAN_POINT('',(-0.4,-3.4,5.75));
#5533=CARTESIAN_POINT('',(-0.400000000000001,-3.4,0.750000000000002));
#5534=CARTESIAN_POINT('',(-0.400000000000001,-3.4,0.750000000000002));
#5535=CARTESIAN_POINT('',(-2.,-3.4,0.750000000000001));
#5536=CARTESIAN_POINT('',(-2.,-3.4,0.8));
#5537=CARTESIAN_POINT('',(-2.,-3.4,0.));
#5538=CARTESIAN_POINT('',(-5.,-3.4,0.));
#5539=CARTESIAN_POINT('',(-5.,-3.4,0.));
#5540=CARTESIAN_POINT('',(-5.,-3.4,0.));
#5541=CARTESIAN_POINT('',(20.,-3.4,10.));
#5542=CARTESIAN_POINT('',(20.,-3.4,0.));
#5543=CARTESIAN_POINT('',(20.,2.68867513459481,0.));
#5544=CARTESIAN_POINT('',(20.,2.68867513459481,6.7));
#5545=CARTESIAN_POINT('',(20.,2.68867513459481,6.7));
#5546=CARTESIAN_POINT('',(20.,-3.4,6.7));
#5547=CARTESIAN_POINT('',(20.,3.21132486540519,6.7));
#5548=CARTESIAN_POINT('',(20.,3.21132486540519,6.7));
#5549=CARTESIAN_POINT('',(20.,3.21132486540519,0.));
#5550=CARTESIAN_POINT('',(20.,-3.4,0.));
#5551=CARTESIAN_POINT('',(20.,4.2,0.));
#5552=CARTESIAN_POINT('',(20.,4.2,10.));
#5553=CARTESIAN_POINT('',(20.,-3.4,10.));
#5554=CARTESIAN_POINT('',(20.,-2.5152754590985,10.));
#5555=CARTESIAN_POINT('',(20.,-2.5152754590985,10.));
#5556=CARTESIAN_POINT('',(5.,4.2,10.));
#5557=CARTESIAN_POINT('',(5.,4.2,0.));
#5558=CARTESIAN_POINT('',(0.,0.4,10.));
#5559=CARTESIAN_POINT('',(-0.450000000000001,-1.6,10.));
#5560=CARTESIAN_POINT('',(-0.450000000000001,-1.6,10.));
#5561=CARTESIAN_POINT('',(0.449999999999999,-1.6,10.));
#5562=CARTESIAN_POINT('',(-0.450000000000001,1.6,10.));
#5563=CARTESIAN_POINT('',(-0.450000000000001,1.6,10.));
#5564=CARTESIAN_POINT('',(0.449999999999999,1.6,10.));
#5565=CARTESIAN_POINT('',(0.449999999999999,1.6,10.));
#5566=CARTESIAN_POINT('',(0.449999999999999,-1.6,10.));
#5567=CARTESIAN_POINT('',(-2.5,-3.06625926906057E-16,10.));
#5568=CARTESIAN_POINT('',(-0.9,-3.06625926906057E-16,10.));
#5569=CARTESIAN_POINT('',(-5.,-2.5152754590985,10.));
#5570=CARTESIAN_POINT('',(0.,0.4,0.));
#5571=CARTESIAN_POINT('',(-2.,-2.16840434497101E-16,0.));
#5572=CARTESIAN_POINT('',(-2.,-2.64028311788284E-16,0.));
#5573=CARTESIAN_POINT('',(-2.5,-3.25260651745651E-16,0.));
#5574=CARTESIAN_POINT('',(-3.,-2.71050543121376E-16,0.));
#5575=CARTESIAN_POINT('',(-3.,-2.71050543121376E-16,0.));
#5576=CARTESIAN_POINT('',(-5.5,2.4,0.));
#5577=CARTESIAN_POINT('',(-5.5,2.4,0.));
#5578=CARTESIAN_POINT('',(-5.5,3.5,0.));
#5579=CARTESIAN_POINT('',(-5.5,3.5,0.));
#5580=CARTESIAN_POINT('',(-5.5,3.5,0.));
#5581=CARTESIAN_POINT('',(19.5,3.5,0.));
#5582=CARTESIAN_POINT('',(19.5,3.5,0.));
#5583=CARTESIAN_POINT('',(19.5,2.4,0.));
#5584=CARTESIAN_POINT('',(19.5,2.4,0.));
#5585=CARTESIAN_POINT('',(20.,2.68867513459481,0.));
#5586=CARTESIAN_POINT('',(-5.,-2.5152754590985,10.));
#5587=CARTESIAN_POINT('',(-0.4,2.2,5.75));
#5588=CARTESIAN_POINT('',(-0.4,2.2,5.75));
#5589=CARTESIAN_POINT('',(-0.400000000000001,2.2,0.750000000000002));
#5590=CARTESIAN_POINT('',(-0.400000000000001,2.2,0.750000000000002));
#5591=CARTESIAN_POINT('',(-3.,2.2,0.750000000000001));
#5592=CARTESIAN_POINT('',(-3.,-2.71050543121376E-16,0.750000000000001));
#5593=CARTESIAN_POINT('',(-2.5,-3.25260651745651E-16,0.750000000000001));
#5594=CARTESIAN_POINT('',(-2.,-2.64028311788284E-16,0.750000000000001));
#5595=CARTESIAN_POINT('',(-2.,2.2,0.750000000000001));
#5596=CARTESIAN_POINT('',(-1.1,3.4,0.75));
#5597=CARTESIAN_POINT('',(-1.1,3.4,0.75));
#5598=CARTESIAN_POINT('',(-1.1,3.4,0.75));
#5599=CARTESIAN_POINT('',(-3.9,3.4,0.749999999999998));
#5600=CARTESIAN_POINT('',(-3.9,3.4,0.749999999999998));
#5601=CARTESIAN_POINT('',(-4.6,2.2,0.75));
#5602=CARTESIAN_POINT('',(-4.6,2.2,0.75));
#5603=CARTESIAN_POINT('',(-4.6,2.2,5.75));
#5604=CARTESIAN_POINT('',(-4.6,2.2,5.75));
#5605=CARTESIAN_POINT('',(-2.5,-3.06625926906057E-16,5.75));
#5606=CARTESIAN_POINT('',(-3.4,-3.06625926906057E-16,5.75));
#5607=CARTESIAN_POINT('',(-2.5,2.925,5.75));
#5608=CARTESIAN_POINT('',(-2.925,2.925,5.75));
#5609=CARTESIAN_POINT('',(-3.9,3.4,5.75));
#5610=CARTESIAN_POINT('',(-3.9,3.4,5.75));
#5611=CARTESIAN_POINT('',(-3.9,3.4,5.75));
#5612=CARTESIAN_POINT('',(-1.1,3.4,5.75));
#5613=CARTESIAN_POINT('',(-1.1,3.4,5.75));
#5614=CARTESIAN_POINT('',(-1.1,3.4,0.75));
#5615=CARTESIAN_POINT('',(-1.1,3.4,0.75));
#5616=CARTESIAN_POINT('',(-3.9,3.4,5.75));
#5617=CARTESIAN_POINT('',(-3.9,3.4,5.75));
#5618=CARTESIAN_POINT('',(0.,3.4,0.));
#5619=CARTESIAN_POINT('',(-2.5,-3.06625926906057E-16,7.2));
#5620=CARTESIAN_POINT('',(-2.5,-3.06625926906057E-16,7.2));
#5621=CARTESIAN_POINT('',(-0.9,-3.06625926906057E-16,7.2));
#5622=CARTESIAN_POINT('',(-2.5,-3.06625926906057E-16,7.2));
#5623=CARTESIAN_POINT('',(-2.5,-3.06625926906057E-16,7.2));
#5624=CARTESIAN_POINT('',(-1.6,-3.06625926906057E-16,7.2));
#5625=CARTESIAN_POINT('',(-2.5,2.925,5.));
#5626=CARTESIAN_POINT('',(-2.5,-3.06625926906057E-16,4.84647403909092));
#5627=CARTESIAN_POINT('',(0.,0.,6.7));
#5628=CARTESIAN_POINT('',(-5.5,2.4,6.7));
#5629=CARTESIAN_POINT('',(-5.5,2.4,6.7));
#5630=CARTESIAN_POINT('',(-5.5,3.5,6.7));
#5631=CARTESIAN_POINT('',(-5.5,3.5,6.7));
#5632=CARTESIAN_POINT('',(-5.5,3.5,6.7));
#5633=CARTESIAN_POINT('',(-5.5,3.5,6.7));
#5634=CARTESIAN_POINT('',(-5.5,3.5,6.7));
#5635=CARTESIAN_POINT('',(-5.5,3.5,6.7));
#5636=CARTESIAN_POINT('',(-5.5,2.4,6.7));
#5637=CARTESIAN_POINT('',(-5.5,2.4,6.7));
#5638=CARTESIAN_POINT('',(20.,2.68867513459481,6.7));
#5639=CARTESIAN_POINT('',(19.5,2.4,6.7));
#5640=CARTESIAN_POINT('',(19.5,2.4,6.7));
#5641=CARTESIAN_POINT('',(20.,2.68867513459481,6.7));
#5642=CARTESIAN_POINT('',(19.5,2.4,6.7));
#5643=CARTESIAN_POINT('',(19.5,3.5,6.7));
#5644=CARTESIAN_POINT('',(19.5,3.5,6.7));
#5645=CARTESIAN_POINT('',(19.5,2.4,6.7));
#5646=CARTESIAN_POINT('',(19.5,3.5,6.7));
#5647=CARTESIAN_POINT('',(19.5,3.5,6.7));
#5648=CARTESIAN_POINT('',(15.,0.,6.7));
#5649=CARTESIAN_POINT('',(-3.,-2.71050543121376E-16,0.8));
#5650=CARTESIAN_POINT('',(-3.,-2.71050543121376E-16,0.8));
#5651=CARTESIAN_POINT('',(-2.5,-3.25260651745651E-16,0.8));
#5652=CARTESIAN_POINT('',(-2.,-2.64028311788284E-16,0.8));
#5653=CARTESIAN_POINT('',(-2.,-2.16840434497101E-16,0.8));
#5654=CARTESIAN_POINT('',(-0.450000000000001,-1.6,9.8));
#5655=CARTESIAN_POINT('',(0.449999999999999,-1.6,9.8));
#5656=CARTESIAN_POINT('',(0.449999999999999,-1.6,9.8));
#5657=CARTESIAN_POINT('',(-0.450000000000001,-1.6,9.8));
#5658=CARTESIAN_POINT('',(-0.450000000000001,-1.6,9.8));
#5659=CARTESIAN_POINT('',(-0.450000000000001,-1.6,9.8));
#5660=CARTESIAN_POINT('',(0.449999999999999,-1.6,9.8));
#5661=CARTESIAN_POINT('',(0.449999999999999,1.6,9.8));
#5662=CARTESIAN_POINT('',(0.449999999999999,1.6,9.8));
#5663=CARTESIAN_POINT('',(0.449999999999999,-1.6,9.8));
#5664=CARTESIAN_POINT('',(0.449999999999999,1.6,9.8));
#5665=CARTESIAN_POINT('',(-0.450000000000001,1.6,9.8));
#5666=CARTESIAN_POINT('',(-0.450000000000001,1.6,9.8));
#5667=CARTESIAN_POINT('',(0.449999999999999,1.6,9.8));
#5668=CARTESIAN_POINT('',(-0.450000000000001,1.6,9.8));
#5669=CARTESIAN_POINT('',(-0.450000000000001,1.6,9.8));
#5670=CARTESIAN_POINT('',(0.,0.,9.8));
#5671=CARTESIAN_POINT('',(-7.5,0.,0.));
#5672=CARTESIAN_POINT('',(-3.67394039744206E-16,2.,2.));
#5673=CARTESIAN_POINT('',(0.627887036401011,-0.626824650396281,3.39390904843748));
#5674=CARTESIAN_POINT('',(0.886141299957726,0.000363993492348417,3.20644556839624));
#5675=CARTESIAN_POINT('',(0.627547763768086,0.625368676426888,3.39345520224729));
#5676=CARTESIAN_POINT('',(0.00296320819005975,0.887082910084084,3.55308766968783));
#5677=CARTESIAN_POINT('',(-0.627219684472959,0.626284227522483,3.39418587596324));
#5678=CARTESIAN_POINT('',(-0.88600425011907,0.00408408366911178,3.20652775630742));
#5679=CARTESIAN_POINT('',(-0.628731879705887,-0.625248794223221,3.39286944260403));
#5680=CARTESIAN_POINT('',(-0.00337524563215176,-0.886976279387353,3.55330251886671));
#5681=CARTESIAN_POINT('',(0.627887036401011,-0.626824650396281,3.39390904843748));
#5682=CARTESIAN_POINT('',(0.886141299957726,0.000363993492348417,3.20644556839624));
#5683=CARTESIAN_POINT('',(0.627547763768086,0.625368676426888,3.39345520224729));
#5684=CARTESIAN_POINT('',(0.8,0.,3.26885775404495));
#5685=CARTESIAN_POINT('',(-3.67394039744206E-16,-2.5,2.));
#5686=CARTESIAN_POINT('',(1.5,-2.5,2.));
#5687=CARTESIAN_POINT('',(-3.67394039744206E-16,2.,2.));
#5688=CARTESIAN_POINT('',(-3.67394039744206E-16,2.,0.5));
#5689=CARTESIAN_POINT('',(-2.05,-2.5,4.8));
#5690=CARTESIAN_POINT('',(-2.05,-2.5,0.));
#5691=CARTESIAN_POINT('',(-2.05,-2.5,0.));
#5692=CARTESIAN_POINT('',(2.05,-2.5,0.));
#5693=CARTESIAN_POINT('',(2.05,-2.5,4.8));
#5694=CARTESIAN_POINT('',(2.05,-2.5,4.6));
#5695=CARTESIAN_POINT('',(-2.05,-2.5,4.6));
#5696=CARTESIAN_POINT('',(-2.05,-2.5,4.6));
#5697=CARTESIAN_POINT('',(-2.05,-2.5,4.8));
#5698=CARTESIAN_POINT('',(2.05,-2.,4.8));
#5699=CARTESIAN_POINT('',(2.05,2.,4.8));
#5700=CARTESIAN_POINT('',(2.05,2.,4.6));
#5701=CARTESIAN_POINT('',(2.05,2.,0.));
#5702=CARTESIAN_POINT('',(2.05,-2.,4.6));
#5703=CARTESIAN_POINT('',(2.05,-2.,0.));
#5704=CARTESIAN_POINT('',(2.05,2.,4.8));
#5705=CARTESIAN_POINT('',(2.05,2.,0.));
#5706=CARTESIAN_POINT('',(-2.05,2.,0.));
#5707=CARTESIAN_POINT('',(-2.05,2.,4.8));
#5708=CARTESIAN_POINT('',(-2.05,2.,4.6));
#5709=CARTESIAN_POINT('',(2.05,2.,4.6));
#5710=CARTESIAN_POINT('',(-2.05,2.,4.8));
#5711=CARTESIAN_POINT('',(-2.05,2.,0.));
#5712=CARTESIAN_POINT('',(-2.05,2.,4.6));
#5713=CARTESIAN_POINT('',(0.,0.,4.6));
#5714=CARTESIAN_POINT('',(0.,0.,4.6));
#5715=CARTESIAN_POINT('',(0.8,0.,4.6));
#5716=CARTESIAN_POINT('',(0.,0.,0.));
#5717=CARTESIAN_POINT('',(0.,0.,0.));
#5718=CARTESIAN_POINT('',(-0.5,0.,0.));
#5719=CARTESIAN_POINT('',(0.,0.,-4.95));
#5720=CARTESIAN_POINT('',(0.,0.,-4.45));
#5721=CARTESIAN_POINT('',(0.5,0.,-4.45));
#5722=CARTESIAN_POINT('',(0.,0.,-4.45));
#5723=CARTESIAN_POINT('',(0.,0.,3.1));
#5724=CARTESIAN_POINT('',(0.,0.,0.75));
#5725=CARTESIAN_POINT('',(1.7,-1.9,-0.0999999999999999));
#5726=CARTESIAN_POINT('',(1.7,1.9,0.0041451884327374));
#5727=CARTESIAN_POINT('',(1.7,1.9,0.204145188432737));
#5728=CARTESIAN_POINT('',(1.7,1.9,0.0041451884327374));
#5729=CARTESIAN_POINT('',(1.7,-1.9,0.204145188432737));
#5730=CARTESIAN_POINT('',(1.7,-2.5,0.204145188432738));
#5731=CARTESIAN_POINT('',(1.7,-2.5,-0.0999999999999998));
#5732=CARTESIAN_POINT('',(1.7,-2.5,0.00414518843273753));
#5733=CARTESIAN_POINT('',(1.7,-1.9,0.0041451884327374));
#5734=CARTESIAN_POINT('',(1.1,2.9,-0.0999999999999999));
#5735=CARTESIAN_POINT('',(1.1,2.9,0.204145188432737));
#5736=CARTESIAN_POINT('',(1.4,2.9,0.204145188432737));
#5737=CARTESIAN_POINT('',(-1.4,2.9,0.204145188432737));
#5738=CARTESIAN_POINT('',(1.4,2.9,0.0041451884327374));
#5739=CARTESIAN_POINT('',(1.4,2.9,0.0041451884327374));
#5740=CARTESIAN_POINT('',(1.1,2.9,0.0041451884327374));
#5741=CARTESIAN_POINT('',(-1.4,2.9,0.0041451884327374));
#5742=CARTESIAN_POINT('',(-1.4,2.9,0.0041451884327374));
#5743=CARTESIAN_POINT('',(0.,0.,5.42101086242752E-17));
#5744=CARTESIAN_POINT('',(0.,0.,0.204145188432737));
#5745=CARTESIAN_POINT('',(0.9,0.,0.204145188432737));
#5746=CARTESIAN_POINT('',(0.,0.,0.0041451884327374));
#5747=CARTESIAN_POINT('',(0.9,0.,0.0041451884327374));
#5748=CARTESIAN_POINT('',(-1.7,1.9,-0.0999999999999999));
#5749=CARTESIAN_POINT('',(-1.7,1.9,0.204145188432737));
#5750=CARTESIAN_POINT('',(-1.7,1.9,0.204145188432737));
#5751=CARTESIAN_POINT('',(-1.7,-2.5,0.204145188432738));
#5752=CARTESIAN_POINT('',(-1.7,1.9,0.0041451884327374));
#5753=CARTESIAN_POINT('',(-1.7,1.9,0.0041451884327374));
#5754=CARTESIAN_POINT('',(-1.7,1.9,0.0041451884327374));
#5755=CARTESIAN_POINT('',(-1.7,-2.5,0.00414518843273755));
#5756=CARTESIAN_POINT('',(-1.7,-2.5,-0.0999999999999998));
#5757=CARTESIAN_POINT('',(0.,0.,0.0041451884327374));
#5758=CARTESIAN_POINT('',(1.4,0.,0.0041451884327374));
#5759=CARTESIAN_POINT('',(1.4,1.9,0.0041451884327374));
#5760=CARTESIAN_POINT('',(0.,1.9,0.0041451884327374));
#5761=CARTESIAN_POINT('',(-1.1,-2.5,0.0041451884327375));
#5762=CARTESIAN_POINT('',(0.,1.9,0.0041451884327374));
#5763=CARTESIAN_POINT('',(-1.4,1.9,0.0041451884327374));
#5764=CARTESIAN_POINT('',(-1.4,0.,0.0041451884327374));
#5765=CARTESIAN_POINT('',(0.,0.,0.204145188432737));
#5766=CARTESIAN_POINT('',(1.4,0.,0.204145188432737));
#5767=CARTESIAN_POINT('',(1.4,1.9,0.204145188432737));
#5768=CARTESIAN_POINT('',(-1.4,0.,0.204145188432737));
#5769=CARTESIAN_POINT('',(-1.4,1.9,0.204145188432737));
#5770=CARTESIAN_POINT('',(0.,1.9,0.204145188432737));
#5771=CARTESIAN_POINT('',(-1.1,-2.5,0.204145188432738));
#5772=CARTESIAN_POINT('',(0.,1.9,0.204145188432737));
#5773=CARTESIAN_POINT('',(-1.1,-2.5,-0.0958548115672625));
#5774=CARTESIAN_POINT('',(-1.7,-2.5,-0.0958548115672625));
#5775=CARTESIAN_POINT('',(-1.7,-2.8,-0.0958548115672625));
#5776=CARTESIAN_POINT('',(1.1,-2.8,-0.0958548115672625));
#5777=CARTESIAN_POINT('',(1.7,-2.8,-0.0958548115672625));
#5778=CARTESIAN_POINT('',(1.7,-2.5,-0.0958548115672625));
#5779=CARTESIAN_POINT('',(-1.7,-2.5,-0.0958548115672625));
#5780=CARTESIAN_POINT('',(-1.7,-2.5,-0.0958548115672625));
#5781=CARTESIAN_POINT('',(-1.7,-2.6,-0.0958548115672625));
#5782=CARTESIAN_POINT('',(-1.7,-2.6,-0.0958548115672625));
#5783=CARTESIAN_POINT('',(-1.1,-2.5,-0.0958548115672625));
#5784=CARTESIAN_POINT('',(1.7,-2.5,-0.0958548115672625));
#5785=CARTESIAN_POINT('',(1.7,-2.6,-0.0958548115672625));
#5786=CARTESIAN_POINT('',(1.1,-2.6,-0.0958548115672625));
#5787=CARTESIAN_POINT('',(1.7,-2.5,-0.0958548115672625));
#5788=CARTESIAN_POINT('',(1.7,-2.8,-0.0958548115672625));
#5789=CARTESIAN_POINT('',(1.3355635666632,-2.6,-0.776136153795963));
#5790=CARTESIAN_POINT('',(0.95,-2.6,-1.49585481156726));
#5791=CARTESIAN_POINT('',(0.95,-2.6,-1.49585481156726));
#5792=CARTESIAN_POINT('',(0.950000000000001,-2.8,-1.49585481156726));
#5793=CARTESIAN_POINT('',(1.3355635666632,-2.6,-0.776136153795963));
#5794=CARTESIAN_POINT('',(1.3355635666632,-2.8,-0.776136153795963));
#5795=CARTESIAN_POINT('',(-1.3355635666632,-2.6,-0.776136153795964));
#5796=CARTESIAN_POINT('',(-1.3355635666632,-2.8,-0.776136153795964));
#5797=CARTESIAN_POINT('',(-0.950000000000001,-2.8,-1.49585481156726));
#5798=CARTESIAN_POINT('',(-1.3355635666632,-2.6,-0.776136153795964));
#5799=CARTESIAN_POINT('',(-0.950000000000001,-2.6,-1.49585481156726));
#5800=CARTESIAN_POINT('',(-0.950000000000001,-2.8,-1.49585481156726));
#5801=CARTESIAN_POINT('',(1.12068660801366E-16,-2.8,-0.3));
#5802=CARTESIAN_POINT('',(-0.75,-2.8,-1.49585481156726));
#5803=CARTESIAN_POINT('',(1.12068660801366E-16,-2.6,-0.3));
#5804=CARTESIAN_POINT('',(-1.1,-2.6,-1.49585481156726));
#5805=CARTESIAN_POINT('',(-1.1,-2.5,-1.49585481156726));
#5806=CARTESIAN_POINT('',(0.95,-2.5,-1.49585481156726));
#5807=CARTESIAN_POINT('',(0.95,-2.65,-1.75566243270259));
#5808=CARTESIAN_POINT('',(-0.950000000000001,-2.5,-1.49585481156726));
#5809=CARTESIAN_POINT('',(-0.950000000000001,-2.65,-1.75566243270259));
#5810=CARTESIAN_POINT('',(1.12068660801366E-16,-2.65,-1.75566243270259));
#5811=CARTESIAN_POINT('',(0.95,-2.5,-1.49585481156726));
#5812=CARTESIAN_POINT('',(0.950000000000001,-1.35717967697244,0.483568051838733));
#5813=CARTESIAN_POINT('',(0.95,-2.55,-1.58245735194571));
#5814=CARTESIAN_POINT('',(0.95,-2.5,-1.49585481156726));
#5815=CARTESIAN_POINT('',(-1.1,-2.5,-1.49585481156726));
#5816=CARTESIAN_POINT('',(1.12068660801366E-16,-2.55,-1.58245735194571));
#5817=CARTESIAN_POINT('',(-0.950000000000001,-2.55,-1.58245735194571));
#5818=CARTESIAN_POINT('',(-0.950000000000001,-2.5,-1.49585481156726));
#5819=CARTESIAN_POINT('',(-0.950000000000001,-2.5,-1.49585481156726));
#5820=CARTESIAN_POINT('',(-0.95,-2.27475952641916,-1.10572686740437));
#5821=CARTESIAN_POINT('',(1.12068660801366E-16,-1.81782032302755,-2.23612159321677));
#5822=CARTESIAN_POINT('',(-0.950000000000001,-1.81782032302755,-2.23612159321677));
#5823=CARTESIAN_POINT('',(-0.950000000000001,-1.22416697508023,-2.57886751345948));
#5824=CARTESIAN_POINT('',(-1.1,-1.22416697508023,-2.57886751345948));
#5825=CARTESIAN_POINT('',(0.950000000000001,-1.22416697508023,-2.57886751345948));
#5826=CARTESIAN_POINT('',(0.950000000000001,-1.81782032302755,-2.23612159321677));
#5827=CARTESIAN_POINT('',(-0.950000000000001,6.05932407827476E-16,-2.41905989232415));
#5828=CARTESIAN_POINT('',(-0.950000000000001,-1.71782032302755,-2.06291651245989));
#5829=CARTESIAN_POINT('',(-0.950000000000001,-1.12416697508023,-2.40566243270259));
#5830=CARTESIAN_POINT('',(-0.950000000000001,-1.22416697508023,-2.57886751345948));
#5831=CARTESIAN_POINT('',(1.12068660801366E-16,-1.71782032302755,-2.06291651245989));
#5832=CARTESIAN_POINT('',(0.950000000000001,-1.71782032302755,-2.06291651245989));
#5833=CARTESIAN_POINT('',(0.950000000000001,-1.12416697508023,-2.40566243270259));
#5834=CARTESIAN_POINT('',(-1.1,-1.12416697508023,-2.40566243270259));
#5835=CARTESIAN_POINT('',(0.950000000000001,6.05932407827476E-16,-2.41905989232415));
#5836=CARTESIAN_POINT('',(0.950000000000001,-1.12416697508023,-2.40566243270259));
#5837=CARTESIAN_POINT('',(-1.1,-1.07416697508024,-2.31905989232415));
#5838=CARTESIAN_POINT('',(0.950000000000001,-1.07416697508024,-2.31905989232415));
#5839=CARTESIAN_POINT('',(0.95,-1.07416697508024,-2.61905989232415));
#5840=CARTESIAN_POINT('',(-0.950000000000001,-1.07416697508024,-2.31905989232415));
#5841=CARTESIAN_POINT('',(-0.950000000000001,-1.07416697508024,-2.61905989232415));
#5842=CARTESIAN_POINT('',(1.1,-1.07416697508023,-2.61905989232415));
#5843=CARTESIAN_POINT('',(0.950000000000001,-1.07416697508024,-2.31905989232415));
#5844=CARTESIAN_POINT('',(0.950000000000001,-1.07416697508023,-2.41905989232415));
#5845=CARTESIAN_POINT('',(0.950000000000001,-1.07416697508024,-2.41905989232415));
#5846=CARTESIAN_POINT('',(0.950000000000001,-1.07416697508024,-2.31905989232415));
#5847=CARTESIAN_POINT('',(-1.1,-1.07416697508024,-2.31905989232415));
#5848=CARTESIAN_POINT('',(1.1,-1.07416697508023,-2.41905989232415));
#5849=CARTESIAN_POINT('',(-0.950000000000001,-1.07416697508023,-2.41905989232415));
#5850=CARTESIAN_POINT('',(-0.950000000000001,-1.07416697508024,-2.31905989232415));
#5851=CARTESIAN_POINT('',(-0.950000000000001,-1.07416697508024,-2.31905989232415));
#5852=CARTESIAN_POINT('',(-0.950000000000001,-1.07416697508023,-2.61905989232415));
#5853=CARTESIAN_POINT('',(1.1,1.09903810567666,-2.61905989232415));
#5854=CARTESIAN_POINT('',(1.1,1.09903810567666,-2.61905989232415));
#5855=CARTESIAN_POINT('',(0.950000000000001,1.09903810567666,-2.61905989232415));
#5856=CARTESIAN_POINT('',(-0.950000000000001,1.09903810567666,-2.61905989232415));
#5857=CARTESIAN_POINT('',(-0.950000000000001,1.09903810567666,-2.41905989232415));
#5858=CARTESIAN_POINT('',(-0.950000000000001,1.09903810567666,-2.41905989232415));
#5859=CARTESIAN_POINT('',(1.1,1.09903810567666,-2.41905989232415));
#5860=CARTESIAN_POINT('',(0.950000000000001,1.09903810567666,-2.41905989232415));
#5861=CARTESIAN_POINT('',(0.950000000000001,1.09903810567666,-2.41905989232415));
#5862=CARTESIAN_POINT('',(0.,6.05932407827476E-16,-2.41905989232415));
#5863=CARTESIAN_POINT('',(-0.950000000000001,6.05932407827476E-16,-2.41905989232415));
#5864=CARTESIAN_POINT('',(0.950000000000001,6.05932407827476E-16,-2.41905989232415));
#5865=CARTESIAN_POINT('',(0.,6.63121202728681E-16,-2.61905989232415));
#5866=CARTESIAN_POINT('',(-0.950000000000001,6.63121202728681E-16,-2.61905989232415));
#5867=CARTESIAN_POINT('',(0.950000000000001,6.63121202728681E-16,-2.61905989232415));
#5868=CARTESIAN_POINT('',(-0.950000000000001,6.05932407827476E-16,-2.41905989232415));
#5869=CARTESIAN_POINT('',(0.950000000000001,6.05932407827476E-16,-2.41905989232415));
#5870=CARTESIAN_POINT('',(-1.4,0.,0.0041451884327374));
#5871=CARTESIAN_POINT('',(-1.4,1.9,0.0041451884327374));
#5872=CARTESIAN_POINT('',(0.,1.9,0.0041451884327374));
#5873=CARTESIAN_POINT('',(0.,1.9,0.0041451884327374));
#5874=CARTESIAN_POINT('',(1.4,1.9,0.0041451884327374));
#5875=CARTESIAN_POINT('',(1.4,0.,0.0041451884327374));
#5876=CARTESIAN_POINT('',(0.,0.,5.45));
#5877=CARTESIAN_POINT('',(0.,0.,-0.686010460552268));
#5878=CARTESIAN_POINT('',(0.,0.,-0.686010460552268));
#5879=CARTESIAN_POINT('',(1.41607766082999,0.3,-0.686010460552268));
#5880=CARTESIAN_POINT('',(1.41607766082999,-0.3,-0.686010460552268));
#5881=CARTESIAN_POINT('',(1.2,0.3,-0.686010460552268));
#5882=CARTESIAN_POINT('',(0.512347538297981,0.3,-0.686010460552268));
#5883=CARTESIAN_POINT('',(0.512347538297981,0.4,-0.686010460552268));
#5884=CARTESIAN_POINT('',(0.433524840098291,0.338461538461538,-0.686010460552267));
#5885=CARTESIAN_POINT('',(0.,0.,-0.686010460552267));
#5886=CARTESIAN_POINT('',(0.433524840098291,-0.338461538461538,-0.686010460552267));
#5887=CARTESIAN_POINT('',(0.51234753829798,-0.4,-0.686010460552268));
#5888=CARTESIAN_POINT('',(0.51234753829798,-0.3,-0.686010460552268));
#5889=CARTESIAN_POINT('',(-1.2,-0.3,-0.686010460552268));
#5890=CARTESIAN_POINT('',(1.2,0.3,-0.686010460552268));
#5891=CARTESIAN_POINT('',(1.2,0.3,-0.0860104605522676));
#5892=CARTESIAN_POINT('',(1.26838507254014,0.3,-0.0860104605522676));
#5893=CARTESIAN_POINT('',(0.512347538297981,0.3,-0.0860104605522676));
#5894=CARTESIAN_POINT('',(0.512347538297981,0.3,-0.686010460552267));
#5895=CARTESIAN_POINT('',(1.37055057441554,0.3,-0.177294886277502));
#5896=CARTESIAN_POINT('',(1.38573735124411,0.3,-0.346865751917089));
#5897=CARTESIAN_POINT('',(1.400912690572,0.3,-0.516437641905079));
#5898=CARTESIAN_POINT('',(1.41607766082999,0.3,-0.686010460552268));
#5899=CARTESIAN_POINT('',(1.37055057441554,0.3,-0.177294886277502));
#5900=CARTESIAN_POINT('',(1.37055057441554,0.3,-0.177294886277502));
#5901=CARTESIAN_POINT('',(1.36609434654314,0.3,-0.127538020397359));
#5902=CARTESIAN_POINT('',(1.31893888299047,0.3,-0.0860104605522678));
#5903=CARTESIAN_POINT('',(1.26838507254014,0.3,-0.0860104605522677));
#5904=CARTESIAN_POINT('',(0.,0.,-0.186010460552268));
#5905=CARTESIAN_POINT('',(0.,0.,-0.177294886277502));
#5906=CARTESIAN_POINT('',(-1.37055057441633,0.299999999999999,-0.177294886277311));
#5907=CARTESIAN_POINT('',(-1.37055057441553,0.299999999999999,-0.177294886277335));
#5908=CARTESIAN_POINT('',(-1.36609434654305,0.299999999999999,-0.12753802039725));
#5909=CARTESIAN_POINT('',(-1.31893888299042,0.299999999999999,-0.0860104605522677));
#5910=CARTESIAN_POINT('',(-1.26838507254014,0.299999999999999,-0.0860104605522677));
#5911=CARTESIAN_POINT('',(-1.26838507254014,0.299999999999999,-0.0860104605522676));
#5912=CARTESIAN_POINT('',(0.,0.,-0.0860104605522676));
#5913=CARTESIAN_POINT('',(0.,0.,-0.0860104605522676));
#5914=CARTESIAN_POINT('',(0.,0.,-0.0860104605522676));
#5915=CARTESIAN_POINT('',(0.338461538461538,0.433524840098291,-0.0860104605522676));
#5916=CARTESIAN_POINT('',(0.433524840098291,0.338461538461538,-0.0860104605522676));
#5917=CARTESIAN_POINT('',(0.512347538297981,0.4,-0.0860104605522676));
#5918=CARTESIAN_POINT('',(1.2,0.3,-0.0860104605522676));
#5919=CARTESIAN_POINT('',(-0.51234753829798,0.299999999999999,-0.0860104605522676));
#5920=CARTESIAN_POINT('',(-0.512347538297981,0.399999999999999,-0.0860104605522676));
#5921=CARTESIAN_POINT('',(-0.433524840098291,0.338461538461538,-0.0860104605522676));
#5922=CARTESIAN_POINT('',(0.,0.,-0.0860104605522676));
#5923=CARTESIAN_POINT('',(-0.338461538461538,0.433524840098291,-0.0860104605522676));
#5924=CARTESIAN_POINT('',(-0.4,0.51234753829798,-0.0860104605522676));
#5925=CARTESIAN_POINT('',(-0.3,0.51234753829798,-0.0860104605522676));
#5926=CARTESIAN_POINT('',(-0.3,1.2,-0.0860104605522676));
#5927=CARTESIAN_POINT('',(-0.3,1.1,-0.0860104605522676));
#5928=CARTESIAN_POINT('',(-0.2,1.1,-0.0860104605522676));
#5929=CARTESIAN_POINT('',(-0.2,1.2,-0.0860104605522676));
#5930=CARTESIAN_POINT('',(0.3,1.2,-0.0860104605522676));
#5931=CARTESIAN_POINT('',(0.2,1.2,-0.0860104605522676));
#5932=CARTESIAN_POINT('',(0.2,1.1,-0.0860104605522676));
#5933=CARTESIAN_POINT('',(0.3,1.1,-0.0860104605522676));
#5934=CARTESIAN_POINT('',(0.3,0.299999999999999,-0.0860104605522676));
#5935=CARTESIAN_POINT('',(0.3,0.51234753829798,-0.0860104605522676));
#5936=CARTESIAN_POINT('',(0.4,0.51234753829798,-0.0860104605522676));
#5937=CARTESIAN_POINT('',(0.,0.,-0.686010460552268));
#5938=CARTESIAN_POINT('',(-0.3,-0.3,-0.686010460552268));
#5939=CARTESIAN_POINT('',(-0.3,-0.51234753829798,-0.686010460552268));
#5940=CARTESIAN_POINT('',(-0.3,-1.1,-0.686010460552268));
#5941=CARTESIAN_POINT('',(-0.2,-1.1,-0.686010460552268));
#5942=CARTESIAN_POINT('',(-0.2,-1.2,-0.686010460552268));
#5943=CARTESIAN_POINT('',(-0.3,-1.2,-0.686010460552268));
#5944=CARTESIAN_POINT('',(0.2,-1.2,-0.686010460552268));
#5945=CARTESIAN_POINT('',(0.2,-1.1,-0.686010460552268));
#5946=CARTESIAN_POINT('',(0.3,-1.1,-0.686010460552268));
#5947=CARTESIAN_POINT('',(0.3,-1.2,-0.686010460552268));
#5948=CARTESIAN_POINT('',(0.3,-0.51234753829798,-0.686010460552268));
#5949=CARTESIAN_POINT('',(0.4,-0.51234753829798,-0.686010460552268));
#5950=CARTESIAN_POINT('',(0.338461538461538,-0.433524840098291,-0.686010460552267));
#5951=CARTESIAN_POINT('',(0.,0.,-0.686010460552267));
#5952=CARTESIAN_POINT('',(-0.338461538461538,-0.433524840098291,-0.686010460552267));
#5953=CARTESIAN_POINT('',(-0.4,-0.51234753829798,-0.686010460552268));
#5954=CARTESIAN_POINT('',(0.,0.,-0.686010460552268));
#5955=CARTESIAN_POINT('',(0.,0.,-0.686010460552267));
#5956=CARTESIAN_POINT('',(-0.338461538461538,0.433524840098291,-0.686010460552267));
#5957=CARTESIAN_POINT('',(0.338461538461538,0.433524840098291,-0.686010460552267));
#5958=CARTESIAN_POINT('',(0.4,0.51234753829798,-0.686010460552268));
#5959=CARTESIAN_POINT('',(0.3,0.51234753829798,-0.686010460552268));
#5960=CARTESIAN_POINT('',(0.3,0.299999999999999,-0.686010460552268));
#5961=CARTESIAN_POINT('',(0.3,1.1,-0.686010460552268));
#5962=CARTESIAN_POINT('',(0.2,1.1,-0.686010460552268));
#5963=CARTESIAN_POINT('',(0.2,1.2,-0.686010460552268));
#5964=CARTESIAN_POINT('',(0.3,1.2,-0.686010460552268));
#5965=CARTESIAN_POINT('',(-0.2,1.2,-0.686010460552268));
#5966=CARTESIAN_POINT('',(-0.2,1.1,-0.686010460552268));
#5967=CARTESIAN_POINT('',(-0.3,1.1,-0.686010460552268));
#5968=CARTESIAN_POINT('',(-0.3,1.2,-0.686010460552268));
#5969=CARTESIAN_POINT('',(-0.3,0.51234753829798,-0.686010460552268));
#5970=CARTESIAN_POINT('',(-0.4,0.51234753829798,-0.686010460552268));
#5971=CARTESIAN_POINT('',(-1.2,-0.3,-0.686010460552268));
#5972=CARTESIAN_POINT('',(-1.2,-0.3,-0.0860104605522676));
#5973=CARTESIAN_POINT('',(-1.26838507254014,-0.3,-0.0860104605522676));
#5974=CARTESIAN_POINT('',(-0.51234753829798,-0.3,-0.0860104605522676));
#5975=CARTESIAN_POINT('',(-0.51234753829798,-0.3,-0.686010460552267));
#5976=CARTESIAN_POINT('',(-0.51234753829798,-0.3,-0.686010460552268));
#5977=CARTESIAN_POINT('',(-1.2,-0.3,-0.686010460552268));
#5978=CARTESIAN_POINT('',(-1.41607766082999,-0.3,-0.686010460552268));
#5979=CARTESIAN_POINT('',(-1.41607766082999,-0.3,-0.686010460552267));
#5980=CARTESIAN_POINT('',(-1.40091269062017,-0.3,-0.51643764244368));
#5981=CARTESIAN_POINT('',(-1.38573735129406,-0.3,-0.346865752473559));
#5982=CARTESIAN_POINT('',(-1.37055057441565,-0.3,-0.177294886277492));
#5983=CARTESIAN_POINT('',(-1.37055057441554,-0.3,-0.177294886277502));
#5984=CARTESIAN_POINT('',(-1.37055057441554,-0.3,-0.177294886277502));
#5985=CARTESIAN_POINT('',(-1.36609434654314,-0.3,-0.127538020397359));
#5986=CARTESIAN_POINT('',(-1.31893888299047,-0.3,-0.0860104605522678));
#5987=CARTESIAN_POINT('',(-1.26838507254014,-0.3,-0.0860104605522677));
#5988=CARTESIAN_POINT('',(-0.3,1.2,-0.686010460552268));
#5989=CARTESIAN_POINT('',(-0.3,0.51234753829798,-0.686010460552267));
#5990=CARTESIAN_POINT('',(-0.3,1.1,-0.0860104605522676));
#5991=CARTESIAN_POINT('',(0.3,-1.2,-0.686010460552268));
#5992=CARTESIAN_POINT('',(0.3,-1.1,-0.0860104605522676));
#5993=CARTESIAN_POINT('',(0.3,-1.1,-0.0860104605522676));
#5994=CARTESIAN_POINT('',(0.3,-1.2,-0.0860104605522676));
#5995=CARTESIAN_POINT('',(0.3,-0.51234753829798,-0.0860104605522676));
#5996=CARTESIAN_POINT('',(0.3,-0.51234753829798,-0.686010460552267));
#5997=CARTESIAN_POINT('',(0.,0.,-0.0860104605522676));
#5998=CARTESIAN_POINT('',(0.,0.,-0.0860104605522676));
#5999=CARTESIAN_POINT('',(0.433524840098291,-0.338461538461538,-0.0860104605522676));
#6000=CARTESIAN_POINT('',(0.338461538461538,-0.433524840098291,-0.0860104605522676));
#6001=CARTESIAN_POINT('',(0.4,-0.51234753829798,-0.0860104605522676));
#6002=CARTESIAN_POINT('',(0.2,-1.1,-0.0860104605522676));
#6003=CARTESIAN_POINT('',(0.2,-1.2,-0.0860104605522676));
#6004=CARTESIAN_POINT('',(-0.3,-1.2,-0.0860104605522676));
#6005=CARTESIAN_POINT('',(-0.2,-1.2,-0.0860104605522676));
#6006=CARTESIAN_POINT('',(-0.2,-1.1,-0.0860104605522676));
#6007=CARTESIAN_POINT('',(-0.3,-1.1,-0.0860104605522676));
#6008=CARTESIAN_POINT('',(-0.3,-0.3,-0.0860104605522676));
#6009=CARTESIAN_POINT('',(-0.3,-0.51234753829798,-0.0860104605522676));
#6010=CARTESIAN_POINT('',(-0.4,-0.51234753829798,-0.0860104605522676));
#6011=CARTESIAN_POINT('',(-0.338461538461538,-0.433524840098291,-0.0860104605522676));
#6012=CARTESIAN_POINT('',(0.,0.,-0.0860104605522676));
#6013=CARTESIAN_POINT('',(-0.433524840098291,-0.338461538461538,-0.0860104605522676));
#6014=CARTESIAN_POINT('',(-0.51234753829798,-0.4,-0.0860104605522676));
#6015=CARTESIAN_POINT('',(0.,0.,-0.0860104605522676));
#6016=CARTESIAN_POINT('',(1.26838507254014,-0.3,-0.0860104605522676));
#6017=CARTESIAN_POINT('',(-1.2,-0.3,-0.0860104605522676));
#6018=CARTESIAN_POINT('',(0.51234753829798,-0.3,-0.0860104605522676));
#6019=CARTESIAN_POINT('',(0.51234753829798,-0.4,-0.0860104605522676));
#6020=CARTESIAN_POINT('',(0.,0.,1.));
#6021=CARTESIAN_POINT('',(0.,0.,-1.1772948862775));
#6022=CARTESIAN_POINT('',(1.49048861970225,0.,-1.1772948862775));
#6023=CARTESIAN_POINT('',(0.,0.,-0.686010460552268));
#6024=CARTESIAN_POINT('',(-1.41607766082999,0.299999999999999,-0.686010460552268));
#6025=CARTESIAN_POINT('',(-1.37055057441553,0.299999999999999,-0.177294886277382));
#6026=CARTESIAN_POINT('',(-1.3857373512441,0.299999999999999,-0.346865751917009));
#6027=CARTESIAN_POINT('',(-1.400912690572,0.299999999999999,-0.516437641905039));
#6028=CARTESIAN_POINT('',(-1.41607766082999,0.299999999999999,-0.686010460552267));
#6029=CARTESIAN_POINT('',(1.37055057441553,-0.3,-0.177294886277382));
#6030=CARTESIAN_POINT('',(1.3857373512441,-0.3,-0.346865751917009));
#6031=CARTESIAN_POINT('',(1.400912690572,-0.3,-0.516437641905038));
#6032=CARTESIAN_POINT('',(1.41607766082999,-0.3,-0.686010460552267));
#6033=CARTESIAN_POINT('',(1.37055057441633,-0.3,-0.177294886277311));
#6034=CARTESIAN_POINT('',(0.,0.,-0.177294886277502));
#6035=CARTESIAN_POINT('',(0.,0.,-1.28601046055227));
#6036=CARTESIAN_POINT('',(0.,0.,-1.28601046055227));
#6037=CARTESIAN_POINT('',(-1.39086914989307,0.,-1.28601046055227));
#6038=CARTESIAN_POINT('',(0.,0.,-1.28601046055227));
#6039=CARTESIAN_POINT('',(0.8,0.,-1.28601046055227));
#6040=CARTESIAN_POINT('',(0.,0.,-4.));
#6041=CARTESIAN_POINT('',(0.,0.,-6.2));
#6042=CARTESIAN_POINT('',(0.8,0.,-6.2));
#6043=CARTESIAN_POINT('',(0.,0.,-6.5));
#6044=CARTESIAN_POINT('',(0.,0.,-6.5));
#6045=CARTESIAN_POINT('',(0.5,0.,-6.5));
#6046=CARTESIAN_POINT('',(0.,0.,-6.2));
#6047=CARTESIAN_POINT('',(0.,0.,-1.18601046055227));
#6048=CARTESIAN_POINT('',(0.,0.,-0.186010460552268));
#6049=CARTESIAN_POINT('',(1.37055057441553,-0.3,-0.177294886277335));
#6050=CARTESIAN_POINT('',(1.36609434654304,-0.3,-0.12753802039725));
#6051=CARTESIAN_POINT('',(1.31893888299042,-0.3,-0.0860104605522678));
#6052=CARTESIAN_POINT('',(1.26838507254014,-0.3,-0.0860104605522677));
#6053=CARTESIAN_POINT('',(-1.2,-0.3,-0.686010460552268));
#6054=CARTESIAN_POINT('',(0.51234753829798,-0.3,-0.0860104605522676));
#6055=CARTESIAN_POINT('',(1.2,0.3,-0.686010460552268));
#6056=CARTESIAN_POINT('',(1.2,0.3,-0.686010460552268));
#6057=CARTESIAN_POINT('',(-0.51234753829798,0.299999999999999,-0.686010460552268));
#6058=CARTESIAN_POINT('',(-0.512347538297981,0.299999999999999,-0.0860104605522676));
#6059=CARTESIAN_POINT('',(0.,0.,-0.686010460552268));
#6060=CARTESIAN_POINT('',(-0.51234753829798,-0.4,-0.686010460552268));
#6061=CARTESIAN_POINT('',(-0.433524840098291,-0.338461538461538,-0.686010460552267));
#6062=CARTESIAN_POINT('',(0.,0.,-0.686010460552267));
#6063=CARTESIAN_POINT('',(-0.433524840098291,0.338461538461538,-0.686010460552267));
#6064=CARTESIAN_POINT('',(-0.512347538297981,0.399999999999999,-0.686010460552268));
#6065=CARTESIAN_POINT('',(0.3,1.2,-0.686010460552268));
#6066=CARTESIAN_POINT('',(0.2,1.2,-0.0860104605522676));
#6067=CARTESIAN_POINT('',(-0.2,1.2,-0.686010460552268));
#6068=CARTESIAN_POINT('',(0.3,0.299999999999999,-0.686010460552268));
#6069=CARTESIAN_POINT('',(0.3,0.51234753829798,-0.0860104605522676));
#6070=CARTESIAN_POINT('',(0.3,1.1,-0.686010460552268));
#6071=CARTESIAN_POINT('',(-0.3,-0.3,-0.686010460552268));
#6072=CARTESIAN_POINT('',(-0.3,-1.1,-0.686010460552268));
#6073=CARTESIAN_POINT('',(-0.3,-0.51234753829798,-0.0860104605522676));
#6074=CARTESIAN_POINT('',(-0.3,-1.2,-0.686010460552268));
#6075=CARTESIAN_POINT('',(-0.2,-1.2,-0.0860104605522676));
#6076=CARTESIAN_POINT('',(0.2,-1.2,-0.686010460552268));
#6077=CARTESIAN_POINT('',(0.,0.,-0.886010460552268));
#6078=CARTESIAN_POINT('',(0.,0.,-0.886010460552268));
#6079=CARTESIAN_POINT('',(-0.45,0.,-0.886010460552268));
#6080=CARTESIAN_POINT('',(0.,0.,-0.886010460552268));
#6081=CARTESIAN_POINT('',(0.,0.,-0.786010460552268));
#6082=CARTESIAN_POINT('',(-0.55,0.,-0.786010460552268));
#6083=CARTESIAN_POINT('',(0.338461538461539,-0.433524840098291,-0.886010460552268));
#6084=CARTESIAN_POINT('',(0.433524840098291,-0.338461538461538,-0.886010460552268));
#6085=CARTESIAN_POINT('',(0.433524840098291,0.338461538461538,-0.886010460552268));
#6086=CARTESIAN_POINT('',(0.338461538461539,0.433524840098291,-0.886010460552268));
#6087=CARTESIAN_POINT('',(-0.338461538461539,0.433524840098291,-0.886010460552268));
#6088=CARTESIAN_POINT('',(-0.433524840098291,0.338461538461538,-0.886010460552268));
#6089=CARTESIAN_POINT('',(-0.433524840098291,-0.338461538461538,-0.886010460552268));
#6090=CARTESIAN_POINT('',(-0.338461538461539,-0.433524840098291,-0.886010460552268));
#6091=CARTESIAN_POINT('',(-0.2,1.1,-0.686010460552268));
#6092=CARTESIAN_POINT('',(0.2,1.1,-0.686010460552268));
#6093=CARTESIAN_POINT('',(0.,0.,-0.786010460552268));
#6094=CARTESIAN_POINT('',(-0.4,0.51234753829798,-0.886010460552268));
#6095=CARTESIAN_POINT('',(-0.512347538297981,0.399999999999999,-0.886010460552268));
#6096=CARTESIAN_POINT('',(-0.51234753829798,-0.4,-0.886010460552268));
#6097=CARTESIAN_POINT('',(-0.4,-0.51234753829798,-0.886010460552268));
#6098=CARTESIAN_POINT('',(0.4,0.51234753829798,-0.886010460552268));
#6099=CARTESIAN_POINT('',(0.512347538297981,0.4,-0.886010460552268));
#6100=CARTESIAN_POINT('',(0.51234753829798,-0.4,-0.886010460552268));
#6101=CARTESIAN_POINT('',(0.4,-0.51234753829798,-0.886010460552268));
#6102=CARTESIAN_POINT('',(0.2,-1.1,-0.686010460552268));
#6103=CARTESIAN_POINT('',(-0.2,-1.1,-0.686010460552268));
#6104=CARTESIAN_POINT('',(0.,0.,10.));
#6105=CARTESIAN_POINT('',(-10.,0.,0.));
#6106=CARTESIAN_POINT('',(-5.,0.,0.));
#6107=CARTESIAN_POINT('',(0.,0.,0.));
#6108=CARTESIAN_POINT('',(5.,0.,0.));
#6109=CARTESIAN_POINT('',(10.,0.,0.));
#6110=MECHANICAL_DESIGN_GEOMETRIC_PRESENTATION_REPRESENTATION('',(#3670,
#3671,#3672,#3673),#6111);
#6111=(
GEOMETRIC_REPRESENTATION_CONTEXT(3)
GLOBAL_UNCERTAINTY_ASSIGNED_CONTEXT((#6117))
GLOBAL_UNIT_ASSIGNED_CONTEXT((#6125,#6124,#6123))
REPRESENTATION_CONTEXT('KLS2-301-05P','TOP_LEVEL_ASSEMBLY_PART')
);
#6112=(
GEOMETRIC_REPRESENTATION_CONTEXT(3)
GLOBAL_UNCERTAINTY_ASSIGNED_CONTEXT((#6118))
GLOBAL_UNIT_ASSIGNED_CONTEXT((#6125,#6124,#6123))
REPRESENTATION_CONTEXT('KLS2-301-05_body','COMPONENT_PART')
);
#6113=(
GEOMETRIC_REPRESENTATION_CONTEXT(3)
GLOBAL_UNCERTAINTY_ASSIGNED_CONTEXT((#6119))
GLOBAL_UNIT_ASSIGNED_CONTEXT((#6125,#6124,#6123))
REPRESENTATION_CONTEXT('KLS2-301pin','COMPONENT_PART')
);
#6114=(
GEOMETRIC_REPRESENTATION_CONTEXT(3)
GLOBAL_UNCERTAINTY_ASSIGNED_CONTEXT((#6120))
GLOBAL_UNIT_ASSIGNED_CONTEXT((#6125,#6124,#6123))
REPRESENTATION_CONTEXT('KLS2-301_pin_body','COMPONENT_PART')
);
#6115=(
GEOMETRIC_REPRESENTATION_CONTEXT(3)
GLOBAL_UNCERTAINTY_ASSIGNED_CONTEXT((#6121))
GLOBAL_UNIT_ASSIGNED_CONTEXT((#6125,#6124,#6123))
REPRESENTATION_CONTEXT('KLS2-301_spring','COMPONENT_PART')
);
#6116=(
GEOMETRIC_REPRESENTATION_CONTEXT(3)
GLOBAL_UNCERTAINTY_ASSIGNED_CONTEXT((#6122))
GLOBAL_UNIT_ASSIGNED_CONTEXT((#6125,#6124,#6123))
REPRESENTATION_CONTEXT('KLS2-301_screw_S','COMPONENT_PART')
);
#6117=UNCERTAINTY_MEASURE_WITH_UNIT(LENGTH_MEASURE(0.005),#6125,
'DISTANCE_ACCURACY_VALUE','Maximum Tolerance applied to model');
#6118=UNCERTAINTY_MEASURE_WITH_UNIT(LENGTH_MEASURE(0.005),#6125,
'DISTANCE_ACCURACY_VALUE','Maximum Tolerance applied to model');
#6119=UNCERTAINTY_MEASURE_WITH_UNIT(LENGTH_MEASURE(0.005),#6125,
'DISTANCE_ACCURACY_VALUE','Maximum Tolerance applied to model');
#6120=UNCERTAINTY_MEASURE_WITH_UNIT(LENGTH_MEASURE(0.005),#6125,
'DISTANCE_ACCURACY_VALUE','Maximum Tolerance applied to model');
#6121=UNCERTAINTY_MEASURE_WITH_UNIT(LENGTH_MEASURE(0.005),#6125,
'DISTANCE_ACCURACY_VALUE','Maximum Tolerance applied to model');
#6122=UNCERTAINTY_MEASURE_WITH_UNIT(LENGTH_MEASURE(0.005),#6125,
'DISTANCE_ACCURACY_VALUE','Maximum Tolerance applied to model');
#6123=(
NAMED_UNIT(*)
SI_UNIT($,.STERADIAN.)
SOLID_ANGLE_UNIT()
);
#6124=(
NAMED_UNIT(*)
PLANE_ANGLE_UNIT()
SI_UNIT($,.RADIAN.)
);
#6125=(
LENGTH_UNIT()
NAMED_UNIT(*)
SI_UNIT(.MILLI.,.METRE.)
);
#6126=PRODUCT_DEFINITION_SHAPE('','',#6141);
#6127=PRODUCT_DEFINITION_SHAPE('','',#6142);
#6128=PRODUCT_DEFINITION_SHAPE(' ','NAUO PRDDFN',#43);
#6129=PRODUCT_DEFINITION_SHAPE('','',#6143);
#6130=PRODUCT_DEFINITION_SHAPE('','',#6144);
#6131=PRODUCT_DEFINITION_SHAPE(' ','NAUO PRDDFN',#44);
#6132=PRODUCT_DEFINITION_SHAPE('','',#6145);
#6133=PRODUCT_DEFINITION_SHAPE(' ','NAUO PRDDFN',#45);
#6134=PRODUCT_DEFINITION_SHAPE('','',#6146);
#6135=PRODUCT_DEFINITION_SHAPE(' ','NAUO PRDDFN',#46);
#6136=PRODUCT_DEFINITION_SHAPE(' ','NAUO PRDDFN',#47);
#6137=PRODUCT_DEFINITION_SHAPE(' ','NAUO PRDDFN',#48);
#6138=PRODUCT_DEFINITION_SHAPE(' ','NAUO PRDDFN',#49);
#6139=PRODUCT_DEFINITION_SHAPE(' ','NAUO PRDDFN',#50);
#6140=PRODUCT_DEFINITION_SHAPE(' ','NAUO PRDDFN',#51);
#6141=PRODUCT_DEFINITION('','',#6153,#6147);
#6142=PRODUCT_DEFINITION('','',#6154,#6148);
#6143=PRODUCT_DEFINITION('','',#6155,#6149);
#6144=PRODUCT_DEFINITION('','',#6156,#6150);
#6145=PRODUCT_DEFINITION('','',#6157,#6151);
#6146=PRODUCT_DEFINITION('','',#6158,#6152);
#6147=PRODUCT_DEFINITION_CONTEXT('',#6184,'design');
#6148=PRODUCT_DEFINITION_CONTEXT('',#6184,'design');
#6149=PRODUCT_DEFINITION_CONTEXT('',#6184,'design');
#6150=PRODUCT_DEFINITION_CONTEXT('',#6184,'design');
#6151=PRODUCT_DEFINITION_CONTEXT('',#6184,'design');
#6152=PRODUCT_DEFINITION_CONTEXT('',#6184,'design');
#6153=PRODUCT_DEFINITION_FORMATION_WITH_SPECIFIED_SOURCE('','',#6165,
 .NOT_KNOWN.);
#6154=PRODUCT_DEFINITION_FORMATION_WITH_SPECIFIED_SOURCE('','',#6166,
 .NOT_KNOWN.);
#6155=PRODUCT_DEFINITION_FORMATION_WITH_SPECIFIED_SOURCE('','',#6167,
 .NOT_KNOWN.);
#6156=PRODUCT_DEFINITION_FORMATION_WITH_SPECIFIED_SOURCE('','',#6168,
 .NOT_KNOWN.);
#6157=PRODUCT_DEFINITION_FORMATION_WITH_SPECIFIED_SOURCE('','',#6169,
 .NOT_KNOWN.);
#6158=PRODUCT_DEFINITION_FORMATION_WITH_SPECIFIED_SOURCE('','',#6170,
 .NOT_KNOWN.);
#6159=PRODUCT_RELATED_PRODUCT_CATEGORY('','',(#6165));
#6160=PRODUCT_RELATED_PRODUCT_CATEGORY('','',(#6166));
#6161=PRODUCT_RELATED_PRODUCT_CATEGORY('','',(#6167));
#6162=PRODUCT_RELATED_PRODUCT_CATEGORY('','',(#6168));
#6163=PRODUCT_RELATED_PRODUCT_CATEGORY('','',(#6169));
#6164=PRODUCT_RELATED_PRODUCT_CATEGORY('','',(#6170));
#6165=PRODUCT('KLS2-301-05P','KLS2-301-05P','KLS2-301-05P',(#6177));
#6166=PRODUCT('KLS2-301-05_body','KLS2-301-05_body','KLS2-301-05_body',
(#6178));
#6167=PRODUCT('KLS2-301pin','KLS2-301pin','KLS2-301pin',(#6179));
#6168=PRODUCT('KLS2-301_pin_body','KLS2-301_pin_body',
'KLS2-301_pin_body',(#6180));
#6169=PRODUCT('KLS2-301_spring','KLS2-301_spring','KLS2-301_spring',(#6181));
#6170=PRODUCT('KLS2-301_screw_S','KLS2-301_screw_S','KLS2-301_screw_S',
(#6182));
#6171=PRODUCT_CATEGORY('','');
#6172=PRODUCT_CATEGORY('','');
#6173=PRODUCT_CATEGORY('','');
#6174=PRODUCT_CATEGORY('','');
#6175=PRODUCT_CATEGORY('','');
#6176=PRODUCT_CATEGORY('','');
#6177=PRODUCT_CONTEXT('',#6184,'mechanical');
#6178=PRODUCT_CONTEXT('',#6184,'mechanical');
#6179=PRODUCT_CONTEXT('',#6184,'mechanical');
#6180=PRODUCT_CONTEXT('',#6184,'mechanical');
#6181=PRODUCT_CONTEXT('',#6184,'mechanical');
#6182=PRODUCT_CONTEXT('',#6184,'mechanical');
#6183=APPLICATION_PROTOCOL_DEFINITION('international standard',
'automotive_design',2010,#6184);
#6184=APPLICATION_CONTEXT(
'core data for automotive mechanical design processes');
ENDSEC;
END-ISO-10303-21;
