ISO-10303-21;
HEADER;
/* Generated by software containing ST-Developer
 * from STEP Tools, Inc. (www.steptools.com) 
 */

FILE_DESCRIPTION(
/* description */ (''),
/* implementation_level */ '2;1');

FILE_NAME(
/* name */ 'relay.stp',
/* time_stamp */ '2024-11-21T21:03:52+07:00',
/* author */ ('ASUS'),
/* organization */ (''),
/* preprocessor_version */ 'ST-DEVELOPER v20',
/* originating_system */ 'Autodesk Inventor 2025',
/* authorisation */ '');

FILE_SCHEMA (('AUTOMOTIVE_DESIGN { 1 0 10303 214 3 1 1 }'));
ENDSEC;

DATA;
#10=MECHANICAL_DESIGN_GEOMETRIC_PRESENTATION_REPRESENTATION('',(#4341,#4342,
#4343,#4344,#4345,#4346,#4347,#4348,#4349,#4350,#4351,#4352,#4353,#4354,
#4355,#4356,#4357,#4358,#4359,#4360,#4361,#4362,#4363,#4364,#4365,#4366,
#4367,#4368,#4369,#4370,#4371,#4372,#4373,#4374,#4375,#4376,#4377,#4378,
#4379,#4380,#4381,#4382,#4383,#4384,#4385,#4386,#4387,#4388,#4389,#4390,
#4391,#4392,#4393,#4394,#4395,#4396,#4397,#4398,#4399,#4400,#4401,#4402,
#4403,#4404,#4405,#4406,#4407,#4408,#4409,#4410,#4411,#4412,#4413,#4414,
#4415,#4416,#4417,#4418,#4419,#4420,#4421,#4422,#4423,#4424,#4425,#4426,
#4427,#4428,#4429,#4430,#4431,#4432,#4433,#4434,#4435,#4436,#4437,#4438,
#4439,#4440,#4441,#4442,#4443,#4444,#4445,#4446,#4447,#4448,#4449,#4450,
#4451,#4452,#4453,#4454,#4455,#4456,#4457,#4458,#4459,#4460,#4461,#4462,
#4463,#4464,#4465,#4466,#4467,#4468,#4469,#4470,#4471,#4472,#4473,#4474,
#4475,#4476,#4477,#4478,#4479,#4480,#4481,#4482,#4483,#4484,#4485,#4486,
#4487,#4488,#4489,#4490,#4491,#4492,#4493,#4494,#4495,#4496,#4497,#4498,
#4499,#4500,#4501,#4502,#4503,#4504,#4505,#4506,#4507,#4508,#4509,#4510,
#4511,#4512,#4513,#4514,#4515,#4516,#4517,#4518,#4519,#4520,#4521,#4522,
#4523,#4524,#4525,#4526,#4527,#4528,#4529,#4530,#4531,#4532,#4533,#4534,
#4535,#4536,#4537,#4538,#4539,#4540,#4541,#4542,#4543,#4544,#4545,#4546,
#4547,#4548,#4549,#4550,#4551,#4552,#4553,#4554,#4555,#4556,#4557,#4558,
#4559,#4560),#7892);
#11=SHAPE_REPRESENTATION_RELATIONSHIP('SRR','None',#7899,#12);
#12=ADVANCED_BREP_SHAPE_REPRESENTATION('',(#13),#7891);
#13=MANIFOLD_SOLID_BREP('Solid1',#4814);
#14=SPHERICAL_SURFACE('',#5156,2.5);
#15=ELLIPSE('',#4964,1.4142135623731,1.);
#16=ELLIPSE('',#4965,1.4142135623731,1.);
#17=ELLIPSE('',#4967,1.41421356237309,1.);
#18=ELLIPSE('',#4969,1.4142135623731,1.);
#19=ELLIPSE('',#4974,1.41421356237309,1.);
#20=ELLIPSE('',#4975,1.4142135623731,1.);
#21=ELLIPSE('',#4977,1.4142135623731,1.);
#22=ELLIPSE('',#4979,1.41421356237309,1.);
#23=ELLIPSE('',#4984,1.41421356237309,1.);
#24=ELLIPSE('',#4985,1.4142135623731,1.);
#25=ELLIPSE('',#4987,1.4142135623731,1.);
#26=ELLIPSE('',#4989,1.4142135623731,1.);
#27=FACE_BOUND('',#1676,.T.);
#28=FACE_BOUND('',#1681,.T.);
#29=FACE_BOUND('',#1686,.T.);
#30=FACE_BOUND('',#1713,.T.);
#31=FACE_BOUND('',#1715,.T.);
#32=FACE_BOUND('',#1717,.T.);
#33=FACE_BOUND('',#1726,.T.);
#34=FACE_BOUND('',#1727,.T.);
#35=FACE_BOUND('',#1728,.T.);
#36=FACE_BOUND('',#1729,.T.);
#37=FACE_BOUND('',#1730,.T.);
#38=FACE_BOUND('',#1731,.T.);
#39=FACE_BOUND('',#1732,.T.);
#40=FACE_BOUND('',#1733,.T.);
#41=FACE_BOUND('',#1734,.T.);
#42=FACE_BOUND('',#1735,.T.);
#43=FACE_BOUND('',#1736,.T.);
#44=FACE_BOUND('',#1753,.T.);
#45=FACE_BOUND('',#1773,.T.);
#46=FACE_BOUND('',#1774,.T.);
#47=FACE_BOUND('',#1775,.T.);
#48=FACE_BOUND('',#1847,.T.);
#49=FACE_BOUND('',#1854,.T.);
#50=FACE_BOUND('',#1858,.T.);
#51=FACE_BOUND('',#1867,.T.);
#52=FACE_BOUND('',#1869,.T.);
#53=FACE_BOUND('',#1870,.T.);
#54=FACE_BOUND('',#1871,.T.);
#55=FACE_BOUND('',#1891,.T.);
#56=FACE_BOUND('',#1892,.T.);
#57=FACE_BOUND('',#1893,.T.);
#58=FACE_BOUND('',#1894,.T.);
#59=(
BOUNDED_CURVE()
B_SPLINE_CURVE(2,(#6760,#6761,#6762),.UNSPECIFIED.,.F.,.F.)
B_SPLINE_CURVE_WITH_KNOTS((3,3),(-1.18774812274417,0.),.UNSPECIFIED.)
CURVE()
GEOMETRIC_REPRESENTATION_ITEM()
RATIONAL_B_SPLINE_CURVE((0.891986673432832,0.778530567664357,1.))
REPRESENTATION_ITEM('')
);
#60=(
BOUNDED_CURVE()
B_SPLINE_CURVE(2,(#6818,#6819,#6820),.UNSPECIFIED.,.F.,.F.)
B_SPLINE_CURVE_WITH_KNOTS((3,3),(-1.18774812274417,0.),.UNSPECIFIED.)
CURVE()
GEOMETRIC_REPRESENTATION_ITEM()
RATIONAL_B_SPLINE_CURVE((0.891986673432834,0.778530567664361,1.))
REPRESENTATION_ITEM('')
);
#61=(
BOUNDED_CURVE()
B_SPLINE_CURVE(2,(#6858,#6859,#6860),.UNSPECIFIED.,.F.,.F.)
B_SPLINE_CURVE_WITH_KNOTS((3,3),(-1.18774812274417,0.),.UNSPECIFIED.)
CURVE()
GEOMETRIC_REPRESENTATION_ITEM()
RATIONAL_B_SPLINE_CURVE((0.891986673432834,0.778530567664361,1.))
REPRESENTATION_ITEM('')
);
#62=(
BOUNDED_SURFACE()
B_SPLINE_SURFACE(2,2,((#6731,#6732,#6733,#6734,#6735,#6736,#6737,#6738,
#6739),(#6740,#6741,#6742,#6743,#6744,#6745,#6746,#6747,#6748),(#6749,#6750,
#6751,#6752,#6753,#6754,#6755,#6756,#6757)),.UNSPECIFIED.,.F.,.T.,.F.)
B_SPLINE_SURFACE_WITH_KNOTS((3,3),(3,2,2,2,3),(0.,1.5707963267949),(-3.14159265358979,
-1.5707963267949,0.,1.5707963267949,3.14159265358979),.UNSPECIFIED.)
GEOMETRIC_REPRESENTATION_ITEM()
RATIONAL_B_SPLINE_SURFACE(((1.,0.707106781186548,1.,0.707106781186548,1.,
0.707106781186548,1.,0.707106781186548,1.),(0.707106781186544,0.499999999999998,
0.707106781186544,0.499999999999998,0.707106781186544,0.499999999999998,
0.707106781186544,0.499999999999998,0.707106781186544),(1.,0.707106781186548,
1.,0.707106781186548,1.,0.707106781186548,1.,0.707106781186548,1.)))
REPRESENTATION_ITEM('')
SURFACE()
);
#63=(
BOUNDED_SURFACE()
B_SPLINE_SURFACE(2,2,((#6790,#6791,#6792,#6793,#6794,#6795,#6796,#6797,
#6798),(#6799,#6800,#6801,#6802,#6803,#6804,#6805,#6806,#6807),(#6808,#6809,
#6810,#6811,#6812,#6813,#6814,#6815,#6816)),.UNSPECIFIED.,.F.,.T.,.F.)
B_SPLINE_SURFACE_WITH_KNOTS((3,3),(3,2,2,2,3),(0.,1.5707963267949),(-3.14159265358979,
-1.5707963267949,0.,1.5707963267949,3.14159265358979),.UNSPECIFIED.)
GEOMETRIC_REPRESENTATION_ITEM()
RATIONAL_B_SPLINE_SURFACE(((1.,0.707106781186548,1.,0.707106781186548,1.,
0.707106781186548,1.,0.707106781186548,1.),(0.707106781186549,0.500000000000001,
0.707106781186549,0.500000000000001,0.707106781186549,0.500000000000001,
0.707106781186549,0.500000000000001,0.707106781186549),(1.,0.707106781186548,
1.,0.707106781186548,1.,0.707106781186548,1.,0.707106781186548,1.)))
REPRESENTATION_ITEM('')
SURFACE()
);
#64=(
BOUNDED_SURFACE()
B_SPLINE_SURFACE(2,2,((#6830,#6831,#6832,#6833,#6834,#6835,#6836,#6837,
#6838),(#6839,#6840,#6841,#6842,#6843,#6844,#6845,#6846,#6847),(#6848,#6849,
#6850,#6851,#6852,#6853,#6854,#6855,#6856)),.UNSPECIFIED.,.F.,.T.,.F.)
B_SPLINE_SURFACE_WITH_KNOTS((3,3),(3,2,2,2,3),(0.,1.5707963267949),(-3.14159265358979,
-1.5707963267949,0.,1.5707963267949,3.14159265358979),.UNSPECIFIED.)
GEOMETRIC_REPRESENTATION_ITEM()
RATIONAL_B_SPLINE_SURFACE(((1.,0.707106781186548,1.,0.707106781186548,1.,
0.707106781186548,1.,0.707106781186548,1.),(0.707106781186549,0.500000000000001,
0.707106781186549,0.500000000000001,0.707106781186549,0.500000000000001,
0.707106781186549,0.500000000000001,0.707106781186549),(1.,0.707106781186548,
1.,0.707106781186548,1.,0.707106781186548,1.,0.707106781186548,1.)))
REPRESENTATION_ITEM('')
SURFACE()
);
#65=B_SPLINE_CURVE_WITH_KNOTS('',3,(#6461,#6462,#6463,#6464),
 .UNSPECIFIED.,.F.,.F.,(4,4),(0.439371834392908,0.492239027952655),
 .UNSPECIFIED.);
#66=B_SPLINE_CURVE_WITH_KNOTS('',3,(#6473,#6474,#6475,#6476),
 .UNSPECIFIED.,.F.,.F.,(4,4),(0.439371834392908,0.492239027952655),
 .UNSPECIFIED.);
#67=B_SPLINE_CURVE_WITH_KNOTS('',3,(#6485,#6486,#6487,#6488),
 .UNSPECIFIED.,.F.,.F.,(4,4),(0.439371834392908,0.492239027952655),
 .UNSPECIFIED.);
#68=B_SPLINE_CURVE_WITH_KNOTS('',3,(#6514,#6515,#6516,#6517),
 .UNSPECIFIED.,.F.,.F.,(4,4),(0.582150209648962,0.63501740320871),
 .UNSPECIFIED.);
#69=B_SPLINE_CURVE_WITH_KNOTS('',3,(#6521,#6522,#6523,#6524),
 .UNSPECIFIED.,.F.,.F.,(4,4),(0.582150209648962,0.63501740320871),
 .UNSPECIFIED.);
#70=B_SPLINE_CURVE_WITH_KNOTS('',3,(#6528,#6529,#6530,#6531),
 .UNSPECIFIED.,.F.,.F.,(4,4),(0.582150209648962,0.63501740320871),
 .UNSPECIFIED.);
#71=B_SPLINE_CURVE_WITH_KNOTS('',3,(#6537,#6538,#6539,#6540),
 .UNSPECIFIED.,.F.,.F.,(4,4),(0.439371834392908,0.492239027952655),
 .UNSPECIFIED.);
#72=B_SPLINE_CURVE_WITH_KNOTS('',3,(#6544,#6545,#6546,#6547),
 .UNSPECIFIED.,.F.,.F.,(4,4),(0.582150209648962,0.63501740320871),
 .UNSPECIFIED.);
#73=B_SPLINE_CURVE_WITH_KNOTS('',3,(#6552,#6553,#6554,#6555),
 .UNSPECIFIED.,.F.,.F.,(4,4),(0.439375951494882,0.492239042734307),
 .UNSPECIFIED.);
#74=B_SPLINE_CURVE_WITH_KNOTS('',3,(#6564,#6565,#6566,#6567),
 .UNSPECIFIED.,.F.,.F.,(4,4),(0.439375951494882,0.492239042734306),
 .UNSPECIFIED.);
#75=B_SPLINE_CURVE_WITH_KNOTS('',3,(#6576,#6577,#6578,#6579),
 .UNSPECIFIED.,.F.,.F.,(4,4),(0.439375951494882,0.492239042734306),
 .UNSPECIFIED.);
#76=B_SPLINE_CURVE_WITH_KNOTS('',3,(#6588,#6589,#6590,#6591),
 .UNSPECIFIED.,.F.,.F.,(4,4),(0.582150224430613,0.635013315670038),
 .UNSPECIFIED.);
#77=B_SPLINE_CURVE_WITH_KNOTS('',3,(#6597,#6598,#6599,#6600),
 .UNSPECIFIED.,.F.,.F.,(4,4),(0.582150224430614,0.635013315670038),
 .UNSPECIFIED.);
#78=B_SPLINE_CURVE_WITH_KNOTS('',3,(#6606,#6607,#6608,#6609),
 .UNSPECIFIED.,.F.,.F.,(4,4),(0.582150224430614,0.635013315670038),
 .UNSPECIFIED.);
#79=B_SPLINE_CURVE_WITH_KNOTS('',3,(#6615,#6616,#6617,#6618),
 .UNSPECIFIED.,.F.,.F.,(4,4),(0.582150224430614,0.635013315670038),
 .UNSPECIFIED.);
#80=B_SPLINE_CURVE_WITH_KNOTS('',3,(#6627,#6628,#6629,#6630),
 .UNSPECIFIED.,.F.,.F.,(4,4),(0.439375951494883,0.492239042734306),
 .UNSPECIFIED.);
#81=B_SPLINE_CURVE_WITH_KNOTS('',3,(#6643,#6644,#6645,#6646),
 .UNSPECIFIED.,.F.,.F.,(4,4),(0.439375951494883,0.492239042734307),
 .UNSPECIFIED.);
#82=B_SPLINE_CURVE_WITH_KNOTS('',3,(#6655,#6656,#6657,#6658),
 .UNSPECIFIED.,.F.,.F.,(4,4),(0.439375951494883,0.492239042734307),
 .UNSPECIFIED.);
#83=B_SPLINE_CURVE_WITH_KNOTS('',3,(#6667,#6668,#6669,#6670),
 .UNSPECIFIED.,.F.,.F.,(4,4),(0.439375951494883,0.492239042734307),
 .UNSPECIFIED.);
#84=B_SPLINE_CURVE_WITH_KNOTS('',3,(#6696,#6697,#6698,#6699),
 .UNSPECIFIED.,.F.,.F.,(4,4),(0.582150224430615,0.635013315670039),
 .UNSPECIFIED.);
#85=B_SPLINE_CURVE_WITH_KNOTS('',3,(#6703,#6704,#6705,#6706),
 .UNSPECIFIED.,.F.,.F.,(4,4),(0.582150209648963,0.63501740320871),
 .UNSPECIFIED.);
#86=B_SPLINE_CURVE_WITH_KNOTS('',3,(#6710,#6711,#6712,#6713),
 .UNSPECIFIED.,.F.,.F.,(4,4),(0.582150224430615,0.635013315670039),
 .UNSPECIFIED.);
#87=B_SPLINE_CURVE_WITH_KNOTS('',3,(#6719,#6720,#6721,#6722),
 .UNSPECIFIED.,.F.,.F.,(4,4),(0.439371834392908,0.492239027952655),
 .UNSPECIFIED.);
#88=B_SPLINE_CURVE_WITH_KNOTS('',3,(#6726,#6727,#6728,#6729),
 .UNSPECIFIED.,.F.,.F.,(4,4),(0.582150224430615,0.635013315670039),
 .UNSPECIFIED.);
#89=PLANE('',#4844);
#90=PLANE('',#4852);
#91=PLANE('',#4860);
#92=PLANE('',#4861);
#93=PLANE('',#4862);
#94=PLANE('',#4863);
#95=PLANE('',#4864);
#96=PLANE('',#4870);
#97=PLANE('',#4871);
#98=PLANE('',#4872);
#99=PLANE('',#4873);
#100=PLANE('',#4874);
#101=PLANE('',#4875);
#102=PLANE('',#4876);
#103=PLANE('',#4877);
#104=PLANE('',#4878);
#105=PLANE('',#4879);
#106=PLANE('',#4880);
#107=PLANE('',#4881);
#108=PLANE('',#4882);
#109=PLANE('',#4883);
#110=PLANE('',#4889);
#111=PLANE('',#4890);
#112=PLANE('',#4891);
#113=PLANE('',#4892);
#114=PLANE('',#4898);
#115=PLANE('',#4899);
#116=PLANE('',#4900);
#117=PLANE('',#4901);
#118=PLANE('',#4902);
#119=PLANE('',#4911);
#120=PLANE('',#4912);
#121=PLANE('',#4913);
#122=PLANE('',#4914);
#123=PLANE('',#4916);
#124=PLANE('',#4918);
#125=PLANE('',#4920);
#126=PLANE('',#4922);
#127=PLANE('',#4924);
#128=PLANE('',#4926);
#129=PLANE('',#4933);
#130=PLANE('',#4938);
#131=PLANE('',#4939);
#132=PLANE('',#4940);
#133=PLANE('',#4941);
#134=PLANE('',#4942);
#135=PLANE('',#4943);
#136=PLANE('',#4944);
#137=PLANE('',#4945);
#138=PLANE('',#4946);
#139=PLANE('',#4947);
#140=PLANE('',#4948);
#141=PLANE('',#4949);
#142=PLANE('',#4950);
#143=PLANE('',#4951);
#144=PLANE('',#4952);
#145=PLANE('',#4953);
#146=PLANE('',#4954);
#147=PLANE('',#4955);
#148=PLANE('',#4956);
#149=PLANE('',#4957);
#150=PLANE('',#4958);
#151=PLANE('',#4959);
#152=PLANE('',#4960);
#153=PLANE('',#4961);
#154=PLANE('',#4962);
#155=PLANE('',#4971);
#156=PLANE('',#4972);
#157=PLANE('',#4981);
#158=PLANE('',#4982);
#159=PLANE('',#4991);
#160=PLANE('',#4992);
#161=PLANE('',#4993);
#162=PLANE('',#4994);
#163=PLANE('',#4995);
#164=PLANE('',#4996);
#165=PLANE('',#4997);
#166=PLANE('',#4998);
#167=PLANE('',#4999);
#168=PLANE('',#5000);
#169=PLANE('',#5001);
#170=PLANE('',#5002);
#171=PLANE('',#5003);
#172=PLANE('',#5004);
#173=PLANE('',#5005);
#174=PLANE('',#5006);
#175=PLANE('',#5007);
#176=PLANE('',#5008);
#177=PLANE('',#5009);
#178=PLANE('',#5019);
#179=PLANE('',#5020);
#180=PLANE('',#5021);
#181=PLANE('',#5022);
#182=PLANE('',#5023);
#183=PLANE('',#5024);
#184=PLANE('',#5025);
#185=PLANE('',#5026);
#186=PLANE('',#5027);
#187=PLANE('',#5028);
#188=PLANE('',#5029);
#189=PLANE('',#5030);
#190=PLANE('',#5031);
#191=PLANE('',#5032);
#192=PLANE('',#5033);
#193=PLANE('',#5034);
#194=PLANE('',#5035);
#195=PLANE('',#5036);
#196=PLANE('',#5037);
#197=PLANE('',#5038);
#198=PLANE('',#5039);
#199=PLANE('',#5040);
#200=PLANE('',#5041);
#201=PLANE('',#5042);
#202=PLANE('',#5043);
#203=PLANE('',#5044);
#204=PLANE('',#5045);
#205=PLANE('',#5046);
#206=PLANE('',#5047);
#207=PLANE('',#5048);
#208=PLANE('',#5049);
#209=PLANE('',#5050);
#210=PLANE('',#5051);
#211=PLANE('',#5052);
#212=PLANE('',#5053);
#213=PLANE('',#5054);
#214=PLANE('',#5055);
#215=PLANE('',#5056);
#216=PLANE('',#5057);
#217=PLANE('',#5058);
#218=PLANE('',#5059);
#219=PLANE('',#5060);
#220=PLANE('',#5061);
#221=PLANE('',#5062);
#222=PLANE('',#5063);
#223=PLANE('',#5064);
#224=PLANE('',#5065);
#225=PLANE('',#5066);
#226=PLANE('',#5069);
#227=PLANE('',#5071);
#228=PLANE('',#5072);
#229=PLANE('',#5073);
#230=PLANE('',#5074);
#231=PLANE('',#5075);
#232=PLANE('',#5076);
#233=PLANE('',#5079);
#234=PLANE('',#5081);
#235=PLANE('',#5082);
#236=PLANE('',#5083);
#237=PLANE('',#5084);
#238=PLANE('',#5085);
#239=PLANE('',#5086);
#240=PLANE('',#5089);
#241=PLANE('',#5091);
#242=PLANE('',#5092);
#243=PLANE('',#5093);
#244=PLANE('',#5094);
#245=PLANE('',#5095);
#246=PLANE('',#5096);
#247=PLANE('',#5098);
#248=PLANE('',#5100);
#249=PLANE('',#5105);
#250=PLANE('',#5109);
#251=PLANE('',#5113);
#252=PLANE('',#5114);
#253=PLANE('',#5115);
#254=PLANE('',#5116);
#255=PLANE('',#5117);
#256=PLANE('',#5118);
#257=PLANE('',#5119);
#258=PLANE('',#5120);
#259=PLANE('',#5121);
#260=PLANE('',#5122);
#261=PLANE('',#5123);
#262=PLANE('',#5124);
#263=PLANE('',#5125);
#264=PLANE('',#5126);
#265=PLANE('',#5127);
#266=PLANE('',#5128);
#267=PLANE('',#5129);
#268=PLANE('',#5130);
#269=PLANE('',#5131);
#270=PLANE('',#5132);
#271=PLANE('',#5133);
#272=PLANE('',#5134);
#273=PLANE('',#5135);
#274=PLANE('',#5136);
#275=PLANE('',#5137);
#276=PLANE('',#5138);
#277=PLANE('',#5139);
#278=PLANE('',#5140);
#279=PLANE('',#5141);
#280=PLANE('',#5142);
#281=PLANE('',#5143);
#282=PLANE('',#5144);
#283=PLANE('',#5145);
#284=PLANE('',#5146);
#285=PLANE('',#5147);
#286=PLANE('',#5148);
#287=PLANE('',#5149);
#288=PLANE('',#5150);
#289=PLANE('',#5151);
#290=PLANE('',#5152);
#291=PLANE('',#5153);
#292=PLANE('',#5154);
#293=PLANE('',#5155);
#294=PLANE('',#5164);
#295=PLANE('',#5165);
#296=PLANE('',#5166);
#297=PLANE('',#5167);
#298=PLANE('',#5168);
#299=PLANE('',#5169);
#300=PLANE('',#5170);
#301=PLANE('',#5171);
#302=PLANE('',#5180);
#303=PLANE('',#5183);
#304=PLANE('',#5186);
#305=PLANE('',#5189);
#306=PLANE('',#5192);
#307=LINE('',#6429,#818);
#308=LINE('',#6442,#819);
#309=LINE('',#6455,#820);
#310=LINE('',#6466,#821);
#311=LINE('',#6468,#822);
#312=LINE('',#6469,#823);
#313=LINE('',#6478,#824);
#314=LINE('',#6480,#825);
#315=LINE('',#6481,#826);
#316=LINE('',#6490,#827);
#317=LINE('',#6492,#828);
#318=LINE('',#6493,#829);
#319=LINE('',#6497,#830);
#320=LINE('',#6501,#831);
#321=LINE('',#6503,#832);
#322=LINE('',#6506,#833);
#323=LINE('',#6511,#834);
#324=LINE('',#6518,#835);
#325=LINE('',#6525,#836);
#326=LINE('',#6533,#837);
#327=LINE('',#6534,#838);
#328=LINE('',#6541,#839);
#329=LINE('',#6548,#840);
#330=LINE('',#6557,#841);
#331=LINE('',#6559,#842);
#332=LINE('',#6560,#843);
#333=LINE('',#6569,#844);
#334=LINE('',#6571,#845);
#335=LINE('',#6572,#846);
#336=LINE('',#6581,#847);
#337=LINE('',#6583,#848);
#338=LINE('',#6584,#849);
#339=LINE('',#6592,#850);
#340=LINE('',#6593,#851);
#341=LINE('',#6601,#852);
#342=LINE('',#6602,#853);
#343=LINE('',#6610,#854);
#344=LINE('',#6611,#855);
#345=LINE('',#6620,#856);
#346=LINE('',#6622,#857);
#347=LINE('',#6623,#858);
#348=LINE('',#6631,#859);
#349=LINE('',#6632,#860);
#350=LINE('',#6648,#861);
#351=LINE('',#6650,#862);
#352=LINE('',#6651,#863);
#353=LINE('',#6660,#864);
#354=LINE('',#6662,#865);
#355=LINE('',#6663,#866);
#356=LINE('',#6672,#867);
#357=LINE('',#6674,#868);
#358=LINE('',#6675,#869);
#359=LINE('',#6680,#870);
#360=LINE('',#6684,#871);
#361=LINE('',#6686,#872);
#362=LINE('',#6689,#873);
#363=LINE('',#6692,#874);
#364=LINE('',#6700,#875);
#365=LINE('',#6707,#876);
#366=LINE('',#6715,#877);
#367=LINE('',#6716,#878);
#368=LINE('',#6723,#879);
#369=LINE('',#6730,#880);
#370=LINE('',#6871,#881);
#371=LINE('',#6872,#882);
#372=LINE('',#6875,#883);
#373=LINE('',#6876,#884);
#374=LINE('',#6879,#885);
#375=LINE('',#6880,#886);
#376=LINE('',#6883,#887);
#377=LINE('',#6884,#888);
#378=LINE('',#6887,#889);
#379=LINE('',#6888,#890);
#380=LINE('',#6891,#891);
#381=LINE('',#6892,#892);
#382=LINE('',#6895,#893);
#383=LINE('',#6896,#894);
#384=LINE('',#6899,#895);
#385=LINE('',#6900,#896);
#386=LINE('',#6903,#897);
#387=LINE('',#6904,#898);
#388=LINE('',#6907,#899);
#389=LINE('',#6908,#900);
#390=LINE('',#6911,#901);
#391=LINE('',#6912,#902);
#392=LINE('',#6915,#903);
#393=LINE('',#6916,#904);
#394=LINE('',#6920,#905);
#395=LINE('',#6922,#906);
#396=LINE('',#6924,#907);
#397=LINE('',#6925,#908);
#398=LINE('',#6929,#909);
#399=LINE('',#6931,#910);
#400=LINE('',#6933,#911);
#401=LINE('',#6934,#912);
#402=LINE('',#6936,#913);
#403=LINE('',#6937,#914);
#404=LINE('',#6939,#915);
#405=LINE('',#6943,#916);
#406=LINE('',#6945,#917);
#407=LINE('',#6947,#918);
#408=LINE('',#6948,#919);
#409=LINE('',#6952,#920);
#410=LINE('',#6954,#921);
#411=LINE('',#6956,#922);
#412=LINE('',#6957,#923);
#413=LINE('',#6959,#924);
#414=LINE('',#6960,#925);
#415=LINE('',#6962,#926);
#416=LINE('',#6966,#927);
#417=LINE('',#6968,#928);
#418=LINE('',#6970,#929);
#419=LINE('',#6971,#930);
#420=LINE('',#6975,#931);
#421=LINE('',#6977,#932);
#422=LINE('',#6979,#933);
#423=LINE('',#6980,#934);
#424=LINE('',#6982,#935);
#425=LINE('',#6983,#936);
#426=LINE('',#6985,#937);
#427=LINE('',#6990,#938);
#428=LINE('',#6995,#939);
#429=LINE('',#6999,#940);
#430=LINE('',#7001,#941);
#431=LINE('',#7004,#942);
#432=LINE('',#7006,#943);
#433=LINE('',#7007,#944);
#434=LINE('',#7010,#945);
#435=LINE('',#7011,#946);
#436=LINE('',#7016,#947);
#437=LINE('',#7021,#948);
#438=LINE('',#7025,#949);
#439=LINE('',#7027,#950);
#440=LINE('',#7030,#951);
#441=LINE('',#7032,#952);
#442=LINE('',#7033,#953);
#443=LINE('',#7035,#954);
#444=LINE('',#7037,#955);
#445=LINE('',#7038,#956);
#446=LINE('',#7043,#957);
#447=LINE('',#7048,#958);
#448=LINE('',#7052,#959);
#449=LINE('',#7054,#960);
#450=LINE('',#7057,#961);
#451=LINE('',#7059,#962);
#452=LINE('',#7060,#963);
#453=LINE('',#7063,#964);
#454=LINE('',#7064,#965);
#455=LINE('',#7066,#966);
#456=LINE('',#7068,#967);
#457=LINE('',#7069,#968);
#458=LINE('',#7071,#969);
#459=LINE('',#7074,#970);
#460=LINE('',#7075,#971);
#461=LINE('',#7077,#972);
#462=LINE('',#7080,#973);
#463=LINE('',#7081,#974);
#464=LINE('',#7083,#975);
#465=LINE('',#7084,#976);
#466=LINE('',#7088,#977);
#467=LINE('',#7090,#978);
#468=LINE('',#7092,#979);
#469=LINE('',#7093,#980);
#470=LINE('',#7097,#981);
#471=LINE('',#7099,#982);
#472=LINE('',#7101,#983);
#473=LINE('',#7102,#984);
#474=LINE('',#7106,#985);
#475=LINE('',#7108,#986);
#476=LINE('',#7110,#987);
#477=LINE('',#7111,#988);
#478=LINE('',#7114,#989);
#479=LINE('',#7116,#990);
#480=LINE('',#7117,#991);
#481=LINE('',#7120,#992);
#482=LINE('',#7122,#993);
#483=LINE('',#7123,#994);
#484=LINE('',#7126,#995);
#485=LINE('',#7127,#996);
#486=LINE('',#7131,#997);
#487=LINE('',#7132,#998);
#488=LINE('',#7134,#999);
#489=LINE('',#7135,#1000);
#490=LINE('',#7137,#1001);
#491=LINE('',#7139,#1002);
#492=LINE('',#7140,#1003);
#493=LINE('',#7142,#1004);
#494=LINE('',#7144,#1005);
#495=LINE('',#7146,#1006);
#496=LINE('',#7147,#1007);
#497=LINE('',#7151,#1008);
#498=LINE('',#7152,#1009);
#499=LINE('',#7153,#1010);
#500=LINE('',#7157,#1011);
#501=LINE('',#7158,#1012);
#502=LINE('',#7159,#1013);
#503=LINE('',#7161,#1014);
#504=LINE('',#7162,#1015);
#505=LINE('',#7168,#1016);
#506=LINE('',#7172,#1017);
#507=LINE('',#7176,#1018);
#508=LINE('',#7179,#1019);
#509=LINE('',#7190,#1020);
#510=LINE('',#7192,#1021);
#511=LINE('',#7194,#1022);
#512=LINE('',#7195,#1023);
#513=LINE('',#7200,#1024);
#514=LINE('',#7202,#1025);
#515=LINE('',#7204,#1026);
#516=LINE('',#7206,#1027);
#517=LINE('',#7208,#1028);
#518=LINE('',#7210,#1029);
#519=LINE('',#7212,#1030);
#520=LINE('',#7213,#1031);
#521=LINE('',#7216,#1032);
#522=LINE('',#7218,#1033);
#523=LINE('',#7220,#1034);
#524=LINE('',#7222,#1035);
#525=LINE('',#7224,#1036);
#526=LINE('',#7226,#1037);
#527=LINE('',#7228,#1038);
#528=LINE('',#7229,#1039);
#529=LINE('',#7232,#1040);
#530=LINE('',#7234,#1041);
#531=LINE('',#7236,#1042);
#532=LINE('',#7238,#1043);
#533=LINE('',#7240,#1044);
#534=LINE('',#7242,#1045);
#535=LINE('',#7244,#1046);
#536=LINE('',#7245,#1047);
#537=LINE('',#7248,#1048);
#538=LINE('',#7250,#1049);
#539=LINE('',#7252,#1050);
#540=LINE('',#7254,#1051);
#541=LINE('',#7256,#1052);
#542=LINE('',#7258,#1053);
#543=LINE('',#7260,#1054);
#544=LINE('',#7261,#1055);
#545=LINE('',#7263,#1056);
#546=LINE('',#7266,#1057);
#547=LINE('',#7267,#1058);
#548=LINE('',#7269,#1059);
#549=LINE('',#7272,#1060);
#550=LINE('',#7273,#1061);
#551=LINE('',#7276,#1062);
#552=LINE('',#7277,#1063);
#553=LINE('',#7279,#1064);
#554=LINE('',#7283,#1065);
#555=LINE('',#7285,#1066);
#556=LINE('',#7286,#1067);
#557=LINE('',#7289,#1068);
#558=LINE('',#7290,#1069);
#559=LINE('',#7293,#1070);
#560=LINE('',#7294,#1071);
#561=LINE('',#7297,#1072);
#562=LINE('',#7298,#1073);
#563=LINE('',#7301,#1074);
#564=LINE('',#7302,#1075);
#565=LINE('',#7305,#1076);
#566=LINE('',#7306,#1077);
#567=LINE('',#7309,#1078);
#568=LINE('',#7310,#1079);
#569=LINE('',#7312,#1080);
#570=LINE('',#7316,#1081);
#571=LINE('',#7318,#1082);
#572=LINE('',#7320,#1083);
#573=LINE('',#7322,#1084);
#574=LINE('',#7324,#1085);
#575=LINE('',#7326,#1086);
#576=LINE('',#7328,#1087);
#577=LINE('',#7329,#1088);
#578=LINE('',#7332,#1089);
#579=LINE('',#7334,#1090);
#580=LINE('',#7335,#1091);
#581=LINE('',#7338,#1092);
#582=LINE('',#7339,#1093);
#583=LINE('',#7342,#1094);
#584=LINE('',#7343,#1095);
#585=LINE('',#7346,#1096);
#586=LINE('',#7347,#1097);
#587=LINE('',#7350,#1098);
#588=LINE('',#7352,#1099);
#589=LINE('',#7353,#1100);
#590=LINE('',#7355,#1101);
#591=LINE('',#7358,#1102);
#592=LINE('',#7359,#1103);
#593=LINE('',#7361,#1104);
#594=LINE('',#7366,#1105);
#595=LINE('',#7368,#1106);
#596=LINE('',#7370,#1107);
#597=LINE('',#7371,#1108);
#598=LINE('',#7375,#1109);
#599=LINE('',#7377,#1110);
#600=LINE('',#7379,#1111);
#601=LINE('',#7380,#1112);
#602=LINE('',#7382,#1113);
#603=LINE('',#7383,#1114);
#604=LINE('',#7387,#1115);
#605=LINE('',#7389,#1116);
#606=LINE('',#7391,#1117);
#607=LINE('',#7392,#1118);
#608=LINE('',#7396,#1119);
#609=LINE('',#7398,#1120);
#610=LINE('',#7400,#1121);
#611=LINE('',#7401,#1122);
#612=LINE('',#7403,#1123);
#613=LINE('',#7404,#1124);
#614=LINE('',#7408,#1125);
#615=LINE('',#7410,#1126);
#616=LINE('',#7412,#1127);
#617=LINE('',#7413,#1128);
#618=LINE('',#7417,#1129);
#619=LINE('',#7419,#1130);
#620=LINE('',#7421,#1131);
#621=LINE('',#7422,#1132);
#622=LINE('',#7424,#1133);
#623=LINE('',#7425,#1134);
#624=LINE('',#7428,#1135);
#625=LINE('',#7430,#1136);
#626=LINE('',#7431,#1137);
#627=LINE('',#7433,#1138);
#628=LINE('',#7435,#1139);
#629=LINE('',#7436,#1140);
#630=LINE('',#7438,#1141);
#631=LINE('',#7440,#1142);
#632=LINE('',#7441,#1143);
#633=LINE('',#7443,#1144);
#634=LINE('',#7445,#1145);
#635=LINE('',#7446,#1146);
#636=LINE('',#7449,#1147);
#637=LINE('',#7450,#1148);
#638=LINE('',#7453,#1149);
#639=LINE('',#7454,#1150);
#640=LINE('',#7456,#1151);
#641=LINE('',#7460,#1152);
#642=LINE('',#7461,#1153);
#643=LINE('',#7464,#1154);
#644=LINE('',#7465,#1155);
#645=LINE('',#7467,#1156);
#646=LINE('',#7471,#1157);
#647=LINE('',#7472,#1158);
#648=LINE('',#7475,#1159);
#649=LINE('',#7476,#1160);
#650=LINE('',#7478,#1161);
#651=LINE('',#7485,#1162);
#652=LINE('',#7487,#1163);
#653=LINE('',#7489,#1164);
#654=LINE('',#7496,#1165);
#655=LINE('',#7498,#1166);
#656=LINE('',#7499,#1167);
#657=LINE('',#7502,#1168);
#658=LINE('',#7504,#1169);
#659=LINE('',#7505,#1170);
#660=LINE('',#7507,#1171);
#661=LINE('',#7509,#1172);
#662=LINE('',#7510,#1173);
#663=LINE('',#7513,#1174);
#664=LINE('',#7514,#1175);
#665=LINE('',#7516,#1176);
#666=LINE('',#7517,#1177);
#667=LINE('',#7524,#1178);
#668=LINE('',#7526,#1179);
#669=LINE('',#7528,#1180);
#670=LINE('',#7535,#1181);
#671=LINE('',#7537,#1182);
#672=LINE('',#7538,#1183);
#673=LINE('',#7541,#1184);
#674=LINE('',#7543,#1185);
#675=LINE('',#7544,#1186);
#676=LINE('',#7546,#1187);
#677=LINE('',#7548,#1188);
#678=LINE('',#7549,#1189);
#679=LINE('',#7552,#1190);
#680=LINE('',#7553,#1191);
#681=LINE('',#7555,#1192);
#682=LINE('',#7556,#1193);
#683=LINE('',#7563,#1194);
#684=LINE('',#7565,#1195);
#685=LINE('',#7567,#1196);
#686=LINE('',#7574,#1197);
#687=LINE('',#7576,#1198);
#688=LINE('',#7577,#1199);
#689=LINE('',#7580,#1200);
#690=LINE('',#7582,#1201);
#691=LINE('',#7583,#1202);
#692=LINE('',#7585,#1203);
#693=LINE('',#7587,#1204);
#694=LINE('',#7588,#1205);
#695=LINE('',#7591,#1206);
#696=LINE('',#7592,#1207);
#697=LINE('',#7594,#1208);
#698=LINE('',#7595,#1209);
#699=LINE('',#7606,#1210);
#700=LINE('',#7612,#1211);
#701=LINE('',#7618,#1212);
#702=LINE('',#7624,#1213);
#703=LINE('',#7626,#1214);
#704=LINE('',#7628,#1215);
#705=LINE('',#7629,#1216);
#706=LINE('',#7632,#1217);
#707=LINE('',#7634,#1218);
#708=LINE('',#7635,#1219);
#709=LINE('',#7638,#1220);
#710=LINE('',#7640,#1221);
#711=LINE('',#7641,#1222);
#712=LINE('',#7643,#1223);
#713=LINE('',#7644,#1224);
#714=LINE('',#7649,#1225);
#715=LINE('',#7651,#1226);
#716=LINE('',#7653,#1227);
#717=LINE('',#7654,#1228);
#718=LINE('',#7657,#1229);
#719=LINE('',#7659,#1230);
#720=LINE('',#7660,#1231);
#721=LINE('',#7663,#1232);
#722=LINE('',#7665,#1233);
#723=LINE('',#7666,#1234);
#724=LINE('',#7668,#1235);
#725=LINE('',#7669,#1236);
#726=LINE('',#7674,#1237);
#727=LINE('',#7676,#1238);
#728=LINE('',#7678,#1239);
#729=LINE('',#7679,#1240);
#730=LINE('',#7682,#1241);
#731=LINE('',#7684,#1242);
#732=LINE('',#7685,#1243);
#733=LINE('',#7688,#1244);
#734=LINE('',#7690,#1245);
#735=LINE('',#7691,#1246);
#736=LINE('',#7693,#1247);
#737=LINE('',#7694,#1248);
#738=LINE('',#7699,#1249);
#739=LINE('',#7700,#1250);
#740=LINE('',#7701,#1251);
#741=LINE('',#7705,#1252);
#742=LINE('',#7706,#1253);
#743=LINE('',#7707,#1254);
#744=LINE('',#7711,#1255);
#745=LINE('',#7712,#1256);
#746=LINE('',#7713,#1257);
#747=LINE('',#7717,#1258);
#748=LINE('',#7718,#1259);
#749=LINE('',#7719,#1260);
#750=LINE('',#7723,#1261);
#751=LINE('',#7724,#1262);
#752=LINE('',#7725,#1263);
#753=LINE('',#7729,#1264);
#754=LINE('',#7730,#1265);
#755=LINE('',#7731,#1266);
#756=LINE('',#7735,#1267);
#757=LINE('',#7736,#1268);
#758=LINE('',#7737,#1269);
#759=LINE('',#7741,#1270);
#760=LINE('',#7742,#1271);
#761=LINE('',#7743,#1272);
#762=LINE('',#7747,#1273);
#763=LINE('',#7748,#1274);
#764=LINE('',#7749,#1275);
#765=LINE('',#7753,#1276);
#766=LINE('',#7754,#1277);
#767=LINE('',#7755,#1278);
#768=LINE('',#7759,#1279);
#769=LINE('',#7760,#1280);
#770=LINE('',#7761,#1281);
#771=LINE('',#7765,#1282);
#772=LINE('',#7766,#1283);
#773=LINE('',#7767,#1284);
#774=LINE('',#7769,#1285);
#775=LINE('',#7771,#1286);
#776=LINE('',#7772,#1287);
#777=LINE('',#7773,#1288);
#778=LINE('',#7774,#1289);
#779=LINE('',#7776,#1290);
#780=LINE('',#7778,#1291);
#781=LINE('',#7780,#1292);
#782=LINE('',#7782,#1293);
#783=LINE('',#7784,#1294);
#784=LINE('',#7787,#1295);
#785=LINE('',#7789,#1296);
#786=LINE('',#7804,#1297);
#787=LINE('',#7809,#1298);
#788=LINE('',#7814,#1299);
#789=LINE('',#7816,#1300);
#790=LINE('',#7818,#1301);
#791=LINE('',#7819,#1302);
#792=LINE('',#7822,#1303);
#793=LINE('',#7824,#1304);
#794=LINE('',#7825,#1305);
#795=LINE('',#7828,#1306);
#796=LINE('',#7830,#1307);
#797=LINE('',#7831,#1308);
#798=LINE('',#7833,#1309);
#799=LINE('',#7834,#1310);
#800=LINE('',#7836,#1311);
#801=LINE('',#7838,#1312);
#802=LINE('',#7842,#1313);
#803=LINE('',#7846,#1314);
#804=LINE('',#7850,#1315);
#805=LINE('',#7854,#1316);
#806=LINE('',#7859,#1317);
#807=LINE('',#7860,#1318);
#808=LINE('',#7861,#1319);
#809=LINE('',#7865,#1320);
#810=LINE('',#7868,#1321);
#811=LINE('',#7869,#1322);
#812=LINE('',#7873,#1323);
#813=LINE('',#7876,#1324);
#814=LINE('',#7877,#1325);
#815=LINE('',#7881,#1326);
#816=LINE('',#7884,#1327);
#817=LINE('',#7885,#1328);
#818=VECTOR('',#5207,1.5);
#819=VECTOR('',#5224,1.5);
#820=VECTOR('',#5241,1.5);
#821=VECTOR('',#5248,10.);
#822=VECTOR('',#5249,10.);
#823=VECTOR('',#5250,10.);
#824=VECTOR('',#5253,10.);
#825=VECTOR('',#5254,10.);
#826=VECTOR('',#5255,10.);
#827=VECTOR('',#5258,10.);
#828=VECTOR('',#5259,10.);
#829=VECTOR('',#5260,10.);
#830=VECTOR('',#5265,10.);
#831=VECTOR('',#5268,10.);
#832=VECTOR('',#5269,10.);
#833=VECTOR('',#5272,10.);
#834=VECTOR('',#5277,10.);
#835=VECTOR('',#5280,10.);
#836=VECTOR('',#5283,10.);
#837=VECTOR('',#5286,10.);
#838=VECTOR('',#5287,10.);
#839=VECTOR('',#5290,10.);
#840=VECTOR('',#5293,10.);
#841=VECTOR('',#5296,10.);
#842=VECTOR('',#5297,10.);
#843=VECTOR('',#5298,10.);
#844=VECTOR('',#5301,10.);
#845=VECTOR('',#5302,10.);
#846=VECTOR('',#5303,10.);
#847=VECTOR('',#5306,10.);
#848=VECTOR('',#5307,10.);
#849=VECTOR('',#5308,10.);
#850=VECTOR('',#5311,10.);
#851=VECTOR('',#5312,10.);
#852=VECTOR('',#5315,10.);
#853=VECTOR('',#5316,10.);
#854=VECTOR('',#5319,10.);
#855=VECTOR('',#5320,10.);
#856=VECTOR('',#5323,10.);
#857=VECTOR('',#5324,10.);
#858=VECTOR('',#5325,10.);
#859=VECTOR('',#5328,10.);
#860=VECTOR('',#5329,10.);
#861=VECTOR('',#5344,10.);
#862=VECTOR('',#5345,10.);
#863=VECTOR('',#5346,10.);
#864=VECTOR('',#5349,10.);
#865=VECTOR('',#5350,10.);
#866=VECTOR('',#5351,10.);
#867=VECTOR('',#5354,10.);
#868=VECTOR('',#5355,10.);
#869=VECTOR('',#5356,10.);
#870=VECTOR('',#5361,10.);
#871=VECTOR('',#5364,10.);
#872=VECTOR('',#5365,10.);
#873=VECTOR('',#5368,10.);
#874=VECTOR('',#5371,10.);
#875=VECTOR('',#5376,10.);
#876=VECTOR('',#5379,10.);
#877=VECTOR('',#5382,10.);
#878=VECTOR('',#5383,10.);
#879=VECTOR('',#5386,10.);
#880=VECTOR('',#5389,10.);
#881=VECTOR('',#5464,10.);
#882=VECTOR('',#5465,10.);
#883=VECTOR('',#5468,10.);
#884=VECTOR('',#5469,10.);
#885=VECTOR('',#5472,10.);
#886=VECTOR('',#5473,10.);
#887=VECTOR('',#5476,10.);
#888=VECTOR('',#5477,10.);
#889=VECTOR('',#5480,10.);
#890=VECTOR('',#5481,10.);
#891=VECTOR('',#5484,10.);
#892=VECTOR('',#5485,10.);
#893=VECTOR('',#5488,10.);
#894=VECTOR('',#5489,10.);
#895=VECTOR('',#5492,10.);
#896=VECTOR('',#5493,10.);
#897=VECTOR('',#5496,10.);
#898=VECTOR('',#5497,10.);
#899=VECTOR('',#5500,10.);
#900=VECTOR('',#5501,10.);
#901=VECTOR('',#5504,10.);
#902=VECTOR('',#5505,10.);
#903=VECTOR('',#5508,10.);
#904=VECTOR('',#5509,10.);
#905=VECTOR('',#5512,10.);
#906=VECTOR('',#5513,10.);
#907=VECTOR('',#5514,10.);
#908=VECTOR('',#5515,10.);
#909=VECTOR('',#5518,10.);
#910=VECTOR('',#5519,10.);
#911=VECTOR('',#5520,10.);
#912=VECTOR('',#5521,10.);
#913=VECTOR('',#5524,10.);
#914=VECTOR('',#5525,10.);
#915=VECTOR('',#5528,10.);
#916=VECTOR('',#5531,10.);
#917=VECTOR('',#5532,10.);
#918=VECTOR('',#5533,10.);
#919=VECTOR('',#5534,10.);
#920=VECTOR('',#5537,10.);
#921=VECTOR('',#5538,10.);
#922=VECTOR('',#5539,10.);
#923=VECTOR('',#5540,10.);
#924=VECTOR('',#5543,10.);
#925=VECTOR('',#5544,10.);
#926=VECTOR('',#5547,10.);
#927=VECTOR('',#5550,10.);
#928=VECTOR('',#5551,10.);
#929=VECTOR('',#5552,10.);
#930=VECTOR('',#5553,10.);
#931=VECTOR('',#5556,10.);
#932=VECTOR('',#5557,10.);
#933=VECTOR('',#5558,10.);
#934=VECTOR('',#5559,10.);
#935=VECTOR('',#5562,10.);
#936=VECTOR('',#5563,10.);
#937=VECTOR('',#5566,10.);
#938=VECTOR('',#5571,10.);
#939=VECTOR('',#5578,10.);
#940=VECTOR('',#5583,10.);
#941=VECTOR('',#5586,10.);
#942=VECTOR('',#5589,10.);
#943=VECTOR('',#5590,10.);
#944=VECTOR('',#5591,10.);
#945=VECTOR('',#5594,10.);
#946=VECTOR('',#5595,10.);
#947=VECTOR('',#5600,10.);
#948=VECTOR('',#5607,10.);
#949=VECTOR('',#5612,10.);
#950=VECTOR('',#5615,10.);
#951=VECTOR('',#5618,10.);
#952=VECTOR('',#5619,10.);
#953=VECTOR('',#5620,10.);
#954=VECTOR('',#5623,10.);
#955=VECTOR('',#5624,10.);
#956=VECTOR('',#5625,10.);
#957=VECTOR('',#5630,10.);
#958=VECTOR('',#5637,10.);
#959=VECTOR('',#5642,10.);
#960=VECTOR('',#5645,10.);
#961=VECTOR('',#5648,10.);
#962=VECTOR('',#5649,10.);
#963=VECTOR('',#5650,10.);
#964=VECTOR('',#5653,10.);
#965=VECTOR('',#5654,10.);
#966=VECTOR('',#5657,10.);
#967=VECTOR('',#5658,10.);
#968=VECTOR('',#5659,10.);
#969=VECTOR('',#5662,10.);
#970=VECTOR('',#5665,10.);
#971=VECTOR('',#5666,10.);
#972=VECTOR('',#5669,10.);
#973=VECTOR('',#5672,10.);
#974=VECTOR('',#5673,10.);
#975=VECTOR('',#5676,10.);
#976=VECTOR('',#5677,10.);
#977=VECTOR('',#5680,10.);
#978=VECTOR('',#5681,10.);
#979=VECTOR('',#5682,10.);
#980=VECTOR('',#5683,10.);
#981=VECTOR('',#5686,10.);
#982=VECTOR('',#5687,10.);
#983=VECTOR('',#5688,10.);
#984=VECTOR('',#5689,10.);
#985=VECTOR('',#5692,10.);
#986=VECTOR('',#5693,10.);
#987=VECTOR('',#5694,10.);
#988=VECTOR('',#5695,10.);
#989=VECTOR('',#5698,10.);
#990=VECTOR('',#5699,10.);
#991=VECTOR('',#5700,10.);
#992=VECTOR('',#5703,10.);
#993=VECTOR('',#5704,10.);
#994=VECTOR('',#5705,10.);
#995=VECTOR('',#5708,10.);
#996=VECTOR('',#5709,10.);
#997=VECTOR('',#5712,10.);
#998=VECTOR('',#5713,10.);
#999=VECTOR('',#5714,10.);
#1000=VECTOR('',#5715,10.);
#1001=VECTOR('',#5716,10.);
#1002=VECTOR('',#5717,10.);
#1003=VECTOR('',#5718,10.);
#1004=VECTOR('',#5719,10.);
#1005=VECTOR('',#5720,10.);
#1006=VECTOR('',#5721,10.);
#1007=VECTOR('',#5722,10.);
#1008=VECTOR('',#5725,10.);
#1009=VECTOR('',#5726,10.);
#1010=VECTOR('',#5727,10.);
#1011=VECTOR('',#5730,10.);
#1012=VECTOR('',#5731,10.);
#1013=VECTOR('',#5732,10.);
#1014=VECTOR('',#5735,10.);
#1015=VECTOR('',#5736,10.);
#1016=VECTOR('',#5741,10.);
#1017=VECTOR('',#5744,10.);
#1018=VECTOR('',#5747,10.);
#1019=VECTOR('',#5750,10.);
#1020=VECTOR('',#5759,10.);
#1021=VECTOR('',#5760,10.);
#1022=VECTOR('',#5761,10.);
#1023=VECTOR('',#5762,10.);
#1024=VECTOR('',#5765,10.);
#1025=VECTOR('',#5766,10.);
#1026=VECTOR('',#5767,10.);
#1027=VECTOR('',#5768,10.);
#1028=VECTOR('',#5769,10.);
#1029=VECTOR('',#5770,10.);
#1030=VECTOR('',#5771,10.);
#1031=VECTOR('',#5772,10.);
#1032=VECTOR('',#5773,10.);
#1033=VECTOR('',#5774,10.);
#1034=VECTOR('',#5775,10.);
#1035=VECTOR('',#5776,10.);
#1036=VECTOR('',#5777,10.);
#1037=VECTOR('',#5778,10.);
#1038=VECTOR('',#5779,10.);
#1039=VECTOR('',#5780,10.);
#1040=VECTOR('',#5781,10.);
#1041=VECTOR('',#5782,10.);
#1042=VECTOR('',#5783,10.);
#1043=VECTOR('',#5784,10.);
#1044=VECTOR('',#5785,10.);
#1045=VECTOR('',#5786,10.);
#1046=VECTOR('',#5787,10.);
#1047=VECTOR('',#5788,10.);
#1048=VECTOR('',#5789,10.);
#1049=VECTOR('',#5790,10.);
#1050=VECTOR('',#5791,10.);
#1051=VECTOR('',#5792,10.);
#1052=VECTOR('',#5793,10.);
#1053=VECTOR('',#5794,10.);
#1054=VECTOR('',#5795,10.);
#1055=VECTOR('',#5796,10.);
#1056=VECTOR('',#5799,10.);
#1057=VECTOR('',#5802,10.);
#1058=VECTOR('',#5803,10.);
#1059=VECTOR('',#5806,10.);
#1060=VECTOR('',#5809,10.);
#1061=VECTOR('',#5810,10.);
#1062=VECTOR('',#5813,10.);
#1063=VECTOR('',#5814,10.);
#1064=VECTOR('',#5817,10.);
#1065=VECTOR('',#5822,10.);
#1066=VECTOR('',#5823,10.);
#1067=VECTOR('',#5824,10.);
#1068=VECTOR('',#5827,10.);
#1069=VECTOR('',#5828,10.);
#1070=VECTOR('',#5831,10.);
#1071=VECTOR('',#5832,10.);
#1072=VECTOR('',#5835,10.);
#1073=VECTOR('',#5836,10.);
#1074=VECTOR('',#5839,10.);
#1075=VECTOR('',#5840,10.);
#1076=VECTOR('',#5843,10.);
#1077=VECTOR('',#5844,10.);
#1078=VECTOR('',#5847,10.);
#1079=VECTOR('',#5848,10.);
#1080=VECTOR('',#5851,10.);
#1081=VECTOR('',#5854,10.);
#1082=VECTOR('',#5855,10.);
#1083=VECTOR('',#5856,10.);
#1084=VECTOR('',#5857,10.);
#1085=VECTOR('',#5858,10.);
#1086=VECTOR('',#5859,10.);
#1087=VECTOR('',#5860,10.);
#1088=VECTOR('',#5861,10.);
#1089=VECTOR('',#5864,10.);
#1090=VECTOR('',#5865,10.);
#1091=VECTOR('',#5866,10.);
#1092=VECTOR('',#5869,10.);
#1093=VECTOR('',#5870,10.);
#1094=VECTOR('',#5873,10.);
#1095=VECTOR('',#5874,10.);
#1096=VECTOR('',#5877,10.);
#1097=VECTOR('',#5878,10.);
#1098=VECTOR('',#5881,10.);
#1099=VECTOR('',#5882,10.);
#1100=VECTOR('',#5883,10.);
#1101=VECTOR('',#5886,10.);
#1102=VECTOR('',#5889,10.);
#1103=VECTOR('',#5890,10.);
#1104=VECTOR('',#5893,10.);
#1105=VECTOR('',#5898,10.);
#1106=VECTOR('',#5899,10.);
#1107=VECTOR('',#5900,10.);
#1108=VECTOR('',#5901,10.);
#1109=VECTOR('',#5904,10.);
#1110=VECTOR('',#5905,10.);
#1111=VECTOR('',#5906,10.);
#1112=VECTOR('',#5907,10.);
#1113=VECTOR('',#5910,10.);
#1114=VECTOR('',#5911,10.);
#1115=VECTOR('',#5914,10.);
#1116=VECTOR('',#5915,10.);
#1117=VECTOR('',#5916,10.);
#1118=VECTOR('',#5917,10.);
#1119=VECTOR('',#5920,10.);
#1120=VECTOR('',#5921,10.);
#1121=VECTOR('',#5922,10.);
#1122=VECTOR('',#5923,10.);
#1123=VECTOR('',#5926,10.);
#1124=VECTOR('',#5927,10.);
#1125=VECTOR('',#5930,10.);
#1126=VECTOR('',#5931,10.);
#1127=VECTOR('',#5932,10.);
#1128=VECTOR('',#5933,10.);
#1129=VECTOR('',#5936,10.);
#1130=VECTOR('',#5937,10.);
#1131=VECTOR('',#5938,10.);
#1132=VECTOR('',#5939,10.);
#1133=VECTOR('',#5942,10.);
#1134=VECTOR('',#5943,10.);
#1135=VECTOR('',#5946,10.);
#1136=VECTOR('',#5947,10.);
#1137=VECTOR('',#5948,10.);
#1138=VECTOR('',#5949,10.);
#1139=VECTOR('',#5950,10.);
#1140=VECTOR('',#5951,10.);
#1141=VECTOR('',#5952,10.);
#1142=VECTOR('',#5953,10.);
#1143=VECTOR('',#5954,10.);
#1144=VECTOR('',#5955,10.);
#1145=VECTOR('',#5956,10.);
#1146=VECTOR('',#5957,10.);
#1147=VECTOR('',#5960,10.);
#1148=VECTOR('',#5961,10.);
#1149=VECTOR('',#5964,10.);
#1150=VECTOR('',#5965,10.);
#1151=VECTOR('',#5968,10.);
#1152=VECTOR('',#5973,10.);
#1153=VECTOR('',#5974,10.);
#1154=VECTOR('',#5977,10.);
#1155=VECTOR('',#5978,10.);
#1156=VECTOR('',#5981,10.);
#1157=VECTOR('',#5986,10.);
#1158=VECTOR('',#5987,10.);
#1159=VECTOR('',#5990,10.);
#1160=VECTOR('',#5991,10.);
#1161=VECTOR('',#5994,10.);
#1162=VECTOR('',#6001,10.);
#1163=VECTOR('',#6002,10.);
#1164=VECTOR('',#6003,10.);
#1165=VECTOR('',#6010,10.);
#1166=VECTOR('',#6011,10.);
#1167=VECTOR('',#6012,10.);
#1168=VECTOR('',#6015,10.);
#1169=VECTOR('',#6016,10.);
#1170=VECTOR('',#6017,10.);
#1171=VECTOR('',#6020,10.);
#1172=VECTOR('',#6021,10.);
#1173=VECTOR('',#6022,10.);
#1174=VECTOR('',#6025,10.);
#1175=VECTOR('',#6026,10.);
#1176=VECTOR('',#6029,10.);
#1177=VECTOR('',#6030,10.);
#1178=VECTOR('',#6037,10.);
#1179=VECTOR('',#6038,10.);
#1180=VECTOR('',#6039,10.);
#1181=VECTOR('',#6046,10.);
#1182=VECTOR('',#6047,10.);
#1183=VECTOR('',#6048,10.);
#1184=VECTOR('',#6051,10.);
#1185=VECTOR('',#6052,10.);
#1186=VECTOR('',#6053,10.);
#1187=VECTOR('',#6056,10.);
#1188=VECTOR('',#6057,10.);
#1189=VECTOR('',#6058,10.);
#1190=VECTOR('',#6061,10.);
#1191=VECTOR('',#6062,10.);
#1192=VECTOR('',#6065,10.);
#1193=VECTOR('',#6066,10.);
#1194=VECTOR('',#6073,10.);
#1195=VECTOR('',#6074,10.);
#1196=VECTOR('',#6075,10.);
#1197=VECTOR('',#6082,10.);
#1198=VECTOR('',#6083,10.);
#1199=VECTOR('',#6084,10.);
#1200=VECTOR('',#6087,10.);
#1201=VECTOR('',#6088,10.);
#1202=VECTOR('',#6089,10.);
#1203=VECTOR('',#6092,10.);
#1204=VECTOR('',#6093,10.);
#1205=VECTOR('',#6094,10.);
#1206=VECTOR('',#6097,10.);
#1207=VECTOR('',#6098,10.);
#1208=VECTOR('',#6101,10.);
#1209=VECTOR('',#6102,10.);
#1210=VECTOR('',#6121,2.15);
#1211=VECTOR('',#6130,2.15);
#1212=VECTOR('',#6139,2.15);
#1213=VECTOR('',#6146,10.);
#1214=VECTOR('',#6147,10.);
#1215=VECTOR('',#6148,10.);
#1216=VECTOR('',#6149,10.);
#1217=VECTOR('',#6152,10.);
#1218=VECTOR('',#6153,10.);
#1219=VECTOR('',#6154,10.);
#1220=VECTOR('',#6157,10.);
#1221=VECTOR('',#6158,10.);
#1222=VECTOR('',#6159,10.);
#1223=VECTOR('',#6162,10.);
#1224=VECTOR('',#6163,10.);
#1225=VECTOR('',#6168,10.);
#1226=VECTOR('',#6169,10.);
#1227=VECTOR('',#6170,10.);
#1228=VECTOR('',#6171,10.);
#1229=VECTOR('',#6174,10.);
#1230=VECTOR('',#6175,10.);
#1231=VECTOR('',#6176,10.);
#1232=VECTOR('',#6179,10.);
#1233=VECTOR('',#6180,10.);
#1234=VECTOR('',#6181,10.);
#1235=VECTOR('',#6184,10.);
#1236=VECTOR('',#6185,10.);
#1237=VECTOR('',#6190,10.);
#1238=VECTOR('',#6191,10.);
#1239=VECTOR('',#6192,10.);
#1240=VECTOR('',#6193,10.);
#1241=VECTOR('',#6196,10.);
#1242=VECTOR('',#6197,10.);
#1243=VECTOR('',#6198,10.);
#1244=VECTOR('',#6201,10.);
#1245=VECTOR('',#6202,10.);
#1246=VECTOR('',#6203,10.);
#1247=VECTOR('',#6206,10.);
#1248=VECTOR('',#6207,10.);
#1249=VECTOR('',#6212,10.);
#1250=VECTOR('',#6213,10.);
#1251=VECTOR('',#6214,10.);
#1252=VECTOR('',#6217,10.);
#1253=VECTOR('',#6218,10.);
#1254=VECTOR('',#6219,10.);
#1255=VECTOR('',#6222,10.);
#1256=VECTOR('',#6223,10.);
#1257=VECTOR('',#6224,10.);
#1258=VECTOR('',#6227,10.);
#1259=VECTOR('',#6228,10.);
#1260=VECTOR('',#6229,10.);
#1261=VECTOR('',#6232,10.);
#1262=VECTOR('',#6233,10.);
#1263=VECTOR('',#6234,10.);
#1264=VECTOR('',#6237,10.);
#1265=VECTOR('',#6238,10.);
#1266=VECTOR('',#6239,10.);
#1267=VECTOR('',#6242,10.);
#1268=VECTOR('',#6243,10.);
#1269=VECTOR('',#6244,10.);
#1270=VECTOR('',#6247,10.);
#1271=VECTOR('',#6248,10.);
#1272=VECTOR('',#6249,10.);
#1273=VECTOR('',#6252,10.);
#1274=VECTOR('',#6253,10.);
#1275=VECTOR('',#6254,10.);
#1276=VECTOR('',#6257,10.);
#1277=VECTOR('',#6258,10.);
#1278=VECTOR('',#6259,10.);
#1279=VECTOR('',#6262,10.);
#1280=VECTOR('',#6263,10.);
#1281=VECTOR('',#6264,10.);
#1282=VECTOR('',#6267,10.);
#1283=VECTOR('',#6268,10.);
#1284=VECTOR('',#6269,10.);
#1285=VECTOR('',#6272,10.);
#1286=VECTOR('',#6275,10.);
#1287=VECTOR('',#6276,10.);
#1288=VECTOR('',#6277,10.);
#1289=VECTOR('',#6278,10.);
#1290=VECTOR('',#6281,10.);
#1291=VECTOR('',#6284,10.);
#1292=VECTOR('',#6287,10.);
#1293=VECTOR('',#6290,10.);
#1294=VECTOR('',#6293,10.);
#1295=VECTOR('',#6298,10.);
#1296=VECTOR('',#6301,10.);
#1297=VECTOR('',#6322,2.5);
#1298=VECTOR('',#6329,3.);
#1299=VECTOR('',#6334,10.);
#1300=VECTOR('',#6335,10.);
#1301=VECTOR('',#6336,10.);
#1302=VECTOR('',#6337,10.);
#1303=VECTOR('',#6340,10.);
#1304=VECTOR('',#6341,10.);
#1305=VECTOR('',#6342,10.);
#1306=VECTOR('',#6345,10.);
#1307=VECTOR('',#6346,10.);
#1308=VECTOR('',#6347,10.);
#1309=VECTOR('',#6350,10.);
#1310=VECTOR('',#6351,10.);
#1311=VECTOR('',#6354,10.);
#1312=VECTOR('',#6357,10.);
#1313=VECTOR('',#6362,1.55);
#1314=VECTOR('',#6367,1.55);
#1315=VECTOR('',#6372,1.55);
#1316=VECTOR('',#6377,1.55);
#1317=VECTOR('',#6382,10.);
#1318=VECTOR('',#6383,10.);
#1319=VECTOR('',#6384,10.);
#1320=VECTOR('',#6389,10.);
#1321=VECTOR('',#6392,10.);
#1322=VECTOR('',#6393,10.);
#1323=VECTOR('',#6398,10.);
#1324=VECTOR('',#6401,10.);
#1325=VECTOR('',#6402,10.);
#1326=VECTOR('',#6407,10.);
#1327=VECTOR('',#6410,10.);
#1328=VECTOR('',#6411,10.);
#1329=CYLINDRICAL_SURFACE('',#4842,1.5);
#1330=CYLINDRICAL_SURFACE('',#4850,1.5);
#1331=CYLINDRICAL_SURFACE('',#4858,1.5);
#1332=CYLINDRICAL_SURFACE('',#4963,1.);
#1333=CYLINDRICAL_SURFACE('',#4966,1.);
#1334=CYLINDRICAL_SURFACE('',#4968,1.);
#1335=CYLINDRICAL_SURFACE('',#4970,1.);
#1336=CYLINDRICAL_SURFACE('',#4973,1.);
#1337=CYLINDRICAL_SURFACE('',#4976,1.);
#1338=CYLINDRICAL_SURFACE('',#4978,1.);
#1339=CYLINDRICAL_SURFACE('',#4980,1.);
#1340=CYLINDRICAL_SURFACE('',#4983,1.);
#1341=CYLINDRICAL_SURFACE('',#4986,1.);
#1342=CYLINDRICAL_SURFACE('',#4988,1.);
#1343=CYLINDRICAL_SURFACE('',#4990,1.);
#1344=CYLINDRICAL_SURFACE('',#5102,2.15);
#1345=CYLINDRICAL_SURFACE('',#5106,2.15);
#1346=CYLINDRICAL_SURFACE('',#5110,2.15);
#1347=CYLINDRICAL_SURFACE('',#5160,2.5);
#1348=CYLINDRICAL_SURFACE('',#5162,3.);
#1349=CYLINDRICAL_SURFACE('',#5172,1.55);
#1350=CYLINDRICAL_SURFACE('',#5174,1.55);
#1351=CYLINDRICAL_SURFACE('',#5176,1.55);
#1352=CYLINDRICAL_SURFACE('',#5178,1.55);
#1353=CYLINDRICAL_SURFACE('',#5181,2.);
#1354=CYLINDRICAL_SURFACE('',#5184,2.);
#1355=CYLINDRICAL_SURFACE('',#5187,2.);
#1356=CYLINDRICAL_SURFACE('',#5190,2.);
#1357=FACE_OUTER_BOUND('',#1610,.T.);
#1358=FACE_OUTER_BOUND('',#1611,.T.);
#1359=FACE_OUTER_BOUND('',#1612,.T.);
#1360=FACE_OUTER_BOUND('',#1613,.T.);
#1361=FACE_OUTER_BOUND('',#1614,.T.);
#1362=FACE_OUTER_BOUND('',#1615,.T.);
#1363=FACE_OUTER_BOUND('',#1616,.T.);
#1364=FACE_OUTER_BOUND('',#1617,.T.);
#1365=FACE_OUTER_BOUND('',#1618,.T.);
#1366=FACE_OUTER_BOUND('',#1619,.T.);
#1367=FACE_OUTER_BOUND('',#1620,.T.);
#1368=FACE_OUTER_BOUND('',#1621,.T.);
#1369=FACE_OUTER_BOUND('',#1622,.T.);
#1370=FACE_OUTER_BOUND('',#1623,.T.);
#1371=FACE_OUTER_BOUND('',#1624,.T.);
#1372=FACE_OUTER_BOUND('',#1625,.T.);
#1373=FACE_OUTER_BOUND('',#1626,.T.);
#1374=FACE_OUTER_BOUND('',#1627,.T.);
#1375=FACE_OUTER_BOUND('',#1628,.T.);
#1376=FACE_OUTER_BOUND('',#1629,.T.);
#1377=FACE_OUTER_BOUND('',#1630,.T.);
#1378=FACE_OUTER_BOUND('',#1631,.T.);
#1379=FACE_OUTER_BOUND('',#1632,.T.);
#1380=FACE_OUTER_BOUND('',#1633,.T.);
#1381=FACE_OUTER_BOUND('',#1634,.T.);
#1382=FACE_OUTER_BOUND('',#1635,.T.);
#1383=FACE_OUTER_BOUND('',#1636,.T.);
#1384=FACE_OUTER_BOUND('',#1637,.T.);
#1385=FACE_OUTER_BOUND('',#1638,.T.);
#1386=FACE_OUTER_BOUND('',#1639,.T.);
#1387=FACE_OUTER_BOUND('',#1640,.T.);
#1388=FACE_OUTER_BOUND('',#1641,.T.);
#1389=FACE_OUTER_BOUND('',#1642,.T.);
#1390=FACE_OUTER_BOUND('',#1643,.T.);
#1391=FACE_OUTER_BOUND('',#1644,.T.);
#1392=FACE_OUTER_BOUND('',#1645,.T.);
#1393=FACE_OUTER_BOUND('',#1646,.T.);
#1394=FACE_OUTER_BOUND('',#1647,.T.);
#1395=FACE_OUTER_BOUND('',#1648,.T.);
#1396=FACE_OUTER_BOUND('',#1649,.T.);
#1397=FACE_OUTER_BOUND('',#1650,.T.);
#1398=FACE_OUTER_BOUND('',#1651,.T.);
#1399=FACE_OUTER_BOUND('',#1652,.T.);
#1400=FACE_OUTER_BOUND('',#1653,.T.);
#1401=FACE_OUTER_BOUND('',#1654,.T.);
#1402=FACE_OUTER_BOUND('',#1655,.T.);
#1403=FACE_OUTER_BOUND('',#1656,.T.);
#1404=FACE_OUTER_BOUND('',#1657,.T.);
#1405=FACE_OUTER_BOUND('',#1658,.T.);
#1406=FACE_OUTER_BOUND('',#1659,.T.);
#1407=FACE_OUTER_BOUND('',#1660,.T.);
#1408=FACE_OUTER_BOUND('',#1661,.T.);
#1409=FACE_OUTER_BOUND('',#1662,.T.);
#1410=FACE_OUTER_BOUND('',#1663,.T.);
#1411=FACE_OUTER_BOUND('',#1664,.T.);
#1412=FACE_OUTER_BOUND('',#1665,.T.);
#1413=FACE_OUTER_BOUND('',#1666,.T.);
#1414=FACE_OUTER_BOUND('',#1667,.T.);
#1415=FACE_OUTER_BOUND('',#1668,.T.);
#1416=FACE_OUTER_BOUND('',#1669,.T.);
#1417=FACE_OUTER_BOUND('',#1670,.T.);
#1418=FACE_OUTER_BOUND('',#1671,.T.);
#1419=FACE_OUTER_BOUND('',#1672,.T.);
#1420=FACE_OUTER_BOUND('',#1673,.T.);
#1421=FACE_OUTER_BOUND('',#1674,.T.);
#1422=FACE_OUTER_BOUND('',#1675,.T.);
#1423=FACE_OUTER_BOUND('',#1677,.T.);
#1424=FACE_OUTER_BOUND('',#1678,.T.);
#1425=FACE_OUTER_BOUND('',#1679,.T.);
#1426=FACE_OUTER_BOUND('',#1680,.T.);
#1427=FACE_OUTER_BOUND('',#1682,.T.);
#1428=FACE_OUTER_BOUND('',#1683,.T.);
#1429=FACE_OUTER_BOUND('',#1684,.T.);
#1430=FACE_OUTER_BOUND('',#1685,.T.);
#1431=FACE_OUTER_BOUND('',#1687,.T.);
#1432=FACE_OUTER_BOUND('',#1688,.T.);
#1433=FACE_OUTER_BOUND('',#1689,.T.);
#1434=FACE_OUTER_BOUND('',#1690,.T.);
#1435=FACE_OUTER_BOUND('',#1691,.T.);
#1436=FACE_OUTER_BOUND('',#1692,.T.);
#1437=FACE_OUTER_BOUND('',#1693,.T.);
#1438=FACE_OUTER_BOUND('',#1694,.T.);
#1439=FACE_OUTER_BOUND('',#1695,.T.);
#1440=FACE_OUTER_BOUND('',#1696,.T.);
#1441=FACE_OUTER_BOUND('',#1697,.T.);
#1442=FACE_OUTER_BOUND('',#1698,.T.);
#1443=FACE_OUTER_BOUND('',#1699,.T.);
#1444=FACE_OUTER_BOUND('',#1700,.T.);
#1445=FACE_OUTER_BOUND('',#1701,.T.);
#1446=FACE_OUTER_BOUND('',#1702,.T.);
#1447=FACE_OUTER_BOUND('',#1703,.T.);
#1448=FACE_OUTER_BOUND('',#1704,.T.);
#1449=FACE_OUTER_BOUND('',#1705,.T.);
#1450=FACE_OUTER_BOUND('',#1706,.T.);
#1451=FACE_OUTER_BOUND('',#1707,.T.);
#1452=FACE_OUTER_BOUND('',#1708,.T.);
#1453=FACE_OUTER_BOUND('',#1709,.T.);
#1454=FACE_OUTER_BOUND('',#1710,.T.);
#1455=FACE_OUTER_BOUND('',#1711,.T.);
#1456=FACE_OUTER_BOUND('',#1712,.T.);
#1457=FACE_OUTER_BOUND('',#1714,.T.);
#1458=FACE_OUTER_BOUND('',#1716,.T.);
#1459=FACE_OUTER_BOUND('',#1718,.T.);
#1460=FACE_OUTER_BOUND('',#1719,.T.);
#1461=FACE_OUTER_BOUND('',#1720,.T.);
#1462=FACE_OUTER_BOUND('',#1721,.T.);
#1463=FACE_OUTER_BOUND('',#1722,.T.);
#1464=FACE_OUTER_BOUND('',#1723,.T.);
#1465=FACE_OUTER_BOUND('',#1724,.T.);
#1466=FACE_OUTER_BOUND('',#1725,.T.);
#1467=FACE_OUTER_BOUND('',#1737,.T.);
#1468=FACE_OUTER_BOUND('',#1738,.T.);
#1469=FACE_OUTER_BOUND('',#1739,.T.);
#1470=FACE_OUTER_BOUND('',#1740,.T.);
#1471=FACE_OUTER_BOUND('',#1741,.T.);
#1472=FACE_OUTER_BOUND('',#1742,.T.);
#1473=FACE_OUTER_BOUND('',#1743,.T.);
#1474=FACE_OUTER_BOUND('',#1744,.T.);
#1475=FACE_OUTER_BOUND('',#1745,.T.);
#1476=FACE_OUTER_BOUND('',#1746,.T.);
#1477=FACE_OUTER_BOUND('',#1747,.T.);
#1478=FACE_OUTER_BOUND('',#1748,.T.);
#1479=FACE_OUTER_BOUND('',#1749,.T.);
#1480=FACE_OUTER_BOUND('',#1750,.T.);
#1481=FACE_OUTER_BOUND('',#1751,.T.);
#1482=FACE_OUTER_BOUND('',#1752,.T.);
#1483=FACE_OUTER_BOUND('',#1754,.T.);
#1484=FACE_OUTER_BOUND('',#1755,.T.);
#1485=FACE_OUTER_BOUND('',#1756,.T.);
#1486=FACE_OUTER_BOUND('',#1757,.T.);
#1487=FACE_OUTER_BOUND('',#1758,.T.);
#1488=FACE_OUTER_BOUND('',#1759,.T.);
#1489=FACE_OUTER_BOUND('',#1760,.T.);
#1490=FACE_OUTER_BOUND('',#1761,.T.);
#1491=FACE_OUTER_BOUND('',#1762,.T.);
#1492=FACE_OUTER_BOUND('',#1763,.T.);
#1493=FACE_OUTER_BOUND('',#1764,.T.);
#1494=FACE_OUTER_BOUND('',#1765,.T.);
#1495=FACE_OUTER_BOUND('',#1766,.T.);
#1496=FACE_OUTER_BOUND('',#1767,.T.);
#1497=FACE_OUTER_BOUND('',#1768,.T.);
#1498=FACE_OUTER_BOUND('',#1769,.T.);
#1499=FACE_OUTER_BOUND('',#1770,.T.);
#1500=FACE_OUTER_BOUND('',#1771,.T.);
#1501=FACE_OUTER_BOUND('',#1772,.T.);
#1502=FACE_OUTER_BOUND('',#1776,.T.);
#1503=FACE_OUTER_BOUND('',#1777,.T.);
#1504=FACE_OUTER_BOUND('',#1778,.T.);
#1505=FACE_OUTER_BOUND('',#1779,.T.);
#1506=FACE_OUTER_BOUND('',#1780,.T.);
#1507=FACE_OUTER_BOUND('',#1781,.T.);
#1508=FACE_OUTER_BOUND('',#1782,.T.);
#1509=FACE_OUTER_BOUND('',#1783,.T.);
#1510=FACE_OUTER_BOUND('',#1784,.T.);
#1511=FACE_OUTER_BOUND('',#1785,.T.);
#1512=FACE_OUTER_BOUND('',#1786,.T.);
#1513=FACE_OUTER_BOUND('',#1787,.T.);
#1514=FACE_OUTER_BOUND('',#1788,.T.);
#1515=FACE_OUTER_BOUND('',#1789,.T.);
#1516=FACE_OUTER_BOUND('',#1790,.T.);
#1517=FACE_OUTER_BOUND('',#1791,.T.);
#1518=FACE_OUTER_BOUND('',#1792,.T.);
#1519=FACE_OUTER_BOUND('',#1793,.T.);
#1520=FACE_OUTER_BOUND('',#1794,.T.);
#1521=FACE_OUTER_BOUND('',#1795,.T.);
#1522=FACE_OUTER_BOUND('',#1796,.T.);
#1523=FACE_OUTER_BOUND('',#1797,.T.);
#1524=FACE_OUTER_BOUND('',#1798,.T.);
#1525=FACE_OUTER_BOUND('',#1799,.T.);
#1526=FACE_OUTER_BOUND('',#1800,.T.);
#1527=FACE_OUTER_BOUND('',#1801,.T.);
#1528=FACE_OUTER_BOUND('',#1802,.T.);
#1529=FACE_OUTER_BOUND('',#1803,.T.);
#1530=FACE_OUTER_BOUND('',#1804,.T.);
#1531=FACE_OUTER_BOUND('',#1805,.T.);
#1532=FACE_OUTER_BOUND('',#1806,.T.);
#1533=FACE_OUTER_BOUND('',#1807,.T.);
#1534=FACE_OUTER_BOUND('',#1808,.T.);
#1535=FACE_OUTER_BOUND('',#1809,.T.);
#1536=FACE_OUTER_BOUND('',#1810,.T.);
#1537=FACE_OUTER_BOUND('',#1811,.T.);
#1538=FACE_OUTER_BOUND('',#1812,.T.);
#1539=FACE_OUTER_BOUND('',#1813,.T.);
#1540=FACE_OUTER_BOUND('',#1814,.T.);
#1541=FACE_OUTER_BOUND('',#1815,.T.);
#1542=FACE_OUTER_BOUND('',#1816,.T.);
#1543=FACE_OUTER_BOUND('',#1817,.T.);
#1544=FACE_OUTER_BOUND('',#1818,.T.);
#1545=FACE_OUTER_BOUND('',#1819,.T.);
#1546=FACE_OUTER_BOUND('',#1820,.T.);
#1547=FACE_OUTER_BOUND('',#1821,.T.);
#1548=FACE_OUTER_BOUND('',#1822,.T.);
#1549=FACE_OUTER_BOUND('',#1823,.T.);
#1550=FACE_OUTER_BOUND('',#1824,.T.);
#1551=FACE_OUTER_BOUND('',#1825,.T.);
#1552=FACE_OUTER_BOUND('',#1826,.T.);
#1553=FACE_OUTER_BOUND('',#1827,.T.);
#1554=FACE_OUTER_BOUND('',#1828,.T.);
#1555=FACE_OUTER_BOUND('',#1829,.T.);
#1556=FACE_OUTER_BOUND('',#1830,.T.);
#1557=FACE_OUTER_BOUND('',#1831,.T.);
#1558=FACE_OUTER_BOUND('',#1832,.T.);
#1559=FACE_OUTER_BOUND('',#1833,.T.);
#1560=FACE_OUTER_BOUND('',#1834,.T.);
#1561=FACE_OUTER_BOUND('',#1835,.T.);
#1562=FACE_OUTER_BOUND('',#1836,.T.);
#1563=FACE_OUTER_BOUND('',#1837,.T.);
#1564=FACE_OUTER_BOUND('',#1838,.T.);
#1565=FACE_OUTER_BOUND('',#1839,.T.);
#1566=FACE_OUTER_BOUND('',#1840,.T.);
#1567=FACE_OUTER_BOUND('',#1841,.T.);
#1568=FACE_OUTER_BOUND('',#1842,.T.);
#1569=FACE_OUTER_BOUND('',#1843,.T.);
#1570=FACE_OUTER_BOUND('',#1844,.T.);
#1571=FACE_OUTER_BOUND('',#1845,.T.);
#1572=FACE_OUTER_BOUND('',#1846,.T.);
#1573=FACE_OUTER_BOUND('',#1848,.T.);
#1574=FACE_OUTER_BOUND('',#1849,.T.);
#1575=FACE_OUTER_BOUND('',#1850,.T.);
#1576=FACE_OUTER_BOUND('',#1851,.T.);
#1577=FACE_OUTER_BOUND('',#1852,.T.);
#1578=FACE_OUTER_BOUND('',#1853,.T.);
#1579=FACE_OUTER_BOUND('',#1855,.T.);
#1580=FACE_OUTER_BOUND('',#1856,.T.);
#1581=FACE_OUTER_BOUND('',#1857,.T.);
#1582=FACE_OUTER_BOUND('',#1859,.T.);
#1583=FACE_OUTER_BOUND('',#1860,.T.);
#1584=FACE_OUTER_BOUND('',#1861,.T.);
#1585=FACE_OUTER_BOUND('',#1862,.T.);
#1586=FACE_OUTER_BOUND('',#1863,.T.);
#1587=FACE_OUTER_BOUND('',#1864,.T.);
#1588=FACE_OUTER_BOUND('',#1865,.T.);
#1589=FACE_OUTER_BOUND('',#1866,.T.);
#1590=FACE_OUTER_BOUND('',#1868,.T.);
#1591=FACE_OUTER_BOUND('',#1872,.T.);
#1592=FACE_OUTER_BOUND('',#1873,.T.);
#1593=FACE_OUTER_BOUND('',#1874,.T.);
#1594=FACE_OUTER_BOUND('',#1875,.T.);
#1595=FACE_OUTER_BOUND('',#1876,.T.);
#1596=FACE_OUTER_BOUND('',#1877,.T.);
#1597=FACE_OUTER_BOUND('',#1878,.T.);
#1598=FACE_OUTER_BOUND('',#1879,.T.);
#1599=FACE_OUTER_BOUND('',#1880,.T.);
#1600=FACE_OUTER_BOUND('',#1881,.T.);
#1601=FACE_OUTER_BOUND('',#1882,.T.);
#1602=FACE_OUTER_BOUND('',#1883,.T.);
#1603=FACE_OUTER_BOUND('',#1884,.T.);
#1604=FACE_OUTER_BOUND('',#1885,.T.);
#1605=FACE_OUTER_BOUND('',#1886,.T.);
#1606=FACE_OUTER_BOUND('',#1887,.T.);
#1607=FACE_OUTER_BOUND('',#1888,.T.);
#1608=FACE_OUTER_BOUND('',#1889,.T.);
#1609=FACE_OUTER_BOUND('',#1890,.T.);
#1610=EDGE_LOOP('',(#3050,#3051,#3052,#3053,#3054));
#1611=EDGE_LOOP('',(#3055,#3056,#3057,#3058,#3059));
#1612=EDGE_LOOP('',(#3060));
#1613=EDGE_LOOP('',(#3061,#3062,#3063,#3064,#3065));
#1614=EDGE_LOOP('',(#3066,#3067,#3068,#3069,#3070));
#1615=EDGE_LOOP('',(#3071));
#1616=EDGE_LOOP('',(#3072,#3073,#3074,#3075,#3076));
#1617=EDGE_LOOP('',(#3077,#3078,#3079,#3080,#3081));
#1618=EDGE_LOOP('',(#3082));
#1619=EDGE_LOOP('',(#3083,#3084,#3085,#3086));
#1620=EDGE_LOOP('',(#3087,#3088,#3089,#3090));
#1621=EDGE_LOOP('',(#3091,#3092,#3093,#3094));
#1622=EDGE_LOOP('',(#3095,#3096,#3097,#3098,#3099,#3100,#3101,#3102,#3103,
#3104,#3105,#3106,#3107));
#1623=EDGE_LOOP('',(#3108,#3109,#3110,#3111));
#1624=EDGE_LOOP('',(#3112,#3113,#3114,#3115));
#1625=EDGE_LOOP('',(#3116,#3117,#3118,#3119));
#1626=EDGE_LOOP('',(#3120,#3121,#3122,#3123));
#1627=EDGE_LOOP('',(#3124,#3125,#3126,#3127));
#1628=EDGE_LOOP('',(#3128,#3129,#3130,#3131));
#1629=EDGE_LOOP('',(#3132,#3133,#3134,#3135));
#1630=EDGE_LOOP('',(#3136,#3137,#3138,#3139));
#1631=EDGE_LOOP('',(#3140,#3141,#3142,#3143));
#1632=EDGE_LOOP('',(#3144,#3145,#3146,#3147));
#1633=EDGE_LOOP('',(#3148,#3149,#3150,#3151));
#1634=EDGE_LOOP('',(#3152,#3153,#3154,#3155));
#1635=EDGE_LOOP('',(#3156,#3157,#3158,#3159));
#1636=EDGE_LOOP('',(#3160,#3161,#3162,#3163,#3164,#3165,#3166,#3167,#3168,
#3169,#3170,#3171,#3172));
#1637=EDGE_LOOP('',(#3173,#3174,#3175,#3176));
#1638=EDGE_LOOP('',(#3177,#3178,#3179,#3180));
#1639=EDGE_LOOP('',(#3181,#3182,#3183,#3184));
#1640=EDGE_LOOP('',(#3185,#3186,#3187,#3188,#3189,#3190,#3191,#3192,#3193,
#3194,#3195,#3196,#3197));
#1641=EDGE_LOOP('',(#3198,#3199,#3200,#3201));
#1642=EDGE_LOOP('',(#3202,#3203,#3204,#3205));
#1643=EDGE_LOOP('',(#3206,#3207,#3208,#3209));
#1644=EDGE_LOOP('',(#3210,#3211,#3212,#3213));
#1645=EDGE_LOOP('',(#3214,#3215,#3216,#3217));
#1646=EDGE_LOOP('',(#3218,#3219,#3220,#3221,#3222,#3223,#3224,#3225,#3226,
#3227,#3228,#3229,#3230,#3231,#3232,#3233,#3234,#3235,#3236,#3237,#3238,
#3239,#3240));
#1647=EDGE_LOOP('',(#3241,#3242,#3243));
#1648=EDGE_LOOP('',(#3244,#3245,#3246));
#1649=EDGE_LOOP('',(#3247,#3248,#3249));
#1650=EDGE_LOOP('',(#3250,#3251,#3252));
#1651=EDGE_LOOP('',(#3253,#3254,#3255));
#1652=EDGE_LOOP('',(#3256,#3257,#3258));
#1653=EDGE_LOOP('',(#3259,#3260,#3261));
#1654=EDGE_LOOP('',(#3262,#3263,#3264));
#1655=EDGE_LOOP('',(#3265,#3266,#3267));
#1656=EDGE_LOOP('',(#3268,#3269,#3270));
#1657=EDGE_LOOP('',(#3271,#3272,#3273,#3274,#3275,#3276,#3277,#3278,#3279,
#3280,#3281,#3282,#3283,#3284,#3285,#3286,#3287,#3288,#3289,#3290,#3291,
#3292,#3293));
#1658=EDGE_LOOP('',(#3294,#3295,#3296));
#1659=EDGE_LOOP('',(#3297,#3298,#3299,#3300,#3301,#3302,#3303,#3304,#3305,
#3306,#3307,#3308,#3309,#3310,#3311,#3312,#3313,#3314,#3315,#3316,#3317,
#3318,#3319));
#1660=EDGE_LOOP('',(#3320,#3321,#3322));
#1661=EDGE_LOOP('',(#3323,#3324,#3325));
#1662=EDGE_LOOP('',(#3326,#3327,#3328));
#1663=EDGE_LOOP('',(#3329,#3330,#3331));
#1664=EDGE_LOOP('',(#3332,#3333,#3334));
#1665=EDGE_LOOP('',(#3335,#3336,#3337));
#1666=EDGE_LOOP('',(#3338,#3339,#3340));
#1667=EDGE_LOOP('',(#3341,#3342,#3343));
#1668=EDGE_LOOP('',(#3344,#3345,#3346));
#1669=EDGE_LOOP('',(#3347,#3348,#3349));
#1670=EDGE_LOOP('',(#3350,#3351,#3352));
#1671=EDGE_LOOP('',(#3353,#3354,#3355));
#1672=EDGE_LOOP('',(#3356,#3357,#3358));
#1673=EDGE_LOOP('',(#3359,#3360,#3361,#3362));
#1674=EDGE_LOOP('',(#3363,#3364,#3365,#3366));
#1675=EDGE_LOOP('',(#3367,#3368,#3369,#3370));
#1676=EDGE_LOOP('',(#3371));
#1677=EDGE_LOOP('',(#3372,#3373,#3374,#3375));
#1678=EDGE_LOOP('',(#3376,#3377,#3378,#3379));
#1679=EDGE_LOOP('',(#3380,#3381,#3382,#3383));
#1680=EDGE_LOOP('',(#3384,#3385,#3386,#3387));
#1681=EDGE_LOOP('',(#3388));
#1682=EDGE_LOOP('',(#3389,#3390,#3391,#3392));
#1683=EDGE_LOOP('',(#3393,#3394,#3395,#3396));
#1684=EDGE_LOOP('',(#3397,#3398,#3399,#3400));
#1685=EDGE_LOOP('',(#3401,#3402,#3403,#3404));
#1686=EDGE_LOOP('',(#3405));
#1687=EDGE_LOOP('',(#3406,#3407,#3408,#3409));
#1688=EDGE_LOOP('',(#3410,#3411,#3412,#3413,#3414));
#1689=EDGE_LOOP('',(#3415,#3416,#3417,#3418,#3419));
#1690=EDGE_LOOP('',(#3420,#3421,#3422,#3423,#3424));
#1691=EDGE_LOOP('',(#3425,#3426,#3427,#3428,#3429));
#1692=EDGE_LOOP('',(#3430,#3431,#3432,#3433));
#1693=EDGE_LOOP('',(#3434,#3435,#3436,#3437));
#1694=EDGE_LOOP('',(#3438,#3439,#3440,#3441,#3442));
#1695=EDGE_LOOP('',(#3443,#3444,#3445,#3446,#3447));
#1696=EDGE_LOOP('',(#3448,#3449,#3450,#3451,#3452));
#1697=EDGE_LOOP('',(#3453,#3454,#3455,#3456,#3457));
#1698=EDGE_LOOP('',(#3458,#3459,#3460,#3461));
#1699=EDGE_LOOP('',(#3462,#3463,#3464,#3465,#3466,#3467,#3468,#3469));
#1700=EDGE_LOOP('',(#3470,#3471,#3472,#3473,#3474));
#1701=EDGE_LOOP('',(#3475,#3476,#3477,#3478,#3479));
#1702=EDGE_LOOP('',(#3480,#3481,#3482,#3483,#3484));
#1703=EDGE_LOOP('',(#3485,#3486,#3487,#3488,#3489));
#1704=EDGE_LOOP('',(#3490,#3491,#3492,#3493));
#1705=EDGE_LOOP('',(#3494,#3495,#3496,#3497));
#1706=EDGE_LOOP('',(#3498,#3499,#3500,#3501,#3502,#3503,#3504,#3505));
#1707=EDGE_LOOP('',(#3506,#3507,#3508,#3509));
#1708=EDGE_LOOP('',(#3510,#3511,#3512,#3513));
#1709=EDGE_LOOP('',(#3514,#3515,#3516,#3517));
#1710=EDGE_LOOP('',(#3518,#3519,#3520,#3521));
#1711=EDGE_LOOP('',(#3522,#3523,#3524,#3525,#3526,#3527,#3528,#3529));
#1712=EDGE_LOOP('',(#3530,#3531,#3532,#3533));
#1713=EDGE_LOOP('',(#3534,#3535,#3536,#3537,#3538,#3539,#3540,#3541));
#1714=EDGE_LOOP('',(#3542,#3543,#3544,#3545));
#1715=EDGE_LOOP('',(#3546,#3547,#3548,#3549,#3550,#3551,#3552,#3553));
#1716=EDGE_LOOP('',(#3554,#3555,#3556,#3557));
#1717=EDGE_LOOP('',(#3558,#3559,#3560,#3561,#3562,#3563,#3564,#3565));
#1718=EDGE_LOOP('',(#3566,#3567,#3568,#3569));
#1719=EDGE_LOOP('',(#3570,#3571,#3572,#3573));
#1720=EDGE_LOOP('',(#3574,#3575,#3576,#3577));
#1721=EDGE_LOOP('',(#3578,#3579,#3580,#3581,#3582,#3583,#3584,#3585,#3586,
#3587,#3588,#3589,#3590,#3591,#3592,#3593));
#1722=EDGE_LOOP('',(#3594,#3595,#3596,#3597));
#1723=EDGE_LOOP('',(#3598,#3599,#3600,#3601));
#1724=EDGE_LOOP('',(#3602,#3603,#3604,#3605));
#1725=EDGE_LOOP('',(#3606,#3607,#3608,#3609,#3610,#3611,#3612,#3613));
#1726=EDGE_LOOP('',(#3614));
#1727=EDGE_LOOP('',(#3615));
#1728=EDGE_LOOP('',(#3616));
#1729=EDGE_LOOP('',(#3617));
#1730=EDGE_LOOP('',(#3618,#3619,#3620,#3621));
#1731=EDGE_LOOP('',(#3622));
#1732=EDGE_LOOP('',(#3623,#3624,#3625,#3626,#3627,#3628,#3629,#3630));
#1733=EDGE_LOOP('',(#3631,#3632,#3633,#3634,#3635,#3636,#3637,#3638));
#1734=EDGE_LOOP('',(#3639,#3640,#3641,#3642,#3643,#3644,#3645,#3646));
#1735=EDGE_LOOP('',(#3647,#3648,#3649,#3650,#3651,#3652,#3653,#3654));
#1736=EDGE_LOOP('',(#3655,#3656,#3657,#3658));
#1737=EDGE_LOOP('',(#3659,#3660,#3661,#3662));
#1738=EDGE_LOOP('',(#3663,#3664,#3665,#3666));
#1739=EDGE_LOOP('',(#3667,#3668,#3669,#3670));
#1740=EDGE_LOOP('',(#3671,#3672,#3673,#3674));
#1741=EDGE_LOOP('',(#3675,#3676,#3677,#3678));
#1742=EDGE_LOOP('',(#3679,#3680,#3681,#3682));
#1743=EDGE_LOOP('',(#3683,#3684,#3685,#3686,#3687,#3688,#3689,#3690,#3691,
#3692,#3693,#3694,#3695,#3696,#3697,#3698));
#1744=EDGE_LOOP('',(#3699,#3700,#3701,#3702));
#1745=EDGE_LOOP('',(#3703,#3704,#3705,#3706));
#1746=EDGE_LOOP('',(#3707,#3708,#3709,#3710));
#1747=EDGE_LOOP('',(#3711,#3712,#3713,#3714));
#1748=EDGE_LOOP('',(#3715,#3716,#3717,#3718));
#1749=EDGE_LOOP('',(#3719,#3720,#3721,#3722));
#1750=EDGE_LOOP('',(#3723,#3724,#3725,#3726));
#1751=EDGE_LOOP('',(#3727,#3728,#3729,#3730));
#1752=EDGE_LOOP('',(#3731,#3732,#3733,#3734,#3735,#3736,#3737,#3738));
#1753=EDGE_LOOP('',(#3739,#3740,#3741,#3742,#3743,#3744,#3745,#3746));
#1754=EDGE_LOOP('',(#3747,#3748,#3749,#3750));
#1755=EDGE_LOOP('',(#3751,#3752,#3753,#3754));
#1756=EDGE_LOOP('',(#3755,#3756,#3757,#3758));
#1757=EDGE_LOOP('',(#3759,#3760,#3761,#3762));
#1758=EDGE_LOOP('',(#3763,#3764,#3765,#3766));
#1759=EDGE_LOOP('',(#3767,#3768,#3769,#3770));
#1760=EDGE_LOOP('',(#3771,#3772,#3773,#3774));
#1761=EDGE_LOOP('',(#3775,#3776,#3777,#3778));
#1762=EDGE_LOOP('',(#3779,#3780,#3781,#3782,#3783,#3784,#3785,#3786));
#1763=EDGE_LOOP('',(#3787,#3788,#3789,#3790));
#1764=EDGE_LOOP('',(#3791,#3792,#3793,#3794));
#1765=EDGE_LOOP('',(#3795,#3796,#3797,#3798));
#1766=EDGE_LOOP('',(#3799,#3800,#3801,#3802));
#1767=EDGE_LOOP('',(#3803,#3804,#3805,#3806));
#1768=EDGE_LOOP('',(#3807,#3808,#3809,#3810));
#1769=EDGE_LOOP('',(#3811,#3812,#3813,#3814));
#1770=EDGE_LOOP('',(#3815,#3816,#3817,#3818));
#1771=EDGE_LOOP('',(#3819,#3820,#3821,#3822));
#1772=EDGE_LOOP('',(#3823,#3824,#3825,#3826));
#1773=EDGE_LOOP('',(#3827,#3828,#3829,#3830));
#1774=EDGE_LOOP('',(#3831,#3832,#3833,#3834));
#1775=EDGE_LOOP('',(#3835,#3836,#3837,#3838));
#1776=EDGE_LOOP('',(#3839,#3840,#3841,#3842,#3843,#3844));
#1777=EDGE_LOOP('',(#3845,#3846,#3847,#3848));
#1778=EDGE_LOOP('',(#3849,#3850,#3851,#3852,#3853,#3854));
#1779=EDGE_LOOP('',(#3855,#3856,#3857,#3858));
#1780=EDGE_LOOP('',(#3859,#3860,#3861,#3862,#3863,#3864));
#1781=EDGE_LOOP('',(#3865,#3866,#3867,#3868));
#1782=EDGE_LOOP('',(#3869,#3870,#3871,#3872,#3873,#3874));
#1783=EDGE_LOOP('',(#3875,#3876,#3877,#3878));
#1784=EDGE_LOOP('',(#3879,#3880,#3881,#3882,#3883,#3884));
#1785=EDGE_LOOP('',(#3885,#3886,#3887,#3888));
#1786=EDGE_LOOP('',(#3889,#3890,#3891,#3892,#3893,#3894));
#1787=EDGE_LOOP('',(#3895,#3896,#3897,#3898));
#1788=EDGE_LOOP('',(#3899,#3900,#3901,#3902,#3903));
#1789=EDGE_LOOP('',(#3904,#3905,#3906,#3907));
#1790=EDGE_LOOP('',(#3908,#3909,#3910,#3911));
#1791=EDGE_LOOP('',(#3912,#3913,#3914,#3915,#3916,#3917));
#1792=EDGE_LOOP('',(#3918,#3919,#3920,#3921));
#1793=EDGE_LOOP('',(#3922,#3923,#3924,#3925,#3926,#3927));
#1794=EDGE_LOOP('',(#3928,#3929,#3930,#3931));
#1795=EDGE_LOOP('',(#3932,#3933,#3934,#3935,#3936));
#1796=EDGE_LOOP('',(#3937,#3938,#3939,#3940));
#1797=EDGE_LOOP('',(#3941,#3942,#3943,#3944));
#1798=EDGE_LOOP('',(#3945,#3946,#3947,#3948,#3949,#3950));
#1799=EDGE_LOOP('',(#3951,#3952,#3953,#3954));
#1800=EDGE_LOOP('',(#3955,#3956,#3957,#3958,#3959,#3960));
#1801=EDGE_LOOP('',(#3961,#3962,#3963,#3964));
#1802=EDGE_LOOP('',(#3965,#3966,#3967,#3968,#3969));
#1803=EDGE_LOOP('',(#3970,#3971,#3972,#3973));
#1804=EDGE_LOOP('',(#3974,#3975,#3976,#3977));
#1805=EDGE_LOOP('',(#3978,#3979,#3980,#3981,#3982,#3983));
#1806=EDGE_LOOP('',(#3984,#3985,#3986,#3987));
#1807=EDGE_LOOP('',(#3988,#3989,#3990,#3991,#3992,#3993));
#1808=EDGE_LOOP('',(#3994,#3995,#3996,#3997));
#1809=EDGE_LOOP('',(#3998,#3999));
#1810=EDGE_LOOP('',(#4000,#4001));
#1811=EDGE_LOOP('',(#4002,#4003));
#1812=EDGE_LOOP('',(#4004,#4005,#4006,#4007,#4008,#4009,#4010,#4011));
#1813=EDGE_LOOP('',(#4012,#4013));
#1814=EDGE_LOOP('',(#4014,#4015,#4016,#4017,#4018,#4019,#4020,#4021));
#1815=EDGE_LOOP('',(#4022,#4023));
#1816=EDGE_LOOP('',(#4024,#4025,#4026,#4027,#4028,#4029,#4030,#4031));
#1817=EDGE_LOOP('',(#4032,#4033));
#1818=EDGE_LOOP('',(#4034,#4035,#4036,#4037));
#1819=EDGE_LOOP('',(#4038,#4039,#4040,#4041));
#1820=EDGE_LOOP('',(#4042,#4043,#4044,#4045));
#1821=EDGE_LOOP('',(#4046,#4047,#4048,#4049));
#1822=EDGE_LOOP('',(#4050,#4051,#4052,#4053));
#1823=EDGE_LOOP('',(#4054,#4055,#4056,#4057));
#1824=EDGE_LOOP('',(#4058,#4059,#4060,#4061));
#1825=EDGE_LOOP('',(#4062,#4063,#4064,#4065));
#1826=EDGE_LOOP('',(#4066,#4067,#4068,#4069));
#1827=EDGE_LOOP('',(#4070,#4071,#4072,#4073));
#1828=EDGE_LOOP('',(#4074,#4075,#4076,#4077));
#1829=EDGE_LOOP('',(#4078,#4079,#4080,#4081));
#1830=EDGE_LOOP('',(#4082,#4083,#4084,#4085));
#1831=EDGE_LOOP('',(#4086,#4087,#4088,#4089));
#1832=EDGE_LOOP('',(#4090,#4091,#4092,#4093));
#1833=EDGE_LOOP('',(#4094,#4095,#4096,#4097));
#1834=EDGE_LOOP('',(#4098,#4099,#4100,#4101));
#1835=EDGE_LOOP('',(#4102,#4103,#4104,#4105));
#1836=EDGE_LOOP('',(#4106,#4107,#4108,#4109));
#1837=EDGE_LOOP('',(#4110,#4111,#4112,#4113));
#1838=EDGE_LOOP('',(#4114,#4115,#4116,#4117));
#1839=EDGE_LOOP('',(#4118,#4119,#4120,#4121));
#1840=EDGE_LOOP('',(#4122,#4123,#4124,#4125));
#1841=EDGE_LOOP('',(#4126,#4127,#4128,#4129));
#1842=EDGE_LOOP('',(#4130,#4131,#4132,#4133));
#1843=EDGE_LOOP('',(#4134,#4135,#4136,#4137));
#1844=EDGE_LOOP('',(#4138,#4139,#4140,#4141));
#1845=EDGE_LOOP('',(#4142,#4143,#4144,#4145));
#1846=EDGE_LOOP('',(#4146,#4147,#4148,#4149,#4150,#4151,#4152,#4153));
#1847=EDGE_LOOP('',(#4154,#4155,#4156,#4157));
#1848=EDGE_LOOP('',(#4158,#4159,#4160,#4161));
#1849=EDGE_LOOP('',(#4162,#4163,#4164,#4165));
#1850=EDGE_LOOP('',(#4166,#4167,#4168,#4169));
#1851=EDGE_LOOP('',(#4170,#4171,#4172,#4173));
#1852=EDGE_LOOP('',(#4174,#4175,#4176,#4177));
#1853=EDGE_LOOP('',(#4178,#4179,#4180,#4181,#4182,#4183,#4184,#4185));
#1854=EDGE_LOOP('',(#4186,#4187,#4188,#4189));
#1855=EDGE_LOOP('',(#4190,#4191,#4192,#4193));
#1856=EDGE_LOOP('',(#4194,#4195,#4196,#4197));
#1857=EDGE_LOOP('',(#4198,#4199,#4200,#4201,#4202,#4203,#4204,#4205));
#1858=EDGE_LOOP('',(#4206,#4207,#4208,#4209));
#1859=EDGE_LOOP('',(#4210,#4211,#4212,#4213));
#1860=EDGE_LOOP('',(#4214,#4215,#4216,#4217));
#1861=EDGE_LOOP('',(#4218,#4219,#4220,#4221));
#1862=EDGE_LOOP('',(#4222,#4223,#4224,#4225));
#1863=EDGE_LOOP('',(#4226,#4227,#4228,#4229));
#1864=EDGE_LOOP('',(#4230,#4231,#4232,#4233,#4234));
#1865=EDGE_LOOP('',(#4235,#4236,#4237,#4238));
#1866=EDGE_LOOP('',(#4239));
#1867=EDGE_LOOP('',(#4240));
#1868=EDGE_LOOP('',(#4241,#4242,#4243,#4244));
#1869=EDGE_LOOP('',(#4245));
#1870=EDGE_LOOP('',(#4246));
#1871=EDGE_LOOP('',(#4247));
#1872=EDGE_LOOP('',(#4248,#4249,#4250,#4251));
#1873=EDGE_LOOP('',(#4252,#4253,#4254,#4255));
#1874=EDGE_LOOP('',(#4256,#4257,#4258,#4259));
#1875=EDGE_LOOP('',(#4260,#4261,#4262,#4263,#4264,#4265,#4266));
#1876=EDGE_LOOP('',(#4267,#4268,#4269,#4270));
#1877=EDGE_LOOP('',(#4271,#4272,#4273,#4274,#4275,#4276,#4277));
#1878=EDGE_LOOP('',(#4278,#4279,#4280,#4281));
#1879=EDGE_LOOP('',(#4282,#4283,#4284,#4285));
#1880=EDGE_LOOP('',(#4286,#4287,#4288,#4289));
#1881=EDGE_LOOP('',(#4290,#4291,#4292,#4293));
#1882=EDGE_LOOP('',(#4294,#4295,#4296,#4297));
#1883=EDGE_LOOP('',(#4298,#4299,#4300,#4301));
#1884=EDGE_LOOP('',(#4302,#4303,#4304,#4305));
#1885=EDGE_LOOP('',(#4306,#4307,#4308,#4309));
#1886=EDGE_LOOP('',(#4310,#4311,#4312,#4313));
#1887=EDGE_LOOP('',(#4314,#4315,#4316,#4317));
#1888=EDGE_LOOP('',(#4318,#4319,#4320,#4321));
#1889=EDGE_LOOP('',(#4322,#4323,#4324,#4325));
#1890=EDGE_LOOP('',(#4326,#4327,#4328,#4329,#4330,#4331,#4332,#4333));
#1891=EDGE_LOOP('',(#4334));
#1892=EDGE_LOOP('',(#4335));
#1893=EDGE_LOOP('',(#4336));
#1894=EDGE_LOOP('',(#4337));
#1895=CIRCLE('',#4838,1.3);
#1896=CIRCLE('',#4839,0.2);
#1897=CIRCLE('',#4840,1.5);
#1898=CIRCLE('',#4841,1.5);
#1899=CIRCLE('',#4843,1.5);
#1900=CIRCLE('',#4846,1.3);
#1901=CIRCLE('',#4847,0.2);
#1902=CIRCLE('',#4848,1.5);
#1903=CIRCLE('',#4849,1.5);
#1904=CIRCLE('',#4851,1.5);
#1905=CIRCLE('',#4854,1.3);
#1906=CIRCLE('',#4855,0.2);
#1907=CIRCLE('',#4856,1.5);
#1908=CIRCLE('',#4857,1.5);
#1909=CIRCLE('',#4859,1.5);
#1910=CIRCLE('',#4865,1.03851648071345);
#1911=CIRCLE('',#4866,1.03851648071345);
#1912=CIRCLE('',#4867,1.03851648071345);
#1913=CIRCLE('',#4868,1.03851648071345);
#1914=CIRCLE('',#4869,1.03851648071345);
#1915=CIRCLE('',#4884,1.03851648071345);
#1916=CIRCLE('',#4885,1.03851648071345);
#1917=CIRCLE('',#4886,1.03851648071345);
#1918=CIRCLE('',#4887,1.03851648071345);
#1919=CIRCLE('',#4888,1.03851648071345);
#1920=CIRCLE('',#4893,1.03851648071346);
#1921=CIRCLE('',#4894,1.03851648071346);
#1922=CIRCLE('',#4895,1.03851648071346);
#1923=CIRCLE('',#4896,1.03851648071346);
#1924=CIRCLE('',#4897,1.03851648071346);
#1925=CIRCLE('',#4903,0.499999999999999);
#1926=CIRCLE('',#4904,2.);
#1927=CIRCLE('',#4905,2.);
#1928=CIRCLE('',#4906,2.);
#1929=CIRCLE('',#4907,2.);
#1930=CIRCLE('',#4908,0.499999999999999);
#1931=CIRCLE('',#4909,0.499999999999999);
#1932=CIRCLE('',#4910,0.499999999999999);
#1933=CIRCLE('',#4915,0.499999999999999);
#1934=CIRCLE('',#4917,0.499999999999999);
#1935=CIRCLE('',#4919,0.499999999999999);
#1936=CIRCLE('',#4921,0.499999999999999);
#1937=CIRCLE('',#4923,0.500000000000002);
#1938=CIRCLE('',#4925,0.500000000000002);
#1939=CIRCLE('',#4927,0.500000000000002);
#1940=CIRCLE('',#4928,2.);
#1941=CIRCLE('',#4929,2.);
#1942=CIRCLE('',#4930,2.);
#1943=CIRCLE('',#4931,2.);
#1944=CIRCLE('',#4932,0.500000000000002);
#1945=CIRCLE('',#4934,2.);
#1946=CIRCLE('',#4935,2.);
#1947=CIRCLE('',#4936,2.);
#1948=CIRCLE('',#4937,2.);
#1949=CIRCLE('',#5010,2.);
#1950=CIRCLE('',#5011,2.);
#1951=CIRCLE('',#5012,2.);
#1952=CIRCLE('',#5013,2.);
#1953=CIRCLE('',#5014,1.55);
#1954=CIRCLE('',#5015,1.55);
#1955=CIRCLE('',#5016,1.55);
#1956=CIRCLE('',#5017,1.55);
#1957=CIRCLE('',#5018,3.);
#1958=CIRCLE('',#5067,2.15);
#1959=CIRCLE('',#5068,2.15);
#1960=CIRCLE('',#5070,2.15);
#1961=CIRCLE('',#5077,2.15);
#1962=CIRCLE('',#5078,2.15);
#1963=CIRCLE('',#5080,2.15);
#1964=CIRCLE('',#5087,2.15);
#1965=CIRCLE('',#5088,2.15);
#1966=CIRCLE('',#5090,2.15);
#1967=CIRCLE('',#5097,2.15);
#1968=CIRCLE('',#5099,2.15);
#1969=CIRCLE('',#5101,2.15);
#1970=CIRCLE('',#5103,2.15);
#1971=CIRCLE('',#5104,2.15);
#1972=CIRCLE('',#5107,2.15);
#1973=CIRCLE('',#5108,2.15);
#1974=CIRCLE('',#5111,2.15);
#1975=CIRCLE('',#5112,2.15);
#1976=CIRCLE('',#5157,2.5);
#1977=CIRCLE('',#5158,2.5);
#1978=CIRCLE('',#5159,2.5);
#1979=CIRCLE('',#5161,2.5);
#1980=CIRCLE('',#5163,3.);
#1981=CIRCLE('',#5173,1.55);
#1982=CIRCLE('',#5175,1.55);
#1983=CIRCLE('',#5177,1.55);
#1984=CIRCLE('',#5179,1.55);
#1985=CIRCLE('',#5182,2.);
#1986=CIRCLE('',#5185,2.);
#1987=CIRCLE('',#5188,2.);
#1988=CIRCLE('',#5191,2.);
#1989=VERTEX_POINT('',#6420);
#1990=VERTEX_POINT('',#6422);
#1991=VERTEX_POINT('',#6424);
#1992=VERTEX_POINT('',#6428);
#1993=VERTEX_POINT('',#6433);
#1994=VERTEX_POINT('',#6435);
#1995=VERTEX_POINT('',#6437);
#1996=VERTEX_POINT('',#6441);
#1997=VERTEX_POINT('',#6446);
#1998=VERTEX_POINT('',#6448);
#1999=VERTEX_POINT('',#6450);
#2000=VERTEX_POINT('',#6454);
#2001=VERTEX_POINT('',#6459);
#2002=VERTEX_POINT('',#6460);
#2003=VERTEX_POINT('',#6465);
#2004=VERTEX_POINT('',#6467);
#2005=VERTEX_POINT('',#6471);
#2006=VERTEX_POINT('',#6472);
#2007=VERTEX_POINT('',#6477);
#2008=VERTEX_POINT('',#6479);
#2009=VERTEX_POINT('',#6483);
#2010=VERTEX_POINT('',#6484);
#2011=VERTEX_POINT('',#6489);
#2012=VERTEX_POINT('',#6491);
#2013=VERTEX_POINT('',#6495);
#2014=VERTEX_POINT('',#6498);
#2015=VERTEX_POINT('',#6500);
#2016=VERTEX_POINT('',#6502);
#2017=VERTEX_POINT('',#6504);
#2018=VERTEX_POINT('',#6507);
#2019=VERTEX_POINT('',#6509);
#2020=VERTEX_POINT('',#6513);
#2021=VERTEX_POINT('',#6520);
#2022=VERTEX_POINT('',#6527);
#2023=VERTEX_POINT('',#6532);
#2024=VERTEX_POINT('',#6536);
#2025=VERTEX_POINT('',#6543);
#2026=VERTEX_POINT('',#6550);
#2027=VERTEX_POINT('',#6551);
#2028=VERTEX_POINT('',#6556);
#2029=VERTEX_POINT('',#6558);
#2030=VERTEX_POINT('',#6562);
#2031=VERTEX_POINT('',#6563);
#2032=VERTEX_POINT('',#6568);
#2033=VERTEX_POINT('',#6570);
#2034=VERTEX_POINT('',#6574);
#2035=VERTEX_POINT('',#6575);
#2036=VERTEX_POINT('',#6580);
#2037=VERTEX_POINT('',#6582);
#2038=VERTEX_POINT('',#6586);
#2039=VERTEX_POINT('',#6587);
#2040=VERTEX_POINT('',#6595);
#2041=VERTEX_POINT('',#6596);
#2042=VERTEX_POINT('',#6604);
#2043=VERTEX_POINT('',#6605);
#2044=VERTEX_POINT('',#6613);
#2045=VERTEX_POINT('',#6614);
#2046=VERTEX_POINT('',#6619);
#2047=VERTEX_POINT('',#6621);
#2048=VERTEX_POINT('',#6625);
#2049=VERTEX_POINT('',#6626);
#2050=VERTEX_POINT('',#6634);
#2051=VERTEX_POINT('',#6641);
#2052=VERTEX_POINT('',#6642);
#2053=VERTEX_POINT('',#6647);
#2054=VERTEX_POINT('',#6649);
#2055=VERTEX_POINT('',#6653);
#2056=VERTEX_POINT('',#6654);
#2057=VERTEX_POINT('',#6659);
#2058=VERTEX_POINT('',#6661);
#2059=VERTEX_POINT('',#6665);
#2060=VERTEX_POINT('',#6666);
#2061=VERTEX_POINT('',#6671);
#2062=VERTEX_POINT('',#6673);
#2063=VERTEX_POINT('',#6677);
#2064=VERTEX_POINT('',#6678);
#2065=VERTEX_POINT('',#6681);
#2066=VERTEX_POINT('',#6683);
#2067=VERTEX_POINT('',#6685);
#2068=VERTEX_POINT('',#6687);
#2069=VERTEX_POINT('',#6690);
#2070=VERTEX_POINT('',#6695);
#2071=VERTEX_POINT('',#6702);
#2072=VERTEX_POINT('',#6709);
#2073=VERTEX_POINT('',#6714);
#2074=VERTEX_POINT('',#6718);
#2075=VERTEX_POINT('',#6725);
#2076=VERTEX_POINT('',#6759);
#2077=VERTEX_POINT('',#6763);
#2078=VERTEX_POINT('',#6765);
#2079=VERTEX_POINT('',#6767);
#2080=VERTEX_POINT('',#6817);
#2081=VERTEX_POINT('',#6821);
#2082=VERTEX_POINT('',#6823);
#2083=VERTEX_POINT('',#6825);
#2084=VERTEX_POINT('',#6857);
#2085=VERTEX_POINT('',#6861);
#2086=VERTEX_POINT('',#6863);
#2087=VERTEX_POINT('',#6865);
#2088=VERTEX_POINT('',#6870);
#2089=VERTEX_POINT('',#6874);
#2090=VERTEX_POINT('',#6878);
#2091=VERTEX_POINT('',#6882);
#2092=VERTEX_POINT('',#6886);
#2093=VERTEX_POINT('',#6890);
#2094=VERTEX_POINT('',#6894);
#2095=VERTEX_POINT('',#6898);
#2096=VERTEX_POINT('',#6902);
#2097=VERTEX_POINT('',#6906);
#2098=VERTEX_POINT('',#6910);
#2099=VERTEX_POINT('',#6914);
#2100=VERTEX_POINT('',#6918);
#2101=VERTEX_POINT('',#6919);
#2102=VERTEX_POINT('',#6921);
#2103=VERTEX_POINT('',#6923);
#2104=VERTEX_POINT('',#6927);
#2105=VERTEX_POINT('',#6928);
#2106=VERTEX_POINT('',#6930);
#2107=VERTEX_POINT('',#6932);
#2108=VERTEX_POINT('',#6941);
#2109=VERTEX_POINT('',#6942);
#2110=VERTEX_POINT('',#6944);
#2111=VERTEX_POINT('',#6946);
#2112=VERTEX_POINT('',#6950);
#2113=VERTEX_POINT('',#6951);
#2114=VERTEX_POINT('',#6953);
#2115=VERTEX_POINT('',#6955);
#2116=VERTEX_POINT('',#6964);
#2117=VERTEX_POINT('',#6965);
#2118=VERTEX_POINT('',#6967);
#2119=VERTEX_POINT('',#6969);
#2120=VERTEX_POINT('',#6973);
#2121=VERTEX_POINT('',#6974);
#2122=VERTEX_POINT('',#6976);
#2123=VERTEX_POINT('',#6978);
#2124=VERTEX_POINT('',#6987);
#2125=VERTEX_POINT('',#6989);
#2126=VERTEX_POINT('',#6993);
#2127=VERTEX_POINT('',#6997);
#2128=VERTEX_POINT('',#7003);
#2129=VERTEX_POINT('',#7005);
#2130=VERTEX_POINT('',#7009);
#2131=VERTEX_POINT('',#7013);
#2132=VERTEX_POINT('',#7015);
#2133=VERTEX_POINT('',#7019);
#2134=VERTEX_POINT('',#7023);
#2135=VERTEX_POINT('',#7029);
#2136=VERTEX_POINT('',#7031);
#2137=VERTEX_POINT('',#7036);
#2138=VERTEX_POINT('',#7040);
#2139=VERTEX_POINT('',#7042);
#2140=VERTEX_POINT('',#7046);
#2141=VERTEX_POINT('',#7050);
#2142=VERTEX_POINT('',#7056);
#2143=VERTEX_POINT('',#7058);
#2144=VERTEX_POINT('',#7062);
#2145=VERTEX_POINT('',#7067);
#2146=VERTEX_POINT('',#7073);
#2147=VERTEX_POINT('',#7079);
#2148=VERTEX_POINT('',#7086);
#2149=VERTEX_POINT('',#7087);
#2150=VERTEX_POINT('',#7089);
#2151=VERTEX_POINT('',#7091);
#2152=VERTEX_POINT('',#7095);
#2153=VERTEX_POINT('',#7096);
#2154=VERTEX_POINT('',#7098);
#2155=VERTEX_POINT('',#7100);
#2156=VERTEX_POINT('',#7104);
#2157=VERTEX_POINT('',#7105);
#2158=VERTEX_POINT('',#7107);
#2159=VERTEX_POINT('',#7109);
#2160=VERTEX_POINT('',#7113);
#2161=VERTEX_POINT('',#7115);
#2162=VERTEX_POINT('',#7119);
#2163=VERTEX_POINT('',#7121);
#2164=VERTEX_POINT('',#7125);
#2165=VERTEX_POINT('',#7129);
#2166=VERTEX_POINT('',#7130);
#2167=VERTEX_POINT('',#7133);
#2168=VERTEX_POINT('',#7136);
#2169=VERTEX_POINT('',#7138);
#2170=VERTEX_POINT('',#7141);
#2171=VERTEX_POINT('',#7143);
#2172=VERTEX_POINT('',#7145);
#2173=VERTEX_POINT('',#7149);
#2174=VERTEX_POINT('',#7150);
#2175=VERTEX_POINT('',#7155);
#2176=VERTEX_POINT('',#7156);
#2177=VERTEX_POINT('',#7164);
#2178=VERTEX_POINT('',#7165);
#2179=VERTEX_POINT('',#7167);
#2180=VERTEX_POINT('',#7169);
#2181=VERTEX_POINT('',#7171);
#2182=VERTEX_POINT('',#7173);
#2183=VERTEX_POINT('',#7175);
#2184=VERTEX_POINT('',#7177);
#2185=VERTEX_POINT('',#7180);
#2186=VERTEX_POINT('',#7182);
#2187=VERTEX_POINT('',#7184);
#2188=VERTEX_POINT('',#7186);
#2189=VERTEX_POINT('',#7188);
#2190=VERTEX_POINT('',#7189);
#2191=VERTEX_POINT('',#7191);
#2192=VERTEX_POINT('',#7193);
#2193=VERTEX_POINT('',#7196);
#2194=VERTEX_POINT('',#7198);
#2195=VERTEX_POINT('',#7199);
#2196=VERTEX_POINT('',#7201);
#2197=VERTEX_POINT('',#7203);
#2198=VERTEX_POINT('',#7205);
#2199=VERTEX_POINT('',#7207);
#2200=VERTEX_POINT('',#7209);
#2201=VERTEX_POINT('',#7211);
#2202=VERTEX_POINT('',#7214);
#2203=VERTEX_POINT('',#7215);
#2204=VERTEX_POINT('',#7217);
#2205=VERTEX_POINT('',#7219);
#2206=VERTEX_POINT('',#7221);
#2207=VERTEX_POINT('',#7223);
#2208=VERTEX_POINT('',#7225);
#2209=VERTEX_POINT('',#7227);
#2210=VERTEX_POINT('',#7230);
#2211=VERTEX_POINT('',#7231);
#2212=VERTEX_POINT('',#7233);
#2213=VERTEX_POINT('',#7235);
#2214=VERTEX_POINT('',#7237);
#2215=VERTEX_POINT('',#7239);
#2216=VERTEX_POINT('',#7241);
#2217=VERTEX_POINT('',#7243);
#2218=VERTEX_POINT('',#7246);
#2219=VERTEX_POINT('',#7247);
#2220=VERTEX_POINT('',#7249);
#2221=VERTEX_POINT('',#7251);
#2222=VERTEX_POINT('',#7253);
#2223=VERTEX_POINT('',#7255);
#2224=VERTEX_POINT('',#7257);
#2225=VERTEX_POINT('',#7259);
#2226=VERTEX_POINT('',#7265);
#2227=VERTEX_POINT('',#7271);
#2228=VERTEX_POINT('',#7275);
#2229=VERTEX_POINT('',#7282);
#2230=VERTEX_POINT('',#7284);
#2231=VERTEX_POINT('',#7288);
#2232=VERTEX_POINT('',#7292);
#2233=VERTEX_POINT('',#7296);
#2234=VERTEX_POINT('',#7300);
#2235=VERTEX_POINT('',#7304);
#2236=VERTEX_POINT('',#7308);
#2237=VERTEX_POINT('',#7314);
#2238=VERTEX_POINT('',#7315);
#2239=VERTEX_POINT('',#7317);
#2240=VERTEX_POINT('',#7319);
#2241=VERTEX_POINT('',#7321);
#2242=VERTEX_POINT('',#7323);
#2243=VERTEX_POINT('',#7325);
#2244=VERTEX_POINT('',#7327);
#2245=VERTEX_POINT('',#7331);
#2246=VERTEX_POINT('',#7333);
#2247=VERTEX_POINT('',#7337);
#2248=VERTEX_POINT('',#7341);
#2249=VERTEX_POINT('',#7345);
#2250=VERTEX_POINT('',#7349);
#2251=VERTEX_POINT('',#7351);
#2252=VERTEX_POINT('',#7357);
#2253=VERTEX_POINT('',#7364);
#2254=VERTEX_POINT('',#7365);
#2255=VERTEX_POINT('',#7367);
#2256=VERTEX_POINT('',#7369);
#2257=VERTEX_POINT('',#7373);
#2258=VERTEX_POINT('',#7374);
#2259=VERTEX_POINT('',#7376);
#2260=VERTEX_POINT('',#7378);
#2261=VERTEX_POINT('',#7385);
#2262=VERTEX_POINT('',#7386);
#2263=VERTEX_POINT('',#7388);
#2264=VERTEX_POINT('',#7390);
#2265=VERTEX_POINT('',#7394);
#2266=VERTEX_POINT('',#7395);
#2267=VERTEX_POINT('',#7397);
#2268=VERTEX_POINT('',#7399);
#2269=VERTEX_POINT('',#7406);
#2270=VERTEX_POINT('',#7407);
#2271=VERTEX_POINT('',#7409);
#2272=VERTEX_POINT('',#7411);
#2273=VERTEX_POINT('',#7415);
#2274=VERTEX_POINT('',#7416);
#2275=VERTEX_POINT('',#7418);
#2276=VERTEX_POINT('',#7420);
#2277=VERTEX_POINT('',#7427);
#2278=VERTEX_POINT('',#7429);
#2279=VERTEX_POINT('',#7432);
#2280=VERTEX_POINT('',#7434);
#2281=VERTEX_POINT('',#7437);
#2282=VERTEX_POINT('',#7439);
#2283=VERTEX_POINT('',#7442);
#2284=VERTEX_POINT('',#7444);
#2285=VERTEX_POINT('',#7448);
#2286=VERTEX_POINT('',#7452);
#2287=VERTEX_POINT('',#7459);
#2288=VERTEX_POINT('',#7463);
#2289=VERTEX_POINT('',#7470);
#2290=VERTEX_POINT('',#7474);
#2291=VERTEX_POINT('',#7481);
#2292=VERTEX_POINT('',#7482);
#2293=VERTEX_POINT('',#7484);
#2294=VERTEX_POINT('',#7486);
#2295=VERTEX_POINT('',#7488);
#2296=VERTEX_POINT('',#7492);
#2297=VERTEX_POINT('',#7493);
#2298=VERTEX_POINT('',#7495);
#2299=VERTEX_POINT('',#7497);
#2300=VERTEX_POINT('',#7501);
#2301=VERTEX_POINT('',#7503);
#2302=VERTEX_POINT('',#7508);
#2303=VERTEX_POINT('',#7512);
#2304=VERTEX_POINT('',#7520);
#2305=VERTEX_POINT('',#7521);
#2306=VERTEX_POINT('',#7523);
#2307=VERTEX_POINT('',#7525);
#2308=VERTEX_POINT('',#7527);
#2309=VERTEX_POINT('',#7531);
#2310=VERTEX_POINT('',#7532);
#2311=VERTEX_POINT('',#7534);
#2312=VERTEX_POINT('',#7536);
#2313=VERTEX_POINT('',#7540);
#2314=VERTEX_POINT('',#7542);
#2315=VERTEX_POINT('',#7547);
#2316=VERTEX_POINT('',#7551);
#2317=VERTEX_POINT('',#7559);
#2318=VERTEX_POINT('',#7560);
#2319=VERTEX_POINT('',#7562);
#2320=VERTEX_POINT('',#7564);
#2321=VERTEX_POINT('',#7566);
#2322=VERTEX_POINT('',#7570);
#2323=VERTEX_POINT('',#7571);
#2324=VERTEX_POINT('',#7573);
#2325=VERTEX_POINT('',#7575);
#2326=VERTEX_POINT('',#7579);
#2327=VERTEX_POINT('',#7581);
#2328=VERTEX_POINT('',#7586);
#2329=VERTEX_POINT('',#7590);
#2330=VERTEX_POINT('',#7604);
#2331=VERTEX_POINT('',#7610);
#2332=VERTEX_POINT('',#7616);
#2333=VERTEX_POINT('',#7622);
#2334=VERTEX_POINT('',#7623);
#2335=VERTEX_POINT('',#7625);
#2336=VERTEX_POINT('',#7627);
#2337=VERTEX_POINT('',#7631);
#2338=VERTEX_POINT('',#7633);
#2339=VERTEX_POINT('',#7637);
#2340=VERTEX_POINT('',#7639);
#2341=VERTEX_POINT('',#7647);
#2342=VERTEX_POINT('',#7648);
#2343=VERTEX_POINT('',#7650);
#2344=VERTEX_POINT('',#7652);
#2345=VERTEX_POINT('',#7656);
#2346=VERTEX_POINT('',#7658);
#2347=VERTEX_POINT('',#7662);
#2348=VERTEX_POINT('',#7664);
#2349=VERTEX_POINT('',#7672);
#2350=VERTEX_POINT('',#7673);
#2351=VERTEX_POINT('',#7675);
#2352=VERTEX_POINT('',#7677);
#2353=VERTEX_POINT('',#7681);
#2354=VERTEX_POINT('',#7683);
#2355=VERTEX_POINT('',#7687);
#2356=VERTEX_POINT('',#7689);
#2357=VERTEX_POINT('',#7697);
#2358=VERTEX_POINT('',#7698);
#2359=VERTEX_POINT('',#7703);
#2360=VERTEX_POINT('',#7704);
#2361=VERTEX_POINT('',#7709);
#2362=VERTEX_POINT('',#7710);
#2363=VERTEX_POINT('',#7715);
#2364=VERTEX_POINT('',#7716);
#2365=VERTEX_POINT('',#7721);
#2366=VERTEX_POINT('',#7722);
#2367=VERTEX_POINT('',#7727);
#2368=VERTEX_POINT('',#7728);
#2369=VERTEX_POINT('',#7733);
#2370=VERTEX_POINT('',#7734);
#2371=VERTEX_POINT('',#7739);
#2372=VERTEX_POINT('',#7740);
#2373=VERTEX_POINT('',#7745);
#2374=VERTEX_POINT('',#7746);
#2375=VERTEX_POINT('',#7751);
#2376=VERTEX_POINT('',#7752);
#2377=VERTEX_POINT('',#7757);
#2378=VERTEX_POINT('',#7758);
#2379=VERTEX_POINT('',#7763);
#2380=VERTEX_POINT('',#7764);
#2381=VERTEX_POINT('',#7796);
#2382=VERTEX_POINT('',#7797);
#2383=VERTEX_POINT('',#7799);
#2384=VERTEX_POINT('',#7803);
#2385=VERTEX_POINT('',#7807);
#2386=VERTEX_POINT('',#7812);
#2387=VERTEX_POINT('',#7813);
#2388=VERTEX_POINT('',#7815);
#2389=VERTEX_POINT('',#7817);
#2390=VERTEX_POINT('',#7821);
#2391=VERTEX_POINT('',#7823);
#2392=VERTEX_POINT('',#7827);
#2393=VERTEX_POINT('',#7829);
#2394=VERTEX_POINT('',#7841);
#2395=VERTEX_POINT('',#7845);
#2396=VERTEX_POINT('',#7849);
#2397=VERTEX_POINT('',#7853);
#2398=VERTEX_POINT('',#7857);
#2399=VERTEX_POINT('',#7858);
#2400=VERTEX_POINT('',#7863);
#2401=VERTEX_POINT('',#7867);
#2402=VERTEX_POINT('',#7871);
#2403=VERTEX_POINT('',#7875);
#2404=VERTEX_POINT('',#7879);
#2405=VERTEX_POINT('',#7883);
#2406=EDGE_CURVE('',#1989,#1989,#1895,.T.);
#2407=EDGE_CURVE('',#1989,#1990,#1896,.T.);
#2408=EDGE_CURVE('',#1990,#1991,#1897,.T.);
#2409=EDGE_CURVE('',#1991,#1990,#1898,.T.);
#2410=EDGE_CURVE('',#1991,#1992,#307,.T.);
#2411=EDGE_CURVE('',#1992,#1992,#1899,.T.);
#2412=EDGE_CURVE('',#1993,#1993,#1900,.T.);
#2413=EDGE_CURVE('',#1993,#1994,#1901,.T.);
#2414=EDGE_CURVE('',#1994,#1995,#1902,.T.);
#2415=EDGE_CURVE('',#1995,#1994,#1903,.T.);
#2416=EDGE_CURVE('',#1995,#1996,#308,.T.);
#2417=EDGE_CURVE('',#1996,#1996,#1904,.T.);
#2418=EDGE_CURVE('',#1997,#1997,#1905,.T.);
#2419=EDGE_CURVE('',#1997,#1998,#1906,.T.);
#2420=EDGE_CURVE('',#1998,#1999,#1907,.T.);
#2421=EDGE_CURVE('',#1999,#1998,#1908,.T.);
#2422=EDGE_CURVE('',#1999,#2000,#309,.T.);
#2423=EDGE_CURVE('',#2000,#2000,#1909,.T.);
#2424=EDGE_CURVE('',#2001,#2002,#65,.T.);
#2425=EDGE_CURVE('',#2001,#2003,#310,.T.);
#2426=EDGE_CURVE('',#2004,#2003,#311,.T.);
#2427=EDGE_CURVE('',#2002,#2004,#312,.T.);
#2428=EDGE_CURVE('',#2005,#2006,#66,.T.);
#2429=EDGE_CURVE('',#2005,#2007,#313,.T.);
#2430=EDGE_CURVE('',#2008,#2007,#314,.T.);
#2431=EDGE_CURVE('',#2006,#2008,#315,.T.);
#2432=EDGE_CURVE('',#2009,#2010,#67,.T.);
#2433=EDGE_CURVE('',#2009,#2011,#316,.T.);
#2434=EDGE_CURVE('',#2012,#2011,#317,.T.);
#2435=EDGE_CURVE('',#2010,#2012,#318,.T.);
#2436=EDGE_CURVE('',#2013,#2005,#1910,.T.);
#2437=EDGE_CURVE('',#2003,#2013,#319,.T.);
#2438=EDGE_CURVE('',#2014,#2001,#1911,.T.);
#2439=EDGE_CURVE('',#2015,#2014,#320,.T.);
#2440=EDGE_CURVE('',#2016,#2015,#321,.T.);
#2441=EDGE_CURVE('',#2017,#2016,#1912,.T.);
#2442=EDGE_CURVE('',#2011,#2017,#322,.T.);
#2443=EDGE_CURVE('',#2018,#2009,#1913,.T.);
#2444=EDGE_CURVE('',#2019,#2018,#1914,.T.);
#2445=EDGE_CURVE('',#2007,#2019,#323,.T.);
#2446=EDGE_CURVE('',#2020,#2019,#68,.T.);
#2447=EDGE_CURVE('',#2008,#2020,#324,.T.);
#2448=EDGE_CURVE('',#2021,#2013,#69,.T.);
#2449=EDGE_CURVE('',#2004,#2021,#325,.T.);
#2450=EDGE_CURVE('',#2022,#2014,#70,.T.);
#2451=EDGE_CURVE('',#2023,#2022,#326,.T.);
#2452=EDGE_CURVE('',#2023,#2015,#327,.T.);
#2453=EDGE_CURVE('',#2016,#2024,#71,.T.);
#2454=EDGE_CURVE('',#2024,#2023,#328,.T.);
#2455=EDGE_CURVE('',#2025,#2017,#72,.T.);
#2456=EDGE_CURVE('',#2012,#2025,#329,.T.);
#2457=EDGE_CURVE('',#2026,#2027,#73,.T.);
#2458=EDGE_CURVE('',#2026,#2028,#330,.T.);
#2459=EDGE_CURVE('',#2029,#2028,#331,.T.);
#2460=EDGE_CURVE('',#2027,#2029,#332,.T.);
#2461=EDGE_CURVE('',#2030,#2031,#74,.T.);
#2462=EDGE_CURVE('',#2030,#2032,#333,.T.);
#2463=EDGE_CURVE('',#2033,#2032,#334,.T.);
#2464=EDGE_CURVE('',#2031,#2033,#335,.T.);
#2465=EDGE_CURVE('',#2034,#2035,#75,.T.);
#2466=EDGE_CURVE('',#2034,#2036,#336,.T.);
#2467=EDGE_CURVE('',#2037,#2036,#337,.T.);
#2468=EDGE_CURVE('',#2035,#2037,#338,.T.);
#2469=EDGE_CURVE('',#2038,#2039,#76,.T.);
#2470=EDGE_CURVE('',#2037,#2038,#339,.T.);
#2471=EDGE_CURVE('',#2036,#2039,#340,.T.);
#2472=EDGE_CURVE('',#2040,#2041,#77,.T.);
#2473=EDGE_CURVE('',#2029,#2040,#341,.T.);
#2474=EDGE_CURVE('',#2028,#2041,#342,.T.);
#2475=EDGE_CURVE('',#2042,#2043,#78,.T.);
#2476=EDGE_CURVE('',#2033,#2042,#343,.T.);
#2477=EDGE_CURVE('',#2032,#2043,#344,.T.);
#2478=EDGE_CURVE('',#2044,#2045,#79,.T.);
#2479=EDGE_CURVE('',#2046,#2044,#345,.T.);
#2480=EDGE_CURVE('',#2046,#2047,#346,.T.);
#2481=EDGE_CURVE('',#2047,#2045,#347,.T.);
#2482=EDGE_CURVE('',#2048,#2049,#80,.T.);
#2483=EDGE_CURVE('',#2048,#2047,#348,.T.);
#2484=EDGE_CURVE('',#2049,#2046,#349,.T.);
#2485=EDGE_CURVE('',#2043,#2050,#1915,.T.);
#2486=EDGE_CURVE('',#2045,#2030,#1916,.T.);
#2487=EDGE_CURVE('',#2039,#2048,#1917,.T.);
#2488=EDGE_CURVE('',#2041,#2034,#1918,.T.);
#2489=EDGE_CURVE('',#2050,#2026,#1919,.T.);
#2490=EDGE_CURVE('',#2051,#2052,#81,.T.);
#2491=EDGE_CURVE('',#2051,#2053,#350,.T.);
#2492=EDGE_CURVE('',#2054,#2053,#351,.T.);
#2493=EDGE_CURVE('',#2052,#2054,#352,.T.);
#2494=EDGE_CURVE('',#2055,#2056,#82,.T.);
#2495=EDGE_CURVE('',#2055,#2057,#353,.T.);
#2496=EDGE_CURVE('',#2058,#2057,#354,.T.);
#2497=EDGE_CURVE('',#2056,#2058,#355,.T.);
#2498=EDGE_CURVE('',#2059,#2060,#83,.T.);
#2499=EDGE_CURVE('',#2059,#2061,#356,.T.);
#2500=EDGE_CURVE('',#2062,#2061,#357,.T.);
#2501=EDGE_CURVE('',#2060,#2062,#358,.T.);
#2502=EDGE_CURVE('',#2063,#2064,#1920,.T.);
#2503=EDGE_CURVE('',#2057,#2063,#359,.T.);
#2504=EDGE_CURVE('',#2065,#2055,#1921,.T.);
#2505=EDGE_CURVE('',#2066,#2065,#360,.T.);
#2506=EDGE_CURVE('',#2067,#2066,#361,.T.);
#2507=EDGE_CURVE('',#2068,#2067,#1922,.T.);
#2508=EDGE_CURVE('',#2061,#2068,#362,.T.);
#2509=EDGE_CURVE('',#2069,#2059,#1923,.T.);
#2510=EDGE_CURVE('',#2053,#2069,#363,.T.);
#2511=EDGE_CURVE('',#2064,#2051,#1924,.T.);
#2512=EDGE_CURVE('',#2070,#2069,#84,.T.);
#2513=EDGE_CURVE('',#2054,#2070,#364,.T.);
#2514=EDGE_CURVE('',#2071,#2063,#85,.T.);
#2515=EDGE_CURVE('',#2058,#2071,#365,.T.);
#2516=EDGE_CURVE('',#2072,#2065,#86,.T.);
#2517=EDGE_CURVE('',#2073,#2072,#366,.T.);
#2518=EDGE_CURVE('',#2073,#2066,#367,.T.);
#2519=EDGE_CURVE('',#2067,#2074,#87,.T.);
#2520=EDGE_CURVE('',#2074,#2073,#368,.T.);
#2521=EDGE_CURVE('',#2075,#2068,#88,.T.);
#2522=EDGE_CURVE('',#2062,#2075,#369,.T.);
#2523=EDGE_CURVE('',#2006,#2020,#1925,.T.);
#2524=EDGE_CURVE('',#2018,#2076,#59,.T.);
#2525=EDGE_CURVE('',#2077,#2076,#1926,.T.);
#2526=EDGE_CURVE('',#2078,#2077,#1927,.T.);
#2527=EDGE_CURVE('',#2079,#2078,#1928,.T.);
#2528=EDGE_CURVE('',#2076,#2079,#1929,.T.);
#2529=EDGE_CURVE('',#2010,#2025,#1930,.T.);
#2530=EDGE_CURVE('',#2024,#2022,#1931,.T.);
#2531=EDGE_CURVE('',#2002,#2021,#1932,.T.);
#2532=EDGE_CURVE('',#2035,#2038,#1933,.T.);
#2533=EDGE_CURVE('',#2049,#2044,#1934,.T.);
#2534=EDGE_CURVE('',#2031,#2042,#1935,.T.);
#2535=EDGE_CURVE('',#2027,#2040,#1936,.T.);
#2536=EDGE_CURVE('',#2060,#2075,#1937,.T.);
#2537=EDGE_CURVE('',#2052,#2070,#1938,.T.);
#2538=EDGE_CURVE('',#2074,#2072,#1939,.T.);
#2539=EDGE_CURVE('',#2064,#2080,#60,.T.);
#2540=EDGE_CURVE('',#2081,#2080,#1940,.T.);
#2541=EDGE_CURVE('',#2082,#2081,#1941,.T.);
#2542=EDGE_CURVE('',#2083,#2082,#1942,.T.);
#2543=EDGE_CURVE('',#2080,#2083,#1943,.T.);
#2544=EDGE_CURVE('',#2056,#2071,#1944,.T.);
#2545=EDGE_CURVE('',#2050,#2084,#61,.T.);
#2546=EDGE_CURVE('',#2085,#2084,#1945,.T.);
#2547=EDGE_CURVE('',#2086,#2085,#1946,.T.);
#2548=EDGE_CURVE('',#2087,#2086,#1947,.T.);
#2549=EDGE_CURVE('',#2084,#2087,#1948,.T.);
#2550=EDGE_CURVE('',#2088,#2076,#370,.T.);
#2551=EDGE_CURVE('',#2077,#2088,#371,.T.);
#2552=EDGE_CURVE('',#2089,#2079,#372,.T.);
#2553=EDGE_CURVE('',#2076,#2089,#373,.T.);
#2554=EDGE_CURVE('',#2090,#2078,#374,.T.);
#2555=EDGE_CURVE('',#2079,#2090,#375,.T.);
#2556=EDGE_CURVE('',#2091,#2077,#376,.T.);
#2557=EDGE_CURVE('',#2078,#2091,#377,.T.);
#2558=EDGE_CURVE('',#2092,#2084,#378,.T.);
#2559=EDGE_CURVE('',#2085,#2092,#379,.T.);
#2560=EDGE_CURVE('',#2093,#2087,#380,.T.);
#2561=EDGE_CURVE('',#2084,#2093,#381,.T.);
#2562=EDGE_CURVE('',#2094,#2086,#382,.T.);
#2563=EDGE_CURVE('',#2087,#2094,#383,.T.);
#2564=EDGE_CURVE('',#2095,#2085,#384,.T.);
#2565=EDGE_CURVE('',#2086,#2095,#385,.T.);
#2566=EDGE_CURVE('',#2096,#2080,#386,.T.);
#2567=EDGE_CURVE('',#2081,#2096,#387,.T.);
#2568=EDGE_CURVE('',#2097,#2083,#388,.T.);
#2569=EDGE_CURVE('',#2080,#2097,#389,.T.);
#2570=EDGE_CURVE('',#2098,#2082,#390,.T.);
#2571=EDGE_CURVE('',#2083,#2098,#391,.T.);
#2572=EDGE_CURVE('',#2099,#2081,#392,.T.);
#2573=EDGE_CURVE('',#2082,#2099,#393,.T.);
#2574=EDGE_CURVE('',#2100,#2101,#394,.T.);
#2575=EDGE_CURVE('',#2100,#2102,#395,.T.);
#2576=EDGE_CURVE('',#2102,#2103,#396,.T.);
#2577=EDGE_CURVE('',#2101,#2103,#397,.T.);
#2578=EDGE_CURVE('',#2104,#2105,#398,.T.);
#2579=EDGE_CURVE('',#2104,#2106,#399,.T.);
#2580=EDGE_CURVE('',#2106,#2107,#400,.T.);
#2581=EDGE_CURVE('',#2105,#2107,#401,.T.);
#2582=EDGE_CURVE('',#2101,#2104,#402,.T.);
#2583=EDGE_CURVE('',#2103,#2106,#403,.T.);
#2584=EDGE_CURVE('',#2107,#2102,#404,.T.);
#2585=EDGE_CURVE('',#2108,#2109,#405,.T.);
#2586=EDGE_CURVE('',#2108,#2110,#406,.T.);
#2587=EDGE_CURVE('',#2110,#2111,#407,.T.);
#2588=EDGE_CURVE('',#2109,#2111,#408,.T.);
#2589=EDGE_CURVE('',#2112,#2113,#409,.T.);
#2590=EDGE_CURVE('',#2112,#2114,#410,.T.);
#2591=EDGE_CURVE('',#2114,#2115,#411,.T.);
#2592=EDGE_CURVE('',#2113,#2115,#412,.T.);
#2593=EDGE_CURVE('',#2109,#2112,#413,.T.);
#2594=EDGE_CURVE('',#2111,#2114,#414,.T.);
#2595=EDGE_CURVE('',#2115,#2110,#415,.T.);
#2596=EDGE_CURVE('',#2116,#2117,#416,.T.);
#2597=EDGE_CURVE('',#2116,#2118,#417,.T.);
#2598=EDGE_CURVE('',#2118,#2119,#418,.T.);
#2599=EDGE_CURVE('',#2117,#2119,#419,.T.);
#2600=EDGE_CURVE('',#2120,#2121,#420,.T.);
#2601=EDGE_CURVE('',#2120,#2122,#421,.T.);
#2602=EDGE_CURVE('',#2122,#2123,#422,.T.);
#2603=EDGE_CURVE('',#2121,#2123,#423,.T.);
#2604=EDGE_CURVE('',#2117,#2120,#424,.T.);
#2605=EDGE_CURVE('',#2119,#2122,#425,.T.);
#2606=EDGE_CURVE('',#2123,#2118,#426,.T.);
#2607=EDGE_CURVE('',#2088,#2124,#15,.T.);
#2608=EDGE_CURVE('',#2124,#2125,#427,.T.);
#2609=EDGE_CURVE('',#2091,#2125,#16,.T.);
#2610=EDGE_CURVE('',#2089,#2126,#17,.T.);
#2611=EDGE_CURVE('',#2126,#2124,#428,.T.);
#2612=EDGE_CURVE('',#2090,#2127,#18,.T.);
#2613=EDGE_CURVE('',#2127,#2126,#429,.T.);
#2614=EDGE_CURVE('',#2125,#2127,#430,.T.);
#2615=EDGE_CURVE('',#2128,#2125,#431,.T.);
#2616=EDGE_CURVE('',#2129,#2128,#432,.T.);
#2617=EDGE_CURVE('',#2129,#2127,#433,.T.);
#2618=EDGE_CURVE('',#2130,#2124,#434,.T.);
#2619=EDGE_CURVE('',#2128,#2130,#435,.T.);
#2620=EDGE_CURVE('',#2093,#2131,#19,.T.);
#2621=EDGE_CURVE('',#2131,#2132,#436,.T.);
#2622=EDGE_CURVE('',#2092,#2132,#20,.T.);
#2623=EDGE_CURVE('',#2094,#2133,#21,.T.);
#2624=EDGE_CURVE('',#2133,#2131,#437,.T.);
#2625=EDGE_CURVE('',#2095,#2134,#22,.T.);
#2626=EDGE_CURVE('',#2134,#2133,#438,.T.);
#2627=EDGE_CURVE('',#2132,#2134,#439,.T.);
#2628=EDGE_CURVE('',#2135,#2132,#440,.T.);
#2629=EDGE_CURVE('',#2136,#2135,#441,.T.);
#2630=EDGE_CURVE('',#2136,#2134,#442,.T.);
#2631=EDGE_CURVE('',#2135,#2113,#443,.T.);
#2632=EDGE_CURVE('',#2137,#2131,#444,.T.);
#2633=EDGE_CURVE('',#2108,#2137,#445,.T.);
#2634=EDGE_CURVE('',#2099,#2138,#23,.T.);
#2635=EDGE_CURVE('',#2138,#2139,#446,.T.);
#2636=EDGE_CURVE('',#2098,#2139,#24,.T.);
#2637=EDGE_CURVE('',#2096,#2140,#25,.T.);
#2638=EDGE_CURVE('',#2140,#2138,#447,.T.);
#2639=EDGE_CURVE('',#2097,#2141,#26,.T.);
#2640=EDGE_CURVE('',#2141,#2140,#448,.T.);
#2641=EDGE_CURVE('',#2139,#2141,#449,.T.);
#2642=EDGE_CURVE('',#2142,#2139,#450,.T.);
#2643=EDGE_CURVE('',#2143,#2142,#451,.T.);
#2644=EDGE_CURVE('',#2143,#2141,#452,.T.);
#2645=EDGE_CURVE('',#2144,#2138,#453,.T.);
#2646=EDGE_CURVE('',#2142,#2144,#454,.T.);
#2647=EDGE_CURVE('',#2130,#2105,#455,.T.);
#2648=EDGE_CURVE('',#2145,#2126,#456,.T.);
#2649=EDGE_CURVE('',#2100,#2145,#457,.T.);
#2650=EDGE_CURVE('',#2145,#2129,#458,.T.);
#2651=EDGE_CURVE('',#2146,#2136,#459,.T.);
#2652=EDGE_CURVE('',#2146,#2133,#460,.T.);
#2653=EDGE_CURVE('',#2137,#2146,#461,.T.);
#2654=EDGE_CURVE('',#2147,#2140,#462,.T.);
#2655=EDGE_CURVE('',#2144,#2147,#463,.T.);
#2656=EDGE_CURVE('',#2147,#2121,#464,.T.);
#2657=EDGE_CURVE('',#2116,#2143,#465,.T.);
#2658=EDGE_CURVE('',#2148,#2149,#466,.T.);
#2659=EDGE_CURVE('',#2150,#2148,#467,.T.);
#2660=EDGE_CURVE('',#2151,#2150,#468,.T.);
#2661=EDGE_CURVE('',#2151,#2149,#469,.T.);
#2662=EDGE_CURVE('',#2152,#2153,#470,.T.);
#2663=EDGE_CURVE('',#2154,#2152,#471,.T.);
#2664=EDGE_CURVE('',#2155,#2154,#472,.T.);
#2665=EDGE_CURVE('',#2155,#2153,#473,.T.);
#2666=EDGE_CURVE('',#2156,#2157,#474,.T.);
#2667=EDGE_CURVE('',#2156,#2158,#475,.T.);
#2668=EDGE_CURVE('',#2159,#2158,#476,.T.);
#2669=EDGE_CURVE('',#2157,#2159,#477,.T.);
#2670=EDGE_CURVE('',#2159,#2160,#478,.T.);
#2671=EDGE_CURVE('',#2161,#2160,#479,.T.);
#2672=EDGE_CURVE('',#2157,#2161,#480,.T.);
#2673=EDGE_CURVE('',#2153,#2162,#481,.T.);
#2674=EDGE_CURVE('',#2163,#2162,#482,.T.);
#2675=EDGE_CURVE('',#2152,#2163,#483,.T.);
#2676=EDGE_CURVE('',#2158,#2164,#484,.T.);
#2677=EDGE_CURVE('',#2160,#2164,#485,.T.);
#2678=EDGE_CURVE('',#2165,#2166,#486,.T.);
#2679=EDGE_CURVE('',#2164,#2166,#487,.T.);
#2680=EDGE_CURVE('',#2156,#2167,#488,.T.);
#2681=EDGE_CURVE('',#2162,#2167,#489,.T.);
#2682=EDGE_CURVE('',#2155,#2168,#490,.T.);
#2683=EDGE_CURVE('',#2169,#2168,#491,.T.);
#2684=EDGE_CURVE('',#2149,#2169,#492,.T.);
#2685=EDGE_CURVE('',#2151,#2170,#493,.T.);
#2686=EDGE_CURVE('',#2171,#2170,#494,.T.);
#2687=EDGE_CURVE('',#2172,#2171,#495,.T.);
#2688=EDGE_CURVE('',#2165,#2172,#496,.T.);
#2689=EDGE_CURVE('',#2173,#2174,#497,.T.);
#2690=EDGE_CURVE('',#2166,#2174,#498,.T.);
#2691=EDGE_CURVE('',#2173,#2165,#499,.T.);
#2692=EDGE_CURVE('',#2175,#2176,#500,.T.);
#2693=EDGE_CURVE('',#2174,#2176,#501,.T.);
#2694=EDGE_CURVE('',#2175,#2173,#502,.T.);
#2695=EDGE_CURVE('',#2176,#2171,#503,.T.);
#2696=EDGE_CURVE('',#2172,#2175,#504,.T.);
#2697=EDGE_CURVE('',#2177,#2178,#1949,.T.);
#2698=EDGE_CURVE('',#2178,#2179,#505,.T.);
#2699=EDGE_CURVE('',#2179,#2180,#1950,.T.);
#2700=EDGE_CURVE('',#2180,#2181,#506,.T.);
#2701=EDGE_CURVE('',#2181,#2182,#1951,.T.);
#2702=EDGE_CURVE('',#2182,#2183,#507,.T.);
#2703=EDGE_CURVE('',#2183,#2184,#1952,.T.);
#2704=EDGE_CURVE('',#2184,#2177,#508,.T.);
#2705=EDGE_CURVE('',#2185,#2185,#1953,.T.);
#2706=EDGE_CURVE('',#2186,#2186,#1954,.T.);
#2707=EDGE_CURVE('',#2187,#2187,#1955,.T.);
#2708=EDGE_CURVE('',#2188,#2188,#1956,.T.);
#2709=EDGE_CURVE('',#2189,#2190,#509,.T.);
#2710=EDGE_CURVE('',#2190,#2191,#510,.T.);
#2711=EDGE_CURVE('',#2191,#2192,#511,.T.);
#2712=EDGE_CURVE('',#2192,#2189,#512,.T.);
#2713=EDGE_CURVE('',#2193,#2193,#1957,.T.);
#2714=EDGE_CURVE('',#2194,#2195,#513,.T.);
#2715=EDGE_CURVE('',#2196,#2195,#514,.T.);
#2716=EDGE_CURVE('',#2196,#2197,#515,.T.);
#2717=EDGE_CURVE('',#2198,#2197,#516,.T.);
#2718=EDGE_CURVE('',#2198,#2199,#517,.T.);
#2719=EDGE_CURVE('',#2200,#2199,#518,.T.);
#2720=EDGE_CURVE('',#2200,#2201,#519,.T.);
#2721=EDGE_CURVE('',#2194,#2201,#520,.T.);
#2722=EDGE_CURVE('',#2202,#2203,#521,.T.);
#2723=EDGE_CURVE('',#2204,#2203,#522,.T.);
#2724=EDGE_CURVE('',#2204,#2205,#523,.T.);
#2725=EDGE_CURVE('',#2206,#2205,#524,.T.);
#2726=EDGE_CURVE('',#2206,#2207,#525,.T.);
#2727=EDGE_CURVE('',#2208,#2207,#526,.T.);
#2728=EDGE_CURVE('',#2208,#2209,#527,.T.);
#2729=EDGE_CURVE('',#2202,#2209,#528,.T.);
#2730=EDGE_CURVE('',#2210,#2211,#529,.T.);
#2731=EDGE_CURVE('',#2212,#2211,#530,.T.);
#2732=EDGE_CURVE('',#2212,#2213,#531,.T.);
#2733=EDGE_CURVE('',#2214,#2213,#532,.T.);
#2734=EDGE_CURVE('',#2214,#2215,#533,.T.);
#2735=EDGE_CURVE('',#2216,#2215,#534,.T.);
#2736=EDGE_CURVE('',#2216,#2217,#535,.T.);
#2737=EDGE_CURVE('',#2210,#2217,#536,.T.);
#2738=EDGE_CURVE('',#2218,#2219,#537,.T.);
#2739=EDGE_CURVE('',#2219,#2220,#538,.T.);
#2740=EDGE_CURVE('',#2220,#2221,#539,.T.);
#2741=EDGE_CURVE('',#2221,#2222,#540,.T.);
#2742=EDGE_CURVE('',#2222,#2223,#541,.T.);
#2743=EDGE_CURVE('',#2223,#2224,#542,.T.);
#2744=EDGE_CURVE('',#2224,#2225,#543,.T.);
#2745=EDGE_CURVE('',#2225,#2218,#544,.T.);
#2746=EDGE_CURVE('',#2167,#2161,#545,.T.);
#2747=EDGE_CURVE('',#2226,#2163,#546,.T.);
#2748=EDGE_CURVE('',#2154,#2226,#547,.T.);
#2749=EDGE_CURVE('',#2168,#2226,#548,.T.);
#2750=EDGE_CURVE('',#2227,#2169,#549,.T.);
#2751=EDGE_CURVE('',#2148,#2227,#550,.T.);
#2752=EDGE_CURVE('',#2228,#2227,#551,.T.);
#2753=EDGE_CURVE('',#2150,#2228,#552,.T.);
#2754=EDGE_CURVE('',#2170,#2228,#553,.T.);
#2755=EDGE_CURVE('',#2218,#2229,#554,.T.);
#2756=EDGE_CURVE('',#2230,#2229,#555,.T.);
#2757=EDGE_CURVE('',#2219,#2230,#556,.T.);
#2758=EDGE_CURVE('',#2231,#2230,#557,.T.);
#2759=EDGE_CURVE('',#2220,#2231,#558,.T.);
#2760=EDGE_CURVE('',#2232,#2231,#559,.T.);
#2761=EDGE_CURVE('',#2221,#2232,#560,.T.);
#2762=EDGE_CURVE('',#2233,#2232,#561,.T.);
#2763=EDGE_CURVE('',#2222,#2233,#562,.T.);
#2764=EDGE_CURVE('',#2234,#2233,#563,.T.);
#2765=EDGE_CURVE('',#2223,#2234,#564,.T.);
#2766=EDGE_CURVE('',#2235,#2234,#565,.T.);
#2767=EDGE_CURVE('',#2224,#2235,#566,.T.);
#2768=EDGE_CURVE('',#2236,#2235,#567,.T.);
#2769=EDGE_CURVE('',#2225,#2236,#568,.T.);
#2770=EDGE_CURVE('',#2229,#2236,#569,.T.);
#2771=EDGE_CURVE('',#2237,#2238,#570,.T.);
#2772=EDGE_CURVE('',#2239,#2237,#571,.T.);
#2773=EDGE_CURVE('',#2240,#2239,#572,.T.);
#2774=EDGE_CURVE('',#2241,#2240,#573,.T.);
#2775=EDGE_CURVE('',#2242,#2241,#574,.T.);
#2776=EDGE_CURVE('',#2243,#2242,#575,.T.);
#2777=EDGE_CURVE('',#2244,#2243,#576,.T.);
#2778=EDGE_CURVE('',#2238,#2244,#577,.T.);
#2779=EDGE_CURVE('',#2241,#2245,#578,.T.);
#2780=EDGE_CURVE('',#2246,#2245,#579,.T.);
#2781=EDGE_CURVE('',#2242,#2246,#580,.T.);
#2782=EDGE_CURVE('',#2240,#2247,#581,.T.);
#2783=EDGE_CURVE('',#2245,#2247,#582,.T.);
#2784=EDGE_CURVE('',#2239,#2248,#583,.T.);
#2785=EDGE_CURVE('',#2247,#2248,#584,.T.);
#2786=EDGE_CURVE('',#2237,#2249,#585,.T.);
#2787=EDGE_CURVE('',#2248,#2249,#586,.T.);
#2788=EDGE_CURVE('',#2244,#2250,#587,.T.);
#2789=EDGE_CURVE('',#2251,#2250,#588,.T.);
#2790=EDGE_CURVE('',#2238,#2251,#589,.T.);
#2791=EDGE_CURVE('',#2249,#2251,#590,.T.);
#2792=EDGE_CURVE('',#2252,#2246,#591,.T.);
#2793=EDGE_CURVE('',#2243,#2252,#592,.T.);
#2794=EDGE_CURVE('',#2250,#2252,#593,.T.);
#2795=EDGE_CURVE('',#2253,#2254,#594,.T.);
#2796=EDGE_CURVE('',#2254,#2255,#595,.T.);
#2797=EDGE_CURVE('',#2255,#2256,#596,.T.);
#2798=EDGE_CURVE('',#2253,#2256,#597,.T.);
#2799=EDGE_CURVE('',#2257,#2258,#598,.T.);
#2800=EDGE_CURVE('',#2257,#2259,#599,.T.);
#2801=EDGE_CURVE('',#2259,#2260,#600,.T.);
#2802=EDGE_CURVE('',#2258,#2260,#601,.T.);
#2803=EDGE_CURVE('',#2256,#2259,#602,.T.);
#2804=EDGE_CURVE('',#2260,#2255,#603,.T.);
#2805=EDGE_CURVE('',#2261,#2262,#604,.T.);
#2806=EDGE_CURVE('',#2262,#2263,#605,.T.);
#2807=EDGE_CURVE('',#2263,#2264,#606,.T.);
#2808=EDGE_CURVE('',#2261,#2264,#607,.T.);
#2809=EDGE_CURVE('',#2265,#2266,#608,.T.);
#2810=EDGE_CURVE('',#2265,#2267,#609,.T.);
#2811=EDGE_CURVE('',#2267,#2268,#610,.T.);
#2812=EDGE_CURVE('',#2266,#2268,#611,.T.);
#2813=EDGE_CURVE('',#2264,#2267,#612,.T.);
#2814=EDGE_CURVE('',#2268,#2263,#613,.T.);
#2815=EDGE_CURVE('',#2269,#2270,#614,.T.);
#2816=EDGE_CURVE('',#2270,#2271,#615,.T.);
#2817=EDGE_CURVE('',#2271,#2272,#616,.T.);
#2818=EDGE_CURVE('',#2269,#2272,#617,.T.);
#2819=EDGE_CURVE('',#2273,#2274,#618,.T.);
#2820=EDGE_CURVE('',#2273,#2275,#619,.T.);
#2821=EDGE_CURVE('',#2275,#2276,#620,.T.);
#2822=EDGE_CURVE('',#2274,#2276,#621,.T.);
#2823=EDGE_CURVE('',#2272,#2275,#622,.T.);
#2824=EDGE_CURVE('',#2276,#2271,#623,.T.);
#2825=EDGE_CURVE('',#2192,#2277,#624,.T.);
#2826=EDGE_CURVE('',#2278,#2277,#625,.T.);
#2827=EDGE_CURVE('',#2189,#2278,#626,.T.);
#2828=EDGE_CURVE('',#2279,#2273,#627,.T.);
#2829=EDGE_CURVE('',#2274,#2280,#628,.T.);
#2830=EDGE_CURVE('',#2280,#2279,#629,.T.);
#2831=EDGE_CURVE('',#2281,#2265,#630,.T.);
#2832=EDGE_CURVE('',#2266,#2282,#631,.T.);
#2833=EDGE_CURVE('',#2282,#2281,#632,.T.);
#2834=EDGE_CURVE('',#2283,#2257,#633,.T.);
#2835=EDGE_CURVE('',#2258,#2284,#634,.T.);
#2836=EDGE_CURVE('',#2284,#2283,#635,.T.);
#2837=EDGE_CURVE('',#2283,#2285,#636,.T.);
#2838=EDGE_CURVE('',#2285,#2253,#637,.T.);
#2839=EDGE_CURVE('',#2284,#2286,#638,.T.);
#2840=EDGE_CURVE('',#2286,#2285,#639,.T.);
#2841=EDGE_CURVE('',#2254,#2286,#640,.T.);
#2842=EDGE_CURVE('',#2281,#2287,#641,.T.);
#2843=EDGE_CURVE('',#2287,#2261,#642,.T.);
#2844=EDGE_CURVE('',#2282,#2288,#643,.T.);
#2845=EDGE_CURVE('',#2288,#2287,#644,.T.);
#2846=EDGE_CURVE('',#2262,#2288,#645,.T.);
#2847=EDGE_CURVE('',#2279,#2289,#646,.T.);
#2848=EDGE_CURVE('',#2289,#2269,#647,.T.);
#2849=EDGE_CURVE('',#2280,#2290,#648,.T.);
#2850=EDGE_CURVE('',#2290,#2289,#649,.T.);
#2851=EDGE_CURVE('',#2270,#2290,#650,.T.);
#2852=EDGE_CURVE('',#2291,#2292,#1958,.T.);
#2853=EDGE_CURVE('',#2293,#2291,#651,.T.);
#2854=EDGE_CURVE('',#2294,#2293,#652,.T.);
#2855=EDGE_CURVE('',#2295,#2294,#653,.T.);
#2856=EDGE_CURVE('',#2292,#2295,#1959,.T.);
#2857=EDGE_CURVE('',#2296,#2297,#1960,.T.);
#2858=EDGE_CURVE('',#2298,#2296,#654,.T.);
#2859=EDGE_CURVE('',#2299,#2298,#655,.T.);
#2860=EDGE_CURVE('',#2297,#2299,#656,.T.);
#2861=EDGE_CURVE('',#2298,#2300,#657,.T.);
#2862=EDGE_CURVE('',#2300,#2301,#658,.T.);
#2863=EDGE_CURVE('',#2299,#2301,#659,.T.);
#2864=EDGE_CURVE('',#2295,#2296,#660,.T.);
#2865=EDGE_CURVE('',#2294,#2302,#661,.T.);
#2866=EDGE_CURVE('',#2302,#2300,#662,.T.);
#2867=EDGE_CURVE('',#2293,#2303,#663,.T.);
#2868=EDGE_CURVE('',#2303,#2302,#664,.T.);
#2869=EDGE_CURVE('',#2297,#2291,#665,.T.);
#2870=EDGE_CURVE('',#2301,#2303,#666,.T.);
#2871=EDGE_CURVE('',#2304,#2305,#1961,.T.);
#2872=EDGE_CURVE('',#2306,#2304,#667,.T.);
#2873=EDGE_CURVE('',#2307,#2306,#668,.T.);
#2874=EDGE_CURVE('',#2308,#2307,#669,.T.);
#2875=EDGE_CURVE('',#2305,#2308,#1962,.T.);
#2876=EDGE_CURVE('',#2309,#2310,#1963,.T.);
#2877=EDGE_CURVE('',#2311,#2309,#670,.T.);
#2878=EDGE_CURVE('',#2312,#2311,#671,.T.);
#2879=EDGE_CURVE('',#2310,#2312,#672,.T.);
#2880=EDGE_CURVE('',#2311,#2313,#673,.T.);
#2881=EDGE_CURVE('',#2313,#2314,#674,.T.);
#2882=EDGE_CURVE('',#2312,#2314,#675,.T.);
#2883=EDGE_CURVE('',#2308,#2309,#676,.T.);
#2884=EDGE_CURVE('',#2307,#2315,#677,.T.);
#2885=EDGE_CURVE('',#2315,#2313,#678,.T.);
#2886=EDGE_CURVE('',#2306,#2316,#679,.T.);
#2887=EDGE_CURVE('',#2316,#2315,#680,.T.);
#2888=EDGE_CURVE('',#2310,#2304,#681,.T.);
#2889=EDGE_CURVE('',#2314,#2316,#682,.T.);
#2890=EDGE_CURVE('',#2317,#2318,#1964,.T.);
#2891=EDGE_CURVE('',#2319,#2317,#683,.T.);
#2892=EDGE_CURVE('',#2320,#2319,#684,.T.);
#2893=EDGE_CURVE('',#2321,#2320,#685,.T.);
#2894=EDGE_CURVE('',#2318,#2321,#1965,.T.);
#2895=EDGE_CURVE('',#2322,#2323,#1966,.T.);
#2896=EDGE_CURVE('',#2324,#2322,#686,.T.);
#2897=EDGE_CURVE('',#2325,#2324,#687,.T.);
#2898=EDGE_CURVE('',#2323,#2325,#688,.T.);
#2899=EDGE_CURVE('',#2324,#2326,#689,.T.);
#2900=EDGE_CURVE('',#2326,#2327,#690,.T.);
#2901=EDGE_CURVE('',#2325,#2327,#691,.T.);
#2902=EDGE_CURVE('',#2321,#2322,#692,.T.);
#2903=EDGE_CURVE('',#2320,#2328,#693,.T.);
#2904=EDGE_CURVE('',#2328,#2326,#694,.T.);
#2905=EDGE_CURVE('',#2319,#2329,#695,.T.);
#2906=EDGE_CURVE('',#2329,#2328,#696,.T.);
#2907=EDGE_CURVE('',#2323,#2317,#697,.T.);
#2908=EDGE_CURVE('',#2327,#2329,#698,.T.);
#2909=EDGE_CURVE('',#2297,#2291,#1967,.T.);
#2910=EDGE_CURVE('',#2310,#2304,#1968,.T.);
#2911=EDGE_CURVE('',#2323,#2317,#1969,.T.);
#2912=EDGE_CURVE('',#2330,#2330,#1970,.T.);
#2913=EDGE_CURVE('',#2330,#2292,#699,.T.);
#2914=EDGE_CURVE('',#2295,#2296,#1971,.T.);
#2915=EDGE_CURVE('',#2331,#2331,#1972,.T.);
#2916=EDGE_CURVE('',#2331,#2305,#700,.T.);
#2917=EDGE_CURVE('',#2308,#2309,#1973,.T.);
#2918=EDGE_CURVE('',#2332,#2332,#1974,.T.);
#2919=EDGE_CURVE('',#2332,#2318,#701,.T.);
#2920=EDGE_CURVE('',#2321,#2322,#1975,.T.);
#2921=EDGE_CURVE('',#2333,#2334,#702,.T.);
#2922=EDGE_CURVE('',#2333,#2335,#703,.T.);
#2923=EDGE_CURVE('',#2336,#2335,#704,.T.);
#2924=EDGE_CURVE('',#2334,#2336,#705,.T.);
#2925=EDGE_CURVE('',#2334,#2337,#706,.T.);
#2926=EDGE_CURVE('',#2338,#2336,#707,.T.);
#2927=EDGE_CURVE('',#2337,#2338,#708,.T.);
#2928=EDGE_CURVE('',#2337,#2339,#709,.T.);
#2929=EDGE_CURVE('',#2340,#2338,#710,.T.);
#2930=EDGE_CURVE('',#2339,#2340,#711,.T.);
#2931=EDGE_CURVE('',#2339,#2333,#712,.T.);
#2932=EDGE_CURVE('',#2335,#2340,#713,.T.);
#2933=EDGE_CURVE('',#2341,#2342,#714,.T.);
#2934=EDGE_CURVE('',#2341,#2343,#715,.T.);
#2935=EDGE_CURVE('',#2344,#2343,#716,.T.);
#2936=EDGE_CURVE('',#2342,#2344,#717,.T.);
#2937=EDGE_CURVE('',#2342,#2345,#718,.T.);
#2938=EDGE_CURVE('',#2346,#2344,#719,.T.);
#2939=EDGE_CURVE('',#2345,#2346,#720,.T.);
#2940=EDGE_CURVE('',#2345,#2347,#721,.T.);
#2941=EDGE_CURVE('',#2348,#2346,#722,.T.);
#2942=EDGE_CURVE('',#2347,#2348,#723,.T.);
#2943=EDGE_CURVE('',#2347,#2341,#724,.T.);
#2944=EDGE_CURVE('',#2343,#2348,#725,.T.);
#2945=EDGE_CURVE('',#2349,#2350,#726,.T.);
#2946=EDGE_CURVE('',#2349,#2351,#727,.T.);
#2947=EDGE_CURVE('',#2352,#2351,#728,.T.);
#2948=EDGE_CURVE('',#2350,#2352,#729,.T.);
#2949=EDGE_CURVE('',#2350,#2353,#730,.T.);
#2950=EDGE_CURVE('',#2354,#2352,#731,.T.);
#2951=EDGE_CURVE('',#2353,#2354,#732,.T.);
#2952=EDGE_CURVE('',#2353,#2355,#733,.T.);
#2953=EDGE_CURVE('',#2356,#2354,#734,.T.);
#2954=EDGE_CURVE('',#2355,#2356,#735,.T.);
#2955=EDGE_CURVE('',#2355,#2349,#736,.T.);
#2956=EDGE_CURVE('',#2351,#2356,#737,.T.);
#2957=EDGE_CURVE('',#2357,#2358,#738,.T.);
#2958=EDGE_CURVE('',#2210,#2357,#739,.T.);
#2959=EDGE_CURVE('',#2358,#2217,#740,.T.);
#2960=EDGE_CURVE('',#2359,#2360,#741,.T.);
#2961=EDGE_CURVE('',#2202,#2359,#742,.T.);
#2962=EDGE_CURVE('',#2360,#2209,#743,.T.);
#2963=EDGE_CURVE('',#2361,#2362,#744,.T.);
#2964=EDGE_CURVE('',#2198,#2361,#745,.T.);
#2965=EDGE_CURVE('',#2362,#2197,#746,.T.);
#2966=EDGE_CURVE('',#2363,#2364,#747,.T.);
#2967=EDGE_CURVE('',#2196,#2363,#748,.T.);
#2968=EDGE_CURVE('',#2364,#2195,#749,.T.);
#2969=EDGE_CURVE('',#2365,#2366,#750,.T.);
#2970=EDGE_CURVE('',#2206,#2365,#751,.T.);
#2971=EDGE_CURVE('',#2366,#2205,#752,.T.);
#2972=EDGE_CURVE('',#2367,#2368,#753,.T.);
#2973=EDGE_CURVE('',#2214,#2367,#754,.T.);
#2974=EDGE_CURVE('',#2368,#2213,#755,.T.);
#2975=EDGE_CURVE('',#2369,#2370,#756,.T.);
#2976=EDGE_CURVE('',#2216,#2369,#757,.T.);
#2977=EDGE_CURVE('',#2370,#2215,#758,.T.);
#2978=EDGE_CURVE('',#2371,#2372,#759,.T.);
#2979=EDGE_CURVE('',#2208,#2371,#760,.T.);
#2980=EDGE_CURVE('',#2372,#2207,#761,.T.);
#2981=EDGE_CURVE('',#2373,#2374,#762,.T.);
#2982=EDGE_CURVE('',#2200,#2373,#763,.T.);
#2983=EDGE_CURVE('',#2374,#2199,#764,.T.);
#2984=EDGE_CURVE('',#2375,#2376,#765,.T.);
#2985=EDGE_CURVE('',#2194,#2375,#766,.T.);
#2986=EDGE_CURVE('',#2376,#2201,#767,.T.);
#2987=EDGE_CURVE('',#2377,#2378,#768,.T.);
#2988=EDGE_CURVE('',#2204,#2377,#769,.T.);
#2989=EDGE_CURVE('',#2378,#2203,#770,.T.);
#2990=EDGE_CURVE('',#2379,#2380,#771,.T.);
#2991=EDGE_CURVE('',#2212,#2379,#772,.T.);
#2992=EDGE_CURVE('',#2380,#2211,#773,.T.);
#2993=EDGE_CURVE('',#2360,#2371,#774,.T.);
#2994=EDGE_CURVE('',#2362,#2363,#775,.T.);
#2995=EDGE_CURVE('',#2364,#2375,#776,.T.);
#2996=EDGE_CURVE('',#2376,#2373,#777,.T.);
#2997=EDGE_CURVE('',#2374,#2361,#778,.T.);
#2998=EDGE_CURVE('',#2378,#2359,#779,.T.);
#2999=EDGE_CURVE('',#2380,#2357,#780,.T.);
#3000=EDGE_CURVE('',#2368,#2379,#781,.T.);
#3001=EDGE_CURVE('',#2370,#2367,#782,.T.);
#3002=EDGE_CURVE('',#2358,#2369,#783,.T.);
#3003=EDGE_CURVE('',#2366,#2377,#784,.T.);
#3004=EDGE_CURVE('',#2372,#2365,#785,.T.);
#3005=EDGE_CURVE('',#2381,#2382,#1976,.T.);
#3006=EDGE_CURVE('',#2383,#2382,#1977,.T.);
#3007=EDGE_CURVE('',#2382,#2381,#1978,.T.);
#3008=EDGE_CURVE('',#2381,#2384,#786,.T.);
#3009=EDGE_CURVE('',#2384,#2384,#1979,.T.);
#3010=EDGE_CURVE('',#2385,#2385,#1980,.T.);
#3011=EDGE_CURVE('',#2385,#2193,#787,.T.);
#3012=EDGE_CURVE('',#2386,#2387,#788,.T.);
#3013=EDGE_CURVE('',#2388,#2386,#789,.T.);
#3014=EDGE_CURVE('',#2389,#2388,#790,.T.);
#3015=EDGE_CURVE('',#2387,#2389,#791,.T.);
#3016=EDGE_CURVE('',#2387,#2390,#792,.T.);
#3017=EDGE_CURVE('',#2390,#2391,#793,.T.);
#3018=EDGE_CURVE('',#2386,#2391,#794,.T.);
#3019=EDGE_CURVE('',#2388,#2392,#795,.T.);
#3020=EDGE_CURVE('',#2393,#2392,#796,.T.);
#3021=EDGE_CURVE('',#2389,#2393,#797,.T.);
#3022=EDGE_CURVE('',#2392,#2278,#798,.T.);
#3023=EDGE_CURVE('',#2277,#2393,#799,.T.);
#3024=EDGE_CURVE('',#2190,#2391,#800,.T.);
#3025=EDGE_CURVE('',#2191,#2390,#801,.T.);
#3026=EDGE_CURVE('',#2185,#2394,#802,.T.);
#3027=EDGE_CURVE('',#2394,#2394,#1981,.T.);
#3028=EDGE_CURVE('',#2186,#2395,#803,.T.);
#3029=EDGE_CURVE('',#2395,#2395,#1982,.T.);
#3030=EDGE_CURVE('',#2187,#2396,#804,.T.);
#3031=EDGE_CURVE('',#2396,#2396,#1983,.T.);
#3032=EDGE_CURVE('',#2188,#2397,#805,.T.);
#3033=EDGE_CURVE('',#2397,#2397,#1984,.T.);
#3034=EDGE_CURVE('',#2398,#2399,#806,.T.);
#3035=EDGE_CURVE('',#2399,#2177,#807,.T.);
#3036=EDGE_CURVE('',#2398,#2184,#808,.T.);
#3037=EDGE_CURVE('',#2400,#2398,#1985,.T.);
#3038=EDGE_CURVE('',#2400,#2183,#809,.T.);
#3039=EDGE_CURVE('',#2401,#2400,#810,.T.);
#3040=EDGE_CURVE('',#2401,#2182,#811,.T.);
#3041=EDGE_CURVE('',#2402,#2401,#1986,.T.);
#3042=EDGE_CURVE('',#2402,#2181,#812,.T.);
#3043=EDGE_CURVE('',#2403,#2402,#813,.T.);
#3044=EDGE_CURVE('',#2403,#2180,#814,.T.);
#3045=EDGE_CURVE('',#2404,#2403,#1987,.T.);
#3046=EDGE_CURVE('',#2404,#2179,#815,.T.);
#3047=EDGE_CURVE('',#2405,#2404,#816,.T.);
#3048=EDGE_CURVE('',#2405,#2178,#817,.T.);
#3049=EDGE_CURVE('',#2399,#2405,#1988,.T.);
#3050=ORIENTED_EDGE('',*,*,#2406,.T.);
#3051=ORIENTED_EDGE('',*,*,#2407,.T.);
#3052=ORIENTED_EDGE('',*,*,#2408,.T.);
#3053=ORIENTED_EDGE('',*,*,#2409,.T.);
#3054=ORIENTED_EDGE('',*,*,#2407,.F.);
#3055=ORIENTED_EDGE('',*,*,#2409,.F.);
#3056=ORIENTED_EDGE('',*,*,#2410,.T.);
#3057=ORIENTED_EDGE('',*,*,#2411,.F.);
#3058=ORIENTED_EDGE('',*,*,#2410,.F.);
#3059=ORIENTED_EDGE('',*,*,#2408,.F.);
#3060=ORIENTED_EDGE('',*,*,#2406,.F.);
#3061=ORIENTED_EDGE('',*,*,#2412,.T.);
#3062=ORIENTED_EDGE('',*,*,#2413,.T.);
#3063=ORIENTED_EDGE('',*,*,#2414,.T.);
#3064=ORIENTED_EDGE('',*,*,#2415,.T.);
#3065=ORIENTED_EDGE('',*,*,#2413,.F.);
#3066=ORIENTED_EDGE('',*,*,#2415,.F.);
#3067=ORIENTED_EDGE('',*,*,#2416,.T.);
#3068=ORIENTED_EDGE('',*,*,#2417,.F.);
#3069=ORIENTED_EDGE('',*,*,#2416,.F.);
#3070=ORIENTED_EDGE('',*,*,#2414,.F.);
#3071=ORIENTED_EDGE('',*,*,#2412,.F.);
#3072=ORIENTED_EDGE('',*,*,#2418,.T.);
#3073=ORIENTED_EDGE('',*,*,#2419,.T.);
#3074=ORIENTED_EDGE('',*,*,#2420,.T.);
#3075=ORIENTED_EDGE('',*,*,#2421,.T.);
#3076=ORIENTED_EDGE('',*,*,#2419,.F.);
#3077=ORIENTED_EDGE('',*,*,#2421,.F.);
#3078=ORIENTED_EDGE('',*,*,#2422,.T.);
#3079=ORIENTED_EDGE('',*,*,#2423,.F.);
#3080=ORIENTED_EDGE('',*,*,#2422,.F.);
#3081=ORIENTED_EDGE('',*,*,#2420,.F.);
#3082=ORIENTED_EDGE('',*,*,#2418,.F.);
#3083=ORIENTED_EDGE('',*,*,#2424,.F.);
#3084=ORIENTED_EDGE('',*,*,#2425,.T.);
#3085=ORIENTED_EDGE('',*,*,#2426,.F.);
#3086=ORIENTED_EDGE('',*,*,#2427,.F.);
#3087=ORIENTED_EDGE('',*,*,#2428,.F.);
#3088=ORIENTED_EDGE('',*,*,#2429,.T.);
#3089=ORIENTED_EDGE('',*,*,#2430,.F.);
#3090=ORIENTED_EDGE('',*,*,#2431,.F.);
#3091=ORIENTED_EDGE('',*,*,#2432,.F.);
#3092=ORIENTED_EDGE('',*,*,#2433,.T.);
#3093=ORIENTED_EDGE('',*,*,#2434,.F.);
#3094=ORIENTED_EDGE('',*,*,#2435,.F.);
#3095=ORIENTED_EDGE('',*,*,#2436,.F.);
#3096=ORIENTED_EDGE('',*,*,#2437,.F.);
#3097=ORIENTED_EDGE('',*,*,#2425,.F.);
#3098=ORIENTED_EDGE('',*,*,#2438,.F.);
#3099=ORIENTED_EDGE('',*,*,#2439,.F.);
#3100=ORIENTED_EDGE('',*,*,#2440,.F.);
#3101=ORIENTED_EDGE('',*,*,#2441,.F.);
#3102=ORIENTED_EDGE('',*,*,#2442,.F.);
#3103=ORIENTED_EDGE('',*,*,#2433,.F.);
#3104=ORIENTED_EDGE('',*,*,#2443,.F.);
#3105=ORIENTED_EDGE('',*,*,#2444,.F.);
#3106=ORIENTED_EDGE('',*,*,#2445,.F.);
#3107=ORIENTED_EDGE('',*,*,#2429,.F.);
#3108=ORIENTED_EDGE('',*,*,#2446,.F.);
#3109=ORIENTED_EDGE('',*,*,#2447,.F.);
#3110=ORIENTED_EDGE('',*,*,#2430,.T.);
#3111=ORIENTED_EDGE('',*,*,#2445,.T.);
#3112=ORIENTED_EDGE('',*,*,#2448,.F.);
#3113=ORIENTED_EDGE('',*,*,#2449,.F.);
#3114=ORIENTED_EDGE('',*,*,#2426,.T.);
#3115=ORIENTED_EDGE('',*,*,#2437,.T.);
#3116=ORIENTED_EDGE('',*,*,#2450,.F.);
#3117=ORIENTED_EDGE('',*,*,#2451,.F.);
#3118=ORIENTED_EDGE('',*,*,#2452,.T.);
#3119=ORIENTED_EDGE('',*,*,#2439,.T.);
#3120=ORIENTED_EDGE('',*,*,#2453,.F.);
#3121=ORIENTED_EDGE('',*,*,#2440,.T.);
#3122=ORIENTED_EDGE('',*,*,#2452,.F.);
#3123=ORIENTED_EDGE('',*,*,#2454,.F.);
#3124=ORIENTED_EDGE('',*,*,#2455,.F.);
#3125=ORIENTED_EDGE('',*,*,#2456,.F.);
#3126=ORIENTED_EDGE('',*,*,#2434,.T.);
#3127=ORIENTED_EDGE('',*,*,#2442,.T.);
#3128=ORIENTED_EDGE('',*,*,#2457,.F.);
#3129=ORIENTED_EDGE('',*,*,#2458,.T.);
#3130=ORIENTED_EDGE('',*,*,#2459,.F.);
#3131=ORIENTED_EDGE('',*,*,#2460,.F.);
#3132=ORIENTED_EDGE('',*,*,#2461,.F.);
#3133=ORIENTED_EDGE('',*,*,#2462,.T.);
#3134=ORIENTED_EDGE('',*,*,#2463,.F.);
#3135=ORIENTED_EDGE('',*,*,#2464,.F.);
#3136=ORIENTED_EDGE('',*,*,#2465,.F.);
#3137=ORIENTED_EDGE('',*,*,#2466,.T.);
#3138=ORIENTED_EDGE('',*,*,#2467,.F.);
#3139=ORIENTED_EDGE('',*,*,#2468,.F.);
#3140=ORIENTED_EDGE('',*,*,#2469,.F.);
#3141=ORIENTED_EDGE('',*,*,#2470,.F.);
#3142=ORIENTED_EDGE('',*,*,#2467,.T.);
#3143=ORIENTED_EDGE('',*,*,#2471,.T.);
#3144=ORIENTED_EDGE('',*,*,#2472,.F.);
#3145=ORIENTED_EDGE('',*,*,#2473,.F.);
#3146=ORIENTED_EDGE('',*,*,#2459,.T.);
#3147=ORIENTED_EDGE('',*,*,#2474,.T.);
#3148=ORIENTED_EDGE('',*,*,#2475,.F.);
#3149=ORIENTED_EDGE('',*,*,#2476,.F.);
#3150=ORIENTED_EDGE('',*,*,#2463,.T.);
#3151=ORIENTED_EDGE('',*,*,#2477,.T.);
#3152=ORIENTED_EDGE('',*,*,#2478,.F.);
#3153=ORIENTED_EDGE('',*,*,#2479,.F.);
#3154=ORIENTED_EDGE('',*,*,#2480,.T.);
#3155=ORIENTED_EDGE('',*,*,#2481,.T.);
#3156=ORIENTED_EDGE('',*,*,#2482,.F.);
#3157=ORIENTED_EDGE('',*,*,#2483,.T.);
#3158=ORIENTED_EDGE('',*,*,#2480,.F.);
#3159=ORIENTED_EDGE('',*,*,#2484,.F.);
#3160=ORIENTED_EDGE('',*,*,#2485,.F.);
#3161=ORIENTED_EDGE('',*,*,#2477,.F.);
#3162=ORIENTED_EDGE('',*,*,#2462,.F.);
#3163=ORIENTED_EDGE('',*,*,#2486,.F.);
#3164=ORIENTED_EDGE('',*,*,#2481,.F.);
#3165=ORIENTED_EDGE('',*,*,#2483,.F.);
#3166=ORIENTED_EDGE('',*,*,#2487,.F.);
#3167=ORIENTED_EDGE('',*,*,#2471,.F.);
#3168=ORIENTED_EDGE('',*,*,#2466,.F.);
#3169=ORIENTED_EDGE('',*,*,#2488,.F.);
#3170=ORIENTED_EDGE('',*,*,#2474,.F.);
#3171=ORIENTED_EDGE('',*,*,#2458,.F.);
#3172=ORIENTED_EDGE('',*,*,#2489,.F.);
#3173=ORIENTED_EDGE('',*,*,#2490,.F.);
#3174=ORIENTED_EDGE('',*,*,#2491,.T.);
#3175=ORIENTED_EDGE('',*,*,#2492,.F.);
#3176=ORIENTED_EDGE('',*,*,#2493,.F.);
#3177=ORIENTED_EDGE('',*,*,#2494,.F.);
#3178=ORIENTED_EDGE('',*,*,#2495,.T.);
#3179=ORIENTED_EDGE('',*,*,#2496,.F.);
#3180=ORIENTED_EDGE('',*,*,#2497,.F.);
#3181=ORIENTED_EDGE('',*,*,#2498,.F.);
#3182=ORIENTED_EDGE('',*,*,#2499,.T.);
#3183=ORIENTED_EDGE('',*,*,#2500,.F.);
#3184=ORIENTED_EDGE('',*,*,#2501,.F.);
#3185=ORIENTED_EDGE('',*,*,#2502,.F.);
#3186=ORIENTED_EDGE('',*,*,#2503,.F.);
#3187=ORIENTED_EDGE('',*,*,#2495,.F.);
#3188=ORIENTED_EDGE('',*,*,#2504,.F.);
#3189=ORIENTED_EDGE('',*,*,#2505,.F.);
#3190=ORIENTED_EDGE('',*,*,#2506,.F.);
#3191=ORIENTED_EDGE('',*,*,#2507,.F.);
#3192=ORIENTED_EDGE('',*,*,#2508,.F.);
#3193=ORIENTED_EDGE('',*,*,#2499,.F.);
#3194=ORIENTED_EDGE('',*,*,#2509,.F.);
#3195=ORIENTED_EDGE('',*,*,#2510,.F.);
#3196=ORIENTED_EDGE('',*,*,#2491,.F.);
#3197=ORIENTED_EDGE('',*,*,#2511,.F.);
#3198=ORIENTED_EDGE('',*,*,#2512,.F.);
#3199=ORIENTED_EDGE('',*,*,#2513,.F.);
#3200=ORIENTED_EDGE('',*,*,#2492,.T.);
#3201=ORIENTED_EDGE('',*,*,#2510,.T.);
#3202=ORIENTED_EDGE('',*,*,#2514,.F.);
#3203=ORIENTED_EDGE('',*,*,#2515,.F.);
#3204=ORIENTED_EDGE('',*,*,#2496,.T.);
#3205=ORIENTED_EDGE('',*,*,#2503,.T.);
#3206=ORIENTED_EDGE('',*,*,#2516,.F.);
#3207=ORIENTED_EDGE('',*,*,#2517,.F.);
#3208=ORIENTED_EDGE('',*,*,#2518,.T.);
#3209=ORIENTED_EDGE('',*,*,#2505,.T.);
#3210=ORIENTED_EDGE('',*,*,#2519,.F.);
#3211=ORIENTED_EDGE('',*,*,#2506,.T.);
#3212=ORIENTED_EDGE('',*,*,#2518,.F.);
#3213=ORIENTED_EDGE('',*,*,#2520,.F.);
#3214=ORIENTED_EDGE('',*,*,#2521,.F.);
#3215=ORIENTED_EDGE('',*,*,#2522,.F.);
#3216=ORIENTED_EDGE('',*,*,#2500,.T.);
#3217=ORIENTED_EDGE('',*,*,#2508,.T.);
#3218=ORIENTED_EDGE('',*,*,#2448,.T.);
#3219=ORIENTED_EDGE('',*,*,#2436,.T.);
#3220=ORIENTED_EDGE('',*,*,#2428,.T.);
#3221=ORIENTED_EDGE('',*,*,#2523,.T.);
#3222=ORIENTED_EDGE('',*,*,#2446,.T.);
#3223=ORIENTED_EDGE('',*,*,#2444,.T.);
#3224=ORIENTED_EDGE('',*,*,#2524,.T.);
#3225=ORIENTED_EDGE('',*,*,#2525,.F.);
#3226=ORIENTED_EDGE('',*,*,#2526,.F.);
#3227=ORIENTED_EDGE('',*,*,#2527,.F.);
#3228=ORIENTED_EDGE('',*,*,#2528,.F.);
#3229=ORIENTED_EDGE('',*,*,#2524,.F.);
#3230=ORIENTED_EDGE('',*,*,#2443,.T.);
#3231=ORIENTED_EDGE('',*,*,#2432,.T.);
#3232=ORIENTED_EDGE('',*,*,#2529,.T.);
#3233=ORIENTED_EDGE('',*,*,#2455,.T.);
#3234=ORIENTED_EDGE('',*,*,#2441,.T.);
#3235=ORIENTED_EDGE('',*,*,#2453,.T.);
#3236=ORIENTED_EDGE('',*,*,#2530,.T.);
#3237=ORIENTED_EDGE('',*,*,#2450,.T.);
#3238=ORIENTED_EDGE('',*,*,#2438,.T.);
#3239=ORIENTED_EDGE('',*,*,#2424,.T.);
#3240=ORIENTED_EDGE('',*,*,#2531,.T.);
#3241=ORIENTED_EDGE('',*,*,#2435,.T.);
#3242=ORIENTED_EDGE('',*,*,#2456,.T.);
#3243=ORIENTED_EDGE('',*,*,#2529,.F.);
#3244=ORIENTED_EDGE('',*,*,#2431,.T.);
#3245=ORIENTED_EDGE('',*,*,#2447,.T.);
#3246=ORIENTED_EDGE('',*,*,#2523,.F.);
#3247=ORIENTED_EDGE('',*,*,#2451,.T.);
#3248=ORIENTED_EDGE('',*,*,#2530,.F.);
#3249=ORIENTED_EDGE('',*,*,#2454,.T.);
#3250=ORIENTED_EDGE('',*,*,#2468,.T.);
#3251=ORIENTED_EDGE('',*,*,#2470,.T.);
#3252=ORIENTED_EDGE('',*,*,#2532,.F.);
#3253=ORIENTED_EDGE('',*,*,#2479,.T.);
#3254=ORIENTED_EDGE('',*,*,#2533,.F.);
#3255=ORIENTED_EDGE('',*,*,#2484,.T.);
#3256=ORIENTED_EDGE('',*,*,#2476,.T.);
#3257=ORIENTED_EDGE('',*,*,#2534,.F.);
#3258=ORIENTED_EDGE('',*,*,#2464,.T.);
#3259=ORIENTED_EDGE('',*,*,#2460,.T.);
#3260=ORIENTED_EDGE('',*,*,#2473,.T.);
#3261=ORIENTED_EDGE('',*,*,#2535,.F.);
#3262=ORIENTED_EDGE('',*,*,#2501,.T.);
#3263=ORIENTED_EDGE('',*,*,#2522,.T.);
#3264=ORIENTED_EDGE('',*,*,#2536,.F.);
#3265=ORIENTED_EDGE('',*,*,#2493,.T.);
#3266=ORIENTED_EDGE('',*,*,#2513,.T.);
#3267=ORIENTED_EDGE('',*,*,#2537,.F.);
#3268=ORIENTED_EDGE('',*,*,#2517,.T.);
#3269=ORIENTED_EDGE('',*,*,#2538,.F.);
#3270=ORIENTED_EDGE('',*,*,#2520,.T.);
#3271=ORIENTED_EDGE('',*,*,#2514,.T.);
#3272=ORIENTED_EDGE('',*,*,#2502,.T.);
#3273=ORIENTED_EDGE('',*,*,#2539,.T.);
#3274=ORIENTED_EDGE('',*,*,#2540,.F.);
#3275=ORIENTED_EDGE('',*,*,#2541,.F.);
#3276=ORIENTED_EDGE('',*,*,#2542,.F.);
#3277=ORIENTED_EDGE('',*,*,#2543,.F.);
#3278=ORIENTED_EDGE('',*,*,#2539,.F.);
#3279=ORIENTED_EDGE('',*,*,#2511,.T.);
#3280=ORIENTED_EDGE('',*,*,#2490,.T.);
#3281=ORIENTED_EDGE('',*,*,#2537,.T.);
#3282=ORIENTED_EDGE('',*,*,#2512,.T.);
#3283=ORIENTED_EDGE('',*,*,#2509,.T.);
#3284=ORIENTED_EDGE('',*,*,#2498,.T.);
#3285=ORIENTED_EDGE('',*,*,#2536,.T.);
#3286=ORIENTED_EDGE('',*,*,#2521,.T.);
#3287=ORIENTED_EDGE('',*,*,#2507,.T.);
#3288=ORIENTED_EDGE('',*,*,#2519,.T.);
#3289=ORIENTED_EDGE('',*,*,#2538,.T.);
#3290=ORIENTED_EDGE('',*,*,#2516,.T.);
#3291=ORIENTED_EDGE('',*,*,#2504,.T.);
#3292=ORIENTED_EDGE('',*,*,#2494,.T.);
#3293=ORIENTED_EDGE('',*,*,#2544,.T.);
#3294=ORIENTED_EDGE('',*,*,#2449,.T.);
#3295=ORIENTED_EDGE('',*,*,#2531,.F.);
#3296=ORIENTED_EDGE('',*,*,#2427,.T.);
#3297=ORIENTED_EDGE('',*,*,#2457,.T.);
#3298=ORIENTED_EDGE('',*,*,#2535,.T.);
#3299=ORIENTED_EDGE('',*,*,#2472,.T.);
#3300=ORIENTED_EDGE('',*,*,#2488,.T.);
#3301=ORIENTED_EDGE('',*,*,#2465,.T.);
#3302=ORIENTED_EDGE('',*,*,#2532,.T.);
#3303=ORIENTED_EDGE('',*,*,#2469,.T.);
#3304=ORIENTED_EDGE('',*,*,#2487,.T.);
#3305=ORIENTED_EDGE('',*,*,#2482,.T.);
#3306=ORIENTED_EDGE('',*,*,#2533,.T.);
#3307=ORIENTED_EDGE('',*,*,#2478,.T.);
#3308=ORIENTED_EDGE('',*,*,#2486,.T.);
#3309=ORIENTED_EDGE('',*,*,#2461,.T.);
#3310=ORIENTED_EDGE('',*,*,#2534,.T.);
#3311=ORIENTED_EDGE('',*,*,#2475,.T.);
#3312=ORIENTED_EDGE('',*,*,#2485,.T.);
#3313=ORIENTED_EDGE('',*,*,#2545,.T.);
#3314=ORIENTED_EDGE('',*,*,#2546,.F.);
#3315=ORIENTED_EDGE('',*,*,#2547,.F.);
#3316=ORIENTED_EDGE('',*,*,#2548,.F.);
#3317=ORIENTED_EDGE('',*,*,#2549,.F.);
#3318=ORIENTED_EDGE('',*,*,#2545,.F.);
#3319=ORIENTED_EDGE('',*,*,#2489,.T.);
#3320=ORIENTED_EDGE('',*,*,#2515,.T.);
#3321=ORIENTED_EDGE('',*,*,#2544,.F.);
#3322=ORIENTED_EDGE('',*,*,#2497,.T.);
#3323=ORIENTED_EDGE('',*,*,#2525,.T.);
#3324=ORIENTED_EDGE('',*,*,#2550,.F.);
#3325=ORIENTED_EDGE('',*,*,#2551,.F.);
#3326=ORIENTED_EDGE('',*,*,#2528,.T.);
#3327=ORIENTED_EDGE('',*,*,#2552,.F.);
#3328=ORIENTED_EDGE('',*,*,#2553,.F.);
#3329=ORIENTED_EDGE('',*,*,#2527,.T.);
#3330=ORIENTED_EDGE('',*,*,#2554,.F.);
#3331=ORIENTED_EDGE('',*,*,#2555,.F.);
#3332=ORIENTED_EDGE('',*,*,#2526,.T.);
#3333=ORIENTED_EDGE('',*,*,#2556,.F.);
#3334=ORIENTED_EDGE('',*,*,#2557,.F.);
#3335=ORIENTED_EDGE('',*,*,#2546,.T.);
#3336=ORIENTED_EDGE('',*,*,#2558,.F.);
#3337=ORIENTED_EDGE('',*,*,#2559,.F.);
#3338=ORIENTED_EDGE('',*,*,#2549,.T.);
#3339=ORIENTED_EDGE('',*,*,#2560,.F.);
#3340=ORIENTED_EDGE('',*,*,#2561,.F.);
#3341=ORIENTED_EDGE('',*,*,#2548,.T.);
#3342=ORIENTED_EDGE('',*,*,#2562,.F.);
#3343=ORIENTED_EDGE('',*,*,#2563,.F.);
#3344=ORIENTED_EDGE('',*,*,#2547,.T.);
#3345=ORIENTED_EDGE('',*,*,#2564,.F.);
#3346=ORIENTED_EDGE('',*,*,#2565,.F.);
#3347=ORIENTED_EDGE('',*,*,#2540,.T.);
#3348=ORIENTED_EDGE('',*,*,#2566,.F.);
#3349=ORIENTED_EDGE('',*,*,#2567,.F.);
#3350=ORIENTED_EDGE('',*,*,#2543,.T.);
#3351=ORIENTED_EDGE('',*,*,#2568,.F.);
#3352=ORIENTED_EDGE('',*,*,#2569,.F.);
#3353=ORIENTED_EDGE('',*,*,#2542,.T.);
#3354=ORIENTED_EDGE('',*,*,#2570,.F.);
#3355=ORIENTED_EDGE('',*,*,#2571,.F.);
#3356=ORIENTED_EDGE('',*,*,#2541,.T.);
#3357=ORIENTED_EDGE('',*,*,#2572,.F.);
#3358=ORIENTED_EDGE('',*,*,#2573,.F.);
#3359=ORIENTED_EDGE('',*,*,#2574,.F.);
#3360=ORIENTED_EDGE('',*,*,#2575,.T.);
#3361=ORIENTED_EDGE('',*,*,#2576,.T.);
#3362=ORIENTED_EDGE('',*,*,#2577,.F.);
#3363=ORIENTED_EDGE('',*,*,#2578,.F.);
#3364=ORIENTED_EDGE('',*,*,#2579,.T.);
#3365=ORIENTED_EDGE('',*,*,#2580,.T.);
#3366=ORIENTED_EDGE('',*,*,#2581,.F.);
#3367=ORIENTED_EDGE('',*,*,#2582,.F.);
#3368=ORIENTED_EDGE('',*,*,#2577,.T.);
#3369=ORIENTED_EDGE('',*,*,#2583,.T.);
#3370=ORIENTED_EDGE('',*,*,#2579,.F.);
#3371=ORIENTED_EDGE('',*,*,#2411,.T.);
#3372=ORIENTED_EDGE('',*,*,#2583,.F.);
#3373=ORIENTED_EDGE('',*,*,#2576,.F.);
#3374=ORIENTED_EDGE('',*,*,#2584,.F.);
#3375=ORIENTED_EDGE('',*,*,#2580,.F.);
#3376=ORIENTED_EDGE('',*,*,#2585,.F.);
#3377=ORIENTED_EDGE('',*,*,#2586,.T.);
#3378=ORIENTED_EDGE('',*,*,#2587,.T.);
#3379=ORIENTED_EDGE('',*,*,#2588,.F.);
#3380=ORIENTED_EDGE('',*,*,#2589,.F.);
#3381=ORIENTED_EDGE('',*,*,#2590,.T.);
#3382=ORIENTED_EDGE('',*,*,#2591,.T.);
#3383=ORIENTED_EDGE('',*,*,#2592,.F.);
#3384=ORIENTED_EDGE('',*,*,#2593,.F.);
#3385=ORIENTED_EDGE('',*,*,#2588,.T.);
#3386=ORIENTED_EDGE('',*,*,#2594,.T.);
#3387=ORIENTED_EDGE('',*,*,#2590,.F.);
#3388=ORIENTED_EDGE('',*,*,#2417,.T.);
#3389=ORIENTED_EDGE('',*,*,#2594,.F.);
#3390=ORIENTED_EDGE('',*,*,#2587,.F.);
#3391=ORIENTED_EDGE('',*,*,#2595,.F.);
#3392=ORIENTED_EDGE('',*,*,#2591,.F.);
#3393=ORIENTED_EDGE('',*,*,#2596,.F.);
#3394=ORIENTED_EDGE('',*,*,#2597,.T.);
#3395=ORIENTED_EDGE('',*,*,#2598,.T.);
#3396=ORIENTED_EDGE('',*,*,#2599,.F.);
#3397=ORIENTED_EDGE('',*,*,#2600,.F.);
#3398=ORIENTED_EDGE('',*,*,#2601,.T.);
#3399=ORIENTED_EDGE('',*,*,#2602,.T.);
#3400=ORIENTED_EDGE('',*,*,#2603,.F.);
#3401=ORIENTED_EDGE('',*,*,#2604,.F.);
#3402=ORIENTED_EDGE('',*,*,#2599,.T.);
#3403=ORIENTED_EDGE('',*,*,#2605,.T.);
#3404=ORIENTED_EDGE('',*,*,#2601,.F.);
#3405=ORIENTED_EDGE('',*,*,#2423,.T.);
#3406=ORIENTED_EDGE('',*,*,#2605,.F.);
#3407=ORIENTED_EDGE('',*,*,#2598,.F.);
#3408=ORIENTED_EDGE('',*,*,#2606,.F.);
#3409=ORIENTED_EDGE('',*,*,#2602,.F.);
#3410=ORIENTED_EDGE('',*,*,#2556,.T.);
#3411=ORIENTED_EDGE('',*,*,#2551,.T.);
#3412=ORIENTED_EDGE('',*,*,#2607,.T.);
#3413=ORIENTED_EDGE('',*,*,#2608,.T.);
#3414=ORIENTED_EDGE('',*,*,#2609,.F.);
#3415=ORIENTED_EDGE('',*,*,#2550,.T.);
#3416=ORIENTED_EDGE('',*,*,#2553,.T.);
#3417=ORIENTED_EDGE('',*,*,#2610,.T.);
#3418=ORIENTED_EDGE('',*,*,#2611,.T.);
#3419=ORIENTED_EDGE('',*,*,#2607,.F.);
#3420=ORIENTED_EDGE('',*,*,#2552,.T.);
#3421=ORIENTED_EDGE('',*,*,#2555,.T.);
#3422=ORIENTED_EDGE('',*,*,#2612,.T.);
#3423=ORIENTED_EDGE('',*,*,#2613,.T.);
#3424=ORIENTED_EDGE('',*,*,#2610,.F.);
#3425=ORIENTED_EDGE('',*,*,#2614,.T.);
#3426=ORIENTED_EDGE('',*,*,#2612,.F.);
#3427=ORIENTED_EDGE('',*,*,#2554,.T.);
#3428=ORIENTED_EDGE('',*,*,#2557,.T.);
#3429=ORIENTED_EDGE('',*,*,#2609,.T.);
#3430=ORIENTED_EDGE('',*,*,#2614,.F.);
#3431=ORIENTED_EDGE('',*,*,#2615,.F.);
#3432=ORIENTED_EDGE('',*,*,#2616,.F.);
#3433=ORIENTED_EDGE('',*,*,#2617,.T.);
#3434=ORIENTED_EDGE('',*,*,#2608,.F.);
#3435=ORIENTED_EDGE('',*,*,#2618,.F.);
#3436=ORIENTED_EDGE('',*,*,#2619,.F.);
#3437=ORIENTED_EDGE('',*,*,#2615,.T.);
#3438=ORIENTED_EDGE('',*,*,#2558,.T.);
#3439=ORIENTED_EDGE('',*,*,#2561,.T.);
#3440=ORIENTED_EDGE('',*,*,#2620,.T.);
#3441=ORIENTED_EDGE('',*,*,#2621,.T.);
#3442=ORIENTED_EDGE('',*,*,#2622,.F.);
#3443=ORIENTED_EDGE('',*,*,#2560,.T.);
#3444=ORIENTED_EDGE('',*,*,#2563,.T.);
#3445=ORIENTED_EDGE('',*,*,#2623,.T.);
#3446=ORIENTED_EDGE('',*,*,#2624,.T.);
#3447=ORIENTED_EDGE('',*,*,#2620,.F.);
#3448=ORIENTED_EDGE('',*,*,#2562,.T.);
#3449=ORIENTED_EDGE('',*,*,#2565,.T.);
#3450=ORIENTED_EDGE('',*,*,#2625,.T.);
#3451=ORIENTED_EDGE('',*,*,#2626,.T.);
#3452=ORIENTED_EDGE('',*,*,#2623,.F.);
#3453=ORIENTED_EDGE('',*,*,#2627,.T.);
#3454=ORIENTED_EDGE('',*,*,#2625,.F.);
#3455=ORIENTED_EDGE('',*,*,#2564,.T.);
#3456=ORIENTED_EDGE('',*,*,#2559,.T.);
#3457=ORIENTED_EDGE('',*,*,#2622,.T.);
#3458=ORIENTED_EDGE('',*,*,#2627,.F.);
#3459=ORIENTED_EDGE('',*,*,#2628,.F.);
#3460=ORIENTED_EDGE('',*,*,#2629,.F.);
#3461=ORIENTED_EDGE('',*,*,#2630,.T.);
#3462=ORIENTED_EDGE('',*,*,#2589,.T.);
#3463=ORIENTED_EDGE('',*,*,#2631,.F.);
#3464=ORIENTED_EDGE('',*,*,#2628,.T.);
#3465=ORIENTED_EDGE('',*,*,#2621,.F.);
#3466=ORIENTED_EDGE('',*,*,#2632,.F.);
#3467=ORIENTED_EDGE('',*,*,#2633,.F.);
#3468=ORIENTED_EDGE('',*,*,#2585,.T.);
#3469=ORIENTED_EDGE('',*,*,#2593,.T.);
#3470=ORIENTED_EDGE('',*,*,#2570,.T.);
#3471=ORIENTED_EDGE('',*,*,#2573,.T.);
#3472=ORIENTED_EDGE('',*,*,#2634,.T.);
#3473=ORIENTED_EDGE('',*,*,#2635,.T.);
#3474=ORIENTED_EDGE('',*,*,#2636,.F.);
#3475=ORIENTED_EDGE('',*,*,#2572,.T.);
#3476=ORIENTED_EDGE('',*,*,#2567,.T.);
#3477=ORIENTED_EDGE('',*,*,#2637,.T.);
#3478=ORIENTED_EDGE('',*,*,#2638,.T.);
#3479=ORIENTED_EDGE('',*,*,#2634,.F.);
#3480=ORIENTED_EDGE('',*,*,#2566,.T.);
#3481=ORIENTED_EDGE('',*,*,#2569,.T.);
#3482=ORIENTED_EDGE('',*,*,#2639,.T.);
#3483=ORIENTED_EDGE('',*,*,#2640,.T.);
#3484=ORIENTED_EDGE('',*,*,#2637,.F.);
#3485=ORIENTED_EDGE('',*,*,#2641,.T.);
#3486=ORIENTED_EDGE('',*,*,#2639,.F.);
#3487=ORIENTED_EDGE('',*,*,#2568,.T.);
#3488=ORIENTED_EDGE('',*,*,#2571,.T.);
#3489=ORIENTED_EDGE('',*,*,#2636,.T.);
#3490=ORIENTED_EDGE('',*,*,#2641,.F.);
#3491=ORIENTED_EDGE('',*,*,#2642,.F.);
#3492=ORIENTED_EDGE('',*,*,#2643,.F.);
#3493=ORIENTED_EDGE('',*,*,#2644,.T.);
#3494=ORIENTED_EDGE('',*,*,#2635,.F.);
#3495=ORIENTED_EDGE('',*,*,#2645,.F.);
#3496=ORIENTED_EDGE('',*,*,#2646,.F.);
#3497=ORIENTED_EDGE('',*,*,#2642,.T.);
#3498=ORIENTED_EDGE('',*,*,#2578,.T.);
#3499=ORIENTED_EDGE('',*,*,#2647,.F.);
#3500=ORIENTED_EDGE('',*,*,#2618,.T.);
#3501=ORIENTED_EDGE('',*,*,#2611,.F.);
#3502=ORIENTED_EDGE('',*,*,#2648,.F.);
#3503=ORIENTED_EDGE('',*,*,#2649,.F.);
#3504=ORIENTED_EDGE('',*,*,#2574,.T.);
#3505=ORIENTED_EDGE('',*,*,#2582,.T.);
#3506=ORIENTED_EDGE('',*,*,#2613,.F.);
#3507=ORIENTED_EDGE('',*,*,#2617,.F.);
#3508=ORIENTED_EDGE('',*,*,#2650,.F.);
#3509=ORIENTED_EDGE('',*,*,#2648,.T.);
#3510=ORIENTED_EDGE('',*,*,#2626,.F.);
#3511=ORIENTED_EDGE('',*,*,#2630,.F.);
#3512=ORIENTED_EDGE('',*,*,#2651,.F.);
#3513=ORIENTED_EDGE('',*,*,#2652,.T.);
#3514=ORIENTED_EDGE('',*,*,#2624,.F.);
#3515=ORIENTED_EDGE('',*,*,#2652,.F.);
#3516=ORIENTED_EDGE('',*,*,#2653,.F.);
#3517=ORIENTED_EDGE('',*,*,#2632,.T.);
#3518=ORIENTED_EDGE('',*,*,#2638,.F.);
#3519=ORIENTED_EDGE('',*,*,#2654,.F.);
#3520=ORIENTED_EDGE('',*,*,#2655,.F.);
#3521=ORIENTED_EDGE('',*,*,#2645,.T.);
#3522=ORIENTED_EDGE('',*,*,#2600,.T.);
#3523=ORIENTED_EDGE('',*,*,#2656,.F.);
#3524=ORIENTED_EDGE('',*,*,#2654,.T.);
#3525=ORIENTED_EDGE('',*,*,#2640,.F.);
#3526=ORIENTED_EDGE('',*,*,#2644,.F.);
#3527=ORIENTED_EDGE('',*,*,#2657,.F.);
#3528=ORIENTED_EDGE('',*,*,#2596,.T.);
#3529=ORIENTED_EDGE('',*,*,#2604,.T.);
#3530=ORIENTED_EDGE('',*,*,#2658,.F.);
#3531=ORIENTED_EDGE('',*,*,#2659,.F.);
#3532=ORIENTED_EDGE('',*,*,#2660,.F.);
#3533=ORIENTED_EDGE('',*,*,#2661,.T.);
#3534=ORIENTED_EDGE('',*,*,#2646,.T.);
#3535=ORIENTED_EDGE('',*,*,#2655,.T.);
#3536=ORIENTED_EDGE('',*,*,#2656,.T.);
#3537=ORIENTED_EDGE('',*,*,#2603,.T.);
#3538=ORIENTED_EDGE('',*,*,#2606,.T.);
#3539=ORIENTED_EDGE('',*,*,#2597,.F.);
#3540=ORIENTED_EDGE('',*,*,#2657,.T.);
#3541=ORIENTED_EDGE('',*,*,#2643,.T.);
#3542=ORIENTED_EDGE('',*,*,#2662,.F.);
#3543=ORIENTED_EDGE('',*,*,#2663,.F.);
#3544=ORIENTED_EDGE('',*,*,#2664,.F.);
#3545=ORIENTED_EDGE('',*,*,#2665,.T.);
#3546=ORIENTED_EDGE('',*,*,#2651,.T.);
#3547=ORIENTED_EDGE('',*,*,#2629,.T.);
#3548=ORIENTED_EDGE('',*,*,#2631,.T.);
#3549=ORIENTED_EDGE('',*,*,#2592,.T.);
#3550=ORIENTED_EDGE('',*,*,#2595,.T.);
#3551=ORIENTED_EDGE('',*,*,#2586,.F.);
#3552=ORIENTED_EDGE('',*,*,#2633,.T.);
#3553=ORIENTED_EDGE('',*,*,#2653,.T.);
#3554=ORIENTED_EDGE('',*,*,#2666,.F.);
#3555=ORIENTED_EDGE('',*,*,#2667,.T.);
#3556=ORIENTED_EDGE('',*,*,#2668,.F.);
#3557=ORIENTED_EDGE('',*,*,#2669,.F.);
#3558=ORIENTED_EDGE('',*,*,#2616,.T.);
#3559=ORIENTED_EDGE('',*,*,#2619,.T.);
#3560=ORIENTED_EDGE('',*,*,#2647,.T.);
#3561=ORIENTED_EDGE('',*,*,#2581,.T.);
#3562=ORIENTED_EDGE('',*,*,#2584,.T.);
#3563=ORIENTED_EDGE('',*,*,#2575,.F.);
#3564=ORIENTED_EDGE('',*,*,#2649,.T.);
#3565=ORIENTED_EDGE('',*,*,#2650,.T.);
#3566=ORIENTED_EDGE('',*,*,#2669,.T.);
#3567=ORIENTED_EDGE('',*,*,#2670,.T.);
#3568=ORIENTED_EDGE('',*,*,#2671,.F.);
#3569=ORIENTED_EDGE('',*,*,#2672,.F.);
#3570=ORIENTED_EDGE('',*,*,#2662,.T.);
#3571=ORIENTED_EDGE('',*,*,#2673,.T.);
#3572=ORIENTED_EDGE('',*,*,#2674,.F.);
#3573=ORIENTED_EDGE('',*,*,#2675,.F.);
#3574=ORIENTED_EDGE('',*,*,#2668,.T.);
#3575=ORIENTED_EDGE('',*,*,#2676,.T.);
#3576=ORIENTED_EDGE('',*,*,#2677,.F.);
#3577=ORIENTED_EDGE('',*,*,#2670,.F.);
#3578=ORIENTED_EDGE('',*,*,#2678,.T.);
#3579=ORIENTED_EDGE('',*,*,#2679,.F.);
#3580=ORIENTED_EDGE('',*,*,#2676,.F.);
#3581=ORIENTED_EDGE('',*,*,#2667,.F.);
#3582=ORIENTED_EDGE('',*,*,#2680,.T.);
#3583=ORIENTED_EDGE('',*,*,#2681,.F.);
#3584=ORIENTED_EDGE('',*,*,#2673,.F.);
#3585=ORIENTED_EDGE('',*,*,#2665,.F.);
#3586=ORIENTED_EDGE('',*,*,#2682,.T.);
#3587=ORIENTED_EDGE('',*,*,#2683,.F.);
#3588=ORIENTED_EDGE('',*,*,#2684,.F.);
#3589=ORIENTED_EDGE('',*,*,#2661,.F.);
#3590=ORIENTED_EDGE('',*,*,#2685,.T.);
#3591=ORIENTED_EDGE('',*,*,#2686,.F.);
#3592=ORIENTED_EDGE('',*,*,#2687,.F.);
#3593=ORIENTED_EDGE('',*,*,#2688,.F.);
#3594=ORIENTED_EDGE('',*,*,#2689,.T.);
#3595=ORIENTED_EDGE('',*,*,#2690,.F.);
#3596=ORIENTED_EDGE('',*,*,#2678,.F.);
#3597=ORIENTED_EDGE('',*,*,#2691,.F.);
#3598=ORIENTED_EDGE('',*,*,#2692,.T.);
#3599=ORIENTED_EDGE('',*,*,#2693,.F.);
#3600=ORIENTED_EDGE('',*,*,#2689,.F.);
#3601=ORIENTED_EDGE('',*,*,#2694,.F.);
#3602=ORIENTED_EDGE('',*,*,#2687,.T.);
#3603=ORIENTED_EDGE('',*,*,#2695,.F.);
#3604=ORIENTED_EDGE('',*,*,#2692,.F.);
#3605=ORIENTED_EDGE('',*,*,#2696,.F.);
#3606=ORIENTED_EDGE('',*,*,#2697,.T.);
#3607=ORIENTED_EDGE('',*,*,#2698,.T.);
#3608=ORIENTED_EDGE('',*,*,#2699,.T.);
#3609=ORIENTED_EDGE('',*,*,#2700,.T.);
#3610=ORIENTED_EDGE('',*,*,#2701,.T.);
#3611=ORIENTED_EDGE('',*,*,#2702,.T.);
#3612=ORIENTED_EDGE('',*,*,#2703,.T.);
#3613=ORIENTED_EDGE('',*,*,#2704,.T.);
#3614=ORIENTED_EDGE('',*,*,#2705,.T.);
#3615=ORIENTED_EDGE('',*,*,#2706,.T.);
#3616=ORIENTED_EDGE('',*,*,#2707,.T.);
#3617=ORIENTED_EDGE('',*,*,#2708,.T.);
#3618=ORIENTED_EDGE('',*,*,#2709,.T.);
#3619=ORIENTED_EDGE('',*,*,#2710,.T.);
#3620=ORIENTED_EDGE('',*,*,#2711,.T.);
#3621=ORIENTED_EDGE('',*,*,#2712,.T.);
#3622=ORIENTED_EDGE('',*,*,#2713,.T.);
#3623=ORIENTED_EDGE('',*,*,#2714,.T.);
#3624=ORIENTED_EDGE('',*,*,#2715,.F.);
#3625=ORIENTED_EDGE('',*,*,#2716,.T.);
#3626=ORIENTED_EDGE('',*,*,#2717,.F.);
#3627=ORIENTED_EDGE('',*,*,#2718,.T.);
#3628=ORIENTED_EDGE('',*,*,#2719,.F.);
#3629=ORIENTED_EDGE('',*,*,#2720,.T.);
#3630=ORIENTED_EDGE('',*,*,#2721,.F.);
#3631=ORIENTED_EDGE('',*,*,#2722,.T.);
#3632=ORIENTED_EDGE('',*,*,#2723,.F.);
#3633=ORIENTED_EDGE('',*,*,#2724,.T.);
#3634=ORIENTED_EDGE('',*,*,#2725,.F.);
#3635=ORIENTED_EDGE('',*,*,#2726,.T.);
#3636=ORIENTED_EDGE('',*,*,#2727,.F.);
#3637=ORIENTED_EDGE('',*,*,#2728,.T.);
#3638=ORIENTED_EDGE('',*,*,#2729,.F.);
#3639=ORIENTED_EDGE('',*,*,#2730,.T.);
#3640=ORIENTED_EDGE('',*,*,#2731,.F.);
#3641=ORIENTED_EDGE('',*,*,#2732,.T.);
#3642=ORIENTED_EDGE('',*,*,#2733,.F.);
#3643=ORIENTED_EDGE('',*,*,#2734,.T.);
#3644=ORIENTED_EDGE('',*,*,#2735,.F.);
#3645=ORIENTED_EDGE('',*,*,#2736,.T.);
#3646=ORIENTED_EDGE('',*,*,#2737,.F.);
#3647=ORIENTED_EDGE('',*,*,#2738,.T.);
#3648=ORIENTED_EDGE('',*,*,#2739,.T.);
#3649=ORIENTED_EDGE('',*,*,#2740,.T.);
#3650=ORIENTED_EDGE('',*,*,#2741,.T.);
#3651=ORIENTED_EDGE('',*,*,#2742,.T.);
#3652=ORIENTED_EDGE('',*,*,#2743,.T.);
#3653=ORIENTED_EDGE('',*,*,#2744,.T.);
#3654=ORIENTED_EDGE('',*,*,#2745,.T.);
#3655=ORIENTED_EDGE('',*,*,#2688,.T.);
#3656=ORIENTED_EDGE('',*,*,#2696,.T.);
#3657=ORIENTED_EDGE('',*,*,#2694,.T.);
#3658=ORIENTED_EDGE('',*,*,#2691,.T.);
#3659=ORIENTED_EDGE('',*,*,#2666,.T.);
#3660=ORIENTED_EDGE('',*,*,#2672,.T.);
#3661=ORIENTED_EDGE('',*,*,#2746,.F.);
#3662=ORIENTED_EDGE('',*,*,#2680,.F.);
#3663=ORIENTED_EDGE('',*,*,#2663,.T.);
#3664=ORIENTED_EDGE('',*,*,#2675,.T.);
#3665=ORIENTED_EDGE('',*,*,#2747,.F.);
#3666=ORIENTED_EDGE('',*,*,#2748,.F.);
#3667=ORIENTED_EDGE('',*,*,#2664,.T.);
#3668=ORIENTED_EDGE('',*,*,#2748,.T.);
#3669=ORIENTED_EDGE('',*,*,#2749,.F.);
#3670=ORIENTED_EDGE('',*,*,#2682,.F.);
#3671=ORIENTED_EDGE('',*,*,#2658,.T.);
#3672=ORIENTED_EDGE('',*,*,#2684,.T.);
#3673=ORIENTED_EDGE('',*,*,#2750,.F.);
#3674=ORIENTED_EDGE('',*,*,#2751,.F.);
#3675=ORIENTED_EDGE('',*,*,#2659,.T.);
#3676=ORIENTED_EDGE('',*,*,#2751,.T.);
#3677=ORIENTED_EDGE('',*,*,#2752,.F.);
#3678=ORIENTED_EDGE('',*,*,#2753,.F.);
#3679=ORIENTED_EDGE('',*,*,#2660,.T.);
#3680=ORIENTED_EDGE('',*,*,#2753,.T.);
#3681=ORIENTED_EDGE('',*,*,#2754,.F.);
#3682=ORIENTED_EDGE('',*,*,#2685,.F.);
#3683=ORIENTED_EDGE('',*,*,#2754,.T.);
#3684=ORIENTED_EDGE('',*,*,#2752,.T.);
#3685=ORIENTED_EDGE('',*,*,#2750,.T.);
#3686=ORIENTED_EDGE('',*,*,#2683,.T.);
#3687=ORIENTED_EDGE('',*,*,#2749,.T.);
#3688=ORIENTED_EDGE('',*,*,#2747,.T.);
#3689=ORIENTED_EDGE('',*,*,#2674,.T.);
#3690=ORIENTED_EDGE('',*,*,#2681,.T.);
#3691=ORIENTED_EDGE('',*,*,#2746,.T.);
#3692=ORIENTED_EDGE('',*,*,#2671,.T.);
#3693=ORIENTED_EDGE('',*,*,#2677,.T.);
#3694=ORIENTED_EDGE('',*,*,#2679,.T.);
#3695=ORIENTED_EDGE('',*,*,#2690,.T.);
#3696=ORIENTED_EDGE('',*,*,#2693,.T.);
#3697=ORIENTED_EDGE('',*,*,#2695,.T.);
#3698=ORIENTED_EDGE('',*,*,#2686,.T.);
#3699=ORIENTED_EDGE('',*,*,#2738,.F.);
#3700=ORIENTED_EDGE('',*,*,#2755,.T.);
#3701=ORIENTED_EDGE('',*,*,#2756,.F.);
#3702=ORIENTED_EDGE('',*,*,#2757,.F.);
#3703=ORIENTED_EDGE('',*,*,#2739,.F.);
#3704=ORIENTED_EDGE('',*,*,#2757,.T.);
#3705=ORIENTED_EDGE('',*,*,#2758,.F.);
#3706=ORIENTED_EDGE('',*,*,#2759,.F.);
#3707=ORIENTED_EDGE('',*,*,#2740,.F.);
#3708=ORIENTED_EDGE('',*,*,#2759,.T.);
#3709=ORIENTED_EDGE('',*,*,#2760,.F.);
#3710=ORIENTED_EDGE('',*,*,#2761,.F.);
#3711=ORIENTED_EDGE('',*,*,#2741,.F.);
#3712=ORIENTED_EDGE('',*,*,#2761,.T.);
#3713=ORIENTED_EDGE('',*,*,#2762,.F.);
#3714=ORIENTED_EDGE('',*,*,#2763,.F.);
#3715=ORIENTED_EDGE('',*,*,#2742,.F.);
#3716=ORIENTED_EDGE('',*,*,#2763,.T.);
#3717=ORIENTED_EDGE('',*,*,#2764,.F.);
#3718=ORIENTED_EDGE('',*,*,#2765,.F.);
#3719=ORIENTED_EDGE('',*,*,#2743,.F.);
#3720=ORIENTED_EDGE('',*,*,#2765,.T.);
#3721=ORIENTED_EDGE('',*,*,#2766,.F.);
#3722=ORIENTED_EDGE('',*,*,#2767,.F.);
#3723=ORIENTED_EDGE('',*,*,#2744,.F.);
#3724=ORIENTED_EDGE('',*,*,#2767,.T.);
#3725=ORIENTED_EDGE('',*,*,#2768,.F.);
#3726=ORIENTED_EDGE('',*,*,#2769,.F.);
#3727=ORIENTED_EDGE('',*,*,#2745,.F.);
#3728=ORIENTED_EDGE('',*,*,#2769,.T.);
#3729=ORIENTED_EDGE('',*,*,#2770,.F.);
#3730=ORIENTED_EDGE('',*,*,#2755,.F.);
#3731=ORIENTED_EDGE('',*,*,#2770,.T.);
#3732=ORIENTED_EDGE('',*,*,#2768,.T.);
#3733=ORIENTED_EDGE('',*,*,#2766,.T.);
#3734=ORIENTED_EDGE('',*,*,#2764,.T.);
#3735=ORIENTED_EDGE('',*,*,#2762,.T.);
#3736=ORIENTED_EDGE('',*,*,#2760,.T.);
#3737=ORIENTED_EDGE('',*,*,#2758,.T.);
#3738=ORIENTED_EDGE('',*,*,#2756,.T.);
#3739=ORIENTED_EDGE('',*,*,#2771,.F.);
#3740=ORIENTED_EDGE('',*,*,#2772,.F.);
#3741=ORIENTED_EDGE('',*,*,#2773,.F.);
#3742=ORIENTED_EDGE('',*,*,#2774,.F.);
#3743=ORIENTED_EDGE('',*,*,#2775,.F.);
#3744=ORIENTED_EDGE('',*,*,#2776,.F.);
#3745=ORIENTED_EDGE('',*,*,#2777,.F.);
#3746=ORIENTED_EDGE('',*,*,#2778,.F.);
#3747=ORIENTED_EDGE('',*,*,#2775,.T.);
#3748=ORIENTED_EDGE('',*,*,#2779,.T.);
#3749=ORIENTED_EDGE('',*,*,#2780,.F.);
#3750=ORIENTED_EDGE('',*,*,#2781,.F.);
#3751=ORIENTED_EDGE('',*,*,#2774,.T.);
#3752=ORIENTED_EDGE('',*,*,#2782,.T.);
#3753=ORIENTED_EDGE('',*,*,#2783,.F.);
#3754=ORIENTED_EDGE('',*,*,#2779,.F.);
#3755=ORIENTED_EDGE('',*,*,#2773,.T.);
#3756=ORIENTED_EDGE('',*,*,#2784,.T.);
#3757=ORIENTED_EDGE('',*,*,#2785,.F.);
#3758=ORIENTED_EDGE('',*,*,#2782,.F.);
#3759=ORIENTED_EDGE('',*,*,#2772,.T.);
#3760=ORIENTED_EDGE('',*,*,#2786,.T.);
#3761=ORIENTED_EDGE('',*,*,#2787,.F.);
#3762=ORIENTED_EDGE('',*,*,#2784,.F.);
#3763=ORIENTED_EDGE('',*,*,#2778,.T.);
#3764=ORIENTED_EDGE('',*,*,#2788,.T.);
#3765=ORIENTED_EDGE('',*,*,#2789,.F.);
#3766=ORIENTED_EDGE('',*,*,#2790,.F.);
#3767=ORIENTED_EDGE('',*,*,#2771,.T.);
#3768=ORIENTED_EDGE('',*,*,#2790,.T.);
#3769=ORIENTED_EDGE('',*,*,#2791,.F.);
#3770=ORIENTED_EDGE('',*,*,#2786,.F.);
#3771=ORIENTED_EDGE('',*,*,#2776,.T.);
#3772=ORIENTED_EDGE('',*,*,#2781,.T.);
#3773=ORIENTED_EDGE('',*,*,#2792,.F.);
#3774=ORIENTED_EDGE('',*,*,#2793,.F.);
#3775=ORIENTED_EDGE('',*,*,#2777,.T.);
#3776=ORIENTED_EDGE('',*,*,#2793,.T.);
#3777=ORIENTED_EDGE('',*,*,#2794,.F.);
#3778=ORIENTED_EDGE('',*,*,#2788,.F.);
#3779=ORIENTED_EDGE('',*,*,#2794,.T.);
#3780=ORIENTED_EDGE('',*,*,#2792,.T.);
#3781=ORIENTED_EDGE('',*,*,#2780,.T.);
#3782=ORIENTED_EDGE('',*,*,#2783,.T.);
#3783=ORIENTED_EDGE('',*,*,#2785,.T.);
#3784=ORIENTED_EDGE('',*,*,#2787,.T.);
#3785=ORIENTED_EDGE('',*,*,#2791,.T.);
#3786=ORIENTED_EDGE('',*,*,#2789,.T.);
#3787=ORIENTED_EDGE('',*,*,#2795,.T.);
#3788=ORIENTED_EDGE('',*,*,#2796,.T.);
#3789=ORIENTED_EDGE('',*,*,#2797,.T.);
#3790=ORIENTED_EDGE('',*,*,#2798,.F.);
#3791=ORIENTED_EDGE('',*,*,#2799,.F.);
#3792=ORIENTED_EDGE('',*,*,#2800,.T.);
#3793=ORIENTED_EDGE('',*,*,#2801,.T.);
#3794=ORIENTED_EDGE('',*,*,#2802,.F.);
#3795=ORIENTED_EDGE('',*,*,#2803,.F.);
#3796=ORIENTED_EDGE('',*,*,#2797,.F.);
#3797=ORIENTED_EDGE('',*,*,#2804,.F.);
#3798=ORIENTED_EDGE('',*,*,#2801,.F.);
#3799=ORIENTED_EDGE('',*,*,#2805,.T.);
#3800=ORIENTED_EDGE('',*,*,#2806,.T.);
#3801=ORIENTED_EDGE('',*,*,#2807,.T.);
#3802=ORIENTED_EDGE('',*,*,#2808,.F.);
#3803=ORIENTED_EDGE('',*,*,#2809,.F.);
#3804=ORIENTED_EDGE('',*,*,#2810,.T.);
#3805=ORIENTED_EDGE('',*,*,#2811,.T.);
#3806=ORIENTED_EDGE('',*,*,#2812,.F.);
#3807=ORIENTED_EDGE('',*,*,#2813,.F.);
#3808=ORIENTED_EDGE('',*,*,#2807,.F.);
#3809=ORIENTED_EDGE('',*,*,#2814,.F.);
#3810=ORIENTED_EDGE('',*,*,#2811,.F.);
#3811=ORIENTED_EDGE('',*,*,#2815,.T.);
#3812=ORIENTED_EDGE('',*,*,#2816,.T.);
#3813=ORIENTED_EDGE('',*,*,#2817,.T.);
#3814=ORIENTED_EDGE('',*,*,#2818,.F.);
#3815=ORIENTED_EDGE('',*,*,#2819,.F.);
#3816=ORIENTED_EDGE('',*,*,#2820,.T.);
#3817=ORIENTED_EDGE('',*,*,#2821,.T.);
#3818=ORIENTED_EDGE('',*,*,#2822,.F.);
#3819=ORIENTED_EDGE('',*,*,#2823,.F.);
#3820=ORIENTED_EDGE('',*,*,#2817,.F.);
#3821=ORIENTED_EDGE('',*,*,#2824,.F.);
#3822=ORIENTED_EDGE('',*,*,#2821,.F.);
#3823=ORIENTED_EDGE('',*,*,#2712,.F.);
#3824=ORIENTED_EDGE('',*,*,#2825,.T.);
#3825=ORIENTED_EDGE('',*,*,#2826,.F.);
#3826=ORIENTED_EDGE('',*,*,#2827,.F.);
#3827=ORIENTED_EDGE('',*,*,#2828,.T.);
#3828=ORIENTED_EDGE('',*,*,#2819,.T.);
#3829=ORIENTED_EDGE('',*,*,#2829,.T.);
#3830=ORIENTED_EDGE('',*,*,#2830,.T.);
#3831=ORIENTED_EDGE('',*,*,#2831,.T.);
#3832=ORIENTED_EDGE('',*,*,#2809,.T.);
#3833=ORIENTED_EDGE('',*,*,#2832,.T.);
#3834=ORIENTED_EDGE('',*,*,#2833,.T.);
#3835=ORIENTED_EDGE('',*,*,#2834,.T.);
#3836=ORIENTED_EDGE('',*,*,#2799,.T.);
#3837=ORIENTED_EDGE('',*,*,#2835,.T.);
#3838=ORIENTED_EDGE('',*,*,#2836,.T.);
#3839=ORIENTED_EDGE('',*,*,#2834,.F.);
#3840=ORIENTED_EDGE('',*,*,#2837,.T.);
#3841=ORIENTED_EDGE('',*,*,#2838,.T.);
#3842=ORIENTED_EDGE('',*,*,#2798,.T.);
#3843=ORIENTED_EDGE('',*,*,#2803,.T.);
#3844=ORIENTED_EDGE('',*,*,#2800,.F.);
#3845=ORIENTED_EDGE('',*,*,#2836,.F.);
#3846=ORIENTED_EDGE('',*,*,#2839,.T.);
#3847=ORIENTED_EDGE('',*,*,#2840,.T.);
#3848=ORIENTED_EDGE('',*,*,#2837,.F.);
#3849=ORIENTED_EDGE('',*,*,#2835,.F.);
#3850=ORIENTED_EDGE('',*,*,#2802,.T.);
#3851=ORIENTED_EDGE('',*,*,#2804,.T.);
#3852=ORIENTED_EDGE('',*,*,#2796,.F.);
#3853=ORIENTED_EDGE('',*,*,#2841,.T.);
#3854=ORIENTED_EDGE('',*,*,#2839,.F.);
#3855=ORIENTED_EDGE('',*,*,#2841,.F.);
#3856=ORIENTED_EDGE('',*,*,#2795,.F.);
#3857=ORIENTED_EDGE('',*,*,#2838,.F.);
#3858=ORIENTED_EDGE('',*,*,#2840,.F.);
#3859=ORIENTED_EDGE('',*,*,#2831,.F.);
#3860=ORIENTED_EDGE('',*,*,#2842,.T.);
#3861=ORIENTED_EDGE('',*,*,#2843,.T.);
#3862=ORIENTED_EDGE('',*,*,#2808,.T.);
#3863=ORIENTED_EDGE('',*,*,#2813,.T.);
#3864=ORIENTED_EDGE('',*,*,#2810,.F.);
#3865=ORIENTED_EDGE('',*,*,#2833,.F.);
#3866=ORIENTED_EDGE('',*,*,#2844,.T.);
#3867=ORIENTED_EDGE('',*,*,#2845,.T.);
#3868=ORIENTED_EDGE('',*,*,#2842,.F.);
#3869=ORIENTED_EDGE('',*,*,#2832,.F.);
#3870=ORIENTED_EDGE('',*,*,#2812,.T.);
#3871=ORIENTED_EDGE('',*,*,#2814,.T.);
#3872=ORIENTED_EDGE('',*,*,#2806,.F.);
#3873=ORIENTED_EDGE('',*,*,#2846,.T.);
#3874=ORIENTED_EDGE('',*,*,#2844,.F.);
#3875=ORIENTED_EDGE('',*,*,#2846,.F.);
#3876=ORIENTED_EDGE('',*,*,#2805,.F.);
#3877=ORIENTED_EDGE('',*,*,#2843,.F.);
#3878=ORIENTED_EDGE('',*,*,#2845,.F.);
#3879=ORIENTED_EDGE('',*,*,#2828,.F.);
#3880=ORIENTED_EDGE('',*,*,#2847,.T.);
#3881=ORIENTED_EDGE('',*,*,#2848,.T.);
#3882=ORIENTED_EDGE('',*,*,#2818,.T.);
#3883=ORIENTED_EDGE('',*,*,#2823,.T.);
#3884=ORIENTED_EDGE('',*,*,#2820,.F.);
#3885=ORIENTED_EDGE('',*,*,#2830,.F.);
#3886=ORIENTED_EDGE('',*,*,#2849,.T.);
#3887=ORIENTED_EDGE('',*,*,#2850,.T.);
#3888=ORIENTED_EDGE('',*,*,#2847,.F.);
#3889=ORIENTED_EDGE('',*,*,#2829,.F.);
#3890=ORIENTED_EDGE('',*,*,#2822,.T.);
#3891=ORIENTED_EDGE('',*,*,#2824,.T.);
#3892=ORIENTED_EDGE('',*,*,#2816,.F.);
#3893=ORIENTED_EDGE('',*,*,#2851,.T.);
#3894=ORIENTED_EDGE('',*,*,#2849,.F.);
#3895=ORIENTED_EDGE('',*,*,#2851,.F.);
#3896=ORIENTED_EDGE('',*,*,#2815,.F.);
#3897=ORIENTED_EDGE('',*,*,#2848,.F.);
#3898=ORIENTED_EDGE('',*,*,#2850,.F.);
#3899=ORIENTED_EDGE('',*,*,#2852,.F.);
#3900=ORIENTED_EDGE('',*,*,#2853,.F.);
#3901=ORIENTED_EDGE('',*,*,#2854,.F.);
#3902=ORIENTED_EDGE('',*,*,#2855,.F.);
#3903=ORIENTED_EDGE('',*,*,#2856,.F.);
#3904=ORIENTED_EDGE('',*,*,#2857,.F.);
#3905=ORIENTED_EDGE('',*,*,#2858,.F.);
#3906=ORIENTED_EDGE('',*,*,#2859,.F.);
#3907=ORIENTED_EDGE('',*,*,#2860,.F.);
#3908=ORIENTED_EDGE('',*,*,#2859,.T.);
#3909=ORIENTED_EDGE('',*,*,#2861,.T.);
#3910=ORIENTED_EDGE('',*,*,#2862,.T.);
#3911=ORIENTED_EDGE('',*,*,#2863,.F.);
#3912=ORIENTED_EDGE('',*,*,#2858,.T.);
#3913=ORIENTED_EDGE('',*,*,#2864,.F.);
#3914=ORIENTED_EDGE('',*,*,#2855,.T.);
#3915=ORIENTED_EDGE('',*,*,#2865,.T.);
#3916=ORIENTED_EDGE('',*,*,#2866,.T.);
#3917=ORIENTED_EDGE('',*,*,#2861,.F.);
#3918=ORIENTED_EDGE('',*,*,#2854,.T.);
#3919=ORIENTED_EDGE('',*,*,#2867,.T.);
#3920=ORIENTED_EDGE('',*,*,#2868,.T.);
#3921=ORIENTED_EDGE('',*,*,#2865,.F.);
#3922=ORIENTED_EDGE('',*,*,#2853,.T.);
#3923=ORIENTED_EDGE('',*,*,#2869,.F.);
#3924=ORIENTED_EDGE('',*,*,#2860,.T.);
#3925=ORIENTED_EDGE('',*,*,#2863,.T.);
#3926=ORIENTED_EDGE('',*,*,#2870,.T.);
#3927=ORIENTED_EDGE('',*,*,#2867,.F.);
#3928=ORIENTED_EDGE('',*,*,#2870,.F.);
#3929=ORIENTED_EDGE('',*,*,#2862,.F.);
#3930=ORIENTED_EDGE('',*,*,#2866,.F.);
#3931=ORIENTED_EDGE('',*,*,#2868,.F.);
#3932=ORIENTED_EDGE('',*,*,#2871,.F.);
#3933=ORIENTED_EDGE('',*,*,#2872,.F.);
#3934=ORIENTED_EDGE('',*,*,#2873,.F.);
#3935=ORIENTED_EDGE('',*,*,#2874,.F.);
#3936=ORIENTED_EDGE('',*,*,#2875,.F.);
#3937=ORIENTED_EDGE('',*,*,#2876,.F.);
#3938=ORIENTED_EDGE('',*,*,#2877,.F.);
#3939=ORIENTED_EDGE('',*,*,#2878,.F.);
#3940=ORIENTED_EDGE('',*,*,#2879,.F.);
#3941=ORIENTED_EDGE('',*,*,#2878,.T.);
#3942=ORIENTED_EDGE('',*,*,#2880,.T.);
#3943=ORIENTED_EDGE('',*,*,#2881,.T.);
#3944=ORIENTED_EDGE('',*,*,#2882,.F.);
#3945=ORIENTED_EDGE('',*,*,#2877,.T.);
#3946=ORIENTED_EDGE('',*,*,#2883,.F.);
#3947=ORIENTED_EDGE('',*,*,#2874,.T.);
#3948=ORIENTED_EDGE('',*,*,#2884,.T.);
#3949=ORIENTED_EDGE('',*,*,#2885,.T.);
#3950=ORIENTED_EDGE('',*,*,#2880,.F.);
#3951=ORIENTED_EDGE('',*,*,#2873,.T.);
#3952=ORIENTED_EDGE('',*,*,#2886,.T.);
#3953=ORIENTED_EDGE('',*,*,#2887,.T.);
#3954=ORIENTED_EDGE('',*,*,#2884,.F.);
#3955=ORIENTED_EDGE('',*,*,#2872,.T.);
#3956=ORIENTED_EDGE('',*,*,#2888,.F.);
#3957=ORIENTED_EDGE('',*,*,#2879,.T.);
#3958=ORIENTED_EDGE('',*,*,#2882,.T.);
#3959=ORIENTED_EDGE('',*,*,#2889,.T.);
#3960=ORIENTED_EDGE('',*,*,#2886,.F.);
#3961=ORIENTED_EDGE('',*,*,#2889,.F.);
#3962=ORIENTED_EDGE('',*,*,#2881,.F.);
#3963=ORIENTED_EDGE('',*,*,#2885,.F.);
#3964=ORIENTED_EDGE('',*,*,#2887,.F.);
#3965=ORIENTED_EDGE('',*,*,#2890,.F.);
#3966=ORIENTED_EDGE('',*,*,#2891,.F.);
#3967=ORIENTED_EDGE('',*,*,#2892,.F.);
#3968=ORIENTED_EDGE('',*,*,#2893,.F.);
#3969=ORIENTED_EDGE('',*,*,#2894,.F.);
#3970=ORIENTED_EDGE('',*,*,#2895,.F.);
#3971=ORIENTED_EDGE('',*,*,#2896,.F.);
#3972=ORIENTED_EDGE('',*,*,#2897,.F.);
#3973=ORIENTED_EDGE('',*,*,#2898,.F.);
#3974=ORIENTED_EDGE('',*,*,#2897,.T.);
#3975=ORIENTED_EDGE('',*,*,#2899,.T.);
#3976=ORIENTED_EDGE('',*,*,#2900,.T.);
#3977=ORIENTED_EDGE('',*,*,#2901,.F.);
#3978=ORIENTED_EDGE('',*,*,#2896,.T.);
#3979=ORIENTED_EDGE('',*,*,#2902,.F.);
#3980=ORIENTED_EDGE('',*,*,#2893,.T.);
#3981=ORIENTED_EDGE('',*,*,#2903,.T.);
#3982=ORIENTED_EDGE('',*,*,#2904,.T.);
#3983=ORIENTED_EDGE('',*,*,#2899,.F.);
#3984=ORIENTED_EDGE('',*,*,#2892,.T.);
#3985=ORIENTED_EDGE('',*,*,#2905,.T.);
#3986=ORIENTED_EDGE('',*,*,#2906,.T.);
#3987=ORIENTED_EDGE('',*,*,#2903,.F.);
#3988=ORIENTED_EDGE('',*,*,#2891,.T.);
#3989=ORIENTED_EDGE('',*,*,#2907,.F.);
#3990=ORIENTED_EDGE('',*,*,#2898,.T.);
#3991=ORIENTED_EDGE('',*,*,#2901,.T.);
#3992=ORIENTED_EDGE('',*,*,#2908,.T.);
#3993=ORIENTED_EDGE('',*,*,#2905,.F.);
#3994=ORIENTED_EDGE('',*,*,#2908,.F.);
#3995=ORIENTED_EDGE('',*,*,#2900,.F.);
#3996=ORIENTED_EDGE('',*,*,#2904,.F.);
#3997=ORIENTED_EDGE('',*,*,#2906,.F.);
#3998=ORIENTED_EDGE('',*,*,#2869,.T.);
#3999=ORIENTED_EDGE('',*,*,#2909,.F.);
#4000=ORIENTED_EDGE('',*,*,#2888,.T.);
#4001=ORIENTED_EDGE('',*,*,#2910,.F.);
#4002=ORIENTED_EDGE('',*,*,#2907,.T.);
#4003=ORIENTED_EDGE('',*,*,#2911,.F.);
#4004=ORIENTED_EDGE('',*,*,#2912,.F.);
#4005=ORIENTED_EDGE('',*,*,#2913,.T.);
#4006=ORIENTED_EDGE('',*,*,#2856,.T.);
#4007=ORIENTED_EDGE('',*,*,#2914,.T.);
#4008=ORIENTED_EDGE('',*,*,#2857,.T.);
#4009=ORIENTED_EDGE('',*,*,#2909,.T.);
#4010=ORIENTED_EDGE('',*,*,#2852,.T.);
#4011=ORIENTED_EDGE('',*,*,#2913,.F.);
#4012=ORIENTED_EDGE('',*,*,#2864,.T.);
#4013=ORIENTED_EDGE('',*,*,#2914,.F.);
#4014=ORIENTED_EDGE('',*,*,#2915,.F.);
#4015=ORIENTED_EDGE('',*,*,#2916,.T.);
#4016=ORIENTED_EDGE('',*,*,#2875,.T.);
#4017=ORIENTED_EDGE('',*,*,#2917,.T.);
#4018=ORIENTED_EDGE('',*,*,#2876,.T.);
#4019=ORIENTED_EDGE('',*,*,#2910,.T.);
#4020=ORIENTED_EDGE('',*,*,#2871,.T.);
#4021=ORIENTED_EDGE('',*,*,#2916,.F.);
#4022=ORIENTED_EDGE('',*,*,#2883,.T.);
#4023=ORIENTED_EDGE('',*,*,#2917,.F.);
#4024=ORIENTED_EDGE('',*,*,#2918,.F.);
#4025=ORIENTED_EDGE('',*,*,#2919,.T.);
#4026=ORIENTED_EDGE('',*,*,#2894,.T.);
#4027=ORIENTED_EDGE('',*,*,#2920,.T.);
#4028=ORIENTED_EDGE('',*,*,#2895,.T.);
#4029=ORIENTED_EDGE('',*,*,#2911,.T.);
#4030=ORIENTED_EDGE('',*,*,#2890,.T.);
#4031=ORIENTED_EDGE('',*,*,#2919,.F.);
#4032=ORIENTED_EDGE('',*,*,#2902,.T.);
#4033=ORIENTED_EDGE('',*,*,#2920,.F.);
#4034=ORIENTED_EDGE('',*,*,#2921,.F.);
#4035=ORIENTED_EDGE('',*,*,#2922,.T.);
#4036=ORIENTED_EDGE('',*,*,#2923,.F.);
#4037=ORIENTED_EDGE('',*,*,#2924,.F.);
#4038=ORIENTED_EDGE('',*,*,#2925,.F.);
#4039=ORIENTED_EDGE('',*,*,#2924,.T.);
#4040=ORIENTED_EDGE('',*,*,#2926,.F.);
#4041=ORIENTED_EDGE('',*,*,#2927,.F.);
#4042=ORIENTED_EDGE('',*,*,#2928,.F.);
#4043=ORIENTED_EDGE('',*,*,#2927,.T.);
#4044=ORIENTED_EDGE('',*,*,#2929,.F.);
#4045=ORIENTED_EDGE('',*,*,#2930,.F.);
#4046=ORIENTED_EDGE('',*,*,#2931,.F.);
#4047=ORIENTED_EDGE('',*,*,#2930,.T.);
#4048=ORIENTED_EDGE('',*,*,#2932,.F.);
#4049=ORIENTED_EDGE('',*,*,#2922,.F.);
#4050=ORIENTED_EDGE('',*,*,#2932,.T.);
#4051=ORIENTED_EDGE('',*,*,#2929,.T.);
#4052=ORIENTED_EDGE('',*,*,#2926,.T.);
#4053=ORIENTED_EDGE('',*,*,#2923,.T.);
#4054=ORIENTED_EDGE('',*,*,#2933,.F.);
#4055=ORIENTED_EDGE('',*,*,#2934,.T.);
#4056=ORIENTED_EDGE('',*,*,#2935,.F.);
#4057=ORIENTED_EDGE('',*,*,#2936,.F.);
#4058=ORIENTED_EDGE('',*,*,#2937,.F.);
#4059=ORIENTED_EDGE('',*,*,#2936,.T.);
#4060=ORIENTED_EDGE('',*,*,#2938,.F.);
#4061=ORIENTED_EDGE('',*,*,#2939,.F.);
#4062=ORIENTED_EDGE('',*,*,#2940,.F.);
#4063=ORIENTED_EDGE('',*,*,#2939,.T.);
#4064=ORIENTED_EDGE('',*,*,#2941,.F.);
#4065=ORIENTED_EDGE('',*,*,#2942,.F.);
#4066=ORIENTED_EDGE('',*,*,#2943,.F.);
#4067=ORIENTED_EDGE('',*,*,#2942,.T.);
#4068=ORIENTED_EDGE('',*,*,#2944,.F.);
#4069=ORIENTED_EDGE('',*,*,#2934,.F.);
#4070=ORIENTED_EDGE('',*,*,#2944,.T.);
#4071=ORIENTED_EDGE('',*,*,#2941,.T.);
#4072=ORIENTED_EDGE('',*,*,#2938,.T.);
#4073=ORIENTED_EDGE('',*,*,#2935,.T.);
#4074=ORIENTED_EDGE('',*,*,#2945,.F.);
#4075=ORIENTED_EDGE('',*,*,#2946,.T.);
#4076=ORIENTED_EDGE('',*,*,#2947,.F.);
#4077=ORIENTED_EDGE('',*,*,#2948,.F.);
#4078=ORIENTED_EDGE('',*,*,#2949,.F.);
#4079=ORIENTED_EDGE('',*,*,#2948,.T.);
#4080=ORIENTED_EDGE('',*,*,#2950,.F.);
#4081=ORIENTED_EDGE('',*,*,#2951,.F.);
#4082=ORIENTED_EDGE('',*,*,#2952,.F.);
#4083=ORIENTED_EDGE('',*,*,#2951,.T.);
#4084=ORIENTED_EDGE('',*,*,#2953,.F.);
#4085=ORIENTED_EDGE('',*,*,#2954,.F.);
#4086=ORIENTED_EDGE('',*,*,#2955,.F.);
#4087=ORIENTED_EDGE('',*,*,#2954,.T.);
#4088=ORIENTED_EDGE('',*,*,#2956,.F.);
#4089=ORIENTED_EDGE('',*,*,#2946,.F.);
#4090=ORIENTED_EDGE('',*,*,#2956,.T.);
#4091=ORIENTED_EDGE('',*,*,#2953,.T.);
#4092=ORIENTED_EDGE('',*,*,#2950,.T.);
#4093=ORIENTED_EDGE('',*,*,#2947,.T.);
#4094=ORIENTED_EDGE('',*,*,#2957,.F.);
#4095=ORIENTED_EDGE('',*,*,#2958,.F.);
#4096=ORIENTED_EDGE('',*,*,#2737,.T.);
#4097=ORIENTED_EDGE('',*,*,#2959,.F.);
#4098=ORIENTED_EDGE('',*,*,#2960,.F.);
#4099=ORIENTED_EDGE('',*,*,#2961,.F.);
#4100=ORIENTED_EDGE('',*,*,#2729,.T.);
#4101=ORIENTED_EDGE('',*,*,#2962,.F.);
#4102=ORIENTED_EDGE('',*,*,#2963,.F.);
#4103=ORIENTED_EDGE('',*,*,#2964,.F.);
#4104=ORIENTED_EDGE('',*,*,#2717,.T.);
#4105=ORIENTED_EDGE('',*,*,#2965,.F.);
#4106=ORIENTED_EDGE('',*,*,#2966,.F.);
#4107=ORIENTED_EDGE('',*,*,#2967,.F.);
#4108=ORIENTED_EDGE('',*,*,#2715,.T.);
#4109=ORIENTED_EDGE('',*,*,#2968,.F.);
#4110=ORIENTED_EDGE('',*,*,#2969,.F.);
#4111=ORIENTED_EDGE('',*,*,#2970,.F.);
#4112=ORIENTED_EDGE('',*,*,#2725,.T.);
#4113=ORIENTED_EDGE('',*,*,#2971,.F.);
#4114=ORIENTED_EDGE('',*,*,#2972,.F.);
#4115=ORIENTED_EDGE('',*,*,#2973,.F.);
#4116=ORIENTED_EDGE('',*,*,#2733,.T.);
#4117=ORIENTED_EDGE('',*,*,#2974,.F.);
#4118=ORIENTED_EDGE('',*,*,#2975,.F.);
#4119=ORIENTED_EDGE('',*,*,#2976,.F.);
#4120=ORIENTED_EDGE('',*,*,#2735,.T.);
#4121=ORIENTED_EDGE('',*,*,#2977,.F.);
#4122=ORIENTED_EDGE('',*,*,#2978,.F.);
#4123=ORIENTED_EDGE('',*,*,#2979,.F.);
#4124=ORIENTED_EDGE('',*,*,#2727,.T.);
#4125=ORIENTED_EDGE('',*,*,#2980,.F.);
#4126=ORIENTED_EDGE('',*,*,#2981,.F.);
#4127=ORIENTED_EDGE('',*,*,#2982,.F.);
#4128=ORIENTED_EDGE('',*,*,#2719,.T.);
#4129=ORIENTED_EDGE('',*,*,#2983,.F.);
#4130=ORIENTED_EDGE('',*,*,#2984,.F.);
#4131=ORIENTED_EDGE('',*,*,#2985,.F.);
#4132=ORIENTED_EDGE('',*,*,#2721,.T.);
#4133=ORIENTED_EDGE('',*,*,#2986,.F.);
#4134=ORIENTED_EDGE('',*,*,#2987,.F.);
#4135=ORIENTED_EDGE('',*,*,#2988,.F.);
#4136=ORIENTED_EDGE('',*,*,#2723,.T.);
#4137=ORIENTED_EDGE('',*,*,#2989,.F.);
#4138=ORIENTED_EDGE('',*,*,#2990,.F.);
#4139=ORIENTED_EDGE('',*,*,#2991,.F.);
#4140=ORIENTED_EDGE('',*,*,#2731,.T.);
#4141=ORIENTED_EDGE('',*,*,#2992,.F.);
#4142=ORIENTED_EDGE('',*,*,#2962,.T.);
#4143=ORIENTED_EDGE('',*,*,#2728,.F.);
#4144=ORIENTED_EDGE('',*,*,#2979,.T.);
#4145=ORIENTED_EDGE('',*,*,#2993,.F.);
#4146=ORIENTED_EDGE('',*,*,#2963,.T.);
#4147=ORIENTED_EDGE('',*,*,#2994,.T.);
#4148=ORIENTED_EDGE('',*,*,#2966,.T.);
#4149=ORIENTED_EDGE('',*,*,#2995,.T.);
#4150=ORIENTED_EDGE('',*,*,#2984,.T.);
#4151=ORIENTED_EDGE('',*,*,#2996,.T.);
#4152=ORIENTED_EDGE('',*,*,#2981,.T.);
#4153=ORIENTED_EDGE('',*,*,#2997,.T.);
#4154=ORIENTED_EDGE('',*,*,#2921,.T.);
#4155=ORIENTED_EDGE('',*,*,#2925,.T.);
#4156=ORIENTED_EDGE('',*,*,#2928,.T.);
#4157=ORIENTED_EDGE('',*,*,#2931,.T.);
#4158=ORIENTED_EDGE('',*,*,#2961,.T.);
#4159=ORIENTED_EDGE('',*,*,#2998,.F.);
#4160=ORIENTED_EDGE('',*,*,#2989,.T.);
#4161=ORIENTED_EDGE('',*,*,#2722,.F.);
#4162=ORIENTED_EDGE('',*,*,#2958,.T.);
#4163=ORIENTED_EDGE('',*,*,#2999,.F.);
#4164=ORIENTED_EDGE('',*,*,#2992,.T.);
#4165=ORIENTED_EDGE('',*,*,#2730,.F.);
#4166=ORIENTED_EDGE('',*,*,#2974,.T.);
#4167=ORIENTED_EDGE('',*,*,#2732,.F.);
#4168=ORIENTED_EDGE('',*,*,#2991,.T.);
#4169=ORIENTED_EDGE('',*,*,#3000,.F.);
#4170=ORIENTED_EDGE('',*,*,#2973,.T.);
#4171=ORIENTED_EDGE('',*,*,#3001,.F.);
#4172=ORIENTED_EDGE('',*,*,#2977,.T.);
#4173=ORIENTED_EDGE('',*,*,#2734,.F.);
#4174=ORIENTED_EDGE('',*,*,#2959,.T.);
#4175=ORIENTED_EDGE('',*,*,#2736,.F.);
#4176=ORIENTED_EDGE('',*,*,#2976,.T.);
#4177=ORIENTED_EDGE('',*,*,#3002,.F.);
#4178=ORIENTED_EDGE('',*,*,#2957,.T.);
#4179=ORIENTED_EDGE('',*,*,#3002,.T.);
#4180=ORIENTED_EDGE('',*,*,#2975,.T.);
#4181=ORIENTED_EDGE('',*,*,#3001,.T.);
#4182=ORIENTED_EDGE('',*,*,#2972,.T.);
#4183=ORIENTED_EDGE('',*,*,#3000,.T.);
#4184=ORIENTED_EDGE('',*,*,#2990,.T.);
#4185=ORIENTED_EDGE('',*,*,#2999,.T.);
#4186=ORIENTED_EDGE('',*,*,#2945,.T.);
#4187=ORIENTED_EDGE('',*,*,#2949,.T.);
#4188=ORIENTED_EDGE('',*,*,#2952,.T.);
#4189=ORIENTED_EDGE('',*,*,#2955,.T.);
#4190=ORIENTED_EDGE('',*,*,#2971,.T.);
#4191=ORIENTED_EDGE('',*,*,#2724,.F.);
#4192=ORIENTED_EDGE('',*,*,#2988,.T.);
#4193=ORIENTED_EDGE('',*,*,#3003,.F.);
#4194=ORIENTED_EDGE('',*,*,#2970,.T.);
#4195=ORIENTED_EDGE('',*,*,#3004,.F.);
#4196=ORIENTED_EDGE('',*,*,#2980,.T.);
#4197=ORIENTED_EDGE('',*,*,#2726,.F.);
#4198=ORIENTED_EDGE('',*,*,#2960,.T.);
#4199=ORIENTED_EDGE('',*,*,#2993,.T.);
#4200=ORIENTED_EDGE('',*,*,#2978,.T.);
#4201=ORIENTED_EDGE('',*,*,#3004,.T.);
#4202=ORIENTED_EDGE('',*,*,#2969,.T.);
#4203=ORIENTED_EDGE('',*,*,#3003,.T.);
#4204=ORIENTED_EDGE('',*,*,#2987,.T.);
#4205=ORIENTED_EDGE('',*,*,#2998,.T.);
#4206=ORIENTED_EDGE('',*,*,#2933,.T.);
#4207=ORIENTED_EDGE('',*,*,#2937,.T.);
#4208=ORIENTED_EDGE('',*,*,#2940,.T.);
#4209=ORIENTED_EDGE('',*,*,#2943,.T.);
#4210=ORIENTED_EDGE('',*,*,#2968,.T.);
#4211=ORIENTED_EDGE('',*,*,#2714,.F.);
#4212=ORIENTED_EDGE('',*,*,#2985,.T.);
#4213=ORIENTED_EDGE('',*,*,#2995,.F.);
#4214=ORIENTED_EDGE('',*,*,#2965,.T.);
#4215=ORIENTED_EDGE('',*,*,#2716,.F.);
#4216=ORIENTED_EDGE('',*,*,#2967,.T.);
#4217=ORIENTED_EDGE('',*,*,#2994,.F.);
#4218=ORIENTED_EDGE('',*,*,#2964,.T.);
#4219=ORIENTED_EDGE('',*,*,#2997,.F.);
#4220=ORIENTED_EDGE('',*,*,#2983,.T.);
#4221=ORIENTED_EDGE('',*,*,#2718,.F.);
#4222=ORIENTED_EDGE('',*,*,#2982,.T.);
#4223=ORIENTED_EDGE('',*,*,#2996,.F.);
#4224=ORIENTED_EDGE('',*,*,#2986,.T.);
#4225=ORIENTED_EDGE('',*,*,#2720,.F.);
#4226=ORIENTED_EDGE('',*,*,#3005,.T.);
#4227=ORIENTED_EDGE('',*,*,#3006,.F.);
#4228=ORIENTED_EDGE('',*,*,#3006,.T.);
#4229=ORIENTED_EDGE('',*,*,#3007,.T.);
#4230=ORIENTED_EDGE('',*,*,#3005,.F.);
#4231=ORIENTED_EDGE('',*,*,#3008,.T.);
#4232=ORIENTED_EDGE('',*,*,#3009,.F.);
#4233=ORIENTED_EDGE('',*,*,#3008,.F.);
#4234=ORIENTED_EDGE('',*,*,#3007,.F.);
#4235=ORIENTED_EDGE('',*,*,#3010,.F.);
#4236=ORIENTED_EDGE('',*,*,#3011,.T.);
#4237=ORIENTED_EDGE('',*,*,#2713,.F.);
#4238=ORIENTED_EDGE('',*,*,#3011,.F.);
#4239=ORIENTED_EDGE('',*,*,#3010,.T.);
#4240=ORIENTED_EDGE('',*,*,#3009,.T.);
#4241=ORIENTED_EDGE('',*,*,#3012,.F.);
#4242=ORIENTED_EDGE('',*,*,#3013,.F.);
#4243=ORIENTED_EDGE('',*,*,#3014,.F.);
#4244=ORIENTED_EDGE('',*,*,#3015,.F.);
#4245=ORIENTED_EDGE('',*,*,#2912,.T.);
#4246=ORIENTED_EDGE('',*,*,#2915,.T.);
#4247=ORIENTED_EDGE('',*,*,#2918,.T.);
#4248=ORIENTED_EDGE('',*,*,#3012,.T.);
#4249=ORIENTED_EDGE('',*,*,#3016,.T.);
#4250=ORIENTED_EDGE('',*,*,#3017,.T.);
#4251=ORIENTED_EDGE('',*,*,#3018,.F.);
#4252=ORIENTED_EDGE('',*,*,#3014,.T.);
#4253=ORIENTED_EDGE('',*,*,#3019,.T.);
#4254=ORIENTED_EDGE('',*,*,#3020,.F.);
#4255=ORIENTED_EDGE('',*,*,#3021,.F.);
#4256=ORIENTED_EDGE('',*,*,#3020,.T.);
#4257=ORIENTED_EDGE('',*,*,#3022,.T.);
#4258=ORIENTED_EDGE('',*,*,#2826,.T.);
#4259=ORIENTED_EDGE('',*,*,#3023,.T.);
#4260=ORIENTED_EDGE('',*,*,#2709,.F.);
#4261=ORIENTED_EDGE('',*,*,#2827,.T.);
#4262=ORIENTED_EDGE('',*,*,#3022,.F.);
#4263=ORIENTED_EDGE('',*,*,#3019,.F.);
#4264=ORIENTED_EDGE('',*,*,#3013,.T.);
#4265=ORIENTED_EDGE('',*,*,#3018,.T.);
#4266=ORIENTED_EDGE('',*,*,#3024,.F.);
#4267=ORIENTED_EDGE('',*,*,#2710,.F.);
#4268=ORIENTED_EDGE('',*,*,#3024,.T.);
#4269=ORIENTED_EDGE('',*,*,#3017,.F.);
#4270=ORIENTED_EDGE('',*,*,#3025,.F.);
#4271=ORIENTED_EDGE('',*,*,#2711,.F.);
#4272=ORIENTED_EDGE('',*,*,#3025,.T.);
#4273=ORIENTED_EDGE('',*,*,#3016,.F.);
#4274=ORIENTED_EDGE('',*,*,#3015,.T.);
#4275=ORIENTED_EDGE('',*,*,#3021,.T.);
#4276=ORIENTED_EDGE('',*,*,#3023,.F.);
#4277=ORIENTED_EDGE('',*,*,#2825,.F.);
#4278=ORIENTED_EDGE('',*,*,#2705,.F.);
#4279=ORIENTED_EDGE('',*,*,#3026,.T.);
#4280=ORIENTED_EDGE('',*,*,#3027,.T.);
#4281=ORIENTED_EDGE('',*,*,#3026,.F.);
#4282=ORIENTED_EDGE('',*,*,#2706,.F.);
#4283=ORIENTED_EDGE('',*,*,#3028,.T.);
#4284=ORIENTED_EDGE('',*,*,#3029,.T.);
#4285=ORIENTED_EDGE('',*,*,#3028,.F.);
#4286=ORIENTED_EDGE('',*,*,#2707,.F.);
#4287=ORIENTED_EDGE('',*,*,#3030,.T.);
#4288=ORIENTED_EDGE('',*,*,#3031,.T.);
#4289=ORIENTED_EDGE('',*,*,#3030,.F.);
#4290=ORIENTED_EDGE('',*,*,#2708,.F.);
#4291=ORIENTED_EDGE('',*,*,#3032,.T.);
#4292=ORIENTED_EDGE('',*,*,#3033,.T.);
#4293=ORIENTED_EDGE('',*,*,#3032,.F.);
#4294=ORIENTED_EDGE('',*,*,#3034,.T.);
#4295=ORIENTED_EDGE('',*,*,#3035,.T.);
#4296=ORIENTED_EDGE('',*,*,#2704,.F.);
#4297=ORIENTED_EDGE('',*,*,#3036,.F.);
#4298=ORIENTED_EDGE('',*,*,#3037,.T.);
#4299=ORIENTED_EDGE('',*,*,#3036,.T.);
#4300=ORIENTED_EDGE('',*,*,#2703,.F.);
#4301=ORIENTED_EDGE('',*,*,#3038,.F.);
#4302=ORIENTED_EDGE('',*,*,#3039,.T.);
#4303=ORIENTED_EDGE('',*,*,#3038,.T.);
#4304=ORIENTED_EDGE('',*,*,#2702,.F.);
#4305=ORIENTED_EDGE('',*,*,#3040,.F.);
#4306=ORIENTED_EDGE('',*,*,#3041,.T.);
#4307=ORIENTED_EDGE('',*,*,#3040,.T.);
#4308=ORIENTED_EDGE('',*,*,#2701,.F.);
#4309=ORIENTED_EDGE('',*,*,#3042,.F.);
#4310=ORIENTED_EDGE('',*,*,#3043,.T.);
#4311=ORIENTED_EDGE('',*,*,#3042,.T.);
#4312=ORIENTED_EDGE('',*,*,#2700,.F.);
#4313=ORIENTED_EDGE('',*,*,#3044,.F.);
#4314=ORIENTED_EDGE('',*,*,#3045,.T.);
#4315=ORIENTED_EDGE('',*,*,#3044,.T.);
#4316=ORIENTED_EDGE('',*,*,#2699,.F.);
#4317=ORIENTED_EDGE('',*,*,#3046,.F.);
#4318=ORIENTED_EDGE('',*,*,#3047,.T.);
#4319=ORIENTED_EDGE('',*,*,#3046,.T.);
#4320=ORIENTED_EDGE('',*,*,#2698,.F.);
#4321=ORIENTED_EDGE('',*,*,#3048,.F.);
#4322=ORIENTED_EDGE('',*,*,#3049,.T.);
#4323=ORIENTED_EDGE('',*,*,#3048,.T.);
#4324=ORIENTED_EDGE('',*,*,#2697,.F.);
#4325=ORIENTED_EDGE('',*,*,#3035,.F.);
#4326=ORIENTED_EDGE('',*,*,#3049,.F.);
#4327=ORIENTED_EDGE('',*,*,#3034,.F.);
#4328=ORIENTED_EDGE('',*,*,#3037,.F.);
#4329=ORIENTED_EDGE('',*,*,#3039,.F.);
#4330=ORIENTED_EDGE('',*,*,#3041,.F.);
#4331=ORIENTED_EDGE('',*,*,#3043,.F.);
#4332=ORIENTED_EDGE('',*,*,#3045,.F.);
#4333=ORIENTED_EDGE('',*,*,#3047,.F.);
#4334=ORIENTED_EDGE('',*,*,#3033,.F.);
#4335=ORIENTED_EDGE('',*,*,#3031,.F.);
#4336=ORIENTED_EDGE('',*,*,#3029,.F.);
#4337=ORIENTED_EDGE('',*,*,#3027,.F.);
#4338=TOROIDAL_SURFACE('',#4837,1.3,0.2);
#4339=TOROIDAL_SURFACE('',#4845,1.3,0.2);
#4340=TOROIDAL_SURFACE('',#4853,1.3,0.2);
#4341=STYLED_ITEM('',(#7909),#4561);
#4342=STYLED_ITEM('',(#7909),#4562);
#4343=STYLED_ITEM('',(#7909),#4563);
#4344=STYLED_ITEM('',(#7909),#4564);
#4345=STYLED_ITEM('',(#7909),#4565);
#4346=STYLED_ITEM('',(#7909),#4566);
#4347=STYLED_ITEM('',(#7909),#4567);
#4348=STYLED_ITEM('',(#7909),#4568);
#4349=STYLED_ITEM('',(#7909),#4569);
#4350=STYLED_ITEM('',(#7909),#4570);
#4351=STYLED_ITEM('',(#7909),#4571);
#4352=STYLED_ITEM('',(#7909),#4572);
#4353=STYLED_ITEM('',(#7909),#4573);
#4354=STYLED_ITEM('',(#7909),#4574);
#4355=STYLED_ITEM('',(#7909),#4575);
#4356=STYLED_ITEM('',(#7909),#4576);
#4357=STYLED_ITEM('',(#7909),#4577);
#4358=STYLED_ITEM('',(#7909),#4578);
#4359=STYLED_ITEM('',(#7909),#4579);
#4360=STYLED_ITEM('',(#7909),#4580);
#4361=STYLED_ITEM('',(#7909),#4581);
#4362=STYLED_ITEM('',(#7909),#4582);
#4363=STYLED_ITEM('',(#7909),#4583);
#4364=STYLED_ITEM('',(#7909),#4584);
#4365=STYLED_ITEM('',(#7909),#4585);
#4366=STYLED_ITEM('',(#7909),#4586);
#4367=STYLED_ITEM('',(#7909),#4587);
#4368=STYLED_ITEM('',(#7909),#4588);
#4369=STYLED_ITEM('',(#7909),#4589);
#4370=STYLED_ITEM('',(#7909),#4591);
#4371=STYLED_ITEM('',(#7909),#4592);
#4372=STYLED_ITEM('',(#7909),#4593);
#4373=STYLED_ITEM('',(#7909),#4594);
#4374=STYLED_ITEM('',(#7909),#4595);
#4375=STYLED_ITEM('',(#7909),#4597);
#4376=STYLED_ITEM('',(#7909),#4598);
#4377=STYLED_ITEM('',(#7909),#4599);
#4378=STYLED_ITEM('',(#7909),#4600);
#4379=STYLED_ITEM('',(#7909),#4601);
#4380=STYLED_ITEM('',(#7909),#4602);
#4381=STYLED_ITEM('',(#7909),#4603);
#4382=STYLED_ITEM('',(#7909),#4604);
#4383=STYLED_ITEM('',(#7909),#4606);
#4384=STYLED_ITEM('',(#7909),#4607);
#4385=STYLED_ITEM('',(#7909),#4608);
#4386=STYLED_ITEM('',(#7909),#4609);
#4387=STYLED_ITEM('',(#7909),#4610);
#4388=STYLED_ITEM('',(#7909),#4611);
#4389=STYLED_ITEM('',(#7909),#4612);
#4390=STYLED_ITEM('',(#7909),#4613);
#4391=STYLED_ITEM('',(#7909),#4614);
#4392=STYLED_ITEM('',(#7909),#4615);
#4393=STYLED_ITEM('',(#7909),#4616);
#4394=STYLED_ITEM('',(#7909),#4617);
#4395=STYLED_ITEM('',(#7909),#4618);
#4396=STYLED_ITEM('',(#7909),#4619);
#4397=STYLED_ITEM('',(#7909),#4620);
#4398=STYLED_ITEM('',(#7909),#4621);
#4399=STYLED_ITEM('',(#7909),#4623);
#4400=STYLED_ITEM('',(#7909),#4624);
#4401=STYLED_ITEM('',(#7909),#4625);
#4402=STYLED_ITEM('',(#7909),#4626);
#4403=STYLED_ITEM('',(#7909),#4627);
#4404=STYLED_ITEM('',(#7909),#4628);
#4405=STYLED_ITEM('',(#7909),#4629);
#4406=STYLED_ITEM('',(#7909),#4630);
#4407=STYLED_ITEM('',(#7909),#4631);
#4408=STYLED_ITEM('',(#7909),#4632);
#4409=STYLED_ITEM('',(#7909),#4633);
#4410=STYLED_ITEM('',(#7909),#4634);
#4411=STYLED_ITEM('',(#7909),#4636);
#4412=STYLED_ITEM('',(#7909),#4637);
#4413=STYLED_ITEM('',(#7909),#4638);
#4414=STYLED_ITEM('',(#7909),#4639);
#4415=STYLED_ITEM('',(#7909),#4640);
#4416=STYLED_ITEM('',(#7909),#4641);
#4417=STYLED_ITEM('',(#7909),#4642);
#4418=STYLED_ITEM('',(#7909),#4643);
#4419=STYLED_ITEM('',(#7909),#4644);
#4420=STYLED_ITEM('',(#7909),#4645);
#4421=STYLED_ITEM('',(#7909),#4646);
#4422=STYLED_ITEM('',(#7909),#4647);
#4423=STYLED_ITEM('',(#7909),#4649);
#4424=STYLED_ITEM('',(#7909),#4650);
#4425=STYLED_ITEM('',(#7909),#4651);
#4426=STYLED_ITEM('',(#7909),#4652);
#4427=STYLED_ITEM('',(#7909),#4654);
#4428=STYLED_ITEM('',(#7909),#4655);
#4429=STYLED_ITEM('',(#7909),#4656);
#4430=STYLED_ITEM('',(#7909),#4657);
#4431=STYLED_ITEM('',(#7909),#4658);
#4432=STYLED_ITEM('',(#7909),#4659);
#4433=STYLED_ITEM('',(#7910),#4660);
#4434=STYLED_ITEM('',(#7910),#4661);
#4435=STYLED_ITEM('',(#7910),#4662);
#4436=STYLED_ITEM('',(#7910),#4663);
#4437=STYLED_ITEM('',(#7910),#4664);
#4438=STYLED_ITEM('',(#7910),#4665);
#4439=STYLED_ITEM('',(#7910),#4666);
#4440=STYLED_ITEM('',(#7910),#4667);
#4441=STYLED_ITEM('',(#7910),#4668);
#4442=STYLED_ITEM('',(#7910),#4669);
#4443=STYLED_ITEM('',(#7911),#4670);
#4444=STYLED_ITEM('',(#7910),#4671);
#4445=STYLED_ITEM('',(#7910),#4672);
#4446=STYLED_ITEM('',(#7910),#4673);
#4447=STYLED_ITEM('',(#7910),#4674);
#4448=STYLED_ITEM('',(#7910),#4675);
#4449=STYLED_ITEM('',(#7910),#4676);
#4450=STYLED_ITEM('',(#7910),#4677);
#4451=STYLED_ITEM('',(#7912),#4678);
#4452=STYLED_ITEM('',(#7912),#4679);
#4453=STYLED_ITEM('',(#7912),#4680);
#4454=STYLED_ITEM('',(#7912),#4681);
#4455=STYLED_ITEM('',(#7912),#4682);
#4456=STYLED_ITEM('',(#7912),#4683);
#4457=STYLED_ITEM('',(#7912),#4684);
#4458=STYLED_ITEM('',(#7912),#4685);
#4459=STYLED_ITEM('',(#7912),#4686);
#4460=STYLED_ITEM('',(#7912),#4687);
#4461=STYLED_ITEM('',(#7912),#4688);
#4462=STYLED_ITEM('',(#7912),#4689);
#4463=STYLED_ITEM('',(#7912),#4690);
#4464=STYLED_ITEM('',(#7912),#4691);
#4465=STYLED_ITEM('',(#7912),#4692);
#4466=STYLED_ITEM('',(#7912),#4693);
#4467=STYLED_ITEM('',(#7912),#4694);
#4468=STYLED_ITEM('',(#7912),#4695);
#4469=STYLED_ITEM('',(#7913),#4696);
#4470=STYLED_ITEM('',(#7913),#4697);
#4471=STYLED_ITEM('',(#7913),#4698);
#4472=STYLED_ITEM('',(#7913),#4699);
#4473=STYLED_ITEM('',(#7913),#4700);
#4474=STYLED_ITEM('',(#7913),#4701);
#4475=STYLED_ITEM('',(#7913),#4702);
#4476=STYLED_ITEM('',(#7913),#4703);
#4477=STYLED_ITEM('',(#7913),#4704);
#4478=STYLED_ITEM('',(#7913),#4705);
#4479=STYLED_ITEM('',(#7913),#4706);
#4480=STYLED_ITEM('',(#7913),#4707);
#4481=STYLED_ITEM('',(#7913),#4708);
#4482=STYLED_ITEM('',(#7913),#4709);
#4483=STYLED_ITEM('',(#7913),#4710);
#4484=STYLED_ITEM('',(#7913),#4711);
#4485=STYLED_ITEM('',(#7913),#4712);
#4486=STYLED_ITEM('',(#7913),#4713);
#4487=STYLED_ITEM('',(#7913),#4714);
#4488=STYLED_ITEM('',(#7913),#4715);
#4489=STYLED_ITEM('',(#7913),#4716);
#4490=STYLED_ITEM('',(#7913),#4717);
#4491=STYLED_ITEM('',(#7909),#4721);
#4492=STYLED_ITEM('',(#7909),#4723);
#4493=STYLED_ITEM('',(#7909),#4724);
#4494=STYLED_ITEM('',(#7909),#4728);
#4495=STYLED_ITEM('',(#7909),#4730);
#4496=STYLED_ITEM('',(#7909),#4731);
#4497=STYLED_ITEM('',(#7909),#4735);
#4498=STYLED_ITEM('',(#7909),#4737);
#4499=STYLED_ITEM('',(#7909),#4738);
#4500=STYLED_ITEM('',(#7909),#4739);
#4501=STYLED_ITEM('',(#7909),#4740);
#4502=STYLED_ITEM('',(#7909),#4741);
#4503=STYLED_ITEM('',(#7913),#4742);
#4504=STYLED_ITEM('',(#7909),#4743);
#4505=STYLED_ITEM('',(#7913),#4744);
#4506=STYLED_ITEM('',(#7909),#4745);
#4507=STYLED_ITEM('',(#7913),#4746);
#4508=STYLED_ITEM('',(#7909),#4747);
#4509=STYLED_ITEM('',(#7910),#4763);
#4510=STYLED_ITEM('',(#7910),#4764);
#4511=STYLED_ITEM('',(#7910),#4765);
#4512=STYLED_ITEM('',(#7910),#4766);
#4513=STYLED_ITEM('',(#7910),#4767);
#4514=STYLED_ITEM('',(#7910),#4768);
#4515=STYLED_ITEM('',(#7910),#4769);
#4516=STYLED_ITEM('',(#7910),#4770);
#4517=STYLED_ITEM('',(#7910),#4771);
#4518=STYLED_ITEM('',(#7910),#4772);
#4519=STYLED_ITEM('',(#7910),#4773);
#4520=STYLED_ITEM('',(#7910),#4774);
#4521=STYLED_ITEM('',(#7910),#4775);
#4522=STYLED_ITEM('',(#7910),#4776);
#4523=STYLED_ITEM('',(#7910),#4777);
#4524=STYLED_ITEM('',(#7910),#4778);
#4525=STYLED_ITEM('',(#7910),#4779);
#4526=STYLED_ITEM('',(#7910),#4780);
#4527=STYLED_ITEM('',(#7910),#4781);
#4528=STYLED_ITEM('',(#7910),#4782);
#4529=STYLED_ITEM('',(#7910),#4783);
#4530=STYLED_ITEM('',(#7910),#4784);
#4531=STYLED_ITEM('',(#7910),#4785);
#4532=STYLED_ITEM('',(#7910),#4786);
#4533=STYLED_ITEM('',(#7910),#4787);
#4534=STYLED_ITEM('',(#7910),#4788);
#4535=STYLED_ITEM('',(#7910),#4789);
#4536=STYLED_ITEM('',(#7914),#4790);
#4537=STYLED_ITEM('',(#7914),#4791);
#4538=STYLED_ITEM('',(#7914),#4792);
#4539=STYLED_ITEM('',(#7914),#4793);
#4540=STYLED_ITEM('',(#7913),#4794);
#4541=STYLED_ITEM('',(#7913),#4795);
#4542=STYLED_ITEM('',(#7913),#4796);
#4543=STYLED_ITEM('',(#7913),#4797);
#4544=STYLED_ITEM('',(#7913),#4798);
#4545=STYLED_ITEM('',(#7913),#4799);
#4546=STYLED_ITEM('',(#7913),#4800);
#4547=STYLED_ITEM('',(#7911),#4801);
#4548=STYLED_ITEM('',(#7911),#4802);
#4549=STYLED_ITEM('',(#7911),#4803);
#4550=STYLED_ITEM('',(#7911),#4804);
#4551=STYLED_ITEM('',(#7911),#4805);
#4552=STYLED_ITEM('',(#7911),#4806);
#4553=STYLED_ITEM('',(#7911),#4807);
#4554=STYLED_ITEM('',(#7911),#4808);
#4555=STYLED_ITEM('',(#7911),#4809);
#4556=STYLED_ITEM('',(#7911),#4810);
#4557=STYLED_ITEM('',(#7911),#4811);
#4558=STYLED_ITEM('',(#7911),#4812);
#4559=STYLED_ITEM('',(#7911),#4813);
#4560=STYLED_ITEM('',(#7908),#13);
#4561=ADVANCED_FACE('',(#1357),#4338,.T.);
#4562=ADVANCED_FACE('',(#1358),#1329,.T.);
#4563=ADVANCED_FACE('',(#1359),#89,.T.);
#4564=ADVANCED_FACE('',(#1360),#4339,.T.);
#4565=ADVANCED_FACE('',(#1361),#1330,.T.);
#4566=ADVANCED_FACE('',(#1362),#90,.T.);
#4567=ADVANCED_FACE('',(#1363),#4340,.T.);
#4568=ADVANCED_FACE('',(#1364),#1331,.T.);
#4569=ADVANCED_FACE('',(#1365),#91,.T.);
#4570=ADVANCED_FACE('',(#1366),#92,.F.);
#4571=ADVANCED_FACE('',(#1367),#93,.F.);
#4572=ADVANCED_FACE('',(#1368),#94,.F.);
#4573=ADVANCED_FACE('',(#1369),#95,.F.);
#4574=ADVANCED_FACE('',(#1370),#96,.F.);
#4575=ADVANCED_FACE('',(#1371),#97,.F.);
#4576=ADVANCED_FACE('',(#1372),#98,.F.);
#4577=ADVANCED_FACE('',(#1373),#99,.F.);
#4578=ADVANCED_FACE('',(#1374),#100,.F.);
#4579=ADVANCED_FACE('',(#1375),#101,.F.);
#4580=ADVANCED_FACE('',(#1376),#102,.F.);
#4581=ADVANCED_FACE('',(#1377),#103,.F.);
#4582=ADVANCED_FACE('',(#1378),#104,.F.);
#4583=ADVANCED_FACE('',(#1379),#105,.F.);
#4584=ADVANCED_FACE('',(#1380),#106,.F.);
#4585=ADVANCED_FACE('',(#1381),#107,.F.);
#4586=ADVANCED_FACE('',(#1382),#108,.F.);
#4587=ADVANCED_FACE('',(#1383),#109,.F.);
#4588=ADVANCED_FACE('',(#1384),#110,.F.);
#4589=ADVANCED_FACE('',(#1385),#111,.F.);
#4590=ADVANCED_FACE('',(#1386),#112,.F.);
#4591=ADVANCED_FACE('',(#1387),#113,.F.);
#4592=ADVANCED_FACE('',(#1388),#114,.F.);
#4593=ADVANCED_FACE('',(#1389),#115,.F.);
#4594=ADVANCED_FACE('',(#1390),#116,.F.);
#4595=ADVANCED_FACE('',(#1391),#117,.F.);
#4596=ADVANCED_FACE('',(#1392),#118,.F.);
#4597=ADVANCED_FACE('',(#1393),#62,.F.);
#4598=ADVANCED_FACE('',(#1394),#119,.T.);
#4599=ADVANCED_FACE('',(#1395),#120,.T.);
#4600=ADVANCED_FACE('',(#1396),#121,.T.);
#4601=ADVANCED_FACE('',(#1397),#122,.T.);
#4602=ADVANCED_FACE('',(#1398),#123,.T.);
#4603=ADVANCED_FACE('',(#1399),#124,.T.);
#4604=ADVANCED_FACE('',(#1400),#125,.T.);
#4605=ADVANCED_FACE('',(#1401),#126,.T.);
#4606=ADVANCED_FACE('',(#1402),#127,.T.);
#4607=ADVANCED_FACE('',(#1403),#128,.T.);
#4608=ADVANCED_FACE('',(#1404),#63,.F.);
#4609=ADVANCED_FACE('',(#1405),#129,.T.);
#4610=ADVANCED_FACE('',(#1406),#64,.F.);
#4611=ADVANCED_FACE('',(#1407),#130,.T.);
#4612=ADVANCED_FACE('',(#1408),#131,.T.);
#4613=ADVANCED_FACE('',(#1409),#132,.T.);
#4614=ADVANCED_FACE('',(#1410),#133,.T.);
#4615=ADVANCED_FACE('',(#1411),#134,.T.);
#4616=ADVANCED_FACE('',(#1412),#135,.T.);
#4617=ADVANCED_FACE('',(#1413),#136,.T.);
#4618=ADVANCED_FACE('',(#1414),#137,.T.);
#4619=ADVANCED_FACE('',(#1415),#138,.T.);
#4620=ADVANCED_FACE('',(#1416),#139,.T.);
#4621=ADVANCED_FACE('',(#1417),#140,.T.);
#4622=ADVANCED_FACE('',(#1418),#141,.T.);
#4623=ADVANCED_FACE('',(#1419),#142,.T.);
#4624=ADVANCED_FACE('',(#1420),#143,.F.);
#4625=ADVANCED_FACE('',(#1421),#144,.F.);
#4626=ADVANCED_FACE('',(#1422,#27),#145,.F.);
#4627=ADVANCED_FACE('',(#1423),#146,.F.);
#4628=ADVANCED_FACE('',(#1424),#147,.F.);
#4629=ADVANCED_FACE('',(#1425),#148,.F.);
#4630=ADVANCED_FACE('',(#1426,#28),#149,.F.);
#4631=ADVANCED_FACE('',(#1427),#150,.F.);
#4632=ADVANCED_FACE('',(#1428),#151,.F.);
#4633=ADVANCED_FACE('',(#1429),#152,.F.);
#4634=ADVANCED_FACE('',(#1430,#29),#153,.F.);
#4635=ADVANCED_FACE('',(#1431),#154,.F.);
#4636=ADVANCED_FACE('',(#1432),#1332,.T.);
#4637=ADVANCED_FACE('',(#1433),#1333,.T.);
#4638=ADVANCED_FACE('',(#1434),#1334,.T.);
#4639=ADVANCED_FACE('',(#1435),#1335,.T.);
#4640=ADVANCED_FACE('',(#1436),#155,.T.);
#4641=ADVANCED_FACE('',(#1437),#156,.T.);
#4642=ADVANCED_FACE('',(#1438),#1336,.T.);
#4643=ADVANCED_FACE('',(#1439),#1337,.T.);
#4644=ADVANCED_FACE('',(#1440),#1338,.T.);
#4645=ADVANCED_FACE('',(#1441),#1339,.T.);
#4646=ADVANCED_FACE('',(#1442),#157,.T.);
#4647=ADVANCED_FACE('',(#1443),#158,.T.);
#4648=ADVANCED_FACE('',(#1444),#1340,.T.);
#4649=ADVANCED_FACE('',(#1445),#1341,.T.);
#4650=ADVANCED_FACE('',(#1446),#1342,.T.);
#4651=ADVANCED_FACE('',(#1447),#1343,.T.);
#4652=ADVANCED_FACE('',(#1448),#159,.T.);
#4653=ADVANCED_FACE('',(#1449),#160,.T.);
#4654=ADVANCED_FACE('',(#1450),#161,.T.);
#4655=ADVANCED_FACE('',(#1451),#162,.T.);
#4656=ADVANCED_FACE('',(#1452),#163,.T.);
#4657=ADVANCED_FACE('',(#1453),#164,.T.);
#4658=ADVANCED_FACE('',(#1454),#165,.T.);
#4659=ADVANCED_FACE('',(#1455),#166,.T.);
#4660=ADVANCED_FACE('',(#1456,#30),#167,.T.);
#4661=ADVANCED_FACE('',(#1457,#31),#168,.T.);
#4662=ADVANCED_FACE('',(#1458,#32),#169,.T.);
#4663=ADVANCED_FACE('',(#1459),#170,.T.);
#4664=ADVANCED_FACE('',(#1460),#171,.T.);
#4665=ADVANCED_FACE('',(#1461),#172,.T.);
#4666=ADVANCED_FACE('',(#1462),#173,.T.);
#4667=ADVANCED_FACE('',(#1463),#174,.T.);
#4668=ADVANCED_FACE('',(#1464),#175,.T.);
#4669=ADVANCED_FACE('',(#1465),#176,.T.);
#4670=ADVANCED_FACE('',(#1466,#33,#34,#35,#36,#37,#38,#39,#40,#41,#42,#43),
#177,.T.);
#4671=ADVANCED_FACE('',(#1467),#178,.T.);
#4672=ADVANCED_FACE('',(#1468),#179,.T.);
#4673=ADVANCED_FACE('',(#1469),#180,.T.);
#4674=ADVANCED_FACE('',(#1470),#181,.T.);
#4675=ADVANCED_FACE('',(#1471),#182,.T.);
#4676=ADVANCED_FACE('',(#1472),#183,.T.);
#4677=ADVANCED_FACE('',(#1473),#184,.T.);
#4678=ADVANCED_FACE('',(#1474),#185,.T.);
#4679=ADVANCED_FACE('',(#1475),#186,.T.);
#4680=ADVANCED_FACE('',(#1476),#187,.T.);
#4681=ADVANCED_FACE('',(#1477),#188,.T.);
#4682=ADVANCED_FACE('',(#1478),#189,.T.);
#4683=ADVANCED_FACE('',(#1479),#190,.T.);
#4684=ADVANCED_FACE('',(#1480),#191,.T.);
#4685=ADVANCED_FACE('',(#1481),#192,.T.);
#4686=ADVANCED_FACE('',(#1482,#44),#193,.T.);
#4687=ADVANCED_FACE('',(#1483),#194,.T.);
#4688=ADVANCED_FACE('',(#1484),#195,.T.);
#4689=ADVANCED_FACE('',(#1485),#196,.T.);
#4690=ADVANCED_FACE('',(#1486),#197,.T.);
#4691=ADVANCED_FACE('',(#1487),#198,.T.);
#4692=ADVANCED_FACE('',(#1488),#199,.T.);
#4693=ADVANCED_FACE('',(#1489),#200,.T.);
#4694=ADVANCED_FACE('',(#1490),#201,.T.);
#4695=ADVANCED_FACE('',(#1491),#202,.T.);
#4696=ADVANCED_FACE('',(#1492),#203,.F.);
#4697=ADVANCED_FACE('',(#1493),#204,.F.);
#4698=ADVANCED_FACE('',(#1494),#205,.F.);
#4699=ADVANCED_FACE('',(#1495),#206,.F.);
#4700=ADVANCED_FACE('',(#1496),#207,.F.);
#4701=ADVANCED_FACE('',(#1497),#208,.F.);
#4702=ADVANCED_FACE('',(#1498),#209,.F.);
#4703=ADVANCED_FACE('',(#1499),#210,.F.);
#4704=ADVANCED_FACE('',(#1500),#211,.F.);
#4705=ADVANCED_FACE('',(#1501,#45,#46,#47),#212,.T.);
#4706=ADVANCED_FACE('',(#1502),#213,.F.);
#4707=ADVANCED_FACE('',(#1503),#214,.F.);
#4708=ADVANCED_FACE('',(#1504),#215,.F.);
#4709=ADVANCED_FACE('',(#1505),#216,.F.);
#4710=ADVANCED_FACE('',(#1506),#217,.F.);
#4711=ADVANCED_FACE('',(#1507),#218,.F.);
#4712=ADVANCED_FACE('',(#1508),#219,.F.);
#4713=ADVANCED_FACE('',(#1509),#220,.F.);
#4714=ADVANCED_FACE('',(#1510),#221,.F.);
#4715=ADVANCED_FACE('',(#1511),#222,.F.);
#4716=ADVANCED_FACE('',(#1512),#223,.F.);
#4717=ADVANCED_FACE('',(#1513),#224,.F.);
#4718=ADVANCED_FACE('',(#1514),#225,.F.);
#4719=ADVANCED_FACE('',(#1515),#226,.F.);
#4720=ADVANCED_FACE('',(#1516),#227,.F.);
#4721=ADVANCED_FACE('',(#1517),#228,.F.);
#4722=ADVANCED_FACE('',(#1518),#229,.F.);
#4723=ADVANCED_FACE('',(#1519),#230,.F.);
#4724=ADVANCED_FACE('',(#1520),#231,.F.);
#4725=ADVANCED_FACE('',(#1521),#232,.F.);
#4726=ADVANCED_FACE('',(#1522),#233,.F.);
#4727=ADVANCED_FACE('',(#1523),#234,.F.);
#4728=ADVANCED_FACE('',(#1524),#235,.F.);
#4729=ADVANCED_FACE('',(#1525),#236,.F.);
#4730=ADVANCED_FACE('',(#1526),#237,.F.);
#4731=ADVANCED_FACE('',(#1527),#238,.F.);
#4732=ADVANCED_FACE('',(#1528),#239,.F.);
#4733=ADVANCED_FACE('',(#1529),#240,.F.);
#4734=ADVANCED_FACE('',(#1530),#241,.F.);
#4735=ADVANCED_FACE('',(#1531),#242,.F.);
#4736=ADVANCED_FACE('',(#1532),#243,.F.);
#4737=ADVANCED_FACE('',(#1533),#244,.F.);
#4738=ADVANCED_FACE('',(#1534),#245,.F.);
#4739=ADVANCED_FACE('',(#1535),#246,.T.);
#4740=ADVANCED_FACE('',(#1536),#247,.T.);
#4741=ADVANCED_FACE('',(#1537),#248,.T.);
#4742=ADVANCED_FACE('',(#1538),#1344,.F.);
#4743=ADVANCED_FACE('',(#1539),#249,.T.);
#4744=ADVANCED_FACE('',(#1540),#1345,.F.);
#4745=ADVANCED_FACE('',(#1541),#250,.T.);
#4746=ADVANCED_FACE('',(#1542),#1346,.F.);
#4747=ADVANCED_FACE('',(#1543),#251,.T.);
#4748=ADVANCED_FACE('',(#1544),#252,.T.);
#4749=ADVANCED_FACE('',(#1545),#253,.T.);
#4750=ADVANCED_FACE('',(#1546),#254,.T.);
#4751=ADVANCED_FACE('',(#1547),#255,.T.);
#4752=ADVANCED_FACE('',(#1548),#256,.T.);
#4753=ADVANCED_FACE('',(#1549),#257,.T.);
#4754=ADVANCED_FACE('',(#1550),#258,.T.);
#4755=ADVANCED_FACE('',(#1551),#259,.T.);
#4756=ADVANCED_FACE('',(#1552),#260,.T.);
#4757=ADVANCED_FACE('',(#1553),#261,.T.);
#4758=ADVANCED_FACE('',(#1554),#262,.T.);
#4759=ADVANCED_FACE('',(#1555),#263,.T.);
#4760=ADVANCED_FACE('',(#1556),#264,.T.);
#4761=ADVANCED_FACE('',(#1557),#265,.T.);
#4762=ADVANCED_FACE('',(#1558),#266,.T.);
#4763=ADVANCED_FACE('',(#1559),#267,.F.);
#4764=ADVANCED_FACE('',(#1560),#268,.F.);
#4765=ADVANCED_FACE('',(#1561),#269,.F.);
#4766=ADVANCED_FACE('',(#1562),#270,.F.);
#4767=ADVANCED_FACE('',(#1563),#271,.F.);
#4768=ADVANCED_FACE('',(#1564),#272,.F.);
#4769=ADVANCED_FACE('',(#1565),#273,.F.);
#4770=ADVANCED_FACE('',(#1566),#274,.F.);
#4771=ADVANCED_FACE('',(#1567),#275,.F.);
#4772=ADVANCED_FACE('',(#1568),#276,.F.);
#4773=ADVANCED_FACE('',(#1569),#277,.F.);
#4774=ADVANCED_FACE('',(#1570),#278,.F.);
#4775=ADVANCED_FACE('',(#1571),#279,.T.);
#4776=ADVANCED_FACE('',(#1572,#48),#280,.T.);
#4777=ADVANCED_FACE('',(#1573),#281,.T.);
#4778=ADVANCED_FACE('',(#1574),#282,.T.);
#4779=ADVANCED_FACE('',(#1575),#283,.T.);
#4780=ADVANCED_FACE('',(#1576),#284,.T.);
#4781=ADVANCED_FACE('',(#1577),#285,.T.);
#4782=ADVANCED_FACE('',(#1578,#49),#286,.T.);
#4783=ADVANCED_FACE('',(#1579),#287,.T.);
#4784=ADVANCED_FACE('',(#1580),#288,.T.);
#4785=ADVANCED_FACE('',(#1581,#50),#289,.T.);
#4786=ADVANCED_FACE('',(#1582),#290,.T.);
#4787=ADVANCED_FACE('',(#1583),#291,.T.);
#4788=ADVANCED_FACE('',(#1584),#292,.T.);
#4789=ADVANCED_FACE('',(#1585),#293,.T.);
#4790=ADVANCED_FACE('',(#1586),#14,.T.);
#4791=ADVANCED_FACE('',(#1587),#1347,.T.);
#4792=ADVANCED_FACE('',(#1588),#1348,.T.);
#4793=ADVANCED_FACE('',(#1589,#51),#294,.T.);
#4794=ADVANCED_FACE('',(#1590,#52,#53,#54),#295,.T.);
#4795=ADVANCED_FACE('',(#1591),#296,.T.);
#4796=ADVANCED_FACE('',(#1592),#297,.T.);
#4797=ADVANCED_FACE('',(#1593),#298,.T.);
#4798=ADVANCED_FACE('',(#1594),#299,.T.);
#4799=ADVANCED_FACE('',(#1595),#300,.T.);
#4800=ADVANCED_FACE('',(#1596),#301,.T.);
#4801=ADVANCED_FACE('',(#1597),#1349,.F.);
#4802=ADVANCED_FACE('',(#1598),#1350,.F.);
#4803=ADVANCED_FACE('',(#1599),#1351,.F.);
#4804=ADVANCED_FACE('',(#1600),#1352,.F.);
#4805=ADVANCED_FACE('',(#1601),#302,.T.);
#4806=ADVANCED_FACE('',(#1602),#1353,.T.);
#4807=ADVANCED_FACE('',(#1603),#303,.T.);
#4808=ADVANCED_FACE('',(#1604),#1354,.T.);
#4809=ADVANCED_FACE('',(#1605),#304,.T.);
#4810=ADVANCED_FACE('',(#1606),#1355,.T.);
#4811=ADVANCED_FACE('',(#1607),#305,.T.);
#4812=ADVANCED_FACE('',(#1608),#1356,.T.);
#4813=ADVANCED_FACE('',(#1609,#55,#56,#57,#58),#306,.F.);
#4814=CLOSED_SHELL('',(#4561,#4562,#4563,#4564,#4565,#4566,#4567,#4568,
#4569,#4570,#4571,#4572,#4573,#4574,#4575,#4576,#4577,#4578,#4579,#4580,
#4581,#4582,#4583,#4584,#4585,#4586,#4587,#4588,#4589,#4590,#4591,#4592,
#4593,#4594,#4595,#4596,#4597,#4598,#4599,#4600,#4601,#4602,#4603,#4604,
#4605,#4606,#4607,#4608,#4609,#4610,#4611,#4612,#4613,#4614,#4615,#4616,
#4617,#4618,#4619,#4620,#4621,#4622,#4623,#4624,#4625,#4626,#4627,#4628,
#4629,#4630,#4631,#4632,#4633,#4634,#4635,#4636,#4637,#4638,#4639,#4640,
#4641,#4642,#4643,#4644,#4645,#4646,#4647,#4648,#4649,#4650,#4651,#4652,
#4653,#4654,#4655,#4656,#4657,#4658,#4659,#4660,#4661,#4662,#4663,#4664,
#4665,#4666,#4667,#4668,#4669,#4670,#4671,#4672,#4673,#4674,#4675,#4676,
#4677,#4678,#4679,#4680,#4681,#4682,#4683,#4684,#4685,#4686,#4687,#4688,
#4689,#4690,#4691,#4692,#4693,#4694,#4695,#4696,#4697,#4698,#4699,#4700,
#4701,#4702,#4703,#4704,#4705,#4706,#4707,#4708,#4709,#4710,#4711,#4712,
#4713,#4714,#4715,#4716,#4717,#4718,#4719,#4720,#4721,#4722,#4723,#4724,
#4725,#4726,#4727,#4728,#4729,#4730,#4731,#4732,#4733,#4734,#4735,#4736,
#4737,#4738,#4739,#4740,#4741,#4742,#4743,#4744,#4745,#4746,#4747,#4748,
#4749,#4750,#4751,#4752,#4753,#4754,#4755,#4756,#4757,#4758,#4759,#4760,
#4761,#4762,#4763,#4764,#4765,#4766,#4767,#4768,#4769,#4770,#4771,#4772,
#4773,#4774,#4775,#4776,#4777,#4778,#4779,#4780,#4781,#4782,#4783,#4784,
#4785,#4786,#4787,#4788,#4789,#4790,#4791,#4792,#4793,#4794,#4795,#4796,
#4797,#4798,#4799,#4800,#4801,#4802,#4803,#4804,#4805,#4806,#4807,#4808,
#4809,#4810,#4811,#4812,#4813));
#4815=DERIVED_UNIT_ELEMENT(#4818,1.);
#4816=DERIVED_UNIT_ELEMENT(#7894,-3.);
#4817=DIMENSIONAL_EXPONENTS(0.,1.,0.,0.,0.,0.,0.);
#4818=(
CONVERSION_BASED_UNIT('gram',#4820)
MASS_UNIT()
NAMED_UNIT(#4817)
);
#4819=(
MASS_UNIT()
NAMED_UNIT(*)
SI_UNIT(.KILO.,.GRAM.)
);
#4820=MASS_MEASURE_WITH_UNIT(MASS_MEASURE(0.001),#4819);
#4821=DERIVED_UNIT((#4815,#4816));
#4822=MEASURE_REPRESENTATION_ITEM('density measure',
POSITIVE_RATIO_MEASURE(1.),#4821);
#4823=PROPERTY_DEFINITION_REPRESENTATION(#4828,#4825);
#4824=PROPERTY_DEFINITION_REPRESENTATION(#4829,#4826);
#4825=REPRESENTATION('material name',(#4827),#7891);
#4826=REPRESENTATION('density',(#4822),#7891);
#4827=DESCRIPTIVE_REPRESENTATION_ITEM('Generic','Generic');
#4828=PROPERTY_DEFINITION('material property','material name',#7901);
#4829=PROPERTY_DEFINITION('material property','density of part',#7901);
#4830=DATE_TIME_ROLE('creation_date');
#4831=APPLIED_DATE_AND_TIME_ASSIGNMENT(#4832,#4830,(#7901));
#4832=DATE_AND_TIME(#4833,#4834);
#4833=CALENDAR_DATE(2024,19,11);
#4834=LOCAL_TIME(0,0,0.,#4835);
#4835=COORDINATED_UNIVERSAL_TIME_OFFSET(0,0,.BEHIND.);
#4836=AXIS2_PLACEMENT_3D('',#6418,#5193,#5194);
#4837=AXIS2_PLACEMENT_3D('',#6419,#5195,#5196);
#4838=AXIS2_PLACEMENT_3D('',#6421,#5197,#5198);
#4839=AXIS2_PLACEMENT_3D('',#6423,#5199,#5200);
#4840=AXIS2_PLACEMENT_3D('',#6425,#5201,#5202);
#4841=AXIS2_PLACEMENT_3D('',#6426,#5203,#5204);
#4842=AXIS2_PLACEMENT_3D('',#6427,#5205,#5206);
#4843=AXIS2_PLACEMENT_3D('',#6430,#5208,#5209);
#4844=AXIS2_PLACEMENT_3D('',#6431,#5210,#5211);
#4845=AXIS2_PLACEMENT_3D('',#6432,#5212,#5213);
#4846=AXIS2_PLACEMENT_3D('',#6434,#5214,#5215);
#4847=AXIS2_PLACEMENT_3D('',#6436,#5216,#5217);
#4848=AXIS2_PLACEMENT_3D('',#6438,#5218,#5219);
#4849=AXIS2_PLACEMENT_3D('',#6439,#5220,#5221);
#4850=AXIS2_PLACEMENT_3D('',#6440,#5222,#5223);
#4851=AXIS2_PLACEMENT_3D('',#6443,#5225,#5226);
#4852=AXIS2_PLACEMENT_3D('',#6444,#5227,#5228);
#4853=AXIS2_PLACEMENT_3D('',#6445,#5229,#5230);
#4854=AXIS2_PLACEMENT_3D('',#6447,#5231,#5232);
#4855=AXIS2_PLACEMENT_3D('',#6449,#5233,#5234);
#4856=AXIS2_PLACEMENT_3D('',#6451,#5235,#5236);
#4857=AXIS2_PLACEMENT_3D('',#6452,#5237,#5238);
#4858=AXIS2_PLACEMENT_3D('',#6453,#5239,#5240);
#4859=AXIS2_PLACEMENT_3D('',#6456,#5242,#5243);
#4860=AXIS2_PLACEMENT_3D('',#6457,#5244,#5245);
#4861=AXIS2_PLACEMENT_3D('',#6458,#5246,#5247);
#4862=AXIS2_PLACEMENT_3D('',#6470,#5251,#5252);
#4863=AXIS2_PLACEMENT_3D('',#6482,#5256,#5257);
#4864=AXIS2_PLACEMENT_3D('',#6494,#5261,#5262);
#4865=AXIS2_PLACEMENT_3D('',#6496,#5263,#5264);
#4866=AXIS2_PLACEMENT_3D('',#6499,#5266,#5267);
#4867=AXIS2_PLACEMENT_3D('',#6505,#5270,#5271);
#4868=AXIS2_PLACEMENT_3D('',#6508,#5273,#5274);
#4869=AXIS2_PLACEMENT_3D('',#6510,#5275,#5276);
#4870=AXIS2_PLACEMENT_3D('',#6512,#5278,#5279);
#4871=AXIS2_PLACEMENT_3D('',#6519,#5281,#5282);
#4872=AXIS2_PLACEMENT_3D('',#6526,#5284,#5285);
#4873=AXIS2_PLACEMENT_3D('',#6535,#5288,#5289);
#4874=AXIS2_PLACEMENT_3D('',#6542,#5291,#5292);
#4875=AXIS2_PLACEMENT_3D('',#6549,#5294,#5295);
#4876=AXIS2_PLACEMENT_3D('',#6561,#5299,#5300);
#4877=AXIS2_PLACEMENT_3D('',#6573,#5304,#5305);
#4878=AXIS2_PLACEMENT_3D('',#6585,#5309,#5310);
#4879=AXIS2_PLACEMENT_3D('',#6594,#5313,#5314);
#4880=AXIS2_PLACEMENT_3D('',#6603,#5317,#5318);
#4881=AXIS2_PLACEMENT_3D('',#6612,#5321,#5322);
#4882=AXIS2_PLACEMENT_3D('',#6624,#5326,#5327);
#4883=AXIS2_PLACEMENT_3D('',#6633,#5330,#5331);
#4884=AXIS2_PLACEMENT_3D('',#6635,#5332,#5333);
#4885=AXIS2_PLACEMENT_3D('',#6636,#5334,#5335);
#4886=AXIS2_PLACEMENT_3D('',#6637,#5336,#5337);
#4887=AXIS2_PLACEMENT_3D('',#6638,#5338,#5339);
#4888=AXIS2_PLACEMENT_3D('',#6639,#5340,#5341);
#4889=AXIS2_PLACEMENT_3D('',#6640,#5342,#5343);
#4890=AXIS2_PLACEMENT_3D('',#6652,#5347,#5348);
#4891=AXIS2_PLACEMENT_3D('',#6664,#5352,#5353);
#4892=AXIS2_PLACEMENT_3D('',#6676,#5357,#5358);
#4893=AXIS2_PLACEMENT_3D('',#6679,#5359,#5360);
#4894=AXIS2_PLACEMENT_3D('',#6682,#5362,#5363);
#4895=AXIS2_PLACEMENT_3D('',#6688,#5366,#5367);
#4896=AXIS2_PLACEMENT_3D('',#6691,#5369,#5370);
#4897=AXIS2_PLACEMENT_3D('',#6693,#5372,#5373);
#4898=AXIS2_PLACEMENT_3D('',#6694,#5374,#5375);
#4899=AXIS2_PLACEMENT_3D('',#6701,#5377,#5378);
#4900=AXIS2_PLACEMENT_3D('',#6708,#5380,#5381);
#4901=AXIS2_PLACEMENT_3D('',#6717,#5384,#5385);
#4902=AXIS2_PLACEMENT_3D('',#6724,#5387,#5388);
#4903=AXIS2_PLACEMENT_3D('',#6758,#5390,#5391);
#4904=AXIS2_PLACEMENT_3D('',#6764,#5392,#5393);
#4905=AXIS2_PLACEMENT_3D('',#6766,#5394,#5395);
#4906=AXIS2_PLACEMENT_3D('',#6768,#5396,#5397);
#4907=AXIS2_PLACEMENT_3D('',#6769,#5398,#5399);
#4908=AXIS2_PLACEMENT_3D('',#6770,#5400,#5401);
#4909=AXIS2_PLACEMENT_3D('',#6771,#5402,#5403);
#4910=AXIS2_PLACEMENT_3D('',#6772,#5404,#5405);
#4911=AXIS2_PLACEMENT_3D('',#6773,#5406,#5407);
#4912=AXIS2_PLACEMENT_3D('',#6774,#5408,#5409);
#4913=AXIS2_PLACEMENT_3D('',#6775,#5410,#5411);
#4914=AXIS2_PLACEMENT_3D('',#6776,#5412,#5413);
#4915=AXIS2_PLACEMENT_3D('',#6777,#5414,#5415);
#4916=AXIS2_PLACEMENT_3D('',#6778,#5416,#5417);
#4917=AXIS2_PLACEMENT_3D('',#6779,#5418,#5419);
#4918=AXIS2_PLACEMENT_3D('',#6780,#5420,#5421);
#4919=AXIS2_PLACEMENT_3D('',#6781,#5422,#5423);
#4920=AXIS2_PLACEMENT_3D('',#6782,#5424,#5425);
#4921=AXIS2_PLACEMENT_3D('',#6783,#5426,#5427);
#4922=AXIS2_PLACEMENT_3D('',#6784,#5428,#5429);
#4923=AXIS2_PLACEMENT_3D('',#6785,#5430,#5431);
#4924=AXIS2_PLACEMENT_3D('',#6786,#5432,#5433);
#4925=AXIS2_PLACEMENT_3D('',#6787,#5434,#5435);
#4926=AXIS2_PLACEMENT_3D('',#6788,#5436,#5437);
#4927=AXIS2_PLACEMENT_3D('',#6789,#5438,#5439);
#4928=AXIS2_PLACEMENT_3D('',#6822,#5440,#5441);
#4929=AXIS2_PLACEMENT_3D('',#6824,#5442,#5443);
#4930=AXIS2_PLACEMENT_3D('',#6826,#5444,#5445);
#4931=AXIS2_PLACEMENT_3D('',#6827,#5446,#5447);
#4932=AXIS2_PLACEMENT_3D('',#6828,#5448,#5449);
#4933=AXIS2_PLACEMENT_3D('',#6829,#5450,#5451);
#4934=AXIS2_PLACEMENT_3D('',#6862,#5452,#5453);
#4935=AXIS2_PLACEMENT_3D('',#6864,#5454,#5455);
#4936=AXIS2_PLACEMENT_3D('',#6866,#5456,#5457);
#4937=AXIS2_PLACEMENT_3D('',#6867,#5458,#5459);
#4938=AXIS2_PLACEMENT_3D('',#6868,#5460,#5461);
#4939=AXIS2_PLACEMENT_3D('',#6869,#5462,#5463);
#4940=AXIS2_PLACEMENT_3D('',#6873,#5466,#5467);
#4941=AXIS2_PLACEMENT_3D('',#6877,#5470,#5471);
#4942=AXIS2_PLACEMENT_3D('',#6881,#5474,#5475);
#4943=AXIS2_PLACEMENT_3D('',#6885,#5478,#5479);
#4944=AXIS2_PLACEMENT_3D('',#6889,#5482,#5483);
#4945=AXIS2_PLACEMENT_3D('',#6893,#5486,#5487);
#4946=AXIS2_PLACEMENT_3D('',#6897,#5490,#5491);
#4947=AXIS2_PLACEMENT_3D('',#6901,#5494,#5495);
#4948=AXIS2_PLACEMENT_3D('',#6905,#5498,#5499);
#4949=AXIS2_PLACEMENT_3D('',#6909,#5502,#5503);
#4950=AXIS2_PLACEMENT_3D('',#6913,#5506,#5507);
#4951=AXIS2_PLACEMENT_3D('',#6917,#5510,#5511);
#4952=AXIS2_PLACEMENT_3D('',#6926,#5516,#5517);
#4953=AXIS2_PLACEMENT_3D('',#6935,#5522,#5523);
#4954=AXIS2_PLACEMENT_3D('',#6938,#5526,#5527);
#4955=AXIS2_PLACEMENT_3D('',#6940,#5529,#5530);
#4956=AXIS2_PLACEMENT_3D('',#6949,#5535,#5536);
#4957=AXIS2_PLACEMENT_3D('',#6958,#5541,#5542);
#4958=AXIS2_PLACEMENT_3D('',#6961,#5545,#5546);
#4959=AXIS2_PLACEMENT_3D('',#6963,#5548,#5549);
#4960=AXIS2_PLACEMENT_3D('',#6972,#5554,#5555);
#4961=AXIS2_PLACEMENT_3D('',#6981,#5560,#5561);
#4962=AXIS2_PLACEMENT_3D('',#6984,#5564,#5565);
#4963=AXIS2_PLACEMENT_3D('',#6986,#5567,#5568);
#4964=AXIS2_PLACEMENT_3D('',#6988,#5569,#5570);
#4965=AXIS2_PLACEMENT_3D('',#6991,#5572,#5573);
#4966=AXIS2_PLACEMENT_3D('',#6992,#5574,#5575);
#4967=AXIS2_PLACEMENT_3D('',#6994,#5576,#5577);
#4968=AXIS2_PLACEMENT_3D('',#6996,#5579,#5580);
#4969=AXIS2_PLACEMENT_3D('',#6998,#5581,#5582);
#4970=AXIS2_PLACEMENT_3D('',#7000,#5584,#5585);
#4971=AXIS2_PLACEMENT_3D('',#7002,#5587,#5588);
#4972=AXIS2_PLACEMENT_3D('',#7008,#5592,#5593);
#4973=AXIS2_PLACEMENT_3D('',#7012,#5596,#5597);
#4974=AXIS2_PLACEMENT_3D('',#7014,#5598,#5599);
#4975=AXIS2_PLACEMENT_3D('',#7017,#5601,#5602);
#4976=AXIS2_PLACEMENT_3D('',#7018,#5603,#5604);
#4977=AXIS2_PLACEMENT_3D('',#7020,#5605,#5606);
#4978=AXIS2_PLACEMENT_3D('',#7022,#5608,#5609);
#4979=AXIS2_PLACEMENT_3D('',#7024,#5610,#5611);
#4980=AXIS2_PLACEMENT_3D('',#7026,#5613,#5614);
#4981=AXIS2_PLACEMENT_3D('',#7028,#5616,#5617);
#4982=AXIS2_PLACEMENT_3D('',#7034,#5621,#5622);
#4983=AXIS2_PLACEMENT_3D('',#7039,#5626,#5627);
#4984=AXIS2_PLACEMENT_3D('',#7041,#5628,#5629);
#4985=AXIS2_PLACEMENT_3D('',#7044,#5631,#5632);
#4986=AXIS2_PLACEMENT_3D('',#7045,#5633,#5634);
#4987=AXIS2_PLACEMENT_3D('',#7047,#5635,#5636);
#4988=AXIS2_PLACEMENT_3D('',#7049,#5638,#5639);
#4989=AXIS2_PLACEMENT_3D('',#7051,#5640,#5641);
#4990=AXIS2_PLACEMENT_3D('',#7053,#5643,#5644);
#4991=AXIS2_PLACEMENT_3D('',#7055,#5646,#5647);
#4992=AXIS2_PLACEMENT_3D('',#7061,#5651,#5652);
#4993=AXIS2_PLACEMENT_3D('',#7065,#5655,#5656);
#4994=AXIS2_PLACEMENT_3D('',#7070,#5660,#5661);
#4995=AXIS2_PLACEMENT_3D('',#7072,#5663,#5664);
#4996=AXIS2_PLACEMENT_3D('',#7076,#5667,#5668);
#4997=AXIS2_PLACEMENT_3D('',#7078,#5670,#5671);
#4998=AXIS2_PLACEMENT_3D('',#7082,#5674,#5675);
#4999=AXIS2_PLACEMENT_3D('',#7085,#5678,#5679);
#5000=AXIS2_PLACEMENT_3D('',#7094,#5684,#5685);
#5001=AXIS2_PLACEMENT_3D('',#7103,#5690,#5691);
#5002=AXIS2_PLACEMENT_3D('',#7112,#5696,#5697);
#5003=AXIS2_PLACEMENT_3D('',#7118,#5701,#5702);
#5004=AXIS2_PLACEMENT_3D('',#7124,#5706,#5707);
#5005=AXIS2_PLACEMENT_3D('',#7128,#5710,#5711);
#5006=AXIS2_PLACEMENT_3D('',#7148,#5723,#5724);
#5007=AXIS2_PLACEMENT_3D('',#7154,#5728,#5729);
#5008=AXIS2_PLACEMENT_3D('',#7160,#5733,#5734);
#5009=AXIS2_PLACEMENT_3D('',#7163,#5737,#5738);
#5010=AXIS2_PLACEMENT_3D('',#7166,#5739,#5740);
#5011=AXIS2_PLACEMENT_3D('',#7170,#5742,#5743);
#5012=AXIS2_PLACEMENT_3D('',#7174,#5745,#5746);
#5013=AXIS2_PLACEMENT_3D('',#7178,#5748,#5749);
#5014=AXIS2_PLACEMENT_3D('',#7181,#5751,#5752);
#5015=AXIS2_PLACEMENT_3D('',#7183,#5753,#5754);
#5016=AXIS2_PLACEMENT_3D('',#7185,#5755,#5756);
#5017=AXIS2_PLACEMENT_3D('',#7187,#5757,#5758);
#5018=AXIS2_PLACEMENT_3D('',#7197,#5763,#5764);
#5019=AXIS2_PLACEMENT_3D('',#7262,#5797,#5798);
#5020=AXIS2_PLACEMENT_3D('',#7264,#5800,#5801);
#5021=AXIS2_PLACEMENT_3D('',#7268,#5804,#5805);
#5022=AXIS2_PLACEMENT_3D('',#7270,#5807,#5808);
#5023=AXIS2_PLACEMENT_3D('',#7274,#5811,#5812);
#5024=AXIS2_PLACEMENT_3D('',#7278,#5815,#5816);
#5025=AXIS2_PLACEMENT_3D('',#7280,#5818,#5819);
#5026=AXIS2_PLACEMENT_3D('',#7281,#5820,#5821);
#5027=AXIS2_PLACEMENT_3D('',#7287,#5825,#5826);
#5028=AXIS2_PLACEMENT_3D('',#7291,#5829,#5830);
#5029=AXIS2_PLACEMENT_3D('',#7295,#5833,#5834);
#5030=AXIS2_PLACEMENT_3D('',#7299,#5837,#5838);
#5031=AXIS2_PLACEMENT_3D('',#7303,#5841,#5842);
#5032=AXIS2_PLACEMENT_3D('',#7307,#5845,#5846);
#5033=AXIS2_PLACEMENT_3D('',#7311,#5849,#5850);
#5034=AXIS2_PLACEMENT_3D('',#7313,#5852,#5853);
#5035=AXIS2_PLACEMENT_3D('',#7330,#5862,#5863);
#5036=AXIS2_PLACEMENT_3D('',#7336,#5867,#5868);
#5037=AXIS2_PLACEMENT_3D('',#7340,#5871,#5872);
#5038=AXIS2_PLACEMENT_3D('',#7344,#5875,#5876);
#5039=AXIS2_PLACEMENT_3D('',#7348,#5879,#5880);
#5040=AXIS2_PLACEMENT_3D('',#7354,#5884,#5885);
#5041=AXIS2_PLACEMENT_3D('',#7356,#5887,#5888);
#5042=AXIS2_PLACEMENT_3D('',#7360,#5891,#5892);
#5043=AXIS2_PLACEMENT_3D('',#7362,#5894,#5895);
#5044=AXIS2_PLACEMENT_3D('',#7363,#5896,#5897);
#5045=AXIS2_PLACEMENT_3D('',#7372,#5902,#5903);
#5046=AXIS2_PLACEMENT_3D('',#7381,#5908,#5909);
#5047=AXIS2_PLACEMENT_3D('',#7384,#5912,#5913);
#5048=AXIS2_PLACEMENT_3D('',#7393,#5918,#5919);
#5049=AXIS2_PLACEMENT_3D('',#7402,#5924,#5925);
#5050=AXIS2_PLACEMENT_3D('',#7405,#5928,#5929);
#5051=AXIS2_PLACEMENT_3D('',#7414,#5934,#5935);
#5052=AXIS2_PLACEMENT_3D('',#7423,#5940,#5941);
#5053=AXIS2_PLACEMENT_3D('',#7426,#5944,#5945);
#5054=AXIS2_PLACEMENT_3D('',#7447,#5958,#5959);
#5055=AXIS2_PLACEMENT_3D('',#7451,#5962,#5963);
#5056=AXIS2_PLACEMENT_3D('',#7455,#5966,#5967);
#5057=AXIS2_PLACEMENT_3D('',#7457,#5969,#5970);
#5058=AXIS2_PLACEMENT_3D('',#7458,#5971,#5972);
#5059=AXIS2_PLACEMENT_3D('',#7462,#5975,#5976);
#5060=AXIS2_PLACEMENT_3D('',#7466,#5979,#5980);
#5061=AXIS2_PLACEMENT_3D('',#7468,#5982,#5983);
#5062=AXIS2_PLACEMENT_3D('',#7469,#5984,#5985);
#5063=AXIS2_PLACEMENT_3D('',#7473,#5988,#5989);
#5064=AXIS2_PLACEMENT_3D('',#7477,#5992,#5993);
#5065=AXIS2_PLACEMENT_3D('',#7479,#5995,#5996);
#5066=AXIS2_PLACEMENT_3D('',#7480,#5997,#5998);
#5067=AXIS2_PLACEMENT_3D('',#7483,#5999,#6000);
#5068=AXIS2_PLACEMENT_3D('',#7490,#6004,#6005);
#5069=AXIS2_PLACEMENT_3D('',#7491,#6006,#6007);
#5070=AXIS2_PLACEMENT_3D('',#7494,#6008,#6009);
#5071=AXIS2_PLACEMENT_3D('',#7500,#6013,#6014);
#5072=AXIS2_PLACEMENT_3D('',#7506,#6018,#6019);
#5073=AXIS2_PLACEMENT_3D('',#7511,#6023,#6024);
#5074=AXIS2_PLACEMENT_3D('',#7515,#6027,#6028);
#5075=AXIS2_PLACEMENT_3D('',#7518,#6031,#6032);
#5076=AXIS2_PLACEMENT_3D('',#7519,#6033,#6034);
#5077=AXIS2_PLACEMENT_3D('',#7522,#6035,#6036);
#5078=AXIS2_PLACEMENT_3D('',#7529,#6040,#6041);
#5079=AXIS2_PLACEMENT_3D('',#7530,#6042,#6043);
#5080=AXIS2_PLACEMENT_3D('',#7533,#6044,#6045);
#5081=AXIS2_PLACEMENT_3D('',#7539,#6049,#6050);
#5082=AXIS2_PLACEMENT_3D('',#7545,#6054,#6055);
#5083=AXIS2_PLACEMENT_3D('',#7550,#6059,#6060);
#5084=AXIS2_PLACEMENT_3D('',#7554,#6063,#6064);
#5085=AXIS2_PLACEMENT_3D('',#7557,#6067,#6068);
#5086=AXIS2_PLACEMENT_3D('',#7558,#6069,#6070);
#5087=AXIS2_PLACEMENT_3D('',#7561,#6071,#6072);
#5088=AXIS2_PLACEMENT_3D('',#7568,#6076,#6077);
#5089=AXIS2_PLACEMENT_3D('',#7569,#6078,#6079);
#5090=AXIS2_PLACEMENT_3D('',#7572,#6080,#6081);
#5091=AXIS2_PLACEMENT_3D('',#7578,#6085,#6086);
#5092=AXIS2_PLACEMENT_3D('',#7584,#6090,#6091);
#5093=AXIS2_PLACEMENT_3D('',#7589,#6095,#6096);
#5094=AXIS2_PLACEMENT_3D('',#7593,#6099,#6100);
#5095=AXIS2_PLACEMENT_3D('',#7596,#6103,#6104);
#5096=AXIS2_PLACEMENT_3D('',#7597,#6105,#6106);
#5097=AXIS2_PLACEMENT_3D('',#7598,#6107,#6108);
#5098=AXIS2_PLACEMENT_3D('',#7599,#6109,#6110);
#5099=AXIS2_PLACEMENT_3D('',#7600,#6111,#6112);
#5100=AXIS2_PLACEMENT_3D('',#7601,#6113,#6114);
#5101=AXIS2_PLACEMENT_3D('',#7602,#6115,#6116);
#5102=AXIS2_PLACEMENT_3D('',#7603,#6117,#6118);
#5103=AXIS2_PLACEMENT_3D('',#7605,#6119,#6120);
#5104=AXIS2_PLACEMENT_3D('',#7607,#6122,#6123);
#5105=AXIS2_PLACEMENT_3D('',#7608,#6124,#6125);
#5106=AXIS2_PLACEMENT_3D('',#7609,#6126,#6127);
#5107=AXIS2_PLACEMENT_3D('',#7611,#6128,#6129);
#5108=AXIS2_PLACEMENT_3D('',#7613,#6131,#6132);
#5109=AXIS2_PLACEMENT_3D('',#7614,#6133,#6134);
#5110=AXIS2_PLACEMENT_3D('',#7615,#6135,#6136);
#5111=AXIS2_PLACEMENT_3D('',#7617,#6137,#6138);
#5112=AXIS2_PLACEMENT_3D('',#7619,#6140,#6141);
#5113=AXIS2_PLACEMENT_3D('',#7620,#6142,#6143);
#5114=AXIS2_PLACEMENT_3D('',#7621,#6144,#6145);
#5115=AXIS2_PLACEMENT_3D('',#7630,#6150,#6151);
#5116=AXIS2_PLACEMENT_3D('',#7636,#6155,#6156);
#5117=AXIS2_PLACEMENT_3D('',#7642,#6160,#6161);
#5118=AXIS2_PLACEMENT_3D('',#7645,#6164,#6165);
#5119=AXIS2_PLACEMENT_3D('',#7646,#6166,#6167);
#5120=AXIS2_PLACEMENT_3D('',#7655,#6172,#6173);
#5121=AXIS2_PLACEMENT_3D('',#7661,#6177,#6178);
#5122=AXIS2_PLACEMENT_3D('',#7667,#6182,#6183);
#5123=AXIS2_PLACEMENT_3D('',#7670,#6186,#6187);
#5124=AXIS2_PLACEMENT_3D('',#7671,#6188,#6189);
#5125=AXIS2_PLACEMENT_3D('',#7680,#6194,#6195);
#5126=AXIS2_PLACEMENT_3D('',#7686,#6199,#6200);
#5127=AXIS2_PLACEMENT_3D('',#7692,#6204,#6205);
#5128=AXIS2_PLACEMENT_3D('',#7695,#6208,#6209);
#5129=AXIS2_PLACEMENT_3D('',#7696,#6210,#6211);
#5130=AXIS2_PLACEMENT_3D('',#7702,#6215,#6216);
#5131=AXIS2_PLACEMENT_3D('',#7708,#6220,#6221);
#5132=AXIS2_PLACEMENT_3D('',#7714,#6225,#6226);
#5133=AXIS2_PLACEMENT_3D('',#7720,#6230,#6231);
#5134=AXIS2_PLACEMENT_3D('',#7726,#6235,#6236);
#5135=AXIS2_PLACEMENT_3D('',#7732,#6240,#6241);
#5136=AXIS2_PLACEMENT_3D('',#7738,#6245,#6246);
#5137=AXIS2_PLACEMENT_3D('',#7744,#6250,#6251);
#5138=AXIS2_PLACEMENT_3D('',#7750,#6255,#6256);
#5139=AXIS2_PLACEMENT_3D('',#7756,#6260,#6261);
#5140=AXIS2_PLACEMENT_3D('',#7762,#6265,#6266);
#5141=AXIS2_PLACEMENT_3D('',#7768,#6270,#6271);
#5142=AXIS2_PLACEMENT_3D('',#7770,#6273,#6274);
#5143=AXIS2_PLACEMENT_3D('',#7775,#6279,#6280);
#5144=AXIS2_PLACEMENT_3D('',#7777,#6282,#6283);
#5145=AXIS2_PLACEMENT_3D('',#7779,#6285,#6286);
#5146=AXIS2_PLACEMENT_3D('',#7781,#6288,#6289);
#5147=AXIS2_PLACEMENT_3D('',#7783,#6291,#6292);
#5148=AXIS2_PLACEMENT_3D('',#7785,#6294,#6295);
#5149=AXIS2_PLACEMENT_3D('',#7786,#6296,#6297);
#5150=AXIS2_PLACEMENT_3D('',#7788,#6299,#6300);
#5151=AXIS2_PLACEMENT_3D('',#7790,#6302,#6303);
#5152=AXIS2_PLACEMENT_3D('',#7791,#6304,#6305);
#5153=AXIS2_PLACEMENT_3D('',#7792,#6306,#6307);
#5154=AXIS2_PLACEMENT_3D('',#7793,#6308,#6309);
#5155=AXIS2_PLACEMENT_3D('',#7794,#6310,#6311);
#5156=AXIS2_PLACEMENT_3D('',#7795,#6312,#6313);
#5157=AXIS2_PLACEMENT_3D('',#7798,#6314,#6315);
#5158=AXIS2_PLACEMENT_3D('',#7800,#6316,#6317);
#5159=AXIS2_PLACEMENT_3D('',#7801,#6318,#6319);
#5160=AXIS2_PLACEMENT_3D('',#7802,#6320,#6321);
#5161=AXIS2_PLACEMENT_3D('',#7805,#6323,#6324);
#5162=AXIS2_PLACEMENT_3D('',#7806,#6325,#6326);
#5163=AXIS2_PLACEMENT_3D('',#7808,#6327,#6328);
#5164=AXIS2_PLACEMENT_3D('',#7810,#6330,#6331);
#5165=AXIS2_PLACEMENT_3D('',#7811,#6332,#6333);
#5166=AXIS2_PLACEMENT_3D('',#7820,#6338,#6339);
#5167=AXIS2_PLACEMENT_3D('',#7826,#6343,#6344);
#5168=AXIS2_PLACEMENT_3D('',#7832,#6348,#6349);
#5169=AXIS2_PLACEMENT_3D('',#7835,#6352,#6353);
#5170=AXIS2_PLACEMENT_3D('',#7837,#6355,#6356);
#5171=AXIS2_PLACEMENT_3D('',#7839,#6358,#6359);
#5172=AXIS2_PLACEMENT_3D('',#7840,#6360,#6361);
#5173=AXIS2_PLACEMENT_3D('',#7843,#6363,#6364);
#5174=AXIS2_PLACEMENT_3D('',#7844,#6365,#6366);
#5175=AXIS2_PLACEMENT_3D('',#7847,#6368,#6369);
#5176=AXIS2_PLACEMENT_3D('',#7848,#6370,#6371);
#5177=AXIS2_PLACEMENT_3D('',#7851,#6373,#6374);
#5178=AXIS2_PLACEMENT_3D('',#7852,#6375,#6376);
#5179=AXIS2_PLACEMENT_3D('',#7855,#6378,#6379);
#5180=AXIS2_PLACEMENT_3D('',#7856,#6380,#6381);
#5181=AXIS2_PLACEMENT_3D('',#7862,#6385,#6386);
#5182=AXIS2_PLACEMENT_3D('',#7864,#6387,#6388);
#5183=AXIS2_PLACEMENT_3D('',#7866,#6390,#6391);
#5184=AXIS2_PLACEMENT_3D('',#7870,#6394,#6395);
#5185=AXIS2_PLACEMENT_3D('',#7872,#6396,#6397);
#5186=AXIS2_PLACEMENT_3D('',#7874,#6399,#6400);
#5187=AXIS2_PLACEMENT_3D('',#7878,#6403,#6404);
#5188=AXIS2_PLACEMENT_3D('',#7880,#6405,#6406);
#5189=AXIS2_PLACEMENT_3D('',#7882,#6408,#6409);
#5190=AXIS2_PLACEMENT_3D('',#7886,#6412,#6413);
#5191=AXIS2_PLACEMENT_3D('',#7887,#6414,#6415);
#5192=AXIS2_PLACEMENT_3D('',#7888,#6416,#6417);
#5193=DIRECTION('axis',(0.,0.,1.));
#5194=DIRECTION('refdir',(1.,0.,0.));
#5195=DIRECTION('center_axis',(0.,-1.,0.));
#5196=DIRECTION('ref_axis',(0.,0.,-1.));
#5197=DIRECTION('center_axis',(0.,1.,0.));
#5198=DIRECTION('ref_axis',(-1.,0.,0.));
#5199=DIRECTION('center_axis',(-1.,0.,0.));
#5200=DIRECTION('ref_axis',(0.,0.,1.));
#5201=DIRECTION('center_axis',(0.,-1.,0.));
#5202=DIRECTION('ref_axis',(-1.,0.,0.));
#5203=DIRECTION('center_axis',(0.,-1.,0.));
#5204=DIRECTION('ref_axis',(-1.,0.,0.));
#5205=DIRECTION('center_axis',(0.,-1.,0.));
#5206=DIRECTION('ref_axis',(1.,0.,0.));
#5207=DIRECTION('',(0.,1.,0.));
#5208=DIRECTION('center_axis',(0.,1.,0.));
#5209=DIRECTION('ref_axis',(1.,0.,0.));
#5210=DIRECTION('center_axis',(0.,-1.,0.));
#5211=DIRECTION('ref_axis',(0.,0.,-1.));
#5212=DIRECTION('center_axis',(0.,-1.,0.));
#5213=DIRECTION('ref_axis',(0.,0.,-1.));
#5214=DIRECTION('center_axis',(0.,1.,0.));
#5215=DIRECTION('ref_axis',(-1.,0.,0.));
#5216=DIRECTION('center_axis',(-1.,0.,-1.22464679914736E-16));
#5217=DIRECTION('ref_axis',(-1.22464679914736E-16,0.,1.));
#5218=DIRECTION('center_axis',(0.,-1.,0.));
#5219=DIRECTION('ref_axis',(-1.,0.,0.));
#5220=DIRECTION('center_axis',(0.,-1.,0.));
#5221=DIRECTION('ref_axis',(-1.,0.,0.));
#5222=DIRECTION('center_axis',(0.,-1.,0.));
#5223=DIRECTION('ref_axis',(1.,0.,0.));
#5224=DIRECTION('',(0.,1.,0.));
#5225=DIRECTION('center_axis',(0.,1.,0.));
#5226=DIRECTION('ref_axis',(1.,0.,0.));
#5227=DIRECTION('center_axis',(0.,-1.,0.));
#5228=DIRECTION('ref_axis',(0.,0.,-1.));
#5229=DIRECTION('center_axis',(0.,-1.,0.));
#5230=DIRECTION('ref_axis',(0.,0.,-1.));
#5231=DIRECTION('center_axis',(0.,1.,0.));
#5232=DIRECTION('ref_axis',(-1.,0.,0.));
#5233=DIRECTION('center_axis',(-1.,0.,0.));
#5234=DIRECTION('ref_axis',(0.,0.,1.));
#5235=DIRECTION('center_axis',(0.,-1.,0.));
#5236=DIRECTION('ref_axis',(-1.,0.,0.));
#5237=DIRECTION('center_axis',(0.,-1.,0.));
#5238=DIRECTION('ref_axis',(-1.,0.,0.));
#5239=DIRECTION('center_axis',(0.,-1.,0.));
#5240=DIRECTION('ref_axis',(1.,0.,0.));
#5241=DIRECTION('',(0.,1.,0.));
#5242=DIRECTION('center_axis',(0.,1.,0.));
#5243=DIRECTION('ref_axis',(1.,0.,0.));
#5244=DIRECTION('center_axis',(0.,-1.,0.));
#5245=DIRECTION('ref_axis',(0.,0.,-1.));
#5246=DIRECTION('center_axis',(-1.,0.,0.));
#5247=DIRECTION('ref_axis',(0.,0.,-1.));
#5248=DIRECTION('',(0.,0.,-1.));
#5249=DIRECTION('',(0.,-1.,0.));
#5250=DIRECTION('',(0.,0.,-1.));
#5251=DIRECTION('center_axis',(0.,0.,-1.));
#5252=DIRECTION('ref_axis',(1.,0.,0.));
#5253=DIRECTION('',(1.,0.,0.));
#5254=DIRECTION('',(0.,-1.,0.));
#5255=DIRECTION('',(1.,0.,0.));
#5256=DIRECTION('center_axis',(1.,0.,0.));
#5257=DIRECTION('ref_axis',(0.,0.,1.));
#5258=DIRECTION('',(0.,0.,1.));
#5259=DIRECTION('',(0.,-1.,0.));
#5260=DIRECTION('',(0.,0.,1.));
#5261=DIRECTION('center_axis',(0.,-1.,0.));
#5262=DIRECTION('ref_axis',(0.,0.,-1.));
#5263=DIRECTION('center_axis',(0.,-1.,0.));
#5264=DIRECTION('ref_axis',(0.,0.,1.));
#5265=DIRECTION('',(-1.,0.,0.));
#5266=DIRECTION('center_axis',(0.,-1.,0.));
#5267=DIRECTION('ref_axis',(0.,0.,1.));
#5268=DIRECTION('',(0.,0.,1.));
#5269=DIRECTION('',(-1.,0.,0.));
#5270=DIRECTION('center_axis',(0.,-1.,0.));
#5271=DIRECTION('ref_axis',(0.,0.,1.));
#5272=DIRECTION('',(1.,0.,0.));
#5273=DIRECTION('center_axis',(0.,-1.,0.));
#5274=DIRECTION('ref_axis',(0.,0.,1.));
#5275=DIRECTION('center_axis',(0.,-1.,0.));
#5276=DIRECTION('ref_axis',(0.,0.,1.));
#5277=DIRECTION('',(0.,0.,-1.));
#5278=DIRECTION('center_axis',(-1.,0.,0.));
#5279=DIRECTION('ref_axis',(0.,0.,-1.));
#5280=DIRECTION('',(0.,0.,-1.));
#5281=DIRECTION('center_axis',(0.,0.,1.));
#5282=DIRECTION('ref_axis',(-1.,0.,0.));
#5283=DIRECTION('',(-1.,0.,0.));
#5284=DIRECTION('center_axis',(1.,0.,0.));
#5285=DIRECTION('ref_axis',(0.,0.,1.));
#5286=DIRECTION('',(0.,0.,1.));
#5287=DIRECTION('',(0.,-1.,0.));
#5288=DIRECTION('center_axis',(0.,0.,1.));
#5289=DIRECTION('ref_axis',(-1.,0.,0.));
#5290=DIRECTION('',(-1.,0.,0.));
#5291=DIRECTION('center_axis',(0.,0.,-1.));
#5292=DIRECTION('ref_axis',(1.,0.,0.));
#5293=DIRECTION('',(1.,0.,0.));
#5294=DIRECTION('center_axis',(1.,0.,0.));
#5295=DIRECTION('ref_axis',(0.,0.,1.));
#5296=DIRECTION('',(0.,0.,1.));
#5297=DIRECTION('',(0.,-1.,0.));
#5298=DIRECTION('',(0.,0.,1.));
#5299=DIRECTION('center_axis',(0.,0.,-1.));
#5300=DIRECTION('ref_axis',(1.,0.,0.));
#5301=DIRECTION('',(1.,0.,0.));
#5302=DIRECTION('',(0.,-1.,0.));
#5303=DIRECTION('',(1.,0.,0.));
#5304=DIRECTION('center_axis',(0.,0.,1.));
#5305=DIRECTION('ref_axis',(-1.,0.,0.));
#5306=DIRECTION('',(-1.,0.,0.));
#5307=DIRECTION('',(0.,-1.,0.));
#5308=DIRECTION('',(-1.,0.,0.));
#5309=DIRECTION('center_axis',(1.,0.,0.));
#5310=DIRECTION('ref_axis',(0.,0.,1.));
#5311=DIRECTION('',(0.,0.,1.));
#5312=DIRECTION('',(0.,0.,1.));
#5313=DIRECTION('center_axis',(0.,0.,-1.));
#5314=DIRECTION('ref_axis',(1.,0.,0.));
#5315=DIRECTION('',(1.,0.,0.));
#5316=DIRECTION('',(1.,0.,0.));
#5317=DIRECTION('center_axis',(-1.,0.,0.));
#5318=DIRECTION('ref_axis',(0.,0.,-1.));
#5319=DIRECTION('',(0.,0.,-1.));
#5320=DIRECTION('',(0.,0.,-1.));
#5321=DIRECTION('center_axis',(0.,0.,1.));
#5322=DIRECTION('ref_axis',(-1.,0.,0.));
#5323=DIRECTION('',(-1.,0.,0.));
#5324=DIRECTION('',(0.,-1.,0.));
#5325=DIRECTION('',(-1.,0.,0.));
#5326=DIRECTION('center_axis',(-1.,0.,0.));
#5327=DIRECTION('ref_axis',(0.,0.,-1.));
#5328=DIRECTION('',(0.,0.,-1.));
#5329=DIRECTION('',(0.,0.,-1.));
#5330=DIRECTION('center_axis',(0.,-1.,0.));
#5331=DIRECTION('ref_axis',(0.,0.,-1.));
#5332=DIRECTION('center_axis',(0.,-1.,0.));
#5333=DIRECTION('ref_axis',(0.,0.,1.));
#5334=DIRECTION('center_axis',(0.,-1.,0.));
#5335=DIRECTION('ref_axis',(0.,0.,1.));
#5336=DIRECTION('center_axis',(0.,-1.,0.));
#5337=DIRECTION('ref_axis',(0.,0.,1.));
#5338=DIRECTION('center_axis',(0.,-1.,0.));
#5339=DIRECTION('ref_axis',(0.,0.,1.));
#5340=DIRECTION('center_axis',(0.,-1.,0.));
#5341=DIRECTION('ref_axis',(0.,0.,1.));
#5342=DIRECTION('center_axis',(1.,0.,0.));
#5343=DIRECTION('ref_axis',(0.,0.,1.));
#5344=DIRECTION('',(0.,0.,1.));
#5345=DIRECTION('',(0.,-1.,0.));
#5346=DIRECTION('',(0.,0.,1.));
#5347=DIRECTION('center_axis',(0.,0.,-1.));
#5348=DIRECTION('ref_axis',(1.,0.,0.));
#5349=DIRECTION('',(1.,0.,0.));
#5350=DIRECTION('',(0.,-1.,0.));
#5351=DIRECTION('',(1.,0.,0.));
#5352=DIRECTION('center_axis',(0.,0.,1.));
#5353=DIRECTION('ref_axis',(-1.,0.,0.));
#5354=DIRECTION('',(-1.,0.,0.));
#5355=DIRECTION('',(0.,-1.,0.));
#5356=DIRECTION('',(-1.,0.,0.));
#5357=DIRECTION('center_axis',(0.,-1.,0.));
#5358=DIRECTION('ref_axis',(0.,0.,-1.));
#5359=DIRECTION('center_axis',(0.,-1.,0.));
#5360=DIRECTION('ref_axis',(0.,0.,1.));
#5361=DIRECTION('',(0.,0.,-1.));
#5362=DIRECTION('center_axis',(0.,-1.,0.));
#5363=DIRECTION('ref_axis',(0.,0.,1.));
#5364=DIRECTION('',(-1.,0.,0.));
#5365=DIRECTION('',(0.,0.,-1.));
#5366=DIRECTION('center_axis',(0.,-1.,0.));
#5367=DIRECTION('ref_axis',(0.,0.,1.));
#5368=DIRECTION('',(0.,0.,1.));
#5369=DIRECTION('center_axis',(0.,-1.,0.));
#5370=DIRECTION('ref_axis',(0.,0.,1.));
#5371=DIRECTION('',(1.,0.,0.));
#5372=DIRECTION('center_axis',(0.,-1.,0.));
#5373=DIRECTION('ref_axis',(0.,0.,1.));
#5374=DIRECTION('center_axis',(0.,0.,-1.));
#5375=DIRECTION('ref_axis',(1.,0.,0.));
#5376=DIRECTION('',(1.,0.,0.));
#5377=DIRECTION('center_axis',(-1.,0.,0.));
#5378=DIRECTION('ref_axis',(0.,0.,-1.));
#5379=DIRECTION('',(0.,0.,-1.));
#5380=DIRECTION('center_axis',(0.,0.,1.));
#5381=DIRECTION('ref_axis',(-1.,0.,0.));
#5382=DIRECTION('',(-1.,0.,0.));
#5383=DIRECTION('',(0.,-1.,0.));
#5384=DIRECTION('center_axis',(-1.,0.,0.));
#5385=DIRECTION('ref_axis',(0.,0.,-1.));
#5386=DIRECTION('',(0.,0.,-1.));
#5387=DIRECTION('center_axis',(1.,0.,0.));
#5388=DIRECTION('ref_axis',(0.,0.,1.));
#5389=DIRECTION('',(0.,0.,1.));
#5390=DIRECTION('center_axis',(0.,-1.,0.));
#5391=DIRECTION('ref_axis',(-1.,0.,0.));
#5392=DIRECTION('center_axis',(0.,-1.,0.));
#5393=DIRECTION('ref_axis',(1.,0.,0.));
#5394=DIRECTION('center_axis',(0.,-1.,0.));
#5395=DIRECTION('ref_axis',(1.,0.,0.));
#5396=DIRECTION('center_axis',(0.,-1.,0.));
#5397=DIRECTION('ref_axis',(1.,0.,0.));
#5398=DIRECTION('center_axis',(0.,-1.,0.));
#5399=DIRECTION('ref_axis',(1.,0.,0.));
#5400=DIRECTION('center_axis',(0.,-1.,0.));
#5401=DIRECTION('ref_axis',(-1.,0.,0.));
#5402=DIRECTION('center_axis',(0.,-1.,0.));
#5403=DIRECTION('ref_axis',(-1.,0.,0.));
#5404=DIRECTION('center_axis',(0.,-1.,0.));
#5405=DIRECTION('ref_axis',(-1.,0.,0.));
#5406=DIRECTION('center_axis',(0.,1.,0.));
#5407=DIRECTION('ref_axis',(0.,0.,1.));
#5408=DIRECTION('center_axis',(0.,1.,0.));
#5409=DIRECTION('ref_axis',(0.,0.,1.));
#5410=DIRECTION('center_axis',(0.,1.,0.));
#5411=DIRECTION('ref_axis',(0.,0.,1.));
#5412=DIRECTION('center_axis',(0.,1.,0.));
#5413=DIRECTION('ref_axis',(0.,0.,1.));
#5414=DIRECTION('center_axis',(0.,-1.,0.));
#5415=DIRECTION('ref_axis',(-1.,0.,0.));
#5416=DIRECTION('center_axis',(0.,1.,0.));
#5417=DIRECTION('ref_axis',(0.,0.,1.));
#5418=DIRECTION('center_axis',(0.,-1.,0.));
#5419=DIRECTION('ref_axis',(-1.,0.,0.));
#5420=DIRECTION('center_axis',(0.,1.,0.));
#5421=DIRECTION('ref_axis',(0.,0.,1.));
#5422=DIRECTION('center_axis',(0.,-1.,0.));
#5423=DIRECTION('ref_axis',(-1.,0.,0.));
#5424=DIRECTION('center_axis',(0.,1.,0.));
#5425=DIRECTION('ref_axis',(0.,0.,1.));
#5426=DIRECTION('center_axis',(0.,-1.,0.));
#5427=DIRECTION('ref_axis',(-1.,0.,0.));
#5428=DIRECTION('center_axis',(0.,1.,0.));
#5429=DIRECTION('ref_axis',(0.,0.,1.));
#5430=DIRECTION('center_axis',(0.,-1.,0.));
#5431=DIRECTION('ref_axis',(-1.,0.,0.));
#5432=DIRECTION('center_axis',(0.,1.,0.));
#5433=DIRECTION('ref_axis',(0.,0.,1.));
#5434=DIRECTION('center_axis',(0.,-1.,0.));
#5435=DIRECTION('ref_axis',(-1.,0.,0.));
#5436=DIRECTION('center_axis',(0.,1.,0.));
#5437=DIRECTION('ref_axis',(0.,0.,1.));
#5438=DIRECTION('center_axis',(0.,-1.,0.));
#5439=DIRECTION('ref_axis',(-1.,0.,0.));
#5440=DIRECTION('center_axis',(0.,-1.,0.));
#5441=DIRECTION('ref_axis',(1.,0.,0.));
#5442=DIRECTION('center_axis',(0.,-1.,0.));
#5443=DIRECTION('ref_axis',(1.,0.,0.));
#5444=DIRECTION('center_axis',(0.,-1.,0.));
#5445=DIRECTION('ref_axis',(1.,0.,0.));
#5446=DIRECTION('center_axis',(0.,-1.,0.));
#5447=DIRECTION('ref_axis',(1.,0.,0.));
#5448=DIRECTION('center_axis',(0.,-1.,0.));
#5449=DIRECTION('ref_axis',(-1.,0.,0.));
#5450=DIRECTION('center_axis',(0.,1.,0.));
#5451=DIRECTION('ref_axis',(0.,0.,1.));
#5452=DIRECTION('center_axis',(0.,-1.,0.));
#5453=DIRECTION('ref_axis',(1.,0.,0.));
#5454=DIRECTION('center_axis',(0.,-1.,0.));
#5455=DIRECTION('ref_axis',(1.,0.,0.));
#5456=DIRECTION('center_axis',(0.,-1.,0.));
#5457=DIRECTION('ref_axis',(1.,0.,0.));
#5458=DIRECTION('center_axis',(0.,-1.,0.));
#5459=DIRECTION('ref_axis',(1.,0.,0.));
#5460=DIRECTION('center_axis',(0.,1.,0.));
#5461=DIRECTION('ref_axis',(0.,0.,1.));
#5462=DIRECTION('center_axis',(0.,1.,0.));
#5463=DIRECTION('ref_axis',(0.,0.,1.));
#5464=DIRECTION('',(1.,0.,0.));
#5465=DIRECTION('',(0.,0.,-1.));
#5466=DIRECTION('center_axis',(0.,1.,0.));
#5467=DIRECTION('ref_axis',(0.,0.,1.));
#5468=DIRECTION('',(0.,0.,1.));
#5469=DIRECTION('',(1.,0.,0.));
#5470=DIRECTION('center_axis',(0.,1.,0.));
#5471=DIRECTION('ref_axis',(0.,0.,1.));
#5472=DIRECTION('',(-1.,0.,0.));
#5473=DIRECTION('',(0.,0.,1.));
#5474=DIRECTION('center_axis',(0.,1.,0.));
#5475=DIRECTION('ref_axis',(0.,0.,1.));
#5476=DIRECTION('',(0.,0.,-1.));
#5477=DIRECTION('',(-1.,0.,0.));
#5478=DIRECTION('center_axis',(0.,1.,0.));
#5479=DIRECTION('ref_axis',(0.,0.,1.));
#5480=DIRECTION('',(1.,0.,0.));
#5481=DIRECTION('',(0.,0.,-1.));
#5482=DIRECTION('center_axis',(0.,1.,0.));
#5483=DIRECTION('ref_axis',(0.,0.,1.));
#5484=DIRECTION('',(0.,0.,1.));
#5485=DIRECTION('',(1.,0.,0.));
#5486=DIRECTION('center_axis',(0.,1.,0.));
#5487=DIRECTION('ref_axis',(0.,0.,1.));
#5488=DIRECTION('',(-1.,0.,0.));
#5489=DIRECTION('',(0.,0.,1.));
#5490=DIRECTION('center_axis',(0.,1.,0.));
#5491=DIRECTION('ref_axis',(0.,0.,1.));
#5492=DIRECTION('',(0.,0.,-1.));
#5493=DIRECTION('',(-1.,0.,0.));
#5494=DIRECTION('center_axis',(0.,1.,0.));
#5495=DIRECTION('ref_axis',(0.,0.,1.));
#5496=DIRECTION('',(1.,0.,0.));
#5497=DIRECTION('',(0.,0.,-1.));
#5498=DIRECTION('center_axis',(0.,1.,0.));
#5499=DIRECTION('ref_axis',(0.,0.,1.));
#5500=DIRECTION('',(0.,0.,1.));
#5501=DIRECTION('',(1.,0.,0.));
#5502=DIRECTION('center_axis',(0.,1.,0.));
#5503=DIRECTION('ref_axis',(0.,0.,1.));
#5504=DIRECTION('',(-1.,0.,0.));
#5505=DIRECTION('',(0.,0.,1.));
#5506=DIRECTION('center_axis',(0.,1.,0.));
#5507=DIRECTION('ref_axis',(0.,0.,1.));
#5508=DIRECTION('',(0.,0.,-1.));
#5509=DIRECTION('',(-1.,0.,0.));
#5510=DIRECTION('center_axis',(1.,0.,0.));
#5511=DIRECTION('ref_axis',(0.,1.,0.));
#5512=DIRECTION('',(0.,1.,0.));
#5513=DIRECTION('',(0.,0.,1.));
#5514=DIRECTION('',(0.,1.,0.));
#5515=DIRECTION('',(0.,0.,1.));
#5516=DIRECTION('center_axis',(-1.,0.,0.));
#5517=DIRECTION('ref_axis',(0.,-1.,0.));
#5518=DIRECTION('',(0.,-1.,0.));
#5519=DIRECTION('',(0.,0.,1.));
#5520=DIRECTION('',(0.,-1.,0.));
#5521=DIRECTION('',(0.,0.,1.));
#5522=DIRECTION('center_axis',(0.,1.,0.));
#5523=DIRECTION('ref_axis',(-1.,0.,0.));
#5524=DIRECTION('',(-1.,0.,0.));
#5525=DIRECTION('',(-1.,0.,0.));
#5526=DIRECTION('center_axis',(0.,0.,1.));
#5527=DIRECTION('ref_axis',(1.,0.,0.));
#5528=DIRECTION('',(1.,0.,0.));
#5529=DIRECTION('center_axis',(1.,0.,0.));
#5530=DIRECTION('ref_axis',(0.,1.,0.));
#5531=DIRECTION('',(0.,1.,0.));
#5532=DIRECTION('',(0.,0.,1.));
#5533=DIRECTION('',(0.,1.,0.));
#5534=DIRECTION('',(0.,0.,1.));
#5535=DIRECTION('center_axis',(-1.,0.,0.));
#5536=DIRECTION('ref_axis',(0.,-1.,0.));
#5537=DIRECTION('',(0.,-1.,0.));
#5538=DIRECTION('',(0.,0.,1.));
#5539=DIRECTION('',(0.,-1.,0.));
#5540=DIRECTION('',(0.,0.,1.));
#5541=DIRECTION('center_axis',(0.,1.,0.));
#5542=DIRECTION('ref_axis',(-1.,0.,0.));
#5543=DIRECTION('',(-1.,0.,0.));
#5544=DIRECTION('',(-1.,0.,0.));
#5545=DIRECTION('center_axis',(0.,0.,1.));
#5546=DIRECTION('ref_axis',(1.,0.,0.));
#5547=DIRECTION('',(1.,0.,0.));
#5548=DIRECTION('center_axis',(1.,0.,0.));
#5549=DIRECTION('ref_axis',(0.,1.,0.));
#5550=DIRECTION('',(0.,1.,0.));
#5551=DIRECTION('',(0.,0.,1.));
#5552=DIRECTION('',(0.,1.,0.));
#5553=DIRECTION('',(0.,0.,1.));
#5554=DIRECTION('center_axis',(-1.,0.,0.));
#5555=DIRECTION('ref_axis',(0.,-1.,0.));
#5556=DIRECTION('',(0.,-1.,0.));
#5557=DIRECTION('',(0.,0.,1.));
#5558=DIRECTION('',(0.,-1.,0.));
#5559=DIRECTION('',(0.,0.,1.));
#5560=DIRECTION('center_axis',(0.,1.,0.));
#5561=DIRECTION('ref_axis',(-1.,0.,0.));
#5562=DIRECTION('',(-1.,0.,0.));
#5563=DIRECTION('',(-1.,0.,0.));
#5564=DIRECTION('center_axis',(0.,0.,1.));
#5565=DIRECTION('ref_axis',(1.,0.,0.));
#5566=DIRECTION('',(1.,0.,0.));
#5567=DIRECTION('center_axis',(0.,0.,1.));
#5568=DIRECTION('ref_axis',(-0.707106781186548,0.707106781186548,0.));
#5569=DIRECTION('center_axis',(-0.707106781186548,0.,0.707106781186548));
#5570=DIRECTION('ref_axis',(-0.707106781186548,0.,-0.707106781186548));
#5571=DIRECTION('',(0.,0.,1.));
#5572=DIRECTION('center_axis',(0.707106781186548,0.,0.707106781186548));
#5573=DIRECTION('ref_axis',(-0.707106781186548,0.,0.707106781186548));
#5574=DIRECTION('center_axis',(-1.,0.,0.));
#5575=DIRECTION('ref_axis',(0.,0.707106781186546,-0.707106781186549));
#5576=DIRECTION('center_axis',(-0.707106781186548,0.,-0.707106781186547));
#5577=DIRECTION('ref_axis',(0.707106781186547,0.,-0.707106781186548));
#5578=DIRECTION('',(-1.,0.,0.));
#5579=DIRECTION('center_axis',(0.,0.,-1.));
#5580=DIRECTION('ref_axis',(0.707106781186547,0.707106781186548,0.));
#5581=DIRECTION('center_axis',(0.707106781186548,0.,-0.707106781186547));
#5582=DIRECTION('ref_axis',(0.707106781186547,0.,0.707106781186548));
#5583=DIRECTION('',(0.,0.,-1.));
#5584=DIRECTION('center_axis',(1.,0.,0.));
#5585=DIRECTION('ref_axis',(0.,0.707106781186546,0.707106781186549));
#5586=DIRECTION('',(1.,0.,0.));
#5587=DIRECTION('center_axis',(0.,0.,1.));
#5588=DIRECTION('ref_axis',(1.,0.,0.));
#5589=DIRECTION('',(0.,1.,0.));
#5590=DIRECTION('',(-1.,0.,0.));
#5591=DIRECTION('',(0.,1.,0.));
#5592=DIRECTION('center_axis',(-1.,0.,0.));
#5593=DIRECTION('ref_axis',(0.,0.,1.));
#5594=DIRECTION('',(0.,1.,0.));
#5595=DIRECTION('',(0.,0.,-1.));
#5596=DIRECTION('center_axis',(-1.,0.,0.));
#5597=DIRECTION('ref_axis',(0.,0.707106781186546,-0.707106781186549));
#5598=DIRECTION('center_axis',(-0.707106781186548,0.,-0.707106781186547));
#5599=DIRECTION('ref_axis',(0.707106781186547,0.,-0.707106781186548));
#5600=DIRECTION('',(-1.,0.,0.));
#5601=DIRECTION('center_axis',(-0.707106781186548,-1.96261557335472E-16,
0.707106781186547));
#5602=DIRECTION('ref_axis',(-0.707106781186547,-1.96261557335472E-16,-0.707106781186548));
#5603=DIRECTION('center_axis',(0.,0.,-1.));
#5604=DIRECTION('ref_axis',(0.707106781186547,0.707106781186548,0.));
#5605=DIRECTION('center_axis',(0.707106781186548,-1.96261557335472E-16,
-0.707106781186547));
#5606=DIRECTION('ref_axis',(0.707106781186547,-1.96261557335472E-16,0.707106781186548));
#5607=DIRECTION('',(0.,0.,-1.));
#5608=DIRECTION('center_axis',(1.,0.,0.));
#5609=DIRECTION('ref_axis',(0.,0.707106781186546,0.707106781186549));
#5610=DIRECTION('center_axis',(0.707106781186548,0.,0.707106781186547));
#5611=DIRECTION('ref_axis',(-0.707106781186547,0.,0.707106781186548));
#5612=DIRECTION('',(1.,0.,0.));
#5613=DIRECTION('center_axis',(0.,0.,1.));
#5614=DIRECTION('ref_axis',(-0.707106781186547,0.707106781186548,0.));
#5615=DIRECTION('',(0.,0.,1.));
#5616=DIRECTION('center_axis',(-1.,0.,0.));
#5617=DIRECTION('ref_axis',(0.,0.,1.));
#5618=DIRECTION('',(0.,1.,0.));
#5619=DIRECTION('',(0.,0.,-1.));
#5620=DIRECTION('',(0.,1.,0.));
#5621=DIRECTION('center_axis',(0.,0.,-1.));
#5622=DIRECTION('ref_axis',(-1.,0.,0.));
#5623=DIRECTION('',(1.,0.,0.));
#5624=DIRECTION('',(0.,1.,0.));
#5625=DIRECTION('',(1.,0.,0.));
#5626=DIRECTION('center_axis',(1.,0.,0.));
#5627=DIRECTION('ref_axis',(0.,0.707106781186546,0.707106781186549));
#5628=DIRECTION('center_axis',(0.707106781186548,0.,0.707106781186547));
#5629=DIRECTION('ref_axis',(-0.707106781186547,0.,0.707106781186548));
#5630=DIRECTION('',(1.,0.,0.));
#5631=DIRECTION('center_axis',(0.707106781186548,0.,-0.707106781186548));
#5632=DIRECTION('ref_axis',(0.707106781186548,0.,0.707106781186548));
#5633=DIRECTION('center_axis',(0.,0.,1.));
#5634=DIRECTION('ref_axis',(-0.707106781186547,0.707106781186548,0.));
#5635=DIRECTION('center_axis',(-0.707106781186548,0.,0.707106781186547));
#5636=DIRECTION('ref_axis',(-0.707106781186547,0.,-0.707106781186548));
#5637=DIRECTION('',(0.,0.,1.));
#5638=DIRECTION('center_axis',(-1.,0.,0.));
#5639=DIRECTION('ref_axis',(0.,0.707106781186546,-0.707106781186549));
#5640=DIRECTION('center_axis',(-0.707106781186548,0.,-0.707106781186548));
#5641=DIRECTION('ref_axis',(0.707106781186548,0.,-0.707106781186548));
#5642=DIRECTION('',(-1.,0.,0.));
#5643=DIRECTION('center_axis',(0.,0.,-1.));
#5644=DIRECTION('ref_axis',(0.707106781186548,0.707106781186548,0.));
#5645=DIRECTION('',(0.,0.,-1.));
#5646=DIRECTION('center_axis',(1.,0.,0.));
#5647=DIRECTION('ref_axis',(0.,0.,-1.));
#5648=DIRECTION('',(0.,1.,0.));
#5649=DIRECTION('',(0.,0.,1.));
#5650=DIRECTION('',(0.,1.,0.));
#5651=DIRECTION('center_axis',(0.,0.,1.));
#5652=DIRECTION('ref_axis',(1.,0.,0.));
#5653=DIRECTION('',(0.,1.,0.));
#5654=DIRECTION('',(-1.,0.,0.));
#5655=DIRECTION('center_axis',(0.,0.,-1.));
#5656=DIRECTION('ref_axis',(-1.,0.,0.));
#5657=DIRECTION('',(1.,0.,0.));
#5658=DIRECTION('',(0.,1.,0.));
#5659=DIRECTION('',(1.,0.,0.));
#5660=DIRECTION('center_axis',(1.,0.,0.));
#5661=DIRECTION('ref_axis',(0.,0.,-1.));
#5662=DIRECTION('',(0.,0.,1.));
#5663=DIRECTION('center_axis',(0.,0.,1.));
#5664=DIRECTION('ref_axis',(1.,0.,0.));
#5665=DIRECTION('',(-1.,0.,0.));
#5666=DIRECTION('',(0.,1.,0.));
#5667=DIRECTION('center_axis',(1.,0.,0.));
#5668=DIRECTION('ref_axis',(0.,0.,-1.));
#5669=DIRECTION('',(0.,0.,1.));
#5670=DIRECTION('center_axis',(-1.,0.,0.));
#5671=DIRECTION('ref_axis',(0.,0.,1.));
#5672=DIRECTION('',(0.,1.,0.));
#5673=DIRECTION('',(0.,0.,-1.));
#5674=DIRECTION('center_axis',(0.,0.,-1.));
#5675=DIRECTION('ref_axis',(-1.,0.,0.));
#5676=DIRECTION('',(1.,0.,0.));
#5677=DIRECTION('',(1.,0.,0.));
#5678=DIRECTION('center_axis',(0.,1.,0.));
#5679=DIRECTION('ref_axis',(0.,0.,1.));
#5680=DIRECTION('',(0.,0.,-1.));
#5681=DIRECTION('',(-1.,0.,0.));
#5682=DIRECTION('',(0.,0.,1.));
#5683=DIRECTION('',(-1.,0.,0.));
#5684=DIRECTION('center_axis',(0.,1.,0.));
#5685=DIRECTION('ref_axis',(0.,0.,1.));
#5686=DIRECTION('',(0.,0.,-1.));
#5687=DIRECTION('',(-1.,0.,0.));
#5688=DIRECTION('',(0.,0.,1.));
#5689=DIRECTION('',(-1.,0.,0.));
#5690=DIRECTION('center_axis',(0.,1.,0.));
#5691=DIRECTION('ref_axis',(0.,0.,1.));
#5692=DIRECTION('',(0.,0.,1.));
#5693=DIRECTION('',(-1.,0.,0.));
#5694=DIRECTION('',(0.,0.,-1.));
#5695=DIRECTION('',(-1.,0.,0.));
#5696=DIRECTION('center_axis',(0.,0.,-1.));
#5697=DIRECTION('ref_axis',(-1.,0.,0.));
#5698=DIRECTION('',(0.,1.,0.));
#5699=DIRECTION('',(-1.,0.,0.));
#5700=DIRECTION('',(0.,1.,0.));
#5701=DIRECTION('center_axis',(1.,0.,0.));
#5702=DIRECTION('ref_axis',(0.,0.,-1.));
#5703=DIRECTION('',(0.,1.,0.));
#5704=DIRECTION('',(0.,0.,-1.));
#5705=DIRECTION('',(0.,1.,0.));
#5706=DIRECTION('center_axis',(1.,0.,0.));
#5707=DIRECTION('ref_axis',(0.,0.,-1.));
#5708=DIRECTION('',(0.,1.,0.));
#5709=DIRECTION('',(0.,0.,-1.));
#5710=DIRECTION('center_axis',(0.,0.,-1.));
#5711=DIRECTION('ref_axis',(-1.,0.,0.));
#5712=DIRECTION('',(0.,1.,0.));
#5713=DIRECTION('',(-1.,0.,0.));
#5714=DIRECTION('',(0.,1.,0.));
#5715=DIRECTION('',(-1.,0.,0.));
#5716=DIRECTION('',(0.,1.,0.));
#5717=DIRECTION('',(-1.,0.,0.));
#5718=DIRECTION('',(0.,1.,0.));
#5719=DIRECTION('',(0.,1.,0.));
#5720=DIRECTION('',(-1.,0.,0.));
#5721=DIRECTION('',(0.,1.,0.));
#5722=DIRECTION('',(1.,0.,0.));
#5723=DIRECTION('center_axis',(-1.,0.,3.70074341541719E-16));
#5724=DIRECTION('ref_axis',(3.70074341541719E-16,0.,1.));
#5725=DIRECTION('',(0.,1.,0.));
#5726=DIRECTION('',(3.70074341541719E-16,0.,1.));
#5727=DIRECTION('',(-3.70074341541719E-16,0.,-1.));
#5728=DIRECTION('center_axis',(0.,0.,1.));
#5729=DIRECTION('ref_axis',(1.,0.,0.));
#5730=DIRECTION('',(0.,1.,0.));
#5731=DIRECTION('',(1.,0.,0.));
#5732=DIRECTION('',(-1.,0.,0.));
#5733=DIRECTION('center_axis',(1.,0.,-3.70074341541719E-16));
#5734=DIRECTION('ref_axis',(-3.70074341541719E-16,0.,-1.));
#5735=DIRECTION('',(-3.70074341541719E-16,0.,-1.));
#5736=DIRECTION('',(3.70074341541719E-16,0.,1.));
#5737=DIRECTION('center_axis',(0.,1.,0.));
#5738=DIRECTION('ref_axis',(0.,0.,1.));
#5739=DIRECTION('center_axis',(0.,1.,0.));
#5740=DIRECTION('ref_axis',(2.22044604925031E-15,0.,1.));
#5741=DIRECTION('',(0.,0.,-1.));
#5742=DIRECTION('center_axis',(0.,1.,0.));
#5743=DIRECTION('ref_axis',(1.,0.,4.44089209850063E-15));
#5744=DIRECTION('',(-1.,0.,-1.2335811384724E-16));
#5745=DIRECTION('center_axis',(0.,1.,0.));
#5746=DIRECTION('ref_axis',(2.22044604925032E-15,0.,-1.));
#5747=DIRECTION('',(0.,0.,1.));
#5748=DIRECTION('center_axis',(0.,1.,0.));
#5749=DIRECTION('ref_axis',(-1.,0.,-4.44089209850063E-15));
#5750=DIRECTION('',(1.,0.,2.46716227694479E-16));
#5751=DIRECTION('center_axis',(0.,-1.,0.));
#5752=DIRECTION('ref_axis',(1.,0.,0.));
#5753=DIRECTION('center_axis',(0.,-1.,0.));
#5754=DIRECTION('ref_axis',(1.,0.,0.));
#5755=DIRECTION('center_axis',(0.,-1.,0.));
#5756=DIRECTION('ref_axis',(1.,0.,0.));
#5757=DIRECTION('center_axis',(0.,-1.,0.));
#5758=DIRECTION('ref_axis',(1.,0.,0.));
#5759=DIRECTION('',(0.,0.,-1.));
#5760=DIRECTION('',(1.,0.,0.));
#5761=DIRECTION('',(0.,0.,1.));
#5762=DIRECTION('',(-1.,0.,0.));
#5763=DIRECTION('center_axis',(0.,-1.,0.));
#5764=DIRECTION('ref_axis',(1.,0.,0.));
#5765=DIRECTION('',(-1.,0.,0.));
#5766=DIRECTION('',(0.707106781186545,0.,0.70710678118655));
#5767=DIRECTION('',(0.,0.,-1.));
#5768=DIRECTION('',(-0.707106781186548,0.,0.707106781186548));
#5769=DIRECTION('',(1.,0.,0.));
#5770=DIRECTION('',(-0.707106781186548,0.,-0.707106781186548));
#5771=DIRECTION('',(0.,0.,1.));
#5772=DIRECTION('',(0.707106781186545,0.,-0.70710678118655));
#5773=DIRECTION('',(0.,0.,-1.));
#5774=DIRECTION('',(-0.707106781186548,0.,0.707106781186548));
#5775=DIRECTION('',(1.,0.,0.));
#5776=DIRECTION('',(-0.707106781186548,0.,-0.707106781186548));
#5777=DIRECTION('',(0.,0.,1.));
#5778=DIRECTION('',(0.707106781186545,0.,-0.70710678118655));
#5779=DIRECTION('',(-1.,0.,0.));
#5780=DIRECTION('',(0.707106781186545,0.,0.70710678118655));
#5781=DIRECTION('',(0.,0.,-1.));
#5782=DIRECTION('',(-0.707106781186548,0.,0.707106781186548));
#5783=DIRECTION('',(1.,0.,0.));
#5784=DIRECTION('',(-0.707106781186548,0.,-0.707106781186548));
#5785=DIRECTION('',(0.,0.,1.));
#5786=DIRECTION('',(0.707106781186545,0.,-0.70710678118655));
#5787=DIRECTION('',(-1.,0.,0.));
#5788=DIRECTION('',(0.707106781186545,0.,0.70710678118655));
#5789=DIRECTION('',(-1.05735526154777E-16,0.,-1.));
#5790=DIRECTION('',(-1.,0.,0.));
#5791=DIRECTION('',(0.,0.,-1.));
#5792=DIRECTION('',(1.,0.,0.));
#5793=DIRECTION('',(0.,0.,1.));
#5794=DIRECTION('',(-1.,0.,0.));
#5795=DIRECTION('',(0.,0.,1.));
#5796=DIRECTION('',(-1.,0.,0.));
#5797=DIRECTION('center_axis',(-1.,0.,0.));
#5798=DIRECTION('ref_axis',(0.,0.,1.));
#5799=DIRECTION('',(0.,0.,1.));
#5800=DIRECTION('center_axis',(0.,0.,-1.));
#5801=DIRECTION('ref_axis',(-1.,0.,0.));
#5802=DIRECTION('',(-1.,0.,0.));
#5803=DIRECTION('',(0.,1.,0.));
#5804=DIRECTION('center_axis',(-1.,0.,0.));
#5805=DIRECTION('ref_axis',(0.,0.,1.));
#5806=DIRECTION('',(0.,0.,1.));
#5807=DIRECTION('center_axis',(1.,0.,0.));
#5808=DIRECTION('ref_axis',(0.,0.,-1.));
#5809=DIRECTION('',(0.,0.,-1.));
#5810=DIRECTION('',(0.,1.,0.));
#5811=DIRECTION('center_axis',(0.,0.,-1.));
#5812=DIRECTION('ref_axis',(-1.,0.,0.));
#5813=DIRECTION('',(-1.,0.,0.));
#5814=DIRECTION('',(0.,1.,0.));
#5815=DIRECTION('center_axis',(-1.,0.,0.));
#5816=DIRECTION('ref_axis',(0.,0.,1.));
#5817=DIRECTION('',(0.,0.,1.));
#5818=DIRECTION('center_axis',(0.,1.,0.));
#5819=DIRECTION('ref_axis',(0.,0.,1.));
#5820=DIRECTION('center_axis',(-1.,0.,1.05735526154777E-16));
#5821=DIRECTION('ref_axis',(1.05735526154777E-16,0.,1.));
#5822=DIRECTION('',(0.,1.,0.));
#5823=DIRECTION('',(1.05735526154777E-16,0.,1.));
#5824=DIRECTION('',(0.,1.,0.));
#5825=DIRECTION('center_axis',(0.,0.,1.));
#5826=DIRECTION('ref_axis',(1.,0.,0.));
#5827=DIRECTION('',(1.,0.,0.));
#5828=DIRECTION('',(0.,1.,0.));
#5829=DIRECTION('center_axis',(-1.,0.,0.));
#5830=DIRECTION('ref_axis',(0.,0.,1.));
#5831=DIRECTION('',(0.,0.,1.));
#5832=DIRECTION('',(0.,1.,0.));
#5833=DIRECTION('center_axis',(0.,0.,-1.));
#5834=DIRECTION('ref_axis',(-1.,0.,0.));
#5835=DIRECTION('',(-1.,0.,0.));
#5836=DIRECTION('',(0.,1.,0.));
#5837=DIRECTION('center_axis',(1.,0.,0.));
#5838=DIRECTION('ref_axis',(0.,0.,-1.));
#5839=DIRECTION('',(0.,0.,-1.));
#5840=DIRECTION('',(0.,1.,0.));
#5841=DIRECTION('center_axis',(0.,0.,1.));
#5842=DIRECTION('ref_axis',(1.,0.,0.));
#5843=DIRECTION('',(1.,0.,0.));
#5844=DIRECTION('',(0.,1.,0.));
#5845=DIRECTION('center_axis',(1.,0.,0.));
#5846=DIRECTION('ref_axis',(0.,0.,-1.));
#5847=DIRECTION('',(0.,0.,-1.));
#5848=DIRECTION('',(0.,1.,0.));
#5849=DIRECTION('center_axis',(0.,0.,1.));
#5850=DIRECTION('ref_axis',(1.,0.,0.));
#5851=DIRECTION('',(1.,0.,0.));
#5852=DIRECTION('center_axis',(0.,1.,0.));
#5853=DIRECTION('ref_axis',(0.,0.,1.));
#5854=DIRECTION('',(1.0573552615463E-16,0.,1.));
#5855=DIRECTION('',(1.,0.,0.));
#5856=DIRECTION('',(0.,0.,1.));
#5857=DIRECTION('',(-1.,0.,0.));
#5858=DIRECTION('',(0.,0.,-1.));
#5859=DIRECTION('',(1.,0.,0.));
#5860=DIRECTION('',(0.,0.,-1.));
#5861=DIRECTION('',(1.,0.,0.));
#5862=DIRECTION('center_axis',(1.,0.,0.));
#5863=DIRECTION('ref_axis',(0.,0.,-1.));
#5864=DIRECTION('',(0.,1.,0.));
#5865=DIRECTION('',(0.,0.,-1.));
#5866=DIRECTION('',(0.,1.,0.));
#5867=DIRECTION('center_axis',(0.,0.,-1.));
#5868=DIRECTION('ref_axis',(-1.,0.,0.));
#5869=DIRECTION('',(0.,1.,0.));
#5870=DIRECTION('',(-1.,0.,0.));
#5871=DIRECTION('center_axis',(-1.,0.,0.));
#5872=DIRECTION('ref_axis',(0.,0.,1.));
#5873=DIRECTION('',(0.,1.,0.));
#5874=DIRECTION('',(0.,0.,1.));
#5875=DIRECTION('center_axis',(0.,0.,1.));
#5876=DIRECTION('ref_axis',(1.,0.,0.));
#5877=DIRECTION('',(0.,1.,0.));
#5878=DIRECTION('',(1.,0.,0.));
#5879=DIRECTION('center_axis',(0.,0.,1.));
#5880=DIRECTION('ref_axis',(1.,0.,0.));
#5881=DIRECTION('',(0.,1.,0.));
#5882=DIRECTION('',(1.,0.,0.));
#5883=DIRECTION('',(0.,1.,0.));
#5884=DIRECTION('center_axis',(-1.,0.,1.0573552615463E-16));
#5885=DIRECTION('ref_axis',(1.0573552615463E-16,0.,1.));
#5886=DIRECTION('',(1.0573552615463E-16,0.,1.));
#5887=DIRECTION('center_axis',(0.,0.,1.));
#5888=DIRECTION('ref_axis',(1.,0.,0.));
#5889=DIRECTION('',(1.,0.,0.));
#5890=DIRECTION('',(0.,1.,0.));
#5891=DIRECTION('center_axis',(1.,0.,0.));
#5892=DIRECTION('ref_axis',(0.,0.,-1.));
#5893=DIRECTION('',(0.,0.,-1.));
#5894=DIRECTION('center_axis',(0.,1.,0.));
#5895=DIRECTION('ref_axis',(0.,0.,1.));
#5896=DIRECTION('center_axis',(6.93889390395771E-17,1.,0.));
#5897=DIRECTION('ref_axis',(1.,-6.93889390395771E-17,0.));
#5898=DIRECTION('',(-1.,6.93889390395771E-17,0.));
#5899=DIRECTION('',(0.,0.,-1.));
#5900=DIRECTION('',(1.,-6.93889390395771E-17,0.));
#5901=DIRECTION('',(0.,0.,-1.));
#5902=DIRECTION('center_axis',(0.,-1.,0.));
#5903=DIRECTION('ref_axis',(-1.,0.,0.));
#5904=DIRECTION('',(-1.,0.,0.));
#5905=DIRECTION('',(0.,0.,-1.));
#5906=DIRECTION('',(-1.,0.,0.));
#5907=DIRECTION('',(0.,0.,-1.));
#5908=DIRECTION('center_axis',(0.,0.,-1.));
#5909=DIRECTION('ref_axis',(-1.,0.,0.));
#5910=DIRECTION('',(0.,-1.,0.));
#5911=DIRECTION('',(0.,1.,0.));
#5912=DIRECTION('center_axis',(6.93889390395772E-17,1.,0.));
#5913=DIRECTION('ref_axis',(1.,-6.93889390395772E-17,0.));
#5914=DIRECTION('',(-1.,6.93889390395772E-17,0.));
#5915=DIRECTION('',(0.,0.,-1.));
#5916=DIRECTION('',(1.,-6.93889390395772E-17,0.));
#5917=DIRECTION('',(0.,0.,-1.));
#5918=DIRECTION('center_axis',(0.,-1.,0.));
#5919=DIRECTION('ref_axis',(-1.,0.,0.));
#5920=DIRECTION('',(-1.,0.,0.));
#5921=DIRECTION('',(0.,0.,-1.));
#5922=DIRECTION('',(-1.,0.,0.));
#5923=DIRECTION('',(0.,0.,-1.));
#5924=DIRECTION('center_axis',(0.,0.,-1.));
#5925=DIRECTION('ref_axis',(-1.,0.,0.));
#5926=DIRECTION('',(0.,-1.,0.));
#5927=DIRECTION('',(0.,1.,0.));
#5928=DIRECTION('center_axis',(6.93889390395772E-17,1.,0.));
#5929=DIRECTION('ref_axis',(1.,-6.93889390395772E-17,0.));
#5930=DIRECTION('',(-1.,6.93889390395772E-17,0.));
#5931=DIRECTION('',(0.,0.,-1.));
#5932=DIRECTION('',(1.,-6.93889390395772E-17,0.));
#5933=DIRECTION('',(0.,0.,-1.));
#5934=DIRECTION('center_axis',(0.,-1.,0.));
#5935=DIRECTION('ref_axis',(-1.,0.,0.));
#5936=DIRECTION('',(-1.,0.,0.));
#5937=DIRECTION('',(0.,0.,-1.));
#5938=DIRECTION('',(-1.,0.,0.));
#5939=DIRECTION('',(0.,0.,-1.));
#5940=DIRECTION('center_axis',(0.,0.,-1.));
#5941=DIRECTION('ref_axis',(-1.,0.,0.));
#5942=DIRECTION('',(0.,-1.,0.));
#5943=DIRECTION('',(0.,1.,0.));
#5944=DIRECTION('center_axis',(0.,0.,1.));
#5945=DIRECTION('ref_axis',(1.,0.,0.));
#5946=DIRECTION('',(0.,1.,0.));
#5947=DIRECTION('',(1.,0.,0.));
#5948=DIRECTION('',(0.,1.,0.));
#5949=DIRECTION('',(0.,-1.,0.));
#5950=DIRECTION('',(0.,1.,0.));
#5951=DIRECTION('',(1.,0.,0.));
#5952=DIRECTION('',(0.,-1.,0.));
#5953=DIRECTION('',(0.,1.,0.));
#5954=DIRECTION('',(1.,0.,0.));
#5955=DIRECTION('',(0.,-1.,0.));
#5956=DIRECTION('',(0.,1.,0.));
#5957=DIRECTION('',(1.,0.,0.));
#5958=DIRECTION('center_axis',(1.,0.,0.));
#5959=DIRECTION('ref_axis',(0.,-1.,0.));
#5960=DIRECTION('',(0.,0.,-1.));
#5961=DIRECTION('',(0.,-1.,0.));
#5962=DIRECTION('center_axis',(0.,1.,0.));
#5963=DIRECTION('ref_axis',(1.,0.,0.));
#5964=DIRECTION('',(0.,0.,-1.));
#5965=DIRECTION('',(1.,0.,0.));
#5966=DIRECTION('center_axis',(-1.,0.,0.));
#5967=DIRECTION('ref_axis',(0.,1.,0.));
#5968=DIRECTION('',(0.,1.,0.));
#5969=DIRECTION('center_axis',(0.,0.,-1.));
#5970=DIRECTION('ref_axis',(-1.,0.,0.));
#5971=DIRECTION('center_axis',(1.,0.,0.));
#5972=DIRECTION('ref_axis',(0.,-1.,0.));
#5973=DIRECTION('',(0.,0.,-1.));
#5974=DIRECTION('',(0.,-1.,0.));
#5975=DIRECTION('center_axis',(0.,1.,0.));
#5976=DIRECTION('ref_axis',(1.,0.,0.));
#5977=DIRECTION('',(0.,0.,-1.));
#5978=DIRECTION('',(1.,0.,0.));
#5979=DIRECTION('center_axis',(-1.,0.,0.));
#5980=DIRECTION('ref_axis',(0.,1.,0.));
#5981=DIRECTION('',(0.,1.,0.));
#5982=DIRECTION('center_axis',(0.,0.,-1.));
#5983=DIRECTION('ref_axis',(-1.,0.,0.));
#5984=DIRECTION('center_axis',(1.,0.,0.));
#5985=DIRECTION('ref_axis',(0.,-1.,0.));
#5986=DIRECTION('',(0.,0.,-1.));
#5987=DIRECTION('',(0.,-1.,0.));
#5988=DIRECTION('center_axis',(0.,1.,0.));
#5989=DIRECTION('ref_axis',(1.,0.,0.));
#5990=DIRECTION('',(0.,0.,-1.));
#5991=DIRECTION('',(1.,0.,0.));
#5992=DIRECTION('center_axis',(-1.,0.,0.));
#5993=DIRECTION('ref_axis',(0.,1.,0.));
#5994=DIRECTION('',(0.,1.,0.));
#5995=DIRECTION('center_axis',(0.,0.,-1.));
#5996=DIRECTION('ref_axis',(-1.,0.,0.));
#5997=DIRECTION('center_axis',(6.54113520083757E-32,1.,1.70747257617839E-30));
#5998=DIRECTION('ref_axis',(0.,-1.70747257617839E-30,1.));
#5999=DIRECTION('center_axis',(-6.54113520083757E-32,-1.,-1.70747257617839E-30));
#6000=DIRECTION('ref_axis',(1.,-6.54113520083758E-32,-1.11688089725053E-61));
#6001=DIRECTION('',(1.,-6.54113520083757E-32,0.));
#6002=DIRECTION('',(-1.11688089725053E-61,-1.70747257617839E-30,1.));
#6003=DIRECTION('',(-1.,6.54113520083757E-32,0.));
#6004=DIRECTION('center_axis',(-6.54113520083757E-32,-1.,-1.70747257617839E-30));
#6005=DIRECTION('ref_axis',(1.,-6.54113520083758E-32,-1.11688089725053E-61));
#6006=DIRECTION('center_axis',(6.54113520083757E-32,1.,1.70747257617839E-30));
#6007=DIRECTION('ref_axis',(0.,-1.70747257617839E-30,1.));
#6008=DIRECTION('center_axis',(-6.54113520083757E-32,-1.,-1.70747257617839E-30));
#6009=DIRECTION('ref_axis',(1.,-6.54113520083758E-32,-1.11688089725053E-61));
#6010=DIRECTION('',(-1.,6.54113520083757E-32,0.));
#6011=DIRECTION('',(1.11688089725053E-61,1.70747257617839E-30,-1.));
#6012=DIRECTION('',(1.,-6.54113520083757E-32,0.));
#6013=DIRECTION('center_axis',(1.,0.,1.11688089725053E-61));
#6014=DIRECTION('ref_axis',(-1.11688089725053E-61,-1.70747257617839E-30,
1.));
#6015=DIRECTION('',(0.,-1.,0.));
#6016=DIRECTION('',(-1.11688089725053E-61,-1.70747257617839E-30,1.));
#6017=DIRECTION('',(0.,-1.,0.));
#6018=DIRECTION('center_axis',(0.,0.,-1.));
#6019=DIRECTION('ref_axis',(1.,-6.54113520083757E-32,0.));
#6020=DIRECTION('',(1.,-6.54113520083757E-32,0.));
#6021=DIRECTION('',(0.,-1.,0.));
#6022=DIRECTION('',(1.,-6.54113520083757E-32,0.));
#6023=DIRECTION('center_axis',(-1.,0.,-1.11688089725053E-61));
#6024=DIRECTION('ref_axis',(1.11688089725053E-61,1.70747257617839E-30,-1.));
#6025=DIRECTION('',(0.,-1.,0.));
#6026=DIRECTION('',(1.11688089725053E-61,1.70747257617839E-30,-1.));
#6027=DIRECTION('center_axis',(0.,0.,1.));
#6028=DIRECTION('ref_axis',(-1.,6.54113520083757E-32,0.));
#6029=DIRECTION('',(-1.,6.54113520083757E-32,0.));
#6030=DIRECTION('',(-1.,6.54113520083757E-32,0.));
#6031=DIRECTION('center_axis',(0.,-1.,0.));
#6032=DIRECTION('ref_axis',(0.,0.,-1.));
#6033=DIRECTION('center_axis',(6.54113520083757E-32,1.,1.70747257617839E-30));
#6034=DIRECTION('ref_axis',(0.,-1.70747257617839E-30,1.));
#6035=DIRECTION('center_axis',(-6.54113520083757E-32,-1.,-1.70747257617839E-30));
#6036=DIRECTION('ref_axis',(1.,-6.54113520083758E-32,-1.11688089725053E-61));
#6037=DIRECTION('',(1.,-6.54113520083757E-32,0.));
#6038=DIRECTION('',(-1.11688089725053E-61,-1.70747257617839E-30,1.));
#6039=DIRECTION('',(-1.,6.54113520083757E-32,0.));
#6040=DIRECTION('center_axis',(-6.54113520083757E-32,-1.,-1.70747257617839E-30));
#6041=DIRECTION('ref_axis',(1.,-6.54113520083758E-32,-1.11688089725053E-61));
#6042=DIRECTION('center_axis',(6.54113520083757E-32,1.,1.70747257617839E-30));
#6043=DIRECTION('ref_axis',(0.,-1.70747257617839E-30,1.));
#6044=DIRECTION('center_axis',(-6.54113520083757E-32,-1.,-1.70747257617839E-30));
#6045=DIRECTION('ref_axis',(1.,-6.54113520083758E-32,-1.11688089725053E-61));
#6046=DIRECTION('',(-1.,6.54113520083757E-32,0.));
#6047=DIRECTION('',(1.11688089725053E-61,1.70747257617839E-30,-1.));
#6048=DIRECTION('',(1.,-6.54113520083757E-32,0.));
#6049=DIRECTION('center_axis',(1.,0.,1.11688089725053E-61));
#6050=DIRECTION('ref_axis',(-1.11688089725053E-61,-1.70747257617839E-30,
1.));
#6051=DIRECTION('',(0.,-1.,0.));
#6052=DIRECTION('',(-1.11688089725053E-61,-1.70747257617839E-30,1.));
#6053=DIRECTION('',(0.,-1.,0.));
#6054=DIRECTION('center_axis',(0.,0.,-1.));
#6055=DIRECTION('ref_axis',(1.,-6.54113520083757E-32,0.));
#6056=DIRECTION('',(1.,-6.54113520083757E-32,0.));
#6057=DIRECTION('',(0.,-1.,0.));
#6058=DIRECTION('',(1.,-6.54113520083757E-32,0.));
#6059=DIRECTION('center_axis',(-1.,0.,-1.11688089725053E-61));
#6060=DIRECTION('ref_axis',(1.11688089725053E-61,1.70747257617839E-30,-1.));
#6061=DIRECTION('',(0.,-1.,0.));
#6062=DIRECTION('',(1.11688089725053E-61,1.70747257617839E-30,-1.));
#6063=DIRECTION('center_axis',(0.,0.,1.));
#6064=DIRECTION('ref_axis',(-1.,6.54113520083757E-32,0.));
#6065=DIRECTION('',(-1.,6.54113520083757E-32,0.));
#6066=DIRECTION('',(-1.,6.54113520083757E-32,0.));
#6067=DIRECTION('center_axis',(0.,-1.,0.));
#6068=DIRECTION('ref_axis',(0.,0.,-1.));
#6069=DIRECTION('center_axis',(6.54113520083757E-32,1.,1.70747257617839E-30));
#6070=DIRECTION('ref_axis',(0.,-1.70747257617839E-30,1.));
#6071=DIRECTION('center_axis',(-6.54113520083757E-32,-1.,-1.70747257617839E-30));
#6072=DIRECTION('ref_axis',(1.,-6.54113520083758E-32,-1.11688089725053E-61));
#6073=DIRECTION('',(1.,-6.54113520083757E-32,0.));
#6074=DIRECTION('',(-1.11688089725053E-61,-1.70747257617839E-30,1.));
#6075=DIRECTION('',(-1.,6.54113520083757E-32,0.));
#6076=DIRECTION('center_axis',(-6.54113520083757E-32,-1.,-1.70747257617839E-30));
#6077=DIRECTION('ref_axis',(1.,-6.54113520083758E-32,-1.11688089725053E-61));
#6078=DIRECTION('center_axis',(6.54113520083757E-32,1.,1.70747257617839E-30));
#6079=DIRECTION('ref_axis',(0.,-1.70747257617839E-30,1.));
#6080=DIRECTION('center_axis',(-6.54113520083757E-32,-1.,-1.70747257617839E-30));
#6081=DIRECTION('ref_axis',(1.,-6.54113520083758E-32,-1.11688089725053E-61));
#6082=DIRECTION('',(-1.,6.54113520083757E-32,0.));
#6083=DIRECTION('',(1.11688089725053E-61,1.70747257617839E-30,-1.));
#6084=DIRECTION('',(1.,-6.54113520083757E-32,0.));
#6085=DIRECTION('center_axis',(1.,0.,1.11688089725053E-61));
#6086=DIRECTION('ref_axis',(-1.11688089725053E-61,-1.70747257617839E-30,
1.));
#6087=DIRECTION('',(0.,-1.,0.));
#6088=DIRECTION('',(-1.11688089725053E-61,-1.70747257617839E-30,1.));
#6089=DIRECTION('',(0.,-1.,0.));
#6090=DIRECTION('center_axis',(0.,0.,-1.));
#6091=DIRECTION('ref_axis',(1.,-6.54113520083757E-32,0.));
#6092=DIRECTION('',(1.,-6.54113520083757E-32,0.));
#6093=DIRECTION('',(0.,-1.,0.));
#6094=DIRECTION('',(1.,-6.54113520083757E-32,0.));
#6095=DIRECTION('center_axis',(-1.,0.,-1.11688089725053E-61));
#6096=DIRECTION('ref_axis',(1.11688089725053E-61,1.70747257617839E-30,-1.));
#6097=DIRECTION('',(0.,-1.,0.));
#6098=DIRECTION('',(1.11688089725053E-61,1.70747257617839E-30,-1.));
#6099=DIRECTION('center_axis',(0.,0.,1.));
#6100=DIRECTION('ref_axis',(-1.,6.54113520083757E-32,0.));
#6101=DIRECTION('',(-1.,6.54113520083757E-32,0.));
#6102=DIRECTION('',(-1.,6.54113520083757E-32,0.));
#6103=DIRECTION('center_axis',(0.,-1.,0.));
#6104=DIRECTION('ref_axis',(0.,0.,-1.));
#6105=DIRECTION('center_axis',(6.54113520083757E-32,1.,1.70747257617839E-30));
#6106=DIRECTION('ref_axis',(0.,-1.70747257617839E-30,1.));
#6107=DIRECTION('center_axis',(-6.54113520083757E-32,-1.,-1.70747257617839E-30));
#6108=DIRECTION('ref_axis',(1.,-6.54113520083758E-32,-1.11688089725053E-61));
#6109=DIRECTION('center_axis',(6.54113520083757E-32,1.,1.70747257617839E-30));
#6110=DIRECTION('ref_axis',(0.,-1.70747257617839E-30,1.));
#6111=DIRECTION('center_axis',(-6.54113520083757E-32,-1.,-1.70747257617839E-30));
#6112=DIRECTION('ref_axis',(1.,-6.54113520083758E-32,-1.11688089725053E-61));
#6113=DIRECTION('center_axis',(6.54113520083757E-32,1.,1.70747257617839E-30));
#6114=DIRECTION('ref_axis',(0.,-1.70747257617839E-30,1.));
#6115=DIRECTION('center_axis',(-6.54113520083757E-32,-1.,-1.70747257617839E-30));
#6116=DIRECTION('ref_axis',(1.,-6.54113520083758E-32,-1.11688089725053E-61));
#6117=DIRECTION('center_axis',(0.,-1.,0.));
#6118=DIRECTION('ref_axis',(1.,0.,-1.11688089725053E-61));
#6119=DIRECTION('center_axis',(-6.54113520083757E-32,-1.,-1.70747257617839E-30));
#6120=DIRECTION('ref_axis',(1.,0.,-1.11688089725053E-61));
#6121=DIRECTION('',(0.,-1.,0.));
#6122=DIRECTION('center_axis',(-6.54113520083757E-32,-1.,-1.70747257617839E-30));
#6123=DIRECTION('ref_axis',(1.,-6.54113520083758E-32,-1.11688089725053E-61));
#6124=DIRECTION('center_axis',(6.54113520083757E-32,1.,1.70747257617839E-30));
#6125=DIRECTION('ref_axis',(0.,-1.70747257617839E-30,1.));
#6126=DIRECTION('center_axis',(0.,-1.,0.));
#6127=DIRECTION('ref_axis',(1.,0.,-1.11688089725053E-61));
#6128=DIRECTION('center_axis',(-6.54113520083757E-32,-1.,-1.70747257617839E-30));
#6129=DIRECTION('ref_axis',(1.,0.,-1.11688089725053E-61));
#6130=DIRECTION('',(0.,-1.,0.));
#6131=DIRECTION('center_axis',(-6.54113520083757E-32,-1.,-1.70747257617839E-30));
#6132=DIRECTION('ref_axis',(1.,-6.54113520083758E-32,-1.11688089725053E-61));
#6133=DIRECTION('center_axis',(6.54113520083757E-32,1.,1.70747257617839E-30));
#6134=DIRECTION('ref_axis',(0.,-1.70747257617839E-30,1.));
#6135=DIRECTION('center_axis',(0.,-1.,0.));
#6136=DIRECTION('ref_axis',(1.,0.,-1.11688089725053E-61));
#6137=DIRECTION('center_axis',(-6.54113520083757E-32,-1.,-1.70747257617839E-30));
#6138=DIRECTION('ref_axis',(1.,0.,-1.11688089725053E-61));
#6139=DIRECTION('',(0.,-1.,0.));
#6140=DIRECTION('center_axis',(-6.54113520083757E-32,-1.,-1.70747257617839E-30));
#6141=DIRECTION('ref_axis',(1.,-6.54113520083758E-32,-1.11688089725053E-61));
#6142=DIRECTION('center_axis',(6.54113520083757E-32,1.,1.70747257617839E-30));
#6143=DIRECTION('ref_axis',(0.,-1.70747257617839E-30,1.));
#6144=DIRECTION('center_axis',(-1.,0.,0.));
#6145=DIRECTION('ref_axis',(0.,0.,1.));
#6146=DIRECTION('',(0.,0.,-1.));
#6147=DIRECTION('',(0.,1.,0.));
#6148=DIRECTION('',(0.,0.,1.));
#6149=DIRECTION('',(0.,1.,0.));
#6150=DIRECTION('center_axis',(0.,0.,-1.));
#6151=DIRECTION('ref_axis',(-1.,0.,0.));
#6152=DIRECTION('',(1.,0.,0.));
#6153=DIRECTION('',(-1.,0.,0.));
#6154=DIRECTION('',(0.,1.,0.));
#6155=DIRECTION('center_axis',(1.,0.,0.));
#6156=DIRECTION('ref_axis',(0.,0.,-1.));
#6157=DIRECTION('',(0.,0.,1.));
#6158=DIRECTION('',(0.,0.,-1.));
#6159=DIRECTION('',(0.,1.,0.));
#6160=DIRECTION('center_axis',(0.,0.,1.));
#6161=DIRECTION('ref_axis',(1.,0.,0.));
#6162=DIRECTION('',(-1.,0.,0.));
#6163=DIRECTION('',(1.,0.,0.));
#6164=DIRECTION('center_axis',(0.,1.,0.));
#6165=DIRECTION('ref_axis',(0.,0.,1.));
#6166=DIRECTION('center_axis',(-1.,0.,0.));
#6167=DIRECTION('ref_axis',(0.,0.,1.));
#6168=DIRECTION('',(0.,0.,-1.));
#6169=DIRECTION('',(0.,1.,0.));
#6170=DIRECTION('',(0.,0.,1.));
#6171=DIRECTION('',(0.,1.,0.));
#6172=DIRECTION('center_axis',(0.,0.,-1.));
#6173=DIRECTION('ref_axis',(-1.,0.,0.));
#6174=DIRECTION('',(1.,0.,0.));
#6175=DIRECTION('',(-1.,0.,0.));
#6176=DIRECTION('',(0.,1.,0.));
#6177=DIRECTION('center_axis',(1.,0.,0.));
#6178=DIRECTION('ref_axis',(0.,0.,-1.));
#6179=DIRECTION('',(0.,0.,1.));
#6180=DIRECTION('',(0.,0.,-1.));
#6181=DIRECTION('',(0.,1.,0.));
#6182=DIRECTION('center_axis',(0.,0.,1.));
#6183=DIRECTION('ref_axis',(1.,0.,0.));
#6184=DIRECTION('',(-1.,0.,0.));
#6185=DIRECTION('',(1.,0.,0.));
#6186=DIRECTION('center_axis',(0.,1.,0.));
#6187=DIRECTION('ref_axis',(0.,0.,1.));
#6188=DIRECTION('center_axis',(-1.,0.,0.));
#6189=DIRECTION('ref_axis',(0.,0.,1.));
#6190=DIRECTION('',(0.,0.,-1.));
#6191=DIRECTION('',(0.,1.,0.));
#6192=DIRECTION('',(0.,0.,1.));
#6193=DIRECTION('',(0.,1.,0.));
#6194=DIRECTION('center_axis',(0.,0.,-1.));
#6195=DIRECTION('ref_axis',(-1.,0.,0.));
#6196=DIRECTION('',(1.,0.,0.));
#6197=DIRECTION('',(-1.,0.,0.));
#6198=DIRECTION('',(0.,1.,0.));
#6199=DIRECTION('center_axis',(1.,0.,0.));
#6200=DIRECTION('ref_axis',(0.,0.,-1.));
#6201=DIRECTION('',(0.,0.,1.));
#6202=DIRECTION('',(0.,0.,-1.));
#6203=DIRECTION('',(0.,1.,0.));
#6204=DIRECTION('center_axis',(0.,0.,1.));
#6205=DIRECTION('ref_axis',(1.,0.,0.));
#6206=DIRECTION('',(-1.,0.,0.));
#6207=DIRECTION('',(1.,0.,0.));
#6208=DIRECTION('center_axis',(0.,1.,0.));
#6209=DIRECTION('ref_axis',(0.,0.,1.));
#6210=DIRECTION('center_axis',(0.70710678118655,0.,-0.707106781186545));
#6211=DIRECTION('ref_axis',(0.707106781186545,0.,0.70710678118655));
#6212=DIRECTION('',(0.707106781186545,0.,0.70710678118655));
#6213=DIRECTION('',(0.,1.,0.));
#6214=DIRECTION('',(0.,-1.,0.));
#6215=DIRECTION('center_axis',(0.70710678118655,0.,-0.707106781186545));
#6216=DIRECTION('ref_axis',(0.707106781186545,0.,0.70710678118655));
#6217=DIRECTION('',(0.707106781186545,0.,0.70710678118655));
#6218=DIRECTION('',(0.,1.,0.));
#6219=DIRECTION('',(0.,-1.,0.));
#6220=DIRECTION('center_axis',(0.707106781186548,0.,0.707106781186548));
#6221=DIRECTION('ref_axis',(-0.707106781186548,0.,0.707106781186548));
#6222=DIRECTION('',(-0.707106781186548,0.,0.707106781186548));
#6223=DIRECTION('',(0.,1.,0.));
#6224=DIRECTION('',(0.,-1.,0.));
#6225=DIRECTION('center_axis',(0.70710678118655,0.,-0.707106781186545));
#6226=DIRECTION('ref_axis',(0.707106781186545,0.,0.70710678118655));
#6227=DIRECTION('',(0.707106781186545,0.,0.70710678118655));
#6228=DIRECTION('',(0.,1.,0.));
#6229=DIRECTION('',(0.,-1.,0.));
#6230=DIRECTION('center_axis',(-0.707106781186548,0.,0.707106781186548));
#6231=DIRECTION('ref_axis',(-0.707106781186548,0.,-0.707106781186548));
#6232=DIRECTION('',(-0.707106781186548,0.,-0.707106781186548));
#6233=DIRECTION('',(0.,1.,0.));
#6234=DIRECTION('',(0.,-1.,0.));
#6235=DIRECTION('center_axis',(-0.707106781186548,0.,0.707106781186548));
#6236=DIRECTION('ref_axis',(-0.707106781186548,0.,-0.707106781186548));
#6237=DIRECTION('',(-0.707106781186548,0.,-0.707106781186548));
#6238=DIRECTION('',(0.,1.,0.));
#6239=DIRECTION('',(0.,-1.,0.));
#6240=DIRECTION('center_axis',(-0.70710678118655,0.,-0.707106781186545));
#6241=DIRECTION('ref_axis',(0.707106781186545,0.,-0.70710678118655));
#6242=DIRECTION('',(0.707106781186545,0.,-0.70710678118655));
#6243=DIRECTION('',(0.,1.,0.));
#6244=DIRECTION('',(0.,-1.,0.));
#6245=DIRECTION('center_axis',(-0.70710678118655,0.,-0.707106781186545));
#6246=DIRECTION('ref_axis',(0.707106781186545,0.,-0.70710678118655));
#6247=DIRECTION('',(0.707106781186545,0.,-0.70710678118655));
#6248=DIRECTION('',(0.,1.,0.));
#6249=DIRECTION('',(0.,-1.,0.));
#6250=DIRECTION('center_axis',(-0.707106781186548,0.,0.707106781186548));
#6251=DIRECTION('ref_axis',(-0.707106781186548,0.,-0.707106781186548));
#6252=DIRECTION('',(-0.707106781186548,0.,-0.707106781186548));
#6253=DIRECTION('',(0.,1.,0.));
#6254=DIRECTION('',(0.,-1.,0.));
#6255=DIRECTION('center_axis',(-0.70710678118655,0.,-0.707106781186545));
#6256=DIRECTION('ref_axis',(0.707106781186545,0.,-0.70710678118655));
#6257=DIRECTION('',(0.707106781186545,0.,-0.70710678118655));
#6258=DIRECTION('',(0.,1.,0.));
#6259=DIRECTION('',(0.,-1.,0.));
#6260=DIRECTION('center_axis',(0.707106781186548,0.,0.707106781186548));
#6261=DIRECTION('ref_axis',(-0.707106781186548,0.,0.707106781186548));
#6262=DIRECTION('',(-0.707106781186548,0.,0.707106781186548));
#6263=DIRECTION('',(0.,1.,0.));
#6264=DIRECTION('',(0.,-1.,0.));
#6265=DIRECTION('center_axis',(0.707106781186548,0.,0.707106781186548));
#6266=DIRECTION('ref_axis',(-0.707106781186548,0.,0.707106781186548));
#6267=DIRECTION('',(-0.707106781186548,0.,0.707106781186548));
#6268=DIRECTION('',(0.,1.,0.));
#6269=DIRECTION('',(0.,-1.,0.));
#6270=DIRECTION('center_axis',(0.,0.,1.));
#6271=DIRECTION('ref_axis',(1.,0.,0.));
#6272=DIRECTION('',(1.,0.,0.));
#6273=DIRECTION('center_axis',(0.,1.,0.));
#6274=DIRECTION('ref_axis',(0.,0.,1.));
#6275=DIRECTION('',(0.,0.,1.));
#6276=DIRECTION('',(1.,0.,0.));
#6277=DIRECTION('',(0.,0.,-1.));
#6278=DIRECTION('',(-1.,0.,0.));
#6279=DIRECTION('center_axis',(-1.,0.,0.));
#6280=DIRECTION('ref_axis',(0.,0.,1.));
#6281=DIRECTION('',(0.,0.,1.));
#6282=DIRECTION('center_axis',(-1.,0.,0.));
#6283=DIRECTION('ref_axis',(0.,0.,1.));
#6284=DIRECTION('',(0.,0.,1.));
#6285=DIRECTION('center_axis',(0.,0.,-1.));
#6286=DIRECTION('ref_axis',(-1.,0.,0.));
#6287=DIRECTION('',(-1.,0.,0.));
#6288=DIRECTION('center_axis',(1.,0.,0.));
#6289=DIRECTION('ref_axis',(0.,0.,-1.));
#6290=DIRECTION('',(0.,0.,-1.));
#6291=DIRECTION('center_axis',(0.,0.,1.));
#6292=DIRECTION('ref_axis',(1.,0.,0.));
#6293=DIRECTION('',(1.,0.,0.));
#6294=DIRECTION('center_axis',(0.,1.,0.));
#6295=DIRECTION('ref_axis',(0.,0.,1.));
#6296=DIRECTION('center_axis',(0.,0.,-1.));
#6297=DIRECTION('ref_axis',(-1.,0.,0.));
#6298=DIRECTION('',(-1.,0.,0.));
#6299=DIRECTION('center_axis',(1.,0.,0.));
#6300=DIRECTION('ref_axis',(0.,0.,-1.));
#6301=DIRECTION('',(0.,0.,-1.));
#6302=DIRECTION('center_axis',(0.,1.,0.));
#6303=DIRECTION('ref_axis',(0.,0.,1.));
#6304=DIRECTION('center_axis',(0.,0.,1.));
#6305=DIRECTION('ref_axis',(1.,0.,0.));
#6306=DIRECTION('center_axis',(-1.,0.,0.));
#6307=DIRECTION('ref_axis',(0.,0.,1.));
#6308=DIRECTION('center_axis',(0.,0.,-1.));
#6309=DIRECTION('ref_axis',(-1.,0.,0.));
#6310=DIRECTION('center_axis',(1.,0.,0.));
#6311=DIRECTION('ref_axis',(0.,0.,-1.));
#6312=DIRECTION('center_axis',(0.,1.,0.));
#6313=DIRECTION('ref_axis',(0.,0.,-1.));
#6314=DIRECTION('center_axis',(0.,1.,0.));
#6315=DIRECTION('ref_axis',(1.,0.,0.));
#6316=DIRECTION('center_axis',(1.,0.,0.));
#6317=DIRECTION('ref_axis',(0.,0.,1.));
#6318=DIRECTION('center_axis',(0.,1.,0.));
#6319=DIRECTION('ref_axis',(1.,0.,0.));
#6320=DIRECTION('center_axis',(0.,1.,0.));
#6321=DIRECTION('ref_axis',(1.,0.,0.));
#6322=DIRECTION('',(0.,-1.,0.));
#6323=DIRECTION('center_axis',(0.,-1.,0.));
#6324=DIRECTION('ref_axis',(1.,0.,0.));
#6325=DIRECTION('center_axis',(0.,1.,0.));
#6326=DIRECTION('ref_axis',(1.,0.,0.));
#6327=DIRECTION('center_axis',(0.,1.,0.));
#6328=DIRECTION('ref_axis',(1.,0.,0.));
#6329=DIRECTION('',(0.,-1.,0.));
#6330=DIRECTION('center_axis',(0.,1.,0.));
#6331=DIRECTION('ref_axis',(0.,0.,1.));
#6332=DIRECTION('center_axis',(6.54113520083757E-32,1.,1.70747257617839E-30));
#6333=DIRECTION('ref_axis',(0.,-1.70747257617839E-30,1.));
#6334=DIRECTION('',(1.,0.,0.));
#6335=DIRECTION('',(0.,0.,-1.));
#6336=DIRECTION('',(-1.,0.,0.));
#6337=DIRECTION('',(0.,0.,1.));
#6338=DIRECTION('center_axis',(0.,0.135556845506474,-0.990769570402893));
#6339=DIRECTION('ref_axis',(-1.,0.,0.));
#6340=DIRECTION('',(0.,-0.990769570402893,-0.135556845506474));
#6341=DIRECTION('',(-1.,0.,0.));
#6342=DIRECTION('',(0.,-0.990769570402893,-0.135556845506474));
#6343=DIRECTION('center_axis',(0.,0.142563831560765,0.989785610084686));
#6344=DIRECTION('ref_axis',(1.,0.,0.));
#6345=DIRECTION('',(0.,-0.989785610084686,0.142563831560765));
#6346=DIRECTION('',(-1.,0.,0.));
#6347=DIRECTION('',(0.,-0.989785610084686,0.142563831560765));
#6348=DIRECTION('center_axis',(0.,1.,0.));
#6349=DIRECTION('ref_axis',(0.,0.,1.));
#6350=DIRECTION('',(0.,0.,1.));
#6351=DIRECTION('',(0.,0.,-1.));
#6352=DIRECTION('center_axis',(-1.,0.,0.));
#6353=DIRECTION('ref_axis',(0.,0.,1.));
#6354=DIRECTION('',(0.,1.,0.));
#6355=DIRECTION('center_axis',(0.,0.,-1.));
#6356=DIRECTION('ref_axis',(-1.,0.,0.));
#6357=DIRECTION('',(0.,1.,0.));
#6358=DIRECTION('center_axis',(1.,0.,0.));
#6359=DIRECTION('ref_axis',(0.,0.,-1.));
#6360=DIRECTION('center_axis',(0.,1.,0.));
#6361=DIRECTION('ref_axis',(1.,0.,0.));
#6362=DIRECTION('',(0.,-1.,0.));
#6363=DIRECTION('center_axis',(0.,-1.,0.));
#6364=DIRECTION('ref_axis',(1.,0.,0.));
#6365=DIRECTION('center_axis',(0.,1.,0.));
#6366=DIRECTION('ref_axis',(1.,0.,0.));
#6367=DIRECTION('',(0.,-1.,0.));
#6368=DIRECTION('center_axis',(0.,-1.,0.));
#6369=DIRECTION('ref_axis',(1.,0.,0.));
#6370=DIRECTION('center_axis',(0.,1.,0.));
#6371=DIRECTION('ref_axis',(1.,0.,0.));
#6372=DIRECTION('',(0.,-1.,0.));
#6373=DIRECTION('center_axis',(0.,-1.,0.));
#6374=DIRECTION('ref_axis',(1.,0.,0.));
#6375=DIRECTION('center_axis',(0.,1.,0.));
#6376=DIRECTION('ref_axis',(1.,0.,0.));
#6377=DIRECTION('',(0.,-1.,0.));
#6378=DIRECTION('center_axis',(0.,-1.,0.));
#6379=DIRECTION('ref_axis',(1.,0.,0.));
#6380=DIRECTION('center_axis',(-2.46716227694479E-16,0.,1.));
#6381=DIRECTION('ref_axis',(1.,0.,2.46716227694479E-16));
#6382=DIRECTION('',(1.,0.,2.46716227694479E-16));
#6383=DIRECTION('',(0.,1.,0.));
#6384=DIRECTION('',(0.,1.,0.));
#6385=DIRECTION('center_axis',(0.,1.,0.));
#6386=DIRECTION('ref_axis',(-1.,0.,-4.44089209850063E-15));
#6387=DIRECTION('center_axis',(0.,1.,0.));
#6388=DIRECTION('ref_axis',(-1.,0.,-4.44089209850063E-15));
#6389=DIRECTION('',(0.,1.,0.));
#6390=DIRECTION('center_axis',(-1.,0.,0.));
#6391=DIRECTION('ref_axis',(0.,0.,1.));
#6392=DIRECTION('',(0.,0.,1.));
#6393=DIRECTION('',(0.,1.,0.));
#6394=DIRECTION('center_axis',(0.,1.,0.));
#6395=DIRECTION('ref_axis',(2.22044604925032E-15,0.,-1.));
#6396=DIRECTION('center_axis',(0.,1.,0.));
#6397=DIRECTION('ref_axis',(2.22044604925032E-15,0.,-1.));
#6398=DIRECTION('',(0.,1.,0.));
#6399=DIRECTION('center_axis',(1.2335811384724E-16,0.,-1.));
#6400=DIRECTION('ref_axis',(-1.,0.,-1.2335811384724E-16));
#6401=DIRECTION('',(-1.,0.,-1.2335811384724E-16));
#6402=DIRECTION('',(0.,1.,0.));
#6403=DIRECTION('center_axis',(0.,1.,0.));
#6404=DIRECTION('ref_axis',(1.,0.,4.44089209850063E-15));
#6405=DIRECTION('center_axis',(0.,1.,0.));
#6406=DIRECTION('ref_axis',(1.,0.,4.44089209850063E-15));
#6407=DIRECTION('',(0.,1.,0.));
#6408=DIRECTION('center_axis',(1.,0.,0.));
#6409=DIRECTION('ref_axis',(0.,0.,-1.));
#6410=DIRECTION('',(0.,0.,-1.));
#6411=DIRECTION('',(0.,1.,0.));
#6412=DIRECTION('center_axis',(0.,1.,0.));
#6413=DIRECTION('ref_axis',(2.22044604925031E-15,0.,1.));
#6414=DIRECTION('center_axis',(0.,1.,0.));
#6415=DIRECTION('ref_axis',(2.22044604925031E-15,0.,1.));
#6416=DIRECTION('center_axis',(0.,1.,0.));
#6417=DIRECTION('ref_axis',(0.,0.,1.));
#6418=CARTESIAN_POINT('',(0.,0.,0.));
#6419=CARTESIAN_POINT('Origin',(-9.5,11.7,-27.75));
#6420=CARTESIAN_POINT('',(-9.5,11.5,-26.45));
#6421=CARTESIAN_POINT('Origin',(-9.5,11.5,-27.75));
#6422=CARTESIAN_POINT('',(-9.5,11.7,-26.25));
#6423=CARTESIAN_POINT('Origin',(-9.5,11.7,-26.45));
#6424=CARTESIAN_POINT('',(-11.,11.7,-27.75));
#6425=CARTESIAN_POINT('Origin',(-9.5,11.7,-27.75));
#6426=CARTESIAN_POINT('Origin',(-9.5,11.7,-27.75));
#6427=CARTESIAN_POINT('Origin',(-9.5,13.5,-27.75));
#6428=CARTESIAN_POINT('',(-11.,13.5,-27.75));
#6429=CARTESIAN_POINT('',(-11.,13.5,-27.75));
#6430=CARTESIAN_POINT('Origin',(-9.5,13.5,-27.75));
#6431=CARTESIAN_POINT('Origin',(-9.5,11.5,-27.75));
#6432=CARTESIAN_POINT('Origin',(3.33066907387547E-15,11.7,-27.75));
#6433=CARTESIAN_POINT('',(3.17146498998631E-15,11.5,-26.45));
#6434=CARTESIAN_POINT('Origin',(3.33066907387547E-15,11.5,-27.75));
#6435=CARTESIAN_POINT('',(3.14697205400337E-15,11.7,-26.25));
#6436=CARTESIAN_POINT('Origin',(3.17146498998631E-15,11.7,-26.45));
#6437=CARTESIAN_POINT('',(-1.5,11.7,-27.75));
#6438=CARTESIAN_POINT('Origin',(3.33066907387547E-15,11.7,-27.75));
#6439=CARTESIAN_POINT('Origin',(3.33066907387547E-15,11.7,-27.75));
#6440=CARTESIAN_POINT('Origin',(3.33066907387547E-15,13.5,-27.75));
#6441=CARTESIAN_POINT('',(-1.5,13.5,-27.75));
#6442=CARTESIAN_POINT('',(-1.5,13.5,-27.75));
#6443=CARTESIAN_POINT('Origin',(3.33066907387547E-15,13.5,-27.75));
#6444=CARTESIAN_POINT('Origin',(3.33066907387547E-15,11.5,-27.75));
#6445=CARTESIAN_POINT('Origin',(9.5,11.7,-27.75));
#6446=CARTESIAN_POINT('',(9.5,11.5,-26.45));
#6447=CARTESIAN_POINT('Origin',(9.5,11.5,-27.75));
#6448=CARTESIAN_POINT('',(9.5,11.7,-26.25));
#6449=CARTESIAN_POINT('Origin',(9.5,11.7,-26.45));
#6450=CARTESIAN_POINT('',(8.,11.7,-27.75));
#6451=CARTESIAN_POINT('Origin',(9.5,11.7,-27.75));
#6452=CARTESIAN_POINT('Origin',(9.5,11.7,-27.75));
#6453=CARTESIAN_POINT('Origin',(9.5,13.5,-27.75));
#6454=CARTESIAN_POINT('',(8.,13.5,-27.75));
#6455=CARTESIAN_POINT('',(8.,13.5,-27.75));
#6456=CARTESIAN_POINT('Origin',(9.5,13.5,-27.75));
#6457=CARTESIAN_POINT('Origin',(9.5,11.5,-27.75));
#6458=CARTESIAN_POINT('Origin',(-9.65,16.5,-26.25));
#6459=CARTESIAN_POINT('',(-9.65,16.4,-26.7223733748518));
#6460=CARTESIAN_POINT('',(-9.65,16.5,-27.2730303992915));
#6461=CARTESIAN_POINT('Ctrl Pts',(-9.65,16.4,-26.7223733748518));
#6462=CARTESIAN_POINT('Ctrl Pts',(-9.65,16.4641687904223,-26.8909630347697));
#6463=CARTESIAN_POINT('Ctrl Pts',(-9.65,16.5,-27.096806420759));
#6464=CARTESIAN_POINT('Ctrl Pts',(-9.65,16.5,-27.2730303992915));
#6465=CARTESIAN_POINT('',(-9.65,16.4,-27.6));
#6466=CARTESIAN_POINT('',(-9.65,16.4,-29.25));
#6467=CARTESIAN_POINT('',(-9.65,16.5,-27.6));
#6468=CARTESIAN_POINT('',(-9.65,16.5,-27.6));
#6469=CARTESIAN_POINT('',(-9.65,16.5,-27.));
#6470=CARTESIAN_POINT('Origin',(-11.,16.5,-27.9));
#6471=CARTESIAN_POINT('',(-10.5276266251482,16.4,-27.9));
#6472=CARTESIAN_POINT('',(-9.97696960070847,16.5,-27.9));
#6473=CARTESIAN_POINT('Ctrl Pts',(-10.5276266251482,16.4,-27.9));
#6474=CARTESIAN_POINT('Ctrl Pts',(-10.3590369652303,16.4641687904223,-27.9));
#6475=CARTESIAN_POINT('Ctrl Pts',(-10.153193579241,16.5,-27.9));
#6476=CARTESIAN_POINT('Ctrl Pts',(-9.97696960070846,16.5,-27.9));
#6477=CARTESIAN_POINT('',(-9.65,16.4,-27.9));
#6478=CARTESIAN_POINT('',(-8.,16.4,-27.9));
#6479=CARTESIAN_POINT('',(-9.65,16.5,-27.9));
#6480=CARTESIAN_POINT('',(-9.65,16.5,-27.9));
#6481=CARTESIAN_POINT('',(-10.25,16.5,-27.9));
#6482=CARTESIAN_POINT('Origin',(-9.35,16.5,-29.25));
#6483=CARTESIAN_POINT('',(-9.35,16.4,-28.7776266251482));
#6484=CARTESIAN_POINT('',(-9.35,16.5,-28.2269696007085));
#6485=CARTESIAN_POINT('Ctrl Pts',(-9.35,16.4,-28.7776266251482));
#6486=CARTESIAN_POINT('Ctrl Pts',(-9.35,16.4641687904223,-28.6090369652303));
#6487=CARTESIAN_POINT('Ctrl Pts',(-9.35,16.5,-28.403193579241));
#6488=CARTESIAN_POINT('Ctrl Pts',(-9.35,16.5,-28.2269696007085));
#6489=CARTESIAN_POINT('',(-9.35,16.4,-27.9));
#6490=CARTESIAN_POINT('',(-9.35,16.4,-26.25));
#6491=CARTESIAN_POINT('',(-9.35,16.5,-27.9));
#6492=CARTESIAN_POINT('',(-9.35,16.5,-27.9));
#6493=CARTESIAN_POINT('',(-9.35,16.5,-28.5));
#6494=CARTESIAN_POINT('Origin',(-9.49999999999999,16.4,-27.75));
#6495=CARTESIAN_POINT('',(-10.5276266251482,16.4,-27.6));
#6496=CARTESIAN_POINT('Origin',(-9.49999999999999,16.4,-27.75));
#6497=CARTESIAN_POINT('',(-11.,16.4,-27.6));
#6498=CARTESIAN_POINT('',(-9.35,16.4,-26.7223733748518));
#6499=CARTESIAN_POINT('Origin',(-9.49999999999999,16.4,-27.75));
#6500=CARTESIAN_POINT('',(-9.35,16.4,-27.6));
#6501=CARTESIAN_POINT('',(-9.35,16.4,-26.25));
#6502=CARTESIAN_POINT('',(-8.47237337485181,16.4,-27.6));
#6503=CARTESIAN_POINT('',(-11.,16.4,-27.6));
#6504=CARTESIAN_POINT('',(-8.47237337485181,16.4,-27.9));
#6505=CARTESIAN_POINT('Origin',(-9.49999999999999,16.4,-27.75));
#6506=CARTESIAN_POINT('',(-8.,16.4,-27.9));
#6507=CARTESIAN_POINT('',(-9.49999999999999,16.4,-28.7885164807134));
#6508=CARTESIAN_POINT('Origin',(-9.49999999999999,16.4,-27.75));
#6509=CARTESIAN_POINT('',(-9.65,16.4,-28.7776266251482));
#6510=CARTESIAN_POINT('Origin',(-9.49999999999999,16.4,-27.75));
#6511=CARTESIAN_POINT('',(-9.65,16.4,-29.25));
#6512=CARTESIAN_POINT('Origin',(-9.65,16.5,-27.9));
#6513=CARTESIAN_POINT('',(-9.65,16.5,-28.2269696007085));
#6514=CARTESIAN_POINT('Ctrl Pts',(-9.65,16.5,-28.2269696007085));
#6515=CARTESIAN_POINT('Ctrl Pts',(-9.65,16.5,-28.403193579241));
#6516=CARTESIAN_POINT('Ctrl Pts',(-9.65,16.4641687904223,-28.6090369652303));
#6517=CARTESIAN_POINT('Ctrl Pts',(-9.65,16.4,-28.7776266251482));
#6518=CARTESIAN_POINT('',(-9.65,16.5,-27.825));
#6519=CARTESIAN_POINT('Origin',(-9.65,16.5,-27.6));
#6520=CARTESIAN_POINT('',(-9.97696960070847,16.5,-27.6));
#6521=CARTESIAN_POINT('Ctrl Pts',(-9.97696960070846,16.5,-27.6));
#6522=CARTESIAN_POINT('Ctrl Pts',(-10.153193579241,16.5,-27.6));
#6523=CARTESIAN_POINT('Ctrl Pts',(-10.3590369652303,16.4641687904223,-27.6));
#6524=CARTESIAN_POINT('Ctrl Pts',(-10.5276266251482,16.4,-27.6));
#6525=CARTESIAN_POINT('',(-9.57499999999999,16.5,-27.6));
#6526=CARTESIAN_POINT('Origin',(-9.35,16.5,-27.6));
#6527=CARTESIAN_POINT('',(-9.35,16.5,-27.2730303992915));
#6528=CARTESIAN_POINT('Ctrl Pts',(-9.35,16.5,-27.2730303992915));
#6529=CARTESIAN_POINT('Ctrl Pts',(-9.35,16.5,-27.096806420759));
#6530=CARTESIAN_POINT('Ctrl Pts',(-9.35,16.4641687904223,-26.8909630347697));
#6531=CARTESIAN_POINT('Ctrl Pts',(-9.35,16.4,-26.7223733748518));
#6532=CARTESIAN_POINT('',(-9.35,16.5,-27.6));
#6533=CARTESIAN_POINT('',(-9.35,16.5,-27.675));
#6534=CARTESIAN_POINT('',(-9.35,16.5,-27.6));
#6535=CARTESIAN_POINT('Origin',(-8.,16.5,-27.6));
#6536=CARTESIAN_POINT('',(-9.02303039929152,16.5,-27.6));
#6537=CARTESIAN_POINT('Ctrl Pts',(-8.47237337485181,16.4,-27.6));
#6538=CARTESIAN_POINT('Ctrl Pts',(-8.64096303476969,16.4641687904223,-27.6));
#6539=CARTESIAN_POINT('Ctrl Pts',(-8.84680642075903,16.5,-27.6));
#6540=CARTESIAN_POINT('Ctrl Pts',(-9.02303039929152,16.5,-27.6));
#6541=CARTESIAN_POINT('',(-8.75,16.5,-27.6));
#6542=CARTESIAN_POINT('Origin',(-9.35,16.5,-27.9));
#6543=CARTESIAN_POINT('',(-9.02303039929152,16.5,-27.9));
#6544=CARTESIAN_POINT('Ctrl Pts',(-9.02303039929152,16.5,-27.9));
#6545=CARTESIAN_POINT('Ctrl Pts',(-8.84680642075903,16.5,-27.9));
#6546=CARTESIAN_POINT('Ctrl Pts',(-8.64096303476969,16.4641687904223,-27.9));
#6547=CARTESIAN_POINT('Ctrl Pts',(-8.47237337485181,16.4,-27.9));
#6548=CARTESIAN_POINT('',(-9.425,16.5,-27.9));
#6549=CARTESIAN_POINT('Origin',(0.150000000000005,16.5,-29.25));
#6550=CARTESIAN_POINT('',(0.150000000000005,16.4,-28.7776266251482));
#6551=CARTESIAN_POINT('',(0.150000000000005,16.5,-28.2269696007085));
#6552=CARTESIAN_POINT('Ctrl Pts',(0.150000000000005,16.4,-28.7776266251482));
#6553=CARTESIAN_POINT('Ctrl Pts',(0.150000000000005,16.4642147616065,-28.6089161858565));
#6554=CARTESIAN_POINT('Ctrl Pts',(0.150000000000005,16.5,-28.4031799048399));
#6555=CARTESIAN_POINT('Ctrl Pts',(0.150000000000005,16.5,-28.2269696007085));
#6556=CARTESIAN_POINT('',(0.150000000000005,16.4,-27.9));
#6557=CARTESIAN_POINT('',(0.150000000000005,16.4,-26.25));
#6558=CARTESIAN_POINT('',(0.150000000000005,16.5,-27.9));
#6559=CARTESIAN_POINT('',(0.150000000000005,16.5,-27.9));
#6560=CARTESIAN_POINT('',(0.150000000000005,16.5,-28.5));
#6561=CARTESIAN_POINT('Origin',(-1.49999999999999,16.5,-27.9));
#6562=CARTESIAN_POINT('',(-1.02762662514819,16.4,-27.9));
#6563=CARTESIAN_POINT('',(-0.476969600708471,16.5,-27.9));
#6564=CARTESIAN_POINT('Ctrl Pts',(-1.02762662514819,16.4,-27.9));
#6565=CARTESIAN_POINT('Ctrl Pts',(-0.858916185856535,16.4642147616065,-27.9));
#6566=CARTESIAN_POINT('Ctrl Pts',(-0.653179904839886,16.5,-27.9));
#6567=CARTESIAN_POINT('Ctrl Pts',(-0.476969600708471,16.5,-27.9));
#6568=CARTESIAN_POINT('',(-0.149999999999993,16.4,-27.9));
#6569=CARTESIAN_POINT('',(1.5,16.4,-27.9));
#6570=CARTESIAN_POINT('',(-0.149999999999993,16.5,-27.9));
#6571=CARTESIAN_POINT('',(-0.149999999999993,16.5,-27.9));
#6572=CARTESIAN_POINT('',(-0.749999999999996,16.5,-27.9));
#6573=CARTESIAN_POINT('Origin',(1.5,16.5,-27.6));
#6574=CARTESIAN_POINT('',(1.02762662514819,16.4,-27.6));
#6575=CARTESIAN_POINT('',(0.476969600708471,16.5,-27.6));
#6576=CARTESIAN_POINT('Ctrl Pts',(1.02762662514819,16.4,-27.6));
#6577=CARTESIAN_POINT('Ctrl Pts',(0.858916185856535,16.4642147616065,-27.6));
#6578=CARTESIAN_POINT('Ctrl Pts',(0.653179904839886,16.5,-27.6));
#6579=CARTESIAN_POINT('Ctrl Pts',(0.476969600708471,16.5,-27.6));
#6580=CARTESIAN_POINT('',(0.150000000000005,16.4,-27.6));
#6581=CARTESIAN_POINT('',(-1.49999999999999,16.4,-27.6));
#6582=CARTESIAN_POINT('',(0.150000000000005,16.5,-27.6));
#6583=CARTESIAN_POINT('',(0.150000000000005,16.5,-27.6));
#6584=CARTESIAN_POINT('',(0.750000000000002,16.5,-27.6));
#6585=CARTESIAN_POINT('Origin',(0.150000000000005,16.5,-27.6));
#6586=CARTESIAN_POINT('',(0.150000000000005,16.5,-27.2730303992915));
#6587=CARTESIAN_POINT('',(0.150000000000005,16.4,-26.7223733748518));
#6588=CARTESIAN_POINT('Ctrl Pts',(0.150000000000005,16.5,-27.2730303992915));
#6589=CARTESIAN_POINT('Ctrl Pts',(0.150000000000005,16.5,-27.0968200951601));
#6590=CARTESIAN_POINT('Ctrl Pts',(0.150000000000005,16.4642147616065,-26.8910838141435));
#6591=CARTESIAN_POINT('Ctrl Pts',(0.150000000000005,16.4,-26.7223733748518));
#6592=CARTESIAN_POINT('',(0.150000000000005,16.5,-27.675));
#6593=CARTESIAN_POINT('',(0.150000000000005,16.4,-26.25));
#6594=CARTESIAN_POINT('Origin',(0.150000000000005,16.5,-27.9));
#6595=CARTESIAN_POINT('',(0.476969600708471,16.5,-27.9));
#6596=CARTESIAN_POINT('',(1.02762662514819,16.4,-27.9));
#6597=CARTESIAN_POINT('Ctrl Pts',(0.476969600708471,16.5,-27.9));
#6598=CARTESIAN_POINT('Ctrl Pts',(0.653179904839885,16.5,-27.9));
#6599=CARTESIAN_POINT('Ctrl Pts',(0.858916185856534,16.4642147616065,-27.9));
#6600=CARTESIAN_POINT('Ctrl Pts',(1.02762662514819,16.4,-27.9));
#6601=CARTESIAN_POINT('',(0.0750000000000023,16.5,-27.9));
#6602=CARTESIAN_POINT('',(1.5,16.4,-27.9));
#6603=CARTESIAN_POINT('Origin',(-0.149999999999993,16.5,-27.9));
#6604=CARTESIAN_POINT('',(-0.149999999999993,16.5,-28.2269696007085));
#6605=CARTESIAN_POINT('',(-0.149999999999993,16.4,-28.7776266251482));
#6606=CARTESIAN_POINT('Ctrl Pts',(-0.149999999999993,16.5,-28.2269696007085));
#6607=CARTESIAN_POINT('Ctrl Pts',(-0.149999999999993,16.5,-28.4031799048399));
#6608=CARTESIAN_POINT('Ctrl Pts',(-0.149999999999993,16.4642147616065,-28.6089161858565));
#6609=CARTESIAN_POINT('Ctrl Pts',(-0.149999999999993,16.4,-28.7776266251482));
#6610=CARTESIAN_POINT('',(-0.149999999999993,16.5,-27.825));
#6611=CARTESIAN_POINT('',(-0.149999999999993,16.4,-29.25));
#6612=CARTESIAN_POINT('Origin',(-0.149999999999993,16.5,-27.6));
#6613=CARTESIAN_POINT('',(-0.476969600708471,16.5,-27.6));
#6614=CARTESIAN_POINT('',(-1.02762662514819,16.4,-27.6));
#6615=CARTESIAN_POINT('Ctrl Pts',(-0.476969600708471,16.5,-27.6));
#6616=CARTESIAN_POINT('Ctrl Pts',(-0.653179904839885,16.5,-27.6));
#6617=CARTESIAN_POINT('Ctrl Pts',(-0.858916185856534,16.4642147616065,-27.6));
#6618=CARTESIAN_POINT('Ctrl Pts',(-1.02762662514819,16.4,-27.6));
#6619=CARTESIAN_POINT('',(-0.149999999999993,16.5,-27.6));
#6620=CARTESIAN_POINT('',(-0.0749999999999967,16.5,-27.6));
#6621=CARTESIAN_POINT('',(-0.149999999999993,16.4,-27.6));
#6622=CARTESIAN_POINT('',(-0.149999999999993,16.5,-27.6));
#6623=CARTESIAN_POINT('',(-1.49999999999999,16.4,-27.6));
#6624=CARTESIAN_POINT('Origin',(-0.149999999999993,16.5,-26.25));
#6625=CARTESIAN_POINT('',(-0.149999999999993,16.4,-26.7223733748518));
#6626=CARTESIAN_POINT('',(-0.149999999999993,16.5,-27.2730303992915));
#6627=CARTESIAN_POINT('Ctrl Pts',(-0.149999999999993,16.4,-26.7223733748518));
#6628=CARTESIAN_POINT('Ctrl Pts',(-0.149999999999993,16.4642147616065,-26.8910838141435));
#6629=CARTESIAN_POINT('Ctrl Pts',(-0.149999999999993,16.5,-27.0968200951601));
#6630=CARTESIAN_POINT('Ctrl Pts',(-0.149999999999993,16.5,-27.2730303992915));
#6631=CARTESIAN_POINT('',(-0.149999999999993,16.4,-29.25));
#6632=CARTESIAN_POINT('',(-0.149999999999993,16.5,-27.));
#6633=CARTESIAN_POINT('Origin',(6.10622663543836E-15,16.4,-27.75));
#6634=CARTESIAN_POINT('',(-1.2718158839675E-16,16.4,-28.7885164807134));
#6635=CARTESIAN_POINT('Origin',(0.,16.4,-27.75));
#6636=CARTESIAN_POINT('Origin',(0.,16.4,-27.75));
#6637=CARTESIAN_POINT('Origin',(0.,16.4,-27.75));
#6638=CARTESIAN_POINT('Origin',(0.,16.4,-27.75));
#6639=CARTESIAN_POINT('Origin',(0.,16.4,-27.75));
#6640=CARTESIAN_POINT('Origin',(9.65000000000001,16.5,-29.25));
#6641=CARTESIAN_POINT('',(9.65000000000001,16.4,-28.7776266251482));
#6642=CARTESIAN_POINT('',(9.65000000000001,16.5,-28.2269696007085));
#6643=CARTESIAN_POINT('Ctrl Pts',(9.65000000000001,16.4,-28.7776266251482));
#6644=CARTESIAN_POINT('Ctrl Pts',(9.65000000000001,16.4642147616065,-28.6089161858565));
#6645=CARTESIAN_POINT('Ctrl Pts',(9.65000000000001,16.5,-28.4031799048399));
#6646=CARTESIAN_POINT('Ctrl Pts',(9.65000000000001,16.5,-28.2269696007085));
#6647=CARTESIAN_POINT('',(9.65000000000001,16.4,-27.9));
#6648=CARTESIAN_POINT('',(9.65000000000001,16.4,-26.25));
#6649=CARTESIAN_POINT('',(9.65000000000001,16.5,-27.9));
#6650=CARTESIAN_POINT('',(9.65000000000001,16.5,-27.9));
#6651=CARTESIAN_POINT('',(9.65000000000001,16.5,-28.5));
#6652=CARTESIAN_POINT('Origin',(8.00000000000001,16.5,-27.9));
#6653=CARTESIAN_POINT('',(8.47237337485181,16.4,-27.9));
#6654=CARTESIAN_POINT('',(9.02303039929153,16.5,-27.9));
#6655=CARTESIAN_POINT('Ctrl Pts',(8.47237337485181,16.4,-27.9));
#6656=CARTESIAN_POINT('Ctrl Pts',(8.64108381414346,16.4642147616065,-27.9));
#6657=CARTESIAN_POINT('Ctrl Pts',(8.84682009516012,16.5,-27.9));
#6658=CARTESIAN_POINT('Ctrl Pts',(9.02303039929153,16.5,-27.9));
#6659=CARTESIAN_POINT('',(9.35000000000001,16.4,-27.9));
#6660=CARTESIAN_POINT('',(11.,16.4,-27.9));
#6661=CARTESIAN_POINT('',(9.35000000000001,16.5,-27.9));
#6662=CARTESIAN_POINT('',(9.35000000000001,16.5,-27.9));
#6663=CARTESIAN_POINT('',(8.75000000000001,16.5,-27.9));
#6664=CARTESIAN_POINT('Origin',(11.,16.5,-27.6));
#6665=CARTESIAN_POINT('',(10.5276266251482,16.4,-27.6));
#6666=CARTESIAN_POINT('',(9.97696960070848,16.5,-27.6));
#6667=CARTESIAN_POINT('Ctrl Pts',(10.5276266251482,16.4,-27.6));
#6668=CARTESIAN_POINT('Ctrl Pts',(10.3589161858565,16.4642147616065,-27.6));
#6669=CARTESIAN_POINT('Ctrl Pts',(10.1531799048399,16.5,-27.6));
#6670=CARTESIAN_POINT('Ctrl Pts',(9.97696960070848,16.5,-27.6));
#6671=CARTESIAN_POINT('',(9.65000000000001,16.4,-27.6));
#6672=CARTESIAN_POINT('',(8.00000000000001,16.4,-27.6));
#6673=CARTESIAN_POINT('',(9.65000000000001,16.5,-27.6));
#6674=CARTESIAN_POINT('',(9.65000000000001,16.5,-27.6));
#6675=CARTESIAN_POINT('',(10.25,16.5,-27.6));
#6676=CARTESIAN_POINT('Origin',(9.50000000000001,16.4,-27.75));
#6677=CARTESIAN_POINT('',(9.35000000000001,16.4,-28.7776266251482));
#6678=CARTESIAN_POINT('',(9.5,16.4,-28.7885164807135));
#6679=CARTESIAN_POINT('Origin',(9.5,16.4,-27.75));
#6680=CARTESIAN_POINT('',(9.35000000000001,16.4,-29.25));
#6681=CARTESIAN_POINT('',(8.47237337485181,16.4,-27.6));
#6682=CARTESIAN_POINT('Origin',(9.5,16.4,-27.75));
#6683=CARTESIAN_POINT('',(9.35000000000001,16.4,-27.6));
#6684=CARTESIAN_POINT('',(8.00000000000001,16.4,-27.6));
#6685=CARTESIAN_POINT('',(9.35000000000001,16.4,-26.7223733748518));
#6686=CARTESIAN_POINT('',(9.35000000000001,16.4,-29.25));
#6687=CARTESIAN_POINT('',(9.65000000000001,16.4,-26.7223733748518));
#6688=CARTESIAN_POINT('Origin',(9.5,16.4,-27.75));
#6689=CARTESIAN_POINT('',(9.65000000000001,16.4,-26.25));
#6690=CARTESIAN_POINT('',(10.5276266251482,16.4,-27.9));
#6691=CARTESIAN_POINT('Origin',(9.5,16.4,-27.75));
#6692=CARTESIAN_POINT('',(11.,16.4,-27.9));
#6693=CARTESIAN_POINT('Origin',(9.5,16.4,-27.75));
#6694=CARTESIAN_POINT('Origin',(9.65000000000001,16.5,-27.9));
#6695=CARTESIAN_POINT('',(9.97696960070848,16.5,-27.9));
#6696=CARTESIAN_POINT('Ctrl Pts',(9.97696960070848,16.5,-27.9));
#6697=CARTESIAN_POINT('Ctrl Pts',(10.1531799048399,16.5,-27.9));
#6698=CARTESIAN_POINT('Ctrl Pts',(10.3589161858565,16.4642147616065,-27.9));
#6699=CARTESIAN_POINT('Ctrl Pts',(10.5276266251482,16.4,-27.9));
#6700=CARTESIAN_POINT('',(9.575,16.5,-27.9));
#6701=CARTESIAN_POINT('Origin',(9.35000000000001,16.5,-27.9));
#6702=CARTESIAN_POINT('',(9.35000000000001,16.5,-28.2269696007085));
#6703=CARTESIAN_POINT('Ctrl Pts',(9.35000000000001,16.5,-28.2269696007085));
#6704=CARTESIAN_POINT('Ctrl Pts',(9.35000000000001,16.5,-28.403193579241));
#6705=CARTESIAN_POINT('Ctrl Pts',(9.35000000000001,16.4641687904223,-28.6090369652303));
#6706=CARTESIAN_POINT('Ctrl Pts',(9.35000000000001,16.4,-28.7776266251482));
#6707=CARTESIAN_POINT('',(9.35000000000001,16.5,-27.825));
#6708=CARTESIAN_POINT('Origin',(9.35000000000001,16.5,-27.6));
#6709=CARTESIAN_POINT('',(9.02303039929153,16.5,-27.6));
#6710=CARTESIAN_POINT('Ctrl Pts',(9.02303039929153,16.5,-27.6));
#6711=CARTESIAN_POINT('Ctrl Pts',(8.84682009516012,16.5,-27.6));
#6712=CARTESIAN_POINT('Ctrl Pts',(8.64108381414347,16.4642147616065,-27.6));
#6713=CARTESIAN_POINT('Ctrl Pts',(8.47237337485181,16.4,-27.6));
#6714=CARTESIAN_POINT('',(9.35000000000001,16.5,-27.6));
#6715=CARTESIAN_POINT('',(9.42500000000001,16.5,-27.6));
#6716=CARTESIAN_POINT('',(9.35000000000001,16.5,-27.6));
#6717=CARTESIAN_POINT('Origin',(9.35000000000001,16.5,-26.25));
#6718=CARTESIAN_POINT('',(9.35000000000001,16.5,-27.2730303992915));
#6719=CARTESIAN_POINT('Ctrl Pts',(9.35000000000001,16.4,-26.7223733748518));
#6720=CARTESIAN_POINT('Ctrl Pts',(9.35000000000001,16.4641687904223,-26.8909630347697));
#6721=CARTESIAN_POINT('Ctrl Pts',(9.35000000000001,16.5,-27.096806420759));
#6722=CARTESIAN_POINT('Ctrl Pts',(9.35000000000001,16.5,-27.2730303992915));
#6723=CARTESIAN_POINT('',(9.35000000000001,16.5,-27.));
#6724=CARTESIAN_POINT('Origin',(9.65000000000001,16.5,-27.6));
#6725=CARTESIAN_POINT('',(9.65000000000001,16.5,-27.2730303992915));
#6726=CARTESIAN_POINT('Ctrl Pts',(9.65000000000001,16.5,-27.2730303992915));
#6727=CARTESIAN_POINT('Ctrl Pts',(9.65000000000001,16.5,-27.0968200951601));
#6728=CARTESIAN_POINT('Ctrl Pts',(9.65000000000001,16.4642147616065,-26.8910838141435));
#6729=CARTESIAN_POINT('Ctrl Pts',(9.65000000000001,16.4,-26.7223733748518));
#6730=CARTESIAN_POINT('',(9.65000000000001,16.5,-27.675));
#6731=CARTESIAN_POINT('Ctrl Pts',(-9.49999999999999,15.,-29.75));
#6732=CARTESIAN_POINT('Ctrl Pts',(-11.5,15.,-29.75));
#6733=CARTESIAN_POINT('Ctrl Pts',(-11.5,15.,-27.75));
#6734=CARTESIAN_POINT('Ctrl Pts',(-11.5,15.,-25.75));
#6735=CARTESIAN_POINT('Ctrl Pts',(-9.49999999999999,15.,-25.75));
#6736=CARTESIAN_POINT('Ctrl Pts',(-7.5,15.,-25.75));
#6737=CARTESIAN_POINT('Ctrl Pts',(-7.5,15.,-27.75));
#6738=CARTESIAN_POINT('Ctrl Pts',(-7.5,15.,-29.75));
#6739=CARTESIAN_POINT('Ctrl Pts',(-9.49999999999999,15.,-29.75));
#6740=CARTESIAN_POINT('Ctrl Pts',(-9.49999999999999,16.5,-29.75));
#6741=CARTESIAN_POINT('Ctrl Pts',(-11.5,16.5,-29.75));
#6742=CARTESIAN_POINT('Ctrl Pts',(-11.5,16.5,-27.75));
#6743=CARTESIAN_POINT('Ctrl Pts',(-11.5,16.5,-25.75));
#6744=CARTESIAN_POINT('Ctrl Pts',(-9.49999999999999,16.5,-25.75));
#6745=CARTESIAN_POINT('Ctrl Pts',(-7.5,16.5,-25.75));
#6746=CARTESIAN_POINT('Ctrl Pts',(-7.5,16.5,-27.75));
#6747=CARTESIAN_POINT('Ctrl Pts',(-7.5,16.5,-29.75));
#6748=CARTESIAN_POINT('Ctrl Pts',(-9.49999999999999,16.5,-29.75));
#6749=CARTESIAN_POINT('Ctrl Pts',(-9.49999999999999,16.5,-28.25));
#6750=CARTESIAN_POINT('Ctrl Pts',(-9.99999999999999,16.5,-28.25));
#6751=CARTESIAN_POINT('Ctrl Pts',(-9.99999999999999,16.5,-27.75));
#6752=CARTESIAN_POINT('Ctrl Pts',(-9.99999999999999,16.5,-27.25));
#6753=CARTESIAN_POINT('Ctrl Pts',(-9.49999999999999,16.5,-27.25));
#6754=CARTESIAN_POINT('Ctrl Pts',(-9.,16.5,-27.25));
#6755=CARTESIAN_POINT('Ctrl Pts',(-9.,16.5,-27.75));
#6756=CARTESIAN_POINT('Ctrl Pts',(-9.,16.5,-28.25));
#6757=CARTESIAN_POINT('Ctrl Pts',(-9.49999999999999,16.5,-28.25));
#6758=CARTESIAN_POINT('Origin',(-9.49999999999999,16.5,-27.75));
#6759=CARTESIAN_POINT('',(-9.49999999999999,15.,-29.75));
#6760=CARTESIAN_POINT('Ctrl Pts',(-9.49999999999999,16.4000000000027,-28.7885164807065));
#6761=CARTESIAN_POINT('Ctrl Pts',(-9.49999999999999,16.0301609135268,-29.75));
#6762=CARTESIAN_POINT('Ctrl Pts',(-9.49999999999999,15.,-29.75));
#6763=CARTESIAN_POINT('',(-11.5,15.,-27.75));
#6764=CARTESIAN_POINT('Origin',(-9.49999999999999,15.,-27.75));
#6765=CARTESIAN_POINT('',(-9.49999999999999,15.,-25.75));
#6766=CARTESIAN_POINT('Origin',(-9.49999999999999,15.,-27.75));
#6767=CARTESIAN_POINT('',(-7.5,15.,-27.75));
#6768=CARTESIAN_POINT('Origin',(-9.49999999999999,15.,-27.75));
#6769=CARTESIAN_POINT('Origin',(-9.49999999999999,15.,-27.75));
#6770=CARTESIAN_POINT('Origin',(-9.49999999999999,16.5,-27.75));
#6771=CARTESIAN_POINT('Origin',(-9.49999999999999,16.5,-27.75));
#6772=CARTESIAN_POINT('Origin',(-9.49999999999999,16.5,-27.75));
#6773=CARTESIAN_POINT('Origin',(-9.49999999999999,16.5,-27.75));
#6774=CARTESIAN_POINT('Origin',(-9.49999999999999,16.5,-27.75));
#6775=CARTESIAN_POINT('Origin',(-9.49999999999999,16.5,-27.75));
#6776=CARTESIAN_POINT('Origin',(0.,16.5,-27.75));
#6777=CARTESIAN_POINT('Origin',(0.,16.5,-27.75));
#6778=CARTESIAN_POINT('Origin',(0.,16.5,-27.75));
#6779=CARTESIAN_POINT('Origin',(0.,16.5,-27.75));
#6780=CARTESIAN_POINT('Origin',(0.,16.5,-27.75));
#6781=CARTESIAN_POINT('Origin',(0.,16.5,-27.75));
#6782=CARTESIAN_POINT('Origin',(0.,16.5,-27.75));
#6783=CARTESIAN_POINT('Origin',(0.,16.5,-27.75));
#6784=CARTESIAN_POINT('Origin',(9.5,16.5,-27.75));
#6785=CARTESIAN_POINT('Origin',(9.5,16.5,-27.75));
#6786=CARTESIAN_POINT('Origin',(9.5,16.5,-27.75));
#6787=CARTESIAN_POINT('Origin',(9.5,16.5,-27.75));
#6788=CARTESIAN_POINT('Origin',(9.5,16.5,-27.75));
#6789=CARTESIAN_POINT('Origin',(9.5,16.5,-27.75));
#6790=CARTESIAN_POINT('Ctrl Pts',(9.5,15.,-29.75));
#6791=CARTESIAN_POINT('Ctrl Pts',(7.5,15.,-29.75));
#6792=CARTESIAN_POINT('Ctrl Pts',(7.5,15.,-27.75));
#6793=CARTESIAN_POINT('Ctrl Pts',(7.5,15.,-25.75));
#6794=CARTESIAN_POINT('Ctrl Pts',(9.5,15.,-25.75));
#6795=CARTESIAN_POINT('Ctrl Pts',(11.5,15.,-25.75));
#6796=CARTESIAN_POINT('Ctrl Pts',(11.5,15.,-27.75));
#6797=CARTESIAN_POINT('Ctrl Pts',(11.5,15.,-29.75));
#6798=CARTESIAN_POINT('Ctrl Pts',(9.5,15.,-29.75));
#6799=CARTESIAN_POINT('Ctrl Pts',(9.5,16.5,-29.75));
#6800=CARTESIAN_POINT('Ctrl Pts',(7.5,16.5,-29.75));
#6801=CARTESIAN_POINT('Ctrl Pts',(7.5,16.5,-27.75));
#6802=CARTESIAN_POINT('Ctrl Pts',(7.5,16.5,-25.75));
#6803=CARTESIAN_POINT('Ctrl Pts',(9.5,16.5,-25.75));
#6804=CARTESIAN_POINT('Ctrl Pts',(11.5,16.5,-25.75));
#6805=CARTESIAN_POINT('Ctrl Pts',(11.5,16.5,-27.75));
#6806=CARTESIAN_POINT('Ctrl Pts',(11.5,16.5,-29.75));
#6807=CARTESIAN_POINT('Ctrl Pts',(9.5,16.5,-29.75));
#6808=CARTESIAN_POINT('Ctrl Pts',(9.5,16.5,-28.25));
#6809=CARTESIAN_POINT('Ctrl Pts',(9.00000000000001,16.5,-28.25));
#6810=CARTESIAN_POINT('Ctrl Pts',(9.00000000000001,16.5,-27.75));
#6811=CARTESIAN_POINT('Ctrl Pts',(9.00000000000001,16.5,-27.25));
#6812=CARTESIAN_POINT('Ctrl Pts',(9.5,16.5,-27.25));
#6813=CARTESIAN_POINT('Ctrl Pts',(10.,16.5,-27.25));
#6814=CARTESIAN_POINT('Ctrl Pts',(10.,16.5,-27.75));
#6815=CARTESIAN_POINT('Ctrl Pts',(10.,16.5,-28.25));
#6816=CARTESIAN_POINT('Ctrl Pts',(9.5,16.5,-28.25));
#6817=CARTESIAN_POINT('',(9.5,15.,-29.75));
#6818=CARTESIAN_POINT('Ctrl Pts',(9.50000000000001,16.4000000000027,-28.7885164807065));
#6819=CARTESIAN_POINT('Ctrl Pts',(9.5,16.0301609135268,-29.75));
#6820=CARTESIAN_POINT('Ctrl Pts',(9.5,15.,-29.75));
#6821=CARTESIAN_POINT('',(7.5,15.,-27.75));
#6822=CARTESIAN_POINT('Origin',(9.5,15.,-27.75));
#6823=CARTESIAN_POINT('',(9.5,15.,-25.75));
#6824=CARTESIAN_POINT('Origin',(9.5,15.,-27.75));
#6825=CARTESIAN_POINT('',(11.5,15.,-27.75));
#6826=CARTESIAN_POINT('Origin',(9.5,15.,-27.75));
#6827=CARTESIAN_POINT('Origin',(9.5,15.,-27.75));
#6828=CARTESIAN_POINT('Origin',(9.5,16.5,-27.75));
#6829=CARTESIAN_POINT('Origin',(-9.49999999999999,16.5,-27.75));
#6830=CARTESIAN_POINT('Ctrl Pts',(0.,15.,-29.75));
#6831=CARTESIAN_POINT('Ctrl Pts',(-2.,15.,-29.75));
#6832=CARTESIAN_POINT('Ctrl Pts',(-2.,15.,-27.75));
#6833=CARTESIAN_POINT('Ctrl Pts',(-2.,15.,-25.75));
#6834=CARTESIAN_POINT('Ctrl Pts',(0.,15.,-25.75));
#6835=CARTESIAN_POINT('Ctrl Pts',(2.,15.,-25.75));
#6836=CARTESIAN_POINT('Ctrl Pts',(2.,15.,-27.75));
#6837=CARTESIAN_POINT('Ctrl Pts',(2.,15.,-29.75));
#6838=CARTESIAN_POINT('Ctrl Pts',(0.,15.,-29.75));
#6839=CARTESIAN_POINT('Ctrl Pts',(0.,16.5,-29.75));
#6840=CARTESIAN_POINT('Ctrl Pts',(-2.,16.5,-29.75));
#6841=CARTESIAN_POINT('Ctrl Pts',(-2.,16.5,-27.75));
#6842=CARTESIAN_POINT('Ctrl Pts',(-2.,16.5,-25.75));
#6843=CARTESIAN_POINT('Ctrl Pts',(0.,16.5,-25.75));
#6844=CARTESIAN_POINT('Ctrl Pts',(2.,16.5,-25.75));
#6845=CARTESIAN_POINT('Ctrl Pts',(2.,16.5,-27.75));
#6846=CARTESIAN_POINT('Ctrl Pts',(2.,16.5,-29.75));
#6847=CARTESIAN_POINT('Ctrl Pts',(0.,16.5,-29.75));
#6848=CARTESIAN_POINT('Ctrl Pts',(0.,16.5,-28.25));
#6849=CARTESIAN_POINT('Ctrl Pts',(-0.499999999999994,16.5,-28.25));
#6850=CARTESIAN_POINT('Ctrl Pts',(-0.499999999999994,16.5,-27.75));
#6851=CARTESIAN_POINT('Ctrl Pts',(-0.499999999999994,16.5,-27.25));
#6852=CARTESIAN_POINT('Ctrl Pts',(0.,16.5,-27.25));
#6853=CARTESIAN_POINT('Ctrl Pts',(0.499999999999994,16.5,-27.25));
#6854=CARTESIAN_POINT('Ctrl Pts',(0.499999999999994,16.5,-27.75));
#6855=CARTESIAN_POINT('Ctrl Pts',(0.499999999999994,16.5,-28.25));
#6856=CARTESIAN_POINT('Ctrl Pts',(0.,16.5,-28.25));
#6857=CARTESIAN_POINT('',(0.,15.,-29.75));
#6858=CARTESIAN_POINT('Ctrl Pts',(0.,16.4000000000027,-28.7885164807065));
#6859=CARTESIAN_POINT('Ctrl Pts',(0.,16.0301609135268,-29.75));
#6860=CARTESIAN_POINT('Ctrl Pts',(0.,15.,-29.75));
#6861=CARTESIAN_POINT('',(-2.,15.,-27.75));
#6862=CARTESIAN_POINT('Origin',(0.,15.,-27.75));
#6863=CARTESIAN_POINT('',(0.,15.,-25.75));
#6864=CARTESIAN_POINT('Origin',(0.,15.,-27.75));
#6865=CARTESIAN_POINT('',(2.,15.,-27.75));
#6866=CARTESIAN_POINT('Origin',(0.,15.,-27.75));
#6867=CARTESIAN_POINT('Origin',(0.,15.,-27.75));
#6868=CARTESIAN_POINT('Origin',(9.5,16.5,-27.75));
#6869=CARTESIAN_POINT('Origin',(-9.49999999999999,15.,-27.75));
#6870=CARTESIAN_POINT('',(-11.5,15.,-29.75));
#6871=CARTESIAN_POINT('',(-7.99999999999999,15.,-29.75));
#6872=CARTESIAN_POINT('',(-11.5,15.,-29.25));
#6873=CARTESIAN_POINT('Origin',(-9.49999999999999,15.,-27.75));
#6874=CARTESIAN_POINT('',(-7.49999999999999,15.,-29.75));
#6875=CARTESIAN_POINT('',(-7.49999999999999,15.,-26.25));
#6876=CARTESIAN_POINT('',(-7.99999999999999,15.,-29.75));
#6877=CARTESIAN_POINT('Origin',(-9.49999999999999,15.,-27.75));
#6878=CARTESIAN_POINT('',(-7.49999999999999,15.,-25.75));
#6879=CARTESIAN_POINT('',(-11.,15.,-25.75));
#6880=CARTESIAN_POINT('',(-7.49999999999999,15.,-26.25));
#6881=CARTESIAN_POINT('Origin',(-9.49999999999999,15.,-27.75));
#6882=CARTESIAN_POINT('',(-11.5,15.,-25.75));
#6883=CARTESIAN_POINT('',(-11.5,15.,-29.25));
#6884=CARTESIAN_POINT('',(-11.,15.,-25.75));
#6885=CARTESIAN_POINT('Origin',(0.,15.,-27.75));
#6886=CARTESIAN_POINT('',(-2.,15.,-29.75));
#6887=CARTESIAN_POINT('',(1.5,15.,-29.75));
#6888=CARTESIAN_POINT('',(-2.,15.,-29.25));
#6889=CARTESIAN_POINT('Origin',(0.,15.,-27.75));
#6890=CARTESIAN_POINT('',(2.,15.,-29.75));
#6891=CARTESIAN_POINT('',(2.,15.,-26.25));
#6892=CARTESIAN_POINT('',(1.5,15.,-29.75));
#6893=CARTESIAN_POINT('Origin',(0.,15.,-27.75));
#6894=CARTESIAN_POINT('',(2.,15.,-25.75));
#6895=CARTESIAN_POINT('',(-1.5,15.,-25.75));
#6896=CARTESIAN_POINT('',(2.,15.,-26.25));
#6897=CARTESIAN_POINT('Origin',(0.,15.,-27.75));
#6898=CARTESIAN_POINT('',(-2.,15.,-25.75));
#6899=CARTESIAN_POINT('',(-2.,15.,-29.25));
#6900=CARTESIAN_POINT('',(-1.5,15.,-25.75));
#6901=CARTESIAN_POINT('Origin',(9.50000000000001,15.,-27.75));
#6902=CARTESIAN_POINT('',(7.50000000000001,15.,-29.75));
#6903=CARTESIAN_POINT('',(11.,15.,-29.75));
#6904=CARTESIAN_POINT('',(7.50000000000001,15.,-29.25));
#6905=CARTESIAN_POINT('Origin',(9.50000000000001,15.,-27.75));
#6906=CARTESIAN_POINT('',(11.5,15.,-29.75));
#6907=CARTESIAN_POINT('',(11.5,15.,-26.25));
#6908=CARTESIAN_POINT('',(11.,15.,-29.75));
#6909=CARTESIAN_POINT('Origin',(9.50000000000001,15.,-27.75));
#6910=CARTESIAN_POINT('',(11.5,15.,-25.75));
#6911=CARTESIAN_POINT('',(8.00000000000001,15.,-25.75));
#6912=CARTESIAN_POINT('',(11.5,15.,-26.25));
#6913=CARTESIAN_POINT('Origin',(9.50000000000001,15.,-27.75));
#6914=CARTESIAN_POINT('',(7.50000000000001,15.,-25.75));
#6915=CARTESIAN_POINT('',(7.50000000000001,15.,-29.25));
#6916=CARTESIAN_POINT('',(8.00000000000001,15.,-25.75));
#6917=CARTESIAN_POINT('Origin',(-7.,11.,-30.75));
#6918=CARTESIAN_POINT('',(-7.,11.,-30.75));
#6919=CARTESIAN_POINT('',(-7.,13.5,-30.75));
#6920=CARTESIAN_POINT('',(-7.,11.,-30.75));
#6921=CARTESIAN_POINT('',(-7.,11.,-25.75));
#6922=CARTESIAN_POINT('',(-7.,11.,-30.75));
#6923=CARTESIAN_POINT('',(-7.,13.5,-25.75));
#6924=CARTESIAN_POINT('',(-7.,13.5,-25.75));
#6925=CARTESIAN_POINT('',(-7.,13.5,-30.75));
#6926=CARTESIAN_POINT('Origin',(-12.,13.5,-30.75));
#6927=CARTESIAN_POINT('',(-12.,13.5,-30.75));
#6928=CARTESIAN_POINT('',(-12.,11.,-30.75));
#6929=CARTESIAN_POINT('',(-12.,12.25,-30.75));
#6930=CARTESIAN_POINT('',(-12.,13.5,-25.75));
#6931=CARTESIAN_POINT('',(-12.,13.5,-30.75));
#6932=CARTESIAN_POINT('',(-12.,11.,-25.75));
#6933=CARTESIAN_POINT('',(-12.,11.,-25.75));
#6934=CARTESIAN_POINT('',(-12.,11.,-30.75));
#6935=CARTESIAN_POINT('Origin',(-7.,13.5,-30.75));
#6936=CARTESIAN_POINT('',(-6.75,13.5,-30.75));
#6937=CARTESIAN_POINT('',(-12.,13.5,-25.75));
#6938=CARTESIAN_POINT('Origin',(-9.5,12.25,-25.75));
#6939=CARTESIAN_POINT('',(-7.,11.,-25.75));
#6940=CARTESIAN_POINT('Origin',(2.49999999998545,11.,-30.75));
#6941=CARTESIAN_POINT('',(2.49999999998545,11.,-30.75));
#6942=CARTESIAN_POINT('',(2.49999999998545,13.5,-30.75));
#6943=CARTESIAN_POINT('',(2.49999999998545,11.,-30.75));
#6944=CARTESIAN_POINT('',(2.49999999998545,11.,-25.75));
#6945=CARTESIAN_POINT('',(2.49999999998545,11.,-30.75));
#6946=CARTESIAN_POINT('',(2.49999999998545,13.5,-25.75));
#6947=CARTESIAN_POINT('',(2.49999999998545,13.5,-25.75));
#6948=CARTESIAN_POINT('',(2.49999999998545,13.5,-30.75));
#6949=CARTESIAN_POINT('Origin',(-2.50000000001455,13.5,-30.75));
#6950=CARTESIAN_POINT('',(-2.50000000001455,13.5,-30.75));
#6951=CARTESIAN_POINT('',(-2.50000000001455,11.,-30.75));
#6952=CARTESIAN_POINT('',(-2.50000000001455,12.25,-30.75));
#6953=CARTESIAN_POINT('',(-2.50000000001455,13.5,-25.75));
#6954=CARTESIAN_POINT('',(-2.50000000001455,13.5,-30.75));
#6955=CARTESIAN_POINT('',(-2.50000000001455,11.,-25.75));
#6956=CARTESIAN_POINT('',(-2.50000000001455,11.,-25.75));
#6957=CARTESIAN_POINT('',(-2.50000000001455,11.,-30.75));
#6958=CARTESIAN_POINT('Origin',(2.49999999998545,13.5,-30.75));
#6959=CARTESIAN_POINT('',(2.74999999999272,13.5,-30.75));
#6960=CARTESIAN_POINT('',(-2.50000000001455,13.5,-25.75));
#6961=CARTESIAN_POINT('Origin',(-1.45516931837619E-11,12.25,-25.75));
#6962=CARTESIAN_POINT('',(2.49999999998545,11.,-25.75));
#6963=CARTESIAN_POINT('Origin',(11.9999999999709,11.,-30.75));
#6964=CARTESIAN_POINT('',(11.9999999999709,11.,-30.75));
#6965=CARTESIAN_POINT('',(11.9999999999709,13.5,-30.75));
#6966=CARTESIAN_POINT('',(11.9999999999709,11.,-30.75));
#6967=CARTESIAN_POINT('',(11.9999999999709,11.,-25.75));
#6968=CARTESIAN_POINT('',(11.9999999999709,11.,-30.75));
#6969=CARTESIAN_POINT('',(11.9999999999709,13.5,-25.75));
#6970=CARTESIAN_POINT('',(11.9999999999709,13.5,-25.75));
#6971=CARTESIAN_POINT('',(11.9999999999709,13.5,-30.75));
#6972=CARTESIAN_POINT('Origin',(6.9999999999709,13.5,-30.75));
#6973=CARTESIAN_POINT('',(6.9999999999709,13.5,-30.75));
#6974=CARTESIAN_POINT('',(6.9999999999709,11.,-30.75));
#6975=CARTESIAN_POINT('',(6.9999999999709,12.25,-30.75));
#6976=CARTESIAN_POINT('',(6.9999999999709,13.5,-25.75));
#6977=CARTESIAN_POINT('',(6.9999999999709,13.5,-30.75));
#6978=CARTESIAN_POINT('',(6.9999999999709,11.,-25.75));
#6979=CARTESIAN_POINT('',(6.9999999999709,11.,-25.75));
#6980=CARTESIAN_POINT('',(6.9999999999709,11.,-30.75));
#6981=CARTESIAN_POINT('Origin',(11.9999999999709,13.5,-30.75));
#6982=CARTESIAN_POINT('',(12.2499999999855,13.5,-30.75));
#6983=CARTESIAN_POINT('',(6.9999999999709,13.5,-25.75));
#6984=CARTESIAN_POINT('Origin',(9.4999999999709,12.25,-25.75));
#6985=CARTESIAN_POINT('',(11.9999999999709,11.,-25.75));
#6986=CARTESIAN_POINT('Origin',(-11.5,14.,-29.25));
#6987=CARTESIAN_POINT('',(-12.5,14.,-30.75));
#6988=CARTESIAN_POINT('Origin',(-11.5,14.,-29.75));
#6989=CARTESIAN_POINT('',(-12.5,14.,-24.75));
#6990=CARTESIAN_POINT('',(-12.5,14.,-29.25));
#6991=CARTESIAN_POINT('Origin',(-11.5,14.,-25.75));
#6992=CARTESIAN_POINT('Origin',(-7.99999999999999,14.,-29.75));
#6993=CARTESIAN_POINT('',(-6.49999999999999,14.,-30.75));
#6994=CARTESIAN_POINT('Origin',(-7.49999999999999,14.,-29.75));
#6995=CARTESIAN_POINT('',(-7.99999999999999,14.,-30.75));
#6996=CARTESIAN_POINT('Origin',(-7.49999999999999,14.,-26.25));
#6997=CARTESIAN_POINT('',(-6.49999999999999,14.,-24.75));
#6998=CARTESIAN_POINT('Origin',(-7.49999999999999,14.,-25.75));
#6999=CARTESIAN_POINT('',(-6.49999999999999,14.,-26.25));
#7000=CARTESIAN_POINT('Origin',(-11.,14.,-25.75));
#7001=CARTESIAN_POINT('',(-11.,14.,-24.75));
#7002=CARTESIAN_POINT('Origin',(-12.5,11.,-24.75));
#7003=CARTESIAN_POINT('',(-12.5,11.,-24.75));
#7004=CARTESIAN_POINT('',(-12.5,11.,-24.75));
#7005=CARTESIAN_POINT('',(-6.49999999999999,11.,-24.75));
#7006=CARTESIAN_POINT('',(-6.25,11.,-24.75));
#7007=CARTESIAN_POINT('',(-6.49999999999999,11.,-24.75));
#7008=CARTESIAN_POINT('Origin',(-12.5,11.,-30.75));
#7009=CARTESIAN_POINT('',(-12.5,11.,-30.75));
#7010=CARTESIAN_POINT('',(-12.5,11.,-30.75));
#7011=CARTESIAN_POINT('',(-12.5,11.,-28.875));
#7012=CARTESIAN_POINT('Origin',(1.5,14.,-29.75));
#7013=CARTESIAN_POINT('',(3.,14.,-30.75));
#7014=CARTESIAN_POINT('Origin',(2.,14.,-29.75));
#7015=CARTESIAN_POINT('',(-3.,14.,-30.75));
#7016=CARTESIAN_POINT('',(1.5,14.,-30.75));
#7017=CARTESIAN_POINT('Origin',(-2.,14.,-29.75));
#7018=CARTESIAN_POINT('Origin',(2.,14.,-26.25));
#7019=CARTESIAN_POINT('',(3.,14.,-24.75));
#7020=CARTESIAN_POINT('Origin',(2.,14.,-25.75));
#7021=CARTESIAN_POINT('',(3.,14.,-26.25));
#7022=CARTESIAN_POINT('Origin',(-1.5,14.,-25.75));
#7023=CARTESIAN_POINT('',(-3.,14.,-24.75));
#7024=CARTESIAN_POINT('Origin',(-2.,14.,-25.75));
#7025=CARTESIAN_POINT('',(-1.5,14.,-24.75));
#7026=CARTESIAN_POINT('Origin',(-2.,14.,-29.25));
#7027=CARTESIAN_POINT('',(-3.,14.,-29.25));
#7028=CARTESIAN_POINT('Origin',(-3.,11.,-30.75));
#7029=CARTESIAN_POINT('',(-3.,11.,-30.75));
#7030=CARTESIAN_POINT('',(-3.,11.,-30.75));
#7031=CARTESIAN_POINT('',(-3.,11.,-24.75));
#7032=CARTESIAN_POINT('',(-3.,11.,-28.875));
#7033=CARTESIAN_POINT('',(-3.,11.,-24.75));
#7034=CARTESIAN_POINT('Origin',(3.,11.,-30.75));
#7035=CARTESIAN_POINT('',(1.5,11.,-30.75));
#7036=CARTESIAN_POINT('',(3.,11.,-30.75));
#7037=CARTESIAN_POINT('',(3.,11.,-30.75));
#7038=CARTESIAN_POINT('',(1.5,11.,-30.75));
#7039=CARTESIAN_POINT('Origin',(8.00000000000001,14.,-25.75));
#7040=CARTESIAN_POINT('',(6.50000000000001,14.,-24.75));
#7041=CARTESIAN_POINT('Origin',(7.50000000000001,14.,-25.75));
#7042=CARTESIAN_POINT('',(12.5,14.,-24.75));
#7043=CARTESIAN_POINT('',(8.00000000000001,14.,-24.75));
#7044=CARTESIAN_POINT('Origin',(11.5,14.,-25.75));
#7045=CARTESIAN_POINT('Origin',(7.50000000000001,14.,-29.25));
#7046=CARTESIAN_POINT('',(6.50000000000001,14.,-30.75));
#7047=CARTESIAN_POINT('Origin',(7.50000000000001,14.,-29.75));
#7048=CARTESIAN_POINT('',(6.50000000000001,14.,-29.25));
#7049=CARTESIAN_POINT('Origin',(11.,14.,-29.75));
#7050=CARTESIAN_POINT('',(12.5,14.,-30.75));
#7051=CARTESIAN_POINT('Origin',(11.5,14.,-29.75));
#7052=CARTESIAN_POINT('',(11.,14.,-30.75));
#7053=CARTESIAN_POINT('Origin',(11.5,14.,-26.25));
#7054=CARTESIAN_POINT('',(12.5,14.,-26.25));
#7055=CARTESIAN_POINT('Origin',(12.5,11.,-24.75));
#7056=CARTESIAN_POINT('',(12.5,11.,-24.75));
#7057=CARTESIAN_POINT('',(12.5,11.,-24.75));
#7058=CARTESIAN_POINT('',(12.5,11.,-30.75));
#7059=CARTESIAN_POINT('',(12.5,11.,-25.875));
#7060=CARTESIAN_POINT('',(12.5,11.,-30.75));
#7061=CARTESIAN_POINT('Origin',(6.50000000000001,11.,-24.75));
#7062=CARTESIAN_POINT('',(6.50000000000001,11.,-24.75));
#7063=CARTESIAN_POINT('',(6.50000000000001,11.,-24.75));
#7064=CARTESIAN_POINT('',(3.25,11.,-24.75));
#7065=CARTESIAN_POINT('Origin',(-6.49999999999999,11.,-30.75));
#7066=CARTESIAN_POINT('',(-3.25,11.,-30.75));
#7067=CARTESIAN_POINT('',(-6.49999999999999,11.,-30.75));
#7068=CARTESIAN_POINT('',(-6.49999999999999,11.,-30.75));
#7069=CARTESIAN_POINT('',(-3.25,11.,-30.75));
#7070=CARTESIAN_POINT('Origin',(-6.49999999999999,11.,-24.75));
#7071=CARTESIAN_POINT('',(-6.49999999999999,11.,-25.875));
#7072=CARTESIAN_POINT('Origin',(-3.,11.,-24.75));
#7073=CARTESIAN_POINT('',(3.,11.,-24.75));
#7074=CARTESIAN_POINT('',(-1.5,11.,-24.75));
#7075=CARTESIAN_POINT('',(3.,11.,-24.75));
#7076=CARTESIAN_POINT('Origin',(3.,11.,-24.75));
#7077=CARTESIAN_POINT('',(3.,11.,-25.875));
#7078=CARTESIAN_POINT('Origin',(6.50000000000001,11.,-30.75));
#7079=CARTESIAN_POINT('',(6.50000000000001,11.,-30.75));
#7080=CARTESIAN_POINT('',(6.50000000000001,11.,-30.75));
#7081=CARTESIAN_POINT('',(6.50000000000001,11.,-28.875));
#7082=CARTESIAN_POINT('Origin',(12.5,11.,-30.75));
#7083=CARTESIAN_POINT('',(6.25,11.,-30.75));
#7084=CARTESIAN_POINT('',(6.25,11.,-30.75));
#7085=CARTESIAN_POINT('Origin',(2.22044604925031E-15,11.,-27.));
#7086=CARTESIAN_POINT('',(5.50000000000001,11.,-22.5));
#7087=CARTESIAN_POINT('',(5.50000000000001,11.,-33.));
#7088=CARTESIAN_POINT('',(5.50000000000001,11.,-24.75));
#7089=CARTESIAN_POINT('',(13.5,11.,-22.5));
#7090=CARTESIAN_POINT('',(6.75,11.,-22.5));
#7091=CARTESIAN_POINT('',(13.5,11.,-33.));
#7092=CARTESIAN_POINT('',(13.5,11.,-30.));
#7093=CARTESIAN_POINT('',(15.,11.,-33.));
#7094=CARTESIAN_POINT('Origin',(2.22044604925031E-15,11.,-27.));
#7095=CARTESIAN_POINT('',(-3.99999999999999,11.,-22.5));
#7096=CARTESIAN_POINT('',(-3.99999999999999,11.,-33.));
#7097=CARTESIAN_POINT('',(-4.,11.,-24.75));
#7098=CARTESIAN_POINT('',(4.00000000000001,11.,-22.5));
#7099=CARTESIAN_POINT('',(2.,11.,-22.5));
#7100=CARTESIAN_POINT('',(4.00000000000001,11.,-33.));
#7101=CARTESIAN_POINT('',(4.00000000000001,11.,-30.));
#7102=CARTESIAN_POINT('',(15.,11.,-33.));
#7103=CARTESIAN_POINT('Origin',(2.22044604925031E-15,11.,-27.));
#7104=CARTESIAN_POINT('',(-5.49999999999999,11.,-33.));
#7105=CARTESIAN_POINT('',(-5.49999999999999,11.,-22.5));
#7106=CARTESIAN_POINT('',(-5.49999999999999,11.,-30.));
#7107=CARTESIAN_POINT('',(-13.5,11.,-33.));
#7108=CARTESIAN_POINT('',(15.,11.,-33.));
#7109=CARTESIAN_POINT('',(-13.5,11.,-22.5));
#7110=CARTESIAN_POINT('',(-13.5,11.,-24.75));
#7111=CARTESIAN_POINT('',(-2.75,11.,-22.5));
#7112=CARTESIAN_POINT('Origin',(-5.49999999999999,1.,-22.5));
#7113=CARTESIAN_POINT('',(-13.5,21.,-22.5));
#7114=CARTESIAN_POINT('',(-13.5,1.,-22.5));
#7115=CARTESIAN_POINT('',(-5.49999999999999,21.,-22.5));
#7116=CARTESIAN_POINT('',(15.,21.,-22.5));
#7117=CARTESIAN_POINT('',(-5.49999999999999,1.,-22.5));
#7118=CARTESIAN_POINT('Origin',(-4.,1.,-22.5));
#7119=CARTESIAN_POINT('',(-3.99999999999999,21.,-33.));
#7120=CARTESIAN_POINT('',(-4.,1.,-33.));
#7121=CARTESIAN_POINT('',(-3.99999999999999,21.,-22.5));
#7122=CARTESIAN_POINT('',(-4.,21.,-21.));
#7123=CARTESIAN_POINT('',(-3.99999999999999,1.,-22.5));
#7124=CARTESIAN_POINT('Origin',(-13.5,1.,-22.5));
#7125=CARTESIAN_POINT('',(-13.5,21.,-33.));
#7126=CARTESIAN_POINT('',(-13.5,1.,-33.));
#7127=CARTESIAN_POINT('',(-13.5,21.,-21.));
#7128=CARTESIAN_POINT('Origin',(-13.5,1.,-33.));
#7129=CARTESIAN_POINT('',(-15.,1.,-33.));
#7130=CARTESIAN_POINT('',(-15.,21.,-33.));
#7131=CARTESIAN_POINT('',(-15.,1.,-33.));
#7132=CARTESIAN_POINT('',(-13.5,21.,-33.));
#7133=CARTESIAN_POINT('',(-5.49999999999999,21.,-33.));
#7134=CARTESIAN_POINT('',(-5.49999999999999,1.,-33.));
#7135=CARTESIAN_POINT('',(-4.,21.,-33.));
#7136=CARTESIAN_POINT('',(4.00000000000001,21.,-33.));
#7137=CARTESIAN_POINT('',(4.00000000000001,1.,-33.));
#7138=CARTESIAN_POINT('',(5.50000000000001,21.,-33.));
#7139=CARTESIAN_POINT('',(5.50000000000001,21.,-33.));
#7140=CARTESIAN_POINT('',(5.50000000000001,1.,-33.));
#7141=CARTESIAN_POINT('',(13.5,21.,-33.));
#7142=CARTESIAN_POINT('',(13.5,1.,-33.));
#7143=CARTESIAN_POINT('',(15.,21.,-33.));
#7144=CARTESIAN_POINT('',(15.,21.,-33.));
#7145=CARTESIAN_POINT('',(15.,1.,-33.));
#7146=CARTESIAN_POINT('',(15.,1.,-33.));
#7147=CARTESIAN_POINT('',(-6.75,1.,-33.));
#7148=CARTESIAN_POINT('Origin',(-15.,1.,-33.));
#7149=CARTESIAN_POINT('',(-15.,1.,-21.));
#7150=CARTESIAN_POINT('',(-15.,21.,-21.));
#7151=CARTESIAN_POINT('',(-15.,1.,-21.));
#7152=CARTESIAN_POINT('',(-15.,21.,-33.));
#7153=CARTESIAN_POINT('',(-15.,1.,-16.5));
#7154=CARTESIAN_POINT('Origin',(-15.,1.,-21.));
#7155=CARTESIAN_POINT('',(15.,1.,-21.));
#7156=CARTESIAN_POINT('',(15.,21.,-21.));
#7157=CARTESIAN_POINT('',(15.,1.,-21.));
#7158=CARTESIAN_POINT('',(-15.,21.,-21.));
#7159=CARTESIAN_POINT('',(-7.5,1.,-21.));
#7160=CARTESIAN_POINT('Origin',(15.,1.,-21.));
#7161=CARTESIAN_POINT('',(15.,21.,-21.));
#7162=CARTESIAN_POINT('',(15.,1.,-10.5));
#7163=CARTESIAN_POINT('Origin',(0.,1.,2.22044604925031E-15));
#7164=CARTESIAN_POINT('',(18.,1.,36.));
#7165=CARTESIAN_POINT('',(20.,1.,34.));
#7166=CARTESIAN_POINT('Origin',(18.,1.,34.));
#7167=CARTESIAN_POINT('',(20.,1.,-34.));
#7168=CARTESIAN_POINT('',(20.,1.,34.));
#7169=CARTESIAN_POINT('',(18.,1.,-36.));
#7170=CARTESIAN_POINT('Origin',(18.,1.,-34.));
#7171=CARTESIAN_POINT('',(-18.,1.,-36.));
#7172=CARTESIAN_POINT('',(18.,1.,-36.));
#7173=CARTESIAN_POINT('',(-20.,1.,-34.));
#7174=CARTESIAN_POINT('Origin',(-18.,1.,-34.));
#7175=CARTESIAN_POINT('',(-20.,1.,34.));
#7176=CARTESIAN_POINT('',(-20.,1.,-34.));
#7177=CARTESIAN_POINT('',(-18.,1.,36.));
#7178=CARTESIAN_POINT('Origin',(-18.,1.,34.));
#7179=CARTESIAN_POINT('',(-18.,1.,36.));
#7180=CARTESIAN_POINT('',(-19.55,1.,34.));
#7181=CARTESIAN_POINT('Origin',(-18.,1.,34.));
#7182=CARTESIAN_POINT('',(16.45,1.,34.));
#7183=CARTESIAN_POINT('Origin',(18.,1.,34.));
#7184=CARTESIAN_POINT('',(-19.55,1.,-34.));
#7185=CARTESIAN_POINT('Origin',(-18.,1.,-34.));
#7186=CARTESIAN_POINT('',(16.45,1.,-34.));
#7187=CARTESIAN_POINT('Origin',(18.,1.,-34.));
#7188=CARTESIAN_POINT('',(-7.5,1.,34.));
#7189=CARTESIAN_POINT('',(-7.5,1.,23.23));
#7190=CARTESIAN_POINT('',(-7.5,1.,11.615));
#7191=CARTESIAN_POINT('',(7.5,1.,23.23));
#7192=CARTESIAN_POINT('',(3.75,1.,23.23));
#7193=CARTESIAN_POINT('',(7.5,1.,34.));
#7194=CARTESIAN_POINT('',(7.5,1.,17.));
#7195=CARTESIAN_POINT('',(-3.75,1.,34.));
#7196=CARTESIAN_POINT('',(9.00000000000001,1.,20.));
#7197=CARTESIAN_POINT('Origin',(12.,1.,20.));
#7198=CARTESIAN_POINT('',(-13.,1.,26.9426101979381));
#7199=CARTESIAN_POINT('',(-14.4,1.,26.9426101979381));
#7200=CARTESIAN_POINT('',(-7.5,1.,26.9426101979381));
#7201=CARTESIAN_POINT('',(-15.,1.,26.3426101979381));
#7202=CARTESIAN_POINT('',(-14.4,1.,26.9426101979381));
#7203=CARTESIAN_POINT('',(-15.,1.,24.9426101979381));
#7204=CARTESIAN_POINT('',(-15.,1.,12.1713050989691));
#7205=CARTESIAN_POINT('',(-14.4,1.,24.3426101979381));
#7206=CARTESIAN_POINT('',(-15.,1.,24.9426101979381));
#7207=CARTESIAN_POINT('',(-13.,1.,24.3426101979381));
#7208=CARTESIAN_POINT('',(-6.2,1.,24.3426101979381));
#7209=CARTESIAN_POINT('',(-12.4,1.,24.9426101979381));
#7210=CARTESIAN_POINT('',(-13.,1.,24.3426101979381));
#7211=CARTESIAN_POINT('',(-12.4,1.,26.3426101979381));
#7212=CARTESIAN_POINT('',(-12.4,1.,13.4713050989691));
#7213=CARTESIAN_POINT('',(-12.4,1.,26.3426101979381));
#7214=CARTESIAN_POINT('',(-15.,1.,23.5426101979381));
#7215=CARTESIAN_POINT('',(-15.,1.,22.1426101979381));
#7216=CARTESIAN_POINT('',(-15.,1.,10.7713050989691));
#7217=CARTESIAN_POINT('',(-14.4,1.,21.5426101979381));
#7218=CARTESIAN_POINT('',(-15.,1.,22.1426101979381));
#7219=CARTESIAN_POINT('',(-13.,1.,21.5426101979381));
#7220=CARTESIAN_POINT('',(-6.2,1.,21.5426101979381));
#7221=CARTESIAN_POINT('',(-12.4,1.,22.1426101979381));
#7222=CARTESIAN_POINT('',(-13.,1.,21.5426101979381));
#7223=CARTESIAN_POINT('',(-12.4,1.,23.5426101979381));
#7224=CARTESIAN_POINT('',(-12.4,1.,12.0713050989691));
#7225=CARTESIAN_POINT('',(-13.,1.,24.1426101979381));
#7226=CARTESIAN_POINT('',(-12.4,1.,23.5426101979381));
#7227=CARTESIAN_POINT('',(-14.4,1.,24.1426101979381));
#7228=CARTESIAN_POINT('',(-7.5,1.,24.1426101979381));
#7229=CARTESIAN_POINT('',(-14.4,1.,24.1426101979381));
#7230=CARTESIAN_POINT('',(-15.,1.,20.7426101979381));
#7231=CARTESIAN_POINT('',(-15.,1.,19.3426101979381));
#7232=CARTESIAN_POINT('',(-15.,1.,9.37130509896906));
#7233=CARTESIAN_POINT('',(-14.4,1.,18.7426101979381));
#7234=CARTESIAN_POINT('',(-15.,1.,19.3426101979381));
#7235=CARTESIAN_POINT('',(-13.,1.,18.7426101979381));
#7236=CARTESIAN_POINT('',(-6.2,1.,18.7426101979381));
#7237=CARTESIAN_POINT('',(-12.4,1.,19.3426101979381));
#7238=CARTESIAN_POINT('',(-13.,1.,18.7426101979381));
#7239=CARTESIAN_POINT('',(-12.4,1.,20.7426101979381));
#7240=CARTESIAN_POINT('',(-12.4,1.,10.6713050989691));
#7241=CARTESIAN_POINT('',(-13.,1.,21.3426101979381));
#7242=CARTESIAN_POINT('',(-12.4,1.,20.7426101979381));
#7243=CARTESIAN_POINT('',(-14.4,1.,21.3426101979381));
#7244=CARTESIAN_POINT('',(-7.5,1.,21.3426101979381));
#7245=CARTESIAN_POINT('',(-14.4,1.,21.3426101979381));
#7246=CARTESIAN_POINT('',(-13.,1.,16.));
#7247=CARTESIAN_POINT('',(-13.,1.,-5.));
#7248=CARTESIAN_POINT('',(-13.,1.,-2.5));
#7249=CARTESIAN_POINT('',(-15.,1.,-5.));
#7250=CARTESIAN_POINT('',(-7.5,1.,-5.));
#7251=CARTESIAN_POINT('',(-15.,1.,-20.));
#7252=CARTESIAN_POINT('',(-15.,1.,-10.));
#7253=CARTESIAN_POINT('',(15.,1.,-20.));
#7254=CARTESIAN_POINT('',(7.5,1.,-20.));
#7255=CARTESIAN_POINT('',(15.,1.,-7.99999999999999));
#7256=CARTESIAN_POINT('',(15.,1.,-4.));
#7257=CARTESIAN_POINT('',(11.,1.,-7.99999999999999));
#7258=CARTESIAN_POINT('',(5.5,1.,-7.99999999999999));
#7259=CARTESIAN_POINT('',(11.,1.,16.));
#7260=CARTESIAN_POINT('',(11.,1.,8.));
#7261=CARTESIAN_POINT('',(-6.5,1.,16.));
#7262=CARTESIAN_POINT('Origin',(-5.49999999999999,1.,-33.));
#7263=CARTESIAN_POINT('',(-5.49999999999999,21.,-33.));
#7264=CARTESIAN_POINT('Origin',(4.00000000000001,1.,-22.5));
#7265=CARTESIAN_POINT('',(4.00000000000001,21.,-22.5));
#7266=CARTESIAN_POINT('',(15.,21.,-22.5));
#7267=CARTESIAN_POINT('',(4.00000000000001,1.,-22.5));
#7268=CARTESIAN_POINT('Origin',(4.00000000000001,1.,-33.));
#7269=CARTESIAN_POINT('',(4.00000000000001,21.,-33.));
#7270=CARTESIAN_POINT('Origin',(5.50000000000001,1.,-22.5));
#7271=CARTESIAN_POINT('',(5.50000000000001,21.,-22.5));
#7272=CARTESIAN_POINT('',(5.50000000000001,21.,-21.));
#7273=CARTESIAN_POINT('',(5.50000000000001,1.,-22.5));
#7274=CARTESIAN_POINT('Origin',(13.5,1.,-22.5));
#7275=CARTESIAN_POINT('',(13.5,21.,-22.5));
#7276=CARTESIAN_POINT('',(15.,21.,-22.5));
#7277=CARTESIAN_POINT('',(13.5,1.,-22.5));
#7278=CARTESIAN_POINT('Origin',(13.5,1.,-33.));
#7279=CARTESIAN_POINT('',(13.5,21.,-33.));
#7280=CARTESIAN_POINT('Origin',(2.22044604925031E-15,21.,-27.));
#7281=CARTESIAN_POINT('Origin',(-13.,1.,-5.));
#7282=CARTESIAN_POINT('',(-13.,22.5,16.));
#7283=CARTESIAN_POINT('',(-13.,1.,16.));
#7284=CARTESIAN_POINT('',(-13.,22.5,-5.));
#7285=CARTESIAN_POINT('',(-13.,22.5,-5.));
#7286=CARTESIAN_POINT('',(-13.,1.,-5.));
#7287=CARTESIAN_POINT('Origin',(-15.,1.,-5.));
#7288=CARTESIAN_POINT('',(-15.,22.5,-5.));
#7289=CARTESIAN_POINT('',(-15.,22.5,-5.));
#7290=CARTESIAN_POINT('',(-15.,1.,-5.));
#7291=CARTESIAN_POINT('Origin',(-15.,1.,-20.));
#7292=CARTESIAN_POINT('',(-15.,22.5,-20.));
#7293=CARTESIAN_POINT('',(-15.,22.5,-20.));
#7294=CARTESIAN_POINT('',(-15.,1.,-20.));
#7295=CARTESIAN_POINT('Origin',(15.,1.,-20.));
#7296=CARTESIAN_POINT('',(15.,22.5,-20.));
#7297=CARTESIAN_POINT('',(15.,22.5,-20.));
#7298=CARTESIAN_POINT('',(15.,1.,-20.));
#7299=CARTESIAN_POINT('Origin',(15.,1.,-7.99999999999999));
#7300=CARTESIAN_POINT('',(15.,22.5,-7.99999999999999));
#7301=CARTESIAN_POINT('',(15.,22.5,16.));
#7302=CARTESIAN_POINT('',(15.,1.,-7.99999999999999));
#7303=CARTESIAN_POINT('Origin',(11.,1.,-7.99999999999999));
#7304=CARTESIAN_POINT('',(11.,22.5,-7.99999999999999));
#7305=CARTESIAN_POINT('',(11.,22.5,-7.99999999999999));
#7306=CARTESIAN_POINT('',(11.,1.,-7.99999999999999));
#7307=CARTESIAN_POINT('Origin',(11.,1.,16.));
#7308=CARTESIAN_POINT('',(11.,22.5,16.));
#7309=CARTESIAN_POINT('',(11.,22.5,16.));
#7310=CARTESIAN_POINT('',(11.,1.,16.));
#7311=CARTESIAN_POINT('Origin',(-13.,1.,16.));
#7312=CARTESIAN_POINT('',(-15.,22.5,16.));
#7313=CARTESIAN_POINT('Origin',(4.44089209850063E-15,22.5,-2.));
#7314=CARTESIAN_POINT('',(-12.5,22.5,-5.50000000001455));
#7315=CARTESIAN_POINT('',(-12.5,22.5,15.5000000000146));
#7316=CARTESIAN_POINT('',(-12.5,22.5,-3.75000000000727));
#7317=CARTESIAN_POINT('',(-14.4999999999854,22.5,-5.50000000001455));
#7318=CARTESIAN_POINT('',(-7.24999999999272,22.5,-5.50000000001455));
#7319=CARTESIAN_POINT('',(-14.4999999999854,22.5,-19.4999999999854));
#7320=CARTESIAN_POINT('',(-14.4999999999854,22.5,-10.7499999999927));
#7321=CARTESIAN_POINT('',(14.4999999999854,22.5,-19.4999999999854));
#7322=CARTESIAN_POINT('',(7.24999999999273,22.5,-19.4999999999854));
#7323=CARTESIAN_POINT('',(14.4999999999854,22.5,-8.5000000000291));
#7324=CARTESIAN_POINT('',(14.4999999999855,22.5,-5.25000000001455));
#7325=CARTESIAN_POINT('',(10.5000000000146,22.5,-8.5000000000291));
#7326=CARTESIAN_POINT('',(5.25000000000728,22.5,-8.5000000000291));
#7327=CARTESIAN_POINT('',(10.5000000000146,22.5,15.5000000000146));
#7328=CARTESIAN_POINT('',(10.5000000000146,22.5,6.75000000000728));
#7329=CARTESIAN_POINT('',(-6.25,22.5,15.5000000000146));
#7330=CARTESIAN_POINT('Origin',(14.4999999999855,1.,-8.5000000000291));
#7331=CARTESIAN_POINT('',(14.4999999999855,23.,-19.4999999999854));
#7332=CARTESIAN_POINT('',(14.4999999999855,1.,-19.4999999999854));
#7333=CARTESIAN_POINT('',(14.4999999999855,23.,-8.5000000000291));
#7334=CARTESIAN_POINT('',(14.4999999999855,23.,-8.5000000000291));
#7335=CARTESIAN_POINT('',(14.4999999999855,1.,-8.5000000000291));
#7336=CARTESIAN_POINT('Origin',(14.4999999999855,1.,-19.4999999999854));
#7337=CARTESIAN_POINT('',(-14.4999999999854,23.,-19.4999999999854));
#7338=CARTESIAN_POINT('',(-14.4999999999854,1.,-19.4999999999854));
#7339=CARTESIAN_POINT('',(14.4999999999855,23.,-19.4999999999854));
#7340=CARTESIAN_POINT('Origin',(-14.4999999999854,1.,-19.4999999999854));
#7341=CARTESIAN_POINT('',(-14.4999999999854,23.,-5.50000000001455));
#7342=CARTESIAN_POINT('',(-14.4999999999854,1.,-5.50000000001455));
#7343=CARTESIAN_POINT('',(-14.4999999999854,23.,-19.4999999999854));
#7344=CARTESIAN_POINT('Origin',(-14.4999999999854,1.,-5.50000000001455));
#7345=CARTESIAN_POINT('',(-12.5,23.,-5.50000000001455));
#7346=CARTESIAN_POINT('',(-12.5,1.,-5.50000000001455));
#7347=CARTESIAN_POINT('',(-14.4999999999854,23.,-5.50000000001455));
#7348=CARTESIAN_POINT('Origin',(-12.5,1.,15.5000000000146));
#7349=CARTESIAN_POINT('',(10.5000000000146,23.,15.5000000000146));
#7350=CARTESIAN_POINT('',(10.5000000000146,1.,15.5000000000146));
#7351=CARTESIAN_POINT('',(-12.5,23.,15.5000000000146));
#7352=CARTESIAN_POINT('',(-12.5,23.,15.5000000000146));
#7353=CARTESIAN_POINT('',(-12.5,1.,15.5000000000146));
#7354=CARTESIAN_POINT('Origin',(-12.5,1.,-5.50000000001455));
#7355=CARTESIAN_POINT('',(-12.5,23.,-5.50000000001455));
#7356=CARTESIAN_POINT('Origin',(10.5000000000146,1.,-8.5000000000291));
#7357=CARTESIAN_POINT('',(10.5000000000146,23.,-8.5000000000291));
#7358=CARTESIAN_POINT('',(10.5000000000146,23.,-8.5000000000291));
#7359=CARTESIAN_POINT('',(10.5000000000146,1.,-8.5000000000291));
#7360=CARTESIAN_POINT('Origin',(10.5000000000146,1.,15.5000000000146));
#7361=CARTESIAN_POINT('',(10.5000000000146,23.,15.5000000000146));
#7362=CARTESIAN_POINT('Origin',(2.22044604925031E-15,23.,-1.99999999998544));
#7363=CARTESIAN_POINT('Origin',(3.00000000001455,3.5,34.));
#7364=CARTESIAN_POINT('',(6.99999999998545,3.5,33.5));
#7365=CARTESIAN_POINT('',(3.00000000001455,3.5,33.5));
#7366=CARTESIAN_POINT('',(3.00000000001455,3.5,33.5));
#7367=CARTESIAN_POINT('',(3.00000000001455,3.5,30.));
#7368=CARTESIAN_POINT('',(3.00000000001455,3.5,34.));
#7369=CARTESIAN_POINT('',(6.99999999998545,3.5,30.));
#7370=CARTESIAN_POINT('',(6.99999999998545,3.5,30.));
#7371=CARTESIAN_POINT('',(6.99999999998545,3.5,34.));
#7372=CARTESIAN_POINT('Origin',(6.99999999998545,1.50000000001455,34.));
#7373=CARTESIAN_POINT('',(6.99999999998545,1.50000000001455,34.));
#7374=CARTESIAN_POINT('',(3.00000000001455,1.50000000001455,34.));
#7375=CARTESIAN_POINT('',(-0.250000000007273,1.50000000001455,34.));
#7376=CARTESIAN_POINT('',(6.99999999998545,1.50000000001455,30.));
#7377=CARTESIAN_POINT('',(6.99999999998545,1.50000000001455,34.));
#7378=CARTESIAN_POINT('',(3.00000000001455,1.50000000001455,30.));
#7379=CARTESIAN_POINT('',(3.00000000001455,1.50000000001455,30.));
#7380=CARTESIAN_POINT('',(3.00000000001455,1.50000000001455,34.));
#7381=CARTESIAN_POINT('Origin',(5.,2.50000000000728,30.));
#7382=CARTESIAN_POINT('',(6.99999999998545,1.50000000001455,30.));
#7383=CARTESIAN_POINT('',(3.00000000001455,5.49999999998545,30.));
#7384=CARTESIAN_POINT('Origin',(-1.99999999998545,3.5,34.));
#7385=CARTESIAN_POINT('',(1.99999999998545,3.5,33.5));
#7386=CARTESIAN_POINT('',(-1.99999999998545,3.5,33.5));
#7387=CARTESIAN_POINT('',(-1.99999999998545,3.5,33.5));
#7388=CARTESIAN_POINT('',(-1.99999999998545,3.5,30.));
#7389=CARTESIAN_POINT('',(-1.99999999998545,3.5,34.));
#7390=CARTESIAN_POINT('',(1.99999999998545,3.5,30.));
#7391=CARTESIAN_POINT('',(1.99999999998545,3.5,30.));
#7392=CARTESIAN_POINT('',(1.99999999998545,3.5,34.));
#7393=CARTESIAN_POINT('Origin',(1.99999999998545,1.50000000001455,34.));
#7394=CARTESIAN_POINT('',(1.99999999998545,1.50000000001455,34.));
#7395=CARTESIAN_POINT('',(-1.99999999998545,1.50000000001455,34.));
#7396=CARTESIAN_POINT('',(-2.75000000000727,1.50000000001455,34.));
#7397=CARTESIAN_POINT('',(1.99999999998545,1.50000000001455,30.));
#7398=CARTESIAN_POINT('',(1.99999999998545,1.50000000001455,34.));
#7399=CARTESIAN_POINT('',(-1.99999999998545,1.50000000001455,30.));
#7400=CARTESIAN_POINT('',(-1.99999999998545,1.50000000001455,30.));
#7401=CARTESIAN_POINT('',(-1.99999999998545,1.50000000001455,34.));
#7402=CARTESIAN_POINT('Origin',(2.22044604925031E-15,2.50000000000728,30.));
#7403=CARTESIAN_POINT('',(1.99999999998545,1.50000000001455,30.));
#7404=CARTESIAN_POINT('',(-1.99999999998545,5.49999999998545,30.));
#7405=CARTESIAN_POINT('Origin',(-6.99999999998545,3.5,34.));
#7406=CARTESIAN_POINT('',(-3.00000000001455,3.5,33.5));
#7407=CARTESIAN_POINT('',(-6.99999999998545,3.5,33.5));
#7408=CARTESIAN_POINT('',(-6.99999999998545,3.5,33.5));
#7409=CARTESIAN_POINT('',(-6.99999999998545,3.5,30.));
#7410=CARTESIAN_POINT('',(-6.99999999998545,3.5,34.));
#7411=CARTESIAN_POINT('',(-3.00000000001455,3.5,30.));
#7412=CARTESIAN_POINT('',(-3.00000000001455,3.5,30.));
#7413=CARTESIAN_POINT('',(-3.00000000001455,3.5,34.));
#7414=CARTESIAN_POINT('Origin',(-3.00000000001455,1.50000000001455,34.));
#7415=CARTESIAN_POINT('',(-3.00000000001455,1.50000000001455,34.));
#7416=CARTESIAN_POINT('',(-6.99999999998545,1.50000000001455,34.));
#7417=CARTESIAN_POINT('',(-5.25000000000727,1.50000000001455,34.));
#7418=CARTESIAN_POINT('',(-3.00000000001455,1.50000000001455,30.));
#7419=CARTESIAN_POINT('',(-3.00000000001455,1.50000000001455,34.));
#7420=CARTESIAN_POINT('',(-6.99999999998545,1.50000000001455,30.));
#7421=CARTESIAN_POINT('',(-6.99999999998545,1.50000000001455,30.));
#7422=CARTESIAN_POINT('',(-6.99999999998545,1.50000000001455,34.));
#7423=CARTESIAN_POINT('Origin',(-5.,2.50000000000728,30.));
#7424=CARTESIAN_POINT('',(-3.00000000001455,1.50000000001455,30.));
#7425=CARTESIAN_POINT('',(-6.99999999998545,5.49999999998545,30.));
#7426=CARTESIAN_POINT('Origin',(-7.5,1.,34.));
#7427=CARTESIAN_POINT('',(7.5,6.,34.));
#7428=CARTESIAN_POINT('',(7.5,1.,34.));
#7429=CARTESIAN_POINT('',(-7.5,6.,34.));
#7430=CARTESIAN_POINT('',(-7.5,6.,34.));
#7431=CARTESIAN_POINT('',(-7.5,1.,34.));
#7432=CARTESIAN_POINT('',(-3.00000000001455,5.49999999998545,34.));
#7433=CARTESIAN_POINT('',(-3.00000000001455,2.25,34.));
#7434=CARTESIAN_POINT('',(-6.99999999998545,5.49999999998545,34.));
#7435=CARTESIAN_POINT('',(-6.99999999998545,1.25000000000728,34.));
#7436=CARTESIAN_POINT('',(-7.24999999999272,5.49999999998545,34.));
#7437=CARTESIAN_POINT('',(1.99999999998545,5.49999999998545,34.));
#7438=CARTESIAN_POINT('',(1.99999999998545,2.25,34.));
#7439=CARTESIAN_POINT('',(-1.99999999998545,5.49999999998545,34.));
#7440=CARTESIAN_POINT('',(-1.99999999998545,1.25000000000728,34.));
#7441=CARTESIAN_POINT('',(-4.74999999999272,5.49999999998545,34.));
#7442=CARTESIAN_POINT('',(6.99999999998545,5.49999999998545,34.));
#7443=CARTESIAN_POINT('',(6.99999999998545,2.25,34.));
#7444=CARTESIAN_POINT('',(3.00000000001455,5.49999999998545,34.));
#7445=CARTESIAN_POINT('',(3.00000000001455,1.25000000000728,34.));
#7446=CARTESIAN_POINT('',(-2.24999999999272,5.49999999998545,34.));
#7447=CARTESIAN_POINT('Origin',(6.99999999998545,5.49999999998545,34.));
#7448=CARTESIAN_POINT('',(6.99999999998545,5.49999999998545,33.5));
#7449=CARTESIAN_POINT('',(6.99999999998545,5.49999999998545,34.));
#7450=CARTESIAN_POINT('',(6.99999999998545,1.50000000001455,33.5));
#7451=CARTESIAN_POINT('Origin',(3.00000000001455,5.49999999998545,34.));
#7452=CARTESIAN_POINT('',(3.00000000001455,5.49999999998545,33.5));
#7453=CARTESIAN_POINT('',(3.00000000001455,5.49999999998545,34.));
#7454=CARTESIAN_POINT('',(6.99999999998545,5.49999999998545,33.5));
#7455=CARTESIAN_POINT('Origin',(3.00000000001455,3.5,34.));
#7456=CARTESIAN_POINT('',(3.00000000001455,5.49999999998545,33.5));
#7457=CARTESIAN_POINT('Origin',(5.,4.49999999999272,33.5));
#7458=CARTESIAN_POINT('Origin',(1.99999999998545,5.49999999998545,34.));
#7459=CARTESIAN_POINT('',(1.99999999998545,5.49999999998545,33.5));
#7460=CARTESIAN_POINT('',(1.99999999998545,5.49999999998545,34.));
#7461=CARTESIAN_POINT('',(1.99999999998545,1.50000000001455,33.5));
#7462=CARTESIAN_POINT('Origin',(-1.99999999998545,5.49999999998545,34.));
#7463=CARTESIAN_POINT('',(-1.99999999998545,5.49999999998545,33.5));
#7464=CARTESIAN_POINT('',(-1.99999999998545,5.49999999998545,34.));
#7465=CARTESIAN_POINT('',(1.99999999998545,5.49999999998545,33.5));
#7466=CARTESIAN_POINT('Origin',(-1.99999999998545,3.5,34.));
#7467=CARTESIAN_POINT('',(-1.99999999998545,5.49999999998545,33.5));
#7468=CARTESIAN_POINT('Origin',(2.22044604925031E-15,4.49999999999272,33.5));
#7469=CARTESIAN_POINT('Origin',(-3.00000000001455,5.49999999998545,34.));
#7470=CARTESIAN_POINT('',(-3.00000000001455,5.49999999998545,33.5));
#7471=CARTESIAN_POINT('',(-3.00000000001455,5.49999999998545,34.));
#7472=CARTESIAN_POINT('',(-3.00000000001455,1.50000000001455,33.5));
#7473=CARTESIAN_POINT('Origin',(-6.99999999998545,5.49999999998545,34.));
#7474=CARTESIAN_POINT('',(-6.99999999998545,5.49999999998545,33.5));
#7475=CARTESIAN_POINT('',(-6.99999999998545,5.49999999998545,34.));
#7476=CARTESIAN_POINT('',(-3.00000000001455,5.49999999998545,33.5));
#7477=CARTESIAN_POINT('Origin',(-6.99999999998545,3.5,34.));
#7478=CARTESIAN_POINT('',(-6.99999999998545,5.49999999998545,33.5));
#7479=CARTESIAN_POINT('Origin',(-5.,4.49999999999272,33.5));
#7480=CARTESIAN_POINT('Origin',(5.05396626028818,15.,28.193923443689));
#7481=CARTESIAN_POINT('',(2.86458434959374,15.,28.443923443689));
#7482=CARTESIAN_POINT('',(2.85,15.,28.193923443689));
#7483=CARTESIAN_POINT('Origin',(5.,15.,28.193923443689));
#7484=CARTESIAN_POINT('',(2.80688552526758,15.,28.443923443689));
#7485=CARTESIAN_POINT('',(2.80688552526758,15.,28.443923443689));
#7486=CARTESIAN_POINT('',(2.80688552526758,15.,27.943923443689));
#7487=CARTESIAN_POINT('',(2.80688552526758,15.,27.943923443689));
#7488=CARTESIAN_POINT('',(2.86458434959374,15.,27.943923443689));
#7489=CARTESIAN_POINT('',(7.30104699530879,15.,27.943923443689));
#7490=CARTESIAN_POINT('Origin',(5.,15.,28.193923443689));
#7491=CARTESIAN_POINT('Origin',(5.05396626028818,15.,28.193923443689));
#7492=CARTESIAN_POINT('',(7.13541565040626,15.,27.943923443689));
#7493=CARTESIAN_POINT('',(7.13541565040626,15.,28.443923443689));
#7494=CARTESIAN_POINT('Origin',(5.,15.,28.193923443689));
#7495=CARTESIAN_POINT('',(7.30104699530879,15.,27.943923443689));
#7496=CARTESIAN_POINT('',(7.30104699530879,15.,27.943923443689));
#7497=CARTESIAN_POINT('',(7.30104699530879,15.,28.443923443689));
#7498=CARTESIAN_POINT('',(7.30104699530879,15.,28.443923443689));
#7499=CARTESIAN_POINT('',(2.80688552526758,15.,28.443923443689));
#7500=CARTESIAN_POINT('Origin',(7.30104699530879,15.,27.943923443689));
#7501=CARTESIAN_POINT('',(7.30104699530879,14.5,27.943923443689));
#7502=CARTESIAN_POINT('',(7.30104699530879,15.,27.943923443689));
#7503=CARTESIAN_POINT('',(7.30104699530879,14.5,28.443923443689));
#7504=CARTESIAN_POINT('',(7.30104699530879,14.5,28.443923443689));
#7505=CARTESIAN_POINT('',(7.30104699530879,15.,28.443923443689));
#7506=CARTESIAN_POINT('Origin',(2.80688552526758,15.,27.943923443689));
#7507=CARTESIAN_POINT('',(3.90344276263379,15.,27.943923443689));
#7508=CARTESIAN_POINT('',(2.80688552526758,14.5,27.943923443689));
#7509=CARTESIAN_POINT('',(2.80688552526758,15.,27.943923443689));
#7510=CARTESIAN_POINT('',(7.30104699530879,14.5,27.943923443689));
#7511=CARTESIAN_POINT('Origin',(2.80688552526758,15.,28.443923443689));
#7512=CARTESIAN_POINT('',(2.80688552526758,14.5,28.443923443689));
#7513=CARTESIAN_POINT('',(2.80688552526758,15.,28.443923443689));
#7514=CARTESIAN_POINT('',(2.80688552526758,14.5,27.943923443689));
#7515=CARTESIAN_POINT('Origin',(7.30104699530879,15.,28.443923443689));
#7516=CARTESIAN_POINT('',(6.1505234976544,15.,28.443923443689));
#7517=CARTESIAN_POINT('',(2.80688552526758,14.5,28.443923443689));
#7518=CARTESIAN_POINT('Origin',(5.05396626028818,14.5,28.193923443689));
#7519=CARTESIAN_POINT('Origin',(-2.13932248578182E-62,15.,28.193923443689));
#7520=CARTESIAN_POINT('',(-2.13541565040626,15.,28.443923443689));
#7521=CARTESIAN_POINT('',(-2.15,15.,28.193923443689));
#7522=CARTESIAN_POINT('Origin',(2.22044604925031E-15,15.,28.193923443689));
#7523=CARTESIAN_POINT('',(-2.29163134398896,15.,28.443923443689));
#7524=CARTESIAN_POINT('',(-2.29163134398896,15.,28.443923443689));
#7525=CARTESIAN_POINT('',(-2.29163134398896,15.,27.943923443689));
#7526=CARTESIAN_POINT('',(-2.29163134398896,15.,27.943923443689));
#7527=CARTESIAN_POINT('',(-2.13541565040626,15.,27.943923443689));
#7528=CARTESIAN_POINT('',(2.29163134398896,15.,27.943923443689));
#7529=CARTESIAN_POINT('Origin',(2.22044604925031E-15,15.,28.193923443689));
#7530=CARTESIAN_POINT('Origin',(-2.13932248578182E-62,15.,28.193923443689));
#7531=CARTESIAN_POINT('',(2.13541565040626,15.,27.943923443689));
#7532=CARTESIAN_POINT('',(2.13541565040626,15.,28.443923443689));
#7533=CARTESIAN_POINT('Origin',(2.22044604925031E-15,15.,28.193923443689));
#7534=CARTESIAN_POINT('',(2.29163134398896,15.,27.943923443689));
#7535=CARTESIAN_POINT('',(2.29163134398896,15.,27.943923443689));
#7536=CARTESIAN_POINT('',(2.29163134398896,15.,28.443923443689));
#7537=CARTESIAN_POINT('',(2.29163134398896,15.,28.443923443689));
#7538=CARTESIAN_POINT('',(-2.29163134398896,15.,28.443923443689));
#7539=CARTESIAN_POINT('Origin',(2.29163134398896,15.,27.943923443689));
#7540=CARTESIAN_POINT('',(2.29163134398896,14.5,27.943923443689));
#7541=CARTESIAN_POINT('',(2.29163134398896,15.,27.943923443689));
#7542=CARTESIAN_POINT('',(2.29163134398896,14.5,28.443923443689));
#7543=CARTESIAN_POINT('',(2.29163134398896,14.5,28.443923443689));
#7544=CARTESIAN_POINT('',(2.29163134398896,15.,28.443923443689));
#7545=CARTESIAN_POINT('Origin',(-2.29163134398896,15.,27.943923443689));
#7546=CARTESIAN_POINT('',(-1.14581567199448,15.,27.943923443689));
#7547=CARTESIAN_POINT('',(-2.29163134398896,14.5,27.943923443689));
#7548=CARTESIAN_POINT('',(-2.29163134398896,15.,27.943923443689));
#7549=CARTESIAN_POINT('',(2.29163134398896,14.5,27.943923443689));
#7550=CARTESIAN_POINT('Origin',(-2.29163134398896,15.,28.443923443689));
#7551=CARTESIAN_POINT('',(-2.29163134398896,14.5,28.443923443689));
#7552=CARTESIAN_POINT('',(-2.29163134398896,15.,28.443923443689));
#7553=CARTESIAN_POINT('',(-2.29163134398896,14.5,27.943923443689));
#7554=CARTESIAN_POINT('Origin',(2.29163134398896,15.,28.443923443689));
#7555=CARTESIAN_POINT('',(1.14581567199448,15.,28.443923443689));
#7556=CARTESIAN_POINT('',(-2.29163134398896,14.5,28.443923443689));
#7557=CARTESIAN_POINT('Origin',(0.,14.5,28.193923443689));
#7558=CARTESIAN_POINT('Origin',(-5.,15.,28.193923443689));
#7559=CARTESIAN_POINT('',(-7.13541565040626,15.,28.443923443689));
#7560=CARTESIAN_POINT('',(-7.15,15.,28.193923443689));
#7561=CARTESIAN_POINT('Origin',(-5.,15.,28.193923443689));
#7562=CARTESIAN_POINT('',(-7.3015239784,15.,28.443923443689));
#7563=CARTESIAN_POINT('',(-7.3015239784,15.,28.443923443689));
#7564=CARTESIAN_POINT('',(-7.3015239784,15.,27.943923443689));
#7565=CARTESIAN_POINT('',(-7.3015239784,15.,27.943923443689));
#7566=CARTESIAN_POINT('',(-7.13541565040626,15.,27.943923443689));
#7567=CARTESIAN_POINT('',(-2.6984760216,15.,27.943923443689));
#7568=CARTESIAN_POINT('Origin',(-5.,15.,28.193923443689));
#7569=CARTESIAN_POINT('Origin',(-5.,15.,28.193923443689));
#7570=CARTESIAN_POINT('',(-2.86458434959374,15.,27.943923443689));
#7571=CARTESIAN_POINT('',(-2.86458434959374,15.,28.443923443689));
#7572=CARTESIAN_POINT('Origin',(-5.,15.,28.193923443689));
#7573=CARTESIAN_POINT('',(-2.6984760216,15.,27.943923443689));
#7574=CARTESIAN_POINT('',(-2.6984760216,15.,27.943923443689));
#7575=CARTESIAN_POINT('',(-2.6984760216,15.,28.443923443689));
#7576=CARTESIAN_POINT('',(-2.6984760216,15.,28.443923443689));
#7577=CARTESIAN_POINT('',(-7.3015239784,15.,28.443923443689));
#7578=CARTESIAN_POINT('Origin',(-2.6984760216,15.,27.943923443689));
#7579=CARTESIAN_POINT('',(-2.6984760216,14.5,27.943923443689));
#7580=CARTESIAN_POINT('',(-2.6984760216,15.,27.943923443689));
#7581=CARTESIAN_POINT('',(-2.6984760216,14.5,28.443923443689));
#7582=CARTESIAN_POINT('',(-2.6984760216,14.5,28.443923443689));
#7583=CARTESIAN_POINT('',(-2.6984760216,15.,28.443923443689));
#7584=CARTESIAN_POINT('Origin',(-7.3015239784,15.,27.943923443689));
#7585=CARTESIAN_POINT('',(-6.1507619892,15.,27.943923443689));
#7586=CARTESIAN_POINT('',(-7.3015239784,14.5,27.943923443689));
#7587=CARTESIAN_POINT('',(-7.3015239784,15.,27.943923443689));
#7588=CARTESIAN_POINT('',(-2.6984760216,14.5,27.943923443689));
#7589=CARTESIAN_POINT('Origin',(-7.3015239784,15.,28.443923443689));
#7590=CARTESIAN_POINT('',(-7.3015239784,14.5,28.443923443689));
#7591=CARTESIAN_POINT('',(-7.3015239784,15.,28.443923443689));
#7592=CARTESIAN_POINT('',(-7.3015239784,14.5,27.943923443689));
#7593=CARTESIAN_POINT('Origin',(-2.6984760216,15.,28.443923443689));
#7594=CARTESIAN_POINT('',(-3.8492380108,15.,28.443923443689));
#7595=CARTESIAN_POINT('',(-7.3015239784,14.5,28.443923443689));
#7596=CARTESIAN_POINT('Origin',(-5.,14.5,28.193923443689));
#7597=CARTESIAN_POINT('Origin',(5.,15.,28.193923443689));
#7598=CARTESIAN_POINT('Origin',(5.,15.,28.193923443689));
#7599=CARTESIAN_POINT('Origin',(2.22044604925031E-15,15.,28.193923443689));
#7600=CARTESIAN_POINT('Origin',(2.22044604925031E-15,15.,28.193923443689));
#7601=CARTESIAN_POINT('Origin',(-5.,15.,28.193923443689));
#7602=CARTESIAN_POINT('Origin',(-5.,15.,28.193923443689));
#7603=CARTESIAN_POINT('Origin',(5.,16.,28.193923443689));
#7604=CARTESIAN_POINT('',(2.85,16.,28.193923443689));
#7605=CARTESIAN_POINT('Origin',(5.,16.,28.193923443689));
#7606=CARTESIAN_POINT('',(2.85,16.,28.193923443689));
#7607=CARTESIAN_POINT('Origin',(5.,15.,28.193923443689));
#7608=CARTESIAN_POINT('Origin',(5.,15.,28.193923443689));
#7609=CARTESIAN_POINT('Origin',(2.22044604925031E-15,16.,28.193923443689));
#7610=CARTESIAN_POINT('',(-2.15,16.,28.193923443689));
#7611=CARTESIAN_POINT('Origin',(2.22044604925031E-15,16.,28.193923443689));
#7612=CARTESIAN_POINT('',(-2.15,16.,28.193923443689));
#7613=CARTESIAN_POINT('Origin',(2.22044604925031E-15,15.,28.193923443689));
#7614=CARTESIAN_POINT('Origin',(2.22044604925031E-15,15.,28.193923443689));
#7615=CARTESIAN_POINT('Origin',(-5.,16.,28.193923443689));
#7616=CARTESIAN_POINT('',(-7.15,16.,28.193923443689));
#7617=CARTESIAN_POINT('Origin',(-5.,16.,28.193923443689));
#7618=CARTESIAN_POINT('',(-7.15,16.,28.193923443689));
#7619=CARTESIAN_POINT('Origin',(-5.,15.,28.193923443689));
#7620=CARTESIAN_POINT('Origin',(-5.,15.,28.193923443689));
#7621=CARTESIAN_POINT('Origin',(-13.95,9.,25.3926101979381));
#7622=CARTESIAN_POINT('',(-13.95,9.,25.8926101979381));
#7623=CARTESIAN_POINT('',(-13.95,9.,25.3926101979381));
#7624=CARTESIAN_POINT('',(-13.95,9.,25.4676101979381));
#7625=CARTESIAN_POINT('',(-13.95,12.,25.8926101979381));
#7626=CARTESIAN_POINT('',(-13.95,9.,25.8926101979381));
#7627=CARTESIAN_POINT('',(-13.95,12.,25.3926101979381));
#7628=CARTESIAN_POINT('',(-13.95,12.,25.3926101979381));
#7629=CARTESIAN_POINT('',(-13.95,9.,25.3926101979381));
#7630=CARTESIAN_POINT('Origin',(-13.45,9.,25.3926101979381));
#7631=CARTESIAN_POINT('',(-13.45,9.,25.3926101979381));
#7632=CARTESIAN_POINT('',(-13.575,9.,25.3926101979381));
#7633=CARTESIAN_POINT('',(-13.45,12.,25.3926101979381));
#7634=CARTESIAN_POINT('',(-13.45,12.,25.3926101979381));
#7635=CARTESIAN_POINT('',(-13.45,9.,25.3926101979381));
#7636=CARTESIAN_POINT('Origin',(-13.45,9.,25.8926101979381));
#7637=CARTESIAN_POINT('',(-13.45,9.,25.8926101979381));
#7638=CARTESIAN_POINT('',(-13.45,9.,25.7176101979381));
#7639=CARTESIAN_POINT('',(-13.45,12.,25.8926101979381));
#7640=CARTESIAN_POINT('',(-13.45,12.,25.8926101979381));
#7641=CARTESIAN_POINT('',(-13.45,9.,25.8926101979381));
#7642=CARTESIAN_POINT('Origin',(-13.95,9.,25.8926101979381));
#7643=CARTESIAN_POINT('',(-13.825,9.,25.8926101979381));
#7644=CARTESIAN_POINT('',(-13.95,12.,25.8926101979381));
#7645=CARTESIAN_POINT('Origin',(-13.7,12.,25.6426101979381));
#7646=CARTESIAN_POINT('Origin',(-13.95,9.,22.5926101979381));
#7647=CARTESIAN_POINT('',(-13.95,9.,23.0926101979381));
#7648=CARTESIAN_POINT('',(-13.95,9.,22.5926101979381));
#7649=CARTESIAN_POINT('',(-13.95,9.,22.7176101979381));
#7650=CARTESIAN_POINT('',(-13.95,12.,23.0926101979381));
#7651=CARTESIAN_POINT('',(-13.95,9.,23.0926101979381));
#7652=CARTESIAN_POINT('',(-13.95,12.,22.5926101979381));
#7653=CARTESIAN_POINT('',(-13.95,12.,22.5926101979381));
#7654=CARTESIAN_POINT('',(-13.95,9.,22.5926101979381));
#7655=CARTESIAN_POINT('Origin',(-13.45,9.,22.5926101979381));
#7656=CARTESIAN_POINT('',(-13.45,9.,22.5926101979381));
#7657=CARTESIAN_POINT('',(-13.575,9.,22.5926101979381));
#7658=CARTESIAN_POINT('',(-13.45,12.,22.5926101979381));
#7659=CARTESIAN_POINT('',(-13.45,12.,22.5926101979381));
#7660=CARTESIAN_POINT('',(-13.45,9.,22.5926101979381));
#7661=CARTESIAN_POINT('Origin',(-13.45,9.,23.0926101979381));
#7662=CARTESIAN_POINT('',(-13.45,9.,23.0926101979381));
#7663=CARTESIAN_POINT('',(-13.45,9.,22.9676101979381));
#7664=CARTESIAN_POINT('',(-13.45,12.,23.0926101979381));
#7665=CARTESIAN_POINT('',(-13.45,12.,23.0926101979381));
#7666=CARTESIAN_POINT('',(-13.45,9.,23.0926101979381));
#7667=CARTESIAN_POINT('Origin',(-13.95,9.,23.0926101979381));
#7668=CARTESIAN_POINT('',(-13.825,9.,23.0926101979381));
#7669=CARTESIAN_POINT('',(-13.95,12.,23.0926101979381));
#7670=CARTESIAN_POINT('Origin',(-13.7,12.,22.8426101979381));
#7671=CARTESIAN_POINT('Origin',(-13.95,9.,19.7926101979381));
#7672=CARTESIAN_POINT('',(-13.95,9.,20.2926101979381));
#7673=CARTESIAN_POINT('',(-13.95,9.,19.7926101979381));
#7674=CARTESIAN_POINT('',(-13.95,9.,19.9676101979381));
#7675=CARTESIAN_POINT('',(-13.95,12.,20.2926101979381));
#7676=CARTESIAN_POINT('',(-13.95,9.,20.2926101979381));
#7677=CARTESIAN_POINT('',(-13.95,12.,19.7926101979381));
#7678=CARTESIAN_POINT('',(-13.95,12.,19.7926101979381));
#7679=CARTESIAN_POINT('',(-13.95,9.,19.7926101979381));
#7680=CARTESIAN_POINT('Origin',(-13.45,9.,19.7926101979381));
#7681=CARTESIAN_POINT('',(-13.45,9.,19.7926101979381));
#7682=CARTESIAN_POINT('',(-13.575,9.,19.7926101979381));
#7683=CARTESIAN_POINT('',(-13.45,12.,19.7926101979381));
#7684=CARTESIAN_POINT('',(-13.45,12.,19.7926101979381));
#7685=CARTESIAN_POINT('',(-13.45,9.,19.7926101979381));
#7686=CARTESIAN_POINT('Origin',(-13.45,9.,20.2926101979381));
#7687=CARTESIAN_POINT('',(-13.45,9.,20.2926101979381));
#7688=CARTESIAN_POINT('',(-13.45,9.,20.2176101979381));
#7689=CARTESIAN_POINT('',(-13.45,12.,20.2926101979381));
#7690=CARTESIAN_POINT('',(-13.45,12.,20.2926101979381));
#7691=CARTESIAN_POINT('',(-13.45,9.,20.2926101979381));
#7692=CARTESIAN_POINT('Origin',(-13.95,9.,20.2926101979381));
#7693=CARTESIAN_POINT('',(-13.825,9.,20.2926101979381));
#7694=CARTESIAN_POINT('',(-13.95,12.,20.2926101979381));
#7695=CARTESIAN_POINT('Origin',(-13.7,12.,20.0426101979381));
#7696=CARTESIAN_POINT('Origin',(-15.,9.,20.7426101979381));
#7697=CARTESIAN_POINT('',(-15.,9.,20.7426101979381));
#7698=CARTESIAN_POINT('',(-14.4,9.,21.3426101979381));
#7699=CARTESIAN_POINT('',(-14.825,9.,20.9176101979381));
#7700=CARTESIAN_POINT('',(-15.,5.,20.7426101979381));
#7701=CARTESIAN_POINT('',(-14.4,5.,21.3426101979381));
#7702=CARTESIAN_POINT('Origin',(-15.,9.,23.5426101979381));
#7703=CARTESIAN_POINT('',(-15.,9.,23.5426101979381));
#7704=CARTESIAN_POINT('',(-14.4,9.,24.1426101979381));
#7705=CARTESIAN_POINT('',(-14.85,9.,23.6926101979381));
#7706=CARTESIAN_POINT('',(-15.,5.,23.5426101979381));
#7707=CARTESIAN_POINT('',(-14.4,5.,24.1426101979381));
#7708=CARTESIAN_POINT('Origin',(-14.4,9.,24.3426101979381));
#7709=CARTESIAN_POINT('',(-14.4,9.,24.3426101979381));
#7710=CARTESIAN_POINT('',(-15.,9.,24.9426101979381));
#7711=CARTESIAN_POINT('',(-14.525,9.,24.4676101979381));
#7712=CARTESIAN_POINT('',(-14.4,5.,24.3426101979381));
#7713=CARTESIAN_POINT('',(-15.,5.,24.9426101979381));
#7714=CARTESIAN_POINT('Origin',(-15.,9.,26.3426101979381));
#7715=CARTESIAN_POINT('',(-15.,9.,26.3426101979381));
#7716=CARTESIAN_POINT('',(-14.4,9.,26.9426101979381));
#7717=CARTESIAN_POINT('',(-14.875,9.,26.4676101979381));
#7718=CARTESIAN_POINT('',(-15.,5.,26.3426101979381));
#7719=CARTESIAN_POINT('',(-14.4,5.,26.9426101979381));
#7720=CARTESIAN_POINT('Origin',(-12.4,9.,22.1426101979381));
#7721=CARTESIAN_POINT('',(-12.4,9.,22.1426101979381));
#7722=CARTESIAN_POINT('',(-13.,9.,21.5426101979381));
#7723=CARTESIAN_POINT('',(-12.55,9.,21.9926101979381));
#7724=CARTESIAN_POINT('',(-12.4,5.,22.1426101979381));
#7725=CARTESIAN_POINT('',(-13.,5.,21.5426101979381));
#7726=CARTESIAN_POINT('Origin',(-12.4,9.,19.3426101979381));
#7727=CARTESIAN_POINT('',(-12.4,9.,19.3426101979381));
#7728=CARTESIAN_POINT('',(-13.,9.,18.7426101979381));
#7729=CARTESIAN_POINT('',(-12.525,9.,19.2176101979381));
#7730=CARTESIAN_POINT('',(-12.4,5.,19.3426101979381));
#7731=CARTESIAN_POINT('',(-13.,5.,18.7426101979381));
#7732=CARTESIAN_POINT('Origin',(-13.,9.,21.3426101979381));
#7733=CARTESIAN_POINT('',(-13.,9.,21.3426101979381));
#7734=CARTESIAN_POINT('',(-12.4,9.,20.7426101979381));
#7735=CARTESIAN_POINT('',(-12.875,9.,21.2176101979381));
#7736=CARTESIAN_POINT('',(-13.,5.,21.3426101979381));
#7737=CARTESIAN_POINT('',(-12.4,5.,20.7426101979381));
#7738=CARTESIAN_POINT('Origin',(-13.,9.,24.1426101979381));
#7739=CARTESIAN_POINT('',(-13.,9.,24.1426101979381));
#7740=CARTESIAN_POINT('',(-12.4,9.,23.5426101979381));
#7741=CARTESIAN_POINT('',(-12.85,9.,23.9926101979381));
#7742=CARTESIAN_POINT('',(-13.,5.,24.1426101979381));
#7743=CARTESIAN_POINT('',(-12.4,5.,23.5426101979381));
#7744=CARTESIAN_POINT('Origin',(-12.4,9.,24.9426101979381));
#7745=CARTESIAN_POINT('',(-12.4,9.,24.9426101979381));
#7746=CARTESIAN_POINT('',(-13.,9.,24.3426101979381));
#7747=CARTESIAN_POINT('',(-12.575,9.,24.7676101979381));
#7748=CARTESIAN_POINT('',(-12.4,5.,24.9426101979381));
#7749=CARTESIAN_POINT('',(-13.,5.,24.3426101979381));
#7750=CARTESIAN_POINT('Origin',(-13.,9.,26.9426101979381));
#7751=CARTESIAN_POINT('',(-13.,9.,26.9426101979381));
#7752=CARTESIAN_POINT('',(-12.4,9.,26.3426101979381));
#7753=CARTESIAN_POINT('',(-12.825,9.,26.7676101979381));
#7754=CARTESIAN_POINT('',(-13.,5.,26.9426101979381));
#7755=CARTESIAN_POINT('',(-12.4,5.,26.3426101979381));
#7756=CARTESIAN_POINT('Origin',(-14.4,9.,21.5426101979381));
#7757=CARTESIAN_POINT('',(-14.4,9.,21.5426101979381));
#7758=CARTESIAN_POINT('',(-15.,9.,22.1426101979381));
#7759=CARTESIAN_POINT('',(-14.55,9.,21.6926101979381));
#7760=CARTESIAN_POINT('',(-14.4,5.,21.5426101979381));
#7761=CARTESIAN_POINT('',(-15.,5.,22.1426101979381));
#7762=CARTESIAN_POINT('Origin',(-14.4,9.,18.7426101979381));
#7763=CARTESIAN_POINT('',(-14.4,9.,18.7426101979381));
#7764=CARTESIAN_POINT('',(-15.,9.,19.3426101979381));
#7765=CARTESIAN_POINT('',(-14.575,9.,18.9176101979381));
#7766=CARTESIAN_POINT('',(-14.4,5.,18.7426101979381));
#7767=CARTESIAN_POINT('',(-15.,5.,19.3426101979381));
#7768=CARTESIAN_POINT('Origin',(-15.,1.,24.1426101979381));
#7769=CARTESIAN_POINT('',(-15.,9.,24.1426101979381));
#7770=CARTESIAN_POINT('Origin',(-13.7,9.,25.5426101979381));
#7771=CARTESIAN_POINT('',(-15.,9.,18.7426101979381));
#7772=CARTESIAN_POINT('',(-15.,9.,26.9426101979381));
#7773=CARTESIAN_POINT('',(-12.4,9.,26.9426101979381));
#7774=CARTESIAN_POINT('',(-12.4,9.,24.3426101979381));
#7775=CARTESIAN_POINT('Origin',(-15.,1.,21.5426101979381));
#7776=CARTESIAN_POINT('',(-15.,9.,18.7426101979381));
#7777=CARTESIAN_POINT('Origin',(-15.,1.,18.7426101979381));
#7778=CARTESIAN_POINT('',(-15.,9.,18.7426101979381));
#7779=CARTESIAN_POINT('Origin',(-12.4,1.,18.7426101979381));
#7780=CARTESIAN_POINT('',(-12.4,9.,18.7426101979381));
#7781=CARTESIAN_POINT('Origin',(-12.4,1.,21.3426101979381));
#7782=CARTESIAN_POINT('',(-12.4,9.,26.9426101979381));
#7783=CARTESIAN_POINT('Origin',(-15.,1.,21.3426101979381));
#7784=CARTESIAN_POINT('',(-15.,9.,21.3426101979381));
#7785=CARTESIAN_POINT('Origin',(-13.7,9.,20.1426101979381));
#7786=CARTESIAN_POINT('Origin',(-12.4,1.,21.5426101979381));
#7787=CARTESIAN_POINT('',(-12.4,9.,21.5426101979381));
#7788=CARTESIAN_POINT('Origin',(-12.4,1.,24.1426101979381));
#7789=CARTESIAN_POINT('',(-12.4,9.,26.9426101979381));
#7790=CARTESIAN_POINT('Origin',(-13.7,9.,22.8426101979381));
#7791=CARTESIAN_POINT('Origin',(-15.,1.,26.9426101979381));
#7792=CARTESIAN_POINT('Origin',(-15.,1.,24.3426101979381));
#7793=CARTESIAN_POINT('Origin',(-12.4,1.,24.3426101979381));
#7794=CARTESIAN_POINT('Origin',(-12.4,1.,26.9426101979381));
#7795=CARTESIAN_POINT('Origin',(12.,8.5,20.));
#7796=CARTESIAN_POINT('',(9.50000000000001,8.5,20.));
#7797=CARTESIAN_POINT('',(12.,8.5,22.5));
#7798=CARTESIAN_POINT('Origin',(12.,8.5,20.));
#7799=CARTESIAN_POINT('',(12.,11.,20.));
#7800=CARTESIAN_POINT('Origin',(12.,8.5,20.));
#7801=CARTESIAN_POINT('Origin',(12.,8.5,20.));
#7802=CARTESIAN_POINT('Origin',(12.,1.,20.));
#7803=CARTESIAN_POINT('',(9.50000000000001,2.,20.));
#7804=CARTESIAN_POINT('',(9.50000000000001,1.,20.));
#7805=CARTESIAN_POINT('Origin',(12.,2.,20.));
#7806=CARTESIAN_POINT('Origin',(12.,1.,20.));
#7807=CARTESIAN_POINT('',(9.00000000000001,2.,20.));
#7808=CARTESIAN_POINT('Origin',(12.,2.,20.));
#7809=CARTESIAN_POINT('',(9.00000000000001,1.,20.));
#7810=CARTESIAN_POINT('Origin',(12.,2.,20.));
#7811=CARTESIAN_POINT('Origin',(1.94289029309402E-15,16.,28.193923443689));
#7812=CARTESIAN_POINT('',(-7.5,16.,24.5981975058171));
#7813=CARTESIAN_POINT('',(7.5,16.,24.5981975058171));
#7814=CARTESIAN_POINT('',(-7.5,16.,24.5981975058171));
#7815=CARTESIAN_POINT('',(-7.5,16.,31.7896493815608));
#7816=CARTESIAN_POINT('',(-7.5,16.,31.7896493815608));
#7817=CARTESIAN_POINT('',(7.5,16.,31.7896493815608));
#7818=CARTESIAN_POINT('',(7.5,16.,31.7896493815608));
#7819=CARTESIAN_POINT('',(7.5,16.,24.5981975058171));
#7820=CARTESIAN_POINT('Origin',(-7.5,16.,24.5981975058171));
#7821=CARTESIAN_POINT('',(7.5,6.,23.23));
#7822=CARTESIAN_POINT('',(7.5,16.,24.5981975058171));
#7823=CARTESIAN_POINT('',(-7.5,6.,23.23));
#7824=CARTESIAN_POINT('',(7.5,6.,23.23));
#7825=CARTESIAN_POINT('',(-7.5,16.,24.5981975058171));
#7826=CARTESIAN_POINT('Origin',(7.5,16.,31.7896493815608));
#7827=CARTESIAN_POINT('',(-7.5,6.,33.23));
#7828=CARTESIAN_POINT('',(-7.5,16.,31.7896493815608));
#7829=CARTESIAN_POINT('',(7.5,6.,33.23));
#7830=CARTESIAN_POINT('',(3.75,6.,33.23));
#7831=CARTESIAN_POINT('',(7.5,16.,31.7896493815608));
#7832=CARTESIAN_POINT('Origin',(2.22044604925031E-15,6.,28.615));
#7833=CARTESIAN_POINT('',(-7.5,6.,23.23));
#7834=CARTESIAN_POINT('',(7.5,6.,34.));
#7835=CARTESIAN_POINT('Origin',(-7.5,1.,23.23));
#7836=CARTESIAN_POINT('',(-7.5,1.,23.23));
#7837=CARTESIAN_POINT('Origin',(7.5,1.,23.23));
#7838=CARTESIAN_POINT('',(7.5,1.,23.23));
#7839=CARTESIAN_POINT('Origin',(7.5,1.,34.));
#7840=CARTESIAN_POINT('Origin',(-18.,0.,34.));
#7841=CARTESIAN_POINT('',(-19.55,0.,34.));
#7842=CARTESIAN_POINT('',(-19.55,0.,34.));
#7843=CARTESIAN_POINT('Origin',(-18.,0.,34.));
#7844=CARTESIAN_POINT('Origin',(18.,0.,34.));
#7845=CARTESIAN_POINT('',(16.45,0.,34.));
#7846=CARTESIAN_POINT('',(16.45,0.,34.));
#7847=CARTESIAN_POINT('Origin',(18.,0.,34.));
#7848=CARTESIAN_POINT('Origin',(-18.,0.,-34.));
#7849=CARTESIAN_POINT('',(-19.55,0.,-34.));
#7850=CARTESIAN_POINT('',(-19.55,0.,-34.));
#7851=CARTESIAN_POINT('Origin',(-18.,0.,-34.));
#7852=CARTESIAN_POINT('Origin',(18.,0.,-34.));
#7853=CARTESIAN_POINT('',(16.45,0.,-34.));
#7854=CARTESIAN_POINT('',(16.45,0.,-34.));
#7855=CARTESIAN_POINT('Origin',(18.,0.,-34.));
#7856=CARTESIAN_POINT('Origin',(-18.,0.,36.));
#7857=CARTESIAN_POINT('',(-18.,0.,36.));
#7858=CARTESIAN_POINT('',(18.,0.,36.));
#7859=CARTESIAN_POINT('',(-18.,0.,36.));
#7860=CARTESIAN_POINT('',(18.,0.,36.));
#7861=CARTESIAN_POINT('',(-18.,0.,36.));
#7862=CARTESIAN_POINT('Origin',(-18.,0.,34.));
#7863=CARTESIAN_POINT('',(-20.,0.,34.));
#7864=CARTESIAN_POINT('Origin',(-18.,0.,34.));
#7865=CARTESIAN_POINT('',(-20.,0.,34.));
#7866=CARTESIAN_POINT('Origin',(-20.,0.,-34.));
#7867=CARTESIAN_POINT('',(-20.,0.,-34.));
#7868=CARTESIAN_POINT('',(-20.,0.,-34.));
#7869=CARTESIAN_POINT('',(-20.,0.,-34.));
#7870=CARTESIAN_POINT('Origin',(-18.,0.,-34.));
#7871=CARTESIAN_POINT('',(-18.,0.,-36.));
#7872=CARTESIAN_POINT('Origin',(-18.,0.,-34.));
#7873=CARTESIAN_POINT('',(-18.,0.,-36.));
#7874=CARTESIAN_POINT('Origin',(18.,0.,-36.));
#7875=CARTESIAN_POINT('',(18.,0.,-36.));
#7876=CARTESIAN_POINT('',(18.,0.,-36.));
#7877=CARTESIAN_POINT('',(18.,0.,-36.));
#7878=CARTESIAN_POINT('Origin',(18.,0.,-34.));
#7879=CARTESIAN_POINT('',(20.,0.,-34.));
#7880=CARTESIAN_POINT('Origin',(18.,0.,-34.));
#7881=CARTESIAN_POINT('',(20.,0.,-34.));
#7882=CARTESIAN_POINT('Origin',(20.,0.,34.));
#7883=CARTESIAN_POINT('',(20.,0.,34.));
#7884=CARTESIAN_POINT('',(20.,0.,34.));
#7885=CARTESIAN_POINT('',(20.,0.,34.));
#7886=CARTESIAN_POINT('Origin',(18.,0.,34.));
#7887=CARTESIAN_POINT('Origin',(18.,0.,34.));
#7888=CARTESIAN_POINT('Origin',(0.,0.,2.22044604925031E-15));
#7889=UNCERTAINTY_MEASURE_WITH_UNIT(LENGTH_MEASURE(0.01),#7893,
'DISTANCE_ACCURACY_VALUE',
'Maximum model space distance between geometric entities at asserted c
onnectivities');
#7890=UNCERTAINTY_MEASURE_WITH_UNIT(LENGTH_MEASURE(0.01),#7893,
'DISTANCE_ACCURACY_VALUE',
'Maximum model space distance between geometric entities at asserted c
onnectivities');
#7891=(
GEOMETRIC_REPRESENTATION_CONTEXT(3)
GLOBAL_UNCERTAINTY_ASSIGNED_CONTEXT((#7889))
GLOBAL_UNIT_ASSIGNED_CONTEXT((#7893,#7895,#7896))
REPRESENTATION_CONTEXT('','3D')
);
#7892=(
GEOMETRIC_REPRESENTATION_CONTEXT(3)
GLOBAL_UNCERTAINTY_ASSIGNED_CONTEXT((#7890))
GLOBAL_UNIT_ASSIGNED_CONTEXT((#7893,#7895,#7896))
REPRESENTATION_CONTEXT('','3D')
);
#7893=(
LENGTH_UNIT()
NAMED_UNIT(*)
SI_UNIT(.MILLI.,.METRE.)
);
#7894=(
LENGTH_UNIT()
NAMED_UNIT(*)
SI_UNIT(.CENTI.,.METRE.)
);
#7895=(
NAMED_UNIT(*)
PLANE_ANGLE_UNIT()
SI_UNIT($,.RADIAN.)
);
#7896=(
NAMED_UNIT(*)
SI_UNIT($,.STERADIAN.)
SOLID_ANGLE_UNIT()
);
#7897=SHAPE_DEFINITION_REPRESENTATION(#7898,#7899);
#7898=PRODUCT_DEFINITION_SHAPE('',$,#7901);
#7899=SHAPE_REPRESENTATION('',(#4836),#7891);
#7900=PRODUCT_DEFINITION_CONTEXT('part definition',#7905,'design');
#7901=PRODUCT_DEFINITION('relay','relay',#7902,#7900);
#7902=PRODUCT_DEFINITION_FORMATION('',$,#7907);
#7903=PRODUCT_RELATED_PRODUCT_CATEGORY('relay','relay',(#7907));
#7904=APPLICATION_PROTOCOL_DEFINITION('international standard',
'automotive_design',2009,#7905);
#7905=APPLICATION_CONTEXT(
'Core Data for Automotive Mechanical Design Process');
#7906=PRODUCT_CONTEXT('part definition',#7905,'mechanical');
#7907=PRODUCT('relay','relay',$,(#7906));
#7908=PRESENTATION_STYLE_ASSIGNMENT((#7915));
#7909=PRESENTATION_STYLE_ASSIGNMENT((#7916));
#7910=PRESENTATION_STYLE_ASSIGNMENT((#7917));
#7911=PRESENTATION_STYLE_ASSIGNMENT((#7918));
#7912=PRESENTATION_STYLE_ASSIGNMENT((#7919));
#7913=PRESENTATION_STYLE_ASSIGNMENT((#7920));
#7914=PRESENTATION_STYLE_ASSIGNMENT((#7921));
#7915=SURFACE_STYLE_USAGE(.BOTH.,#7936);
#7916=SURFACE_STYLE_USAGE(.BOTH.,#7937);
#7917=SURFACE_STYLE_USAGE(.BOTH.,#7938);
#7918=SURFACE_STYLE_USAGE(.BOTH.,#7939);
#7919=SURFACE_STYLE_USAGE(.BOTH.,#7940);
#7920=SURFACE_STYLE_USAGE(.BOTH.,#7941);
#7921=SURFACE_STYLE_USAGE(.BOTH.,#7942);
#7922=SURFACE_STYLE_RENDERING_WITH_PROPERTIES($,#7964,(#7929));
#7923=SURFACE_STYLE_RENDERING_WITH_PROPERTIES($,#7965,(#7930));
#7924=SURFACE_STYLE_RENDERING_WITH_PROPERTIES($,#7966,(#7931));
#7925=SURFACE_STYLE_RENDERING_WITH_PROPERTIES($,#7967,(#7932));
#7926=SURFACE_STYLE_RENDERING_WITH_PROPERTIES($,#7968,(#7933));
#7927=SURFACE_STYLE_RENDERING_WITH_PROPERTIES($,#7969,(#7934));
#7928=SURFACE_STYLE_RENDERING_WITH_PROPERTIES($,#7970,(#7935));
#7929=SURFACE_STYLE_TRANSPARENT(0.);
#7930=SURFACE_STYLE_TRANSPARENT(0.);
#7931=SURFACE_STYLE_TRANSPARENT(0.);
#7932=SURFACE_STYLE_TRANSPARENT(0.);
#7933=SURFACE_STYLE_TRANSPARENT(0.);
#7934=SURFACE_STYLE_TRANSPARENT(0.);
#7935=SURFACE_STYLE_TRANSPARENT(0.);
#7936=SURFACE_SIDE_STYLE('',(#7943,#7922));
#7937=SURFACE_SIDE_STYLE('',(#7944,#7923));
#7938=SURFACE_SIDE_STYLE('',(#7945,#7924));
#7939=SURFACE_SIDE_STYLE('',(#7946,#7925));
#7940=SURFACE_SIDE_STYLE('',(#7947,#7926));
#7941=SURFACE_SIDE_STYLE('',(#7948,#7927));
#7942=SURFACE_SIDE_STYLE('',(#7949,#7928));
#7943=SURFACE_STYLE_FILL_AREA(#7950);
#7944=SURFACE_STYLE_FILL_AREA(#7951);
#7945=SURFACE_STYLE_FILL_AREA(#7952);
#7946=SURFACE_STYLE_FILL_AREA(#7953);
#7947=SURFACE_STYLE_FILL_AREA(#7954);
#7948=SURFACE_STYLE_FILL_AREA(#7955);
#7949=SURFACE_STYLE_FILL_AREA(#7956);
#7950=FILL_AREA_STYLE('',(#7957));
#7951=FILL_AREA_STYLE('',(#7958));
#7952=FILL_AREA_STYLE('',(#7959));
#7953=FILL_AREA_STYLE('',(#7960));
#7954=FILL_AREA_STYLE('',(#7961));
#7955=FILL_AREA_STYLE('',(#7962));
#7956=FILL_AREA_STYLE('',(#7963));
#7957=FILL_AREA_STYLE_COLOUR('',#7964);
#7958=FILL_AREA_STYLE_COLOUR('',#7965);
#7959=FILL_AREA_STYLE_COLOUR('',#7966);
#7960=FILL_AREA_STYLE_COLOUR('',#7967);
#7961=FILL_AREA_STYLE_COLOUR('',#7968);
#7962=FILL_AREA_STYLE_COLOUR('',#7969);
#7963=FILL_AREA_STYLE_COLOUR('',#7970);
#7964=COLOUR_RGB('',0.749019607843137,0.749019607843137,0.749019607843137);
#7965=COLOUR_RGB('',1.,0.996078431372549,0.964705882352941);
#7966=COLOUR_RGB('',0.0196078431372549,0.0196078431372549,0.0196078431372549);
#7967=COLOUR_RGB('',0.0509803921568627,0.615686274509804,0.0509803921568627);
#7968=COLOUR_RGB('',0.188235294117647,0.529411764705882,0.890196078431372);
#7969=COLOUR_RGB('',0.129411764705882,0.541176470588235,0.129411764705882);
#7970=COLOUR_RGB('',0.898039215686275,0.12156862745098,0.12156862745098);
ENDSEC;
END-ISO-10303-21;
