ISO-10303-21;
HEADER;
/* Generated by software containing ST-Developer
 * from STEP Tools, Inc. (www.steptools.com) 
 */

FILE_DESCRIPTION(
/* description */ (''),
/* implementation_level */ '2;1');

FILE_NAME(
/* name */ 'Tekerlek v7.step',
/* time_stamp */ '2023-11-11T09:57:57+03:00',
/* author */ (''),
/* organization */ (''),
/* preprocessor_version */ 'ST-DEVELOPER v20',
/* originating_system */ 'Autodesk Translation Framework v12.14.0.127',

/* authorisation */ '');

FILE_SCHEMA (('AUTOMOTIVE_DESIGN { 1 0 10303 214 3 1 1 }'));
ENDSEC;

DATA;
#10=MECHANICAL_DESIGN_GEOMETRIC_PRESENTATION_REPRESENTATION('',(#13),#5935);
#11=SHAPE_REPRESENTATION_RELATIONSHIP('SRR','None',#5942,#12);
#12=ADVANCED_BREP_SHAPE_REPRESENTATION('',(#14),#5934);
#13=STYLED_ITEM('',(#5952),#14);
#14=MANIFOLD_SOLID_BREP('G\X\F6vde1',#2721);
#15=FACE_BOUND('',#451,.T.);
#16=FACE_BOUND('',#452,.T.);
#17=FACE_BOUND('',#453,.T.);
#18=FACE_BOUND('',#454,.T.);
#19=FACE_BOUND('',#455,.T.);
#20=FACE_BOUND('',#456,.T.);
#21=FACE_BOUND('',#457,.T.);
#22=FACE_BOUND('',#458,.T.);
#23=FACE_BOUND('',#460,.T.);
#24=(
BOUNDED_SURFACE()
B_SPLINE_SURFACE(2,2,((#5856,#5857,#5858,#5859,#5860,#5861,#5862,#5863,
#5864),(#5865,#5866,#5867,#5868,#5869,#5870,#5871,#5872,#5873),(#5874,#5875,
#5876,#5877,#5878,#5879,#5880,#5881,#5882)),.UNSPECIFIED.,.F.,.F.,.F.)
B_SPLINE_SURFACE_WITH_KNOTS((3,3),(3,2,2,2,3),(-2.0943951023932,-1.0471975511966),
(-2.45251959461601,-1.226259797308,0.,1.226259797308,2.45251959461601),
 .UNSPECIFIED.)
GEOMETRIC_REPRESENTATION_ITEM()
RATIONAL_B_SPLINE_SURFACE(((1.,0.81785098893911,1.,0.81785098893911,1.,
0.81785098893911,1.,0.81785098893911,1.),(0.866025403784438,0.708279732931494,
0.866025403784438,0.708279732931494,0.866025403784438,0.708279732931494,
0.866025403784438,0.708279732931494,0.866025403784438),(1.,0.81785098893911,
1.,0.81785098893911,1.,0.81785098893911,1.,0.81785098893911,1.)))
REPRESENTATION_ITEM('')
SURFACE()
);
#25=CONICAL_SURFACE('',#2915,11.,1.0471975511966);
#26=CONICAL_SURFACE('',#2917,11.,1.0471975511966);
#27=CONICAL_SURFACE('',#2919,11.,1.0471975511966);
#28=CONICAL_SURFACE('',#2921,11.,1.0471975511966);
#29=CONICAL_SURFACE('',#2924,11.,1.0471975511966);
#30=CONICAL_SURFACE('',#2926,11.,1.0471975511966);
#31=CONICAL_SURFACE('',#2930,1.5,1.0471975511966);
#32=CONICAL_SURFACE('',#2931,11.,1.0471975511966);
#33=B_SPLINE_SURFACE_WITH_KNOTS('',3,3,((#4864,#4865,#4866,#4867,#4868),
(#4869,#4870,#4871,#4872,#4873),(#4874,#4875,#4876,#4877,#4878),(#4879,
#4880,#4881,#4882,#4883),(#4884,#4885,#4886,#4887,#4888)),.UNSPECIFIED.,
 .F.,.F.,.F.,(4,1,4),(4,1,4),(0.,0.571428571428571,1.),(0.917518100353119,
1.11230662441607,1.37202465650001),.UNSPECIFIED.);
#34=B_SPLINE_SURFACE_WITH_KNOTS('',3,3,((#4952,#4953,#4954,#4955),(#4956,
#4957,#4958,#4959),(#4960,#4961,#4962,#4963),(#4964,#4965,#4966,#4967),
(#4968,#4969,#4970,#4971)),.UNSPECIFIED.,.F.,.F.,.F.,(4,1,4),(4,4),(0.,
0.571428571428571,1.),(1.19454401571343,1.58589245154376),.UNSPECIFIED.);
#35=B_SPLINE_SURFACE_WITH_KNOTS('',3,3,((#5009,#5010,#5011,#5012,#5013,
#5014,#5015,#5016,#5017,#5018,#5019,#5020,#5021,#5022,#5023,#5024,#5025,
#5026,#5027,#5028,#5029,#5030,#5031,#5032,#5033,#5034,#5035,#5036,#5037,
#5038,#5039,#5040,#5041,#5042,#5043,#5044,#5045,#5046,#5047,#5048,#5049,
#5050,#5051,#5052,#5053,#5054,#5055,#5056,#5057,#5058,#5059,#5060,#5061,
#5062),(#5063,#5064,#5065,#5066,#5067,#5068,#5069,#5070,#5071,#5072,#5073,
#5074,#5075,#5076,#5077,#5078,#5079,#5080,#5081,#5082,#5083,#5084,#5085,
#5086,#5087,#5088,#5089,#5090,#5091,#5092,#5093,#5094,#5095,#5096,#5097,
#5098,#5099,#5100,#5101,#5102,#5103,#5104,#5105,#5106,#5107,#5108,#5109,
#5110,#5111,#5112,#5113,#5114,#5115,#5116),(#5117,#5118,#5119,#5120,#5121,
#5122,#5123,#5124,#5125,#5126,#5127,#5128,#5129,#5130,#5131,#5132,#5133,
#5134,#5135,#5136,#5137,#5138,#5139,#5140,#5141,#5142,#5143,#5144,#5145,
#5146,#5147,#5148,#5149,#5150,#5151,#5152,#5153,#5154,#5155,#5156,#5157,
#5158,#5159,#5160,#5161,#5162,#5163,#5164,#5165,#5166,#5167,#5168,#5169,
#5170),(#5171,#5172,#5173,#5174,#5175,#5176,#5177,#5178,#5179,#5180,#5181,
#5182,#5183,#5184,#5185,#5186,#5187,#5188,#5189,#5190,#5191,#5192,#5193,
#5194,#5195,#5196,#5197,#5198,#5199,#5200,#5201,#5202,#5203,#5204,#5205,
#5206,#5207,#5208,#5209,#5210,#5211,#5212,#5213,#5214,#5215,#5216,#5217,
#5218,#5219,#5220,#5221,#5222,#5223,#5224),(#5225,#5226,#5227,#5228,#5229,
#5230,#5231,#5232,#5233,#5234,#5235,#5236,#5237,#5238,#5239,#5240,#5241,
#5242,#5243,#5244,#5245,#5246,#5247,#5248,#5249,#5250,#5251,#5252,#5253,
#5254,#5255,#5256,#5257,#5258,#5259,#5260,#5261,#5262,#5263,#5264,#5265,
#5266,#5267,#5268,#5269,#5270,#5271,#5272,#5273,#5274,#5275,#5276,#5277,
#5278)),.UNSPECIFIED.,.F.,.F.,.F.,(4,1,4),(4,1,1,2,1,1,1,1,1,1,1,1,1,1,
1,1,1,1,1,1,1,1,1,1,1,1,1,1,1,1,1,1,1,1,1,1,1,1,1,1,1,1,1,1,1,1,1,2,1,4),
(0.,0.571428571428571,1.),(-0.364630875169212,-0.343021695542202,-0.332217105728697,
-0.310607926101687,-0.302842727949144,-0.295077529796602,-0.279547133491518,
-0.264016737186434,-0.248486340881349,-0.232955944576265,-0.217425548271181,
-0.201895151966096,-0.186364755661012,-0.170834359355928,-0.155303963050843,
-0.139773566745759,-0.124243170440675,-0.10871277413559,-0.093182377830506,
-0.0776519815254217,-0.0621215852203373,-0.0543563870677952,-0.046591188915253,
-0.0388259907627108,-0.0349433916864398,-0.0310607926101687,-0.0155303963050843,
-0.0145597465360166,-0.0135890967669488,-0.0116477972288133,-0.00970649769067771,
-0.00776519815254217,-0.00582389861440663,-0.00485324884533885,-0.00388259907627108,
-0.00291194930720331,-0.00194129953813554,-0.00145597465360166,-0.000970649769067771,
-0.000727987326800828,-0.000485324884533885,-0.000363993663400414,-0.000242662442266943,
-0.000121331221133471,-6.06656105667357E-5,-3.03328052833678E-5,-1.51664026416839E-5,
0.,0.0101833040939177,0.0254582602347944),.UNSPECIFIED.);
#36=B_SPLINE_SURFACE_WITH_KNOTS('',3,3,((#5328,#5329,#5330,#5331,#5332,
#5333,#5334,#5335,#5336,#5337,#5338,#5339,#5340,#5341,#5342,#5343,#5344,
#5345,#5346,#5347,#5348,#5349,#5350,#5351,#5352,#5353,#5354,#5355,#5356,
#5357,#5358,#5359),(#5360,#5361,#5362,#5363,#5364,#5365,#5366,#5367,#5368,
#5369,#5370,#5371,#5372,#5373,#5374,#5375,#5376,#5377,#5378,#5379,#5380,
#5381,#5382,#5383,#5384,#5385,#5386,#5387,#5388,#5389,#5390,#5391),(#5392,
#5393,#5394,#5395,#5396,#5397,#5398,#5399,#5400,#5401,#5402,#5403,#5404,
#5405,#5406,#5407,#5408,#5409,#5410,#5411,#5412,#5413,#5414,#5415,#5416,
#5417,#5418,#5419,#5420,#5421,#5422,#5423),(#5424,#5425,#5426,#5427,#5428,
#5429,#5430,#5431,#5432,#5433,#5434,#5435,#5436,#5437,#5438,#5439,#5440,
#5441,#5442,#5443,#5444,#5445,#5446,#5447,#5448,#5449,#5450,#5451,#5452,
#5453,#5454,#5455),(#5456,#5457,#5458,#5459,#5460,#5461,#5462,#5463,#5464,
#5465,#5466,#5467,#5468,#5469,#5470,#5471,#5472,#5473,#5474,#5475,#5476,
#5477,#5478,#5479,#5480,#5481,#5482,#5483,#5484,#5485,#5486,#5487)),
 .UNSPECIFIED.,.F.,.F.,.F.,(4,1,4),(4,2,1,1,1,1,1,1,1,1,1,1,1,1,1,1,1,1,
1,1,1,1,1,1,2,2,4),(0.,0.571428571428571,1.),(-0.364417765386293,-0.310607932068086,
-0.300901434190958,-0.29119493631383,-0.271781940559575,-0.232955949051064,
-0.194129957542554,-0.155303966034043,-0.116477974525532,-0.0776519830170214,
-0.0388259915085107,-0.0194129957542554,-0.0169863712849734,-0.0145597468156915,
-0.0121331223464096,-0.00970649787712768,-0.00485324893856384,-0.00242662446928192,
-0.00181996835196144,-0.00121331223464096,-0.00060665611732048,-0.00030332805866024,
-0.00015166402933012,-7.583201466506E-5,0.,0.018121353542532,0.0254649095329106),
 .UNSPECIFIED.);
#37=B_SPLINE_SURFACE_WITH_KNOTS('',3,3,((#5522,#5523,#5524,#5525,#5526,
#5527,#5528,#5529,#5530,#5531,#5532,#5533,#5534,#5535,#5536,#5537,#5538,
#5539,#5540,#5541,#5542,#5543,#5544,#5545,#5546,#5547,#5548,#5549,#5550,
#5551,#5552,#5553,#5554,#5555,#5556,#5557,#5558,#5559,#5560,#5561,#5562,
#5563,#5564,#5565,#5566,#5567,#5568,#5569,#5570,#5571,#5572,#5573,#5574,
#5575,#5576,#5577,#5578),(#5579,#5580,#5581,#5582,#5583,#5584,#5585,#5586,
#5587,#5588,#5589,#5590,#5591,#5592,#5593,#5594,#5595,#5596,#5597,#5598,
#5599,#5600,#5601,#5602,#5603,#5604,#5605,#5606,#5607,#5608,#5609,#5610,
#5611,#5612,#5613,#5614,#5615,#5616,#5617,#5618,#5619,#5620,#5621,#5622,
#5623,#5624,#5625,#5626,#5627,#5628,#5629,#5630,#5631,#5632,#5633,#5634,
#5635),(#5636,#5637,#5638,#5639,#5640,#5641,#5642,#5643,#5644,#5645,#5646,
#5647,#5648,#5649,#5650,#5651,#5652,#5653,#5654,#5655,#5656,#5657,#5658,
#5659,#5660,#5661,#5662,#5663,#5664,#5665,#5666,#5667,#5668,#5669,#5670,
#5671,#5672,#5673,#5674,#5675,#5676,#5677,#5678,#5679,#5680,#5681,#5682,
#5683,#5684,#5685,#5686,#5687,#5688,#5689,#5690,#5691,#5692),(#5693,#5694,
#5695,#5696,#5697,#5698,#5699,#5700,#5701,#5702,#5703,#5704,#5705,#5706,
#5707,#5708,#5709,#5710,#5711,#5712,#5713,#5714,#5715,#5716,#5717,#5718,
#5719,#5720,#5721,#5722,#5723,#5724,#5725,#5726,#5727,#5728,#5729,#5730,
#5731,#5732,#5733,#5734,#5735,#5736,#5737,#5738,#5739,#5740,#5741,#5742,
#5743,#5744,#5745,#5746,#5747,#5748,#5749),(#5750,#5751,#5752,#5753,#5754,
#5755,#5756,#5757,#5758,#5759,#5760,#5761,#5762,#5763,#5764,#5765,#5766,
#5767,#5768,#5769,#5770,#5771,#5772,#5773,#5774,#5775,#5776,#5777,#5778,
#5779,#5780,#5781,#5782,#5783,#5784,#5785,#5786,#5787,#5788,#5789,#5790,
#5791,#5792,#5793,#5794,#5795,#5796,#5797,#5798,#5799,#5800,#5801,#5802,
#5803,#5804,#5805,#5806)),.UNSPECIFIED.,.F.,.F.,.F.,(4,1,4),(4,1,1,2,1,
1,1,1,1,1,1,1,1,1,1,1,1,1,1,1,1,1,1,1,1,1,1,1,1,1,1,1,1,1,1,1,1,1,1,1,1,
1,1,1,1,1,1,1,1,1,2,1,4),(0.,0.571428571428571,1.),(-0.364654146237799,
-0.343035658689345,-0.332226414915119,-0.310607927366665,-0.302842729182498,
-0.295077530998332,-0.279547134629998,-0.264016738261665,-0.248486341893332,
-0.232955945524999,-0.217425549156666,-0.201895152788332,-0.186364756419999,
-0.170834360051666,-0.155303963683332,-0.139773567314999,-0.124243170946666,
-0.108712774578333,-0.0931823782099995,-0.0776519818416662,-0.062121585473333,
-0.0582389863812497,-0.0543563872891664,-0.0465911891049997,-0.0446498895589581,
-0.0427085900129164,-0.0388259909208331,-0.0310607927366665,-0.0232955945524999,
-0.0155303963683332,-0.0135890968222916,-0.0116477972762499,-0.00776519818416662,
-0.0067945484111458,-0.00582389863812497,-0.00388259909208331,-0.0033972742055729,
-0.00291194931906248,-0.00242662443255207,-0.00194129954604166,-0.00145597465953124,
-0.000970649773020828,-0.000727987329765621,-0.000485324886510414,-0.00036399366488281,
-0.000242662443255207,-0.000121331221627603,-6.06656108138017E-5,-3.03328054069009E-5,
-1.51664027034504E-5,0.,0.0101845264306242,0.0254613160765606),
 .UNSPECIFIED.);
#38=(
BOUNDED_CURVE()
B_SPLINE_CURVE(2,(#3813,#3814,#3815),.UNSPECIFIED.,.F.,.F.)
B_SPLINE_CURVE_WITH_KNOTS((3,3),(4.22965680236328,5.04624618495171),
 .UNSPECIFIED.)
CURVE()
GEOMETRIC_REPRESENTATION_ITEM()
RATIONAL_B_SPLINE_CURVE((8.59939932975674,8.37856824938855,7.78921436665729))
REPRESENTATION_ITEM('')
);
#39=(
BOUNDED_CURVE()
B_SPLINE_CURVE(2,(#3907,#3908,#3909),.UNSPECIFIED.,.F.,.F.)
B_SPLINE_CURVE_WITH_KNOTS((3,3),(4.22965680236328,5.0462461849517),
 .UNSPECIFIED.)
CURVE()
GEOMETRIC_REPRESENTATION_ITEM()
RATIONAL_B_SPLINE_CURVE((8.59939932975671,8.37856824938853,7.78921436665727))
REPRESENTATION_ITEM('')
);
#40=(
BOUNDED_CURVE()
B_SPLINE_CURVE(2,(#4147,#4148,#4149),.UNSPECIFIED.,.F.,.F.)
B_SPLINE_CURVE_WITH_KNOTS((3,3),(4.22965680236328,5.04624618495171),
 .UNSPECIFIED.)
CURVE()
GEOMETRIC_REPRESENTATION_ITEM()
RATIONAL_B_SPLINE_CURVE((8.59939932975673,8.37856824938854,7.78921436665727))
REPRESENTATION_ITEM('')
);
#41=(
BOUNDED_CURVE()
B_SPLINE_CURVE(2,(#5915,#5916,#5917),.UNSPECIFIED.,.F.,.F.)
B_SPLINE_CURVE_WITH_KNOTS((3,3),(0.0186729745090264,0.053403269557084),
 .UNSPECIFIED.)
CURVE()
GEOMETRIC_REPRESENTATION_ITEM()
RATIONAL_B_SPLINE_CURVE((1.,1.,1.))
REPRESENTATION_ITEM('')
);
#42=(
BOUNDED_CURVE()
B_SPLINE_CURVE(2,(#5918,#5919,#5920),.UNSPECIFIED.,.F.,.F.)
B_SPLINE_CURVE_WITH_KNOTS((3,3),(0.0186729745090263,0.0534032695570839),
 .UNSPECIFIED.)
CURVE()
GEOMETRIC_REPRESENTATION_ITEM()
RATIONAL_B_SPLINE_CURVE((1.,1.,1.))
REPRESENTATION_ITEM('')
);
#43=B_SPLINE_CURVE_WITH_KNOTS('',3,(#3595,#3596,#3597,#3598,#3599,#3600,
#3601,#3602,#3603,#3604,#3605,#3606,#3607,#3608,#3609,#3610,#3611,#3612,
#3613,#3614,#3615,#3616),.UNSPECIFIED.,.F.,.F.,(4,2,2,2,2,2,2,2,2,2,4),
(-0.252354361364267,-0.218077560481553,-0.184217967389349,-0.153056295482566,
-0.137947613134839,-0.12777710400018,-0.118137484995597,-0.105496960910546,
-0.0813608227027403,-0.0431701460156679,0.),.UNSPECIFIED.);
#44=B_SPLINE_CURVE_WITH_KNOTS('',3,(#3627,#3628,#3629,#3630,#3631,#3632,
#3633,#3634),.UNSPECIFIED.,.F.,.F.,(4,2,2,4),(0.142132446869364,0.327462449245224,
0.590941100628856,0.823969574827484),.UNSPECIFIED.);
#45=B_SPLINE_CURVE_WITH_KNOTS('',3,(#3637,#3638,#3639,#3640,#3641,#3642,
#3643,#3644),.UNSPECIFIED.,.F.,.F.,(4,2,2,4),(0.0270230646576301,0.323438280464215,
0.585487618578452,0.708650499463448),.UNSPECIFIED.);
#46=B_SPLINE_CURVE_WITH_KNOTS('',3,(#3651,#3652,#3653,#3654,#3655,#3656,
#3657,#3658,#3659,#3660,#3661,#3662,#3663,#3664),.UNSPECIFIED.,.F.,.F.,
(4,2,2,2,2,2,4),(-0.190465835351853,-0.165729013582173,-0.133632204382442,
-0.100906729798117,-0.0699058499998689,-0.038024015663362,0.),
 .UNSPECIFIED.);
#47=B_SPLINE_CURVE_WITH_KNOTS('',3,(#3671,#3672,#3673,#3674,#3675,#3676,
#3677,#3678,#3679,#3680,#3681,#3682,#3683,#3684,#3685,#3686),
 .UNSPECIFIED.,.F.,.F.,(4,3,3,3,3,4),(-0.101161780913285,-0.083815508640739,
-0.0738199355669038,-0.056357809823596,-0.0471154423795173,-0.0347571974183627),
 .UNSPECIFIED.);
#48=B_SPLINE_CURVE_WITH_KNOTS('',3,(#3692,#3693,#3694,#3695,#3696,#3697,
#3698,#3699),.UNSPECIFIED.,.F.,.F.,(4,2,2,4),(0.104436687467026,0.337210296832997,
0.596890617211046,0.783369604139368),.UNSPECIFIED.);
#49=B_SPLINE_CURVE_WITH_KNOTS('',3,(#3702,#3703,#3704,#3705,#3706,#3707,
#3708,#3709,#3710,#3711,#3712,#3713),.UNSPECIFIED.,.F.,.F.,(4,2,2,2,2,4),
(6.89088735124698,6.91601032332764,7.08270219024951,7.24939405717137,7.40539428707803,
7.52721018177547),.UNSPECIFIED.);
#50=B_SPLINE_CURVE_WITH_KNOTS('',3,(#3720,#3721,#3722,#3723,#3724,#3725,
#3726,#3727,#3728,#3729,#3730,#3731,#3732,#3733),.UNSPECIFIED.,.F.,.F.,
(4,2,2,2,2,2,4),(-0.0842163394386091,-0.0424918646624231,-0.0415029674770043,
-0.0410432124683992,-0.0391644337533429,-0.0214805675736502,0.),
 .UNSPECIFIED.);
#51=B_SPLINE_CURVE_WITH_KNOTS('',3,(#3740,#3741,#3742,#3743,#3744,#3745,
#3746,#3747,#3748,#3749,#3750,#3751,#3752,#3753),.UNSPECIFIED.,.F.,.F.,
(4,2,2,2,2,2,4),(-0.254495084426625,-0.224726819222904,-0.196513227529167,
-0.165729013582173,-0.133632204382441,-0.100906729798116,-0.0840569140192759),
 .UNSPECIFIED.);
#52=B_SPLINE_CURVE_WITH_KNOTS('',3,(#3759,#3760,#3761,#3762,#3763,#3764,
#3765,#3766,#3767,#3768,#3769,#3770),.UNSPECIFIED.,.F.,.F.,(4,2,2,2,2,4),
(0.361255029717232,0.48307092441467,0.639071154321323,0.805763021243191,
0.97245488816506,0.997577860245719),.UNSPECIFIED.);
#53=B_SPLINE_CURVE_WITH_KNOTS('',3,(#3774,#3775,#3776,#3777,#3778,#3779,
#3780,#3781,#3782,#3783,#3784,#3785,#3786,#3787,#3788,#3789,#3790,#3791,
#3792,#3793),.UNSPECIFIED.,.F.,.F.,(4,1,1,1,1,1,1,1,1,1,1,1,1,1,2,1,4),
(-0.00301082845278047,-0.00291194931906248,-0.00242662443255207,-0.00194129954604166,
-0.00145597465953124,-0.000970649773020828,-0.000727987329765621,-0.000485324886510414,
-0.00036399366488281,-0.000242662443255207,-0.000121331221627603,-6.06656108138017E-5,
-3.03328054069009E-5,-1.51664027034504E-5,0.,0.0101845264306242,0.0224470714950386),
 .UNSPECIFIED.);
#54=B_SPLINE_CURVE_WITH_KNOTS('',3,(#3795,#3796,#3797,#3798),
 .UNSPECIFIED.,.F.,.F.,(4,4),(7.52757759804707,7.6400020598497),
 .UNSPECIFIED.);
#55=B_SPLINE_CURVE_WITH_KNOTS('',3,(#3800,#3801,#3802,#3803),
 .UNSPECIFIED.,.F.,.F.,(4,4),(0.140599720068293,0.172003758763914),
 .UNSPECIFIED.);
#56=B_SPLINE_CURVE_WITH_KNOTS('',3,(#3807,#3808,#3809,#3810,#3811,#3812),
 .UNSPECIFIED.,.F.,.F.,(4,1,1,4),(-0.364654146237799,-0.343035658689345,
-0.332226414915119,-0.310607927366665),.UNSPECIFIED.);
#57=B_SPLINE_CURVE_WITH_KNOTS('',3,(#3818,#3819,#3820,#3821,#3822,#3823,
#3824,#3825,#3826,#3827),.UNSPECIFIED.,.F.,.F.,(4,2,2,2,4),(-0.17390517443611,
-0.165715061211195,-0.133627938501741,-0.100914300296103,-0.0840569661192063),
 .UNSPECIFIED.);
#58=B_SPLINE_CURVE_WITH_KNOTS('',3,(#3829,#3830,#3831,#3832,#3833,#3834,
#3835,#3836,#3837,#3838,#3839,#3840),.UNSPECIFIED.,.F.,.F.,(4,2,2,2,2,4),
(-0.0842169301361493,-0.0793374121663407,-0.041941567503029,-0.0400333074592344,
-0.0317391599200304,0.),.UNSPECIFIED.);
#59=B_SPLINE_CURVE_WITH_KNOTS('',3,(#3847,#3848,#3849,#3850,#3851,#3852,
#3853,#3854,#3855,#3856,#3857,#3858),.UNSPECIFIED.,.F.,.F.,(4,2,2,2,2,4),
(-0.079464063281781,-0.055911108532544,-0.0332706908077516,-0.0309402254504178,
-0.0178118444827641,0.),.UNSPECIFIED.);
#60=B_SPLINE_CURVE_WITH_KNOTS('',3,(#3864,#3865,#3866,#3867,#3868,#3869,
#3870,#3871),.UNSPECIFIED.,.F.,.F.,(4,2,2,4),(0.0940124654276649,0.310606042728706,
0.592061357236354,0.785497760049404),.UNSPECIFIED.);
#61=B_SPLINE_CURVE_WITH_KNOTS('',3,(#3875,#3876,#3877,#3878,#3879,#3880,
#3881,#3882,#3883,#3884,#3885,#3886,#3887,#3888,#3889),.UNSPECIFIED.,.F.,
 .F.,(4,1,1,1,1,1,1,1,2,2,4),(-0.00310360045182299,-0.00242662446928192,
-0.00181996835196144,-0.00121331223464096,-0.00060665611732048,-0.00030332805866024,
-0.00015166402933012,-7.583201466506E-5,0.,0.018121353542532,0.0224897854353205),
 .UNSPECIFIED.);
#62=B_SPLINE_CURVE_WITH_KNOTS('',3,(#3891,#3892,#3893,#3894),
 .UNSPECIFIED.,.F.,.F.,(4,4),(7.52757759804707,7.64000482943457),
 .UNSPECIFIED.);
#63=B_SPLINE_CURVE_WITH_KNOTS('',3,(#3896,#3897,#3898,#3899),
 .UNSPECIFIED.,.F.,.F.,(4,4),(0.140599720068293,0.172003758763914),
 .UNSPECIFIED.);
#64=B_SPLINE_CURVE_WITH_KNOTS('',3,(#3903,#3904,#3905,#3906),
 .UNSPECIFIED.,.F.,.F.,(4,4),(-0.364417765386293,-0.310607932068086),
 .UNSPECIFIED.);
#65=B_SPLINE_CURVE_WITH_KNOTS('',3,(#3912,#3913,#3914,#3915,#3916,#3917,
#3918,#3919),.UNSPECIFIED.,.F.,.F.,(4,2,2,4),(0.091461655070206,0.351654543708171,
0.632793795427433,0.768465127088166),.UNSPECIFIED.);
#66=B_SPLINE_CURVE_WITH_KNOTS('',3,(#3925,#3926,#3927,#3928,#3929,#3930,
#3931,#3932,#3933,#3934,#3935,#3936),.UNSPECIFIED.,.F.,.F.,(4,2,2,2,2,4),
(-0.0793296408764154,-0.0565094107255124,-0.0330424034333804,-0.030824196513049,
-0.0176925191150174,0.),.UNSPECIFIED.);
#67=B_SPLINE_CURVE_WITH_KNOTS('',3,(#3938,#3939,#3940,#3941,#3942,#3943,
#3944,#3945,#3946,#3947,#3948,#3949,#3950,#3951),.UNSPECIFIED.,.F.,.F.,
(4,2,2,2,2,2,4),(-0.173905284298898,-0.165729013582166,-0.133632204382437,
-0.100906729798115,-0.0699058499998674,-0.038024015663363,0.),
 .UNSPECIFIED.);
#68=B_SPLINE_CURVE_WITH_KNOTS('',3,(#3962,#3963,#3964,#3965,#3966,#3967,
#3968,#3969),.UNSPECIFIED.,.F.,.F.,(4,2,2,4),(0.0942023324116499,0.244891764873479,
0.609095237832889,0.785601056873782),.UNSPECIFIED.);
#69=B_SPLINE_CURVE_WITH_KNOTS('',3,(#3972,#3973,#3974,#3975,#3976,#3977,
#3978,#3979,#3980,#3981,#3982,#3983),.UNSPECIFIED.,.F.,.F.,(4,2,2,2,2,4),
(6.89088735124698,6.91601032332764,7.08270219024951,7.24939405717137,7.40539428707803,
7.52721018177547),.UNSPECIFIED.);
#70=B_SPLINE_CURVE_WITH_KNOTS('',3,(#3990,#3991,#3992,#3993,#3994,#3995),
 .UNSPECIFIED.,.F.,.F.,(4,2,4),(-0.0664151064081221,-0.039886928806816,
0.),.UNSPECIFIED.);
#71=B_SPLINE_CURVE_WITH_KNOTS('',3,(#4003,#4004,#4005,#4006,#4007,#4008,
#4009,#4010,#4011,#4012,#4013,#4014),.UNSPECIFIED.,.F.,.F.,(4,2,2,2,2,4),
(-0.0793784590083485,-0.0562393639375106,-0.0331293351530674,-0.0308668619105505,
-0.0177379135593077,0.),.UNSPECIFIED.);
#72=B_SPLINE_CURVE_WITH_KNOTS('',3,(#4017,#4018,#4019,#4020,#4021,#4022,
#4023,#4024,#4025,#4026,#4027,#4028),.UNSPECIFIED.,.F.,.F.,(4,2,2,2,2,4),
(-0.173904829860106,-0.165671031378864,-0.133614491013581,-0.10093820208511,
-0.0699599798329372,-0.0640208416515178),.UNSPECIFIED.);
#73=B_SPLINE_CURVE_WITH_KNOTS('',3,(#4034,#4035,#4036,#4037,#4038,#4039,
#4040,#4041),.UNSPECIFIED.,.F.,.F.,(4,2,2,4),(0.0941685255129426,0.246500916175926,
0.610474780975931,0.785437819587178),.UNSPECIFIED.);
#74=B_SPLINE_CURVE_WITH_KNOTS('',3,(#4044,#4045,#4046,#4047,#4048,#4049,
#4050,#4051),.UNSPECIFIED.,.F.,.F.,(4,2,2,4),(0.0662107307227743,0.338221449868956,
0.590503953479984,0.744862212494951),.UNSPECIFIED.);
#75=B_SPLINE_CURVE_WITH_KNOTS('',3,(#4058,#4059,#4060,#4061,#4062,#4063,
#4064,#4065,#4066,#4067,#4068,#4069),.UNSPECIFIED.,.F.,.F.,(4,2,2,2,2,4),
(-0.0842438297525033,-0.0796137356161529,-0.042138231221841,-0.0402091075270411,
-0.0319386075232344,0.),.UNSPECIFIED.);
#76=B_SPLINE_CURVE_WITH_KNOTS('',3,(#4076,#4077,#4078,#4079,#4080,#4081,
#4082,#4083,#4084,#4085,#4086,#4087,#4088,#4089),.UNSPECIFIED.,.F.,.F.,
(4,2,2,2,2,2,4),(-0.254481154355456,-0.229406989571702,-0.19651322752915,
-0.165729013582161,-0.133632204382435,-0.100906729798115,-0.0840569140225945),
 .UNSPECIFIED.);
#77=B_SPLINE_CURVE_WITH_KNOTS('',3,(#4095,#4096,#4097,#4098,#4099,#4100,
#4101,#4102,#4103,#4104,#4105,#4106),.UNSPECIFIED.,.F.,.F.,(4,2,2,2,2,4),
(0.361255029717232,0.483070924414671,0.639071154321323,0.805763021243192,
0.97245488816506,0.997577860245719),.UNSPECIFIED.);
#78=B_SPLINE_CURVE_WITH_KNOTS('',3,(#4110,#4111,#4112,#4113,#4114,#4115,
#4116,#4117,#4118,#4119,#4120,#4121,#4122,#4123,#4124,#4125,#4126,#4127,
#4128),.UNSPECIFIED.,.F.,.F.,(4,1,1,1,1,1,1,1,1,1,1,1,1,2,1,4),(-0.00316710698497488,
-0.00291194930720331,-0.00194129953813554,-0.00145597465360166,-0.000970649769067771,
-0.000727987326800828,-0.000485324884533885,-0.000363993663400414,-0.000242662442266943,
-0.000121331221133471,-6.06656105667357E-5,-3.03328052833678E-5,-1.51664026416839E-5,
0.,0.0101833040939177,0.0224425042008454),.UNSPECIFIED.);
#79=B_SPLINE_CURVE_WITH_KNOTS('',3,(#4130,#4131,#4132,#4133),
 .UNSPECIFIED.,.F.,.F.,(4,4),(7.52757759804707,7.6400020598497),
 .UNSPECIFIED.);
#80=B_SPLINE_CURVE_WITH_KNOTS('',3,(#4134,#4135,#4136,#4137),
 .UNSPECIFIED.,.F.,.F.,(4,4),(0.140599720068293,0.172003758763913),
 .UNSPECIFIED.);
#81=B_SPLINE_CURVE_WITH_KNOTS('',3,(#4139,#4140,#4141,#4142,#4143,#4144,
#4145,#4146),.UNSPECIFIED.,.F.,.F.,(4,2,1,1,4),(0.310283069555957,0.310607926101687,
0.332217105728697,0.343021695542202,0.364630875169212),.UNSPECIFIED.);
#82=B_SPLINE_CURVE_WITH_KNOTS('',3,(#4152,#4153,#4154,#4155,#4156,#4157,
#4158,#4159),.UNSPECIFIED.,.F.,.F.,(4,2,2,4),(-0.494764049808279,-0.46630447188661,
-0.439176595220137,-0.396786738844982),.UNSPECIFIED.);
#83=B_SPLINE_CURVE_WITH_KNOTS('',3,(#4164,#4165,#4166,#4167,#4168,#4169),
 .UNSPECIFIED.,.F.,.F.,(4,2,4),(0.477258908993649,0.518750957507669,0.556489585190343),
 .UNSPECIFIED.);
#84=B_SPLINE_CURVE_WITH_KNOTS('',3,(#4172,#4173,#4174,#4175,#4176,#4177,
#4178,#4179),.UNSPECIFIED.,.F.,.F.,(4,2,2,4),(-0.49473797477413,-0.462241932862537,
-0.426683589693601,-0.39674150226811),.UNSPECIFIED.);
#85=B_SPLINE_CURVE_WITH_KNOTS('',3,(#4184,#4185,#4186,#4187,#4188,#4189),
 .UNSPECIFIED.,.F.,.F.,(4,2,4),(0.477258908993649,0.51875095750767,0.556489585190344),
 .UNSPECIFIED.);
#86=B_SPLINE_CURVE_WITH_KNOTS('',3,(#4192,#4193,#4194,#4195),
 .UNSPECIFIED.,.F.,.F.,(4,4),(-0.345723954112211,-0.318856710973719),
 .UNSPECIFIED.);
#87=B_SPLINE_CURVE_WITH_KNOTS('',3,(#4200,#4201,#4202,#4203,#4204,#4205,
#4206,#4207,#4208,#4209),.UNSPECIFIED.,.F.,.F.,(4,2,2,2,4),(0.477258908993649,
0.518750957507669,0.56024300602169,0.605325849307694,0.626566628455715),
 .UNSPECIFIED.);
#88=B_SPLINE_CURVE_WITH_KNOTS('',3,(#4212,#4213,#4214,#4215,#4216,#4217,
#4218,#4219,#4220,#4221),.UNSPECIFIED.,.F.,.F.,(4,2,2,2,4),(-0.253229161614395,
-0.210773232807762,-0.177831236270514,-0.155212887097047,-0.150626729051555),
 .UNSPECIFIED.);
#89=B_SPLINE_CURVE_WITH_KNOTS('',3,(#4226,#4227,#4228,#4229,#4230,#4231),
 .UNSPECIFIED.,.F.,.F.,(4,2,4),(0.477258908993649,0.518750957507669,0.551748510625452),
 .UNSPECIFIED.);
#90=B_SPLINE_CURVE_WITH_KNOTS('',3,(#4235,#4236,#4237,#4238,#4239,#4240),
 .UNSPECIFIED.,.F.,.F.,(4,2,4),(0.402769307361638,0.435766860479628,0.477258908993649),
 .UNSPECIFIED.);
#91=B_SPLINE_CURVE_WITH_KNOTS('',3,(#4244,#4245,#4246,#4247,#4248,#4249,
#4250,#4251,#4252,#4253),.UNSPECIFIED.,.F.,.F.,(4,2,2,2,4),(-0.511379856001739,
-0.50845120041199,-0.485249301318648,-0.452390877332311,-0.408789625185022),
 .UNSPECIFIED.);
#92=B_SPLINE_CURVE_WITH_KNOTS('',3,(#4260,#4261,#4262,#4263,#4264,#4265),
 .UNSPECIFIED.,.F.,.F.,(4,2,4),(0.40140644857849,0.435766860479628,0.477258908993649),
 .UNSPECIFIED.);
#93=B_SPLINE_CURVE_WITH_KNOTS('',3,(#4269,#4270,#4271,#4272,#4273,#4274,
#4275,#4276),.UNSPECIFIED.,.F.,.F.,(4,2,2,4),(-0.101326110247362,-0.0880121375668828,
-0.0433515030959643,0.),.UNSPECIFIED.);
#94=B_SPLINE_CURVE_WITH_KNOTS('',3,(#4286,#4287,#4288,#4289,#4290,#4291),
 .UNSPECIFIED.,.F.,.F.,(4,2,4),(0.401406448578491,0.435766860479628,0.477258908993649),
 .UNSPECIFIED.);
#95=B_SPLINE_CURVE_WITH_KNOTS('',3,(#4298,#4299,#4300,#4301,#4302,#4303,
#4304,#4305),.UNSPECIFIED.,.F.,.F.,(4,2,2,4),(-0.101328539503334,-0.0860707964895018,
-0.0429788618862949,0.),.UNSPECIFIED.);
#96=B_SPLINE_CURVE_WITH_KNOTS('',3,(#4312,#4313,#4314,#4315,#4316,#4317,
#4318,#4319),.UNSPECIFIED.,.F.,.F.,(4,2,2,4),(0.373868491013919,0.394274811965607,
0.435766860479628,0.477258908993649),.UNSPECIFIED.);
#97=B_SPLINE_CURVE_WITH_KNOTS('',3,(#4323,#4324,#4325,#4326,#4327,#4328,
#4329,#4330,#4331,#4332,#4333,#4334,#4335),.UNSPECIFIED.,.F.,.F.,(4,3,3,
3,4),(-0.0742891546326447,-0.0547524565439721,-0.0413178894546457,-0.0206589447273229,
0.),.UNSPECIFIED.);
#98=B_SPLINE_CURVE_WITH_KNOTS('',3,(#4341,#4342,#4343,#4344,#4345,#4346,
#4347,#4348,#4349,#4350,#4351,#4352,#4353,#4354,#4355,#4356),
 .UNSPECIFIED.,.F.,.F.,(4,3,3,3,3,4),(-0.495850611112173,-0.475540069444501,
-0.459753755785317,-0.440106759108564,-0.428176531811823,-0.421755576335894),
 .UNSPECIFIED.);
#99=B_SPLINE_CURVE_WITH_KNOTS('',3,(#4361,#4362,#4363,#4364,#4365,#4366,
#4367,#4368),.UNSPECIFIED.,.F.,.F.,(4,2,2,4),(0.477258908993649,0.51875095750767,
0.56024300602169,0.580649326973377),.UNSPECIFIED.);
#100=B_SPLINE_CURVE_WITH_KNOTS('',3,(#4372,#4373,#4374,#4375,#4376,#4377),
 .UNSPECIFIED.,.F.,.F.,(4,2,4),(0.40276930736151,0.435766860479628,0.477258908993649),
 .UNSPECIFIED.);
#101=B_SPLINE_CURVE_WITH_KNOTS('',3,(#4381,#4382,#4383,#4384,#4385,#4386,
#4387,#4388),.UNSPECIFIED.,.F.,.F.,(4,2,2,4),(-0.511413343836913,-0.487104020701341,
-0.447505521959881,-0.408796868648707),.UNSPECIFIED.);
#102=B_SPLINE_CURVE_WITH_KNOTS('',3,(#4395,#4396,#4397,#4398,#4399,#4400),
 .UNSPECIFIED.,.F.,.F.,(4,2,4),(0.401406448578491,0.435766860479628,0.477258908993649),
 .UNSPECIFIED.);
#103=B_SPLINE_CURVE_WITH_KNOTS('',3,(#4407,#4408,#4409,#4410,#4411,#4412,
#4413,#4414),.UNSPECIFIED.,.F.,.F.,(4,2,2,4),(-0.101349731389189,-0.0841674422401034,
-0.0392699658601782,0.),.UNSPECIFIED.);
#104=B_SPLINE_CURVE_WITH_KNOTS('',3,(#4423,#4424,#4425,#4426,#4427,#4428,
#4429,#4430),.UNSPECIFIED.,.F.,.F.,(4,2,2,4),(-0.49473484500533,-0.460152410631538,
-0.422147758376595,-0.396731001638617),.UNSPECIFIED.);
#105=B_SPLINE_CURVE_WITH_KNOTS('',3,(#4432,#4433,#4434,#4435,#4436,#4437),
 .UNSPECIFIED.,.F.,.F.,(4,2,4),(0.477258908993649,0.518750957507669,0.556489585190344),
 .UNSPECIFIED.);
#106=B_SPLINE_CURVE_WITH_KNOTS('',3,(#4440,#4441,#4442,#4443,#4444,#4445,
#4446,#4447,#4448,#4449),.UNSPECIFIED.,.F.,.F.,(4,2,2,2,4),(-0.253202182023587,
-0.239752124750014,-0.19535385856354,-0.163519139470365,-0.150620561379267),
 .UNSPECIFIED.);
#107=B_SPLINE_CURVE_WITH_KNOTS('',3,(#4451,#4452,#4453,#4454,#4455,#4456),
 .UNSPECIFIED.,.F.,.F.,(4,2,4),(0.477258908993649,0.51875095750767,0.551748514170826),
 .UNSPECIFIED.);
#108=B_SPLINE_CURVE_WITH_KNOTS('',3,(#4460,#4461,#4462,#4463,#4464,#4465,
#4466,#4467,#4468,#4469),.UNSPECIFIED.,.F.,.F.,(4,2,2,2,4),(0.327951189531628,
0.349191968679604,0.394274811965608,0.435766860479628,0.477258908993649),
 .UNSPECIFIED.);
#109=B_SPLINE_CURVE_WITH_KNOTS('',3,(#4473,#4474,#4475,#4476),
 .UNSPECIFIED.,.F.,.F.,(4,4),(-0.0268368558333524,0.),.UNSPECIFIED.);
#110=B_SPLINE_CURVE_WITH_KNOTS('',3,(#4890,#4891,#4892,#4893),
 .UNSPECIFIED.,.F.,.F.,(4,4),(-0.862137661072604,-0.826452057439163),
 .UNSPECIFIED.);
#111=B_SPLINE_CURVE_WITH_KNOTS('',3,(#4895,#4896,#4897,#4898),
 .UNSPECIFIED.,.F.,.F.,(4,4),(1.15013084730137,1.15942606026029),
 .UNSPECIFIED.);
#112=B_SPLINE_CURVE_WITH_KNOTS('',3,(#4900,#4901,#4902,#4903),
 .UNSPECIFIED.,.F.,.F.,(4,4),(1.14331084398701,1.15013084730137),
 .UNSPECIFIED.);
#113=B_SPLINE_CURVE_WITH_KNOTS('',3,(#4905,#4906,#4907,#4908,#4909),
 .UNSPECIFIED.,.F.,.F.,(4,1,4),(-1.14331084398701,-1.11230662441607,-1.05032893942812),
 .UNSPECIFIED.);
#114=B_SPLINE_CURVE_WITH_KNOTS('',3,(#4911,#4912,#4913,#4914),
 .UNSPECIFIED.,.F.,.F.,(4,4),(0.,0.00124242471889351),.UNSPECIFIED.);
#115=B_SPLINE_CURVE_WITH_KNOTS('',3,(#4918,#4919,#4920,#4921,#4922,#4923,
#4924,#4925,#4926,#4927,#4928,#4929,#4930,#4931),.UNSPECIFIED.,.F.,.F.,
(4,2,2,2,2,2,4),(-0.496786371684278,-0.490473389625148,-0.47916160167896,
-0.459904364228296,-0.420996079626258,-0.37702608645373,-0.368633959585219),
 .UNSPECIFIED.);
#116=B_SPLINE_CURVE_WITH_KNOTS('',3,(#4932,#4933,#4934,#4935),
 .UNSPECIFIED.,.F.,.F.,(4,4),(0.708650499463448,0.771514815936268),
 .UNSPECIFIED.);
#117=B_SPLINE_CURVE_WITH_KNOTS('',3,(#4937,#4938,#4939,#4940),
 .UNSPECIFIED.,.F.,.F.,(4,4),(1.19885348195987,1.20055309251427),
 .UNSPECIFIED.);
#118=B_SPLINE_CURVE_WITH_KNOTS('',3,(#4942,#4943,#4944,#4945),
 .UNSPECIFIED.,.F.,.F.,(4,4),(1.20055309251427,1.35810332828871),
 .UNSPECIFIED.);
#119=B_SPLINE_CURVE_WITH_KNOTS('',3,(#4946,#4947,#4948,#4949),
 .UNSPECIFIED.,.F.,.F.,(4,4),(1.35810332828871,1.37202465650001),
 .UNSPECIFIED.);
#120=B_SPLINE_CURVE_WITH_KNOTS('',3,(#4974,#4975,#4976,#4977),
 .UNSPECIFIED.,.F.,.F.,(4,4),(0.849369404150249,0.850611306668571),
 .UNSPECIFIED.);
#121=B_SPLINE_CURVE_WITH_KNOTS('',3,(#4979,#4980,#4981,#4982),
 .UNSPECIFIED.,.F.,.F.,(4,4),(-1.51620643657144,-1.42320051526629),
 .UNSPECIFIED.);
#122=B_SPLINE_CURVE_WITH_KNOTS('',3,(#4984,#4985,#4986,#4987),
 .UNSPECIFIED.,.F.,.F.,(4,4),(1.40708836426268,1.42320051526629),
 .UNSPECIFIED.);
#123=B_SPLINE_CURVE_WITH_KNOTS('',3,(#4988,#4989,#4990,#4991),
 .UNSPECIFIED.,.F.,.F.,(4,4),(-0.0356928808993399,0.),.UNSPECIFIED.);
#124=B_SPLINE_CURVE_WITH_KNOTS('',3,(#4993,#4994,#4995,#4996),
 .UNSPECIFIED.,.F.,.F.,(4,4),(1.19454401571343,1.20846340535945),
 .UNSPECIFIED.);
#125=B_SPLINE_CURVE_WITH_KNOTS('',3,(#4998,#4999,#5000,#5001),
 .UNSPECIFIED.,.F.,.F.,(4,4),(1.20846340535945,1.36580375013432),
 .UNSPECIFIED.);
#126=B_SPLINE_CURVE_WITH_KNOTS('',3,(#5002,#5003,#5004,#5005),
 .UNSPECIFIED.,.F.,.F.,(4,4),(1.36580375013432,1.36750067996394),
 .UNSPECIFIED.);
#127=B_SPLINE_CURVE_WITH_KNOTS('',3,(#5280,#5281,#5282,#5283,#5284),
 .UNSPECIFIED.,.F.,.F.,(4,1,4),(-0.212311105370658,-0.201895151966096,-0.190778434145724),
 .UNSPECIFIED.);
#128=B_SPLINE_CURVE_WITH_KNOTS('',3,(#5286,#5287,#5288,#5289,#5290,#5291,
#5292,#5293,#5294,#5295,#5296,#5297,#5298,#5299,#5300),.UNSPECIFIED.,.F.,
 .F.,(4,1,1,1,1,1,1,1,1,1,1,1,4),(-0.190778434145723,-0.186364755661012,
-0.170834359355928,-0.155303963050843,-0.139773566745759,-0.124243170440675,
-0.10871277413559,-0.093182377830506,-0.0776519815254217,-0.0621215852203373,
-0.0543563870677952,-0.046591188915253,-0.0419236752146539),
 .UNSPECIFIED.);
#129=B_SPLINE_CURVE_WITH_KNOTS('',3,(#5301,#5302,#5303,#5304,#5305,#5306,
#5307),.UNSPECIFIED.,.F.,.F.,(4,1,1,1,4),(-0.0419236752146539,-0.0388259907627108,
-0.0349433916864398,-0.0310607926101687,-0.0188582165448864),
 .UNSPECIFIED.);
#130=B_SPLINE_CURVE_WITH_KNOTS('',3,(#5308,#5309,#5310,#5311,#5312,#5313,
#5314,#5315),.UNSPECIFIED.,.F.,.F.,(4,2,2,4),(0.091461660361924,0.351662786536352,
0.710844718050363,0.769026567707962),.UNSPECIFIED.);
#131=B_SPLINE_CURVE_WITH_KNOTS('',3,(#5316,#5317,#5318,#5319,#5320,#5321,
#5322),.UNSPECIFIED.,.F.,.F.,(4,3,4),(0.837486165375223,0.896907807902035,
0.909888470259136),.UNSPECIFIED.);
#132=B_SPLINE_CURVE_WITH_KNOTS('',3,(#5489,#5490,#5491,#5492,#5493),
 .UNSPECIFIED.,.F.,.F.,(4,1,4),(-0.212311111336691,-0.194129957542554,-0.190778440111559),
 .UNSPECIFIED.);
#133=B_SPLINE_CURVE_WITH_KNOTS('',3,(#5495,#5496,#5497,#5498,#5499,#5500,
#5501),.UNSPECIFIED.,.F.,.F.,(4,1,1,1,4),(-0.190778440111559,-0.155303966034043,
-0.116477974525532,-0.0776519830170214,-0.0419236780444383),
 .UNSPECIFIED.);
#134=B_SPLINE_CURVE_WITH_KNOTS('',3,(#5502,#5503,#5504,#5505,#5506,#5507),
 .UNSPECIFIED.,.F.,.F.,(4,1,1,4),(-0.0419236780444383,-0.0388259915085107,
-0.0194129957542554,-0.0188582177906666),.UNSPECIFIED.);
#135=B_SPLINE_CURVE_WITH_KNOTS('',3,(#5509,#5510,#5511,#5512,#5513,#5514,
#5515),.UNSPECIFIED.,.F.,.F.,(4,3,4),(0.837486180965165,0.882735803196816,
0.893514995391904),.UNSPECIFIED.);
#136=B_SPLINE_CURVE_WITH_KNOTS('',3,(#5516,#5517,#5518,#5519),
 .UNSPECIFIED.,.F.,.F.,(4,4),(0.424732877774533,0.441102610611896),
 .UNSPECIFIED.);
#137=B_SPLINE_CURVE_WITH_KNOTS('',3,(#5808,#5809,#5810,#5811,#5812),
 .UNSPECIFIED.,.F.,.F.,(4,1,4),(-0.212311106635558,-0.201895152788332,-0.190778435410581),
 .UNSPECIFIED.);
#138=B_SPLINE_CURVE_WITH_KNOTS('',3,(#5814,#5815,#5816,#5817,#5818,#5819,
#5820,#5821,#5822,#5823,#5824,#5825,#5826,#5827,#5828,#5829,#5830,#5831),
 .UNSPECIFIED.,.F.,.F.,(4,1,1,1,1,1,1,1,1,1,1,1,1,1,1,4),(-0.190778435410581,
-0.186364756419999,-0.170834360051666,-0.155303963683332,-0.139773567314999,
-0.124243170946666,-0.108712774578333,-0.0931823782099995,-0.0776519818416662,
-0.062121585473333,-0.0582389863812497,-0.0543563872891664,-0.0465911891049997,
-0.0446498895589581,-0.0427085900129164,-0.0419236758146232),
 .UNSPECIFIED.);
#139=B_SPLINE_CURVE_WITH_KNOTS('',3,(#5832,#5833,#5834,#5835,#5836,#5837,
#5838),.UNSPECIFIED.,.F.,.F.,(4,1,1,1,4),(-0.0419236758146232,-0.0388259909208331,
-0.0310607927366665,-0.0232955945524999,-0.0188582168090238),
 .UNSPECIFIED.);
#140=B_SPLINE_CURVE_WITH_KNOTS('',3,(#5839,#5840,#5841,#5842,#5843,#5844,
#5845,#5846),.UNSPECIFIED.,.F.,.F.,(4,2,2,4),(0.0914616959453583,0.351718214267275,
0.630691423432847,0.768451216959745),.UNSPECIFIED.);
#141=B_SPLINE_CURVE_WITH_KNOTS('',3,(#5847,#5848,#5849,#5850,#5851,#5852,
#5853),.UNSPECIFIED.,.F.,.F.,(4,3,4),(0.837486015562456,0.896946312009861,
0.909888305953607),.UNSPECIFIED.);
#142=B_SPLINE_CURVE_WITH_KNOTS('',3,(#5885,#5886,#5887,#5888),
 .UNSPECIFIED.,.F.,.F.,(4,4),(7.44912801808511,7.48101436604135),
 .UNSPECIFIED.);
#143=B_SPLINE_CURVE_WITH_KNOTS('',3,(#5892,#5893,#5894,#5895),
 .UNSPECIFIED.,.F.,.F.,(4,4),(0.226605433075079,0.258491781031749),
 .UNSPECIFIED.);
#144=B_SPLINE_CURVE_WITH_KNOTS('',3,(#5897,#5898,#5899,#5900),
 .UNSPECIFIED.,.F.,.F.,(4,4),(0.258491781031749,0.284379922731089),
 .UNSPECIFIED.);
#145=B_SPLINE_CURVE_WITH_KNOTS('',3,(#5901,#5902,#5903,#5904,#5905,#5906),
 .UNSPECIFIED.,.F.,.F.,(4,2,4),(0.284379922731089,0.296452302725648,0.30429093276665),
 .UNSPECIFIED.);
#146=B_SPLINE_CURVE_WITH_KNOTS('',3,(#5908,#5909,#5910,#5911,#5912,#5913),
 .UNSPECIFIED.,.F.,.F.,(4,2,4),(-0.30429093276665,-0.296452302725648,-0.25849178103175),
 .UNSPECIFIED.);
#147=CYLINDRICAL_SURFACE('',#2739,1.5);
#148=CYLINDRICAL_SURFACE('',#2741,1.);
#149=CYLINDRICAL_SURFACE('',#2745,1.);
#150=CYLINDRICAL_SURFACE('',#2749,1.);
#151=CYLINDRICAL_SURFACE('',#2753,1.);
#152=CYLINDRICAL_SURFACE('',#2758,1.);
#153=CYLINDRICAL_SURFACE('',#2762,1.);
#154=CYLINDRICAL_SURFACE('',#2766,1.);
#155=CYLINDRICAL_SURFACE('',#2770,1.);
#156=CYLINDRICAL_SURFACE('',#2772,1.);
#157=CYLINDRICAL_SURFACE('',#2774,1.);
#158=CYLINDRICAL_SURFACE('',#2776,1.);
#159=CYLINDRICAL_SURFACE('',#2778,1.);
#160=CYLINDRICAL_SURFACE('',#2780,11.);
#161=CYLINDRICAL_SURFACE('',#2783,1.);
#162=CYLINDRICAL_SURFACE('',#2785,11.);
#163=CYLINDRICAL_SURFACE('',#2788,1.);
#164=CYLINDRICAL_SURFACE('',#2790,11.);
#165=CYLINDRICAL_SURFACE('',#2793,1.);
#166=CYLINDRICAL_SURFACE('',#2795,11.);
#167=CYLINDRICAL_SURFACE('',#2798,1.);
#168=CYLINDRICAL_SURFACE('',#2800,1.);
#169=CYLINDRICAL_SURFACE('',#2802,11.);
#170=CYLINDRICAL_SURFACE('',#2805,1.);
#171=CYLINDRICAL_SURFACE('',#2807,11.);
#172=CYLINDRICAL_SURFACE('',#2810,1.);
#173=CYLINDRICAL_SURFACE('',#2812,1.);
#174=CYLINDRICAL_SURFACE('',#2814,1.);
#175=CYLINDRICAL_SURFACE('',#2816,11.);
#176=CYLINDRICAL_SURFACE('',#2819,1.5);
#177=CYLINDRICAL_SURFACE('',#2823,1.5);
#178=CYLINDRICAL_SURFACE('',#2827,1.5);
#179=CYLINDRICAL_SURFACE('',#2831,1.5);
#180=CYLINDRICAL_SURFACE('',#2835,1.5);
#181=CYLINDRICAL_SURFACE('',#2839,1.5);
#182=CYLINDRICAL_SURFACE('',#2843,1.5);
#183=CYLINDRICAL_SURFACE('',#2847,1.5);
#184=CYLINDRICAL_SURFACE('',#2851,1.5);
#185=CYLINDRICAL_SURFACE('',#2855,1.5);
#186=CYLINDRICAL_SURFACE('',#2859,1.5);
#187=CYLINDRICAL_SURFACE('',#2863,1.5);
#188=CYLINDRICAL_SURFACE('',#2867,1.5);
#189=CYLINDRICAL_SURFACE('',#2871,1.5);
#190=CYLINDRICAL_SURFACE('',#2875,1.5);
#191=CYLINDRICAL_SURFACE('',#2879,1.5);
#192=FACE_OUTER_BOUND('',#322,.T.);
#193=FACE_OUTER_BOUND('',#323,.T.);
#194=FACE_OUTER_BOUND('',#324,.T.);
#195=FACE_OUTER_BOUND('',#325,.T.);
#196=FACE_OUTER_BOUND('',#326,.T.);
#197=FACE_OUTER_BOUND('',#327,.T.);
#198=FACE_OUTER_BOUND('',#328,.T.);
#199=FACE_OUTER_BOUND('',#329,.T.);
#200=FACE_OUTER_BOUND('',#330,.T.);
#201=FACE_OUTER_BOUND('',#331,.T.);
#202=FACE_OUTER_BOUND('',#332,.T.);
#203=FACE_OUTER_BOUND('',#333,.T.);
#204=FACE_OUTER_BOUND('',#334,.T.);
#205=FACE_OUTER_BOUND('',#335,.T.);
#206=FACE_OUTER_BOUND('',#336,.T.);
#207=FACE_OUTER_BOUND('',#337,.T.);
#208=FACE_OUTER_BOUND('',#338,.T.);
#209=FACE_OUTER_BOUND('',#339,.T.);
#210=FACE_OUTER_BOUND('',#340,.T.);
#211=FACE_OUTER_BOUND('',#341,.T.);
#212=FACE_OUTER_BOUND('',#342,.T.);
#213=FACE_OUTER_BOUND('',#343,.T.);
#214=FACE_OUTER_BOUND('',#344,.T.);
#215=FACE_OUTER_BOUND('',#345,.T.);
#216=FACE_OUTER_BOUND('',#346,.T.);
#217=FACE_OUTER_BOUND('',#347,.T.);
#218=FACE_OUTER_BOUND('',#348,.T.);
#219=FACE_OUTER_BOUND('',#349,.T.);
#220=FACE_OUTER_BOUND('',#350,.T.);
#221=FACE_OUTER_BOUND('',#351,.T.);
#222=FACE_OUTER_BOUND('',#352,.T.);
#223=FACE_OUTER_BOUND('',#353,.T.);
#224=FACE_OUTER_BOUND('',#354,.T.);
#225=FACE_OUTER_BOUND('',#355,.T.);
#226=FACE_OUTER_BOUND('',#356,.T.);
#227=FACE_OUTER_BOUND('',#357,.T.);
#228=FACE_OUTER_BOUND('',#358,.T.);
#229=FACE_OUTER_BOUND('',#359,.T.);
#230=FACE_OUTER_BOUND('',#360,.T.);
#231=FACE_OUTER_BOUND('',#361,.T.);
#232=FACE_OUTER_BOUND('',#362,.T.);
#233=FACE_OUTER_BOUND('',#363,.T.);
#234=FACE_OUTER_BOUND('',#364,.T.);
#235=FACE_OUTER_BOUND('',#365,.T.);
#236=FACE_OUTER_BOUND('',#366,.T.);
#237=FACE_OUTER_BOUND('',#367,.T.);
#238=FACE_OUTER_BOUND('',#368,.T.);
#239=FACE_OUTER_BOUND('',#369,.T.);
#240=FACE_OUTER_BOUND('',#370,.T.);
#241=FACE_OUTER_BOUND('',#371,.T.);
#242=FACE_OUTER_BOUND('',#372,.T.);
#243=FACE_OUTER_BOUND('',#373,.T.);
#244=FACE_OUTER_BOUND('',#374,.T.);
#245=FACE_OUTER_BOUND('',#375,.T.);
#246=FACE_OUTER_BOUND('',#376,.T.);
#247=FACE_OUTER_BOUND('',#377,.T.);
#248=FACE_OUTER_BOUND('',#378,.T.);
#249=FACE_OUTER_BOUND('',#379,.T.);
#250=FACE_OUTER_BOUND('',#380,.T.);
#251=FACE_OUTER_BOUND('',#381,.T.);
#252=FACE_OUTER_BOUND('',#382,.T.);
#253=FACE_OUTER_BOUND('',#383,.T.);
#254=FACE_OUTER_BOUND('',#384,.T.);
#255=FACE_OUTER_BOUND('',#385,.T.);
#256=FACE_OUTER_BOUND('',#386,.T.);
#257=FACE_OUTER_BOUND('',#387,.T.);
#258=FACE_OUTER_BOUND('',#388,.T.);
#259=FACE_OUTER_BOUND('',#389,.T.);
#260=FACE_OUTER_BOUND('',#390,.T.);
#261=FACE_OUTER_BOUND('',#391,.T.);
#262=FACE_OUTER_BOUND('',#392,.T.);
#263=FACE_OUTER_BOUND('',#393,.T.);
#264=FACE_OUTER_BOUND('',#394,.T.);
#265=FACE_OUTER_BOUND('',#395,.T.);
#266=FACE_OUTER_BOUND('',#396,.T.);
#267=FACE_OUTER_BOUND('',#397,.T.);
#268=FACE_OUTER_BOUND('',#398,.T.);
#269=FACE_OUTER_BOUND('',#399,.T.);
#270=FACE_OUTER_BOUND('',#400,.T.);
#271=FACE_OUTER_BOUND('',#401,.T.);
#272=FACE_OUTER_BOUND('',#402,.T.);
#273=FACE_OUTER_BOUND('',#403,.T.);
#274=FACE_OUTER_BOUND('',#404,.T.);
#275=FACE_OUTER_BOUND('',#405,.T.);
#276=FACE_OUTER_BOUND('',#406,.T.);
#277=FACE_OUTER_BOUND('',#407,.T.);
#278=FACE_OUTER_BOUND('',#408,.T.);
#279=FACE_OUTER_BOUND('',#409,.T.);
#280=FACE_OUTER_BOUND('',#410,.T.);
#281=FACE_OUTER_BOUND('',#411,.T.);
#282=FACE_OUTER_BOUND('',#412,.T.);
#283=FACE_OUTER_BOUND('',#413,.T.);
#284=FACE_OUTER_BOUND('',#414,.T.);
#285=FACE_OUTER_BOUND('',#415,.T.);
#286=FACE_OUTER_BOUND('',#416,.T.);
#287=FACE_OUTER_BOUND('',#417,.T.);
#288=FACE_OUTER_BOUND('',#418,.T.);
#289=FACE_OUTER_BOUND('',#419,.T.);
#290=FACE_OUTER_BOUND('',#420,.T.);
#291=FACE_OUTER_BOUND('',#421,.T.);
#292=FACE_OUTER_BOUND('',#422,.T.);
#293=FACE_OUTER_BOUND('',#423,.T.);
#294=FACE_OUTER_BOUND('',#424,.T.);
#295=FACE_OUTER_BOUND('',#425,.T.);
#296=FACE_OUTER_BOUND('',#426,.T.);
#297=FACE_OUTER_BOUND('',#427,.T.);
#298=FACE_OUTER_BOUND('',#428,.T.);
#299=FACE_OUTER_BOUND('',#429,.T.);
#300=FACE_OUTER_BOUND('',#430,.T.);
#301=FACE_OUTER_BOUND('',#431,.T.);
#302=FACE_OUTER_BOUND('',#432,.T.);
#303=FACE_OUTER_BOUND('',#433,.T.);
#304=FACE_OUTER_BOUND('',#434,.T.);
#305=FACE_OUTER_BOUND('',#435,.T.);
#306=FACE_OUTER_BOUND('',#436,.T.);
#307=FACE_OUTER_BOUND('',#437,.T.);
#308=FACE_OUTER_BOUND('',#438,.T.);
#309=FACE_OUTER_BOUND('',#439,.T.);
#310=FACE_OUTER_BOUND('',#440,.T.);
#311=FACE_OUTER_BOUND('',#441,.T.);
#312=FACE_OUTER_BOUND('',#442,.T.);
#313=FACE_OUTER_BOUND('',#443,.T.);
#314=FACE_OUTER_BOUND('',#444,.T.);
#315=FACE_OUTER_BOUND('',#445,.T.);
#316=FACE_OUTER_BOUND('',#446,.T.);
#317=FACE_OUTER_BOUND('',#447,.T.);
#318=FACE_OUTER_BOUND('',#448,.T.);
#319=FACE_OUTER_BOUND('',#449,.T.);
#320=FACE_OUTER_BOUND('',#450,.T.);
#321=FACE_OUTER_BOUND('',#459,.T.);
#322=EDGE_LOOP('',(#1690,#1691));
#323=EDGE_LOOP('',(#1692,#1693));
#324=EDGE_LOOP('',(#1694,#1695,#1696,#1697));
#325=EDGE_LOOP('',(#1698,#1699,#1700,#1701));
#326=EDGE_LOOP('',(#1702,#1703,#1704,#1705));
#327=EDGE_LOOP('',(#1706,#1707,#1708,#1709));
#328=EDGE_LOOP('',(#1710,#1711,#1712,#1713,#1714));
#329=EDGE_LOOP('',(#1715,#1716,#1717,#1718));
#330=EDGE_LOOP('',(#1719,#1720,#1721,#1722));
#331=EDGE_LOOP('',(#1723,#1724,#1725,#1726,#1727));
#332=EDGE_LOOP('',(#1728,#1729,#1730,#1731));
#333=EDGE_LOOP('',(#1732,#1733,#1734,#1735,#1736,#1737));
#334=EDGE_LOOP('',(#1738,#1739,#1740,#1741,#1742,#1743,#1744));
#335=EDGE_LOOP('',(#1745,#1746,#1747,#1748));
#336=EDGE_LOOP('',(#1749,#1750,#1751,#1752,#1753,#1754));
#337=EDGE_LOOP('',(#1755,#1756,#1757,#1758));
#338=EDGE_LOOP('',(#1759,#1760,#1761,#1762,#1763,#1764));
#339=EDGE_LOOP('',(#1765,#1766,#1767,#1768));
#340=EDGE_LOOP('',(#1769,#1770,#1771,#1772));
#341=EDGE_LOOP('',(#1773,#1774,#1775,#1776,#1777,#1778,#1779));
#342=EDGE_LOOP('',(#1780,#1781,#1782,#1783));
#343=EDGE_LOOP('',(#1784,#1785,#1786,#1787));
#344=EDGE_LOOP('',(#1788,#1789,#1790,#1791,#1792));
#345=EDGE_LOOP('',(#1793,#1794,#1795,#1796));
#346=EDGE_LOOP('',(#1797,#1798,#1799,#1800,#1801,#1802));
#347=EDGE_LOOP('',(#1803,#1804,#1805,#1806,#1807));
#348=EDGE_LOOP('',(#1808,#1809,#1810,#1811,#1812));
#349=EDGE_LOOP('',(#1813,#1814,#1815,#1816,#1817));
#350=EDGE_LOOP('',(#1818,#1819,#1820,#1821,#1822));
#351=EDGE_LOOP('',(#1823,#1824,#1825,#1826,#1827));
#352=EDGE_LOOP('',(#1828,#1829,#1830,#1831));
#353=EDGE_LOOP('',(#1832,#1833,#1834,#1835,#1836));
#354=EDGE_LOOP('',(#1837,#1838,#1839,#1840));
#355=EDGE_LOOP('',(#1841,#1842,#1843,#1844,#1845));
#356=EDGE_LOOP('',(#1846,#1847,#1848,#1849));
#357=EDGE_LOOP('',(#1850,#1851,#1852,#1853,#1854));
#358=EDGE_LOOP('',(#1855,#1856,#1857,#1858));
#359=EDGE_LOOP('',(#1859,#1860,#1861,#1862,#1863));
#360=EDGE_LOOP('',(#1864,#1865,#1866,#1867,#1868));
#361=EDGE_LOOP('',(#1869,#1870,#1871,#1872));
#362=EDGE_LOOP('',(#1873,#1874,#1875,#1876,#1877));
#363=EDGE_LOOP('',(#1878,#1879,#1880,#1881));
#364=EDGE_LOOP('',(#1882,#1883,#1884,#1885,#1886));
#365=EDGE_LOOP('',(#1887,#1888,#1889,#1890,#1891));
#366=EDGE_LOOP('',(#1892,#1893,#1894,#1895,#1896));
#367=EDGE_LOOP('',(#1897,#1898,#1899,#1900));
#368=EDGE_LOOP('',(#1901,#1902,#1903,#1904));
#369=EDGE_LOOP('',(#1905,#1906,#1907,#1908));
#370=EDGE_LOOP('',(#1909,#1910,#1911,#1912));
#371=EDGE_LOOP('',(#1913,#1914,#1915,#1916));
#372=EDGE_LOOP('',(#1917,#1918,#1919,#1920));
#373=EDGE_LOOP('',(#1921,#1922,#1923,#1924));
#374=EDGE_LOOP('',(#1925,#1926,#1927,#1928));
#375=EDGE_LOOP('',(#1929,#1930,#1931,#1932));
#376=EDGE_LOOP('',(#1933,#1934,#1935,#1936));
#377=EDGE_LOOP('',(#1937,#1938,#1939,#1940));
#378=EDGE_LOOP('',(#1941,#1942,#1943,#1944));
#379=EDGE_LOOP('',(#1945,#1946,#1947,#1948));
#380=EDGE_LOOP('',(#1949,#1950,#1951,#1952));
#381=EDGE_LOOP('',(#1953,#1954,#1955,#1956));
#382=EDGE_LOOP('',(#1957,#1958,#1959,#1960));
#383=EDGE_LOOP('',(#1961,#1962,#1963,#1964));
#384=EDGE_LOOP('',(#1965,#1966,#1967,#1968));
#385=EDGE_LOOP('',(#1969,#1970,#1971,#1972));
#386=EDGE_LOOP('',(#1973,#1974,#1975,#1976));
#387=EDGE_LOOP('',(#1977,#1978,#1979,#1980));
#388=EDGE_LOOP('',(#1981,#1982,#1983,#1984));
#389=EDGE_LOOP('',(#1985,#1986,#1987,#1988));
#390=EDGE_LOOP('',(#1989,#1990,#1991,#1992));
#391=EDGE_LOOP('',(#1993,#1994,#1995,#1996));
#392=EDGE_LOOP('',(#1997,#1998,#1999,#2000));
#393=EDGE_LOOP('',(#2001,#2002,#2003,#2004));
#394=EDGE_LOOP('',(#2005,#2006,#2007,#2008));
#395=EDGE_LOOP('',(#2009,#2010,#2011,#2012));
#396=EDGE_LOOP('',(#2013,#2014,#2015,#2016));
#397=EDGE_LOOP('',(#2017,#2018,#2019,#2020));
#398=EDGE_LOOP('',(#2021,#2022,#2023,#2024));
#399=EDGE_LOOP('',(#2025,#2026,#2027,#2028));
#400=EDGE_LOOP('',(#2029,#2030,#2031,#2032));
#401=EDGE_LOOP('',(#2033,#2034,#2035,#2036));
#402=EDGE_LOOP('',(#2037,#2038,#2039,#2040));
#403=EDGE_LOOP('',(#2041,#2042,#2043,#2044));
#404=EDGE_LOOP('',(#2045,#2046,#2047,#2048));
#405=EDGE_LOOP('',(#2049,#2050,#2051,#2052));
#406=EDGE_LOOP('',(#2053,#2054,#2055,#2056));
#407=EDGE_LOOP('',(#2057,#2058,#2059,#2060));
#408=EDGE_LOOP('',(#2061,#2062,#2063,#2064));
#409=EDGE_LOOP('',(#2065,#2066,#2067,#2068));
#410=EDGE_LOOP('',(#2069,#2070,#2071,#2072));
#411=EDGE_LOOP('',(#2073,#2074,#2075,#2076));
#412=EDGE_LOOP('',(#2077,#2078,#2079,#2080));
#413=EDGE_LOOP('',(#2081,#2082,#2083,#2084));
#414=EDGE_LOOP('',(#2085,#2086,#2087,#2088));
#415=EDGE_LOOP('',(#2089,#2090,#2091,#2092));
#416=EDGE_LOOP('',(#2093,#2094,#2095,#2096));
#417=EDGE_LOOP('',(#2097,#2098,#2099,#2100));
#418=EDGE_LOOP('',(#2101,#2102,#2103,#2104));
#419=EDGE_LOOP('',(#2105,#2106,#2107,#2108));
#420=EDGE_LOOP('',(#2109,#2110,#2111,#2112));
#421=EDGE_LOOP('',(#2113,#2114,#2115,#2116));
#422=EDGE_LOOP('',(#2117,#2118,#2119,#2120));
#423=EDGE_LOOP('',(#2121,#2122,#2123,#2124));
#424=EDGE_LOOP('',(#2125,#2126,#2127,#2128));
#425=EDGE_LOOP('',(#2129,#2130,#2131,#2132));
#426=EDGE_LOOP('',(#2133,#2134,#2135,#2136));
#427=EDGE_LOOP('',(#2137,#2138,#2139,#2140));
#428=EDGE_LOOP('',(#2141,#2142,#2143,#2144));
#429=EDGE_LOOP('',(#2145,#2146,#2147,#2148));
#430=EDGE_LOOP('',(#2149,#2150,#2151,#2152));
#431=EDGE_LOOP('',(#2153,#2154,#2155,#2156));
#432=EDGE_LOOP('',(#2157,#2158,#2159,#2160,#2161,#2162,#2163,#2164,#2165,
#2166,#2167,#2168,#2169,#2170,#2171,#2172,#2173));
#433=EDGE_LOOP('',(#2174,#2175,#2176,#2177,#2178,#2179));
#434=EDGE_LOOP('',(#2180,#2181,#2182,#2183,#2184,#2185,#2186,#2187,#2188,
#2189,#2190,#2191,#2192,#2193,#2194));
#435=EDGE_LOOP('',(#2195,#2196,#2197,#2198,#2199,#2200));
#436=EDGE_LOOP('',(#2201,#2202,#2203,#2204,#2205,#2206,#2207,#2208,#2209,
#2210,#2211,#2212,#2213));
#437=EDGE_LOOP('',(#2214,#2215,#2216,#2217,#2218,#2219));
#438=EDGE_LOOP('',(#2220,#2221,#2222,#2223));
#439=EDGE_LOOP('',(#2224,#2225,#2226,#2227,#2228,#2229,#2230,#2231,#2232,
#2233,#2234,#2235,#2236,#2237));
#440=EDGE_LOOP('',(#2238,#2239,#2240,#2241,#2242,#2243));
#441=EDGE_LOOP('',(#2244,#2245,#2246,#2247,#2248,#2249,#2250,#2251,#2252,
#2253,#2254,#2255,#2256));
#442=EDGE_LOOP('',(#2257,#2258,#2259,#2260,#2261,#2262));
#443=EDGE_LOOP('',(#2263,#2264,#2265,#2266,#2267,#2268,#2269,#2270,#2271,
#2272,#2273,#2274,#2275,#2276,#2277,#2278,#2279,#2280,#2281,#2282,#2283,
#2284,#2285,#2286,#2287,#2288,#2289,#2290,#2291,#2292,#2293,#2294,#2295,
#2296));
#444=EDGE_LOOP('',(#2297,#2298,#2299,#2300));
#445=EDGE_LOOP('',(#2301,#2302,#2303,#2304));
#446=EDGE_LOOP('',(#2305,#2306,#2307,#2308,#2309,#2310,#2311,#2312,#2313,
#2314,#2315,#2316,#2317,#2318,#2319,#2320,#2321));
#447=EDGE_LOOP('',(#2322,#2323,#2324,#2325));
#448=EDGE_LOOP('',(#2326,#2327,#2328,#2329));
#449=EDGE_LOOP('',(#2330,#2331,#2332,#2333));
#450=EDGE_LOOP('',(#2334,#2335,#2336,#2337,#2338,#2339,#2340,#2341,#2342,
#2343,#2344,#2345,#2346,#2347,#2348,#2349,#2350,#2351,#2352,#2353,#2354,
#2355,#2356,#2357,#2358,#2359,#2360,#2361,#2362,#2363,#2364,#2365,#2366,
#2367,#2368,#2369,#2370,#2371,#2372,#2373,#2374,#2375,#2376,#2377,#2378,
#2379,#2380,#2381,#2382,#2383,#2384,#2385,#2386,#2387,#2388,#2389,#2390,
#2391,#2392,#2393,#2394,#2395,#2396,#2397));
#451=EDGE_LOOP('',(#2398,#2399));
#452=EDGE_LOOP('',(#2400,#2401,#2402,#2403,#2404,#2405));
#453=EDGE_LOOP('',(#2406,#2407,#2408,#2409,#2410,#2411));
#454=EDGE_LOOP('',(#2412,#2413,#2414,#2415,#2416,#2417));
#455=EDGE_LOOP('',(#2418,#2419,#2420,#2421,#2422,#2423));
#456=EDGE_LOOP('',(#2424,#2425,#2426,#2427,#2428,#2429));
#457=EDGE_LOOP('',(#2430,#2431,#2432,#2433,#2434,#2435));
#458=EDGE_LOOP('',(#2436,#2437,#2438,#2439,#2440,#2441));
#459=EDGE_LOOP('',(#2442,#2443,#2444,#2445,#2446,#2447,#2448,#2449,#2450,
#2451,#2452,#2453,#2454,#2455,#2456,#2457,#2458,#2459,#2460,#2461,#2462,
#2463,#2464,#2465,#2466,#2467,#2468,#2469,#2470,#2471,#2472,#2473,#2474,
#2475,#2476,#2477,#2478,#2479,#2480,#2481,#2482,#2483,#2484,#2485,#2486,
#2487,#2488,#2489,#2490,#2491,#2492,#2493,#2494,#2495,#2496,#2497,#2498,
#2499,#2500,#2501,#2502,#2503,#2504,#2505));
#460=EDGE_LOOP('',(#2506,#2507,#2508,#2509,#2510,#2511,#2512,#2513,#2514,
#2515,#2516,#2517,#2518,#2519));
#461=LINE('',#3580,#687);
#462=LINE('',#3585,#688);
#463=LINE('',#3588,#689);
#464=LINE('',#3591,#690);
#465=LINE('',#3618,#691);
#466=LINE('',#3621,#692);
#467=LINE('',#3624,#693);
#468=LINE('',#3626,#694);
#469=LINE('',#3646,#695);
#470=LINE('',#3647,#696);
#471=LINE('',#3666,#697);
#472=LINE('',#3670,#698);
#473=LINE('',#3689,#699);
#474=LINE('',#3691,#700);
#475=LINE('',#3715,#701);
#476=LINE('',#3716,#702);
#477=LINE('',#3735,#703);
#478=LINE('',#3739,#704);
#479=LINE('',#3756,#705);
#480=LINE('',#3758,#706);
#481=LINE('',#3805,#707);
#482=LINE('',#3842,#708);
#483=LINE('',#3846,#709);
#484=LINE('',#3861,#710);
#485=LINE('',#3863,#711);
#486=LINE('',#3901,#712);
#487=LINE('',#3921,#713);
#488=LINE('',#3922,#714);
#489=LINE('',#3953,#715);
#490=LINE('',#3956,#716);
#491=LINE('',#3959,#717);
#492=LINE('',#3961,#718);
#493=LINE('',#3985,#719);
#494=LINE('',#3986,#720);
#495=LINE('',#3997,#721);
#496=LINE('',#4001,#722);
#497=LINE('',#4016,#723);
#498=LINE('',#4031,#724);
#499=LINE('',#4033,#725);
#500=LINE('',#4053,#726);
#501=LINE('',#4054,#727);
#502=LINE('',#4071,#728);
#503=LINE('',#4075,#729);
#504=LINE('',#4092,#730);
#505=LINE('',#4094,#731);
#506=LINE('',#4163,#732);
#507=LINE('',#4183,#733);
#508=LINE('',#4199,#734);
#509=LINE('',#4225,#735);
#510=LINE('',#4242,#736);
#511=LINE('',#4267,#737);
#512=LINE('',#4281,#738);
#513=LINE('',#4293,#739);
#514=LINE('',#4297,#740);
#515=LINE('',#4321,#741);
#516=LINE('',#4360,#742);
#517=LINE('',#4379,#743);
#518=LINE('',#4402,#744);
#519=LINE('',#4406,#745);
#520=LINE('',#4419,#746);
#521=LINE('',#4471,#747);
#522=LINE('',#4485,#748);
#523=LINE('',#4488,#749);
#524=LINE('',#4491,#750);
#525=LINE('',#4493,#751);
#526=LINE('',#4494,#752);
#527=LINE('',#4500,#753);
#528=LINE('',#4503,#754);
#529=LINE('',#4506,#755);
#530=LINE('',#4508,#756);
#531=LINE('',#4509,#757);
#532=LINE('',#4515,#758);
#533=LINE('',#4518,#759);
#534=LINE('',#4521,#760);
#535=LINE('',#4523,#761);
#536=LINE('',#4524,#762);
#537=LINE('',#4530,#763);
#538=LINE('',#4533,#764);
#539=LINE('',#4536,#765);
#540=LINE('',#4538,#766);
#541=LINE('',#4539,#767);
#542=LINE('',#4545,#768);
#543=LINE('',#4548,#769);
#544=LINE('',#4551,#770);
#545=LINE('',#4553,#771);
#546=LINE('',#4554,#772);
#547=LINE('',#4560,#773);
#548=LINE('',#4563,#774);
#549=LINE('',#4566,#775);
#550=LINE('',#4568,#776);
#551=LINE('',#4569,#777);
#552=LINE('',#4575,#778);
#553=LINE('',#4578,#779);
#554=LINE('',#4581,#780);
#555=LINE('',#4583,#781);
#556=LINE('',#4584,#782);
#557=LINE('',#4590,#783);
#558=LINE('',#4593,#784);
#559=LINE('',#4596,#785);
#560=LINE('',#4598,#786);
#561=LINE('',#4599,#787);
#562=LINE('',#4605,#788);
#563=LINE('',#4608,#789);
#564=LINE('',#4611,#790);
#565=LINE('',#4613,#791);
#566=LINE('',#4614,#792);
#567=LINE('',#4620,#793);
#568=LINE('',#4623,#794);
#569=LINE('',#4626,#795);
#570=LINE('',#4628,#796);
#571=LINE('',#4629,#797);
#572=LINE('',#4635,#798);
#573=LINE('',#4638,#799);
#574=LINE('',#4641,#800);
#575=LINE('',#4643,#801);
#576=LINE('',#4644,#802);
#577=LINE('',#4650,#803);
#578=LINE('',#4653,#804);
#579=LINE('',#4656,#805);
#580=LINE('',#4658,#806);
#581=LINE('',#4659,#807);
#582=LINE('',#4665,#808);
#583=LINE('',#4668,#809);
#584=LINE('',#4671,#810);
#585=LINE('',#4673,#811);
#586=LINE('',#4674,#812);
#587=LINE('',#4680,#813);
#588=LINE('',#4683,#814);
#589=LINE('',#4686,#815);
#590=LINE('',#4688,#816);
#591=LINE('',#4689,#817);
#592=LINE('',#4695,#818);
#593=LINE('',#4698,#819);
#594=LINE('',#4701,#820);
#595=LINE('',#4703,#821);
#596=LINE('',#4704,#822);
#597=LINE('',#4710,#823);
#598=LINE('',#4713,#824);
#599=LINE('',#4716,#825);
#600=LINE('',#4718,#826);
#601=LINE('',#4719,#827);
#602=LINE('',#4722,#828);
#603=LINE('',#4724,#829);
#604=LINE('',#4725,#830);
#605=LINE('',#4727,#831);
#606=LINE('',#4728,#832);
#607=LINE('',#4731,#833);
#608=LINE('',#4733,#834);
#609=LINE('',#4734,#835);
#610=LINE('',#4736,#836);
#611=LINE('',#4737,#837);
#612=LINE('',#4740,#838);
#613=LINE('',#4742,#839);
#614=LINE('',#4743,#840);
#615=LINE('',#4745,#841);
#616=LINE('',#4746,#842);
#617=LINE('',#4749,#843);
#618=LINE('',#4751,#844);
#619=LINE('',#4752,#845);
#620=LINE('',#4754,#846);
#621=LINE('',#4755,#847);
#622=LINE('',#4758,#848);
#623=LINE('',#4760,#849);
#624=LINE('',#4761,#850);
#625=LINE('',#4763,#851);
#626=LINE('',#4764,#852);
#627=LINE('',#4767,#853);
#628=LINE('',#4769,#854);
#629=LINE('',#4770,#855);
#630=LINE('',#4772,#856);
#631=LINE('',#4773,#857);
#632=LINE('',#4776,#858);
#633=LINE('',#4778,#859);
#634=LINE('',#4779,#860);
#635=LINE('',#4781,#861);
#636=LINE('',#4782,#862);
#637=LINE('',#4785,#863);
#638=LINE('',#4787,#864);
#639=LINE('',#4788,#865);
#640=LINE('',#4790,#866);
#641=LINE('',#4791,#867);
#642=LINE('',#4794,#868);
#643=LINE('',#4796,#869);
#644=LINE('',#4797,#870);
#645=LINE('',#4799,#871);
#646=LINE('',#4800,#872);
#647=LINE('',#4803,#873);
#648=LINE('',#4805,#874);
#649=LINE('',#4806,#875);
#650=LINE('',#4808,#876);
#651=LINE('',#4809,#877);
#652=LINE('',#4812,#878);
#653=LINE('',#4814,#879);
#654=LINE('',#4815,#880);
#655=LINE('',#4817,#881);
#656=LINE('',#4818,#882);
#657=LINE('',#4821,#883);
#658=LINE('',#4823,#884);
#659=LINE('',#4824,#885);
#660=LINE('',#4826,#886);
#661=LINE('',#4827,#887);
#662=LINE('',#4830,#888);
#663=LINE('',#4832,#889);
#664=LINE('',#4833,#890);
#665=LINE('',#4835,#891);
#666=LINE('',#4836,#892);
#667=LINE('',#4839,#893);
#668=LINE('',#4841,#894);
#669=LINE('',#4842,#895);
#670=LINE('',#4844,#896);
#671=LINE('',#4845,#897);
#672=LINE('',#4848,#898);
#673=LINE('',#4850,#899);
#674=LINE('',#4851,#900);
#675=LINE('',#4853,#901);
#676=LINE('',#4854,#902);
#677=LINE('',#4857,#903);
#678=LINE('',#4859,#904);
#679=LINE('',#4860,#905);
#680=LINE('',#4862,#906);
#681=LINE('',#4863,#907);
#682=LINE('',#4916,#908);
#683=LINE('',#5006,#909);
#684=LINE('',#5925,#910);
#685=LINE('',#5927,#911);
#686=LINE('',#5929,#912);
#687=VECTOR('',#2945,10.);
#688=VECTOR('',#2950,10.);
#689=VECTOR('',#2953,10.);
#690=VECTOR('',#2956,10.);
#691=VECTOR('',#2959,1.);
#692=VECTOR('',#2962,1.);
#693=VECTOR('',#2965,10.);
#694=VECTOR('',#2966,10.);
#695=VECTOR('',#2969,10.);
#696=VECTOR('',#2970,10.);
#697=VECTOR('',#2973,1.);
#698=VECTOR('',#2976,1.);
#699=VECTOR('',#2979,10.);
#700=VECTOR('',#2980,10.);
#701=VECTOR('',#2983,10.);
#702=VECTOR('',#2984,10.);
#703=VECTOR('',#2987,1.);
#704=VECTOR('',#2990,1.);
#705=VECTOR('',#2993,10.);
#706=VECTOR('',#2994,10.);
#707=VECTOR('',#2997,10.);
#708=VECTOR('',#3000,1.);
#709=VECTOR('',#3003,1.);
#710=VECTOR('',#3006,10.);
#711=VECTOR('',#3007,10.);
#712=VECTOR('',#3010,10.);
#713=VECTOR('',#3013,10.);
#714=VECTOR('',#3014,10.);
#715=VECTOR('',#3017,1.);
#716=VECTOR('',#3020,1.);
#717=VECTOR('',#3023,10.);
#718=VECTOR('',#3024,10.);
#719=VECTOR('',#3027,10.);
#720=VECTOR('',#3028,10.);
#721=VECTOR('',#3031,1.);
#722=VECTOR('',#3034,1.);
#723=VECTOR('',#3035,10.);
#724=VECTOR('',#3038,10.);
#725=VECTOR('',#3039,10.);
#726=VECTOR('',#3042,10.);
#727=VECTOR('',#3043,10.);
#728=VECTOR('',#3046,1.);
#729=VECTOR('',#3049,1.);
#730=VECTOR('',#3052,10.);
#731=VECTOR('',#3053,10.);
#732=VECTOR('',#3060,10.);
#733=VECTOR('',#3065,10.);
#734=VECTOR('',#3070,10.);
#735=VECTOR('',#3075,10.);
#736=VECTOR('',#3078,10.);
#737=VECTOR('',#3089,10.);
#738=VECTOR('',#3096,10.);
#739=VECTOR('',#3101,10.);
#740=VECTOR('',#3104,10.);
#741=VECTOR('',#3113,10.);
#742=VECTOR('',#3126,10.);
#743=VECTOR('',#3129,10.);
#744=VECTOR('',#3140,10.);
#745=VECTOR('',#3143,10.);
#746=VECTOR('',#3148,10.);
#747=VECTOR('',#3161,10.);
#748=VECTOR('',#3174,10.);
#749=VECTOR('',#3177,10.);
#750=VECTOR('',#3180,10.);
#751=VECTOR('',#3181,10.);
#752=VECTOR('',#3182,10.);
#753=VECTOR('',#3187,10.);
#754=VECTOR('',#3190,10.);
#755=VECTOR('',#3193,10.);
#756=VECTOR('',#3194,10.);
#757=VECTOR('',#3195,10.);
#758=VECTOR('',#3200,10.);
#759=VECTOR('',#3203,10.);
#760=VECTOR('',#3206,10.);
#761=VECTOR('',#3207,10.);
#762=VECTOR('',#3208,10.);
#763=VECTOR('',#3213,10.);
#764=VECTOR('',#3216,10.);
#765=VECTOR('',#3219,10.);
#766=VECTOR('',#3220,10.);
#767=VECTOR('',#3221,10.);
#768=VECTOR('',#3226,10.);
#769=VECTOR('',#3229,10.);
#770=VECTOR('',#3232,10.);
#771=VECTOR('',#3233,10.);
#772=VECTOR('',#3234,10.);
#773=VECTOR('',#3239,10.);
#774=VECTOR('',#3242,10.);
#775=VECTOR('',#3245,10.);
#776=VECTOR('',#3246,10.);
#777=VECTOR('',#3247,10.);
#778=VECTOR('',#3252,10.);
#779=VECTOR('',#3255,10.);
#780=VECTOR('',#3258,10.);
#781=VECTOR('',#3259,10.);
#782=VECTOR('',#3260,10.);
#783=VECTOR('',#3265,10.);
#784=VECTOR('',#3268,10.);
#785=VECTOR('',#3271,10.);
#786=VECTOR('',#3272,10.);
#787=VECTOR('',#3273,10.);
#788=VECTOR('',#3278,10.);
#789=VECTOR('',#3281,10.);
#790=VECTOR('',#3284,10.);
#791=VECTOR('',#3285,10.);
#792=VECTOR('',#3286,10.);
#793=VECTOR('',#3291,10.);
#794=VECTOR('',#3294,10.);
#795=VECTOR('',#3297,10.);
#796=VECTOR('',#3298,10.);
#797=VECTOR('',#3299,10.);
#798=VECTOR('',#3304,10.);
#799=VECTOR('',#3307,10.);
#800=VECTOR('',#3310,10.);
#801=VECTOR('',#3311,10.);
#802=VECTOR('',#3312,10.);
#803=VECTOR('',#3317,10.);
#804=VECTOR('',#3320,10.);
#805=VECTOR('',#3323,10.);
#806=VECTOR('',#3324,10.);
#807=VECTOR('',#3325,10.);
#808=VECTOR('',#3330,10.);
#809=VECTOR('',#3333,10.);
#810=VECTOR('',#3336,10.);
#811=VECTOR('',#3337,10.);
#812=VECTOR('',#3338,10.);
#813=VECTOR('',#3343,10.);
#814=VECTOR('',#3346,10.);
#815=VECTOR('',#3349,10.);
#816=VECTOR('',#3350,10.);
#817=VECTOR('',#3351,10.);
#818=VECTOR('',#3356,10.);
#819=VECTOR('',#3359,10.);
#820=VECTOR('',#3362,10.);
#821=VECTOR('',#3363,10.);
#822=VECTOR('',#3364,10.);
#823=VECTOR('',#3369,10.);
#824=VECTOR('',#3372,10.);
#825=VECTOR('',#3375,10.);
#826=VECTOR('',#3376,10.);
#827=VECTOR('',#3377,10.);
#828=VECTOR('',#3380,10.);
#829=VECTOR('',#3381,10.);
#830=VECTOR('',#3382,10.);
#831=VECTOR('',#3385,10.);
#832=VECTOR('',#3386,10.);
#833=VECTOR('',#3389,10.);
#834=VECTOR('',#3390,10.);
#835=VECTOR('',#3391,10.);
#836=VECTOR('',#3394,10.);
#837=VECTOR('',#3395,10.);
#838=VECTOR('',#3398,10.);
#839=VECTOR('',#3399,10.);
#840=VECTOR('',#3400,10.);
#841=VECTOR('',#3403,10.);
#842=VECTOR('',#3404,10.);
#843=VECTOR('',#3407,10.);
#844=VECTOR('',#3408,10.);
#845=VECTOR('',#3409,10.);
#846=VECTOR('',#3412,10.);
#847=VECTOR('',#3413,10.);
#848=VECTOR('',#3416,10.);
#849=VECTOR('',#3417,10.);
#850=VECTOR('',#3418,10.);
#851=VECTOR('',#3421,10.);
#852=VECTOR('',#3422,10.);
#853=VECTOR('',#3425,10.);
#854=VECTOR('',#3426,10.);
#855=VECTOR('',#3427,10.);
#856=VECTOR('',#3430,10.);
#857=VECTOR('',#3431,10.);
#858=VECTOR('',#3434,10.);
#859=VECTOR('',#3435,10.);
#860=VECTOR('',#3436,10.);
#861=VECTOR('',#3439,10.);
#862=VECTOR('',#3440,10.);
#863=VECTOR('',#3443,10.);
#864=VECTOR('',#3444,10.);
#865=VECTOR('',#3445,10.);
#866=VECTOR('',#3448,10.);
#867=VECTOR('',#3449,10.);
#868=VECTOR('',#3452,10.);
#869=VECTOR('',#3453,10.);
#870=VECTOR('',#3454,10.);
#871=VECTOR('',#3457,10.);
#872=VECTOR('',#3458,10.);
#873=VECTOR('',#3461,10.);
#874=VECTOR('',#3462,10.);
#875=VECTOR('',#3463,10.);
#876=VECTOR('',#3466,10.);
#877=VECTOR('',#3467,10.);
#878=VECTOR('',#3470,10.);
#879=VECTOR('',#3471,10.);
#880=VECTOR('',#3472,10.);
#881=VECTOR('',#3475,10.);
#882=VECTOR('',#3476,10.);
#883=VECTOR('',#3479,10.);
#884=VECTOR('',#3480,10.);
#885=VECTOR('',#3481,10.);
#886=VECTOR('',#3484,10.);
#887=VECTOR('',#3485,10.);
#888=VECTOR('',#3488,10.);
#889=VECTOR('',#3489,10.);
#890=VECTOR('',#3490,10.);
#891=VECTOR('',#3493,10.);
#892=VECTOR('',#3494,10.);
#893=VECTOR('',#3497,10.);
#894=VECTOR('',#3498,10.);
#895=VECTOR('',#3499,10.);
#896=VECTOR('',#3502,10.);
#897=VECTOR('',#3503,10.);
#898=VECTOR('',#3506,10.);
#899=VECTOR('',#3507,10.);
#900=VECTOR('',#3508,10.);
#901=VECTOR('',#3511,10.);
#902=VECTOR('',#3512,10.);
#903=VECTOR('',#3515,10.);
#904=VECTOR('',#3516,10.);
#905=VECTOR('',#3517,10.);
#906=VECTOR('',#3520,10.);
#907=VECTOR('',#3521,10.);
#908=VECTOR('',#3522,10.);
#909=VECTOR('',#3527,10.);
#910=VECTOR('',#3564,10.);
#911=VECTOR('',#3567,10.);
#912=VECTOR('',#3570,10.);
#913=CIRCLE('',#2736,1.5);
#914=CIRCLE('',#2738,1.5);
#915=CIRCLE('',#2740,1.5);
#916=CIRCLE('',#2742,1.);
#917=CIRCLE('',#2746,1.);
#918=CIRCLE('',#2750,1.);
#919=CIRCLE('',#2754,1.);
#920=CIRCLE('',#2759,1.);
#921=CIRCLE('',#2763,1.);
#922=CIRCLE('',#2767,1.);
#923=CIRCLE('',#2771,1.);
#924=CIRCLE('',#2773,1.);
#925=CIRCLE('',#2775,1.);
#926=CIRCLE('',#2777,1.);
#927=CIRCLE('',#2779,1.);
#928=CIRCLE('',#2781,11.);
#929=CIRCLE('',#2782,11.);
#930=CIRCLE('',#2784,1.);
#931=CIRCLE('',#2786,11.);
#932=CIRCLE('',#2787,11.);
#933=CIRCLE('',#2789,1.);
#934=CIRCLE('',#2791,11.);
#935=CIRCLE('',#2792,11.);
#936=CIRCLE('',#2794,1.);
#937=CIRCLE('',#2796,11.);
#938=CIRCLE('',#2797,11.);
#939=CIRCLE('',#2799,1.);
#940=CIRCLE('',#2801,1.);
#941=CIRCLE('',#2803,11.);
#942=CIRCLE('',#2804,11.);
#943=CIRCLE('',#2806,1.);
#944=CIRCLE('',#2808,11.);
#945=CIRCLE('',#2809,11.);
#946=CIRCLE('',#2811,1.);
#947=CIRCLE('',#2813,1.);
#948=CIRCLE('',#2815,1.);
#949=CIRCLE('',#2817,11.);
#950=CIRCLE('',#2818,11.);
#951=CIRCLE('',#2820,1.5);
#952=CIRCLE('',#2821,1.5);
#953=CIRCLE('',#2824,1.5);
#954=CIRCLE('',#2825,1.5);
#955=CIRCLE('',#2828,1.5);
#956=CIRCLE('',#2829,1.5);
#957=CIRCLE('',#2832,1.5);
#958=CIRCLE('',#2833,1.5);
#959=CIRCLE('',#2836,1.5);
#960=CIRCLE('',#2837,1.5);
#961=CIRCLE('',#2840,1.5);
#962=CIRCLE('',#2841,1.5);
#963=CIRCLE('',#2844,1.5);
#964=CIRCLE('',#2845,1.5);
#965=CIRCLE('',#2848,1.5);
#966=CIRCLE('',#2849,1.5);
#967=CIRCLE('',#2852,1.5);
#968=CIRCLE('',#2853,1.5);
#969=CIRCLE('',#2856,1.5);
#970=CIRCLE('',#2857,1.5);
#971=CIRCLE('',#2860,1.5);
#972=CIRCLE('',#2861,1.5);
#973=CIRCLE('',#2864,1.5);
#974=CIRCLE('',#2865,1.5);
#975=CIRCLE('',#2868,1.5);
#976=CIRCLE('',#2869,1.5);
#977=CIRCLE('',#2872,1.5);
#978=CIRCLE('',#2873,1.5);
#979=CIRCLE('',#2876,1.5);
#980=CIRCLE('',#2877,1.5);
#981=CIRCLE('',#2880,1.5);
#982=CIRCLE('',#2881,1.5);
#983=CIRCLE('',#2916,11.);
#984=CIRCLE('',#2918,11.);
#985=CIRCLE('',#2920,11.);
#986=CIRCLE('',#2922,10.75);
#987=CIRCLE('',#2923,11.);
#988=CIRCLE('',#2925,11.);
#989=CIRCLE('',#2927,11.);
#990=CIRCLE('',#2928,1.75);
#991=CIRCLE('',#2929,10.75);
#992=CIRCLE('',#2932,11.);
#993=VERTEX_POINT('',#3577);
#994=VERTEX_POINT('',#3578);
#995=VERTEX_POINT('',#3582);
#996=VERTEX_POINT('',#3583);
#997=VERTEX_POINT('',#3587);
#998=VERTEX_POINT('',#3589);
#999=VERTEX_POINT('',#3593);
#1000=VERTEX_POINT('',#3594);
#1001=VERTEX_POINT('',#3617);
#1002=VERTEX_POINT('',#3619);
#1003=VERTEX_POINT('',#3623);
#1004=VERTEX_POINT('',#3625);
#1005=VERTEX_POINT('',#3636);
#1006=VERTEX_POINT('',#3645);
#1007=VERTEX_POINT('',#3649);
#1008=VERTEX_POINT('',#3650);
#1009=VERTEX_POINT('',#3665);
#1010=VERTEX_POINT('',#3667);
#1011=VERTEX_POINT('',#3669);
#1012=VERTEX_POINT('',#3688);
#1013=VERTEX_POINT('',#3690);
#1014=VERTEX_POINT('',#3701);
#1015=VERTEX_POINT('',#3714);
#1016=VERTEX_POINT('',#3718);
#1017=VERTEX_POINT('',#3719);
#1018=VERTEX_POINT('',#3734);
#1019=VERTEX_POINT('',#3736);
#1020=VERTEX_POINT('',#3738);
#1021=VERTEX_POINT('',#3755);
#1022=VERTEX_POINT('',#3757);
#1023=VERTEX_POINT('',#3772);
#1024=VERTEX_POINT('',#3773);
#1025=VERTEX_POINT('',#3794);
#1026=VERTEX_POINT('',#3799);
#1027=VERTEX_POINT('',#3804);
#1028=VERTEX_POINT('',#3806);
#1029=VERTEX_POINT('',#3817);
#1030=VERTEX_POINT('',#3828);
#1031=VERTEX_POINT('',#3841);
#1032=VERTEX_POINT('',#3843);
#1033=VERTEX_POINT('',#3845);
#1034=VERTEX_POINT('',#3860);
#1035=VERTEX_POINT('',#3862);
#1036=VERTEX_POINT('',#3873);
#1037=VERTEX_POINT('',#3874);
#1038=VERTEX_POINT('',#3890);
#1039=VERTEX_POINT('',#3895);
#1040=VERTEX_POINT('',#3900);
#1041=VERTEX_POINT('',#3902);
#1042=VERTEX_POINT('',#3911);
#1043=VERTEX_POINT('',#3920);
#1044=VERTEX_POINT('',#3924);
#1045=VERTEX_POINT('',#3937);
#1046=VERTEX_POINT('',#3952);
#1047=VERTEX_POINT('',#3954);
#1048=VERTEX_POINT('',#3958);
#1049=VERTEX_POINT('',#3960);
#1050=VERTEX_POINT('',#3971);
#1051=VERTEX_POINT('',#3984);
#1052=VERTEX_POINT('',#3988);
#1053=VERTEX_POINT('',#3989);
#1054=VERTEX_POINT('',#3996);
#1055=VERTEX_POINT('',#3998);
#1056=VERTEX_POINT('',#4000);
#1057=VERTEX_POINT('',#4002);
#1058=VERTEX_POINT('',#4015);
#1059=VERTEX_POINT('',#4030);
#1060=VERTEX_POINT('',#4032);
#1061=VERTEX_POINT('',#4043);
#1062=VERTEX_POINT('',#4052);
#1063=VERTEX_POINT('',#4056);
#1064=VERTEX_POINT('',#4057);
#1065=VERTEX_POINT('',#4070);
#1066=VERTEX_POINT('',#4072);
#1067=VERTEX_POINT('',#4074);
#1068=VERTEX_POINT('',#4091);
#1069=VERTEX_POINT('',#4093);
#1070=VERTEX_POINT('',#4108);
#1071=VERTEX_POINT('',#4109);
#1072=VERTEX_POINT('',#4129);
#1073=VERTEX_POINT('',#4138);
#1074=VERTEX_POINT('',#4151);
#1075=VERTEX_POINT('',#4160);
#1076=VERTEX_POINT('',#4162);
#1077=VERTEX_POINT('',#4171);
#1078=VERTEX_POINT('',#4180);
#1079=VERTEX_POINT('',#4182);
#1080=VERTEX_POINT('',#4191);
#1081=VERTEX_POINT('',#4196);
#1082=VERTEX_POINT('',#4198);
#1083=VERTEX_POINT('',#4211);
#1084=VERTEX_POINT('',#4222);
#1085=VERTEX_POINT('',#4224);
#1086=VERTEX_POINT('',#4233);
#1087=VERTEX_POINT('',#4234);
#1088=VERTEX_POINT('',#4241);
#1089=VERTEX_POINT('',#4258);
#1090=VERTEX_POINT('',#4259);
#1091=VERTEX_POINT('',#4266);
#1092=VERTEX_POINT('',#4278);
#1093=VERTEX_POINT('',#4280);
#1094=VERTEX_POINT('',#4284);
#1095=VERTEX_POINT('',#4285);
#1096=VERTEX_POINT('',#4292);
#1097=VERTEX_POINT('',#4294);
#1098=VERTEX_POINT('',#4296);
#1099=VERTEX_POINT('',#4310);
#1100=VERTEX_POINT('',#4311);
#1101=VERTEX_POINT('',#4320);
#1102=VERTEX_POINT('',#4340);
#1103=VERTEX_POINT('',#4357);
#1104=VERTEX_POINT('',#4359);
#1105=VERTEX_POINT('',#4370);
#1106=VERTEX_POINT('',#4371);
#1107=VERTEX_POINT('',#4378);
#1108=VERTEX_POINT('',#4393);
#1109=VERTEX_POINT('',#4394);
#1110=VERTEX_POINT('',#4401);
#1111=VERTEX_POINT('',#4403);
#1112=VERTEX_POINT('',#4405);
#1113=VERTEX_POINT('',#4416);
#1114=VERTEX_POINT('',#4418);
#1115=VERTEX_POINT('',#4422);
#1116=VERTEX_POINT('',#4439);
#1117=VERTEX_POINT('',#4458);
#1118=VERTEX_POINT('',#4459);
#1119=VERTEX_POINT('',#4470);
#1120=VERTEX_POINT('',#4481);
#1121=VERTEX_POINT('',#4482);
#1122=VERTEX_POINT('',#4484);
#1123=VERTEX_POINT('',#4486);
#1124=VERTEX_POINT('',#4490);
#1125=VERTEX_POINT('',#4492);
#1126=VERTEX_POINT('',#4496);
#1127=VERTEX_POINT('',#4497);
#1128=VERTEX_POINT('',#4499);
#1129=VERTEX_POINT('',#4501);
#1130=VERTEX_POINT('',#4505);
#1131=VERTEX_POINT('',#4507);
#1132=VERTEX_POINT('',#4511);
#1133=VERTEX_POINT('',#4512);
#1134=VERTEX_POINT('',#4514);
#1135=VERTEX_POINT('',#4516);
#1136=VERTEX_POINT('',#4520);
#1137=VERTEX_POINT('',#4522);
#1138=VERTEX_POINT('',#4526);
#1139=VERTEX_POINT('',#4527);
#1140=VERTEX_POINT('',#4529);
#1141=VERTEX_POINT('',#4531);
#1142=VERTEX_POINT('',#4535);
#1143=VERTEX_POINT('',#4537);
#1144=VERTEX_POINT('',#4541);
#1145=VERTEX_POINT('',#4542);
#1146=VERTEX_POINT('',#4544);
#1147=VERTEX_POINT('',#4546);
#1148=VERTEX_POINT('',#4550);
#1149=VERTEX_POINT('',#4552);
#1150=VERTEX_POINT('',#4556);
#1151=VERTEX_POINT('',#4557);
#1152=VERTEX_POINT('',#4559);
#1153=VERTEX_POINT('',#4561);
#1154=VERTEX_POINT('',#4565);
#1155=VERTEX_POINT('',#4567);
#1156=VERTEX_POINT('',#4571);
#1157=VERTEX_POINT('',#4572);
#1158=VERTEX_POINT('',#4574);
#1159=VERTEX_POINT('',#4576);
#1160=VERTEX_POINT('',#4580);
#1161=VERTEX_POINT('',#4582);
#1162=VERTEX_POINT('',#4586);
#1163=VERTEX_POINT('',#4587);
#1164=VERTEX_POINT('',#4589);
#1165=VERTEX_POINT('',#4591);
#1166=VERTEX_POINT('',#4595);
#1167=VERTEX_POINT('',#4597);
#1168=VERTEX_POINT('',#4601);
#1169=VERTEX_POINT('',#4602);
#1170=VERTEX_POINT('',#4604);
#1171=VERTEX_POINT('',#4606);
#1172=VERTEX_POINT('',#4610);
#1173=VERTEX_POINT('',#4612);
#1174=VERTEX_POINT('',#4616);
#1175=VERTEX_POINT('',#4617);
#1176=VERTEX_POINT('',#4619);
#1177=VERTEX_POINT('',#4621);
#1178=VERTEX_POINT('',#4625);
#1179=VERTEX_POINT('',#4627);
#1180=VERTEX_POINT('',#4631);
#1181=VERTEX_POINT('',#4632);
#1182=VERTEX_POINT('',#4634);
#1183=VERTEX_POINT('',#4636);
#1184=VERTEX_POINT('',#4640);
#1185=VERTEX_POINT('',#4642);
#1186=VERTEX_POINT('',#4646);
#1187=VERTEX_POINT('',#4647);
#1188=VERTEX_POINT('',#4649);
#1189=VERTEX_POINT('',#4651);
#1190=VERTEX_POINT('',#4655);
#1191=VERTEX_POINT('',#4657);
#1192=VERTEX_POINT('',#4661);
#1193=VERTEX_POINT('',#4662);
#1194=VERTEX_POINT('',#4664);
#1195=VERTEX_POINT('',#4666);
#1196=VERTEX_POINT('',#4670);
#1197=VERTEX_POINT('',#4672);
#1198=VERTEX_POINT('',#4676);
#1199=VERTEX_POINT('',#4677);
#1200=VERTEX_POINT('',#4679);
#1201=VERTEX_POINT('',#4681);
#1202=VERTEX_POINT('',#4685);
#1203=VERTEX_POINT('',#4687);
#1204=VERTEX_POINT('',#4691);
#1205=VERTEX_POINT('',#4692);
#1206=VERTEX_POINT('',#4694);
#1207=VERTEX_POINT('',#4696);
#1208=VERTEX_POINT('',#4700);
#1209=VERTEX_POINT('',#4702);
#1210=VERTEX_POINT('',#4706);
#1211=VERTEX_POINT('',#4707);
#1212=VERTEX_POINT('',#4709);
#1213=VERTEX_POINT('',#4711);
#1214=VERTEX_POINT('',#4715);
#1215=VERTEX_POINT('',#4717);
#1216=VERTEX_POINT('',#4721);
#1217=VERTEX_POINT('',#4723);
#1218=VERTEX_POINT('',#4730);
#1219=VERTEX_POINT('',#4732);
#1220=VERTEX_POINT('',#4739);
#1221=VERTEX_POINT('',#4741);
#1222=VERTEX_POINT('',#4748);
#1223=VERTEX_POINT('',#4750);
#1224=VERTEX_POINT('',#4757);
#1225=VERTEX_POINT('',#4759);
#1226=VERTEX_POINT('',#4766);
#1227=VERTEX_POINT('',#4768);
#1228=VERTEX_POINT('',#4775);
#1229=VERTEX_POINT('',#4777);
#1230=VERTEX_POINT('',#4784);
#1231=VERTEX_POINT('',#4786);
#1232=VERTEX_POINT('',#4793);
#1233=VERTEX_POINT('',#4795);
#1234=VERTEX_POINT('',#4802);
#1235=VERTEX_POINT('',#4804);
#1236=VERTEX_POINT('',#4811);
#1237=VERTEX_POINT('',#4813);
#1238=VERTEX_POINT('',#4820);
#1239=VERTEX_POINT('',#4822);
#1240=VERTEX_POINT('',#4829);
#1241=VERTEX_POINT('',#4831);
#1242=VERTEX_POINT('',#4838);
#1243=VERTEX_POINT('',#4840);
#1244=VERTEX_POINT('',#4847);
#1245=VERTEX_POINT('',#4849);
#1246=VERTEX_POINT('',#4856);
#1247=VERTEX_POINT('',#4858);
#1248=VERTEX_POINT('',#4889);
#1249=VERTEX_POINT('',#4894);
#1250=VERTEX_POINT('',#4899);
#1251=VERTEX_POINT('',#4904);
#1252=VERTEX_POINT('',#4910);
#1253=VERTEX_POINT('',#4915);
#1254=VERTEX_POINT('',#4917);
#1255=VERTEX_POINT('',#4936);
#1256=VERTEX_POINT('',#4941);
#1257=VERTEX_POINT('',#4972);
#1258=VERTEX_POINT('',#4973);
#1259=VERTEX_POINT('',#4978);
#1260=VERTEX_POINT('',#4983);
#1261=VERTEX_POINT('',#4992);
#1262=VERTEX_POINT('',#4997);
#1263=VERTEX_POINT('',#5279);
#1264=VERTEX_POINT('',#5285);
#1265=VERTEX_POINT('',#5488);
#1266=VERTEX_POINT('',#5494);
#1267=VERTEX_POINT('',#5508);
#1268=VERTEX_POINT('',#5807);
#1269=VERTEX_POINT('',#5813);
#1270=VERTEX_POINT('',#5883);
#1271=VERTEX_POINT('',#5884);
#1272=VERTEX_POINT('',#5889);
#1273=VERTEX_POINT('',#5891);
#1274=VERTEX_POINT('',#5896);
#1275=EDGE_CURVE('',#993,#994,#913,.T.);
#1276=EDGE_CURVE('',#994,#993,#461,.T.);
#1277=EDGE_CURVE('',#995,#996,#914,.T.);
#1278=EDGE_CURVE('',#996,#995,#462,.T.);
#1279=EDGE_CURVE('',#994,#997,#463,.T.);
#1280=EDGE_CURVE('',#998,#997,#915,.T.);
#1281=EDGE_CURVE('',#993,#998,#464,.T.);
#1282=EDGE_CURVE('',#999,#1000,#43,.F.);
#1283=EDGE_CURVE('',#999,#1001,#465,.T.);
#1284=EDGE_CURVE('',#1001,#1002,#916,.T.);
#1285=EDGE_CURVE('',#1002,#1000,#466,.T.);
#1286=EDGE_CURVE('',#1003,#1002,#467,.T.);
#1287=EDGE_CURVE('',#1004,#1003,#468,.T.);
#1288=EDGE_CURVE('',#1004,#1000,#44,.F.);
#1289=EDGE_CURVE('',#1005,#999,#45,.T.);
#1290=EDGE_CURVE('',#1006,#1005,#469,.T.);
#1291=EDGE_CURVE('',#1001,#1006,#470,.T.);
#1292=EDGE_CURVE('',#1007,#1008,#46,.F.);
#1293=EDGE_CURVE('',#1007,#1009,#471,.T.);
#1294=EDGE_CURVE('',#1009,#1010,#917,.T.);
#1295=EDGE_CURVE('',#1010,#1011,#472,.T.);
#1296=EDGE_CURVE('',#1011,#1008,#47,.T.);
#1297=EDGE_CURVE('',#1012,#1010,#473,.T.);
#1298=EDGE_CURVE('',#1013,#1012,#474,.T.);
#1299=EDGE_CURVE('',#1013,#1011,#48,.F.);
#1300=EDGE_CURVE('',#1007,#1014,#49,.F.);
#1301=EDGE_CURVE('',#1015,#1014,#475,.T.);
#1302=EDGE_CURVE('',#1009,#1015,#476,.T.);
#1303=EDGE_CURVE('',#1016,#1017,#50,.F.);
#1304=EDGE_CURVE('',#1016,#1018,#477,.T.);
#1305=EDGE_CURVE('',#1018,#1019,#918,.T.);
#1306=EDGE_CURVE('',#1019,#1020,#478,.T.);
#1307=EDGE_CURVE('',#1020,#1017,#51,.T.);
#1308=EDGE_CURVE('',#1021,#1019,#479,.T.);
#1309=EDGE_CURVE('',#1022,#1021,#480,.T.);
#1310=EDGE_CURVE('',#1020,#1022,#52,.T.);
#1311=EDGE_CURVE('',#1023,#1024,#53,.T.);
#1312=EDGE_CURVE('',#1024,#1025,#54,.F.);
#1313=EDGE_CURVE('',#1025,#1026,#55,.T.);
#1314=EDGE_CURVE('',#1027,#1026,#481,.T.);
#1315=EDGE_CURVE('',#1028,#1027,#56,.F.);
#1316=EDGE_CURVE('',#1023,#1028,#38,.T.);
#1317=EDGE_CURVE('',#1026,#1029,#57,.T.);
#1318=EDGE_CURVE('',#1030,#1029,#58,.F.);
#1319=EDGE_CURVE('',#1030,#1031,#482,.T.);
#1320=EDGE_CURVE('',#1031,#1032,#919,.T.);
#1321=EDGE_CURVE('',#1032,#1033,#483,.T.);
#1322=EDGE_CURVE('',#1033,#1027,#59,.T.);
#1323=EDGE_CURVE('',#1034,#1032,#484,.T.);
#1324=EDGE_CURVE('',#1035,#1034,#485,.T.);
#1325=EDGE_CURVE('',#1033,#1035,#60,.T.);
#1326=EDGE_CURVE('',#1036,#1037,#61,.T.);
#1327=EDGE_CURVE('',#1037,#1038,#62,.F.);
#1328=EDGE_CURVE('',#1039,#1038,#63,.F.);
#1329=EDGE_CURVE('',#1040,#1039,#486,.T.);
#1330=EDGE_CURVE('',#1041,#1040,#64,.F.);
#1331=EDGE_CURVE('',#1036,#1041,#39,.T.);
#1332=EDGE_CURVE('',#1030,#1042,#65,.F.);
#1333=EDGE_CURVE('',#1043,#1042,#487,.T.);
#1334=EDGE_CURVE('',#1031,#1043,#488,.T.);
#1335=EDGE_CURVE('',#1044,#1040,#66,.T.);
#1336=EDGE_CURVE('',#1045,#1039,#67,.F.);
#1337=EDGE_CURVE('',#1045,#1046,#489,.T.);
#1338=EDGE_CURVE('',#1046,#1047,#920,.T.);
#1339=EDGE_CURVE('',#1047,#1044,#490,.T.);
#1340=EDGE_CURVE('',#1048,#1047,#491,.T.);
#1341=EDGE_CURVE('',#1049,#1048,#492,.T.);
#1342=EDGE_CURVE('',#1044,#1049,#68,.T.);
#1343=EDGE_CURVE('',#1045,#1050,#69,.F.);
#1344=EDGE_CURVE('',#1051,#1050,#493,.T.);
#1345=EDGE_CURVE('',#1046,#1051,#494,.T.);
#1346=EDGE_CURVE('',#1052,#1053,#70,.F.);
#1347=EDGE_CURVE('',#1052,#1054,#495,.T.);
#1348=EDGE_CURVE('',#1054,#1055,#921,.T.);
#1349=EDGE_CURVE('',#1055,#1056,#496,.T.);
#1350=EDGE_CURVE('',#1056,#1057,#71,.T.);
#1351=EDGE_CURVE('',#1057,#1058,#497,.T.);
#1352=EDGE_CURVE('',#1053,#1058,#72,.F.);
#1353=EDGE_CURVE('',#1059,#1055,#498,.T.);
#1354=EDGE_CURVE('',#1060,#1059,#499,.T.);
#1355=EDGE_CURVE('',#1056,#1060,#73,.T.);
#1356=EDGE_CURVE('',#1061,#1052,#74,.T.);
#1357=EDGE_CURVE('',#1062,#1061,#500,.T.);
#1358=EDGE_CURVE('',#1054,#1062,#501,.T.);
#1359=EDGE_CURVE('',#1063,#1064,#75,.F.);
#1360=EDGE_CURVE('',#1063,#1065,#502,.T.);
#1361=EDGE_CURVE('',#1065,#1066,#922,.T.);
#1362=EDGE_CURVE('',#1066,#1067,#503,.T.);
#1363=EDGE_CURVE('',#1067,#1064,#76,.T.);
#1364=EDGE_CURVE('',#1068,#1066,#504,.T.);
#1365=EDGE_CURVE('',#1069,#1068,#505,.T.);
#1366=EDGE_CURVE('',#1067,#1069,#77,.T.);
#1367=EDGE_CURVE('',#1070,#1071,#78,.T.);
#1368=EDGE_CURVE('',#1071,#1072,#79,.F.);
#1369=EDGE_CURVE('',#1058,#1072,#80,.F.);
#1370=EDGE_CURVE('',#1057,#1073,#81,.F.);
#1371=EDGE_CURVE('',#1070,#1073,#40,.T.);
#1372=EDGE_CURVE('',#1049,#1074,#82,.F.);
#1373=EDGE_CURVE('',#1048,#1075,#923,.T.);
#1374=EDGE_CURVE('',#1075,#1076,#506,.T.);
#1375=EDGE_CURVE('',#1076,#1074,#83,.T.);
#1376=EDGE_CURVE('',#1060,#1077,#84,.F.);
#1377=EDGE_CURVE('',#1059,#1078,#924,.T.);
#1378=EDGE_CURVE('',#1078,#1079,#507,.T.);
#1379=EDGE_CURVE('',#1079,#1077,#85,.T.);
#1380=EDGE_CURVE('',#1004,#1080,#86,.F.);
#1381=EDGE_CURVE('',#1003,#1081,#925,.T.);
#1382=EDGE_CURVE('',#1081,#1082,#508,.T.);
#1383=EDGE_CURVE('',#1082,#1080,#87,.T.);
#1384=EDGE_CURVE('',#1069,#1083,#88,.F.);
#1385=EDGE_CURVE('',#1068,#1084,#926,.T.);
#1386=EDGE_CURVE('',#1084,#1085,#509,.T.);
#1387=EDGE_CURVE('',#1085,#1083,#89,.T.);
#1388=EDGE_CURVE('',#1086,#1087,#90,.F.);
#1389=EDGE_CURVE('',#1086,#1088,#510,.T.);
#1390=EDGE_CURVE('',#1088,#1051,#927,.T.);
#1391=EDGE_CURVE('',#1050,#1087,#91,.T.);
#1392=EDGE_CURVE('',#1088,#1075,#928,.T.);
#1393=EDGE_CURVE('',#1086,#1076,#929,.T.);
#1394=EDGE_CURVE('',#1089,#1090,#92,.F.);
#1395=EDGE_CURVE('',#1089,#1091,#511,.T.);
#1396=EDGE_CURVE('',#1091,#1043,#930,.T.);
#1397=EDGE_CURVE('',#1042,#1090,#93,.T.);
#1398=EDGE_CURVE('',#1089,#1092,#931,.T.);
#1399=EDGE_CURVE('',#1093,#1092,#512,.T.);
#1400=EDGE_CURVE('',#1091,#1093,#932,.T.);
#1401=EDGE_CURVE('',#1094,#1095,#94,.F.);
#1402=EDGE_CURVE('',#1094,#1096,#513,.T.);
#1403=EDGE_CURVE('',#1096,#1097,#933,.T.);
#1404=EDGE_CURVE('',#1097,#1098,#514,.T.);
#1405=EDGE_CURVE('',#1098,#1095,#95,.T.);
#1406=EDGE_CURVE('',#1096,#1084,#934,.T.);
#1407=EDGE_CURVE('',#1094,#1085,#935,.T.);
#1408=EDGE_CURVE('',#1099,#1100,#96,.F.);
#1409=EDGE_CURVE('',#1099,#1101,#515,.T.);
#1410=EDGE_CURVE('',#1101,#1062,#936,.T.);
#1411=EDGE_CURVE('',#1061,#1100,#97,.T.);
#1412=EDGE_CURVE('',#1101,#1078,#937,.T.);
#1413=EDGE_CURVE('',#1099,#1079,#938,.T.);
#1414=EDGE_CURVE('',#1013,#1102,#98,.F.);
#1415=EDGE_CURVE('',#1012,#1103,#939,.T.);
#1416=EDGE_CURVE('',#1103,#1104,#516,.T.);
#1417=EDGE_CURVE('',#1104,#1102,#99,.T.);
#1418=EDGE_CURVE('',#1105,#1106,#100,.F.);
#1419=EDGE_CURVE('',#1105,#1107,#517,.T.);
#1420=EDGE_CURVE('',#1107,#1015,#940,.T.);
#1421=EDGE_CURVE('',#1014,#1106,#101,.T.);
#1422=EDGE_CURVE('',#1107,#1103,#941,.T.);
#1423=EDGE_CURVE('',#1105,#1104,#942,.T.);
#1424=EDGE_CURVE('',#1108,#1109,#102,.F.);
#1425=EDGE_CURVE('',#1108,#1110,#518,.T.);
#1426=EDGE_CURVE('',#1110,#1111,#943,.T.);
#1427=EDGE_CURVE('',#1111,#1112,#519,.T.);
#1428=EDGE_CURVE('',#1112,#1109,#103,.T.);
#1429=EDGE_CURVE('',#1108,#1113,#944,.T.);
#1430=EDGE_CURVE('',#1114,#1113,#520,.T.);
#1431=EDGE_CURVE('',#1110,#1114,#945,.T.);
#1432=EDGE_CURVE('',#1035,#1115,#104,.F.);
#1433=EDGE_CURVE('',#1034,#1093,#946,.T.);
#1434=EDGE_CURVE('',#1092,#1115,#105,.T.);
#1435=EDGE_CURVE('',#1022,#1116,#106,.F.);
#1436=EDGE_CURVE('',#1021,#1114,#947,.T.);
#1437=EDGE_CURVE('',#1113,#1116,#107,.T.);
#1438=EDGE_CURVE('',#1117,#1118,#108,.F.);
#1439=EDGE_CURVE('',#1117,#1119,#521,.T.);
#1440=EDGE_CURVE('',#1119,#1006,#948,.T.);
#1441=EDGE_CURVE('',#1005,#1118,#109,.T.);
#1442=EDGE_CURVE('',#1119,#1081,#949,.T.);
#1443=EDGE_CURVE('',#1117,#1082,#950,.T.);
#1444=EDGE_CURVE('',#1120,#1121,#951,.T.);
#1445=EDGE_CURVE('',#1121,#1122,#522,.T.);
#1446=EDGE_CURVE('',#1122,#1123,#952,.T.);
#1447=EDGE_CURVE('',#1123,#1120,#523,.T.);
#1448=EDGE_CURVE('',#1121,#1124,#524,.T.);
#1449=EDGE_CURVE('',#1124,#1125,#525,.T.);
#1450=EDGE_CURVE('',#1122,#1125,#526,.T.);
#1451=EDGE_CURVE('',#1126,#1127,#953,.T.);
#1452=EDGE_CURVE('',#1127,#1128,#527,.T.);
#1453=EDGE_CURVE('',#1128,#1129,#954,.T.);
#1454=EDGE_CURVE('',#1129,#1126,#528,.T.);
#1455=EDGE_CURVE('',#1127,#1130,#529,.T.);
#1456=EDGE_CURVE('',#1130,#1131,#530,.T.);
#1457=EDGE_CURVE('',#1128,#1131,#531,.T.);
#1458=EDGE_CURVE('',#1132,#1133,#955,.T.);
#1459=EDGE_CURVE('',#1133,#1134,#532,.T.);
#1460=EDGE_CURVE('',#1134,#1135,#956,.T.);
#1461=EDGE_CURVE('',#1135,#1132,#533,.T.);
#1462=EDGE_CURVE('',#1133,#1136,#534,.T.);
#1463=EDGE_CURVE('',#1136,#1137,#535,.T.);
#1464=EDGE_CURVE('',#1134,#1137,#536,.T.);
#1465=EDGE_CURVE('',#1138,#1139,#957,.T.);
#1466=EDGE_CURVE('',#1139,#1140,#537,.T.);
#1467=EDGE_CURVE('',#1140,#1141,#958,.T.);
#1468=EDGE_CURVE('',#1141,#1138,#538,.T.);
#1469=EDGE_CURVE('',#1139,#1142,#539,.T.);
#1470=EDGE_CURVE('',#1142,#1143,#540,.T.);
#1471=EDGE_CURVE('',#1140,#1143,#541,.T.);
#1472=EDGE_CURVE('',#1144,#1145,#959,.T.);
#1473=EDGE_CURVE('',#1145,#1146,#542,.T.);
#1474=EDGE_CURVE('',#1146,#1147,#960,.T.);
#1475=EDGE_CURVE('',#1147,#1144,#543,.T.);
#1476=EDGE_CURVE('',#1145,#1148,#544,.T.);
#1477=EDGE_CURVE('',#1148,#1149,#545,.T.);
#1478=EDGE_CURVE('',#1146,#1149,#546,.T.);
#1479=EDGE_CURVE('',#1150,#1151,#961,.T.);
#1480=EDGE_CURVE('',#1151,#1152,#547,.T.);
#1481=EDGE_CURVE('',#1152,#1153,#962,.T.);
#1482=EDGE_CURVE('',#1153,#1150,#548,.T.);
#1483=EDGE_CURVE('',#1151,#1154,#549,.T.);
#1484=EDGE_CURVE('',#1154,#1155,#550,.T.);
#1485=EDGE_CURVE('',#1152,#1155,#551,.T.);
#1486=EDGE_CURVE('',#1156,#1157,#963,.T.);
#1487=EDGE_CURVE('',#1157,#1158,#552,.T.);
#1488=EDGE_CURVE('',#1158,#1159,#964,.T.);
#1489=EDGE_CURVE('',#1159,#1156,#553,.T.);
#1490=EDGE_CURVE('',#1157,#1160,#554,.T.);
#1491=EDGE_CURVE('',#1160,#1161,#555,.T.);
#1492=EDGE_CURVE('',#1158,#1161,#556,.T.);
#1493=EDGE_CURVE('',#1162,#1163,#965,.T.);
#1494=EDGE_CURVE('',#1163,#1164,#557,.T.);
#1495=EDGE_CURVE('',#1164,#1165,#966,.T.);
#1496=EDGE_CURVE('',#1165,#1162,#558,.T.);
#1497=EDGE_CURVE('',#1163,#1166,#559,.T.);
#1498=EDGE_CURVE('',#1166,#1167,#560,.T.);
#1499=EDGE_CURVE('',#1164,#1167,#561,.T.);
#1500=EDGE_CURVE('',#1168,#1169,#967,.T.);
#1501=EDGE_CURVE('',#1169,#1170,#562,.T.);
#1502=EDGE_CURVE('',#1170,#1171,#968,.T.);
#1503=EDGE_CURVE('',#1171,#1168,#563,.T.);
#1504=EDGE_CURVE('',#1169,#1172,#564,.T.);
#1505=EDGE_CURVE('',#1172,#1173,#565,.T.);
#1506=EDGE_CURVE('',#1170,#1173,#566,.T.);
#1507=EDGE_CURVE('',#1174,#1175,#969,.T.);
#1508=EDGE_CURVE('',#1175,#1176,#567,.T.);
#1509=EDGE_CURVE('',#1176,#1177,#970,.T.);
#1510=EDGE_CURVE('',#1177,#1174,#568,.T.);
#1511=EDGE_CURVE('',#1175,#1178,#569,.T.);
#1512=EDGE_CURVE('',#1178,#1179,#570,.T.);
#1513=EDGE_CURVE('',#1176,#1179,#571,.T.);
#1514=EDGE_CURVE('',#1180,#1181,#971,.T.);
#1515=EDGE_CURVE('',#1181,#1182,#572,.T.);
#1516=EDGE_CURVE('',#1182,#1183,#972,.T.);
#1517=EDGE_CURVE('',#1183,#1180,#573,.T.);
#1518=EDGE_CURVE('',#1181,#1184,#574,.T.);
#1519=EDGE_CURVE('',#1184,#1185,#575,.T.);
#1520=EDGE_CURVE('',#1182,#1185,#576,.T.);
#1521=EDGE_CURVE('',#1186,#1187,#973,.T.);
#1522=EDGE_CURVE('',#1187,#1188,#577,.T.);
#1523=EDGE_CURVE('',#1188,#1189,#974,.T.);
#1524=EDGE_CURVE('',#1189,#1186,#578,.T.);
#1525=EDGE_CURVE('',#1187,#1190,#579,.T.);
#1526=EDGE_CURVE('',#1190,#1191,#580,.T.);
#1527=EDGE_CURVE('',#1188,#1191,#581,.T.);
#1528=EDGE_CURVE('',#1192,#1193,#975,.T.);
#1529=EDGE_CURVE('',#1193,#1194,#582,.T.);
#1530=EDGE_CURVE('',#1194,#1195,#976,.T.);
#1531=EDGE_CURVE('',#1195,#1192,#583,.T.);
#1532=EDGE_CURVE('',#1193,#1196,#584,.T.);
#1533=EDGE_CURVE('',#1196,#1197,#585,.T.);
#1534=EDGE_CURVE('',#1194,#1197,#586,.T.);
#1535=EDGE_CURVE('',#1198,#1199,#977,.T.);
#1536=EDGE_CURVE('',#1199,#1200,#587,.T.);
#1537=EDGE_CURVE('',#1200,#1201,#978,.T.);
#1538=EDGE_CURVE('',#1201,#1198,#588,.T.);
#1539=EDGE_CURVE('',#1199,#1202,#589,.T.);
#1540=EDGE_CURVE('',#1202,#1203,#590,.T.);
#1541=EDGE_CURVE('',#1200,#1203,#591,.T.);
#1542=EDGE_CURVE('',#1204,#1205,#979,.T.);
#1543=EDGE_CURVE('',#1205,#1206,#592,.T.);
#1544=EDGE_CURVE('',#1206,#1207,#980,.T.);
#1545=EDGE_CURVE('',#1207,#1204,#593,.T.);
#1546=EDGE_CURVE('',#1205,#1208,#594,.T.);
#1547=EDGE_CURVE('',#1208,#1209,#595,.T.);
#1548=EDGE_CURVE('',#1206,#1209,#596,.T.);
#1549=EDGE_CURVE('',#1210,#1211,#981,.T.);
#1550=EDGE_CURVE('',#1211,#1212,#597,.T.);
#1551=EDGE_CURVE('',#1212,#1213,#982,.T.);
#1552=EDGE_CURVE('',#1213,#1210,#598,.T.);
#1553=EDGE_CURVE('',#1211,#1214,#599,.T.);
#1554=EDGE_CURVE('',#1214,#1215,#600,.T.);
#1555=EDGE_CURVE('',#1212,#1215,#601,.T.);
#1556=EDGE_CURVE('',#1216,#1201,#602,.T.);
#1557=EDGE_CURVE('',#1217,#1216,#603,.T.);
#1558=EDGE_CURVE('',#1217,#1198,#604,.T.);
#1559=EDGE_CURVE('',#1196,#1217,#605,.T.);
#1560=EDGE_CURVE('',#1197,#1216,#606,.T.);
#1561=EDGE_CURVE('',#1218,#1195,#607,.T.);
#1562=EDGE_CURVE('',#1219,#1218,#608,.T.);
#1563=EDGE_CURVE('',#1219,#1192,#609,.T.);
#1564=EDGE_CURVE('',#1190,#1219,#610,.T.);
#1565=EDGE_CURVE('',#1191,#1218,#611,.T.);
#1566=EDGE_CURVE('',#1220,#1189,#612,.T.);
#1567=EDGE_CURVE('',#1221,#1220,#613,.T.);
#1568=EDGE_CURVE('',#1221,#1186,#614,.T.);
#1569=EDGE_CURVE('',#1184,#1221,#615,.T.);
#1570=EDGE_CURVE('',#1185,#1220,#616,.T.);
#1571=EDGE_CURVE('',#1222,#1183,#617,.T.);
#1572=EDGE_CURVE('',#1223,#1222,#618,.T.);
#1573=EDGE_CURVE('',#1223,#1180,#619,.T.);
#1574=EDGE_CURVE('',#1178,#1223,#620,.T.);
#1575=EDGE_CURVE('',#1179,#1222,#621,.T.);
#1576=EDGE_CURVE('',#1224,#1177,#622,.T.);
#1577=EDGE_CURVE('',#1225,#1224,#623,.T.);
#1578=EDGE_CURVE('',#1225,#1174,#624,.T.);
#1579=EDGE_CURVE('',#1172,#1225,#625,.T.);
#1580=EDGE_CURVE('',#1173,#1224,#626,.T.);
#1581=EDGE_CURVE('',#1226,#1171,#627,.T.);
#1582=EDGE_CURVE('',#1227,#1226,#628,.T.);
#1583=EDGE_CURVE('',#1227,#1168,#629,.T.);
#1584=EDGE_CURVE('',#1166,#1227,#630,.T.);
#1585=EDGE_CURVE('',#1167,#1226,#631,.T.);
#1586=EDGE_CURVE('',#1228,#1165,#632,.T.);
#1587=EDGE_CURVE('',#1229,#1228,#633,.T.);
#1588=EDGE_CURVE('',#1229,#1162,#634,.T.);
#1589=EDGE_CURVE('',#1160,#1229,#635,.T.);
#1590=EDGE_CURVE('',#1161,#1228,#636,.T.);
#1591=EDGE_CURVE('',#1230,#1159,#637,.T.);
#1592=EDGE_CURVE('',#1231,#1230,#638,.T.);
#1593=EDGE_CURVE('',#1231,#1156,#639,.T.);
#1594=EDGE_CURVE('',#1154,#1231,#640,.T.);
#1595=EDGE_CURVE('',#1155,#1230,#641,.T.);
#1596=EDGE_CURVE('',#1232,#1153,#642,.T.);
#1597=EDGE_CURVE('',#1233,#1232,#643,.T.);
#1598=EDGE_CURVE('',#1233,#1150,#644,.T.);
#1599=EDGE_CURVE('',#1130,#1233,#645,.T.);
#1600=EDGE_CURVE('',#1131,#1232,#646,.T.);
#1601=EDGE_CURVE('',#1234,#1129,#647,.T.);
#1602=EDGE_CURVE('',#1235,#1234,#648,.T.);
#1603=EDGE_CURVE('',#1235,#1126,#649,.T.);
#1604=EDGE_CURVE('',#1148,#1235,#650,.T.);
#1605=EDGE_CURVE('',#1149,#1234,#651,.T.);
#1606=EDGE_CURVE('',#1236,#1147,#652,.T.);
#1607=EDGE_CURVE('',#1237,#1236,#653,.T.);
#1608=EDGE_CURVE('',#1237,#1144,#654,.T.);
#1609=EDGE_CURVE('',#1142,#1237,#655,.T.);
#1610=EDGE_CURVE('',#1143,#1236,#656,.T.);
#1611=EDGE_CURVE('',#1238,#1141,#657,.T.);
#1612=EDGE_CURVE('',#1239,#1238,#658,.T.);
#1613=EDGE_CURVE('',#1239,#1138,#659,.T.);
#1614=EDGE_CURVE('',#1136,#1239,#660,.T.);
#1615=EDGE_CURVE('',#1137,#1238,#661,.T.);
#1616=EDGE_CURVE('',#1240,#1135,#662,.T.);
#1617=EDGE_CURVE('',#1241,#1240,#663,.T.);
#1618=EDGE_CURVE('',#1241,#1132,#664,.T.);
#1619=EDGE_CURVE('',#1124,#1241,#665,.T.);
#1620=EDGE_CURVE('',#1125,#1240,#666,.T.);
#1621=EDGE_CURVE('',#1242,#1123,#667,.T.);
#1622=EDGE_CURVE('',#1243,#1242,#668,.T.);
#1623=EDGE_CURVE('',#1243,#1120,#669,.T.);
#1624=EDGE_CURVE('',#1208,#1243,#670,.T.);
#1625=EDGE_CURVE('',#1209,#1242,#671,.T.);
#1626=EDGE_CURVE('',#1244,#1207,#672,.T.);
#1627=EDGE_CURVE('',#1245,#1244,#673,.T.);
#1628=EDGE_CURVE('',#1245,#1204,#674,.T.);
#1629=EDGE_CURVE('',#1214,#1245,#675,.T.);
#1630=EDGE_CURVE('',#1215,#1244,#676,.T.);
#1631=EDGE_CURVE('',#1246,#1213,#677,.T.);
#1632=EDGE_CURVE('',#1247,#1246,#678,.T.);
#1633=EDGE_CURVE('',#1247,#1210,#679,.T.);
#1634=EDGE_CURVE('',#1202,#1247,#680,.T.);
#1635=EDGE_CURVE('',#1203,#1246,#681,.T.);
#1636=EDGE_CURVE('',#1248,#1053,#110,.T.);
#1637=EDGE_CURVE('',#1249,#1248,#111,.T.);
#1638=EDGE_CURVE('',#1250,#1249,#112,.T.);
#1639=EDGE_CURVE('',#1250,#1251,#113,.T.);
#1640=EDGE_CURVE('',#1252,#1251,#114,.F.);
#1641=EDGE_CURVE('',#1252,#1253,#682,.T.);
#1642=EDGE_CURVE('',#1253,#1254,#115,.T.);
#1643=EDGE_CURVE('',#999,#1254,#116,.T.);
#1644=EDGE_CURVE('',#1080,#1255,#117,.T.);
#1645=EDGE_CURVE('',#1255,#1256,#118,.T.);
#1646=EDGE_CURVE('',#1100,#1256,#119,.F.);
#1647=EDGE_CURVE('',#1082,#1099,#983,.T.);
#1648=EDGE_CURVE('',#1257,#1258,#120,.T.);
#1649=EDGE_CURVE('',#1258,#1259,#121,.T.);
#1650=EDGE_CURVE('',#1259,#1260,#122,.F.);
#1651=EDGE_CURVE('',#1008,#1260,#123,.T.);
#1652=EDGE_CURVE('',#1102,#1261,#124,.T.);
#1653=EDGE_CURVE('',#1261,#1262,#125,.T.);
#1654=EDGE_CURVE('',#1118,#1262,#126,.F.);
#1655=EDGE_CURVE('',#1253,#1257,#683,.T.);
#1656=EDGE_CURVE('',#1104,#1117,#984,.T.);
#1657=EDGE_CURVE('',#1077,#1263,#127,.T.);
#1658=EDGE_CURVE('',#1263,#1264,#128,.T.);
#1659=EDGE_CURVE('',#1095,#1264,#129,.F.);
#1660=EDGE_CURVE('',#1063,#1098,#130,.F.);
#1661=EDGE_CURVE('',#1064,#1071,#131,.T.);
#1662=EDGE_CURVE('',#1079,#1094,#985,.T.);
#1663=EDGE_CURVE('',#1083,#1087,#986,.T.);
#1664=EDGE_CURVE('',#1085,#1086,#987,.T.);
#1665=EDGE_CURVE('',#1074,#1265,#132,.T.);
#1666=EDGE_CURVE('',#1265,#1266,#133,.T.);
#1667=EDGE_CURVE('',#1090,#1266,#134,.F.);
#1668=EDGE_CURVE('',#1029,#1267,#135,.T.);
#1669=EDGE_CURVE('',#1267,#1037,#136,.T.);
#1670=EDGE_CURVE('',#1076,#1089,#988,.T.);
#1671=EDGE_CURVE('',#1115,#1268,#137,.T.);
#1672=EDGE_CURVE('',#1268,#1269,#138,.T.);
#1673=EDGE_CURVE('',#1109,#1269,#139,.F.);
#1674=EDGE_CURVE('',#1016,#1112,#140,.F.);
#1675=EDGE_CURVE('',#1017,#1024,#141,.T.);
#1676=EDGE_CURVE('',#1092,#1108,#989,.T.);
#1677=EDGE_CURVE('',#1270,#1271,#142,.F.);
#1678=EDGE_CURVE('',#1270,#1272,#990,.T.);
#1679=EDGE_CURVE('',#1272,#1273,#143,.T.);
#1680=EDGE_CURVE('',#1274,#1273,#144,.F.);
#1681=EDGE_CURVE('',#1274,#1248,#145,.T.);
#1682=EDGE_CURVE('',#1116,#1106,#991,.T.);
#1683=EDGE_CURVE('',#1260,#1271,#146,.T.);
#1684=EDGE_CURVE('',#996,#1270,#41,.T.);
#1685=EDGE_CURVE('',#995,#1272,#42,.T.);
#1686=EDGE_CURVE('',#1113,#1105,#992,.T.);
#1687=EDGE_CURVE('',#1065,#1097,#684,.T.);
#1688=EDGE_CURVE('',#1018,#1111,#685,.T.);
#1689=EDGE_CURVE('',#997,#998,#686,.T.);
#1690=ORIENTED_EDGE('',*,*,#1275,.F.);
#1691=ORIENTED_EDGE('',*,*,#1276,.F.);
#1692=ORIENTED_EDGE('',*,*,#1277,.T.);
#1693=ORIENTED_EDGE('',*,*,#1278,.T.);
#1694=ORIENTED_EDGE('',*,*,#1275,.T.);
#1695=ORIENTED_EDGE('',*,*,#1279,.T.);
#1696=ORIENTED_EDGE('',*,*,#1280,.F.);
#1697=ORIENTED_EDGE('',*,*,#1281,.F.);
#1698=ORIENTED_EDGE('',*,*,#1282,.F.);
#1699=ORIENTED_EDGE('',*,*,#1283,.T.);
#1700=ORIENTED_EDGE('',*,*,#1284,.T.);
#1701=ORIENTED_EDGE('',*,*,#1285,.T.);
#1702=ORIENTED_EDGE('',*,*,#1285,.F.);
#1703=ORIENTED_EDGE('',*,*,#1286,.F.);
#1704=ORIENTED_EDGE('',*,*,#1287,.F.);
#1705=ORIENTED_EDGE('',*,*,#1288,.T.);
#1706=ORIENTED_EDGE('',*,*,#1283,.F.);
#1707=ORIENTED_EDGE('',*,*,#1289,.F.);
#1708=ORIENTED_EDGE('',*,*,#1290,.F.);
#1709=ORIENTED_EDGE('',*,*,#1291,.F.);
#1710=ORIENTED_EDGE('',*,*,#1292,.F.);
#1711=ORIENTED_EDGE('',*,*,#1293,.T.);
#1712=ORIENTED_EDGE('',*,*,#1294,.T.);
#1713=ORIENTED_EDGE('',*,*,#1295,.T.);
#1714=ORIENTED_EDGE('',*,*,#1296,.T.);
#1715=ORIENTED_EDGE('',*,*,#1295,.F.);
#1716=ORIENTED_EDGE('',*,*,#1297,.F.);
#1717=ORIENTED_EDGE('',*,*,#1298,.F.);
#1718=ORIENTED_EDGE('',*,*,#1299,.T.);
#1719=ORIENTED_EDGE('',*,*,#1293,.F.);
#1720=ORIENTED_EDGE('',*,*,#1300,.T.);
#1721=ORIENTED_EDGE('',*,*,#1301,.F.);
#1722=ORIENTED_EDGE('',*,*,#1302,.F.);
#1723=ORIENTED_EDGE('',*,*,#1303,.F.);
#1724=ORIENTED_EDGE('',*,*,#1304,.T.);
#1725=ORIENTED_EDGE('',*,*,#1305,.T.);
#1726=ORIENTED_EDGE('',*,*,#1306,.T.);
#1727=ORIENTED_EDGE('',*,*,#1307,.T.);
#1728=ORIENTED_EDGE('',*,*,#1306,.F.);
#1729=ORIENTED_EDGE('',*,*,#1308,.F.);
#1730=ORIENTED_EDGE('',*,*,#1309,.F.);
#1731=ORIENTED_EDGE('',*,*,#1310,.F.);
#1732=ORIENTED_EDGE('',*,*,#1311,.T.);
#1733=ORIENTED_EDGE('',*,*,#1312,.T.);
#1734=ORIENTED_EDGE('',*,*,#1313,.T.);
#1735=ORIENTED_EDGE('',*,*,#1314,.F.);
#1736=ORIENTED_EDGE('',*,*,#1315,.F.);
#1737=ORIENTED_EDGE('',*,*,#1316,.F.);
#1738=ORIENTED_EDGE('',*,*,#1314,.T.);
#1739=ORIENTED_EDGE('',*,*,#1317,.T.);
#1740=ORIENTED_EDGE('',*,*,#1318,.F.);
#1741=ORIENTED_EDGE('',*,*,#1319,.T.);
#1742=ORIENTED_EDGE('',*,*,#1320,.T.);
#1743=ORIENTED_EDGE('',*,*,#1321,.T.);
#1744=ORIENTED_EDGE('',*,*,#1322,.T.);
#1745=ORIENTED_EDGE('',*,*,#1321,.F.);
#1746=ORIENTED_EDGE('',*,*,#1323,.F.);
#1747=ORIENTED_EDGE('',*,*,#1324,.F.);
#1748=ORIENTED_EDGE('',*,*,#1325,.F.);
#1749=ORIENTED_EDGE('',*,*,#1326,.T.);
#1750=ORIENTED_EDGE('',*,*,#1327,.T.);
#1751=ORIENTED_EDGE('',*,*,#1328,.F.);
#1752=ORIENTED_EDGE('',*,*,#1329,.F.);
#1753=ORIENTED_EDGE('',*,*,#1330,.F.);
#1754=ORIENTED_EDGE('',*,*,#1331,.F.);
#1755=ORIENTED_EDGE('',*,*,#1319,.F.);
#1756=ORIENTED_EDGE('',*,*,#1332,.T.);
#1757=ORIENTED_EDGE('',*,*,#1333,.F.);
#1758=ORIENTED_EDGE('',*,*,#1334,.F.);
#1759=ORIENTED_EDGE('',*,*,#1335,.T.);
#1760=ORIENTED_EDGE('',*,*,#1329,.T.);
#1761=ORIENTED_EDGE('',*,*,#1336,.F.);
#1762=ORIENTED_EDGE('',*,*,#1337,.T.);
#1763=ORIENTED_EDGE('',*,*,#1338,.T.);
#1764=ORIENTED_EDGE('',*,*,#1339,.T.);
#1765=ORIENTED_EDGE('',*,*,#1339,.F.);
#1766=ORIENTED_EDGE('',*,*,#1340,.F.);
#1767=ORIENTED_EDGE('',*,*,#1341,.F.);
#1768=ORIENTED_EDGE('',*,*,#1342,.F.);
#1769=ORIENTED_EDGE('',*,*,#1337,.F.);
#1770=ORIENTED_EDGE('',*,*,#1343,.T.);
#1771=ORIENTED_EDGE('',*,*,#1344,.F.);
#1772=ORIENTED_EDGE('',*,*,#1345,.F.);
#1773=ORIENTED_EDGE('',*,*,#1346,.F.);
#1774=ORIENTED_EDGE('',*,*,#1347,.T.);
#1775=ORIENTED_EDGE('',*,*,#1348,.T.);
#1776=ORIENTED_EDGE('',*,*,#1349,.T.);
#1777=ORIENTED_EDGE('',*,*,#1350,.T.);
#1778=ORIENTED_EDGE('',*,*,#1351,.T.);
#1779=ORIENTED_EDGE('',*,*,#1352,.F.);
#1780=ORIENTED_EDGE('',*,*,#1349,.F.);
#1781=ORIENTED_EDGE('',*,*,#1353,.F.);
#1782=ORIENTED_EDGE('',*,*,#1354,.F.);
#1783=ORIENTED_EDGE('',*,*,#1355,.F.);
#1784=ORIENTED_EDGE('',*,*,#1347,.F.);
#1785=ORIENTED_EDGE('',*,*,#1356,.F.);
#1786=ORIENTED_EDGE('',*,*,#1357,.F.);
#1787=ORIENTED_EDGE('',*,*,#1358,.F.);
#1788=ORIENTED_EDGE('',*,*,#1359,.F.);
#1789=ORIENTED_EDGE('',*,*,#1360,.T.);
#1790=ORIENTED_EDGE('',*,*,#1361,.T.);
#1791=ORIENTED_EDGE('',*,*,#1362,.T.);
#1792=ORIENTED_EDGE('',*,*,#1363,.T.);
#1793=ORIENTED_EDGE('',*,*,#1362,.F.);
#1794=ORIENTED_EDGE('',*,*,#1364,.F.);
#1795=ORIENTED_EDGE('',*,*,#1365,.F.);
#1796=ORIENTED_EDGE('',*,*,#1366,.F.);
#1797=ORIENTED_EDGE('',*,*,#1367,.T.);
#1798=ORIENTED_EDGE('',*,*,#1368,.T.);
#1799=ORIENTED_EDGE('',*,*,#1369,.F.);
#1800=ORIENTED_EDGE('',*,*,#1351,.F.);
#1801=ORIENTED_EDGE('',*,*,#1370,.T.);
#1802=ORIENTED_EDGE('',*,*,#1371,.F.);
#1803=ORIENTED_EDGE('',*,*,#1372,.F.);
#1804=ORIENTED_EDGE('',*,*,#1341,.T.);
#1805=ORIENTED_EDGE('',*,*,#1373,.T.);
#1806=ORIENTED_EDGE('',*,*,#1374,.T.);
#1807=ORIENTED_EDGE('',*,*,#1375,.T.);
#1808=ORIENTED_EDGE('',*,*,#1376,.F.);
#1809=ORIENTED_EDGE('',*,*,#1354,.T.);
#1810=ORIENTED_EDGE('',*,*,#1377,.T.);
#1811=ORIENTED_EDGE('',*,*,#1378,.T.);
#1812=ORIENTED_EDGE('',*,*,#1379,.T.);
#1813=ORIENTED_EDGE('',*,*,#1380,.F.);
#1814=ORIENTED_EDGE('',*,*,#1287,.T.);
#1815=ORIENTED_EDGE('',*,*,#1381,.T.);
#1816=ORIENTED_EDGE('',*,*,#1382,.T.);
#1817=ORIENTED_EDGE('',*,*,#1383,.T.);
#1818=ORIENTED_EDGE('',*,*,#1384,.F.);
#1819=ORIENTED_EDGE('',*,*,#1365,.T.);
#1820=ORIENTED_EDGE('',*,*,#1385,.T.);
#1821=ORIENTED_EDGE('',*,*,#1386,.T.);
#1822=ORIENTED_EDGE('',*,*,#1387,.T.);
#1823=ORIENTED_EDGE('',*,*,#1388,.F.);
#1824=ORIENTED_EDGE('',*,*,#1389,.T.);
#1825=ORIENTED_EDGE('',*,*,#1390,.T.);
#1826=ORIENTED_EDGE('',*,*,#1344,.T.);
#1827=ORIENTED_EDGE('',*,*,#1391,.T.);
#1828=ORIENTED_EDGE('',*,*,#1374,.F.);
#1829=ORIENTED_EDGE('',*,*,#1392,.F.);
#1830=ORIENTED_EDGE('',*,*,#1389,.F.);
#1831=ORIENTED_EDGE('',*,*,#1393,.T.);
#1832=ORIENTED_EDGE('',*,*,#1394,.F.);
#1833=ORIENTED_EDGE('',*,*,#1395,.T.);
#1834=ORIENTED_EDGE('',*,*,#1396,.T.);
#1835=ORIENTED_EDGE('',*,*,#1333,.T.);
#1836=ORIENTED_EDGE('',*,*,#1397,.T.);
#1837=ORIENTED_EDGE('',*,*,#1395,.F.);
#1838=ORIENTED_EDGE('',*,*,#1398,.T.);
#1839=ORIENTED_EDGE('',*,*,#1399,.F.);
#1840=ORIENTED_EDGE('',*,*,#1400,.F.);
#1841=ORIENTED_EDGE('',*,*,#1401,.F.);
#1842=ORIENTED_EDGE('',*,*,#1402,.T.);
#1843=ORIENTED_EDGE('',*,*,#1403,.T.);
#1844=ORIENTED_EDGE('',*,*,#1404,.T.);
#1845=ORIENTED_EDGE('',*,*,#1405,.T.);
#1846=ORIENTED_EDGE('',*,*,#1386,.F.);
#1847=ORIENTED_EDGE('',*,*,#1406,.F.);
#1848=ORIENTED_EDGE('',*,*,#1402,.F.);
#1849=ORIENTED_EDGE('',*,*,#1407,.T.);
#1850=ORIENTED_EDGE('',*,*,#1408,.F.);
#1851=ORIENTED_EDGE('',*,*,#1409,.T.);
#1852=ORIENTED_EDGE('',*,*,#1410,.T.);
#1853=ORIENTED_EDGE('',*,*,#1357,.T.);
#1854=ORIENTED_EDGE('',*,*,#1411,.T.);
#1855=ORIENTED_EDGE('',*,*,#1378,.F.);
#1856=ORIENTED_EDGE('',*,*,#1412,.F.);
#1857=ORIENTED_EDGE('',*,*,#1409,.F.);
#1858=ORIENTED_EDGE('',*,*,#1413,.T.);
#1859=ORIENTED_EDGE('',*,*,#1414,.F.);
#1860=ORIENTED_EDGE('',*,*,#1298,.T.);
#1861=ORIENTED_EDGE('',*,*,#1415,.T.);
#1862=ORIENTED_EDGE('',*,*,#1416,.T.);
#1863=ORIENTED_EDGE('',*,*,#1417,.T.);
#1864=ORIENTED_EDGE('',*,*,#1418,.F.);
#1865=ORIENTED_EDGE('',*,*,#1419,.T.);
#1866=ORIENTED_EDGE('',*,*,#1420,.T.);
#1867=ORIENTED_EDGE('',*,*,#1301,.T.);
#1868=ORIENTED_EDGE('',*,*,#1421,.T.);
#1869=ORIENTED_EDGE('',*,*,#1416,.F.);
#1870=ORIENTED_EDGE('',*,*,#1422,.F.);
#1871=ORIENTED_EDGE('',*,*,#1419,.F.);
#1872=ORIENTED_EDGE('',*,*,#1423,.T.);
#1873=ORIENTED_EDGE('',*,*,#1424,.F.);
#1874=ORIENTED_EDGE('',*,*,#1425,.T.);
#1875=ORIENTED_EDGE('',*,*,#1426,.T.);
#1876=ORIENTED_EDGE('',*,*,#1427,.T.);
#1877=ORIENTED_EDGE('',*,*,#1428,.T.);
#1878=ORIENTED_EDGE('',*,*,#1425,.F.);
#1879=ORIENTED_EDGE('',*,*,#1429,.T.);
#1880=ORIENTED_EDGE('',*,*,#1430,.F.);
#1881=ORIENTED_EDGE('',*,*,#1431,.F.);
#1882=ORIENTED_EDGE('',*,*,#1432,.F.);
#1883=ORIENTED_EDGE('',*,*,#1324,.T.);
#1884=ORIENTED_EDGE('',*,*,#1433,.T.);
#1885=ORIENTED_EDGE('',*,*,#1399,.T.);
#1886=ORIENTED_EDGE('',*,*,#1434,.T.);
#1887=ORIENTED_EDGE('',*,*,#1435,.F.);
#1888=ORIENTED_EDGE('',*,*,#1309,.T.);
#1889=ORIENTED_EDGE('',*,*,#1436,.T.);
#1890=ORIENTED_EDGE('',*,*,#1430,.T.);
#1891=ORIENTED_EDGE('',*,*,#1437,.T.);
#1892=ORIENTED_EDGE('',*,*,#1438,.F.);
#1893=ORIENTED_EDGE('',*,*,#1439,.T.);
#1894=ORIENTED_EDGE('',*,*,#1440,.T.);
#1895=ORIENTED_EDGE('',*,*,#1290,.T.);
#1896=ORIENTED_EDGE('',*,*,#1441,.T.);
#1897=ORIENTED_EDGE('',*,*,#1382,.F.);
#1898=ORIENTED_EDGE('',*,*,#1442,.F.);
#1899=ORIENTED_EDGE('',*,*,#1439,.F.);
#1900=ORIENTED_EDGE('',*,*,#1443,.T.);
#1901=ORIENTED_EDGE('',*,*,#1444,.T.);
#1902=ORIENTED_EDGE('',*,*,#1445,.T.);
#1903=ORIENTED_EDGE('',*,*,#1446,.T.);
#1904=ORIENTED_EDGE('',*,*,#1447,.T.);
#1905=ORIENTED_EDGE('',*,*,#1445,.F.);
#1906=ORIENTED_EDGE('',*,*,#1448,.T.);
#1907=ORIENTED_EDGE('',*,*,#1449,.T.);
#1908=ORIENTED_EDGE('',*,*,#1450,.F.);
#1909=ORIENTED_EDGE('',*,*,#1451,.T.);
#1910=ORIENTED_EDGE('',*,*,#1452,.T.);
#1911=ORIENTED_EDGE('',*,*,#1453,.T.);
#1912=ORIENTED_EDGE('',*,*,#1454,.T.);
#1913=ORIENTED_EDGE('',*,*,#1452,.F.);
#1914=ORIENTED_EDGE('',*,*,#1455,.T.);
#1915=ORIENTED_EDGE('',*,*,#1456,.T.);
#1916=ORIENTED_EDGE('',*,*,#1457,.F.);
#1917=ORIENTED_EDGE('',*,*,#1458,.T.);
#1918=ORIENTED_EDGE('',*,*,#1459,.T.);
#1919=ORIENTED_EDGE('',*,*,#1460,.T.);
#1920=ORIENTED_EDGE('',*,*,#1461,.T.);
#1921=ORIENTED_EDGE('',*,*,#1459,.F.);
#1922=ORIENTED_EDGE('',*,*,#1462,.T.);
#1923=ORIENTED_EDGE('',*,*,#1463,.T.);
#1924=ORIENTED_EDGE('',*,*,#1464,.F.);
#1925=ORIENTED_EDGE('',*,*,#1465,.T.);
#1926=ORIENTED_EDGE('',*,*,#1466,.T.);
#1927=ORIENTED_EDGE('',*,*,#1467,.T.);
#1928=ORIENTED_EDGE('',*,*,#1468,.T.);
#1929=ORIENTED_EDGE('',*,*,#1466,.F.);
#1930=ORIENTED_EDGE('',*,*,#1469,.T.);
#1931=ORIENTED_EDGE('',*,*,#1470,.T.);
#1932=ORIENTED_EDGE('',*,*,#1471,.F.);
#1933=ORIENTED_EDGE('',*,*,#1472,.T.);
#1934=ORIENTED_EDGE('',*,*,#1473,.T.);
#1935=ORIENTED_EDGE('',*,*,#1474,.T.);
#1936=ORIENTED_EDGE('',*,*,#1475,.T.);
#1937=ORIENTED_EDGE('',*,*,#1473,.F.);
#1938=ORIENTED_EDGE('',*,*,#1476,.T.);
#1939=ORIENTED_EDGE('',*,*,#1477,.T.);
#1940=ORIENTED_EDGE('',*,*,#1478,.F.);
#1941=ORIENTED_EDGE('',*,*,#1479,.T.);
#1942=ORIENTED_EDGE('',*,*,#1480,.T.);
#1943=ORIENTED_EDGE('',*,*,#1481,.T.);
#1944=ORIENTED_EDGE('',*,*,#1482,.T.);
#1945=ORIENTED_EDGE('',*,*,#1480,.F.);
#1946=ORIENTED_EDGE('',*,*,#1483,.T.);
#1947=ORIENTED_EDGE('',*,*,#1484,.T.);
#1948=ORIENTED_EDGE('',*,*,#1485,.F.);
#1949=ORIENTED_EDGE('',*,*,#1486,.T.);
#1950=ORIENTED_EDGE('',*,*,#1487,.T.);
#1951=ORIENTED_EDGE('',*,*,#1488,.T.);
#1952=ORIENTED_EDGE('',*,*,#1489,.T.);
#1953=ORIENTED_EDGE('',*,*,#1487,.F.);
#1954=ORIENTED_EDGE('',*,*,#1490,.T.);
#1955=ORIENTED_EDGE('',*,*,#1491,.T.);
#1956=ORIENTED_EDGE('',*,*,#1492,.F.);
#1957=ORIENTED_EDGE('',*,*,#1493,.T.);
#1958=ORIENTED_EDGE('',*,*,#1494,.T.);
#1959=ORIENTED_EDGE('',*,*,#1495,.T.);
#1960=ORIENTED_EDGE('',*,*,#1496,.T.);
#1961=ORIENTED_EDGE('',*,*,#1494,.F.);
#1962=ORIENTED_EDGE('',*,*,#1497,.T.);
#1963=ORIENTED_EDGE('',*,*,#1498,.T.);
#1964=ORIENTED_EDGE('',*,*,#1499,.F.);
#1965=ORIENTED_EDGE('',*,*,#1500,.T.);
#1966=ORIENTED_EDGE('',*,*,#1501,.T.);
#1967=ORIENTED_EDGE('',*,*,#1502,.T.);
#1968=ORIENTED_EDGE('',*,*,#1503,.T.);
#1969=ORIENTED_EDGE('',*,*,#1501,.F.);
#1970=ORIENTED_EDGE('',*,*,#1504,.T.);
#1971=ORIENTED_EDGE('',*,*,#1505,.T.);
#1972=ORIENTED_EDGE('',*,*,#1506,.F.);
#1973=ORIENTED_EDGE('',*,*,#1507,.T.);
#1974=ORIENTED_EDGE('',*,*,#1508,.T.);
#1975=ORIENTED_EDGE('',*,*,#1509,.T.);
#1976=ORIENTED_EDGE('',*,*,#1510,.T.);
#1977=ORIENTED_EDGE('',*,*,#1508,.F.);
#1978=ORIENTED_EDGE('',*,*,#1511,.T.);
#1979=ORIENTED_EDGE('',*,*,#1512,.T.);
#1980=ORIENTED_EDGE('',*,*,#1513,.F.);
#1981=ORIENTED_EDGE('',*,*,#1514,.T.);
#1982=ORIENTED_EDGE('',*,*,#1515,.T.);
#1983=ORIENTED_EDGE('',*,*,#1516,.T.);
#1984=ORIENTED_EDGE('',*,*,#1517,.T.);
#1985=ORIENTED_EDGE('',*,*,#1515,.F.);
#1986=ORIENTED_EDGE('',*,*,#1518,.T.);
#1987=ORIENTED_EDGE('',*,*,#1519,.T.);
#1988=ORIENTED_EDGE('',*,*,#1520,.F.);
#1989=ORIENTED_EDGE('',*,*,#1521,.T.);
#1990=ORIENTED_EDGE('',*,*,#1522,.T.);
#1991=ORIENTED_EDGE('',*,*,#1523,.T.);
#1992=ORIENTED_EDGE('',*,*,#1524,.T.);
#1993=ORIENTED_EDGE('',*,*,#1522,.F.);
#1994=ORIENTED_EDGE('',*,*,#1525,.T.);
#1995=ORIENTED_EDGE('',*,*,#1526,.T.);
#1996=ORIENTED_EDGE('',*,*,#1527,.F.);
#1997=ORIENTED_EDGE('',*,*,#1528,.T.);
#1998=ORIENTED_EDGE('',*,*,#1529,.T.);
#1999=ORIENTED_EDGE('',*,*,#1530,.T.);
#2000=ORIENTED_EDGE('',*,*,#1531,.T.);
#2001=ORIENTED_EDGE('',*,*,#1529,.F.);
#2002=ORIENTED_EDGE('',*,*,#1532,.T.);
#2003=ORIENTED_EDGE('',*,*,#1533,.T.);
#2004=ORIENTED_EDGE('',*,*,#1534,.F.);
#2005=ORIENTED_EDGE('',*,*,#1535,.T.);
#2006=ORIENTED_EDGE('',*,*,#1536,.T.);
#2007=ORIENTED_EDGE('',*,*,#1537,.T.);
#2008=ORIENTED_EDGE('',*,*,#1538,.T.);
#2009=ORIENTED_EDGE('',*,*,#1536,.F.);
#2010=ORIENTED_EDGE('',*,*,#1539,.T.);
#2011=ORIENTED_EDGE('',*,*,#1540,.T.);
#2012=ORIENTED_EDGE('',*,*,#1541,.F.);
#2013=ORIENTED_EDGE('',*,*,#1542,.T.);
#2014=ORIENTED_EDGE('',*,*,#1543,.T.);
#2015=ORIENTED_EDGE('',*,*,#1544,.T.);
#2016=ORIENTED_EDGE('',*,*,#1545,.T.);
#2017=ORIENTED_EDGE('',*,*,#1543,.F.);
#2018=ORIENTED_EDGE('',*,*,#1546,.T.);
#2019=ORIENTED_EDGE('',*,*,#1547,.T.);
#2020=ORIENTED_EDGE('',*,*,#1548,.F.);
#2021=ORIENTED_EDGE('',*,*,#1549,.T.);
#2022=ORIENTED_EDGE('',*,*,#1550,.T.);
#2023=ORIENTED_EDGE('',*,*,#1551,.T.);
#2024=ORIENTED_EDGE('',*,*,#1552,.T.);
#2025=ORIENTED_EDGE('',*,*,#1550,.F.);
#2026=ORIENTED_EDGE('',*,*,#1553,.T.);
#2027=ORIENTED_EDGE('',*,*,#1554,.T.);
#2028=ORIENTED_EDGE('',*,*,#1555,.F.);
#2029=ORIENTED_EDGE('',*,*,#1538,.F.);
#2030=ORIENTED_EDGE('',*,*,#1556,.F.);
#2031=ORIENTED_EDGE('',*,*,#1557,.F.);
#2032=ORIENTED_EDGE('',*,*,#1558,.T.);
#2033=ORIENTED_EDGE('',*,*,#1559,.T.);
#2034=ORIENTED_EDGE('',*,*,#1557,.T.);
#2035=ORIENTED_EDGE('',*,*,#1560,.F.);
#2036=ORIENTED_EDGE('',*,*,#1533,.F.);
#2037=ORIENTED_EDGE('',*,*,#1531,.F.);
#2038=ORIENTED_EDGE('',*,*,#1561,.F.);
#2039=ORIENTED_EDGE('',*,*,#1562,.F.);
#2040=ORIENTED_EDGE('',*,*,#1563,.T.);
#2041=ORIENTED_EDGE('',*,*,#1564,.T.);
#2042=ORIENTED_EDGE('',*,*,#1562,.T.);
#2043=ORIENTED_EDGE('',*,*,#1565,.F.);
#2044=ORIENTED_EDGE('',*,*,#1526,.F.);
#2045=ORIENTED_EDGE('',*,*,#1524,.F.);
#2046=ORIENTED_EDGE('',*,*,#1566,.F.);
#2047=ORIENTED_EDGE('',*,*,#1567,.F.);
#2048=ORIENTED_EDGE('',*,*,#1568,.T.);
#2049=ORIENTED_EDGE('',*,*,#1569,.T.);
#2050=ORIENTED_EDGE('',*,*,#1567,.T.);
#2051=ORIENTED_EDGE('',*,*,#1570,.F.);
#2052=ORIENTED_EDGE('',*,*,#1519,.F.);
#2053=ORIENTED_EDGE('',*,*,#1517,.F.);
#2054=ORIENTED_EDGE('',*,*,#1571,.F.);
#2055=ORIENTED_EDGE('',*,*,#1572,.F.);
#2056=ORIENTED_EDGE('',*,*,#1573,.T.);
#2057=ORIENTED_EDGE('',*,*,#1574,.T.);
#2058=ORIENTED_EDGE('',*,*,#1572,.T.);
#2059=ORIENTED_EDGE('',*,*,#1575,.F.);
#2060=ORIENTED_EDGE('',*,*,#1512,.F.);
#2061=ORIENTED_EDGE('',*,*,#1510,.F.);
#2062=ORIENTED_EDGE('',*,*,#1576,.F.);
#2063=ORIENTED_EDGE('',*,*,#1577,.F.);
#2064=ORIENTED_EDGE('',*,*,#1578,.T.);
#2065=ORIENTED_EDGE('',*,*,#1579,.T.);
#2066=ORIENTED_EDGE('',*,*,#1577,.T.);
#2067=ORIENTED_EDGE('',*,*,#1580,.F.);
#2068=ORIENTED_EDGE('',*,*,#1505,.F.);
#2069=ORIENTED_EDGE('',*,*,#1503,.F.);
#2070=ORIENTED_EDGE('',*,*,#1581,.F.);
#2071=ORIENTED_EDGE('',*,*,#1582,.F.);
#2072=ORIENTED_EDGE('',*,*,#1583,.T.);
#2073=ORIENTED_EDGE('',*,*,#1584,.T.);
#2074=ORIENTED_EDGE('',*,*,#1582,.T.);
#2075=ORIENTED_EDGE('',*,*,#1585,.F.);
#2076=ORIENTED_EDGE('',*,*,#1498,.F.);
#2077=ORIENTED_EDGE('',*,*,#1496,.F.);
#2078=ORIENTED_EDGE('',*,*,#1586,.F.);
#2079=ORIENTED_EDGE('',*,*,#1587,.F.);
#2080=ORIENTED_EDGE('',*,*,#1588,.T.);
#2081=ORIENTED_EDGE('',*,*,#1589,.T.);
#2082=ORIENTED_EDGE('',*,*,#1587,.T.);
#2083=ORIENTED_EDGE('',*,*,#1590,.F.);
#2084=ORIENTED_EDGE('',*,*,#1491,.F.);
#2085=ORIENTED_EDGE('',*,*,#1489,.F.);
#2086=ORIENTED_EDGE('',*,*,#1591,.F.);
#2087=ORIENTED_EDGE('',*,*,#1592,.F.);
#2088=ORIENTED_EDGE('',*,*,#1593,.T.);
#2089=ORIENTED_EDGE('',*,*,#1594,.T.);
#2090=ORIENTED_EDGE('',*,*,#1592,.T.);
#2091=ORIENTED_EDGE('',*,*,#1595,.F.);
#2092=ORIENTED_EDGE('',*,*,#1484,.F.);
#2093=ORIENTED_EDGE('',*,*,#1482,.F.);
#2094=ORIENTED_EDGE('',*,*,#1596,.F.);
#2095=ORIENTED_EDGE('',*,*,#1597,.F.);
#2096=ORIENTED_EDGE('',*,*,#1598,.T.);
#2097=ORIENTED_EDGE('',*,*,#1599,.T.);
#2098=ORIENTED_EDGE('',*,*,#1597,.T.);
#2099=ORIENTED_EDGE('',*,*,#1600,.F.);
#2100=ORIENTED_EDGE('',*,*,#1456,.F.);
#2101=ORIENTED_EDGE('',*,*,#1454,.F.);
#2102=ORIENTED_EDGE('',*,*,#1601,.F.);
#2103=ORIENTED_EDGE('',*,*,#1602,.F.);
#2104=ORIENTED_EDGE('',*,*,#1603,.T.);
#2105=ORIENTED_EDGE('',*,*,#1604,.T.);
#2106=ORIENTED_EDGE('',*,*,#1602,.T.);
#2107=ORIENTED_EDGE('',*,*,#1605,.F.);
#2108=ORIENTED_EDGE('',*,*,#1477,.F.);
#2109=ORIENTED_EDGE('',*,*,#1475,.F.);
#2110=ORIENTED_EDGE('',*,*,#1606,.F.);
#2111=ORIENTED_EDGE('',*,*,#1607,.F.);
#2112=ORIENTED_EDGE('',*,*,#1608,.T.);
#2113=ORIENTED_EDGE('',*,*,#1609,.T.);
#2114=ORIENTED_EDGE('',*,*,#1607,.T.);
#2115=ORIENTED_EDGE('',*,*,#1610,.F.);
#2116=ORIENTED_EDGE('',*,*,#1470,.F.);
#2117=ORIENTED_EDGE('',*,*,#1468,.F.);
#2118=ORIENTED_EDGE('',*,*,#1611,.F.);
#2119=ORIENTED_EDGE('',*,*,#1612,.F.);
#2120=ORIENTED_EDGE('',*,*,#1613,.T.);
#2121=ORIENTED_EDGE('',*,*,#1614,.T.);
#2122=ORIENTED_EDGE('',*,*,#1612,.T.);
#2123=ORIENTED_EDGE('',*,*,#1615,.F.);
#2124=ORIENTED_EDGE('',*,*,#1463,.F.);
#2125=ORIENTED_EDGE('',*,*,#1461,.F.);
#2126=ORIENTED_EDGE('',*,*,#1616,.F.);
#2127=ORIENTED_EDGE('',*,*,#1617,.F.);
#2128=ORIENTED_EDGE('',*,*,#1618,.T.);
#2129=ORIENTED_EDGE('',*,*,#1619,.T.);
#2130=ORIENTED_EDGE('',*,*,#1617,.T.);
#2131=ORIENTED_EDGE('',*,*,#1620,.F.);
#2132=ORIENTED_EDGE('',*,*,#1449,.F.);
#2133=ORIENTED_EDGE('',*,*,#1447,.F.);
#2134=ORIENTED_EDGE('',*,*,#1621,.F.);
#2135=ORIENTED_EDGE('',*,*,#1622,.F.);
#2136=ORIENTED_EDGE('',*,*,#1623,.T.);
#2137=ORIENTED_EDGE('',*,*,#1624,.T.);
#2138=ORIENTED_EDGE('',*,*,#1622,.T.);
#2139=ORIENTED_EDGE('',*,*,#1625,.F.);
#2140=ORIENTED_EDGE('',*,*,#1547,.F.);
#2141=ORIENTED_EDGE('',*,*,#1545,.F.);
#2142=ORIENTED_EDGE('',*,*,#1626,.F.);
#2143=ORIENTED_EDGE('',*,*,#1627,.F.);
#2144=ORIENTED_EDGE('',*,*,#1628,.T.);
#2145=ORIENTED_EDGE('',*,*,#1629,.T.);
#2146=ORIENTED_EDGE('',*,*,#1627,.T.);
#2147=ORIENTED_EDGE('',*,*,#1630,.F.);
#2148=ORIENTED_EDGE('',*,*,#1554,.F.);
#2149=ORIENTED_EDGE('',*,*,#1552,.F.);
#2150=ORIENTED_EDGE('',*,*,#1631,.F.);
#2151=ORIENTED_EDGE('',*,*,#1632,.F.);
#2152=ORIENTED_EDGE('',*,*,#1633,.T.);
#2153=ORIENTED_EDGE('',*,*,#1634,.T.);
#2154=ORIENTED_EDGE('',*,*,#1632,.T.);
#2155=ORIENTED_EDGE('',*,*,#1635,.F.);
#2156=ORIENTED_EDGE('',*,*,#1540,.F.);
#2157=ORIENTED_EDGE('',*,*,#1356,.T.);
#2158=ORIENTED_EDGE('',*,*,#1346,.T.);
#2159=ORIENTED_EDGE('',*,*,#1636,.F.);
#2160=ORIENTED_EDGE('',*,*,#1637,.F.);
#2161=ORIENTED_EDGE('',*,*,#1638,.F.);
#2162=ORIENTED_EDGE('',*,*,#1639,.T.);
#2163=ORIENTED_EDGE('',*,*,#1640,.F.);
#2164=ORIENTED_EDGE('',*,*,#1641,.T.);
#2165=ORIENTED_EDGE('',*,*,#1642,.T.);
#2166=ORIENTED_EDGE('',*,*,#1643,.F.);
#2167=ORIENTED_EDGE('',*,*,#1282,.T.);
#2168=ORIENTED_EDGE('',*,*,#1288,.F.);
#2169=ORIENTED_EDGE('',*,*,#1380,.T.);
#2170=ORIENTED_EDGE('',*,*,#1644,.T.);
#2171=ORIENTED_EDGE('',*,*,#1645,.T.);
#2172=ORIENTED_EDGE('',*,*,#1646,.F.);
#2173=ORIENTED_EDGE('',*,*,#1411,.F.);
#2174=ORIENTED_EDGE('',*,*,#1645,.F.);
#2175=ORIENTED_EDGE('',*,*,#1644,.F.);
#2176=ORIENTED_EDGE('',*,*,#1383,.F.);
#2177=ORIENTED_EDGE('',*,*,#1647,.T.);
#2178=ORIENTED_EDGE('',*,*,#1408,.T.);
#2179=ORIENTED_EDGE('',*,*,#1646,.T.);
#2180=ORIENTED_EDGE('',*,*,#1648,.T.);
#2181=ORIENTED_EDGE('',*,*,#1649,.T.);
#2182=ORIENTED_EDGE('',*,*,#1650,.T.);
#2183=ORIENTED_EDGE('',*,*,#1651,.F.);
#2184=ORIENTED_EDGE('',*,*,#1296,.F.);
#2185=ORIENTED_EDGE('',*,*,#1299,.F.);
#2186=ORIENTED_EDGE('',*,*,#1414,.T.);
#2187=ORIENTED_EDGE('',*,*,#1652,.T.);
#2188=ORIENTED_EDGE('',*,*,#1653,.T.);
#2189=ORIENTED_EDGE('',*,*,#1654,.F.);
#2190=ORIENTED_EDGE('',*,*,#1441,.F.);
#2191=ORIENTED_EDGE('',*,*,#1289,.T.);
#2192=ORIENTED_EDGE('',*,*,#1643,.T.);
#2193=ORIENTED_EDGE('',*,*,#1642,.F.);
#2194=ORIENTED_EDGE('',*,*,#1655,.T.);
#2195=ORIENTED_EDGE('',*,*,#1653,.F.);
#2196=ORIENTED_EDGE('',*,*,#1652,.F.);
#2197=ORIENTED_EDGE('',*,*,#1417,.F.);
#2198=ORIENTED_EDGE('',*,*,#1656,.T.);
#2199=ORIENTED_EDGE('',*,*,#1438,.T.);
#2200=ORIENTED_EDGE('',*,*,#1654,.T.);
#2201=ORIENTED_EDGE('',*,*,#1371,.T.);
#2202=ORIENTED_EDGE('',*,*,#1370,.F.);
#2203=ORIENTED_EDGE('',*,*,#1350,.F.);
#2204=ORIENTED_EDGE('',*,*,#1355,.T.);
#2205=ORIENTED_EDGE('',*,*,#1376,.T.);
#2206=ORIENTED_EDGE('',*,*,#1657,.T.);
#2207=ORIENTED_EDGE('',*,*,#1658,.T.);
#2208=ORIENTED_EDGE('',*,*,#1659,.F.);
#2209=ORIENTED_EDGE('',*,*,#1405,.F.);
#2210=ORIENTED_EDGE('',*,*,#1660,.F.);
#2211=ORIENTED_EDGE('',*,*,#1359,.T.);
#2212=ORIENTED_EDGE('',*,*,#1661,.T.);
#2213=ORIENTED_EDGE('',*,*,#1367,.F.);
#2214=ORIENTED_EDGE('',*,*,#1658,.F.);
#2215=ORIENTED_EDGE('',*,*,#1657,.F.);
#2216=ORIENTED_EDGE('',*,*,#1379,.F.);
#2217=ORIENTED_EDGE('',*,*,#1662,.T.);
#2218=ORIENTED_EDGE('',*,*,#1401,.T.);
#2219=ORIENTED_EDGE('',*,*,#1659,.T.);
#2220=ORIENTED_EDGE('',*,*,#1663,.F.);
#2221=ORIENTED_EDGE('',*,*,#1387,.F.);
#2222=ORIENTED_EDGE('',*,*,#1664,.T.);
#2223=ORIENTED_EDGE('',*,*,#1388,.T.);
#2224=ORIENTED_EDGE('',*,*,#1331,.T.);
#2225=ORIENTED_EDGE('',*,*,#1330,.T.);
#2226=ORIENTED_EDGE('',*,*,#1335,.F.);
#2227=ORIENTED_EDGE('',*,*,#1342,.T.);
#2228=ORIENTED_EDGE('',*,*,#1372,.T.);
#2229=ORIENTED_EDGE('',*,*,#1665,.T.);
#2230=ORIENTED_EDGE('',*,*,#1666,.T.);
#2231=ORIENTED_EDGE('',*,*,#1667,.F.);
#2232=ORIENTED_EDGE('',*,*,#1397,.F.);
#2233=ORIENTED_EDGE('',*,*,#1332,.F.);
#2234=ORIENTED_EDGE('',*,*,#1318,.T.);
#2235=ORIENTED_EDGE('',*,*,#1668,.T.);
#2236=ORIENTED_EDGE('',*,*,#1669,.T.);
#2237=ORIENTED_EDGE('',*,*,#1326,.F.);
#2238=ORIENTED_EDGE('',*,*,#1666,.F.);
#2239=ORIENTED_EDGE('',*,*,#1665,.F.);
#2240=ORIENTED_EDGE('',*,*,#1375,.F.);
#2241=ORIENTED_EDGE('',*,*,#1670,.T.);
#2242=ORIENTED_EDGE('',*,*,#1394,.T.);
#2243=ORIENTED_EDGE('',*,*,#1667,.T.);
#2244=ORIENTED_EDGE('',*,*,#1316,.T.);
#2245=ORIENTED_EDGE('',*,*,#1315,.T.);
#2246=ORIENTED_EDGE('',*,*,#1322,.F.);
#2247=ORIENTED_EDGE('',*,*,#1325,.T.);
#2248=ORIENTED_EDGE('',*,*,#1432,.T.);
#2249=ORIENTED_EDGE('',*,*,#1671,.T.);
#2250=ORIENTED_EDGE('',*,*,#1672,.T.);
#2251=ORIENTED_EDGE('',*,*,#1673,.F.);
#2252=ORIENTED_EDGE('',*,*,#1428,.F.);
#2253=ORIENTED_EDGE('',*,*,#1674,.F.);
#2254=ORIENTED_EDGE('',*,*,#1303,.T.);
#2255=ORIENTED_EDGE('',*,*,#1675,.T.);
#2256=ORIENTED_EDGE('',*,*,#1311,.F.);
#2257=ORIENTED_EDGE('',*,*,#1672,.F.);
#2258=ORIENTED_EDGE('',*,*,#1671,.F.);
#2259=ORIENTED_EDGE('',*,*,#1434,.F.);
#2260=ORIENTED_EDGE('',*,*,#1676,.T.);
#2261=ORIENTED_EDGE('',*,*,#1424,.T.);
#2262=ORIENTED_EDGE('',*,*,#1673,.T.);
#2263=ORIENTED_EDGE('',*,*,#1677,.F.);
#2264=ORIENTED_EDGE('',*,*,#1678,.T.);
#2265=ORIENTED_EDGE('',*,*,#1679,.T.);
#2266=ORIENTED_EDGE('',*,*,#1680,.F.);
#2267=ORIENTED_EDGE('',*,*,#1681,.T.);
#2268=ORIENTED_EDGE('',*,*,#1636,.T.);
#2269=ORIENTED_EDGE('',*,*,#1352,.T.);
#2270=ORIENTED_EDGE('',*,*,#1369,.T.);
#2271=ORIENTED_EDGE('',*,*,#1368,.F.);
#2272=ORIENTED_EDGE('',*,*,#1661,.F.);
#2273=ORIENTED_EDGE('',*,*,#1363,.F.);
#2274=ORIENTED_EDGE('',*,*,#1366,.T.);
#2275=ORIENTED_EDGE('',*,*,#1384,.T.);
#2276=ORIENTED_EDGE('',*,*,#1663,.T.);
#2277=ORIENTED_EDGE('',*,*,#1391,.F.);
#2278=ORIENTED_EDGE('',*,*,#1343,.F.);
#2279=ORIENTED_EDGE('',*,*,#1336,.T.);
#2280=ORIENTED_EDGE('',*,*,#1328,.T.);
#2281=ORIENTED_EDGE('',*,*,#1327,.F.);
#2282=ORIENTED_EDGE('',*,*,#1669,.F.);
#2283=ORIENTED_EDGE('',*,*,#1668,.F.);
#2284=ORIENTED_EDGE('',*,*,#1317,.F.);
#2285=ORIENTED_EDGE('',*,*,#1313,.F.);
#2286=ORIENTED_EDGE('',*,*,#1312,.F.);
#2287=ORIENTED_EDGE('',*,*,#1675,.F.);
#2288=ORIENTED_EDGE('',*,*,#1307,.F.);
#2289=ORIENTED_EDGE('',*,*,#1310,.T.);
#2290=ORIENTED_EDGE('',*,*,#1435,.T.);
#2291=ORIENTED_EDGE('',*,*,#1682,.T.);
#2292=ORIENTED_EDGE('',*,*,#1421,.F.);
#2293=ORIENTED_EDGE('',*,*,#1300,.F.);
#2294=ORIENTED_EDGE('',*,*,#1292,.T.);
#2295=ORIENTED_EDGE('',*,*,#1651,.T.);
#2296=ORIENTED_EDGE('',*,*,#1683,.T.);
#2297=ORIENTED_EDGE('',*,*,#1678,.F.);
#2298=ORIENTED_EDGE('',*,*,#1684,.F.);
#2299=ORIENTED_EDGE('',*,*,#1277,.F.);
#2300=ORIENTED_EDGE('',*,*,#1685,.T.);
#2301=ORIENTED_EDGE('',*,*,#1682,.F.);
#2302=ORIENTED_EDGE('',*,*,#1437,.F.);
#2303=ORIENTED_EDGE('',*,*,#1686,.T.);
#2304=ORIENTED_EDGE('',*,*,#1418,.T.);
#2305=ORIENTED_EDGE('',*,*,#1639,.F.);
#2306=ORIENTED_EDGE('',*,*,#1638,.T.);
#2307=ORIENTED_EDGE('',*,*,#1637,.T.);
#2308=ORIENTED_EDGE('',*,*,#1681,.F.);
#2309=ORIENTED_EDGE('',*,*,#1680,.T.);
#2310=ORIENTED_EDGE('',*,*,#1679,.F.);
#2311=ORIENTED_EDGE('',*,*,#1685,.F.);
#2312=ORIENTED_EDGE('',*,*,#1278,.F.);
#2313=ORIENTED_EDGE('',*,*,#1684,.T.);
#2314=ORIENTED_EDGE('',*,*,#1677,.T.);
#2315=ORIENTED_EDGE('',*,*,#1683,.F.);
#2316=ORIENTED_EDGE('',*,*,#1650,.F.);
#2317=ORIENTED_EDGE('',*,*,#1649,.F.);
#2318=ORIENTED_EDGE('',*,*,#1648,.F.);
#2319=ORIENTED_EDGE('',*,*,#1655,.F.);
#2320=ORIENTED_EDGE('',*,*,#1641,.F.);
#2321=ORIENTED_EDGE('',*,*,#1640,.T.);
#2322=ORIENTED_EDGE('',*,*,#1360,.F.);
#2323=ORIENTED_EDGE('',*,*,#1660,.T.);
#2324=ORIENTED_EDGE('',*,*,#1404,.F.);
#2325=ORIENTED_EDGE('',*,*,#1687,.F.);
#2326=ORIENTED_EDGE('',*,*,#1304,.F.);
#2327=ORIENTED_EDGE('',*,*,#1674,.T.);
#2328=ORIENTED_EDGE('',*,*,#1427,.F.);
#2329=ORIENTED_EDGE('',*,*,#1688,.F.);
#2330=ORIENTED_EDGE('',*,*,#1276,.T.);
#2331=ORIENTED_EDGE('',*,*,#1281,.T.);
#2332=ORIENTED_EDGE('',*,*,#1689,.F.);
#2333=ORIENTED_EDGE('',*,*,#1279,.F.);
#2334=ORIENTED_EDGE('',*,*,#1634,.F.);
#2335=ORIENTED_EDGE('',*,*,#1539,.F.);
#2336=ORIENTED_EDGE('',*,*,#1535,.F.);
#2337=ORIENTED_EDGE('',*,*,#1558,.F.);
#2338=ORIENTED_EDGE('',*,*,#1559,.F.);
#2339=ORIENTED_EDGE('',*,*,#1532,.F.);
#2340=ORIENTED_EDGE('',*,*,#1528,.F.);
#2341=ORIENTED_EDGE('',*,*,#1563,.F.);
#2342=ORIENTED_EDGE('',*,*,#1564,.F.);
#2343=ORIENTED_EDGE('',*,*,#1525,.F.);
#2344=ORIENTED_EDGE('',*,*,#1521,.F.);
#2345=ORIENTED_EDGE('',*,*,#1568,.F.);
#2346=ORIENTED_EDGE('',*,*,#1569,.F.);
#2347=ORIENTED_EDGE('',*,*,#1518,.F.);
#2348=ORIENTED_EDGE('',*,*,#1514,.F.);
#2349=ORIENTED_EDGE('',*,*,#1573,.F.);
#2350=ORIENTED_EDGE('',*,*,#1574,.F.);
#2351=ORIENTED_EDGE('',*,*,#1511,.F.);
#2352=ORIENTED_EDGE('',*,*,#1507,.F.);
#2353=ORIENTED_EDGE('',*,*,#1578,.F.);
#2354=ORIENTED_EDGE('',*,*,#1579,.F.);
#2355=ORIENTED_EDGE('',*,*,#1504,.F.);
#2356=ORIENTED_EDGE('',*,*,#1500,.F.);
#2357=ORIENTED_EDGE('',*,*,#1583,.F.);
#2358=ORIENTED_EDGE('',*,*,#1584,.F.);
#2359=ORIENTED_EDGE('',*,*,#1497,.F.);
#2360=ORIENTED_EDGE('',*,*,#1493,.F.);
#2361=ORIENTED_EDGE('',*,*,#1588,.F.);
#2362=ORIENTED_EDGE('',*,*,#1589,.F.);
#2363=ORIENTED_EDGE('',*,*,#1490,.F.);
#2364=ORIENTED_EDGE('',*,*,#1486,.F.);
#2365=ORIENTED_EDGE('',*,*,#1593,.F.);
#2366=ORIENTED_EDGE('',*,*,#1594,.F.);
#2367=ORIENTED_EDGE('',*,*,#1483,.F.);
#2368=ORIENTED_EDGE('',*,*,#1479,.F.);
#2369=ORIENTED_EDGE('',*,*,#1598,.F.);
#2370=ORIENTED_EDGE('',*,*,#1599,.F.);
#2371=ORIENTED_EDGE('',*,*,#1455,.F.);
#2372=ORIENTED_EDGE('',*,*,#1451,.F.);
#2373=ORIENTED_EDGE('',*,*,#1603,.F.);
#2374=ORIENTED_EDGE('',*,*,#1604,.F.);
#2375=ORIENTED_EDGE('',*,*,#1476,.F.);
#2376=ORIENTED_EDGE('',*,*,#1472,.F.);
#2377=ORIENTED_EDGE('',*,*,#1608,.F.);
#2378=ORIENTED_EDGE('',*,*,#1609,.F.);
#2379=ORIENTED_EDGE('',*,*,#1469,.F.);
#2380=ORIENTED_EDGE('',*,*,#1465,.F.);
#2381=ORIENTED_EDGE('',*,*,#1613,.F.);
#2382=ORIENTED_EDGE('',*,*,#1614,.F.);
#2383=ORIENTED_EDGE('',*,*,#1462,.F.);
#2384=ORIENTED_EDGE('',*,*,#1458,.F.);
#2385=ORIENTED_EDGE('',*,*,#1618,.F.);
#2386=ORIENTED_EDGE('',*,*,#1619,.F.);
#2387=ORIENTED_EDGE('',*,*,#1448,.F.);
#2388=ORIENTED_EDGE('',*,*,#1444,.F.);
#2389=ORIENTED_EDGE('',*,*,#1623,.F.);
#2390=ORIENTED_EDGE('',*,*,#1624,.F.);
#2391=ORIENTED_EDGE('',*,*,#1546,.F.);
#2392=ORIENTED_EDGE('',*,*,#1542,.F.);
#2393=ORIENTED_EDGE('',*,*,#1628,.F.);
#2394=ORIENTED_EDGE('',*,*,#1629,.F.);
#2395=ORIENTED_EDGE('',*,*,#1553,.F.);
#2396=ORIENTED_EDGE('',*,*,#1549,.F.);
#2397=ORIENTED_EDGE('',*,*,#1633,.F.);
#2398=ORIENTED_EDGE('',*,*,#1280,.T.);
#2399=ORIENTED_EDGE('',*,*,#1689,.T.);
#2400=ORIENTED_EDGE('',*,*,#1422,.T.);
#2401=ORIENTED_EDGE('',*,*,#1415,.F.);
#2402=ORIENTED_EDGE('',*,*,#1297,.T.);
#2403=ORIENTED_EDGE('',*,*,#1294,.F.);
#2404=ORIENTED_EDGE('',*,*,#1302,.T.);
#2405=ORIENTED_EDGE('',*,*,#1420,.F.);
#2406=ORIENTED_EDGE('',*,*,#1286,.T.);
#2407=ORIENTED_EDGE('',*,*,#1284,.F.);
#2408=ORIENTED_EDGE('',*,*,#1291,.T.);
#2409=ORIENTED_EDGE('',*,*,#1440,.F.);
#2410=ORIENTED_EDGE('',*,*,#1442,.T.);
#2411=ORIENTED_EDGE('',*,*,#1381,.F.);
#2412=ORIENTED_EDGE('',*,*,#1431,.T.);
#2413=ORIENTED_EDGE('',*,*,#1436,.F.);
#2414=ORIENTED_EDGE('',*,*,#1308,.T.);
#2415=ORIENTED_EDGE('',*,*,#1305,.F.);
#2416=ORIENTED_EDGE('',*,*,#1688,.T.);
#2417=ORIENTED_EDGE('',*,*,#1426,.F.);
#2418=ORIENTED_EDGE('',*,*,#1400,.T.);
#2419=ORIENTED_EDGE('',*,*,#1433,.F.);
#2420=ORIENTED_EDGE('',*,*,#1323,.T.);
#2421=ORIENTED_EDGE('',*,*,#1320,.F.);
#2422=ORIENTED_EDGE('',*,*,#1334,.T.);
#2423=ORIENTED_EDGE('',*,*,#1396,.F.);
#2424=ORIENTED_EDGE('',*,*,#1392,.T.);
#2425=ORIENTED_EDGE('',*,*,#1373,.F.);
#2426=ORIENTED_EDGE('',*,*,#1340,.T.);
#2427=ORIENTED_EDGE('',*,*,#1338,.F.);
#2428=ORIENTED_EDGE('',*,*,#1345,.T.);
#2429=ORIENTED_EDGE('',*,*,#1390,.F.);
#2430=ORIENTED_EDGE('',*,*,#1406,.T.);
#2431=ORIENTED_EDGE('',*,*,#1385,.F.);
#2432=ORIENTED_EDGE('',*,*,#1364,.T.);
#2433=ORIENTED_EDGE('',*,*,#1361,.F.);
#2434=ORIENTED_EDGE('',*,*,#1687,.T.);
#2435=ORIENTED_EDGE('',*,*,#1403,.F.);
#2436=ORIENTED_EDGE('',*,*,#1412,.T.);
#2437=ORIENTED_EDGE('',*,*,#1377,.F.);
#2438=ORIENTED_EDGE('',*,*,#1353,.T.);
#2439=ORIENTED_EDGE('',*,*,#1348,.F.);
#2440=ORIENTED_EDGE('',*,*,#1358,.T.);
#2441=ORIENTED_EDGE('',*,*,#1410,.F.);
#2442=ORIENTED_EDGE('',*,*,#1635,.T.);
#2443=ORIENTED_EDGE('',*,*,#1631,.T.);
#2444=ORIENTED_EDGE('',*,*,#1551,.F.);
#2445=ORIENTED_EDGE('',*,*,#1555,.T.);
#2446=ORIENTED_EDGE('',*,*,#1630,.T.);
#2447=ORIENTED_EDGE('',*,*,#1626,.T.);
#2448=ORIENTED_EDGE('',*,*,#1544,.F.);
#2449=ORIENTED_EDGE('',*,*,#1548,.T.);
#2450=ORIENTED_EDGE('',*,*,#1625,.T.);
#2451=ORIENTED_EDGE('',*,*,#1621,.T.);
#2452=ORIENTED_EDGE('',*,*,#1446,.F.);
#2453=ORIENTED_EDGE('',*,*,#1450,.T.);
#2454=ORIENTED_EDGE('',*,*,#1620,.T.);
#2455=ORIENTED_EDGE('',*,*,#1616,.T.);
#2456=ORIENTED_EDGE('',*,*,#1460,.F.);
#2457=ORIENTED_EDGE('',*,*,#1464,.T.);
#2458=ORIENTED_EDGE('',*,*,#1615,.T.);
#2459=ORIENTED_EDGE('',*,*,#1611,.T.);
#2460=ORIENTED_EDGE('',*,*,#1467,.F.);
#2461=ORIENTED_EDGE('',*,*,#1471,.T.);
#2462=ORIENTED_EDGE('',*,*,#1610,.T.);
#2463=ORIENTED_EDGE('',*,*,#1606,.T.);
#2464=ORIENTED_EDGE('',*,*,#1474,.F.);
#2465=ORIENTED_EDGE('',*,*,#1478,.T.);
#2466=ORIENTED_EDGE('',*,*,#1605,.T.);
#2467=ORIENTED_EDGE('',*,*,#1601,.T.);
#2468=ORIENTED_EDGE('',*,*,#1453,.F.);
#2469=ORIENTED_EDGE('',*,*,#1457,.T.);
#2470=ORIENTED_EDGE('',*,*,#1600,.T.);
#2471=ORIENTED_EDGE('',*,*,#1596,.T.);
#2472=ORIENTED_EDGE('',*,*,#1481,.F.);
#2473=ORIENTED_EDGE('',*,*,#1485,.T.);
#2474=ORIENTED_EDGE('',*,*,#1595,.T.);
#2475=ORIENTED_EDGE('',*,*,#1591,.T.);
#2476=ORIENTED_EDGE('',*,*,#1488,.F.);
#2477=ORIENTED_EDGE('',*,*,#1492,.T.);
#2478=ORIENTED_EDGE('',*,*,#1590,.T.);
#2479=ORIENTED_EDGE('',*,*,#1586,.T.);
#2480=ORIENTED_EDGE('',*,*,#1495,.F.);
#2481=ORIENTED_EDGE('',*,*,#1499,.T.);
#2482=ORIENTED_EDGE('',*,*,#1585,.T.);
#2483=ORIENTED_EDGE('',*,*,#1581,.T.);
#2484=ORIENTED_EDGE('',*,*,#1502,.F.);
#2485=ORIENTED_EDGE('',*,*,#1506,.T.);
#2486=ORIENTED_EDGE('',*,*,#1580,.T.);
#2487=ORIENTED_EDGE('',*,*,#1576,.T.);
#2488=ORIENTED_EDGE('',*,*,#1509,.F.);
#2489=ORIENTED_EDGE('',*,*,#1513,.T.);
#2490=ORIENTED_EDGE('',*,*,#1575,.T.);
#2491=ORIENTED_EDGE('',*,*,#1571,.T.);
#2492=ORIENTED_EDGE('',*,*,#1516,.F.);
#2493=ORIENTED_EDGE('',*,*,#1520,.T.);
#2494=ORIENTED_EDGE('',*,*,#1570,.T.);
#2495=ORIENTED_EDGE('',*,*,#1566,.T.);
#2496=ORIENTED_EDGE('',*,*,#1523,.F.);
#2497=ORIENTED_EDGE('',*,*,#1527,.T.);
#2498=ORIENTED_EDGE('',*,*,#1565,.T.);
#2499=ORIENTED_EDGE('',*,*,#1561,.T.);
#2500=ORIENTED_EDGE('',*,*,#1530,.F.);
#2501=ORIENTED_EDGE('',*,*,#1534,.T.);
#2502=ORIENTED_EDGE('',*,*,#1560,.T.);
#2503=ORIENTED_EDGE('',*,*,#1556,.T.);
#2504=ORIENTED_EDGE('',*,*,#1537,.F.);
#2505=ORIENTED_EDGE('',*,*,#1541,.T.);
#2506=ORIENTED_EDGE('',*,*,#1670,.F.);
#2507=ORIENTED_EDGE('',*,*,#1393,.F.);
#2508=ORIENTED_EDGE('',*,*,#1664,.F.);
#2509=ORIENTED_EDGE('',*,*,#1407,.F.);
#2510=ORIENTED_EDGE('',*,*,#1662,.F.);
#2511=ORIENTED_EDGE('',*,*,#1413,.F.);
#2512=ORIENTED_EDGE('',*,*,#1647,.F.);
#2513=ORIENTED_EDGE('',*,*,#1443,.F.);
#2514=ORIENTED_EDGE('',*,*,#1656,.F.);
#2515=ORIENTED_EDGE('',*,*,#1423,.F.);
#2516=ORIENTED_EDGE('',*,*,#1686,.F.);
#2517=ORIENTED_EDGE('',*,*,#1429,.F.);
#2518=ORIENTED_EDGE('',*,*,#1676,.F.);
#2519=ORIENTED_EDGE('',*,*,#1398,.F.);
#2520=PLANE('',#2735);
#2521=PLANE('',#2737);
#2522=PLANE('',#2743);
#2523=PLANE('',#2744);
#2524=PLANE('',#2747);
#2525=PLANE('',#2748);
#2526=PLANE('',#2751);
#2527=PLANE('',#2752);
#2528=PLANE('',#2755);
#2529=PLANE('',#2756);
#2530=PLANE('',#2757);
#2531=PLANE('',#2760);
#2532=PLANE('',#2761);
#2533=PLANE('',#2764);
#2534=PLANE('',#2765);
#2535=PLANE('',#2768);
#2536=PLANE('',#2769);
#2537=PLANE('',#2822);
#2538=PLANE('',#2826);
#2539=PLANE('',#2830);
#2540=PLANE('',#2834);
#2541=PLANE('',#2838);
#2542=PLANE('',#2842);
#2543=PLANE('',#2846);
#2544=PLANE('',#2850);
#2545=PLANE('',#2854);
#2546=PLANE('',#2858);
#2547=PLANE('',#2862);
#2548=PLANE('',#2866);
#2549=PLANE('',#2870);
#2550=PLANE('',#2874);
#2551=PLANE('',#2878);
#2552=PLANE('',#2882);
#2553=PLANE('',#2883);
#2554=PLANE('',#2884);
#2555=PLANE('',#2885);
#2556=PLANE('',#2886);
#2557=PLANE('',#2887);
#2558=PLANE('',#2888);
#2559=PLANE('',#2889);
#2560=PLANE('',#2890);
#2561=PLANE('',#2891);
#2562=PLANE('',#2892);
#2563=PLANE('',#2893);
#2564=PLANE('',#2894);
#2565=PLANE('',#2895);
#2566=PLANE('',#2896);
#2567=PLANE('',#2897);
#2568=PLANE('',#2898);
#2569=PLANE('',#2899);
#2570=PLANE('',#2900);
#2571=PLANE('',#2901);
#2572=PLANE('',#2902);
#2573=PLANE('',#2903);
#2574=PLANE('',#2904);
#2575=PLANE('',#2905);
#2576=PLANE('',#2906);
#2577=PLANE('',#2907);
#2578=PLANE('',#2908);
#2579=PLANE('',#2909);
#2580=PLANE('',#2910);
#2581=PLANE('',#2911);
#2582=PLANE('',#2912);
#2583=PLANE('',#2913);
#2584=PLANE('',#2914);
#2585=PLANE('',#2933);
#2586=PLANE('',#2934);
#2587=PLANE('',#2935);
#2588=PLANE('',#2936);
#2589=PLANE('',#2937);
#2590=PLANE('',#2938);
#2591=ADVANCED_FACE('',(#192),#2520,.T.);
#2592=ADVANCED_FACE('',(#193),#2521,.F.);
#2593=ADVANCED_FACE('',(#194),#147,.F.);
#2594=ADVANCED_FACE('',(#195),#148,.F.);
#2595=ADVANCED_FACE('',(#196),#2522,.T.);
#2596=ADVANCED_FACE('',(#197),#2523,.T.);
#2597=ADVANCED_FACE('',(#198),#149,.F.);
#2598=ADVANCED_FACE('',(#199),#2524,.T.);
#2599=ADVANCED_FACE('',(#200),#2525,.T.);
#2600=ADVANCED_FACE('',(#201),#150,.F.);
#2601=ADVANCED_FACE('',(#202),#2526,.T.);
#2602=ADVANCED_FACE('',(#203),#2527,.T.);
#2603=ADVANCED_FACE('',(#204),#151,.F.);
#2604=ADVANCED_FACE('',(#205),#2528,.T.);
#2605=ADVANCED_FACE('',(#206),#2529,.T.);
#2606=ADVANCED_FACE('',(#207),#2530,.T.);
#2607=ADVANCED_FACE('',(#208),#152,.F.);
#2608=ADVANCED_FACE('',(#209),#2531,.T.);
#2609=ADVANCED_FACE('',(#210),#2532,.T.);
#2610=ADVANCED_FACE('',(#211),#153,.F.);
#2611=ADVANCED_FACE('',(#212),#2533,.T.);
#2612=ADVANCED_FACE('',(#213),#2534,.T.);
#2613=ADVANCED_FACE('',(#214),#154,.F.);
#2614=ADVANCED_FACE('',(#215),#2535,.T.);
#2615=ADVANCED_FACE('',(#216),#2536,.T.);
#2616=ADVANCED_FACE('',(#217),#155,.F.);
#2617=ADVANCED_FACE('',(#218),#156,.F.);
#2618=ADVANCED_FACE('',(#219),#157,.F.);
#2619=ADVANCED_FACE('',(#220),#158,.F.);
#2620=ADVANCED_FACE('',(#221),#159,.F.);
#2621=ADVANCED_FACE('',(#222),#160,.F.);
#2622=ADVANCED_FACE('',(#223),#161,.F.);
#2623=ADVANCED_FACE('',(#224),#162,.F.);
#2624=ADVANCED_FACE('',(#225),#163,.F.);
#2625=ADVANCED_FACE('',(#226),#164,.F.);
#2626=ADVANCED_FACE('',(#227),#165,.F.);
#2627=ADVANCED_FACE('',(#228),#166,.F.);
#2628=ADVANCED_FACE('',(#229),#167,.F.);
#2629=ADVANCED_FACE('',(#230),#168,.F.);
#2630=ADVANCED_FACE('',(#231),#169,.F.);
#2631=ADVANCED_FACE('',(#232),#170,.F.);
#2632=ADVANCED_FACE('',(#233),#171,.F.);
#2633=ADVANCED_FACE('',(#234),#172,.F.);
#2634=ADVANCED_FACE('',(#235),#173,.F.);
#2635=ADVANCED_FACE('',(#236),#174,.F.);
#2636=ADVANCED_FACE('',(#237),#175,.F.);
#2637=ADVANCED_FACE('',(#238),#176,.F.);
#2638=ADVANCED_FACE('',(#239),#2537,.T.);
#2639=ADVANCED_FACE('',(#240),#177,.F.);
#2640=ADVANCED_FACE('',(#241),#2538,.T.);
#2641=ADVANCED_FACE('',(#242),#178,.F.);
#2642=ADVANCED_FACE('',(#243),#2539,.T.);
#2643=ADVANCED_FACE('',(#244),#179,.F.);
#2644=ADVANCED_FACE('',(#245),#2540,.T.);
#2645=ADVANCED_FACE('',(#246),#180,.F.);
#2646=ADVANCED_FACE('',(#247),#2541,.T.);
#2647=ADVANCED_FACE('',(#248),#181,.F.);
#2648=ADVANCED_FACE('',(#249),#2542,.T.);
#2649=ADVANCED_FACE('',(#250),#182,.F.);
#2650=ADVANCED_FACE('',(#251),#2543,.T.);
#2651=ADVANCED_FACE('',(#252),#183,.F.);
#2652=ADVANCED_FACE('',(#253),#2544,.T.);
#2653=ADVANCED_FACE('',(#254),#184,.F.);
#2654=ADVANCED_FACE('',(#255),#2545,.T.);
#2655=ADVANCED_FACE('',(#256),#185,.F.);
#2656=ADVANCED_FACE('',(#257),#2546,.T.);
#2657=ADVANCED_FACE('',(#258),#186,.F.);
#2658=ADVANCED_FACE('',(#259),#2547,.T.);
#2659=ADVANCED_FACE('',(#260),#187,.F.);
#2660=ADVANCED_FACE('',(#261),#2548,.T.);
#2661=ADVANCED_FACE('',(#262),#188,.F.);
#2662=ADVANCED_FACE('',(#263),#2549,.T.);
#2663=ADVANCED_FACE('',(#264),#189,.F.);
#2664=ADVANCED_FACE('',(#265),#2550,.T.);
#2665=ADVANCED_FACE('',(#266),#190,.F.);
#2666=ADVANCED_FACE('',(#267),#2551,.T.);
#2667=ADVANCED_FACE('',(#268),#191,.F.);
#2668=ADVANCED_FACE('',(#269),#2552,.T.);
#2669=ADVANCED_FACE('',(#270),#2553,.T.);
#2670=ADVANCED_FACE('',(#271),#2554,.T.);
#2671=ADVANCED_FACE('',(#272),#2555,.T.);
#2672=ADVANCED_FACE('',(#273),#2556,.T.);
#2673=ADVANCED_FACE('',(#274),#2557,.T.);
#2674=ADVANCED_FACE('',(#275),#2558,.T.);
#2675=ADVANCED_FACE('',(#276),#2559,.T.);
#2676=ADVANCED_FACE('',(#277),#2560,.T.);
#2677=ADVANCED_FACE('',(#278),#2561,.T.);
#2678=ADVANCED_FACE('',(#279),#2562,.T.);
#2679=ADVANCED_FACE('',(#280),#2563,.T.);
#2680=ADVANCED_FACE('',(#281),#2564,.T.);
#2681=ADVANCED_FACE('',(#282),#2565,.T.);
#2682=ADVANCED_FACE('',(#283),#2566,.T.);
#2683=ADVANCED_FACE('',(#284),#2567,.T.);
#2684=ADVANCED_FACE('',(#285),#2568,.T.);
#2685=ADVANCED_FACE('',(#286),#2569,.T.);
#2686=ADVANCED_FACE('',(#287),#2570,.T.);
#2687=ADVANCED_FACE('',(#288),#2571,.T.);
#2688=ADVANCED_FACE('',(#289),#2572,.T.);
#2689=ADVANCED_FACE('',(#290),#2573,.T.);
#2690=ADVANCED_FACE('',(#291),#2574,.T.);
#2691=ADVANCED_FACE('',(#292),#2575,.T.);
#2692=ADVANCED_FACE('',(#293),#2576,.T.);
#2693=ADVANCED_FACE('',(#294),#2577,.T.);
#2694=ADVANCED_FACE('',(#295),#2578,.T.);
#2695=ADVANCED_FACE('',(#296),#2579,.T.);
#2696=ADVANCED_FACE('',(#297),#2580,.T.);
#2697=ADVANCED_FACE('',(#298),#2581,.T.);
#2698=ADVANCED_FACE('',(#299),#2582,.T.);
#2699=ADVANCED_FACE('',(#300),#2583,.T.);
#2700=ADVANCED_FACE('',(#301),#2584,.T.);
#2701=ADVANCED_FACE('',(#302),#33,.T.);
#2702=ADVANCED_FACE('',(#303),#25,.F.);
#2703=ADVANCED_FACE('',(#304),#34,.T.);
#2704=ADVANCED_FACE('',(#305),#26,.F.);
#2705=ADVANCED_FACE('',(#306),#35,.T.);
#2706=ADVANCED_FACE('',(#307),#27,.F.);
#2707=ADVANCED_FACE('',(#308),#28,.F.);
#2708=ADVANCED_FACE('',(#309),#36,.T.);
#2709=ADVANCED_FACE('',(#310),#29,.F.);
#2710=ADVANCED_FACE('',(#311),#37,.T.);
#2711=ADVANCED_FACE('',(#312),#30,.F.);
#2712=ADVANCED_FACE('',(#313),#24,.T.);
#2713=ADVANCED_FACE('',(#314),#31,.T.);
#2714=ADVANCED_FACE('',(#315),#32,.F.);
#2715=ADVANCED_FACE('',(#316),#2585,.T.);
#2716=ADVANCED_FACE('',(#317),#2586,.T.);
#2717=ADVANCED_FACE('',(#318),#2587,.T.);
#2718=ADVANCED_FACE('',(#319),#2588,.T.);
#2719=ADVANCED_FACE('',(#320,#15,#16,#17,#18,#19,#20,#21,#22),#2589,.T.);
#2720=ADVANCED_FACE('',(#321,#23),#2590,.F.);
#2721=CLOSED_SHELL('',(#2591,#2592,#2593,#2594,#2595,#2596,#2597,#2598,
#2599,#2600,#2601,#2602,#2603,#2604,#2605,#2606,#2607,#2608,#2609,#2610,
#2611,#2612,#2613,#2614,#2615,#2616,#2617,#2618,#2619,#2620,#2621,#2622,
#2623,#2624,#2625,#2626,#2627,#2628,#2629,#2630,#2631,#2632,#2633,#2634,
#2635,#2636,#2637,#2638,#2639,#2640,#2641,#2642,#2643,#2644,#2645,#2646,
#2647,#2648,#2649,#2650,#2651,#2652,#2653,#2654,#2655,#2656,#2657,#2658,
#2659,#2660,#2661,#2662,#2663,#2664,#2665,#2666,#2667,#2668,#2669,#2670,
#2671,#2672,#2673,#2674,#2675,#2676,#2677,#2678,#2679,#2680,#2681,#2682,
#2683,#2684,#2685,#2686,#2687,#2688,#2689,#2690,#2691,#2692,#2693,#2694,
#2695,#2696,#2697,#2698,#2699,#2700,#2701,#2702,#2703,#2704,#2705,#2706,
#2707,#2708,#2709,#2710,#2711,#2712,#2713,#2714,#2715,#2716,#2717,#2718,
#2719,#2720));
#2722=DERIVED_UNIT_ELEMENT(#2724,1.);
#2723=DERIVED_UNIT_ELEMENT(#5937,-3.);
#2724=(
MASS_UNIT()
NAMED_UNIT(*)
SI_UNIT(.KILO.,.GRAM.)
);
#2725=DERIVED_UNIT((#2722,#2723));
#2726=MEASURE_REPRESENTATION_ITEM('density measure',
POSITIVE_RATIO_MEASURE(7850.),#2725);
#2727=PROPERTY_DEFINITION_REPRESENTATION(#2732,#2729);
#2728=PROPERTY_DEFINITION_REPRESENTATION(#2733,#2730);
#2729=REPRESENTATION('material name',(#2731),#5934);
#2730=REPRESENTATION('density',(#2726),#5934);
#2731=DESCRIPTIVE_REPRESENTATION_ITEM('\X\C7elik','\X\C7elik');
#2732=PROPERTY_DEFINITION('material property','material name',#5944);
#2733=PROPERTY_DEFINITION('material property','density of part',#5944);
#2734=AXIS2_PLACEMENT_3D('',#3575,#2939,#2940);
#2735=AXIS2_PLACEMENT_3D('',#3576,#2941,#2942);
#2736=AXIS2_PLACEMENT_3D('',#3579,#2943,#2944);
#2737=AXIS2_PLACEMENT_3D('',#3581,#2946,#2947);
#2738=AXIS2_PLACEMENT_3D('',#3584,#2948,#2949);
#2739=AXIS2_PLACEMENT_3D('',#3586,#2951,#2952);
#2740=AXIS2_PLACEMENT_3D('',#3590,#2954,#2955);
#2741=AXIS2_PLACEMENT_3D('',#3592,#2957,#2958);
#2742=AXIS2_PLACEMENT_3D('',#3620,#2960,#2961);
#2743=AXIS2_PLACEMENT_3D('',#3622,#2963,#2964);
#2744=AXIS2_PLACEMENT_3D('',#3635,#2967,#2968);
#2745=AXIS2_PLACEMENT_3D('',#3648,#2971,#2972);
#2746=AXIS2_PLACEMENT_3D('',#3668,#2974,#2975);
#2747=AXIS2_PLACEMENT_3D('',#3687,#2977,#2978);
#2748=AXIS2_PLACEMENT_3D('',#3700,#2981,#2982);
#2749=AXIS2_PLACEMENT_3D('',#3717,#2985,#2986);
#2750=AXIS2_PLACEMENT_3D('',#3737,#2988,#2989);
#2751=AXIS2_PLACEMENT_3D('',#3754,#2991,#2992);
#2752=AXIS2_PLACEMENT_3D('',#3771,#2995,#2996);
#2753=AXIS2_PLACEMENT_3D('',#3816,#2998,#2999);
#2754=AXIS2_PLACEMENT_3D('',#3844,#3001,#3002);
#2755=AXIS2_PLACEMENT_3D('',#3859,#3004,#3005);
#2756=AXIS2_PLACEMENT_3D('',#3872,#3008,#3009);
#2757=AXIS2_PLACEMENT_3D('',#3910,#3011,#3012);
#2758=AXIS2_PLACEMENT_3D('',#3923,#3015,#3016);
#2759=AXIS2_PLACEMENT_3D('',#3955,#3018,#3019);
#2760=AXIS2_PLACEMENT_3D('',#3957,#3021,#3022);
#2761=AXIS2_PLACEMENT_3D('',#3970,#3025,#3026);
#2762=AXIS2_PLACEMENT_3D('',#3987,#3029,#3030);
#2763=AXIS2_PLACEMENT_3D('',#3999,#3032,#3033);
#2764=AXIS2_PLACEMENT_3D('',#4029,#3036,#3037);
#2765=AXIS2_PLACEMENT_3D('',#4042,#3040,#3041);
#2766=AXIS2_PLACEMENT_3D('',#4055,#3044,#3045);
#2767=AXIS2_PLACEMENT_3D('',#4073,#3047,#3048);
#2768=AXIS2_PLACEMENT_3D('',#4090,#3050,#3051);
#2769=AXIS2_PLACEMENT_3D('',#4107,#3054,#3055);
#2770=AXIS2_PLACEMENT_3D('',#4150,#3056,#3057);
#2771=AXIS2_PLACEMENT_3D('',#4161,#3058,#3059);
#2772=AXIS2_PLACEMENT_3D('',#4170,#3061,#3062);
#2773=AXIS2_PLACEMENT_3D('',#4181,#3063,#3064);
#2774=AXIS2_PLACEMENT_3D('',#4190,#3066,#3067);
#2775=AXIS2_PLACEMENT_3D('',#4197,#3068,#3069);
#2776=AXIS2_PLACEMENT_3D('',#4210,#3071,#3072);
#2777=AXIS2_PLACEMENT_3D('',#4223,#3073,#3074);
#2778=AXIS2_PLACEMENT_3D('',#4232,#3076,#3077);
#2779=AXIS2_PLACEMENT_3D('',#4243,#3079,#3080);
#2780=AXIS2_PLACEMENT_3D('',#4254,#3081,#3082);
#2781=AXIS2_PLACEMENT_3D('',#4255,#3083,#3084);
#2782=AXIS2_PLACEMENT_3D('',#4256,#3085,#3086);
#2783=AXIS2_PLACEMENT_3D('',#4257,#3087,#3088);
#2784=AXIS2_PLACEMENT_3D('',#4268,#3090,#3091);
#2785=AXIS2_PLACEMENT_3D('',#4277,#3092,#3093);
#2786=AXIS2_PLACEMENT_3D('',#4279,#3094,#3095);
#2787=AXIS2_PLACEMENT_3D('',#4282,#3097,#3098);
#2788=AXIS2_PLACEMENT_3D('',#4283,#3099,#3100);
#2789=AXIS2_PLACEMENT_3D('',#4295,#3102,#3103);
#2790=AXIS2_PLACEMENT_3D('',#4306,#3105,#3106);
#2791=AXIS2_PLACEMENT_3D('',#4307,#3107,#3108);
#2792=AXIS2_PLACEMENT_3D('',#4308,#3109,#3110);
#2793=AXIS2_PLACEMENT_3D('',#4309,#3111,#3112);
#2794=AXIS2_PLACEMENT_3D('',#4322,#3114,#3115);
#2795=AXIS2_PLACEMENT_3D('',#4336,#3116,#3117);
#2796=AXIS2_PLACEMENT_3D('',#4337,#3118,#3119);
#2797=AXIS2_PLACEMENT_3D('',#4338,#3120,#3121);
#2798=AXIS2_PLACEMENT_3D('',#4339,#3122,#3123);
#2799=AXIS2_PLACEMENT_3D('',#4358,#3124,#3125);
#2800=AXIS2_PLACEMENT_3D('',#4369,#3127,#3128);
#2801=AXIS2_PLACEMENT_3D('',#4380,#3130,#3131);
#2802=AXIS2_PLACEMENT_3D('',#4389,#3132,#3133);
#2803=AXIS2_PLACEMENT_3D('',#4390,#3134,#3135);
#2804=AXIS2_PLACEMENT_3D('',#4391,#3136,#3137);
#2805=AXIS2_PLACEMENT_3D('',#4392,#3138,#3139);
#2806=AXIS2_PLACEMENT_3D('',#4404,#3141,#3142);
#2807=AXIS2_PLACEMENT_3D('',#4415,#3144,#3145);
#2808=AXIS2_PLACEMENT_3D('',#4417,#3146,#3147);
#2809=AXIS2_PLACEMENT_3D('',#4420,#3149,#3150);
#2810=AXIS2_PLACEMENT_3D('',#4421,#3151,#3152);
#2811=AXIS2_PLACEMENT_3D('',#4431,#3153,#3154);
#2812=AXIS2_PLACEMENT_3D('',#4438,#3155,#3156);
#2813=AXIS2_PLACEMENT_3D('',#4450,#3157,#3158);
#2814=AXIS2_PLACEMENT_3D('',#4457,#3159,#3160);
#2815=AXIS2_PLACEMENT_3D('',#4472,#3162,#3163);
#2816=AXIS2_PLACEMENT_3D('',#4477,#3164,#3165);
#2817=AXIS2_PLACEMENT_3D('',#4478,#3166,#3167);
#2818=AXIS2_PLACEMENT_3D('',#4479,#3168,#3169);
#2819=AXIS2_PLACEMENT_3D('',#4480,#3170,#3171);
#2820=AXIS2_PLACEMENT_3D('',#4483,#3172,#3173);
#2821=AXIS2_PLACEMENT_3D('',#4487,#3175,#3176);
#2822=AXIS2_PLACEMENT_3D('',#4489,#3178,#3179);
#2823=AXIS2_PLACEMENT_3D('',#4495,#3183,#3184);
#2824=AXIS2_PLACEMENT_3D('',#4498,#3185,#3186);
#2825=AXIS2_PLACEMENT_3D('',#4502,#3188,#3189);
#2826=AXIS2_PLACEMENT_3D('',#4504,#3191,#3192);
#2827=AXIS2_PLACEMENT_3D('',#4510,#3196,#3197);
#2828=AXIS2_PLACEMENT_3D('',#4513,#3198,#3199);
#2829=AXIS2_PLACEMENT_3D('',#4517,#3201,#3202);
#2830=AXIS2_PLACEMENT_3D('',#4519,#3204,#3205);
#2831=AXIS2_PLACEMENT_3D('',#4525,#3209,#3210);
#2832=AXIS2_PLACEMENT_3D('',#4528,#3211,#3212);
#2833=AXIS2_PLACEMENT_3D('',#4532,#3214,#3215);
#2834=AXIS2_PLACEMENT_3D('',#4534,#3217,#3218);
#2835=AXIS2_PLACEMENT_3D('',#4540,#3222,#3223);
#2836=AXIS2_PLACEMENT_3D('',#4543,#3224,#3225);
#2837=AXIS2_PLACEMENT_3D('',#4547,#3227,#3228);
#2838=AXIS2_PLACEMENT_3D('',#4549,#3230,#3231);
#2839=AXIS2_PLACEMENT_3D('',#4555,#3235,#3236);
#2840=AXIS2_PLACEMENT_3D('',#4558,#3237,#3238);
#2841=AXIS2_PLACEMENT_3D('',#4562,#3240,#3241);
#2842=AXIS2_PLACEMENT_3D('',#4564,#3243,#3244);
#2843=AXIS2_PLACEMENT_3D('',#4570,#3248,#3249);
#2844=AXIS2_PLACEMENT_3D('',#4573,#3250,#3251);
#2845=AXIS2_PLACEMENT_3D('',#4577,#3253,#3254);
#2846=AXIS2_PLACEMENT_3D('',#4579,#3256,#3257);
#2847=AXIS2_PLACEMENT_3D('',#4585,#3261,#3262);
#2848=AXIS2_PLACEMENT_3D('',#4588,#3263,#3264);
#2849=AXIS2_PLACEMENT_3D('',#4592,#3266,#3267);
#2850=AXIS2_PLACEMENT_3D('',#4594,#3269,#3270);
#2851=AXIS2_PLACEMENT_3D('',#4600,#3274,#3275);
#2852=AXIS2_PLACEMENT_3D('',#4603,#3276,#3277);
#2853=AXIS2_PLACEMENT_3D('',#4607,#3279,#3280);
#2854=AXIS2_PLACEMENT_3D('',#4609,#3282,#3283);
#2855=AXIS2_PLACEMENT_3D('',#4615,#3287,#3288);
#2856=AXIS2_PLACEMENT_3D('',#4618,#3289,#3290);
#2857=AXIS2_PLACEMENT_3D('',#4622,#3292,#3293);
#2858=AXIS2_PLACEMENT_3D('',#4624,#3295,#3296);
#2859=AXIS2_PLACEMENT_3D('',#4630,#3300,#3301);
#2860=AXIS2_PLACEMENT_3D('',#4633,#3302,#3303);
#2861=AXIS2_PLACEMENT_3D('',#4637,#3305,#3306);
#2862=AXIS2_PLACEMENT_3D('',#4639,#3308,#3309);
#2863=AXIS2_PLACEMENT_3D('',#4645,#3313,#3314);
#2864=AXIS2_PLACEMENT_3D('',#4648,#3315,#3316);
#2865=AXIS2_PLACEMENT_3D('',#4652,#3318,#3319);
#2866=AXIS2_PLACEMENT_3D('',#4654,#3321,#3322);
#2867=AXIS2_PLACEMENT_3D('',#4660,#3326,#3327);
#2868=AXIS2_PLACEMENT_3D('',#4663,#3328,#3329);
#2869=AXIS2_PLACEMENT_3D('',#4667,#3331,#3332);
#2870=AXIS2_PLACEMENT_3D('',#4669,#3334,#3335);
#2871=AXIS2_PLACEMENT_3D('',#4675,#3339,#3340);
#2872=AXIS2_PLACEMENT_3D('',#4678,#3341,#3342);
#2873=AXIS2_PLACEMENT_3D('',#4682,#3344,#3345);
#2874=AXIS2_PLACEMENT_3D('',#4684,#3347,#3348);
#2875=AXIS2_PLACEMENT_3D('',#4690,#3352,#3353);
#2876=AXIS2_PLACEMENT_3D('',#4693,#3354,#3355);
#2877=AXIS2_PLACEMENT_3D('',#4697,#3357,#3358);
#2878=AXIS2_PLACEMENT_3D('',#4699,#3360,#3361);
#2879=AXIS2_PLACEMENT_3D('',#4705,#3365,#3366);
#2880=AXIS2_PLACEMENT_3D('',#4708,#3367,#3368);
#2881=AXIS2_PLACEMENT_3D('',#4712,#3370,#3371);
#2882=AXIS2_PLACEMENT_3D('',#4714,#3373,#3374);
#2883=AXIS2_PLACEMENT_3D('',#4720,#3378,#3379);
#2884=AXIS2_PLACEMENT_3D('',#4726,#3383,#3384);
#2885=AXIS2_PLACEMENT_3D('',#4729,#3387,#3388);
#2886=AXIS2_PLACEMENT_3D('',#4735,#3392,#3393);
#2887=AXIS2_PLACEMENT_3D('',#4738,#3396,#3397);
#2888=AXIS2_PLACEMENT_3D('',#4744,#3401,#3402);
#2889=AXIS2_PLACEMENT_3D('',#4747,#3405,#3406);
#2890=AXIS2_PLACEMENT_3D('',#4753,#3410,#3411);
#2891=AXIS2_PLACEMENT_3D('',#4756,#3414,#3415);
#2892=AXIS2_PLACEMENT_3D('',#4762,#3419,#3420);
#2893=AXIS2_PLACEMENT_3D('',#4765,#3423,#3424);
#2894=AXIS2_PLACEMENT_3D('',#4771,#3428,#3429);
#2895=AXIS2_PLACEMENT_3D('',#4774,#3432,#3433);
#2896=AXIS2_PLACEMENT_3D('',#4780,#3437,#3438);
#2897=AXIS2_PLACEMENT_3D('',#4783,#3441,#3442);
#2898=AXIS2_PLACEMENT_3D('',#4789,#3446,#3447);
#2899=AXIS2_PLACEMENT_3D('',#4792,#3450,#3451);
#2900=AXIS2_PLACEMENT_3D('',#4798,#3455,#3456);
#2901=AXIS2_PLACEMENT_3D('',#4801,#3459,#3460);
#2902=AXIS2_PLACEMENT_3D('',#4807,#3464,#3465);
#2903=AXIS2_PLACEMENT_3D('',#4810,#3468,#3469);
#2904=AXIS2_PLACEMENT_3D('',#4816,#3473,#3474);
#2905=AXIS2_PLACEMENT_3D('',#4819,#3477,#3478);
#2906=AXIS2_PLACEMENT_3D('',#4825,#3482,#3483);
#2907=AXIS2_PLACEMENT_3D('',#4828,#3486,#3487);
#2908=AXIS2_PLACEMENT_3D('',#4834,#3491,#3492);
#2909=AXIS2_PLACEMENT_3D('',#4837,#3495,#3496);
#2910=AXIS2_PLACEMENT_3D('',#4843,#3500,#3501);
#2911=AXIS2_PLACEMENT_3D('',#4846,#3504,#3505);
#2912=AXIS2_PLACEMENT_3D('',#4852,#3509,#3510);
#2913=AXIS2_PLACEMENT_3D('',#4855,#3513,#3514);
#2914=AXIS2_PLACEMENT_3D('',#4861,#3518,#3519);
#2915=AXIS2_PLACEMENT_3D('',#4950,#3523,#3524);
#2916=AXIS2_PLACEMENT_3D('',#4951,#3525,#3526);
#2917=AXIS2_PLACEMENT_3D('',#5007,#3528,#3529);
#2918=AXIS2_PLACEMENT_3D('',#5008,#3530,#3531);
#2919=AXIS2_PLACEMENT_3D('',#5323,#3532,#3533);
#2920=AXIS2_PLACEMENT_3D('',#5324,#3534,#3535);
#2921=AXIS2_PLACEMENT_3D('',#5325,#3536,#3537);
#2922=AXIS2_PLACEMENT_3D('',#5326,#3538,#3539);
#2923=AXIS2_PLACEMENT_3D('',#5327,#3540,#3541);
#2924=AXIS2_PLACEMENT_3D('',#5520,#3542,#3543);
#2925=AXIS2_PLACEMENT_3D('',#5521,#3544,#3545);
#2926=AXIS2_PLACEMENT_3D('',#5854,#3546,#3547);
#2927=AXIS2_PLACEMENT_3D('',#5855,#3548,#3549);
#2928=AXIS2_PLACEMENT_3D('',#5890,#3550,#3551);
#2929=AXIS2_PLACEMENT_3D('',#5907,#3552,#3553);
#2930=AXIS2_PLACEMENT_3D('',#5914,#3554,#3555);
#2931=AXIS2_PLACEMENT_3D('',#5921,#3556,#3557);
#2932=AXIS2_PLACEMENT_3D('',#5922,#3558,#3559);
#2933=AXIS2_PLACEMENT_3D('',#5923,#3560,#3561);
#2934=AXIS2_PLACEMENT_3D('',#5924,#3562,#3563);
#2935=AXIS2_PLACEMENT_3D('',#5926,#3565,#3566);
#2936=AXIS2_PLACEMENT_3D('',#5928,#3568,#3569);
#2937=AXIS2_PLACEMENT_3D('',#5930,#3571,#3572);
#2938=AXIS2_PLACEMENT_3D('',#5931,#3573,#3574);
#2939=DIRECTION('axis',(0.,0.,1.));
#2940=DIRECTION('refdir',(1.,0.,0.));
#2941=DIRECTION('center_axis',(0.,0.,1.));
#2942=DIRECTION('ref_axis',(1.,0.,0.));
#2943=DIRECTION('center_axis',(0.,0.,-1.));
#2944=DIRECTION('ref_axis',(1.,0.,0.));
#2945=DIRECTION('',(1.,0.,0.));
#2946=DIRECTION('center_axis',(0.,0.,1.));
#2947=DIRECTION('ref_axis',(1.,0.,0.));
#2948=DIRECTION('center_axis',(0.,0.,-1.));
#2949=DIRECTION('ref_axis',(1.,0.,0.));
#2950=DIRECTION('',(1.,0.,0.));
#2951=DIRECTION('center_axis',(0.,0.,1.));
#2952=DIRECTION('ref_axis',(-1.83697019872103E-16,-1.,0.));
#2953=DIRECTION('',(0.,0.,1.));
#2954=DIRECTION('center_axis',(0.,0.,-1.));
#2955=DIRECTION('ref_axis',(1.,0.,0.));
#2956=DIRECTION('',(0.,0.,1.));
#2957=DIRECTION('center_axis',(0.,0.,-1.));
#2958=DIRECTION('ref_axis',(0.939692620785908,-0.342020143325669,0.));
#2959=DIRECTION('',(0.,0.,1.));
#2960=DIRECTION('center_axis',(0.,0.,1.));
#2961=DIRECTION('ref_axis',(0.939692620785908,-0.342020143325669,0.));
#2962=DIRECTION('',(0.,0.,-1.));
#2963=DIRECTION('center_axis',(-0.939692620785908,0.342020143325669,0.));
#2964=DIRECTION('ref_axis',(-0.342020143325669,-0.939692620785908,0.));
#2965=DIRECTION('',(-0.342020143325669,-0.939692620785908,0.));
#2966=DIRECTION('',(0.,0.,1.));
#2967=DIRECTION('center_axis',(0.939692620785908,0.342020143325669,0.));
#2968=DIRECTION('ref_axis',(-0.342020143325669,0.939692620785908,0.));
#2969=DIRECTION('',(0.,0.,-1.));
#2970=DIRECTION('',(-0.342020143325669,0.939692620785908,0.));
#2971=DIRECTION('center_axis',(0.,0.,-1.));
#2972=DIRECTION('ref_axis',(0.853290881632156,0.521435203379498,0.));
#2973=DIRECTION('',(0.,0.,1.));
#2974=DIRECTION('center_axis',(0.,0.,1.));
#2975=DIRECTION('ref_axis',(0.853290881632156,0.521435203379498,0.));
#2976=DIRECTION('',(0.,0.,-1.));
#2977=DIRECTION('center_axis',(-0.853290881632156,-0.521435203379498,0.));
#2978=DIRECTION('ref_axis',(0.521435203379498,-0.853290881632156,0.));
#2979=DIRECTION('',(0.521435203379498,-0.853290881632156,0.));
#2980=DIRECTION('',(0.,0.,1.));
#2981=DIRECTION('center_axis',(0.318486650251684,0.947927346167132,0.));
#2982=DIRECTION('ref_axis',(-0.947927346167132,0.318486650251684,0.));
#2983=DIRECTION('',(0.,0.,-1.));
#2984=DIRECTION('',(-0.947927346167132,0.318486650251684,0.));
#2985=DIRECTION('center_axis',(0.,0.,-1.));
#2986=DIRECTION('ref_axis',(0.124343704647485,0.992239206600172,0.));
#2987=DIRECTION('',(0.,0.,1.));
#2988=DIRECTION('center_axis',(0.,0.,1.));
#2989=DIRECTION('ref_axis',(0.124343704647485,0.992239206600172,0.));
#2990=DIRECTION('',(0.,0.,-1.));
#2991=DIRECTION('center_axis',(-0.124343704647485,-0.992239206600172,0.));
#2992=DIRECTION('ref_axis',(0.992239206600172,-0.124343704647485,0.));
#2993=DIRECTION('',(0.992239206600172,-0.124343704647485,0.));
#2994=DIRECTION('',(0.,0.,1.));
#2995=DIRECTION('center_axis',(-0.974927912181824,-0.222520933956314,0.));
#2996=DIRECTION('ref_axis',(0.222520933956314,-0.974927912181824,0.));
#2997=DIRECTION('',(0.,0.,-1.));
#2998=DIRECTION('center_axis',(0.,0.,-1.));
#2999=DIRECTION('ref_axis',(-0.698236818086073,0.715866849259718,0.));
#3000=DIRECTION('',(0.,0.,1.));
#3001=DIRECTION('center_axis',(0.,0.,1.));
#3002=DIRECTION('ref_axis',(-0.698236818086073,0.715866849259718,0.));
#3003=DIRECTION('',(0.,0.,-1.));
#3004=DIRECTION('center_axis',(0.698236818086073,-0.715866849259719,0.));
#3005=DIRECTION('ref_axis',(0.715866849259718,0.698236818086073,0.));
#3006=DIRECTION('',(0.715866849259718,0.698236818086073,0.));
#3007=DIRECTION('',(0.,0.,1.));
#3008=DIRECTION('center_axis',(-0.433883739117558,-0.900968867902419,0.));
#3009=DIRECTION('ref_axis',(0.900968867902419,-0.433883739117558,0.));
#3010=DIRECTION('',(0.,0.,-1.));
#3011=DIRECTION('center_axis',(-0.995030775365401,0.0995678465958167,0.));
#3012=DIRECTION('ref_axis',(-0.0995678465958167,-0.995030775365401,0.));
#3013=DIRECTION('',(0.,0.,-1.));
#3014=DIRECTION('',(-0.0995678465958167,-0.995030775365401,0.));
#3015=DIRECTION('center_axis',(0.,0.,-1.));
#3016=DIRECTION('ref_axis',(-0.995030775365401,-0.0995678465958166,0.));
#3017=DIRECTION('',(0.,0.,1.));
#3018=DIRECTION('center_axis',(0.,0.,1.));
#3019=DIRECTION('ref_axis',(-0.995030775365401,-0.0995678465958166,0.));
#3020=DIRECTION('',(0.,0.,-1.));
#3021=DIRECTION('center_axis',(0.995030775365401,0.0995678465958165,0.));
#3022=DIRECTION('ref_axis',(-0.0995678465958165,0.995030775365401,0.));
#3023=DIRECTION('',(-0.0995678465958165,0.995030775365401,0.));
#3024=DIRECTION('',(0.,0.,1.));
#3025=DIRECTION('center_axis',(-0.698236818086073,-0.715866849259718,0.));
#3026=DIRECTION('ref_axis',(0.715866849259718,-0.698236818086073,0.));
#3027=DIRECTION('',(0.,0.,-1.));
#3028=DIRECTION('',(0.715866849259718,-0.698236818086073,0.));
#3029=DIRECTION('center_axis',(0.,0.,-1.));
#3030=DIRECTION('ref_axis',(0.318486650251684,-0.947927346167132,0.));
#3031=DIRECTION('',(0.,0.,1.));
#3032=DIRECTION('center_axis',(0.,0.,1.));
#3033=DIRECTION('ref_axis',(0.318486650251684,-0.947927346167132,0.));
#3034=DIRECTION('',(0.,0.,-1.));
#3035=DIRECTION('',(0.,0.,-1.));
#3036=DIRECTION('center_axis',(-0.318486650251684,0.947927346167132,0.));
#3037=DIRECTION('ref_axis',(-0.947927346167132,-0.318486650251684,0.));
#3038=DIRECTION('',(-0.947927346167132,-0.318486650251684,0.));
#3039=DIRECTION('',(0.,0.,1.));
#3040=DIRECTION('center_axis',(0.853290881632156,-0.521435203379498,0.));
#3041=DIRECTION('ref_axis',(0.521435203379498,0.853290881632155,0.));
#3042=DIRECTION('',(0.,0.,-1.));
#3043=DIRECTION('',(0.521435203379498,0.853290881632155,0.));
#3044=DIRECTION('center_axis',(0.,0.,-1.));
#3045=DIRECTION('ref_axis',(-0.54254626386576,-0.840025923150771,0.));
#3046=DIRECTION('',(0.,0.,1.));
#3047=DIRECTION('center_axis',(0.,0.,1.));
#3048=DIRECTION('ref_axis',(-0.54254626386576,-0.840025923150771,0.));
#3049=DIRECTION('',(0.,0.,-1.));
#3050=DIRECTION('center_axis',(0.54254626386576,0.840025923150771,0.));
#3051=DIRECTION('ref_axis',(-0.840025923150771,0.54254626386576,0.));
#3052=DIRECTION('',(-0.840025923150771,0.54254626386576,0.));
#3053=DIRECTION('',(0.,0.,1.));
#3054=DIRECTION('center_axis',(0.974927912181824,-0.222520933956315,0.));
#3055=DIRECTION('ref_axis',(0.222520933956315,0.974927912181824,0.));
#3056=DIRECTION('center_axis',(0.,0.,1.));
#3057=DIRECTION('ref_axis',(-0.584939282623591,-0.811077083663321,0.));
#3058=DIRECTION('center_axis',(0.,0.,1.));
#3059=DIRECTION('ref_axis',(-0.584939282623591,-0.811077083663321,0.));
#3060=DIRECTION('',(0.,0.,-1.));
#3061=DIRECTION('center_axis',(0.,0.,1.));
#3062=DIRECTION('ref_axis',(0.920902923271542,-0.389792003394026,0.));
#3063=DIRECTION('center_axis',(0.,0.,1.));
#3064=DIRECTION('ref_axis',(0.920902923271542,-0.389792003394026,0.));
#3065=DIRECTION('',(0.,0.,-1.));
#3066=DIRECTION('center_axis',(0.,0.,1.));
#3067=DIRECTION('ref_axis',(0.878925241029437,0.476959558748271,0.));
#3068=DIRECTION('center_axis',(0.,0.,1.));
#3069=DIRECTION('ref_axis',(0.878925241029437,0.476959558748271,0.));
#3070=DIRECTION('',(0.,0.,-1.));
#3071=DIRECTION('center_axis',(0.,0.,1.));
#3072=DIRECTION('ref_axis',(0.26942192129397,-0.963022236672792,0.));
#3073=DIRECTION('center_axis',(0.,0.,1.));
#3074=DIRECTION('ref_axis',(0.26942192129397,-0.963022236672792,0.));
#3075=DIRECTION('',(0.,0.,-1.));
#3076=DIRECTION('center_axis',(0.,0.,1.));
#3077=DIRECTION('ref_axis',(0.998829276138714,-0.0483743436980157,0.));
#3078=DIRECTION('',(0.,0.,1.));
#3079=DIRECTION('center_axis',(0.,0.,1.));
#3080=DIRECTION('ref_axis',(0.998829276138714,-0.0483743436980157,0.));
#3081=DIRECTION('center_axis',(0.,0.,1.));
#3082=DIRECTION('ref_axis',(0.118924386471014,-0.992903313672833,0.));
#3083=DIRECTION('center_axis',(0.,0.,-1.));
#3084=DIRECTION('ref_axis',(0.118924386471014,-0.992903313672833,0.));
#3085=DIRECTION('center_axis',(0.,0.,-1.));
#3086=DIRECTION('ref_axis',(0.118924386471014,-0.992903313672833,0.));
#3087=DIRECTION('center_axis',(0.,0.,1.));
#3088=DIRECTION('ref_axis',(0.58493928262359,-0.811077083663322,0.));
#3089=DIRECTION('',(0.,0.,1.));
#3090=DIRECTION('center_axis',(0.,0.,1.));
#3091=DIRECTION('ref_axis',(0.58493928262359,-0.811077083663322,0.));
#3092=DIRECTION('center_axis',(0.,0.,1.));
#3093=DIRECTION('ref_axis',(-0.702134927519267,-0.712043919682989,0.));
#3094=DIRECTION('center_axis',(0.,0.,-1.));
#3095=DIRECTION('ref_axis',(-0.702134927519267,-0.712043919682989,0.));
#3096=DIRECTION('',(0.,0.,-1.));
#3097=DIRECTION('center_axis',(0.,0.,-1.));
#3098=DIRECTION('ref_axis',(-0.702134927519267,-0.712043919682989,0.));
#3099=DIRECTION('center_axis',(0.,0.,1.));
#3100=DIRECTION('ref_axis',(0.660580452317267,0.750755263728677,0.));
#3101=DIRECTION('',(0.,0.,1.));
#3102=DIRECTION('center_axis',(0.,0.,1.));
#3103=DIRECTION('ref_axis',(0.660580452317267,0.750755263728677,0.));
#3104=DIRECTION('',(0.,0.,-1.));
#3105=DIRECTION('center_axis',(0.,0.,1.));
#3106=DIRECTION('ref_axis',(0.850431211833234,-0.526086260930521,0.));
#3107=DIRECTION('center_axis',(0.,0.,-1.));
#3108=DIRECTION('ref_axis',(0.850431211833234,-0.526086260930521,0.));
#3109=DIRECTION('center_axis',(0.,0.,-1.));
#3110=DIRECTION('ref_axis',(0.850431211833234,-0.526086260930521,0.));
#3111=DIRECTION('center_axis',(0.,0.,1.));
#3112=DIRECTION('ref_axis',(-0.175098925484623,0.984550844951204,0.));
#3113=DIRECTION('',(0.,0.,1.));
#3114=DIRECTION('center_axis',(0.,0.,1.));
#3115=DIRECTION('ref_axis',(-0.175098925484623,0.984550844951204,0.));
#3116=DIRECTION('center_axis',(0.,0.,1.));
#3117=DIRECTION('ref_axis',(0.941545989049758,0.336884476496488,0.));
#3118=DIRECTION('center_axis',(0.,0.,-1.));
#3119=DIRECTION('ref_axis',(0.941545989049758,0.336884476496488,0.));
#3120=DIRECTION('center_axis',(0.,0.,-1.));
#3121=DIRECTION('ref_axis',(0.941545989049758,0.336884476496488,0.));
#3122=DIRECTION('center_axis',(0.,0.,1.));
#3123=DIRECTION('ref_axis',(0.175098925484625,0.984550844951204,0.));
#3124=DIRECTION('center_axis',(0.,0.,1.));
#3125=DIRECTION('ref_axis',(0.175098925484625,0.984550844951204,0.));
#3126=DIRECTION('',(0.,0.,-1.));
#3127=DIRECTION('center_axis',(0.,0.,1.));
#3128=DIRECTION('ref_axis',(-0.920902923271542,-0.389792003394025,0.));
#3129=DIRECTION('',(0.,0.,1.));
#3130=DIRECTION('center_axis',(0.,0.,1.));
#3131=DIRECTION('ref_axis',(-0.920902923271542,-0.389792003394025,0.));
#3132=DIRECTION('center_axis',(0.,0.,1.));
#3133=DIRECTION('ref_axis',(-0.537951772163362,0.842975616982068,0.));
#3134=DIRECTION('center_axis',(0.,0.,-1.));
#3135=DIRECTION('ref_axis',(-0.537951772163362,0.842975616982068,0.));
#3136=DIRECTION('center_axis',(0.,0.,-1.));
#3137=DIRECTION('ref_axis',(-0.537951772163362,0.842975616982068,0.));
#3138=DIRECTION('center_axis',(0.,0.,1.));
#3139=DIRECTION('ref_axis',(-0.26942192129397,-0.963022236672792,0.));
#3140=DIRECTION('',(0.,0.,1.));
#3141=DIRECTION('center_axis',(0.,0.,1.));
#3142=DIRECTION('ref_axis',(-0.26942192129397,-0.963022236672792,0.));
#3143=DIRECTION('',(0.,0.,-1.));
#3144=DIRECTION('center_axis',(0.,0.,1.));
#3145=DIRECTION('ref_axis',(-0.994472320145181,0.104999068877108,0.));
#3146=DIRECTION('center_axis',(0.,0.,-1.));
#3147=DIRECTION('ref_axis',(-0.994472320145181,0.104999068877108,0.));
#3148=DIRECTION('',(0.,0.,-1.));
#3149=DIRECTION('center_axis',(0.,0.,-1.));
#3150=DIRECTION('ref_axis',(-0.994472320145181,0.104999068877108,0.));
#3151=DIRECTION('center_axis',(0.,0.,1.));
#3152=DIRECTION('ref_axis',(-0.998829276138714,-0.0483743436980156,0.));
#3153=DIRECTION('center_axis',(0.,0.,1.));
#3154=DIRECTION('ref_axis',(-0.998829276138714,-0.0483743436980156,0.));
#3155=DIRECTION('center_axis',(0.,0.,1.));
#3156=DIRECTION('ref_axis',(-0.660580452317267,0.750755263728677,0.));
#3157=DIRECTION('center_axis',(0.,0.,1.));
#3158=DIRECTION('ref_axis',(-0.660580452317267,0.750755263728677,0.));
#3159=DIRECTION('center_axis',(0.,0.,1.));
#3160=DIRECTION('ref_axis',(-0.878925241029436,0.476959558748274,0.));
#3161=DIRECTION('',(0.,0.,1.));
#3162=DIRECTION('center_axis',(0.,0.,1.));
#3163=DIRECTION('ref_axis',(-0.878925241029436,0.476959558748274,0.));
#3164=DIRECTION('center_axis',(0.,0.,1.));
#3165=DIRECTION('ref_axis',(0.323657432473803,0.946174331930678,0.));
#3166=DIRECTION('center_axis',(0.,0.,-1.));
#3167=DIRECTION('ref_axis',(0.323657432473803,0.946174331930678,0.));
#3168=DIRECTION('center_axis',(0.,0.,-1.));
#3169=DIRECTION('ref_axis',(0.323657432473803,0.946174331930678,0.));
#3170=DIRECTION('center_axis',(0.,0.,-1.));
#3171=DIRECTION('ref_axis',(-0.99482433426083,0.101609763125872,0.));
#3172=DIRECTION('center_axis',(0.,0.,1.));
#3173=DIRECTION('ref_axis',(-0.99482433426083,0.101609763125872,0.));
#3174=DIRECTION('',(0.,0.,-1.));
#3175=DIRECTION('center_axis',(0.,0.,-1.));
#3176=DIRECTION('ref_axis',(-0.99482433426083,0.101609763125872,0.));
#3177=DIRECTION('',(0.,0.,1.));
#3178=DIRECTION('center_axis',(0.732327526301248,0.680952563855585,0.));
#3179=DIRECTION('ref_axis',(0.680952563855585,-0.732327526301248,0.));
#3180=DIRECTION('',(0.680952563855585,-0.732327526301248,0.));
#3181=DIRECTION('',(0.,0.,-1.));
#3182=DIRECTION('',(0.680952563855585,-0.732327526301248,0.));
#3183=DIRECTION('center_axis',(0.,0.,-1.));
#3184=DIRECTION('ref_axis',(0.101609763125871,0.99482433426083,0.));
#3185=DIRECTION('center_axis',(0.,0.,1.));
#3186=DIRECTION('ref_axis',(0.101609763125871,0.99482433426083,0.));
#3187=DIRECTION('',(0.,0.,-1.));
#3188=DIRECTION('center_axis',(0.,0.,-1.));
#3189=DIRECTION('ref_axis',(0.101609763125871,0.99482433426083,0.));
#3190=DIRECTION('',(0.,0.,1.));
#3191=DIRECTION('center_axis',(0.680952563855585,-0.732327526301248,0.));
#3192=DIRECTION('ref_axis',(-0.732327526301248,-0.680952563855585,0.));
#3193=DIRECTION('',(-0.732327526301248,-0.680952563855585,0.));
#3194=DIRECTION('',(0.,0.,-1.));
#3195=DIRECTION('',(-0.732327526301248,-0.680952563855585,0.));
#3196=DIRECTION('center_axis',(0.,0.,-1.));
#3197=DIRECTION('ref_axis',(-0.880213467952935,0.474577971290564,0.));
#3198=DIRECTION('center_axis',(0.,0.,1.));
#3199=DIRECTION('ref_axis',(-0.880213467952935,0.474577971290564,0.));
#3200=DIRECTION('',(0.,0.,-1.));
#3201=DIRECTION('center_axis',(0.,0.,-1.));
#3202=DIRECTION('ref_axis',(-0.880213467952935,0.474577971290564,0.));
#3203=DIRECTION('',(0.,0.,1.));
#3204=DIRECTION('center_axis',(0.937171677058408,0.348868524976861,0.));
#3205=DIRECTION('ref_axis',(0.348868524976861,-0.937171677058408,0.));
#3206=DIRECTION('',(0.348868524976861,-0.937171677058408,0.));
#3207=DIRECTION('',(0.,0.,-1.));
#3208=DIRECTION('',(0.348868524976861,-0.937171677058408,0.));
#3209=DIRECTION('center_axis',(0.,0.,-1.));
#3210=DIRECTION('ref_axis',(-0.631598080304164,0.775295985386288,0.));
#3211=DIRECTION('center_axis',(0.,0.,1.));
#3212=DIRECTION('ref_axis',(-0.631598080304164,0.775295985386288,0.));
#3213=DIRECTION('',(0.,0.,-1.));
#3214=DIRECTION('center_axis',(0.,0.,-1.));
#3215=DIRECTION('ref_axis',(-0.631598080304164,0.775295985386288,0.));
#3216=DIRECTION('',(0.,0.,1.));
#3217=DIRECTION('center_axis',(0.999339935465832,-0.0363275843285326,0.));
#3218=DIRECTION('ref_axis',(-0.0363275843285326,-0.999339935465832,0.));
#3219=DIRECTION('',(-0.0363275843285326,-0.999339935465832,0.));
#3220=DIRECTION('',(0.,0.,-1.));
#3221=DIRECTION('',(-0.0363275843285326,-0.999339935465832,0.));
#3222=DIRECTION('center_axis',(0.,0.,-1.));
#3223=DIRECTION('ref_axis',(-0.286827610379938,0.95798221378256,0.));
#3224=DIRECTION('center_axis',(0.,0.,1.));
#3225=DIRECTION('ref_axis',(-0.286827610379938,0.95798221378256,0.));
#3226=DIRECTION('',(0.,0.,-1.));
#3227=DIRECTION('center_axis',(0.,0.,-1.));
#3228=DIRECTION('ref_axis',(-0.286827610379938,0.95798221378256,0.));
#3229=DIRECTION('',(0.,0.,1.));
#3230=DIRECTION('center_axis',(0.909367747737657,-0.415993148230282,0.));
#3231=DIRECTION('ref_axis',(-0.415993148230282,-0.909367747737657,0.));
#3232=DIRECTION('',(-0.415993148230282,-0.909367747737657,0.));
#3233=DIRECTION('',(0.,0.,-1.));
#3234=DIRECTION('',(-0.415993148230282,-0.909367747737657,0.));
#3235=DIRECTION('center_axis',(0.,0.,-1.));
#3236=DIRECTION('ref_axis',(0.474577971290563,0.880213467952936,0.));
#3237=DIRECTION('center_axis',(0.,0.,1.));
#3238=DIRECTION('ref_axis',(0.474577971290563,0.880213467952936,0.));
#3239=DIRECTION('',(0.,0.,-1.));
#3240=DIRECTION('center_axis',(0.,0.,-1.));
#3241=DIRECTION('ref_axis',(0.474577971290563,0.880213467952936,0.));
#3242=DIRECTION('',(0.,0.,1.));
#3243=DIRECTION('center_axis',(0.348868524976861,-0.937171677058408,0.));
#3244=DIRECTION('ref_axis',(-0.937171677058408,-0.348868524976861,0.));
#3245=DIRECTION('',(-0.937171677058408,-0.348868524976861,0.));
#3246=DIRECTION('',(0.,0.,-1.));
#3247=DIRECTION('',(-0.937171677058408,-0.348868524976861,0.));
#3248=DIRECTION('center_axis',(0.,0.,-1.));
#3249=DIRECTION('ref_axis',(0.775295985386287,0.631598080304165,0.));
#3250=DIRECTION('center_axis',(0.,0.,1.));
#3251=DIRECTION('ref_axis',(0.775295985386287,0.631598080304165,0.));
#3252=DIRECTION('',(0.,0.,-1.));
#3253=DIRECTION('center_axis',(0.,0.,-1.));
#3254=DIRECTION('ref_axis',(0.775295985386287,0.631598080304165,0.));
#3255=DIRECTION('',(0.,0.,1.));
#3256=DIRECTION('center_axis',(-0.0363275843285325,-0.999339935465832,0.));
#3257=DIRECTION('ref_axis',(-0.999339935465832,0.0363275843285325,0.));
#3258=DIRECTION('',(-0.999339935465832,0.0363275843285325,0.));
#3259=DIRECTION('',(0.,0.,-1.));
#3260=DIRECTION('',(-0.999339935465832,0.0363275843285325,0.));
#3261=DIRECTION('center_axis',(0.,0.,-1.));
#3262=DIRECTION('ref_axis',(0.95798221378256,0.286827610379938,0.));
#3263=DIRECTION('center_axis',(0.,0.,1.));
#3264=DIRECTION('ref_axis',(0.95798221378256,0.286827610379938,0.));
#3265=DIRECTION('',(0.,0.,-1.));
#3266=DIRECTION('center_axis',(0.,0.,-1.));
#3267=DIRECTION('ref_axis',(0.95798221378256,0.286827610379938,0.));
#3268=DIRECTION('',(0.,0.,1.));
#3269=DIRECTION('center_axis',(-0.415993148230281,-0.909367747737657,0.));
#3270=DIRECTION('ref_axis',(-0.909367747737657,0.415993148230281,0.));
#3271=DIRECTION('',(-0.909367747737657,0.415993148230281,0.));
#3272=DIRECTION('',(0.,0.,-1.));
#3273=DIRECTION('',(-0.909367747737657,0.415993148230281,0.));
#3274=DIRECTION('center_axis',(0.,0.,-1.));
#3275=DIRECTION('ref_axis',(0.994824334260831,-0.101609763125871,0.));
#3276=DIRECTION('center_axis',(0.,0.,1.));
#3277=DIRECTION('ref_axis',(0.994824334260831,-0.101609763125871,0.));
#3278=DIRECTION('',(0.,0.,-1.));
#3279=DIRECTION('center_axis',(0.,0.,-1.));
#3280=DIRECTION('ref_axis',(0.994824334260831,-0.101609763125871,0.));
#3281=DIRECTION('',(0.,0.,1.));
#3282=DIRECTION('center_axis',(-0.732327526301248,-0.680952563855585,0.));
#3283=DIRECTION('ref_axis',(-0.680952563855585,0.732327526301248,0.));
#3284=DIRECTION('',(-0.680952563855585,0.732327526301248,0.));
#3285=DIRECTION('',(0.,0.,-1.));
#3286=DIRECTION('',(-0.680952563855585,0.732327526301248,0.));
#3287=DIRECTION('center_axis',(0.,0.,-1.));
#3288=DIRECTION('ref_axis',(0.880213467952936,-0.474577971290563,0.));
#3289=DIRECTION('center_axis',(0.,0.,1.));
#3290=DIRECTION('ref_axis',(0.880213467952936,-0.474577971290563,0.));
#3291=DIRECTION('',(0.,0.,-1.));
#3292=DIRECTION('center_axis',(0.,0.,-1.));
#3293=DIRECTION('ref_axis',(0.880213467952936,-0.474577971290563,0.));
#3294=DIRECTION('',(0.,0.,1.));
#3295=DIRECTION('center_axis',(-0.937171677058408,-0.348868524976862,0.));
#3296=DIRECTION('ref_axis',(-0.348868524976862,0.937171677058408,0.));
#3297=DIRECTION('',(-0.348868524976862,0.937171677058408,0.));
#3298=DIRECTION('',(0.,0.,-1.));
#3299=DIRECTION('',(-0.348868524976862,0.937171677058408,0.));
#3300=DIRECTION('center_axis',(0.,0.,-1.));
#3301=DIRECTION('ref_axis',(0.631598080304165,-0.775295985386287,0.));
#3302=DIRECTION('center_axis',(0.,0.,1.));
#3303=DIRECTION('ref_axis',(0.631598080304165,-0.775295985386287,0.));
#3304=DIRECTION('',(0.,0.,-1.));
#3305=DIRECTION('center_axis',(0.,0.,-1.));
#3306=DIRECTION('ref_axis',(0.631598080304165,-0.775295985386287,0.));
#3307=DIRECTION('',(0.,0.,1.));
#3308=DIRECTION('center_axis',(-0.999339935465832,0.0363275843285326,0.));
#3309=DIRECTION('ref_axis',(0.0363275843285326,0.999339935465832,0.));
#3310=DIRECTION('',(0.0363275843285326,0.999339935465832,0.));
#3311=DIRECTION('',(0.,0.,-1.));
#3312=DIRECTION('',(0.0363275843285326,0.999339935465832,0.));
#3313=DIRECTION('center_axis',(0.,0.,-1.));
#3314=DIRECTION('ref_axis',(0.286827610379937,-0.95798221378256,0.));
#3315=DIRECTION('center_axis',(0.,0.,1.));
#3316=DIRECTION('ref_axis',(0.286827610379937,-0.95798221378256,0.));
#3317=DIRECTION('',(0.,0.,-1.));
#3318=DIRECTION('center_axis',(0.,0.,-1.));
#3319=DIRECTION('ref_axis',(0.286827610379937,-0.95798221378256,0.));
#3320=DIRECTION('',(0.,0.,1.));
#3321=DIRECTION('center_axis',(-0.909367747737657,0.415993148230281,0.));
#3322=DIRECTION('ref_axis',(0.415993148230281,0.909367747737657,0.));
#3323=DIRECTION('',(0.415993148230281,0.909367747737657,0.));
#3324=DIRECTION('',(0.,0.,-1.));
#3325=DIRECTION('',(0.415993148230281,0.909367747737657,0.));
#3326=DIRECTION('center_axis',(0.,0.,-1.));
#3327=DIRECTION('ref_axis',(-0.10160976312587,-0.994824334260831,0.));
#3328=DIRECTION('center_axis',(0.,0.,1.));
#3329=DIRECTION('ref_axis',(-0.10160976312587,-0.994824334260831,0.));
#3330=DIRECTION('',(0.,0.,-1.));
#3331=DIRECTION('center_axis',(0.,0.,-1.));
#3332=DIRECTION('ref_axis',(-0.10160976312587,-0.994824334260831,0.));
#3333=DIRECTION('',(0.,0.,1.));
#3334=DIRECTION('center_axis',(-0.680952563855585,0.732327526301248,0.));
#3335=DIRECTION('ref_axis',(0.732327526301248,0.680952563855585,0.));
#3336=DIRECTION('',(0.732327526301248,0.680952563855585,0.));
#3337=DIRECTION('',(0.,0.,-1.));
#3338=DIRECTION('',(0.732327526301248,0.680952563855585,0.));
#3339=DIRECTION('center_axis',(0.,0.,-1.));
#3340=DIRECTION('ref_axis',(-0.474577971290562,-0.880213467952936,0.));
#3341=DIRECTION('center_axis',(0.,0.,1.));
#3342=DIRECTION('ref_axis',(-0.474577971290562,-0.880213467952936,0.));
#3343=DIRECTION('',(0.,0.,-1.));
#3344=DIRECTION('center_axis',(0.,0.,-1.));
#3345=DIRECTION('ref_axis',(-0.474577971290562,-0.880213467952936,0.));
#3346=DIRECTION('',(0.,0.,1.));
#3347=DIRECTION('center_axis',(-0.348868524976863,0.937171677058407,0.));
#3348=DIRECTION('ref_axis',(0.937171677058407,0.348868524976863,0.));
#3349=DIRECTION('',(0.937171677058407,0.348868524976863,0.));
#3350=DIRECTION('',(0.,0.,-1.));
#3351=DIRECTION('',(0.937171677058407,0.348868524976863,0.));
#3352=DIRECTION('center_axis',(0.,0.,-1.));
#3353=DIRECTION('ref_axis',(-0.95798221378256,-0.286827610379939,0.));
#3354=DIRECTION('center_axis',(0.,0.,1.));
#3355=DIRECTION('ref_axis',(-0.95798221378256,-0.286827610379939,0.));
#3356=DIRECTION('',(0.,0.,-1.));
#3357=DIRECTION('center_axis',(0.,0.,-1.));
#3358=DIRECTION('ref_axis',(-0.95798221378256,-0.286827610379939,0.));
#3359=DIRECTION('',(0.,0.,1.));
#3360=DIRECTION('center_axis',(0.415993148230281,0.909367747737657,0.));
#3361=DIRECTION('ref_axis',(0.909367747737657,-0.415993148230281,0.));
#3362=DIRECTION('',(0.909367747737657,-0.415993148230281,0.));
#3363=DIRECTION('',(0.,0.,-1.));
#3364=DIRECTION('',(0.909367747737657,-0.415993148230281,0.));
#3365=DIRECTION('center_axis',(0.,0.,-1.));
#3366=DIRECTION('ref_axis',(-0.775295985386287,-0.631598080304165,0.));
#3367=DIRECTION('center_axis',(0.,0.,1.));
#3368=DIRECTION('ref_axis',(-0.775295985386287,-0.631598080304165,0.));
#3369=DIRECTION('',(0.,0.,-1.));
#3370=DIRECTION('center_axis',(0.,0.,-1.));
#3371=DIRECTION('ref_axis',(-0.775295985386287,-0.631598080304165,0.));
#3372=DIRECTION('',(0.,0.,1.));
#3373=DIRECTION('center_axis',(0.0363275843285325,0.999339935465832,0.));
#3374=DIRECTION('ref_axis',(0.999339935465832,-0.0363275843285325,0.));
#3375=DIRECTION('',(0.999339935465832,-0.0363275843285325,0.));
#3376=DIRECTION('',(0.,0.,-1.));
#3377=DIRECTION('',(0.999339935465832,-0.0363275843285325,0.));
#3378=DIRECTION('center_axis',(0.974690523595212,0.223558455920797,0.));
#3379=DIRECTION('ref_axis',(0.223558455920797,-0.974690523595212,0.));
#3380=DIRECTION('',(0.223558455920797,-0.974690523595212,0.));
#3381=DIRECTION('',(0.,0.,-1.));
#3382=DIRECTION('',(0.223558455920797,-0.974690523595212,0.));
#3383=DIRECTION('center_axis',(0.293737959739456,0.955885982221782,0.));
#3384=DIRECTION('ref_axis',(0.955885982221782,-0.293737959739456,0.));
#3385=DIRECTION('',(0.955885982221782,-0.293737959739456,0.));
#3386=DIRECTION('',(0.955885982221782,-0.293737959739456,0.));
#3387=DIRECTION('center_axis',(0.814944508036316,0.579538996808194,0.));
#3388=DIRECTION('ref_axis',(0.579538996808194,-0.814944508036316,0.));
#3389=DIRECTION('',(0.579538996808194,-0.814944508036316,0.));
#3390=DIRECTION('',(0.,0.,-1.));
#3391=DIRECTION('',(0.579538996808194,-0.814944508036316,0.));
#3392=DIRECTION('center_axis',(-0.0944232397013995,0.995532145038166,0.));
#3393=DIRECTION('ref_axis',(0.995532145038166,0.0944232397013995,0.));
#3394=DIRECTION('',(0.995532145038166,0.0944232397013995,0.));
#3395=DIRECTION('',(0.995532145038166,0.0944232397013995,0.));
#3396=DIRECTION('center_axis',(0.531130578619252,0.847289978965631,0.));
#3397=DIRECTION('ref_axis',(0.847289978965631,-0.531130578619252,0.));
#3398=DIRECTION('',(0.847289978965631,-0.531130578619252,0.));
#3399=DIRECTION('',(0.,0.,-1.));
#3400=DIRECTION('',(0.847289978965631,-0.531130578619252,0.));
#3401=DIRECTION('center_axis',(-0.468209356846516,0.883617563293856,0.));
#3402=DIRECTION('ref_axis',(0.883617563293856,0.468209356846516,0.));
#3403=DIRECTION('',(0.883617563293856,0.468209356846516,0.));
#3404=DIRECTION('',(0.883617563293856,0.468209356846516,0.));
#3405=DIRECTION('center_axis',(0.166456833318092,0.986048742528336,0.));
#3406=DIRECTION('ref_axis',(0.986048742528336,-0.166456833318092,0.));
#3407=DIRECTION('',(0.986048742528336,-0.166456833318092,0.));
#3408=DIRECTION('',(0.,0.,-1.));
#3409=DIRECTION('',(0.986048742528336,-0.166456833318092,0.));
#3410=DIRECTION('center_axis',(-0.770714843740139,0.637180217551215,0.));
#3411=DIRECTION('ref_axis',(0.637180217551215,0.770714843740139,0.));
#3412=DIRECTION('',(0.637180217551215,0.770714843740139,0.));
#3413=DIRECTION('',(0.637180217551215,0.770714843740139,0.));
#3414=DIRECTION('center_axis',(-0.223558455920797,0.974690523595212,0.));
#3415=DIRECTION('ref_axis',(0.974690523595212,0.223558455920797,0.));
#3416=DIRECTION('',(0.974690523595212,0.223558455920797,0.));
#3417=DIRECTION('',(0.,0.,-1.));
#3418=DIRECTION('',(0.974690523595212,0.223558455920797,0.));
#3419=DIRECTION('center_axis',(-0.955885982221783,0.293737959739455,0.));
#3420=DIRECTION('ref_axis',(0.293737959739455,0.955885982221783,0.));
#3421=DIRECTION('',(0.293737959739455,0.955885982221783,0.));
#3422=DIRECTION('',(0.293737959739455,0.955885982221783,0.));
#3423=DIRECTION('center_axis',(-0.579538996808193,0.814944508036316,0.));
#3424=DIRECTION('ref_axis',(0.814944508036316,0.579538996808193,0.));
#3425=DIRECTION('',(0.814944508036316,0.579538996808193,0.));
#3426=DIRECTION('',(0.,0.,-1.));
#3427=DIRECTION('',(0.814944508036316,0.579538996808193,0.));
#3428=DIRECTION('center_axis',(-0.995532145038166,-0.0944232397013996,0.));
#3429=DIRECTION('ref_axis',(-0.0944232397013996,0.995532145038166,0.));
#3430=DIRECTION('',(-0.0944232397013996,0.995532145038166,0.));
#3431=DIRECTION('',(-0.0944232397013996,0.995532145038166,0.));
#3432=DIRECTION('center_axis',(-0.84728997896563,0.531130578619253,0.));
#3433=DIRECTION('ref_axis',(0.531130578619253,0.84728997896563,0.));
#3434=DIRECTION('',(0.531130578619253,0.84728997896563,0.));
#3435=DIRECTION('',(0.,0.,-1.));
#3436=DIRECTION('',(0.531130578619253,0.84728997896563,0.));
#3437=DIRECTION('center_axis',(-0.883617563293856,-0.468209356846515,0.));
#3438=DIRECTION('ref_axis',(-0.468209356846515,0.883617563293856,0.));
#3439=DIRECTION('',(-0.468209356846515,0.883617563293856,0.));
#3440=DIRECTION('',(-0.468209356846515,0.883617563293856,0.));
#3441=DIRECTION('center_axis',(-0.986048742528336,0.166456833318092,0.));
#3442=DIRECTION('ref_axis',(0.166456833318092,0.986048742528336,0.));
#3443=DIRECTION('',(0.166456833318092,0.986048742528336,0.));
#3444=DIRECTION('',(0.,0.,-1.));
#3445=DIRECTION('',(0.166456833318092,0.986048742528336,0.));
#3446=DIRECTION('center_axis',(-0.637180217551214,-0.770714843740139,0.));
#3447=DIRECTION('ref_axis',(-0.770714843740139,0.637180217551214,0.));
#3448=DIRECTION('',(-0.770714843740139,0.637180217551214,0.));
#3449=DIRECTION('',(-0.770714843740139,0.637180217551214,0.));
#3450=DIRECTION('center_axis',(-0.974690523595212,-0.223558455920797,0.));
#3451=DIRECTION('ref_axis',(-0.223558455920797,0.974690523595212,0.));
#3452=DIRECTION('',(-0.223558455920797,0.974690523595212,0.));
#3453=DIRECTION('',(0.,0.,-1.));
#3454=DIRECTION('',(-0.223558455920797,0.974690523595212,0.));
#3455=DIRECTION('center_axis',(-0.293737959739456,-0.955885982221782,0.));
#3456=DIRECTION('ref_axis',(-0.955885982221782,0.293737959739456,0.));
#3457=DIRECTION('',(-0.955885982221782,0.293737959739456,0.));
#3458=DIRECTION('',(-0.955885982221782,0.293737959739456,0.));
#3459=DIRECTION('center_axis',(-0.814944508036316,-0.579538996808193,0.));
#3460=DIRECTION('ref_axis',(-0.579538996808193,0.814944508036316,0.));
#3461=DIRECTION('',(-0.579538996808193,0.814944508036316,0.));
#3462=DIRECTION('',(0.,0.,-1.));
#3463=DIRECTION('',(-0.579538996808193,0.814944508036316,0.));
#3464=DIRECTION('center_axis',(0.0944232397013996,-0.995532145038166,0.));
#3465=DIRECTION('ref_axis',(-0.995532145038166,-0.0944232397013996,0.));
#3466=DIRECTION('',(-0.995532145038166,-0.0944232397013996,0.));
#3467=DIRECTION('',(-0.995532145038166,-0.0944232397013996,0.));
#3468=DIRECTION('center_axis',(-0.531130578619252,-0.847289978965631,0.));
#3469=DIRECTION('ref_axis',(-0.847289978965631,0.531130578619252,0.));
#3470=DIRECTION('',(-0.847289978965631,0.531130578619252,0.));
#3471=DIRECTION('',(0.,0.,-1.));
#3472=DIRECTION('',(-0.847289978965631,0.531130578619252,0.));
#3473=DIRECTION('center_axis',(0.468209356846516,-0.883617563293856,0.));
#3474=DIRECTION('ref_axis',(-0.883617563293856,-0.468209356846516,0.));
#3475=DIRECTION('',(-0.883617563293856,-0.468209356846516,0.));
#3476=DIRECTION('',(-0.883617563293856,-0.468209356846516,0.));
#3477=DIRECTION('center_axis',(-0.166456833318092,-0.986048742528336,0.));
#3478=DIRECTION('ref_axis',(-0.986048742528336,0.166456833318092,0.));
#3479=DIRECTION('',(-0.986048742528336,0.166456833318092,0.));
#3480=DIRECTION('',(0.,0.,-1.));
#3481=DIRECTION('',(-0.986048742528336,0.166456833318092,0.));
#3482=DIRECTION('center_axis',(0.770714843740139,-0.637180217551215,0.));
#3483=DIRECTION('ref_axis',(-0.637180217551215,-0.770714843740139,0.));
#3484=DIRECTION('',(-0.637180217551215,-0.770714843740139,0.));
#3485=DIRECTION('',(-0.637180217551215,-0.770714843740139,0.));
#3486=DIRECTION('center_axis',(0.223558455920796,-0.974690523595212,0.));
#3487=DIRECTION('ref_axis',(-0.974690523595213,-0.223558455920796,0.));
#3488=DIRECTION('',(-0.974690523595212,-0.223558455920796,0.));
#3489=DIRECTION('',(0.,0.,-1.));
#3490=DIRECTION('',(-0.974690523595212,-0.223558455920796,0.));
#3491=DIRECTION('center_axis',(0.955885982221782,-0.293737959739457,0.));
#3492=DIRECTION('ref_axis',(-0.293737959739457,-0.955885982221782,0.));
#3493=DIRECTION('',(-0.293737959739457,-0.955885982221782,0.));
#3494=DIRECTION('',(-0.293737959739457,-0.955885982221782,0.));
#3495=DIRECTION('center_axis',(0.579538996808193,-0.814944508036316,0.));
#3496=DIRECTION('ref_axis',(-0.814944508036316,-0.579538996808193,0.));
#3497=DIRECTION('',(-0.814944508036316,-0.579538996808193,0.));
#3498=DIRECTION('',(0.,0.,-1.));
#3499=DIRECTION('',(-0.814944508036316,-0.579538996808193,0.));
#3500=DIRECTION('center_axis',(0.995532145038166,0.0944232397013996,0.));
#3501=DIRECTION('ref_axis',(0.0944232397013996,-0.995532145038166,0.));
#3502=DIRECTION('',(0.0944232397013996,-0.995532145038166,0.));
#3503=DIRECTION('',(0.0944232397013996,-0.995532145038166,0.));
#3504=DIRECTION('center_axis',(0.84728997896563,-0.531130578619252,0.));
#3505=DIRECTION('ref_axis',(-0.531130578619252,-0.84728997896563,0.));
#3506=DIRECTION('',(-0.531130578619252,-0.84728997896563,0.));
#3507=DIRECTION('',(0.,0.,-1.));
#3508=DIRECTION('',(-0.531130578619252,-0.84728997896563,0.));
#3509=DIRECTION('center_axis',(0.883617563293856,0.468209356846516,0.));
#3510=DIRECTION('ref_axis',(0.468209356846516,-0.883617563293856,0.));
#3511=DIRECTION('',(0.468209356846516,-0.883617563293856,0.));
#3512=DIRECTION('',(0.468209356846516,-0.883617563293856,0.));
#3513=DIRECTION('center_axis',(0.986048742528336,-0.166456833318092,0.));
#3514=DIRECTION('ref_axis',(-0.166456833318092,-0.986048742528336,0.));
#3515=DIRECTION('',(-0.166456833318092,-0.986048742528336,0.));
#3516=DIRECTION('',(0.,0.,-1.));
#3517=DIRECTION('',(-0.166456833318092,-0.986048742528336,0.));
#3518=DIRECTION('center_axis',(0.637180217551215,0.770714843740138,0.));
#3519=DIRECTION('ref_axis',(0.770714843740138,-0.637180217551215,0.));
#3520=DIRECTION('',(0.770714843740138,-0.637180217551215,0.));
#3521=DIRECTION('',(0.770714843740138,-0.637180217551215,0.));
#3522=DIRECTION('',(-1.,0.,-7.16645880824876E-17));
#3523=DIRECTION('center_axis',(0.,0.,-1.));
#3524=DIRECTION('ref_axis',(-1.,0.,0.));
#3525=DIRECTION('center_axis',(0.,0.,-1.));
#3526=DIRECTION('ref_axis',(0.941545989049758,0.336884476496488,0.));
#3527=DIRECTION('',(-1.,0.,-7.16645880824876E-17));
#3528=DIRECTION('center_axis',(0.,0.,-1.));
#3529=DIRECTION('ref_axis',(-1.,0.,0.));
#3530=DIRECTION('center_axis',(0.,0.,-1.));
#3531=DIRECTION('ref_axis',(-0.537951772163362,0.842975616982068,0.));
#3532=DIRECTION('center_axis',(0.,0.,-1.));
#3533=DIRECTION('ref_axis',(-1.,0.,0.));
#3534=DIRECTION('center_axis',(0.,0.,-1.));
#3535=DIRECTION('ref_axis',(0.941545989049758,0.336884476496488,0.));
#3536=DIRECTION('center_axis',(0.,0.,-1.));
#3537=DIRECTION('ref_axis',(-1.,0.,0.));
#3538=DIRECTION('center_axis',(7.25683742723427E-17,8.17649207303645E-18,
-1.));
#3539=DIRECTION('ref_axis',(0.78183148246803,-0.623489801858733,5.16382802151236E-17));
#3540=DIRECTION('center_axis',(0.,0.,-1.));
#3541=DIRECTION('ref_axis',(0.850431211833234,-0.526086260930521,0.));
#3542=DIRECTION('center_axis',(0.,0.,-1.));
#3543=DIRECTION('ref_axis',(-1.,0.,0.));
#3544=DIRECTION('center_axis',(0.,0.,-1.));
#3545=DIRECTION('ref_axis',(0.118924386471014,-0.992903313672833,0.));
#3546=DIRECTION('center_axis',(0.,0.,-1.));
#3547=DIRECTION('ref_axis',(-1.,0.,0.));
#3548=DIRECTION('center_axis',(0.,0.,-1.));
#3549=DIRECTION('ref_axis',(-0.994472320145181,0.104999068877108,0.));
#3550=DIRECTION('center_axis',(-1.85414125082824E-16,-2.32501958896293E-16,
1.));
#3551=DIRECTION('ref_axis',(0.78183148246803,-0.623489801858733,0.));
#3552=DIRECTION('center_axis',(0.,0.,-1.));
#3553=DIRECTION('ref_axis',(-0.974927912181824,0.222520933956314,0.));
#3554=DIRECTION('center_axis',(0.,0.,1.));
#3555=DIRECTION('ref_axis',(-1.85037170770859E-16,-1.,0.));
#3556=DIRECTION('center_axis',(0.,0.,-1.));
#3557=DIRECTION('ref_axis',(-1.,0.,0.));
#3558=DIRECTION('center_axis',(0.,0.,-1.));
#3559=DIRECTION('ref_axis',(-0.537951772163362,0.842975616982068,0.));
#3560=DIRECTION('center_axis',(6.20633538311818E-17,0.5,-0.866025403784439));
#3561=DIRECTION('ref_axis',(-1.,1.24126707662364E-16,0.));
#3562=DIRECTION('center_axis',(0.124343704647485,-0.992239206600172,0.));
#3563=DIRECTION('ref_axis',(0.992239206600172,0.124343704647485,0.));
#3564=DIRECTION('',(0.992239206600172,0.124343704647485,0.));
#3565=DIRECTION('center_axis',(-0.542546263865759,0.840025923150772,0.));
#3566=DIRECTION('ref_axis',(-0.840025923150771,-0.542546263865759,0.));
#3567=DIRECTION('',(-0.840025923150771,-0.542546263865759,0.));
#3568=DIRECTION('center_axis',(0.,-1.,0.));
#3569=DIRECTION('ref_axis',(1.,0.,0.));
#3570=DIRECTION('',(1.,0.,0.));
#3571=DIRECTION('center_axis',(0.,0.,1.));
#3572=DIRECTION('ref_axis',(1.,0.,0.));
#3573=DIRECTION('center_axis',(0.,0.,1.));
#3574=DIRECTION('ref_axis',(1.,0.,0.));
#3575=CARTESIAN_POINT('',(0.,0.,0.));
#3576=CARTESIAN_POINT('Origin',(0.,-0.249999983236193,5.));
#3577=CARTESIAN_POINT('',(1.11803394376788,1.,5.));
#3578=CARTESIAN_POINT('',(-1.11803394376788,1.,5.));
#3579=CARTESIAN_POINT('Origin',(0.,0.,5.));
#3580=CARTESIAN_POINT('',(-0.559016994374948,1.,5.));
#3581=CARTESIAN_POINT('Origin',(0.,-0.249999983236193,0.));
#3582=CARTESIAN_POINT('',(1.1180339887499,1.,0.));
#3583=CARTESIAN_POINT('',(-1.1180339887499,1.,0.));
#3584=CARTESIAN_POINT('Origin',(0.,0.,0.));
#3585=CARTESIAN_POINT('',(-1.1180339887499,1.,0.));
#3586=CARTESIAN_POINT('Origin',(0.,0.,0.));
#3587=CARTESIAN_POINT('',(-1.1180339887499,1.,20.));
#3588=CARTESIAN_POINT('',(-1.1180339887499,1.,0.));
#3589=CARTESIAN_POINT('',(1.1180339887499,1.,20.));
#3590=CARTESIAN_POINT('Origin',(0.,0.,20.));
#3591=CARTESIAN_POINT('',(1.1180339887499,1.,0.));
#3592=CARTESIAN_POINT('Origin',(0.,3.55006569043578,0.));
#3593=CARTESIAN_POINT('',(-0.939692620785909,3.20804554711011,1.13939933175939));
#3594=CARTESIAN_POINT('',(0.939692620785909,3.20804554711011,1.13939933175939));
#3595=CARTESIAN_POINT('Ctrl Pts',(0.939692620785909,3.20804554711011,1.13939933175939));
#3596=CARTESIAN_POINT('Ctrl Pts',(0.902726792294139,3.10648276803754,1.10255090998857));
#3597=CARTESIAN_POINT('Ctrl Pts',(0.849414160218668,3.01123886032878,1.0657455968451));
#3598=CARTESIAN_POINT('Ctrl Pts',(0.714480277816876,2.84220252675702,0.997269287492608));
#3599=CARTESIAN_POINT('Ctrl Pts',(0.633644186685588,2.76871882087653,0.965790364148008));
#3600=CARTESIAN_POINT('Ctrl Pts',(0.456738697260617,2.65476668126566,0.915510785371478));
#3601=CARTESIAN_POINT('Ctrl Pts',(0.363341700568365,2.612745661603,0.896209067800628));
#3602=CARTESIAN_POINT('Ctrl Pts',(0.215992458122856,2.57239713794935,0.877506759999644));
#3603=CARTESIAN_POINT('Ctrl Pts',(0.166828275164988,2.56280355905503,0.873014979850505));
#3604=CARTESIAN_POINT('Ctrl Pts',(0.0834432286463595,2.55298077958051,0.868409442991677));
#3605=CARTESIAN_POINT('Ctrl Pts',(0.0496962364526829,2.55072853881932,0.867349858340269));
#3606=CARTESIAN_POINT('Ctrl Pts',(-0.0161892743125086,2.54968276118263,
0.866858205305208));
#3607=CARTESIAN_POINT('Ctrl Pts',(-0.0482402063693313,2.55071611028634,
0.867344610781342));
#3608=CARTESIAN_POINT('Ctrl Pts',(-0.122061148847287,2.55665413344271,0.870132802547638));
#3609=CARTESIAN_POINT('Ctrl Pts',(-0.163601132738652,2.56265154132977,0.87294748505835));
#3610=CARTESIAN_POINT('Ctrl Pts',(-0.282806282482373,2.5875645987673,0.884561674248631));
#3611=CARTESIAN_POINT('Ctrl Pts',(-0.35821826410354,2.61310651762133,0.896410040772181));
#3612=CARTESIAN_POINT('Ctrl Pts',(-0.542038580976433,2.70050751587256,0.935942305304189));
#3613=CARTESIAN_POINT('Ctrl Pts',(-0.642253736978896,2.77396547684815,0.968390436177891));
#3614=CARTESIAN_POINT('Ctrl Pts',(-0.82061994413175,2.962255145054,1.04660319808759));
#3615=CARTESIAN_POINT('Ctrl Pts',(-0.893108708918149,3.08005730114357,1.0929633744909));
#3616=CARTESIAN_POINT('Ctrl Pts',(-0.939692620785909,3.20804554711011,1.13939933175939));
#3617=CARTESIAN_POINT('',(-0.939692620785909,3.20804554711011,20.));
#3618=CARTESIAN_POINT('',(-0.939692620785909,3.20804554711011,0.));
#3619=CARTESIAN_POINT('',(0.939692620785909,3.20804554711011,20.));
#3620=CARTESIAN_POINT('Origin',(0.,3.55006569043578,20.));
#3621=CARTESIAN_POINT('',(0.939692620785909,3.20804554711011,0.));
#3622=CARTESIAN_POINT('Origin',(3.56023175721184,10.4079176512375,0.));
#3623=CARTESIAN_POINT('',(3.19361987125847,9.40065977287692,20.));
#3624=CARTESIAN_POINT('',(0.5,2.,20.));
#3625=CARTESIAN_POINT('',(3.19361987125847,9.40065977287691,0.613609802183927));
#3626=CARTESIAN_POINT('',(3.19361987125847,9.40065977287692,0.));
#3627=CARTESIAN_POINT('Ctrl Pts',(0.939692620785909,3.20804554711011,1.13939933175939));
#3628=CARTESIAN_POINT('Ctrl Pts',(1.13873118746876,3.75489951467185,1.33780573445703));
#3629=CARTESIAN_POINT('Ctrl Pts',(1.34506850192293,4.32180662692561,1.4720824578563));
#3630=CARTESIAN_POINT('Ctrl Pts',(1.85367463813516,5.71919050156477,1.63295701570272));
#3631=CARTESIAN_POINT('Ctrl Pts',(2.15546076422639,6.5483410685051,1.58890069730275));
#3632=CARTESIAN_POINT('Ctrl Pts',(2.70905327126258,8.06932398116631,1.24602007274712));
#3633=CARTESIAN_POINT('Ctrl Pts',(2.95966282180177,8.75786806237239,0.97903119748268));
#3634=CARTESIAN_POINT('Ctrl Pts',(3.19361987125847,9.40065977287691,0.613609802183928));
#3635=CARTESIAN_POINT('Origin',(-0.5,2.,0.));
#3636=CARTESIAN_POINT('',(-3.19361987125847,9.40065977287691,0.61360980218393));
#3637=CARTESIAN_POINT('Ctrl Pts',(-3.19361987125847,9.40065977287691,0.61360980218393));
#3638=CARTESIAN_POINT('Ctrl Pts',(-2.89599669483468,8.58294681614619,1.07847237697954));
#3639=CARTESIAN_POINT('Ctrl Pts',(-2.57194536365765,7.69262309538888,1.3832385165262));
#3640=CARTESIAN_POINT('Ctrl Pts',(-1.94072507651841,5.95835960977218,1.62950463278976));
#3641=CARTESIAN_POINT('Ctrl Pts',(-1.64017016858332,5.13259178943266,1.60740454281254));
#3642=CARTESIAN_POINT('Ctrl Pts',(-1.20809676026081,3.94547985651977,1.37528805650299));
#3643=CARTESIAN_POINT('Ctrl Pts',(-1.07223055708749,3.57219053431981,1.2715163159239));
#3644=CARTESIAN_POINT('Ctrl Pts',(-0.939692620785909,3.20804554711011,1.13939933175939));
#3645=CARTESIAN_POINT('',(-3.19361987125847,9.40065977287691,20.));
#3646=CARTESIAN_POINT('',(-3.19361987125847,9.40065977287691,0.));
#3647=CARTESIAN_POINT('',(-0.5,2.,20.));
#3648=CARTESIAN_POINT('Origin',(-2.77555312161229,2.21342975391529,0.));
#3649=CARTESIAN_POINT('',(-3.09403977209006,1.26550240782412,0.867644963760126));
#3650=CARTESIAN_POINT('',(-1.77713019326419,2.15729013682082,0.660527597261937));
#3651=CARTESIAN_POINT('Ctrl Pts',(-1.77713019350918,2.15729013654937,0.660527598193731));
#3652=CARTESIAN_POINT('Ctrl Pts',(-1.78154569303825,2.0787620635822,0.636496353756079));
#3653=CARTESIAN_POINT('Ctrl Pts',(-1.79526047902922,2.00015586316693,0.614808423931742));
#3654=CARTESIAN_POINT('Ctrl Pts',(-1.84884443132866,1.82344769821529,0.57479833525056));
#3655=CARTESIAN_POINT('Ctrl Pts',(-1.89476531973208,1.72804676635089,0.559883876807269));
#3656=CARTESIAN_POINT('Ctrl Pts',(-2.01820007101338,1.55142487565797,0.551351979476154));
#3657=CARTESIAN_POINT('Ctrl Pts',(-2.09391470230281,1.47388429854676,0.558375274964907));
#3658=CARTESIAN_POINT('Ctrl Pts',(-2.26213957011722,1.34926610637784,0.591065788638821));
#3659=CARTESIAN_POINT('Ctrl Pts',(-2.35157676673761,1.30235743736544,0.615193235399788));
#3660=CARTESIAN_POINT('Ctrl Pts',(-2.54117993575988,1.2359619456434,0.673208427590548));
#3661=CARTESIAN_POINT('Ctrl Pts',(-2.64112599650822,1.21744949175816,0.707121245506638));
#3662=CARTESIAN_POINT('Ctrl Pts',(-2.86078083901559,1.20992199835279,0.783766370529863));
#3663=CARTESIAN_POINT('Ctrl Pts',(-2.98030944416375,1.22729104983373,0.826778896575729));
#3664=CARTESIAN_POINT('Ctrl Pts',(-3.09403977186398,1.26550240774816,0.867644963597656));
#3665=CARTESIAN_POINT('',(-3.09403977186398,1.26550240774816,20.));
#3666=CARTESIAN_POINT('',(-3.09403977186398,1.26550240774816,0.));
#3667=CARTESIAN_POINT('',(-1.92226223998014,2.73486495729479,20.));
#3668=CARTESIAN_POINT('Origin',(-2.77555312161229,2.21342975391529,20.));
#3669=CARTESIAN_POINT('',(-1.92226223998014,2.73486495729479,0.932534055200243));
#3670=CARTESIAN_POINT('',(-1.92226223998014,2.73486495729479,0.));
#3671=CARTESIAN_POINT('Ctrl Pts',(-1.92035177156302,2.73322873302404,0.930462092999015));
#3672=CARTESIAN_POINT('Ctrl Pts',(-1.89198201755521,2.68671011538217,0.911360009084316));
#3673=CARTESIAN_POINT('Ctrl Pts',(-1.86776457628495,2.63844616120105,0.890813317905737));
#3674=CARTESIAN_POINT('Ctrl Pts',(-1.84768775959476,2.58900260543281,0.868993998365816));
#3675=CARTESIAN_POINT('Ctrl Pts',(-1.83611874435254,2.56051137302583,0.856420887586976));
#3676=CARTESIAN_POINT('Ctrl Pts',(-1.82592398707327,2.53162786691104,0.843425676941375));
#3677=CARTESIAN_POINT('Ctrl Pts',(-1.81709708716028,2.50245506444924,0.830045329090829));
#3678=CARTESIAN_POINT('Ctrl Pts',(-1.80167661701157,2.45149058836471,0.806670049361542));
#3679=CARTESIAN_POINT('Ctrl Pts',(-1.79049094214789,2.39983350940549,0.782203908233775));
#3680=CARTESIAN_POINT('Ctrl Pts',(-1.78342725545662,2.34799711919147,0.756880887406816));
#3681=CARTESIAN_POINT('Ctrl Pts',(-1.77968858189132,2.32056111441318,0.743477899321788));
#3682=CARTESIAN_POINT('Ctrl Pts',(-1.77710448075217,2.29307414578893,0.729835327015793));
#3683=CARTESIAN_POINT('Ctrl Pts',(-1.775657886824,2.26560726930114,0.715990932560391));
#3684=CARTESIAN_POINT('Ctrl Pts',(-1.77372383287738,2.22888485547213,0.697481380422957));
#3685=CARTESIAN_POINT('Ctrl Pts',(-1.77382421881075,2.19222414585824,0.678623544196625));
#3686=CARTESIAN_POINT('Ctrl Pts',(-1.77591498368214,2.15579878162327,0.659522431399465));
#3687=CARTESIAN_POINT('Origin',(-5.91746949379698,9.27273178680275,0.));
#3688=CARTESIAN_POINT('',(-5.35854234566287,8.35808805751776,20.));
#3689=CARTESIAN_POINT('',(-1.25191806400669,1.63789534495148,20.));
#3690=CARTESIAN_POINT('',(-5.35854234566287,8.35808805751776,0.589112488854077));
#3691=CARTESIAN_POINT('',(-5.35854234566287,8.35808805751776,0.));
#3692=CARTESIAN_POINT('Ctrl Pts',(-1.92226223998014,2.73486495729479,0.932534055200243));
#3693=CARTESIAN_POINT('Ctrl Pts',(-2.30237731556876,3.35689570218608,1.18924493533403));
#3694=CARTESIAN_POINT('Ctrl Pts',(-2.69932542965045,4.00647249338035,1.34853713865246));
#3695=CARTESIAN_POINT('Ctrl Pts',(-3.55290979326064,5.40330137921655,1.46652651257712));
#3696=CARTESIAN_POINT('Ctrl Pts',(-4.00534383939414,6.14367687286095,1.399078118555));
#3697=CARTESIAN_POINT('Ctrl Pts',(-4.76045733469745,7.37936532650522,1.06238053662117));
#3698=CARTESIAN_POINT('Ctrl Pts',(-5.0668374956586,7.88073423287511,0.85650611391891));
#3699=CARTESIAN_POINT('Ctrl Pts',(-5.35854234566287,8.35808805751776,0.589112488854076));
#3700=CARTESIAN_POINT('Origin',(-1.87540786586543,0.856063862483453,0.));
#3701=CARTESIAN_POINT('',(-9.34092118715574,3.36434294074929,0.564117367132995));
#3702=CARTESIAN_POINT('Ctrl Pts',(-9.34092118715687,3.36434294074967,0.564117367135649));
#3703=CARTESIAN_POINT('Ctrl Pts',(-9.26660729302725,3.33937480020156,0.599215877056017));
#3704=CARTESIAN_POINT('Ctrl Pts',(-9.19266646573407,3.31453200344434,0.632789388058049));
#3705=CARTESIAN_POINT('Ctrl Pts',(-8.63270657695925,3.12639548647149,0.877452288042252));
#3706=CARTESIAN_POINT('Ctrl Pts',(-8.08136723108552,2.94115531787705,1.05899480476637));
#3707=CARTESIAN_POINT('Ctrl Pts',(-6.95479069919592,2.56264573341949,1.29532263637346));
#3708=CARTESIAN_POINT('Ctrl Pts',(-6.37955369828066,2.36937637974687,1.35010893323746));
#3709=CARTESIAN_POINT('Ctrl Pts',(-5.35992482169477,2.02679929647485,1.35010893323746));
#3710=CARTESIAN_POINT('Ctrl Pts',(-4.82110135873184,1.84576424089811,1.30211549435001));
#3711=CARTESIAN_POINT('Ctrl Pts',(-3.87895581144836,1.52922017175913,1.11751562703547));
#3712=CARTESIAN_POINT('Ctrl Pts',(-3.47159547963845,1.39235437919798,1.00330989281108));
#3713=CARTESIAN_POINT('Ctrl Pts',(-3.09403977211355,1.26550240783201,0.867644963687335));
#3714=CARTESIAN_POINT('',(-9.34092118714899,3.36434294074703,20.));
#3715=CARTESIAN_POINT('',(-9.34092118714899,3.36434294074703,0.));
#3716=CARTESIAN_POINT('',(-1.87540786586543,0.856063862483453,20.));
#3717=CARTESIAN_POINT('Origin',(-3.46105813168488,-0.789963933042037,0.));
#3718=CARTESIAN_POINT('',(-2.91851186782619,-1.62998985619737,0.87530156929813));
#3719=CARTESIAN_POINT('',(-2.48101194267786,-0.988733818620618,0.607779056514227));
#3720=CARTESIAN_POINT('Ctrl Pts',(-2.48101194267792,-0.988733818620643,
0.607779056514099));
#3721=CARTESIAN_POINT('Ctrl Pts',(-2.50761047246338,-1.1198793775847,0.64499008957241));
#3722=CARTESIAN_POINT('Ctrl Pts',(-2.55998473277563,-1.24309360720456,0.688879681732239));
#3723=CARTESIAN_POINT('Ctrl Pts',(-2.63554301695675,-1.35435253190693,0.735649763757838));
#3724=CARTESIAN_POINT('Ctrl Pts',(-2.63730451551035,-1.35692042448401,0.736733599254979));
#3725=CARTESIAN_POINT('Ctrl Pts',(-2.63990066944318,-1.36066745961125,0.738322073651016));
#3726=CARTESIAN_POINT('Ctrl Pts',(-2.64072713000057,-1.3618547794121,0.738826479590718));
#3727=CARTESIAN_POINT('Ctrl Pts',(-2.64494371555028,-1.36788451827635,0.74139348655498));
#3728=CARTESIAN_POINT('Ctrl Pts',(-2.64837338308,-1.37269749837521,0.743460274252074));
#3729=CARTESIAN_POINT('Ctrl Pts',(-2.6845175329712,-1.42248065140708,0.765020593418095));
#3730=CARTESIAN_POINT('Ctrl Pts',(-2.72086573350308,-1.46464929072942,0.784834985348984));
#3731=CARTESIAN_POINT('Ctrl Pts',(-2.80864733996846,-1.55082675132203,0.828497189337282));
#3732=CARTESIAN_POINT('Ctrl Pts',(-2.86156567760575,-1.59321010703249,0.852253523880951));
#3733=CARTESIAN_POINT('Ctrl Pts',(-2.91851186781912,-1.62998985619281,0.875301569292407));
#3734=CARTESIAN_POINT('',(-2.91851186781912,-1.62998985619281,20.));
#3735=CARTESIAN_POINT('',(-2.91851186781912,-1.62998985619281,0.));
#3736=CARTESIAN_POINT('',(-3.33671442703739,0.202275273558135,20.));
#3737=CARTESIAN_POINT('Origin',(-3.46105813168488,-0.789963933042037,20.));
#3738=CARTESIAN_POINT('',(-3.33671442727404,0.202275273587791,0.867644963760127));
#3739=CARTESIAN_POINT('',(-3.33671442703739,0.202275273558135,0.));
#3740=CARTESIAN_POINT('Ctrl Pts',(-3.33671442703739,0.202275273558135,0.867644963597656));
#3741=CARTESIAN_POINT('Ctrl Pts',(-3.24357651827243,0.190603579331663,0.835672823776156));
#3742=CARTESIAN_POINT('Ctrl Pts',(-3.15274178264617,0.165900343355942,0.802424291564386));
#3743=CARTESIAN_POINT('Ctrl Pts',(-2.98543752929535,0.0941355626442771,
0.738140329354989));
#3744=CARTESIAN_POINT('Ctrl Pts',(-2.90864380405234,0.0483856078107123,
0.707150468692369));
#3745=CARTESIAN_POINT('Ctrl Pts',(-2.76232696825884,-0.0679605322566937,
0.647341244307408));
#3746=CARTESIAN_POINT('Ctrl Pts',(-2.69425704199885,-0.140333412828579,
0.619065704228237));
#3747=CARTESIAN_POINT('Ctrl Pts',(-2.57836446525531,-0.308583738538418,
0.574798335250563));
#3748=CARTESIAN_POINT('Ctrl Pts',(-2.53240821887876,-0.403967642900386,
0.559883876807268));
#3749=CARTESIAN_POINT('Ctrl Pts',(-2.47127997286086,-0.610594765114769,
0.551351979476152));
#3750=CARTESIAN_POINT('Ctrl Pts',(-2.45786360896704,-0.718136606599391,
0.558375274964908));
#3751=CARTESIAN_POINT('Ctrl Pts',(-2.46366398026237,-0.880898545954908,
0.583806538422658));
#3752=CARTESIAN_POINT('Ctrl Pts',(-2.4702047771716,-0.935448476439188,0.594877260604477));
#3753=CARTESIAN_POINT('Ctrl Pts',(-2.48101194267796,-0.988733818620841,
0.607779056514454));
#3754=CARTESIAN_POINT('Origin',(-10.939195521597,1.15498975764819,0.));
#3755=CARTESIAN_POINT('',(-9.87561288195643,1.02170556092228,20.));
#3756=CARTESIAN_POINT('',(-2.06111629134181,0.0424220881782831,20.));
#3757=CARTESIAN_POINT('',(-9.87561288196349,1.02170556092317,0.564117367132993));
#3758=CARTESIAN_POINT('',(-9.87561288195643,1.02170556092228,0.));
#3759=CARTESIAN_POINT('Ctrl Pts',(-3.33671442729864,0.202275273590874,0.867644963687336));
#3760=CARTESIAN_POINT('Ctrl Pts',(-3.73191937332813,0.251800878664166,1.00330989281108));
#3761=CARTESIAN_POINT('Ctrl Pts',(-4.15832219214099,0.305236084419632,1.11751562703547));
#3762=CARTESIAN_POINT('Ctrl Pts',(-5.14450932358979,0.428821365654577,1.30211549435001));
#3763=CARTESIAN_POINT('Ctrl Pts',(-5.70852065583976,0.49950115541558,1.35010893323746));
#3764=CARTESIAN_POINT('Ctrl Pts',(-6.77581315628402,0.633250258015991,1.35010893323746));
#3765=CARTESIAN_POINT('Ctrl Pts',(-7.37794021560253,0.708706568073219,1.29532263637345));
#3766=CARTESIAN_POINT('Ctrl Pts',(-8.55717975194081,0.856484454332626,1.05899480476637));
#3767=CARTESIAN_POINT('Ctrl Pts',(-9.13429203520725,0.928806006254364,0.877452288042253));
#3768=CARTESIAN_POINT('Ctrl Pts',(-9.7204278377162,1.0022583518437,0.63278938805805));
#3769=CARTESIAN_POINT('Ctrl Pts',(-9.79782510672147,1.01195748799323,0.599215877056016));
#3770=CARTESIAN_POINT('Ctrl Pts',(-9.87561288196467,1.02170556092331,0.564117367135648));
#3771=CARTESIAN_POINT('Origin',(-2.06111629134181,0.0424220881782831,0.));
#3772=CARTESIAN_POINT('',(-1.83859535738549,-0.932505824003541,0.32421266763937));
#3773=CARTESIAN_POINT('',(-1.88606333640509,-0.724535019377348,0.294342010318088));
#3774=CARTESIAN_POINT('Ctrl Pts',(-1.83859565354885,-0.932504526185525,
0.324222011543473));
#3775=CARTESIAN_POINT('Ctrl Pts',(-1.83861845873046,-0.932404610156499,
0.324207410913174));
#3776=CARTESIAN_POINT('Ctrl Pts',(-1.83875319680326,-0.931814284088341,
0.324121171368555));
#3777=CARTESIAN_POINT('Ctrl Pts',(-1.83899979036407,-0.930733887106565,
0.32396359937875));
#3778=CARTESIAN_POINT('Ctrl Pts',(-1.83933574484281,-0.929261974362145,
0.323749522489062));
#3779=CARTESIAN_POINT('Ctrl Pts',(-1.83967144671634,-0.927791168353492,
0.323536197226523));
#3780=CARTESIAN_POINT('Ctrl Pts',(-1.83995180037633,-0.926562858712689,
0.323358543014911));
#3781=CARTESIAN_POINT('Ctrl Pts',(-1.84017502954029,-0.925584827842091,
0.323217377395364));
#3782=CARTESIAN_POINT('Ctrl Pts',(-1.84031477824418,-0.924972548764771,
0.323129127946373));
#3783=CARTESIAN_POINT('Ctrl Pts',(-1.84042627423277,-0.924484052921054,
0.323058792728417));
#3784=CARTESIAN_POINT('Ctrl Pts',(-1.8405099581291,-0.924117409815235,0.323006039542891));
#3785=CARTESIAN_POINT('Ctrl Pts',(-1.84057963678306,-0.923812127685451,
0.322962145907726));
#3786=CARTESIAN_POINT('Ctrl Pts',(-1.84062847343895,-0.923598160315645,
0.322931397839672));
#3787=CARTESIAN_POINT('Ctrl Pts',(-1.84065274757493,-0.923491808377049,
0.322916118496157));
#3788=CARTESIAN_POINT('Ctrl Pts',(-1.84066681734853,-0.923430164671185,
0.322907263612445));
#3789=CARTESIAN_POINT('Ctrl Pts',(-1.84067349759058,-0.923400896618396,
0.32290305948282));
#3790=CARTESIAN_POINT('Ctrl Pts',(-1.84334449303268,-0.911698500997027,
0.321222484454018));
#3791=CARTESIAN_POINT('Ctrl Pts',(-1.86159262266019,-0.831748221297279,
0.309739650467669));
#3792=CARTESIAN_POINT('Ctrl Pts',(-1.87742420140512,-0.762385542879455,
0.2997781631382));
#3793=CARTESIAN_POINT('Ctrl Pts',(-1.88606333619141,-0.724535020303268,
0.294341931147817));
#3794=CARTESIAN_POINT('',(-1.62203896062337,-1.88130138937884,0.52429505507328));
#3795=CARTESIAN_POINT('Ctrl Pts',(-1.62203896104727,-1.881301389427,0.524295055249916));
#3796=CARTESIAN_POINT('Ctrl Pts',(-1.70942364864687,-1.49844405765405,0.416993454128627));
#3797=CARTESIAN_POINT('Ctrl Pts',(-1.79992864367844,-1.10191576577894,0.323583703651301));
#3798=CARTESIAN_POINT('Ctrl Pts',(-1.88606333640509,-0.72453501937735,0.294342010318089));
#3799=CARTESIAN_POINT('',(-1.54963084992741,-2.19854205233459,0.615994765911058));
#3800=CARTESIAN_POINT('Ctrl Pts',(-1.62203896104727,-1.881301389427,0.524295055249915));
#3801=CARTESIAN_POINT('Ctrl Pts',(-1.59762939691167,-1.98824667757084,0.554268101859919));
#3802=CARTESIAN_POINT('Ctrl Pts',(-1.57344070097117,-2.0942242789245,0.585177905324404));
#3803=CARTESIAN_POINT('Ctrl Pts',(-1.54963084992556,-2.19854205234268,0.61599476591345));
#3804=CARTESIAN_POINT('',(-1.54963084992741,-2.19854205233459,0.679538306142192));
#3805=CARTESIAN_POINT('',(-1.54963084992741,-2.19854205233459,0.));
#3806=CARTESIAN_POINT('',(-1.62203896076703,-1.88130139065482,0.568118395691519));
#3807=CARTESIAN_POINT('Ctrl Pts',(-1.54963084992741,-2.19854205233459,0.679538306142192));
#3808=CARTESIAN_POINT('Ctrl Pts',(-1.55880105419887,-2.15836476228956,0.665427409905674));
#3809=CARTESIAN_POINT('Ctrl Pts',(-1.57271881880385,-2.09738705134965,0.644021381599092));
#3810=CARTESIAN_POINT('Ctrl Pts',(-1.59685861159772,-1.99162370868072,0.606875810152901));
#3811=CARTESIAN_POINT('Ctrl Pts',(-1.61164611918351,-1.92683540476263,0.58413222547776));
#3812=CARTESIAN_POINT('Ctrl Pts',(-1.62159710759295,-1.88323727589546,0.568823744486469));
#3813=CARTESIAN_POINT('Ctrl Pts',(-1.83859535738549,-0.932505824003541,
0.32421266763937));
#3814=CARTESIAN_POINT('Ctrl Pts',(-1.74038035646519,-1.36281385880158,0.386017418903134));
#3815=CARTESIAN_POINT('Ctrl Pts',(-1.62203896076703,-1.88130139065482,0.568118395691519));
#3816=CARTESIAN_POINT('Origin',(-1.54031577587923,-3.19849866609114,0.));
#3817=CARTESIAN_POINT('',(-0.773862417366121,-2.55619869783334,0.60777905651619));
#3818=CARTESIAN_POINT('Ctrl Pts',(-1.54963084992736,-2.19854205233459,0.615994765911047));
#3819=CARTESIAN_POINT('Ctrl Pts',(-1.52325286746177,-2.19829632881366,0.609362815076869));
#3820=CARTESIAN_POINT('Ctrl Pts',(-1.49676158372917,-2.19909327559524,0.603128987558339));
#3821=CARTESIAN_POINT('Ctrl Pts',(-1.36622024389154,-2.20826664890317,0.574782280045255));
#3822=CARTESIAN_POINT('Ctrl Pts',(-1.26302592830031,-2.23180985470849,0.55987818339824));
#3823=CARTESIAN_POINT('Ctrl Pts',(-1.06343524778764,-2.31282914771276,0.551354711770198));
#3824=CARTESIAN_POINT('Ctrl Pts',(-0.971023082236909,-2.36936899706934,
0.558374092736206));
#3825=CARTESIAN_POINT('Ctrl Pts',(-0.847389445576349,-2.47536654416614,
0.58379670483491));
#3826=CARTESIAN_POINT('Ctrl Pts',(-0.808799969015018,-2.51450789116528,
0.594871515328854));
#3827=CARTESIAN_POINT('Ctrl Pts',(-0.773862417365942,-2.55619869783355,
0.607779056516255));
#3828=CARTESIAN_POINT('',(-0.545285000525298,-3.29806651280157,0.875301569370728));
#3829=CARTESIAN_POINT('Ctrl Pts',(-0.773862417365953,-2.55619869783354,
0.607779056516261));
#3830=CARTESIAN_POINT('Ctrl Pts',(-0.763816758805822,-2.56818613224487,
0.612128214615148));
#3831=CARTESIAN_POINT('Ctrl Pts',(-0.754065265908581,-2.58039380981492,
0.616573966207845));
#3832=CARTESIAN_POINT('Ctrl Pts',(-0.672183028636451,-2.68796358956864,
0.655857270287021));
#3833=CARTESIAN_POINT('Ctrl Pts',(-0.617994145921933,-2.79454723309016,
0.695461769580477));
#3834=CARTESIAN_POINT('Ctrl Pts',(-0.581950883512197,-2.91288912902096,
0.738529674165793));
#3835=CARTESIAN_POINT('Ctrl Pts',(-0.580254891954464,-2.9186431546662,0.740622677687933));
#3836=CARTESIAN_POINT('Ctrl Pts',(-0.571461626401513,-2.94949688290265,
0.751844201111432));
#3837=CARTESIAN_POINT('Ctrl Pts',(-0.565302275603825,-2.97483165490727,
0.761046283123712));
#3838=CARTESIAN_POINT('Ctrl Pts',(-0.540395405445104,-3.09804283417965,
0.805611352626663));
#3839=CARTESIAN_POINT('Ctrl Pts',(-0.535311657051562,-3.19839795483887,
0.84124634255549));
#3840=CARTESIAN_POINT('Ctrl Pts',(-0.545285000513829,-3.29806651268696,
0.875301569292408));
#3841=CARTESIAN_POINT('',(-0.545285000513829,-3.29806651268696,20.));
#3842=CARTESIAN_POINT('',(-0.545285000513829,-3.29806651268696,0.));
#3843=CARTESIAN_POINT('',(-2.2385525939653,-2.48263181683142,20.));
#3844=CARTESIAN_POINT('Origin',(-1.54031577587923,-3.19849866609114,20.));
#3845=CARTESIAN_POINT('',(-2.2385525939653,-2.48263181683142,0.89945519700119));
#3846=CARTESIAN_POINT('',(-2.2385525939653,-2.48263181683142,0.));
#3847=CARTESIAN_POINT('Ctrl Pts',(-2.2385525939653,-2.48263181683142,0.899455197001191));
#3848=CARTESIAN_POINT('Ctrl Pts',(-2.18507752992866,-2.43047371145399,0.874711021127558));
#3849=CARTESIAN_POINT('Ctrl Pts',(-2.12594450333019,-2.38448583942878,0.849528881967161));
#3850=CARTESIAN_POINT('Ctrl Pts',(-2.00100075545093,-2.30803620707884,0.801185745867758));
#3851=CARTESIAN_POINT('Ctrl Pts',(-1.93558575270108,-2.2770798876657,0.777983036158981));
#3852=CARTESIAN_POINT('Ctrl Pts',(-1.86005143412302,-2.25096252201816,0.754687862393283));
#3853=CARTESIAN_POINT('Ctrl Pts',(-1.85299905073469,-2.24861177450224,0.752547271833275));
#3854=CARTESIAN_POINT('Ctrl Pts',(-1.80576009946742,-2.23345230880395,0.738413164134706));
#3855=CARTESIAN_POINT('Ctrl Pts',(-1.76467168325624,-2.22306420692828,0.727009613404481));
#3856=CARTESIAN_POINT('Ctrl Pts',(-1.66614662120807,-2.20477103708489,0.702227527802487));
#3857=CARTESIAN_POINT('Ctrl Pts',(-1.60814402844422,-2.19908713057416,0.689590270317131));
#3858=CARTESIAN_POINT('Ctrl Pts',(-1.54963084992741,-2.19854205233459,0.679538306142192));
#3859=CARTESIAN_POINT('Origin',(-7.72348420271193,-7.83248311651287,0.));
#3860=CARTESIAN_POINT('',(-6.95614549234627,-7.08404206204297,20.));
#3861=CARTESIAN_POINT('',(-1.31825191218633,-1.58499586624606,20.));
#3862=CARTESIAN_POINT('',(-6.95614549234627,-7.08404206204297,0.56740257129452));
#3863=CARTESIAN_POINT('',(-6.95614549234627,-7.08404206204297,0.));
#3864=CARTESIAN_POINT('Ctrl Pts',(-2.2385525939653,-2.48263181683142,0.89945519700119));
#3865=CARTESIAN_POINT('Ctrl Pts',(-2.72065053506292,-2.9528568771844,1.1225333074764));
#3866=CARTESIAN_POINT('Ctrl Pts',(-3.21382461186805,-3.43388529539799,1.2667116528177));
#3867=CARTESIAN_POINT('Ctrl Pts',(-4.37280493389713,-4.5643227966104,1.41211662072349));
#3868=CARTESIAN_POINT('Ctrl Pts',(-5.0322805792012,-5.20755718671877,1.35482534504919));
#3869=CARTESIAN_POINT('Ctrl Pts',(-6.1159961455095,-6.26458351712078,1.02494414329689));
#3870=CARTESIAN_POINT('Ctrl Pts',(-6.54549071882229,-6.68350070062394,0.826416643613515));
#3871=CARTESIAN_POINT('Ctrl Pts',(-6.95614549234627,-7.08404206204297,0.567402571294521));
#3872=CARTESIAN_POINT('Origin',(-1.31825191218633,-1.58499586624606,0.));
#3873=CARTESIAN_POINT('',(-0.417283044283907,-2.01887960536362,0.32421266763937));
#3874=CARTESIAN_POINT('',(-0.60947696760842,-1.92632389000149,0.294342010318089));
#3875=CARTESIAN_POINT('Ctrl Pts',(-0.417284023459557,-2.01887913382739,
0.324220292751177));
#3876=CARTESIAN_POINT('Ctrl Pts',(-0.417916160153741,-2.01857471283986,
0.324120291538537));
#3877=CARTESIAN_POINT('Ctrl Pts',(-0.419113690827622,-2.01799801246208,
0.323931205615827));
#3878=CARTESIAN_POINT('Ctrl Pts',(-0.420874531152887,-2.01715003645366,
0.323654179921939));
#3879=CARTESIAN_POINT('Ctrl Pts',(-0.422569213912869,-2.01633392024953,
0.323388480427312));
#3880=CARTESIAN_POINT('Ctrl Pts',(-0.423980320588869,-2.01565436708994,
0.323168017570376));
#3881=CARTESIAN_POINT('Ctrl Pts',(-0.424970479413911,-2.01517753173121,
0.323013724364054));
#3882=CARTESIAN_POINT('Ctrl Pts',(-0.425460481494089,-2.01494155916624,
0.32293746740533));
#3883=CARTESIAN_POINT('Ctrl Pts',(-0.42574770893854,-2.01480323771916,0.322892798532665));
#3884=CARTESIAN_POINT('Ctrl Pts',(-0.425878466837947,-2.0147402680336,0.322872470185909));
#3885=CARTESIAN_POINT('Ctrl Pts',(-0.447060211900096,-2.00453967722832,
0.319580980818599));
#3886=CARTESIAN_POINT('Ctrl Pts',(-0.522740181543143,-1.96809412469043,
0.307821303993396));
#3887=CARTESIAN_POINT('Ctrl Pts',(-0.584196274074578,-1.93849843035431,
0.298270657760776));
#3888=CARTESIAN_POINT('Ctrl Pts',(-0.596797413157418,-1.93243004160351,
0.29631238633936));
#3889=CARTESIAN_POINT('Ctrl Pts',(-0.609476966124388,-1.9263238907165,0.294341865747468));
#3890=CARTESIAN_POINT('',(0.459535904061015,-2.44113335570545,0.524295055073281));
#3891=CARTESIAN_POINT('Ctrl Pts',(0.459535903834361,-2.44113335606689,0.524295055249915));
#3892=CARTESIAN_POINT('Ctrl Pts',(0.105713810785115,-2.27074161648102,0.416990810745813));
#3893=CARTESIAN_POINT('Ctrl Pts',(-0.260683082446435,-2.09429417229077,
0.323587194541667));
#3894=CARTESIAN_POINT('Ctrl Pts',(-0.609476967608436,-1.92632389000148,
0.294342010318088));
#3895=CARTESIAN_POINT('',(0.752710360469632,-2.58231873326513,0.615994765911059));
#3896=CARTESIAN_POINT('Ctrl Pts',(0.459535903834365,-2.44113335606689,0.524295055249916));
#3897=CARTESIAN_POINT('Ctrl Pts',(0.558368211313206,-2.48872848686688,0.55426810185992));
#3898=CARTESIAN_POINT('Ctrl Pts',(0.656306241727103,-2.53589295653022,0.585177905324404));
#3899=CARTESIAN_POINT('Ctrl Pts',(0.752710360477115,-2.58231873326873,0.61599476591345));
#3900=CARTESIAN_POINT('',(0.752710360469633,-2.58231873326513,0.679538306142191));
#3901=CARTESIAN_POINT('',(0.752710360469632,-2.58231873326513,0.));
#3902=CARTESIAN_POINT('',(0.459535904969045,-2.44113335661333,0.568118395691519));
#3903=CARTESIAN_POINT('Ctrl Pts',(0.752710360469634,-2.58231873326513,0.679538306142192));
#3904=CARTESIAN_POINT('Ctrl Pts',(0.659538040462439,-2.53744930877425,0.644128496873655));
#3905=CARTESIAN_POINT('Ctrl Pts',(0.562218628836959,-2.49058275021835,0.607185065879155));
#3906=CARTESIAN_POINT('Ctrl Pts',(0.461624946169292,-2.44213938583328,0.568965923314634));
#3907=CARTESIAN_POINT('Ctrl Pts',(-0.417283044283907,-2.01887960536362,
0.32421266763937));
#3908=CARTESIAN_POINT('Ctrl Pts',(-0.0196186240564962,-2.21038469694795,
0.386017418903134));
#3909=CARTESIAN_POINT('Ctrl Pts',(0.459535904969045,-2.44113335661333,0.568118395691519));
#3910=CARTESIAN_POINT('Origin',(-0.417283044283907,-2.01887960536362,0.));
#3911=CARTESIAN_POINT('',(-1.20144133250944,-9.85536152416649,0.565346023481298));
#3912=CARTESIAN_POINT('Ctrl Pts',(-1.20144133250944,-9.85536152416648,0.565346023481298));
#3913=CARTESIAN_POINT('Ctrl Pts',(-1.12295113519641,-9.07097013114978,0.919370153709537));
#3914=CARTESIAN_POINT('Ctrl Pts',(-1.03964425916972,-8.2384432835762,1.15868237589788));
#3915=CARTESIAN_POINT('Ctrl Pts',(-0.861589323442863,-6.45905217679519,
1.39987193620001));
#3916=CARTESIAN_POINT('Ctrl Pts',(-0.76774708095639,-5.52124019736783,1.37935030310195));
#3917=CARTESIAN_POINT('Ctrl Pts',(-0.63157062815376,-4.16036149956135,1.13408059433938));
#3918=CARTESIAN_POINT('Ctrl Pts',(-0.587918686604892,-3.72412604071996,
1.02087961459729));
#3919=CARTESIAN_POINT('Ctrl Pts',(-0.545285000526486,-3.29806651281344,
0.875301569335626));
#3920=CARTESIAN_POINT('',(-1.20144133250944,-9.85536152416649,20.));
#3921=CARTESIAN_POINT('',(-1.20144133250944,-9.85536152416649,0.));
#3922=CARTESIAN_POINT('',(-0.417283044283907,-2.01887960536362,20.));
#3923=CARTESIAN_POINT('Origin',(1.54031577587923,-3.19849866609114,0.));
#3924=CARTESIAN_POINT('',(0.545285002953227,-3.29806653706508,0.899455213232275));
#3925=CARTESIAN_POINT('Ctrl Pts',(0.545285000513829,-3.29806651268696,0.899455197001191));
#3926=CARTESIAN_POINT('Ctrl Pts',(0.538058433014328,-3.2258478466406,0.87541340248817));
#3927=CARTESIAN_POINT('Ctrl Pts',(0.538716024274134,-3.15308161526078,0.850959767593659));
#3928=CARTESIAN_POINT('Ctrl Pts',(0.556005049587607,-3.00692668154666,0.802314530673906));
#3929=CARTESIAN_POINT('Ctrl Pts',(0.57308764667435,-2.93365271798444,0.778142509494904));
#3930=CARTESIAN_POINT('Ctrl Pts',(0.60077179876838,-2.85599639124332,0.754164802235196));
#3931=CARTESIAN_POINT('Ctrl Pts',(0.603227265844693,-2.84933422313694,0.75212415147091));
#3932=CARTESIAN_POINT('Ctrl Pts',(0.62075660542677,-2.80329341581462,0.738102366049999));
#3933=CARTESIAN_POINT('Ctrl Pts',(0.638302632196983,-2.76469981712442,0.726709248588568));
#3934=CARTESIAN_POINT('Ctrl Pts',(0.685358973356067,-2.67664337084924,0.702058711773057));
#3935=CARTESIAN_POINT('Ctrl Pts',(0.716895698009904,-2.62809728040959,0.689522930052459));
#3936=CARTESIAN_POINT('Ctrl Pts',(0.752710360469633,-2.58231873326513,0.679538306142191));
#3937=CARTESIAN_POINT('',(2.23855259413603,-2.48263181699795,0.867644963760126));
#3938=CARTESIAN_POINT('Ctrl Pts',(0.752710360469661,-2.58231873326509,0.615994765911046));
#3939=CARTESIAN_POINT('Ctrl Pts',(0.768937217197387,-2.56157745372485,0.609374007651185));
#3940=CARTESIAN_POINT('Ctrl Pts',(0.786046932500618,-2.54139577813695,0.603150025463516));
#3941=CARTESIAN_POINT('Ctrl Pts',(0.874586968834905,-2.44505314325186,0.574798335250563));
#3942=CARTESIAN_POINT('Ctrl Pts',(0.957353172705432,-2.37902420043724,0.559883876807268));
#3943=CARTESIAN_POINT('Ctrl Pts',(1.14519740717103,-2.27344970695582,0.551351979476152));
#3944=CARTESIAN_POINT('Ctrl Pts',(1.24705752833787,-2.2364394083092,0.558375274964909));
#3945=CARTESIAN_POINT('Ctrl Pts',(1.45269270422596,-2.19715233145059,0.591065788638818));
#3946=CARTESIAN_POINT('Ctrl Pts',(1.55362574272152,-2.19369442632153,0.615193235399781));
#3947=CARTESIAN_POINT('Ctrl Pts',(1.75326021947515,-2.21613988723482,0.673208427590546));
#3948=CARTESIAN_POINT('Ctrl Pts',(1.85134076139086,-2.2428257131633,0.70712124550664));
#3949=CARTESIAN_POINT('Ctrl Pts',(2.05250899315891,-2.3313483403341,0.78376637052986));
#3950=CARTESIAN_POINT('Ctrl Pts',(2.15266439621973,-2.3988588331166,0.826778896575727));
#3951=CARTESIAN_POINT('Ctrl Pts',(2.2385525939653,-2.48263181683142,0.867644963597656));
#3952=CARTESIAN_POINT('',(2.2385525939653,-2.48263181683142,20.));
#3953=CARTESIAN_POINT('',(2.2385525939653,-2.48263181683142,0.));
#3954=CARTESIAN_POINT('',(0.545285000513829,-3.29806651268696,20.));
#3955=CARTESIAN_POINT('Origin',(1.54031577587923,-3.19849866609114,20.));
#3956=CARTESIAN_POINT('',(0.545285000513829,-3.29806651268696,0.));
#3957=CARTESIAN_POINT('Origin',(1.30816825118115,-10.9219364504012,0.));
#3958=CARTESIAN_POINT('',(1.20144133250944,-9.85536152416648,20.));
#3959=CARTESIAN_POINT('',(0.417283044283907,-2.01887960536362,20.));
#3960=CARTESIAN_POINT('',(1.20144132819295,-9.85536148102972,0.567402610443437));
#3961=CARTESIAN_POINT('',(1.20144133250944,-9.85536152416648,0.));
#3962=CARTESIAN_POINT('Ctrl Pts',(0.545285003194426,-3.29806653947549,0.899455205919167));
#3963=CARTESIAN_POINT('Ctrl Pts',(0.591901079260468,-3.76392406174148,1.05454046743251));
#3964=CARTESIAN_POINT('Ctrl Pts',(0.63935232182651,-4.2381278162347,1.17172956309094));
#3965=CARTESIAN_POINT('Ctrl Pts',(0.804717696243412,-5.89070585573558,1.43981405189978));
#3966=CARTESIAN_POINT('Ctrl Pts',(0.923969105231817,-7.08244421310741,1.39708343900003));
#3967=CARTESIAN_POINT('Ctrl Pts',(1.09494577535929,-8.79109870813675,0.990010367513107));
#3968=CARTESIAN_POINT('Ctrl Pts',(1.14929145535599,-9.33420198849981,0.803892638101362));
#3969=CARTESIAN_POINT('Ctrl Pts',(1.20144132746197,-9.85536147372465,0.567402594183853));
#3970=CARTESIAN_POINT('Origin',(1.31825191218633,-1.58499586624606,0.));
#3971=CARTESIAN_POINT('',(6.95614549235136,-7.08404206204794,0.564117367132995));
#3972=CARTESIAN_POINT('Ctrl Pts',(6.95614549235221,-7.08404206204877,0.564117367135649));
#3973=CARTESIAN_POINT('Ctrl Pts',(6.90002425746866,-7.02930295447217,0.599215877056017));
#3974=CARTESIAN_POINT('Ctrl Pts',(6.84418475955772,-6.97483864538287,0.632789388058049));
#3975=CARTESIAN_POINT('Ctrl Pts',(6.42130770794624,-6.56237601037727,0.877452288042252));
#3976=CARTESIAN_POINT('Ctrl Pts',(6.00494081864884,-6.15626320847836,1.05899480476637));
#3977=CARTESIAN_POINT('Ctrl Pts',(5.15415958990312,-5.32643461862107,1.29532263637346));
#3978=CARTESIAN_POINT('Ctrl Pts',(4.71974539024123,-4.90271896700653,1.35010893323746));
#3979=CARTESIAN_POINT('Ctrl Pts',(3.94973014144907,-4.1516672906363,1.35010893323746));
#3980=CARTESIAN_POINT('Ctrl Pts',(3.54281514284909,-3.75477360272805,1.30211549435001));
#3981=CARTESIAN_POINT('Ctrl Pts',(2.8313146600273,-3.06079561826636,1.11751562703547));
#3982=CARTESIAN_POINT('Ctrl Pts',(2.52367952488188,-2.76073677615412,1.00330989281108));
#3983=CARTESIAN_POINT('Ctrl Pts',(2.23855259415378,-2.48263181701526,0.867644963687335));
#3984=CARTESIAN_POINT('',(6.95614549234626,-7.08404206204297,20.));
#3985=CARTESIAN_POINT('',(6.95614549234626,-7.08404206204297,0.));
#3986=CARTESIAN_POINT('',(1.31825191218633,-1.58499586624606,20.));
#3987=CARTESIAN_POINT('Origin',(2.77555312161229,2.21342975391529,0.));
#3988=CARTESIAN_POINT('',(1.92226224979546,2.73486497335686,0.932534068457811));
#3989=CARTESIAN_POINT('',(1.77713019299073,2.15729014576314,0.660527601011717));
#3990=CARTESIAN_POINT('Ctrl Pts',(1.77713019299107,2.15729014576375,0.660527601010519));
#3991=CARTESIAN_POINT('Ctrl Pts',(1.77272850057568,2.23557267706322,0.701663121370411));
#3992=CARTESIAN_POINT('Ctrl Pts',(1.77750139399538,2.31489100688393,0.741664084279662));
#3993=CARTESIAN_POINT('Ctrl Pts',(1.8135898924581,2.5119243777406,0.836600475575529));
#3994=CARTESIAN_POINT('Ctrl Pts',(1.85687026199308,2.62785572932818,0.888371554681806));
#3995=CARTESIAN_POINT('Ctrl Pts',(1.92226223998014,2.73486495729479,0.932534055200242));
#3996=CARTESIAN_POINT('',(1.92226223998014,2.73486495729479,20.));
#3997=CARTESIAN_POINT('',(1.92226223998014,2.73486495729479,0.));
#3998=CARTESIAN_POINT('',(3.09403977186398,1.26550240774816,20.));
#3999=CARTESIAN_POINT('Origin',(2.77555312161229,2.21342975391529,20.));
#4000=CARTESIAN_POINT('',(3.09403980504648,1.26550241889689,0.899455220192115));
#4001=CARTESIAN_POINT('',(3.09403977186398,1.26550240774816,0.));
#4002=CARTESIAN_POINT('',(2.35008079879989,1.30845831650933,0.679538306142198));
#4003=CARTESIAN_POINT('Ctrl Pts',(3.09403977186398,1.26550240774816,0.899455197001194));
#4004=CARTESIAN_POINT('Ctrl Pts',(3.02434955514945,1.24208774019323,0.87510229647769));
#4005=CARTESIAN_POINT('Ctrl Pts',(2.95231296009526,1.22643517901623,0.850326106413129));
#4006=CARTESIAN_POINT('Ctrl Pts',(2.80619553590204,1.21120731851375,0.801799810307984));
#4007=CARTESIAN_POINT('Ctrl Pts',(2.73218416241335,1.21162631603906,0.778043766393468));
#4008=CARTESIAN_POINT('Ctrl Pts',(2.65138678950323,1.22114181688191,0.754362633534997));
#4009=CARTESIAN_POINT('Ctrl Pts',(2.64421325158267,1.22206576262048,0.752282420367963));
#4010=CARTESIAN_POINT('Ctrl Pts',(2.59529233593694,1.22890880773788,0.738218002528006));
#4011=CARTESIAN_POINT('Ctrl Pts',(2.55376813184185,1.23740736188232,0.726822288995759));
#4012=CARTESIAN_POINT('Ctrl Pts',(2.45730641896769,1.26368252768981,0.702122907831087));
#4013=CARTESIAN_POINT('Ctrl Pts',(2.40281605313208,1.28366483659671,0.689548548024157));
#4014=CARTESIAN_POINT('Ctrl Pts',(2.35008079879989,1.30845831650933,0.679538306142197));
#4015=CARTESIAN_POINT('',(2.35008079879991,1.30845831650931,0.615994765911075));
#4016=CARTESIAN_POINT('',(2.35008079879989,1.30845831650933,0.));
#4017=CARTESIAN_POINT('Ctrl Pts',(2.35008079879988,1.30845831650933,0.615994765911057));
#4018=CARTESIAN_POINT('Ctrl Pts',(2.32608129732161,1.31974168216954,0.609327493065528));
#4019=CARTESIAN_POINT('Ctrl Pts',(2.30243590645649,1.33202415377746,0.603062610315316));
#4020=CARTESIAN_POINT('Ctrl Pts',(2.18878867184709,1.3970007564323,0.574731660984019));
#4021=CARTESIAN_POINT('Ctrl Pts',(2.10612609760482,1.46294812707783,0.559860245799369));
#4022=CARTESIAN_POINT('Ctrl Pts',(1.96162684716107,1.62239461375877,0.551363324126553));
#4023=CARTESIAN_POINT('Ctrl Pts',(1.90295999034313,1.71332432904411,0.558370351843472));
#4024=CARTESIAN_POINT('Ctrl Pts',(1.81893404403871,1.90482397190506,0.590989646894662));
#4025=CARTESIAN_POINT('Ctrl Pts',(1.79308084805942,2.00237675642625,0.615080374515677));
#4026=CARTESIAN_POINT('Ctrl Pts',(1.77978688225149,2.11957011807197,0.649121819775671));
#4027=CARTESIAN_POINT('Ctrl Pts',(1.77819037198656,2.13843524006747,0.654757602667309));
#4028=CARTESIAN_POINT('Ctrl Pts',(1.77713019299113,2.15729014576264,0.660527601013187));
#4029=CARTESIAN_POINT('Origin',(10.3570058795473,3.70572924146137,0.));
#4030=CARTESIAN_POINT('',(9.34092118714899,3.36434294074702,20.));
#4031=CARTESIAN_POINT('',(1.87540786586543,0.856063862483452,20.));
#4032=CARTESIAN_POINT('',(9.34092114769224,3.36434292749026,0.567402608883019));
#4033=CARTESIAN_POINT('',(9.34092118714899,3.36434294074702,0.));
#4034=CARTESIAN_POINT('Ctrl Pts',(3.09403980832744,1.26550241999923,0.89945520974317));
#4035=CARTESIAN_POINT('Ctrl Pts',(3.54276478235134,1.41626599321927,1.05625992370241));
#4036=CARTESIAN_POINT('Ctrl Pts',(3.99956416517852,1.56974242351946,1.17431034197547));
#4037=CARTESIAN_POINT('Ctrl Pts',(5.57896044594377,2.10039135237967,1.44020866007168));
#4038=CARTESIAN_POINT('Ctrl Pts',(6.71373378008102,2.4816549159277,1.39544492994381));
#4039=CARTESIAN_POINT('Ctrl Pts',(8.33585214026757,3.02665770009307,0.986837065216112));
#4040=CARTESIAN_POINT('Ctrl Pts',(8.84866639717937,3.19895412718269,0.801875996519044));
#4041=CARTESIAN_POINT('Ctrl Pts',(9.34092114101036,3.36434292524527,0.567402593271517));
#4042=CARTESIAN_POINT('Origin',(1.25191806400669,1.63789534495148,0.));
#4043=CARTESIAN_POINT('',(5.35854234566285,8.35808805751772,0.589112488854114));
#4044=CARTESIAN_POINT('Ctrl Pts',(5.35854234566285,8.35808805751772,0.589112488854097));
#4045=CARTESIAN_POINT('Ctrl Pts',(4.93327719225946,7.66217248579727,0.978935253133194));
#4046=CARTESIAN_POINT('Ctrl Pts',(4.47764087383905,6.91655670587145,1.23725949554276));
#4047=CARTESIAN_POINT('Ctrl Pts',(3.57373463485783,5.43737972170503,1.46311193916454));
#4048=CARTESIAN_POINT('Ctrl Pts',(3.13282213396449,4.71585840098955,1.44902367886215));
#4049=CARTESIAN_POINT('Ctrl Pts',(2.43497341671455,3.57387960222653,1.23078395651475));
#4050=CARTESIAN_POINT('Ctrl Pts',(2.17477924318396,3.14809071361964,1.10307152077097));
#4051=CARTESIAN_POINT('Ctrl Pts',(1.92226225087838,2.73486497512897,0.932534062560372));
#4052=CARTESIAN_POINT('',(5.35854234566287,8.35808805751776,20.));
#4053=CARTESIAN_POINT('',(5.35854234566287,8.35808805751776,0.));
#4054=CARTESIAN_POINT('',(1.25191806400669,1.63789534495148,20.));
#4055=CARTESIAN_POINT('Origin',(3.46105813168487,-0.789963933042038,0.));
#4056=CARTESIAN_POINT('',(3.33671442703739,0.202275273558134,0.875301569292408));
#4057=CARTESIAN_POINT('',(2.66431004744248,-0.185652349290274,0.607779056505921));
#4058=CARTESIAN_POINT('Ctrl Pts',(2.66431004744293,-0.18565234929009,0.607779056505314));
#4059=CARTESIAN_POINT('Ctrl Pts',(2.67327325302834,-0.173834907641029,0.61190351674712));
#4060=CARTESIAN_POINT('Ctrl Pts',(2.68248850605109,-0.162231217940337,0.616114880299542));
#4061=CARTESIAN_POINT('Ctrl Pts',(2.76850357455562,-0.0587206943176142,
0.655139475191747));
#4062=CARTESIAN_POINT('Ctrl Pts',(2.86034559201856,0.0181458942983596,0.694770058733045));
#4063=CARTESIAN_POINT('Ctrl Pts',(2.96779873507132,0.0799395058956206,0.73790730792804));
#4064=CARTESIAN_POINT('Ctrl Pts',(2.97308385366062,0.0829151571822615,0.740022312987767));
#4065=CARTESIAN_POINT('Ctrl Pts',(3.00117499493387,0.0983963100075608,0.75123642046498));
#4066=CARTESIAN_POINT('Ctrl Pts',(3.02441737461421,0.110046763504756,0.76040962253468));
#4067=CARTESIAN_POINT('Ctrl Pts',(3.1394034692609,0.162189286402878,0.805162435607427));
#4068=CARTESIAN_POINT('Ctrl Pts',(3.23670093424531,0.189741956868187,0.841032340881647));
#4069=CARTESIAN_POINT('Ctrl Pts',(3.33671442703739,0.202275273558134,0.875301569292407));
#4070=CARTESIAN_POINT('',(3.33671442703739,0.202275273558133,20.));
#4071=CARTESIAN_POINT('',(3.33671442703739,0.202275273558134,0.));
#4072=CARTESIAN_POINT('',(2.91851186781911,-1.62998985619281,20.));
#4073=CARTESIAN_POINT('Origin',(3.46105813168487,-0.789963933042038,20.));
#4074=CARTESIAN_POINT('',(2.91851186801946,-1.6299898563222,0.867644963760126));
#4075=CARTESIAN_POINT('',(2.91851186781911,-1.62998985619281,0.));
#4076=CARTESIAN_POINT('Ctrl Pts',(2.91851186781912,-1.62998985619281,0.867644963597656));
#4077=CARTESIAN_POINT('Ctrl Pts',(2.85207824437337,-1.58708247297735,0.840707490330583));
#4078=CARTESIAN_POINT('Ctrl Pts',(2.79111566368173,-1.53654114500496,0.812873325919189));
#4079=CARTESIAN_POINT('Ctrl Pts',(2.66558856336885,-1.40469880631549,0.748449364159974));
#4080=CARTESIAN_POINT('Ctrl Pts',(2.60605680897715,-1.31895875033521,0.71189500716312));
#4081=CARTESIAN_POINT('Ctrl Pts',(2.51825757121644,-1.13729842984405,0.647341244307406));
#4082=CARTESIAN_POINT('Ctrl Pts',(2.48833010284902,-1.04255828344122,0.619065704228235));
#4083=CARTESIAN_POINT('Ctrl Pts',(2.45691557960882,-0.840686073428759,0.57479833525056));
#4084=CARTESIAN_POINT('Ctrl Pts',(2.4568959574141,-0.73480847708598,0.559883876807267));
#4085=CARTESIAN_POINT('Ctrl Pts',(2.49147345919197,-0.522121320758609,0.551351979476151));
#4086=CARTESIAN_POINT('Ctrl Pts',(2.52604638929812,-0.419408327452453,0.558375274964907));
#4087=CARTESIAN_POINT('Ctrl Pts',(2.60189210208601,-0.275281574009246,0.583806538420954));
#4088=CARTESIAN_POINT('Ctrl Pts',(2.63145348427306,-0.228971730325045,0.594877260600116));
#4089=CARTESIAN_POINT('Ctrl Pts',(2.66431004744272,-0.185652349290364,0.607779056506832));
#4090=CARTESIAN_POINT('Origin',(9.35474333016558,-5.78694887023573,0.));
#4091=CARTESIAN_POINT('',(8.45431832904866,-5.20539274585453,20.));
#4092=CARTESIAN_POINT('',(1.83859535738549,-0.932505824003542,20.));
#4093=CARTESIAN_POINT('',(8.45431832905465,-5.2053927458584,0.564117367132992));
#4094=CARTESIAN_POINT('',(8.45431832904866,-5.20539274585453,0.));
#4095=CARTESIAN_POINT('Ctrl Pts',(2.91851186804029,-1.62998985633566,0.867644963687336));
#4096=CARTESIAN_POINT('Ctrl Pts',(3.25309086614266,-1.84608388437175,1.00330989281108));
#4097=CARTESIAN_POINT('Ctrl Pts',(3.61408186420518,-2.07923659060418,1.11751562703547));
#4098=CARTESIAN_POINT('Ctrl Pts',(4.44898412364443,-2.61847364159045,1.30211549435001));
#4099=CARTESIAN_POINT('Ctrl Pts',(4.92647396368427,-2.9268692774963,1.35010893323746));
#4100=CARTESIAN_POINT('Ctrl Pts',(5.83003971879039,-3.51045391587404,1.35010893323746));
#4101=CARTESIAN_POINT('Ctrl Pts',(6.33979818781036,-3.83969084204337,1.29532263637346));
#4102=CARTESIAN_POINT('Ctrl Pts',(7.33813787600172,-4.48448697626923,1.05899480476637));
#4103=CARTESIAN_POINT('Ctrl Pts',(7.82671893114227,-4.80004607838342,0.877452288042251));
#4104=CARTESIAN_POINT('Ctrl Pts',(8.32293926321458,-5.12053914865707,0.632789388058049));
#4105=CARTESIAN_POINT('Ctrl Pts',(8.38846349559022,-5.16285918484684,0.599215877056017));
#4106=CARTESIAN_POINT('Ctrl Pts',(8.45431832905565,-5.20539274585904,0.564117367135649));
#4107=CARTESIAN_POINT('Origin',(1.83859535738549,-0.932505824003542,0.));
#4108=CARTESIAN_POINT('',(2.06111629134181,0.0424220881782822,0.32421266763937));
#4109=CARTESIAN_POINT('',(2.01364831232222,-0.165548716447876,0.294342010318091));
#4110=CARTESIAN_POINT('Ctrl Pts',(2.06111595868543,0.0424206307538184,0.324223152307487));
#4111=CARTESIAN_POINT('Ctrl Pts',(2.06105690175111,0.0421618854184816,0.324185311588533));
#4112=CARTESIAN_POINT('Ctrl Pts',(2.06077309920295,0.0409184652115814,0.324003597587837));
#4113=CARTESIAN_POINT('Ctrl Pts',(2.06037600816209,0.0391786956873641,0.32375023940907));
#4114=CARTESIAN_POINT('Ctrl Pts',(2.05992890274141,0.03721979884762,0.32346611788579));
#4115=CARTESIAN_POINT('Ctrl Pts',(2.0596486775746,0.0359920521724975,0.323288544771889));
#4116=CARTESIAN_POINT('Ctrl Pts',(2.05942551614368,0.0350143180597653,0.323147421740611));
#4117=CARTESIAN_POINT('Ctrl Pts',(2.05928581266941,0.0344022371464182,0.323059200783534));
#4118=CARTESIAN_POINT('Ctrl Pts',(2.0591743309191,0.0339138036847082,0.322988874524972));
#4119=CARTESIAN_POINT('Ctrl Pts',(2.05909065958098,0.0335472156000427,0.322936129247358));
#4120=CARTESIAN_POINT('Ctrl Pts',(2.05902099013204,0.0332419738001408,0.322892241406686));
#4121=CARTESIAN_POINT('Ctrl Pts',(2.05897215995871,0.0330280348322882,0.32286149742029));
#4122=CARTESIAN_POINT('Ctrl Pts',(2.05894788275234,0.032921669441408,0.322846216143507));
#4123=CARTESIAN_POINT('Ctrl Pts',(2.05893381931313,0.0328600534883036,0.322837365248106));
#4124=CARTESIAN_POINT('Ctrl Pts',(2.05892712753688,0.0328307349009077,0.322833153856225));
#4125=CARTESIAN_POINT('Ctrl Pts',(2.0562701953687,0.0211899544740243,0.321161433315881));
#4126=CARTESIAN_POINT('Ctrl Pts',(2.03804639547714,-0.0586537297403887,
0.309693916147859));
#4127=CARTESIAN_POINT('Ctrl Pts',(2.02227494476083,-0.127752970203652,0.299770288917834));
#4128=CARTESIAN_POINT('Ctrl Pts',(2.01364831250287,-0.165548715654764,0.294341929229161));
#4129=CARTESIAN_POINT('',(2.2776726872772,0.991217653742277,0.52429505507328));
#4130=CARTESIAN_POINT('Ctrl Pts',(2.27767268768002,0.991217653601742,0.524295055249917));
#4131=CARTESIAN_POINT('Ctrl Pts',(2.19028800008043,0.608360321828805,0.41699345412863));
#4132=CARTESIAN_POINT('Ctrl Pts',(2.09978300504886,0.211832029953701,0.323583703651307));
#4133=CARTESIAN_POINT('Ctrl Pts',(2.01364831232222,-0.165548716447873,0.294342010318091));
#4134=CARTESIAN_POINT('Ctrl Pts',(2.27767268768002,0.991217653601738,0.524295055249916));
#4135=CARTESIAN_POINT('Ctrl Pts',(2.30208225181563,1.09816294174558,0.554268101859918));
#4136=CARTESIAN_POINT('Ctrl Pts',(2.32627094775612,1.20414054309924,0.585177905324402));
#4137=CARTESIAN_POINT('Ctrl Pts',(2.35008079880173,1.30845831651742,0.615994765913448));
#4138=CARTESIAN_POINT('',(2.27767268796027,0.991217654829565,0.568118395691524));
#4139=CARTESIAN_POINT('Ctrl Pts',(2.27767088177542,0.991209741417222,0.568142112534348));
#4140=CARTESIAN_POINT('Ctrl Pts',(2.27781224227066,0.991829082213768,0.568359528585245));
#4141=CARTESIAN_POINT('Ctrl Pts',(2.27795759658309,0.992465921066749,0.568583113488821));
#4142=CARTESIAN_POINT('Ctrl Pts',(2.28805505444454,1.03670577453205,0.5841168140821));
#4143=CARTESIAN_POINT('Ctrl Pts',(2.30283986177877,1.10148224787343,0.606855908722481));
#4144=CARTESIAN_POINT('Ctrl Pts',(2.32694802750221,1.20710702329302,0.643952808468603));
#4145=CARTESIAN_POINT('Ctrl Pts',(2.34088473287423,1.26816771915389,0.665387614595984));
#4146=CARTESIAN_POINT('Ctrl Pts',(2.35008079879989,1.30845831650933,0.679538306142197));
#4147=CARTESIAN_POINT('Ctrl Pts',(2.06111629134181,0.0424220881782822,0.32421266763937));
#4148=CARTESIAN_POINT('Ctrl Pts',(2.15933129226211,0.472730122976322,0.386017418903138));
#4149=CARTESIAN_POINT('Ctrl Pts',(2.27767268796027,0.991217654829565,0.568118395691524));
#4150=CARTESIAN_POINT('Origin',(2.19647210787484,-9.75579367757067,0.));
#4151=CARTESIAN_POINT('',(1.64936953269218,-10.5928592498101,0.161370297145371));
#4152=CARTESIAN_POINT('Ctrl Pts',(1.64936953269218,-10.5928592498101,0.161370297145371));
#4153=CARTESIAN_POINT('Ctrl Pts',(1.57524615894403,-10.5444125211382,0.195592124006461));
#4154=CARTESIAN_POINT('Ctrl Pts',(1.50872984204459,-10.4868922637413,0.233029954500407));
#4155=CARTESIAN_POINT('Ctrl Pts',(1.39601952550597,-10.3608434752268,0.309358039677158));
#4156=CARTESIAN_POINT('Ctrl Pts',(1.34910127562047,-10.2930515631714,0.348039859902256));
#4157=CARTESIAN_POINT('Ctrl Pts',(1.25171108460534,-10.1075682867667,0.447883647610555));
#4158=CARTESIAN_POINT('Ctrl Pts',(1.21427436322998,-9.98360841790605,0.509207116332525));
#4159=CARTESIAN_POINT('Ctrl Pts',(1.20144132746172,-9.85536147372221,0.56740259418496));
#4160=CARTESIAN_POINT('',(2.41611931866232,-10.7313730453277,20.));
#4161=CARTESIAN_POINT('Origin',(2.19647210787484,-9.75579367757067,20.));
#4162=CARTESIAN_POINT('',(2.41611931866232,-10.7313730453277,0.));
#4163=CARTESIAN_POINT('',(2.41611931866232,-10.7313730453277,0.));
#4164=CARTESIAN_POINT('Ctrl Pts',(2.41611931866232,-10.7313730453277,-3.51977825427131E-17));
#4165=CARTESIAN_POINT('Ctrl Pts',(2.28119003047481,-10.7617517544143,-2.75202112761914E-17));
#4166=CARTESIAN_POINT('Ctrl Pts',(2.13327010476863,-10.7638333111743,0.0159316857668282));
#4167=CARTESIAN_POINT('Ctrl Pts',(1.86788406186262,-10.7090458003817,0.0750165178257486));
#4168=CARTESIAN_POINT('Ctrl Pts',(1.74869676453927,-10.6577791152681,0.115512166855554));
#4169=CARTESIAN_POINT('Ctrl Pts',(1.64936953269204,-10.59285924981,0.161370297145438));
#4170=CARTESIAN_POINT('Origin',(9.0224345368973,4.31227028691416,0.));
#4171=CARTESIAN_POINT('',(9.96025490359951,3.96514932845941,0.161370297145377));
#4172=CARTESIAN_POINT('Ctrl Pts',(9.96025490359951,3.96514932845941,0.161370297145377));
#4173=CARTESIAN_POINT('Ctrl Pts',(9.92516814466504,3.87035506055696,0.200433685252078));
#4174=CARTESIAN_POINT('Ctrl Pts',(9.87636083267079,3.78261403828374,0.243672741927026));
#4175=CARTESIAN_POINT('Ctrl Pts',(9.75079751479871,3.61863302029673,0.338131029519859));
#4176=CARTESIAN_POINT('Ctrl Pts',(9.67200258353866,3.54445277387852,0.389588150056414));
#4177=CARTESIAN_POINT('Ctrl Pts',(9.50858268692679,3.43374786951383,0.483718289694243));
#4178=CARTESIAN_POINT('Ctrl Pts',(9.42708985558011,3.39329406896552,0.526358252585683));
#4179=CARTESIAN_POINT('Ctrl Pts',(9.34092114100958,3.36434292524501,0.567402593271891));
#4180=CARTESIAN_POINT('',(9.92467799058703,4.74349731560557,20.));
#4181=CARTESIAN_POINT('Origin',(9.0224345368973,4.31227028691416,20.));
#4182=CARTESIAN_POINT('',(9.92467799058703,4.74349731560557,0.));
#4183=CARTESIAN_POINT('',(9.92467799058703,4.74349731560557,0.));
#4184=CARTESIAN_POINT('Ctrl Pts',(9.92467799058703,4.74349731560557,-7.70371977754894E-33));
#4185=CARTESIAN_POINT('Ctrl Pts',(9.9843196332371,4.61871088509907,-2.30327137995648E-17));
#4186=CARTESIAN_POINT('Ctrl Pts',(10.0192642810421,4.47496281071457,0.0159316857668296));
#4187=CARTESIAN_POINT('Ctrl Pts',(10.0249043576579,4.20403918191131,0.0750165178257508));
#4188=CARTESIAN_POINT('Ctrl Pts',(10.0014447040917,4.07643224832093,0.115512166855557));
#4189=CARTESIAN_POINT('Ctrl Pts',(9.96025490359945,3.96514932845925,0.161370297145442));
#4190=CARTESIAN_POINT('Origin',(2.25392725047256,9.74267991620258,0.));
#4191=CARTESIAN_POINT('',(3.24740848058617,9.62868410306912,0.484075895936769));
#4192=CARTESIAN_POINT('Ctrl Pts',(3.24740848058617,9.62868410306912,0.484075895936769));
#4193=CARTESIAN_POINT('Ctrl Pts',(3.23852966148295,9.55130459339983,0.528046432542896));
#4194=CARTESIAN_POINT('Ctrl Pts',(3.22058667578013,9.47475045937501,0.571489903006126));
#4195=CARTESIAN_POINT('Ctrl Pts',(3.19361987125845,9.40065977287686,0.613609802183956));
#4196=CARTESIAN_POINT('',(2.47931997551982,10.7169479078228,20.));
#4197=CARTESIAN_POINT('Origin',(2.25392725047256,9.74267991620258,20.));
#4198=CARTESIAN_POINT('',(2.47931997551982,10.7169479078228,0.));
#4199=CARTESIAN_POINT('',(2.47931997551982,10.7169479078228,0.));
#4200=CARTESIAN_POINT('Ctrl Pts',(2.47931997551982,10.7169479078228,-1.28510581295309E-15));
#4201=CARTESIAN_POINT('Ctrl Pts',(2.61406789143303,10.6857745548816,-1.26207309915353E-15));
#4202=CARTESIAN_POINT('Ctrl Pts',(2.74824229306696,10.6234699222638,0.0159316857668279));
#4203=CARTESIAN_POINT('Ctrl Pts',(2.97377649378353,10.4511680754831,0.0778155629697786));
#4204=CARTESIAN_POINT('Ctrl Pts',(3.06520675693388,10.3412720738687,0.123792689722788));
#4205=CARTESIAN_POINT('Ctrl Pts',(3.19552174434447,10.1071849592422,0.231037078551224));
#4206=CARTESIAN_POINT('Ctrl Pts',(3.2386934023821,9.96669870543491,0.300476880501009));
#4207=CARTESIAN_POINT('Ctrl Pts',(3.25599553537554,9.75963459429046,0.410839106765944));
#4208=CARTESIAN_POINT('Ctrl Pts',(3.25481405699954,9.69322420294318,0.447401292592759));
#4209=CARTESIAN_POINT('Ctrl Pts',(3.24740848058617,9.62868410306912,0.484075895936769));
#4210=CARTESIAN_POINT('Origin',(8.99686459291442,-4.36536682270376,0.));
#4211=CARTESIAN_POINT('',(9.35272718492165,-5.29990511277533,0.144337567297551));
#4212=CARTESIAN_POINT('Ctrl Pts',(9.35272718492165,-5.29990511277533,0.14433756729755));
#4213=CARTESIAN_POINT('Ctrl Pts',(9.22865737252002,-5.34714962431666,0.193210921682478));
#4214=CARTESIAN_POINT('Ctrl Pts',(9.09835416672583,-5.36851136502784,0.249855382839836));
#4215=CARTESIAN_POINT('Ctrl Pts',(8.86963555479691,-5.36226503572343,0.355168276230217));
#4216=CARTESIAN_POINT('Ctrl Pts',(8.77090932162852,-5.34457638765522,0.402650024407171));
#4217=CARTESIAN_POINT('Ctrl Pts',(8.61187437521225,-5.29081434381765,0.481957854242639));
#4218=CARTESIAN_POINT('Ctrl Pts',(8.54931649921523,-5.26227142868938,0.513986184177744));
#4219=CARTESIAN_POINT('Ctrl Pts',(8.47795638609894,-5.22031069851366,0.551558148842065));
#4220=CARTESIAN_POINT('Ctrl Pts',(8.46606413678617,-5.2129789928123,0.557857229079622));
#4221=CARTESIAN_POINT('Ctrl Pts',(8.45431832905565,-5.20539274585905,0.564117367135646));
#4222=CARTESIAN_POINT('',(9.89655105220587,-4.80190350497414,20.));
#4223=CARTESIAN_POINT('Origin',(8.99686459291442,-4.36536682270376,20.));
#4224=CARTESIAN_POINT('',(9.89655105220587,-4.80190350497414,0.));
#4225=CARTESIAN_POINT('',(9.89655105220587,-4.80190350497414,0.));
#4226=CARTESIAN_POINT('Ctrl Pts',(9.89655105220587,-4.80190350497414,1.39907291873935E-16));
#4227=CARTESIAN_POINT('Ctrl Pts',(9.83617504820949,-4.92633628569523,2.22441182989042E-16));
#4228=CARTESIAN_POINT('Ctrl Pts',(9.74557590964751,-5.04328256990851,0.0159316857668291));
#4229=CARTESIAN_POINT('Ctrl Pts',(9.54974026082349,-5.20623854381427,0.0714809479190885));
#4230=CARTESIAN_POINT('Ctrl Pts',(9.45144171328072,-5.26231563323867,0.105452120192916));
#4231=CARTESIAN_POINT('Ctrl Pts',(9.35272718492382,-5.29990511277451,0.144337567296697));
#4232=CARTESIAN_POINT('Origin',(6.25790867426019,-7.79990891130269,0.));
#4233=CARTESIAN_POINT('',(6.88369954168621,-8.57989980243295,0.));
#4234=CARTESIAN_POINT('',(7.24820301458715,-7.93889495202756,0.144337567297432));
#4235=CARTESIAN_POINT('Ctrl Pts',(7.24820301458716,-7.93889495202756,0.144337567297431));
#4236=CARTESIAN_POINT('Ctrl Pts',(7.23352203082844,-8.04349894715442,0.105452120193347));
#4237=CARTESIAN_POINT('Ctrl Pts',(7.20072439572036,-8.15181127119381,0.0714809479192444));
#4238=CARTESIAN_POINT('Ctrl Pts',(7.0854315997808,-8.37899802694048,0.0159316857668299));
#4239=CARTESIAN_POINT('Ctrl Pts',(6.99157760800378,-8.49334865233005,5.29670949799294E-16));
#4240=CARTESIAN_POINT('Ctrl Pts',(6.88369954168621,-8.57989980243295,4.0112416251328E-16));
#4241=CARTESIAN_POINT('',(6.88369954168621,-8.57989980243295,20.));
#4242=CARTESIAN_POINT('',(6.88369954168621,-8.57989980243295,0.));
#4243=CARTESIAN_POINT('Origin',(6.25790867426019,-7.79990891130269,20.));
#4244=CARTESIAN_POINT('Ctrl Pts',(6.95614549235221,-7.08404206204877,0.564117367135647));
#4245=CARTESIAN_POINT('Ctrl Pts',(6.96253848504819,-7.09027761113556,0.560119156511306));
#4246=CARTESIAN_POINT('Ctrl Pts',(6.9688437680132,-7.09659472081426,0.556104923629321));
#4247=CARTESIAN_POINT('Ctrl Pts',(7.0243068302846,-7.15366805252559,0.520154992867503));
#4248=CARTESIAN_POINT('Ctrl Pts',(7.06785035271951,-7.20922142940076,0.487360195584301));
#4249=CARTESIAN_POINT('Ctrl Pts',(7.15786541333693,-7.35276251602712,0.407387972522538));
#4250=CARTESIAN_POINT('Ctrl Pts',(7.19789705556274,-7.4444405816026,0.359996283263841));
#4251=CARTESIAN_POINT('Ctrl Pts',(7.25801682742867,-7.66846092304023,0.252941644539839));
#4252=CARTESIAN_POINT('Ctrl Pts',(7.2671607321864,-7.80381864978793,0.194550777599624));
#4253=CARTESIAN_POINT('Ctrl Pts',(7.24820301458716,-7.93889495202756,0.144337567297432));
#4254=CARTESIAN_POINT('Origin',(0.,0.,0.));
#4255=CARTESIAN_POINT('Origin',(0.,0.,20.));
#4256=CARTESIAN_POINT('Origin',(0.,0.,0.));
#4257=CARTESIAN_POINT('Origin',(-2.19647210787484,-9.75579367757067,0.));
#4258=CARTESIAN_POINT('',(-2.41611931866232,-10.7313730453277,0.));
#4259=CARTESIAN_POINT('',(-1.67649954925058,-10.6099766429111,0.149179662645744));
#4260=CARTESIAN_POINT('Ctrl Pts',(-1.67649954925058,-10.6099766429111,0.149179662645745));
#4261=CARTESIAN_POINT('Ctrl Pts',(-1.76999333650807,-10.6668897467171,0.108298814437482));
#4262=CARTESIAN_POINT('Ctrl Pts',(-1.87919951897319,-10.7113818151991,0.072497275006018));
#4263=CARTESIAN_POINT('Ctrl Pts',(-2.13327010476863,-10.7638333111743,0.0159316857668267));
#4264=CARTESIAN_POINT('Ctrl Pts',(-2.28119003047481,-10.7617517544143,-1.22576211778195E-15));
#4265=CARTESIAN_POINT('Ctrl Pts',(-2.41611931866232,-10.7313730453277,-1.3210640462871E-15));
#4266=CARTESIAN_POINT('',(-2.41611931866232,-10.7313730453277,20.));
#4267=CARTESIAN_POINT('',(-2.41611931866232,-10.7313730453277,0.));
#4268=CARTESIAN_POINT('Origin',(-2.19647210787484,-9.75579367757067,20.));
#4269=CARTESIAN_POINT('Ctrl Pts',(-1.20144133250957,-9.85536152416779,0.565346023480704));
#4270=CARTESIAN_POINT('Ctrl Pts',(-1.20547362342411,-9.89565820318934,0.5471586786568));
#4271=CARTESIAN_POINT('Ctrl Pts',(-1.21194173940816,-9.93558916037655,0.528639928839172));
#4272=CARTESIAN_POINT('Ctrl Pts',(-1.25042597615102,-10.1069316379297,0.447007639082427));
#4273=CARTESIAN_POINT('Ctrl Pts',(-1.30653340993749,-10.231507590778,0.381881353453764));
#4274=CARTESIAN_POINT('Ctrl Pts',(-1.46256550812193,-10.4476165598491,0.258182293385586));
#4275=CARTESIAN_POINT('Ctrl Pts',(-1.5608679503958,-10.5395874397146,0.199740432291774));
#4276=CARTESIAN_POINT('Ctrl Pts',(-1.67649954925058,-10.6099766429111,0.149179662645744));
#4277=CARTESIAN_POINT('Origin',(0.,0.,0.));
#4278=CARTESIAN_POINT('',(-6.88369954168621,-8.57989980243295,0.));
#4279=CARTESIAN_POINT('Origin',(0.,0.,0.));
#4280=CARTESIAN_POINT('',(-6.88369954168621,-8.57989980243295,20.));
#4281=CARTESIAN_POINT('',(-6.88369954168621,-8.57989980243295,0.));
#4282=CARTESIAN_POINT('Origin',(0.,0.,20.));
#4283=CARTESIAN_POINT('Origin',(9.99995658660391,0.0294663543221041,0.));
#4284=CARTESIAN_POINT('',(10.9999522452643,0.0324129897543145,0.));
#4285=CARTESIAN_POINT('',(10.7170186222478,0.726475706510614,0.149179662645743));
#4286=CARTESIAN_POINT('Ctrl Pts',(10.7170186222478,0.726475706510613,0.149179662645744));
#4287=CARTESIAN_POINT('Ctrl Pts',(10.7933091205768,0.647990360710967,0.108298814437483));
#4288=CARTESIAN_POINT('Ctrl Pts',(10.8609863417266,0.551422621875169,0.0724972750060202));
#4289=CARTESIAN_POINT('Ctrl Pts',(10.9686587932305,0.315393671990607,0.0159316857668297));
#4290=CARTESIAN_POINT('Ctrl Pts',(10.9995447054633,0.170719217697471,1.3054288661305E-15));
#4291=CARTESIAN_POINT('Ctrl Pts',(10.9999522452643,0.0324129897543148,1.28198431467775E-15));
#4292=CARTESIAN_POINT('',(10.9999522452643,0.0324129897543145,20.));
#4293=CARTESIAN_POINT('',(10.9999522452643,0.0324129897543145,0.));
#4294=CARTESIAN_POINT('',(9.87561288195642,1.02170556092228,20.));
#4295=CARTESIAN_POINT('Origin',(9.99995658660391,0.0294663543221041,20.));
#4296=CARTESIAN_POINT('',(9.87561288195642,1.02170556092227,0.565346023481299));
#4297=CARTESIAN_POINT('',(9.87561288195642,1.02170556092228,0.));
#4298=CARTESIAN_POINT('Ctrl Pts',(9.87561288195722,1.02170556092238,0.565346023480936));
#4299=CARTESIAN_POINT('Ctrl Pts',(9.92164838803627,1.02747455829023,0.54451008355778));
#4300=CARTESIAN_POINT('Ctrl Pts',(9.96792505344498,1.03001968946808,0.523239851141723));
#4301=CARTESIAN_POINT('Ctrl Pts',(10.1445287023715,1.02752081394788,0.440832430047099));
#4302=CARTESIAN_POINT('Ctrl Pts',(10.2733581981075,1.00018120884834,0.378064272903905));
#4303=CARTESIAN_POINT('Ctrl Pts',(10.513037265665,0.897622273919144,0.257180997889342));
#4304=CARTESIAN_POINT('Ctrl Pts',(10.6234748281675,0.822710718558112,0.199305821608933));
#4305=CARTESIAN_POINT('Ctrl Pts',(10.7170186222478,0.726475706510614,0.149179662645743));
#4306=CARTESIAN_POINT('Origin',(0.,0.,0.));
#4307=CARTESIAN_POINT('Origin',(0.,0.,20.));
#4308=CARTESIAN_POINT('Origin',(0.,0.,0.));
#4309=CARTESIAN_POINT('Origin',(6.21183322729503,7.83665285413826,0.));
#4310=CARTESIAN_POINT('',(6.83301655002453,8.62031813955209,0.));
#4311=CARTESIAN_POINT('',(5.86260850233936,8.77369185625058,0.25856693037077));
#4312=CARTESIAN_POINT('Ctrl Pts',(5.86260850233937,8.77369185625058,0.25856693037077));
#4313=CARTESIAN_POINT('Ctrl Pts',(5.92284161068729,8.79614011149781,0.228470006457523));
#4314=CARTESIAN_POINT('Ctrl Pts',(5.9850643774053,8.8126465855573,0.200469110158406));
#4315=CARTESIAN_POINT('Ctrl Pts',(6.17400692258127,8.8441528191483,0.123792689722789));
#4316=CARTESIAN_POINT('Ctrl Pts',(6.31693291309626,8.84118879723864,0.0778155629697806));
#4317=CARTESIAN_POINT('Ctrl Pts',(6.5922621955139,8.77228750305433,0.01593168576683));
#4318=CARTESIAN_POINT('Ctrl Pts',(6.72463028988738,8.7062320347614,1.80541361682245E-15));
#4319=CARTESIAN_POINT('Ctrl Pts',(6.83301655002453,8.62031813955209,1.80098096898501E-15));
#4320=CARTESIAN_POINT('',(6.83301655002453,8.62031813955209,20.));
#4321=CARTESIAN_POINT('',(6.83301655002453,8.62031813955209,0.));
#4322=CARTESIAN_POINT('Origin',(6.21183322729503,7.83665285413826,20.));
#4323=CARTESIAN_POINT('Ctrl Pts',(5.35824799238123,8.35789297654396,0.58897416102831));
#4324=CARTESIAN_POINT('Ctrl Pts',(5.38890052830346,8.40803417644673,0.560919396643723));
#4325=CARTESIAN_POINT('Ctrl Pts',(5.42376626848262,8.45515319797201,0.532071583930932));
#4326=CARTESIAN_POINT('Ctrl Pts',(5.46234542111806,8.49878710429493,0.502847160349716));
#4327=CARTESIAN_POINT('Ctrl Pts',(5.48887468476218,8.52879230984215,0.48275075114757));
#4328=CARTESIAN_POINT('Ctrl Pts',(5.51715937923325,8.55715000688771,0.462477132430009));
#4329=CARTESIAN_POINT('Ctrl Pts',(5.54703029349471,8.58371804725929,0.442171144101729));
#4330=CARTESIAN_POINT('Ctrl Pts',(5.59296415668355,8.62457293107507,0.410945702469085));
#4331=CARTESIAN_POINT('Ctrl Pts',(5.64263261967355,8.66118798476022,0.379650041363356));
#4332=CARTESIAN_POINT('Ctrl Pts',(5.69543397829283,8.6930228023086,0.348855139825329));
#4333=CARTESIAN_POINT('Ctrl Pts',(5.74823533691211,8.72485761985698,0.318060238287301));
#4334=CARTESIAN_POINT('Ctrl Pts',(5.8041695106893,8.75191224970306,0.287767380646382));
#4335=CARTESIAN_POINT('Ctrl Pts',(5.86260850233937,8.77369185625058,0.258566930370771));
#4336=CARTESIAN_POINT('Origin',(0.,0.,0.));
#4337=CARTESIAN_POINT('Origin',(0.,0.,20.));
#4338=CARTESIAN_POINT('Origin',(0.,0.,0.));
#4339=CARTESIAN_POINT('Origin',(-6.21183322729503,7.83665285413826,0.));
#4340=CARTESIAN_POINT('',(-5.86260850233937,8.77369185625058,0.258566930370766));
#4341=CARTESIAN_POINT('Ctrl Pts',(-5.86260850233937,8.77369185625058,0.258566930370769));
#4342=CARTESIAN_POINT('Ctrl Pts',(-5.80501093679894,8.75222584049389,0.287346941816392));
#4343=CARTESIAN_POINT('Ctrl Pts',(-5.74983674052286,8.72561888103596,0.31718826867827));
#4344=CARTESIAN_POINT('Ctrl Pts',(-5.69769306533525,8.69436008702053,0.347521332169293));
#4345=CARTESIAN_POINT('Ctrl Pts',(-5.65716453461839,8.67006427379164,0.371097623848181));
#4346=CARTESIAN_POINT('Ctrl Pts',(-5.61846630796905,8.64295904554891,0.394970811814928));
#4347=CARTESIAN_POINT('Ctrl Pts',(-5.58187289939303,8.6132918030346,0.41888085296734));
#4348=CARTESIAN_POINT('Ctrl Pts',(-5.53633024819493,8.57636917323824,0.448638306746875));
#4349=CARTESIAN_POINT('Ctrl Pts',(-5.49404262423753,8.53546849827889,0.478457441973477));
#4350=CARTESIAN_POINT('Ctrl Pts',(-5.45554555593392,8.49103061696914,0.50788173261376));
#4351=CARTESIAN_POINT('Ctrl Pts',(-5.43216901738827,8.46404664413434,0.525749016919832));
#4352=CARTESIAN_POINT('Ctrl Pts',(-5.41018968858753,8.43575909502993,0.543471233492543));
#4353=CARTESIAN_POINT('Ctrl Pts',(-5.38972283538431,8.40627232640946,0.560952142400892));
#4354=CARTESIAN_POINT('Ctrl Pts',(-5.37870739117847,8.39040228271861,0.570360524570604));
#4355=CARTESIAN_POINT('Ctrl Pts',(-5.36813779398584,8.37419444925181,0.579693116922659));
#4356=CARTESIAN_POINT('Ctrl Pts',(-5.35803196156532,8.35766740328322,0.588935056362617));
#4357=CARTESIAN_POINT('',(-6.83301655002453,8.62031813955209,20.));
#4358=CARTESIAN_POINT('Origin',(-6.21183322729503,7.83665285413826,20.));
#4359=CARTESIAN_POINT('',(-6.83301655002453,8.62031813955209,0.));
#4360=CARTESIAN_POINT('',(-6.83301655002453,8.62031813955209,0.));
#4361=CARTESIAN_POINT('Ctrl Pts',(-6.83301655002453,8.62031813955209,-3.98170783670865E-16));
#4362=CARTESIAN_POINT('Ctrl Pts',(-6.72463028988738,8.7062320347614,-2.96442964389453E-16));
#4363=CARTESIAN_POINT('Ctrl Pts',(-6.59226219551389,8.77228750305433,0.0159316857668297));
#4364=CARTESIAN_POINT('Ctrl Pts',(-6.31693291309625,8.84118879723864,0.0778155629697804));
#4365=CARTESIAN_POINT('Ctrl Pts',(-6.17400692258127,8.8441528191483,0.123792689722788));
#4366=CARTESIAN_POINT('Ctrl Pts',(-5.98506437740531,8.8126465855573,0.200469110158403));
#4367=CARTESIAN_POINT('Ctrl Pts',(-5.92284161068729,8.79614011149781,0.22847000645752));
#4368=CARTESIAN_POINT('Ctrl Pts',(-5.86260850233937,8.77369185625058,0.258566930370765));
#4369=CARTESIAN_POINT('Origin',(-9.0224345368973,4.31227028691416,0.));
#4370=CARTESIAN_POINT('',(-9.92467799058703,4.74349731560557,0.));
#4371=CARTESIAN_POINT('',(-9.97496269062634,4.0078197714711,0.144337567297885));
#4372=CARTESIAN_POINT('Ctrl Pts',(-9.97496269062634,4.0078197714711,0.144337567297884));
#4373=CARTESIAN_POINT('Ctrl Pts',(-10.0071215538421,4.10843455466608,0.105452120193613));
#4374=CARTESIAN_POINT('Ctrl Pts',(-10.0245668618157,4.22025094719106,0.0714809479193402));
#4375=CARTESIAN_POINT('Ctrl Pts',(-10.0192642810421,4.47496281071457,0.0159316857668304));
#4376=CARTESIAN_POINT('Ctrl Pts',(-9.9843196332371,4.61871088509907,7.78589482472954E-16));
#4377=CARTESIAN_POINT('Ctrl Pts',(-9.92467799058703,4.74349731560557,7.16532412748671E-16));
#4378=CARTESIAN_POINT('',(-9.92467799058703,4.74349731560557,20.));
#4379=CARTESIAN_POINT('',(-9.92467799058703,4.74349731560557,0.));
#4380=CARTESIAN_POINT('Origin',(-9.0224345368973,4.31227028691416,20.));
#4381=CARTESIAN_POINT('Ctrl Pts',(-9.34092118715672,3.36434294074962,0.564117367135718));
#4382=CARTESIAN_POINT('Ctrl Pts',(-9.41114657470527,3.3879374161427,0.530949862049219));
#4383=CARTESIAN_POINT('Ctrl Pts',(-9.47824495639755,3.41916459817468,0.496729152932003));
#4384=CARTESIAN_POINT('Ctrl Pts',(-9.64343188337806,3.51936842277373,0.405693969299316));
#4385=CARTESIAN_POINT('Ctrl Pts',(-9.73407928074272,3.59949544119455,0.34838824011037));
#4386=CARTESIAN_POINT('Ctrl Pts',(-9.88121099517101,3.78658457082909,0.239924532300218));
#4387=CARTESIAN_POINT('Ctrl Pts',(-9.93812442169608,3.89256462651047,0.188881198964564));
#4388=CARTESIAN_POINT('Ctrl Pts',(-9.97496269062638,4.00781977147123,0.144337567297835));
#4389=CARTESIAN_POINT('Origin',(0.,0.,0.));
#4390=CARTESIAN_POINT('Origin',(0.,0.,20.));
#4391=CARTESIAN_POINT('Origin',(0.,0.,0.));
#4392=CARTESIAN_POINT('Origin',(-8.99686459291443,-4.36536682270376,0.));
#4393=CARTESIAN_POINT('',(-9.89655105220587,-4.80190350497413,0.));
#4394=CARTESIAN_POINT('',(-9.34049413945685,-5.30447210686685,0.149179662645744));
#4395=CARTESIAN_POINT('Ctrl Pts',(-9.34049413945685,-5.30447210686685,0.149179662645744));
#4396=CARTESIAN_POINT('Ctrl Pts',(-9.44328301866955,-5.26686046038896,0.108298814437483));
#4397=CARTESIAN_POINT('Ctrl Pts',(-9.54615725959584,-5.20921997981972,0.07249727500602));
#4398=CARTESIAN_POINT('Ctrl Pts',(-9.74557590964751,-5.04328256990851,0.0159316857668296));
#4399=CARTESIAN_POINT('Ctrl Pts',(-9.83617504820949,-4.92633628569523,9.75182524238732E-17));
#4400=CARTESIAN_POINT('Ctrl Pts',(-9.89655105220587,-4.80190350497413,-3.85185988877447E-32));
#4401=CARTESIAN_POINT('',(-9.89655105220587,-4.80190350497413,20.));
#4402=CARTESIAN_POINT('',(-9.89655105220587,-4.80190350497413,0.));
#4403=CARTESIAN_POINT('',(-8.45431832904867,-5.20539274585453,20.));
#4404=CARTESIAN_POINT('Origin',(-8.99686459291443,-4.36536682270376,20.));
#4405=CARTESIAN_POINT('',(-8.45431832904866,-5.20539274585453,0.5653460234813));
#4406=CARTESIAN_POINT('',(-8.45431832904867,-5.20539274585453,0.));
#4407=CARTESIAN_POINT('Ctrl Pts',(-8.45431832904866,-5.20539274585453,0.565346023481298));
#4408=CARTESIAN_POINT('Ctrl Pts',(-8.49816189926881,-5.23370992579137,0.541906445859467));
#4409=CARTESIAN_POINT('Ctrl Pts',(-8.54406177934991,-5.25849077226647,0.51791080658231));
#4410=CARTESIAN_POINT('Ctrl Pts',(-8.71571355540444,-5.33459048342806,0.430011439059483));
#4411=CARTESIAN_POINT('Ctrl Pts',(-8.84991841417019,-5.36383904398881,0.364558563820828));
#4412=CARTESIAN_POINT('Ctrl Pts',(-9.10515989474991,-5.36659392403325,0.247272968308149));
#4413=CARTESIAN_POINT('Ctrl Pts',(-9.22533556703966,-5.34660996796456,0.194980143737916));
#4414=CARTESIAN_POINT('Ctrl Pts',(-9.34049413945685,-5.30447210686685,0.149179662645744));
#4415=CARTESIAN_POINT('Origin',(0.,0.,0.));
#4416=CARTESIAN_POINT('',(-10.9999522452643,0.0324129897543188,0.));
#4417=CARTESIAN_POINT('Origin',(0.,0.,0.));
#4418=CARTESIAN_POINT('',(-10.9999522452643,0.0324129897543188,20.));
#4419=CARTESIAN_POINT('',(-10.9999522452643,0.0324129897543188,0.));
#4420=CARTESIAN_POINT('Origin',(0.,0.,20.));
#4421=CARTESIAN_POINT('Origin',(-6.25790867426019,-7.79990891130269,0.));
#4422=CARTESIAN_POINT('',(-7.25346576772413,-7.89406874166387,0.161370297145375));
#4423=CARTESIAN_POINT('Ctrl Pts',(-7.25346576772413,-7.89406874166387,0.161370297145375));
#4424=CARTESIAN_POINT('Ctrl Pts',(-7.26359269639022,-7.78699616485638,0.202934511429395));
#4425=CARTESIAN_POINT('Ctrl Pts',(-7.2562606208861,-7.68039193031373,0.249217207261064));
#4426=CARTESIAN_POINT('Ctrl Pts',(-7.20746578591977,-7.46582041188074,0.350465932267881));
#4427=CARTESIAN_POINT('Ctrl Pts',(-7.16277547457069,-7.359059497423,0.405678145014552));
#4428=CARTESIAN_POINT('Ctrl Pts',(-7.05998972536053,-7.19779633448328,0.496579082586875));
#4429=CARTESIAN_POINT('Ctrl Pts',(-7.01136704915208,-7.13790364838925,0.532572438467067));
#4430=CARTESIAN_POINT('Ctrl Pts',(-6.95614549234619,-7.08404206204289,0.567402571294569));
#4431=CARTESIAN_POINT('Origin',(-6.25790867426019,-7.79990891130269,20.));
#4432=CARTESIAN_POINT('Ctrl Pts',(-6.88369954168621,-8.57989980243295,-1.80217724460161E-15));
#4433=CARTESIAN_POINT('Ctrl Pts',(-6.99157760800378,-8.49334865233005,-1.86167842191715E-15));
#4434=CARTESIAN_POINT('Ctrl Pts',(-7.08543159978081,-8.37899802694048,0.0159316857668266));
#4435=CARTESIAN_POINT('Ctrl Pts',(-7.20806249030463,-8.13735140934054,0.0750165178257475));
#4436=CARTESIAN_POINT('Ctrl Pts',(-7.24229264627328,-8.01220277263944,0.115512166855554));
#4437=CARTESIAN_POINT('Ctrl Pts',(-7.25346576772414,-7.8940687416637,0.161370297145439));
#4438=CARTESIAN_POINT('Origin',(-9.99995658660391,0.029466354322108,0.));
#4439=CARTESIAN_POINT('',(-10.7260586474843,0.717053292232641,0.14433757983328));
#4440=CARTESIAN_POINT('Ctrl Pts',(-10.7260586474843,0.71705329223264,0.14433757983328));
#4441=CARTESIAN_POINT('Ctrl Pts',(-10.6971893684056,0.747539681486815,0.15979409046211));
#4442=CARTESIAN_POINT('Ctrl Pts',(-10.666562977794,0.776034871053808,0.17607092480151));
#4443=CARTESIAN_POINT('Ctrl Pts',(-10.5283439232731,0.889491184084005,0.248846997039027));
#4444=CARTESIAN_POINT('Ctrl Pts',(-10.4067608782646,0.952784153232996,0.311148748337599));
#4445=CARTESIAN_POINT('Ctrl Pts',(-10.1854382743293,1.01681312396582,0.419918341879958));
#4446=CARTESIAN_POINT('Ctrl Pts',(-10.0894667454357,1.03012178500178,0.465788091892043));
#4447=CARTESIAN_POINT('Ctrl Pts',(-9.95379002875655,1.02916592018191,0.528611316667757));
#4448=CARTESIAN_POINT('Ctrl Pts',(-9.91462212353662,1.02659405311346,0.546516063485849));
#4449=CARTESIAN_POINT('Ctrl Pts',(-9.87561288196467,1.02170556092331,0.564117367135649));
#4450=CARTESIAN_POINT('Origin',(-9.99995658660391,0.029466354322108,20.));
#4451=CARTESIAN_POINT('Ctrl Pts',(-10.9999522452643,0.0324129897543184,
-5.77778983316171E-33));
#4452=CARTESIAN_POINT('Ctrl Pts',(-10.9995447054633,0.170719217697475,-3.07102850660865E-17));
#4453=CARTESIAN_POINT('Ctrl Pts',(-10.9686587932305,0.315393671990612,0.0159316857668285));
#4454=CARTESIAN_POINT('Ctrl Pts',(-10.8629209126517,0.54718184591478,0.0714809505629861));
#4455=CARTESIAN_POINT('Ctrl Pts',(-10.7986879099205,0.640355707930639,0.105452127551387));
#4456=CARTESIAN_POINT('Ctrl Pts',(-10.7260586474859,0.717053292230953,0.144337579832425));
#4457=CARTESIAN_POINT('Origin',(-2.25392725047256,9.74267991620258,0.));
#4458=CARTESIAN_POINT('',(-2.47931997551982,10.7169479078228,0.));
#4459=CARTESIAN_POINT('',(-3.24740848058617,9.62868410306912,0.48407589593677));
#4460=CARTESIAN_POINT('Ctrl Pts',(-3.24740848058622,9.62868410306953,0.484075895936535));
#4461=CARTESIAN_POINT('Ctrl Pts',(-3.25481405699955,9.69322420294346,0.447401292592603));
#4462=CARTESIAN_POINT('Ctrl Pts',(-3.25599553537553,9.75963459429059,0.41083910676587));
#4463=CARTESIAN_POINT('Ctrl Pts',(-3.2386934023821,9.96669870543491,0.30047688050101));
#4464=CARTESIAN_POINT('Ctrl Pts',(-3.19552174434447,10.1071849592422,0.231037078551224));
#4465=CARTESIAN_POINT('Ctrl Pts',(-3.06520675693388,10.3412720738687,0.123792689722789));
#4466=CARTESIAN_POINT('Ctrl Pts',(-2.97377649378353,10.4511680754831,0.0778155629697802));
#4467=CARTESIAN_POINT('Ctrl Pts',(-2.74824229306696,10.6234699222638,0.0159316857668296));
#4468=CARTESIAN_POINT('Ctrl Pts',(-2.61406789143304,10.6857745548816,1.41053455367717E-15));
#4469=CARTESIAN_POINT('Ctrl Pts',(-2.47931997551982,10.7169479078228,1.35734277962779E-15));
#4470=CARTESIAN_POINT('',(-2.47931997551982,10.7169479078228,20.));
#4471=CARTESIAN_POINT('',(-2.47931997551982,10.7169479078228,0.));
#4472=CARTESIAN_POINT('Origin',(-2.25392725047256,9.74267991620258,20.));
#4473=CARTESIAN_POINT('Ctrl Pts',(-3.19361987125846,9.40065977287687,0.613609802183951));
#4474=CARTESIAN_POINT('Ctrl Pts',(-3.22058199308173,9.47473759376688,0.571497216990418));
#4475=CARTESIAN_POINT('Ctrl Pts',(-3.23852823030292,9.55129212056891,0.528053520169461));
#4476=CARTESIAN_POINT('Ctrl Pts',(-3.24740848058617,9.62868410306912,0.48407589593677));
#4477=CARTESIAN_POINT('Origin',(0.,0.,0.));
#4478=CARTESIAN_POINT('Origin',(0.,0.,20.));
#4479=CARTESIAN_POINT('Origin',(0.,0.,0.));
#4480=CARTESIAN_POINT('Origin',(14.7693731413957,-1.50852010222533,20.));
#4481=CARTESIAN_POINT('',(13.9000646461834,-0.286103340170852,20.));
#4482=CARTESIAN_POINT('',(13.6708818519438,-2.5299489480087,20.));
#4483=CARTESIAN_POINT('Origin',(14.7693731413957,-1.50852010222533,20.));
#4484=CARTESIAN_POINT('',(13.6708818519438,-2.5299489480087,0.));
#4485=CARTESIAN_POINT('',(13.6708818519438,-2.5299489480087,20.));
#4486=CARTESIAN_POINT('',(13.9000646461834,-0.286103340170852,0.));
#4487=CARTESIAN_POINT('Origin',(14.7693731413957,-1.50852010222533,0.));
#4488=CARTESIAN_POINT('',(13.9000646461834,-0.286103340170852,20.));
#4489=CARTESIAN_POINT('Origin',(12.50616547826,-1.27735969868861,20.));
#4490=CARTESIAN_POINT('',(13.8034145706717,-2.67248069428839,20.));
#4491=CARTESIAN_POINT('',(12.4415094429609,-1.20782564168629,20.));
#4492=CARTESIAN_POINT('',(13.8034145706717,-2.67248069428839,0.));
#4493=CARTESIAN_POINT('',(13.8034145706717,-2.67248069428839,20.));
#4494=CARTESIAN_POINT('',(12.4415094429609,-1.20782564168629,0.));
#4495=CARTESIAN_POINT('Origin',(-1.50852010222533,-14.7693731413957,20.));
#4496=CARTESIAN_POINT('',(-0.28610334017085,-13.9000646461834,20.));
#4497=CARTESIAN_POINT('',(-2.5299489480087,-13.6708818519438,20.));
#4498=CARTESIAN_POINT('Origin',(-1.50852010222533,-14.7693731413957,20.));
#4499=CARTESIAN_POINT('',(-2.5299489480087,-13.6708818519438,0.));
#4500=CARTESIAN_POINT('',(-2.5299489480087,-13.6708818519438,20.));
#4501=CARTESIAN_POINT('',(-0.28610334017085,-13.9000646461834,0.));
#4502=CARTESIAN_POINT('Origin',(-1.50852010222533,-14.7693731413957,0.));
#4503=CARTESIAN_POINT('',(-0.28610334017085,-13.9000646461834,20.));
#4504=CARTESIAN_POINT('Origin',(-1.27735969868861,-12.50616547826,20.));
#4505=CARTESIAN_POINT('',(-2.67248069428839,-13.8034145706717,20.));
#4506=CARTESIAN_POINT('',(-1.20782564168629,-12.4415094429609,20.));
#4507=CARTESIAN_POINT('',(-2.67248069428839,-13.8034145706717,0.));
#4508=CARTESIAN_POINT('',(-2.67248069428839,-13.8034145706717,20.));
#4509=CARTESIAN_POINT('',(-1.20782564168629,-12.4415094429609,0.));
#4510=CARTESIAN_POINT('Origin',(13.0678359028461,-7.0456852544579,20.));
#4511=CARTESIAN_POINT('',(12.7324982189649,-5.58364946906508,20.));
#4512=CARTESIAN_POINT('',(11.6620783872585,-7.56898804192319,20.));
#4513=CARTESIAN_POINT('Origin',(13.0678359028461,-7.0456852544579,20.));
#4514=CARTESIAN_POINT('',(11.6620783872585,-7.56898804192319,0.));
#4515=CARTESIAN_POINT('',(11.6620783872585,-7.56898804192319,20.));
#4516=CARTESIAN_POINT('',(12.7324982189649,-5.58364946906508,0.));
#4517=CARTESIAN_POINT('Origin',(13.0678359028461,-7.0456852544579,0.));
#4518=CARTESIAN_POINT('',(12.7324982189649,-5.58364946906508,20.));
#4519=CARTESIAN_POINT('Origin',(11.0653659217046,-5.96602881221952,20.));
#4520=CARTESIAN_POINT('',(11.729978115592,-7.75138828074754,20.));
#4521=CARTESIAN_POINT('',(11.0322410656384,-5.87704492663123,20.));
#4522=CARTESIAN_POINT('',(11.729978115592,-7.75138828074754,0.));
#4523=CARTESIAN_POINT('',(11.729978115592,-7.75138828074754,20.));
#4524=CARTESIAN_POINT('',(11.0322410656384,-5.87704492663123,0.));
#4525=CARTESIAN_POINT('Origin',(9.37683910831562,-11.5102086959951,20.));
#4526=CARTESIAN_POINT('',(9.62652435829276,-10.0311355822026,20.));
#4527=CARTESIAN_POINT('',(7.87782920511687,-11.4557173195023,20.));
#4528=CARTESIAN_POINT('Origin',(9.37683910831562,-11.5102086959951,20.));
#4529=CARTESIAN_POINT('',(7.87782920511687,-11.4557173195023,0.));
#4530=CARTESIAN_POINT('',(7.87782920511687,-11.4557173195023,20.));
#4531=CARTESIAN_POINT('',(9.62652435829276,-10.0311355822026,0.));
#4532=CARTESIAN_POINT('Origin',(9.37683910831562,-11.5102086959951,0.));
#4533=CARTESIAN_POINT('',(9.62652435829276,-10.0311355822026,20.));
#4534=CARTESIAN_POINT('Origin',(7.93996471136162,-9.74642412127586,20.));
#4535=CARTESIAN_POINT('',(7.87075882492972,-11.6502172679726,20.));
#4536=CARTESIAN_POINT('',(7.94341399358677,-9.6515373970415,20.));
#4537=CARTESIAN_POINT('',(7.87075882492972,-11.6502172679726,0.));
#4538=CARTESIAN_POINT('',(7.87075882492972,-11.6502172679726,20.));
#4539=CARTESIAN_POINT('',(7.94341399358677,-9.6515373970415,0.));
#4540=CARTESIAN_POINT('Origin',(4.25830356080227,-14.2224072038688,20.));
#4541=CARTESIAN_POINT('',(5.05499942873115,-12.9514722354203,20.));
#4542=CARTESIAN_POINT('',(2.89425193919578,-13.5984174815233,20.));
#4543=CARTESIAN_POINT('Origin',(4.25830356080227,-14.2224072038688,20.));
#4544=CARTESIAN_POINT('',(2.89425193919578,-13.5984174815233,0.));
#4545=CARTESIAN_POINT('',(2.89425193919578,-13.5984174815233,20.));
#4546=CARTESIAN_POINT('',(5.05499942873115,-12.9514722354203,0.));
#4547=CARTESIAN_POINT('Origin',(4.25830356080227,-14.2224072038688,0.));
#4548=CARTESIAN_POINT('',(5.05499942873115,-12.9514722354203,20.));
#4549=CARTESIAN_POINT('Origin',(3.60577584967313,-12.0430147094226,20.));
#4550=CARTESIAN_POINT('',(2.81328785177835,-13.7754062856314,20.));
#4551=CARTESIAN_POINT('',(3.64527414823869,-11.9566707901566,20.));
#4552=CARTESIAN_POINT('',(2.81328785177835,-13.7754062856314,0.));
#4553=CARTESIAN_POINT('',(2.81328785177835,-13.7754062856314,20.));
#4554=CARTESIAN_POINT('',(3.64527414823869,-11.9566707901566,0.));
#4555=CARTESIAN_POINT('Origin',(-7.04568525445789,-13.0678359028461,20.));
#4556=CARTESIAN_POINT('',(-5.58364946906508,-12.7324982189649,20.));
#4557=CARTESIAN_POINT('',(-7.56898804192319,-11.6620783872585,20.));
#4558=CARTESIAN_POINT('Origin',(-7.04568525445789,-13.0678359028461,20.));
#4559=CARTESIAN_POINT('',(-7.56898804192319,-11.6620783872585,0.));
#4560=CARTESIAN_POINT('',(-7.56898804192319,-11.6620783872585,20.));
#4561=CARTESIAN_POINT('',(-5.58364946906508,-12.7324982189649,0.));
#4562=CARTESIAN_POINT('Origin',(-7.04568525445789,-13.0678359028461,0.));
#4563=CARTESIAN_POINT('',(-5.58364946906508,-12.7324982189649,20.));
#4564=CARTESIAN_POINT('Origin',(-5.96602881221952,-11.0653659217046,20.));
#4565=CARTESIAN_POINT('',(-7.75138828074754,-11.729978115592,20.));
#4566=CARTESIAN_POINT('',(-5.87704492663123,-11.0322410656384,20.));
#4567=CARTESIAN_POINT('',(-7.75138828074754,-11.729978115592,0.));
#4568=CARTESIAN_POINT('',(-7.75138828074754,-11.729978115592,20.));
#4569=CARTESIAN_POINT('',(-5.87704492663123,-11.0322410656384,0.));
#4570=CARTESIAN_POINT('Origin',(-11.5102086959951,-9.37683910831562,20.));
#4571=CARTESIAN_POINT('',(-10.0311355822026,-9.62652435829276,20.));
#4572=CARTESIAN_POINT('',(-11.4557173195023,-7.87782920511687,20.));
#4573=CARTESIAN_POINT('Origin',(-11.5102086959951,-9.37683910831562,20.));
#4574=CARTESIAN_POINT('',(-11.4557173195023,-7.87782920511687,0.));
#4575=CARTESIAN_POINT('',(-11.4557173195023,-7.87782920511687,20.));
#4576=CARTESIAN_POINT('',(-10.0311355822026,-9.62652435829276,0.));
#4577=CARTESIAN_POINT('Origin',(-11.5102086959951,-9.37683910831562,0.));
#4578=CARTESIAN_POINT('',(-10.0311355822026,-9.62652435829276,20.));
#4579=CARTESIAN_POINT('Origin',(-9.74642412127586,-7.93996471136162,20.));
#4580=CARTESIAN_POINT('',(-11.6502172679726,-7.87075882492972,20.));
#4581=CARTESIAN_POINT('',(-9.6515373970415,-7.94341399358677,20.));
#4582=CARTESIAN_POINT('',(-11.6502172679726,-7.87075882492972,0.));
#4583=CARTESIAN_POINT('',(-11.6502172679726,-7.87075882492972,20.));
#4584=CARTESIAN_POINT('',(-9.6515373970415,-7.94341399358677,0.));
#4585=CARTESIAN_POINT('Origin',(-14.2224072038688,-4.25830356080227,20.));
#4586=CARTESIAN_POINT('',(-12.9514722354203,-5.05499942873115,20.));
#4587=CARTESIAN_POINT('',(-13.5984174815233,-2.89425193919578,20.));
#4588=CARTESIAN_POINT('Origin',(-14.2224072038688,-4.25830356080227,20.));
#4589=CARTESIAN_POINT('',(-13.5984174815233,-2.89425193919578,0.));
#4590=CARTESIAN_POINT('',(-13.5984174815233,-2.89425193919578,20.));
#4591=CARTESIAN_POINT('',(-12.9514722354203,-5.05499942873115,0.));
#4592=CARTESIAN_POINT('Origin',(-14.2224072038688,-4.25830356080227,0.));
#4593=CARTESIAN_POINT('',(-12.9514722354203,-5.05499942873115,20.));
#4594=CARTESIAN_POINT('Origin',(-12.0430147094226,-3.60577584967314,20.));
#4595=CARTESIAN_POINT('',(-13.7754062856314,-2.81328785177836,20.));
#4596=CARTESIAN_POINT('',(-11.9566707901566,-3.64527414823869,20.));
#4597=CARTESIAN_POINT('',(-13.7754062856314,-2.81328785177836,0.));
#4598=CARTESIAN_POINT('',(-13.7754062856314,-2.81328785177836,20.));
#4599=CARTESIAN_POINT('',(-11.9566707901566,-3.64527414823869,0.));
#4600=CARTESIAN_POINT('Origin',(-14.7693731413957,1.50852010222532,20.));
#4601=CARTESIAN_POINT('',(-13.9000646461834,0.286103340170848,20.));
#4602=CARTESIAN_POINT('',(-13.6708818519439,2.5299489480087,20.));
#4603=CARTESIAN_POINT('Origin',(-14.7693731413957,1.50852010222532,20.));
#4604=CARTESIAN_POINT('',(-13.6708818519439,2.5299489480087,0.));
#4605=CARTESIAN_POINT('',(-13.6708818519439,2.5299489480087,20.));
#4606=CARTESIAN_POINT('',(-13.9000646461834,0.286103340170848,0.));
#4607=CARTESIAN_POINT('Origin',(-14.7693731413957,1.50852010222532,0.));
#4608=CARTESIAN_POINT('',(-13.9000646461834,0.286103340170848,20.));
#4609=CARTESIAN_POINT('Origin',(-12.50616547826,1.27735969868861,20.));
#4610=CARTESIAN_POINT('',(-13.8034145706717,2.67248069428838,20.));
#4611=CARTESIAN_POINT('',(-12.4415094429609,1.20782564168628,20.));
#4612=CARTESIAN_POINT('',(-13.8034145706717,2.67248069428838,0.));
#4613=CARTESIAN_POINT('',(-13.8034145706717,2.67248069428838,20.));
#4614=CARTESIAN_POINT('',(-12.4415094429609,1.20782564168628,0.));
#4615=CARTESIAN_POINT('Origin',(-13.0678359028461,7.04568525445789,20.));
#4616=CARTESIAN_POINT('',(-12.7324982189649,5.58364946906507,20.));
#4617=CARTESIAN_POINT('',(-11.6620783872585,7.56898804192318,20.));
#4618=CARTESIAN_POINT('Origin',(-13.0678359028461,7.04568525445789,20.));
#4619=CARTESIAN_POINT('',(-11.6620783872585,7.56898804192318,0.));
#4620=CARTESIAN_POINT('',(-11.6620783872585,7.56898804192318,20.));
#4621=CARTESIAN_POINT('',(-12.7324982189649,5.58364946906507,0.));
#4622=CARTESIAN_POINT('Origin',(-13.0678359028461,7.04568525445789,0.));
#4623=CARTESIAN_POINT('',(-12.7324982189649,5.58364946906507,20.));
#4624=CARTESIAN_POINT('Origin',(-11.0653659217046,5.96602881221952,20.));
#4625=CARTESIAN_POINT('',(-11.729978115592,7.75138828074754,20.));
#4626=CARTESIAN_POINT('',(-11.0322410656384,5.87704492663123,20.));
#4627=CARTESIAN_POINT('',(-11.729978115592,7.75138828074754,0.));
#4628=CARTESIAN_POINT('',(-11.729978115592,7.75138828074754,20.));
#4629=CARTESIAN_POINT('',(-11.0322410656384,5.87704492663123,0.));
#4630=CARTESIAN_POINT('Origin',(-9.37683910831563,11.5102086959951,20.));
#4631=CARTESIAN_POINT('',(-9.62652435829276,10.0311355822026,20.));
#4632=CARTESIAN_POINT('',(-7.87782920511688,11.4557173195023,20.));
#4633=CARTESIAN_POINT('Origin',(-9.37683910831563,11.5102086959951,20.));
#4634=CARTESIAN_POINT('',(-7.87782920511688,11.4557173195023,0.));
#4635=CARTESIAN_POINT('',(-7.87782920511688,11.4557173195023,20.));
#4636=CARTESIAN_POINT('',(-9.62652435829276,10.0311355822026,0.));
#4637=CARTESIAN_POINT('Origin',(-9.37683910831563,11.5102086959951,0.));
#4638=CARTESIAN_POINT('',(-9.62652435829276,10.0311355822026,20.));
#4639=CARTESIAN_POINT('Origin',(-7.93996471136162,9.74642412127586,20.));
#4640=CARTESIAN_POINT('',(-7.87075882492972,11.6502172679726,20.));
#4641=CARTESIAN_POINT('',(-7.94341399358677,9.6515373970415,20.));
#4642=CARTESIAN_POINT('',(-7.87075882492972,11.6502172679726,0.));
#4643=CARTESIAN_POINT('',(-7.87075882492972,11.6502172679726,20.));
#4644=CARTESIAN_POINT('',(-7.94341399358677,9.6515373970415,0.));
#4645=CARTESIAN_POINT('Origin',(-4.25830356080227,14.2224072038688,20.));
#4646=CARTESIAN_POINT('',(-5.05499942873115,12.9514722354203,20.));
#4647=CARTESIAN_POINT('',(-2.89425193919578,13.5984174815233,20.));
#4648=CARTESIAN_POINT('Origin',(-4.25830356080227,14.2224072038688,20.));
#4649=CARTESIAN_POINT('',(-2.89425193919578,13.5984174815233,0.));
#4650=CARTESIAN_POINT('',(-2.89425193919578,13.5984174815233,20.));
#4651=CARTESIAN_POINT('',(-5.05499942873115,12.9514722354203,0.));
#4652=CARTESIAN_POINT('Origin',(-4.25830356080227,14.2224072038688,0.));
#4653=CARTESIAN_POINT('',(-5.05499942873115,12.9514722354203,20.));
#4654=CARTESIAN_POINT('Origin',(-3.60577584967314,12.0430147094226,20.));
#4655=CARTESIAN_POINT('',(-2.81328785177835,13.7754062856314,20.));
#4656=CARTESIAN_POINT('',(-3.64527414823869,11.9566707901566,20.));
#4657=CARTESIAN_POINT('',(-2.81328785177835,13.7754062856314,0.));
#4658=CARTESIAN_POINT('',(-2.81328785177835,13.7754062856314,20.));
#4659=CARTESIAN_POINT('',(-3.64527414823869,11.9566707901566,0.));
#4660=CARTESIAN_POINT('Origin',(1.50852010222532,14.7693731413957,20.));
#4661=CARTESIAN_POINT('',(0.286103340170848,13.9000646461834,20.));
#4662=CARTESIAN_POINT('',(2.5299489480087,13.6708818519438,20.));
#4663=CARTESIAN_POINT('Origin',(1.50852010222532,14.7693731413957,20.));
#4664=CARTESIAN_POINT('',(2.5299489480087,13.6708818519438,0.));
#4665=CARTESIAN_POINT('',(2.5299489480087,13.6708818519438,20.));
#4666=CARTESIAN_POINT('',(0.286103340170848,13.9000646461834,0.));
#4667=CARTESIAN_POINT('Origin',(1.50852010222532,14.7693731413957,0.));
#4668=CARTESIAN_POINT('',(0.286103340170848,13.9000646461834,20.));
#4669=CARTESIAN_POINT('Origin',(1.27735969868861,12.50616547826,20.));
#4670=CARTESIAN_POINT('',(2.67248069428838,13.8034145706717,20.));
#4671=CARTESIAN_POINT('',(1.20782564168628,12.4415094429609,20.));
#4672=CARTESIAN_POINT('',(2.67248069428838,13.8034145706717,0.));
#4673=CARTESIAN_POINT('',(2.67248069428838,13.8034145706717,20.));
#4674=CARTESIAN_POINT('',(1.20782564168628,12.4415094429609,0.));
#4675=CARTESIAN_POINT('Origin',(7.04568525445789,13.0678359028461,20.));
#4676=CARTESIAN_POINT('',(5.58364946906508,12.7324982189649,20.));
#4677=CARTESIAN_POINT('',(7.56898804192319,11.6620783872585,20.));
#4678=CARTESIAN_POINT('Origin',(7.04568525445789,13.0678359028461,20.));
#4679=CARTESIAN_POINT('',(7.56898804192319,11.6620783872585,0.));
#4680=CARTESIAN_POINT('',(7.56898804192319,11.6620783872585,20.));
#4681=CARTESIAN_POINT('',(5.58364946906508,12.7324982189649,0.));
#4682=CARTESIAN_POINT('Origin',(7.04568525445789,13.0678359028461,0.));
#4683=CARTESIAN_POINT('',(5.58364946906508,12.7324982189649,20.));
#4684=CARTESIAN_POINT('Origin',(5.96602881221952,11.0653659217046,20.));
#4685=CARTESIAN_POINT('',(7.75138828074755,11.729978115592,20.));
#4686=CARTESIAN_POINT('',(5.87704492663124,11.0322410656384,20.));
#4687=CARTESIAN_POINT('',(7.75138828074755,11.729978115592,0.));
#4688=CARTESIAN_POINT('',(7.75138828074755,11.729978115592,20.));
#4689=CARTESIAN_POINT('',(5.87704492663124,11.0322410656384,0.));
#4690=CARTESIAN_POINT('Origin',(14.2224072038688,4.25830356080227,20.));
#4691=CARTESIAN_POINT('',(12.9514722354203,5.05499942873115,20.));
#4692=CARTESIAN_POINT('',(13.5984174815233,2.89425193919578,20.));
#4693=CARTESIAN_POINT('Origin',(14.2224072038688,4.25830356080227,20.));
#4694=CARTESIAN_POINT('',(13.5984174815233,2.89425193919578,0.));
#4695=CARTESIAN_POINT('',(13.5984174815233,2.89425193919578,20.));
#4696=CARTESIAN_POINT('',(12.9514722354203,5.05499942873115,0.));
#4697=CARTESIAN_POINT('Origin',(14.2224072038688,4.25830356080227,0.));
#4698=CARTESIAN_POINT('',(12.9514722354203,5.05499942873115,20.));
#4699=CARTESIAN_POINT('Origin',(12.0430147094226,3.60577584967314,20.));
#4700=CARTESIAN_POINT('',(13.7754062856314,2.81328785177836,20.));
#4701=CARTESIAN_POINT('',(11.9566707901566,3.64527414823869,20.));
#4702=CARTESIAN_POINT('',(13.7754062856314,2.81328785177836,0.));
#4703=CARTESIAN_POINT('',(13.7754062856314,2.81328785177836,20.));
#4704=CARTESIAN_POINT('',(11.9566707901566,3.64527414823869,0.));
#4705=CARTESIAN_POINT('Origin',(11.5102086959951,9.37683910831562,20.));
#4706=CARTESIAN_POINT('',(10.0311355822026,9.62652435829276,20.));
#4707=CARTESIAN_POINT('',(11.4557173195023,7.87782920511687,20.));
#4708=CARTESIAN_POINT('Origin',(11.5102086959951,9.37683910831562,20.));
#4709=CARTESIAN_POINT('',(11.4557173195023,7.87782920511687,0.));
#4710=CARTESIAN_POINT('',(11.4557173195023,7.87782920511687,20.));
#4711=CARTESIAN_POINT('',(10.0311355822026,9.62652435829276,0.));
#4712=CARTESIAN_POINT('Origin',(11.5102086959951,9.37683910831562,0.));
#4713=CARTESIAN_POINT('',(10.0311355822026,9.62652435829276,20.));
#4714=CARTESIAN_POINT('Origin',(9.74642412127587,7.93996471136162,20.));
#4715=CARTESIAN_POINT('',(11.6502172679726,7.87075882492972,20.));
#4716=CARTESIAN_POINT('',(9.6515373970415,7.94341399358677,20.));
#4717=CARTESIAN_POINT('',(11.6502172679726,7.87075882492972,0.));
#4718=CARTESIAN_POINT('',(11.6502172679726,7.87075882492972,20.));
#4719=CARTESIAN_POINT('',(9.6515373970415,7.94341399358677,0.));
#4720=CARTESIAN_POINT('Origin',(5.54013864095377,12.9222006914533,20.));
#4721=CARTESIAN_POINT('',(5.54013864095377,12.9222006914533,0.));
#4722=CARTESIAN_POINT('',(5.54013864095377,12.9222006914533,0.));
#4723=CARTESIAN_POINT('',(5.54013864095377,12.9222006914533,20.));
#4724=CARTESIAN_POINT('',(5.54013864095377,12.9222006914533,20.));
#4725=CARTESIAN_POINT('',(5.54013864095377,12.9222006914533,20.));
#4726=CARTESIAN_POINT('Origin',(2.67248069428838,13.8034145706717,20.));
#4727=CARTESIAN_POINT('',(2.67248069428838,13.8034145706717,20.));
#4728=CARTESIAN_POINT('',(2.67248069428838,13.8034145706717,0.));
#4729=CARTESIAN_POINT('Origin',(0.173308583336181,14.0586760047356,20.));
#4730=CARTESIAN_POINT('',(0.17330858333618,14.0586760047356,0.));
#4731=CARTESIAN_POINT('',(0.173308583336181,14.0586760047356,0.));
#4732=CARTESIAN_POINT('',(0.173308583336181,14.0586760047356,20.));
#4733=CARTESIAN_POINT('',(0.173308583336181,14.0586760047356,20.));
#4734=CARTESIAN_POINT('',(0.173308583336181,14.0586760047356,20.));
#4735=CARTESIAN_POINT('Origin',(-2.81328785177835,13.7754062856314,20.));
#4736=CARTESIAN_POINT('',(-2.81328785177835,13.7754062856314,20.));
#4737=CARTESIAN_POINT('',(-2.81328785177835,13.7754062856314,0.));
#4738=CARTESIAN_POINT('Origin',(-5.21990613504812,13.0548453385122,20.));
#4739=CARTESIAN_POINT('',(-5.21990613504812,13.0548453385122,0.));
#4740=CARTESIAN_POINT('',(-5.21990613504812,13.0548453385122,0.));
#4741=CARTESIAN_POINT('',(-5.21990613504812,13.0548453385122,20.));
#4742=CARTESIAN_POINT('',(-5.21990613504812,13.0548453385122,20.));
#4743=CARTESIAN_POINT('',(-5.21990613504812,13.0548453385122,20.));
#4744=CARTESIAN_POINT('Origin',(-7.87075882492972,11.6502172679726,20.));
#4745=CARTESIAN_POINT('',(-7.87075882492972,11.6502172679726,20.));
#4746=CARTESIAN_POINT('',(-7.87075882492972,11.6502172679726,0.));
#4747=CARTESIAN_POINT('Origin',(-9.81843746293829,10.063532811968,20.));
#4748=CARTESIAN_POINT('',(-9.81843746293829,10.063532811968,0.));
#4749=CARTESIAN_POINT('',(-9.81843746293829,10.063532811968,0.));
#4750=CARTESIAN_POINT('',(-9.81843746293829,10.063532811968,20.));
#4751=CARTESIAN_POINT('',(-9.81843746293829,10.063532811968,20.));
#4752=CARTESIAN_POINT('',(-9.81843746293829,10.063532811968,20.));
#4753=CARTESIAN_POINT('Origin',(-11.729978115592,7.75138828074754,20.));
#4754=CARTESIAN_POINT('',(-11.729978115592,7.75138828074754,20.));
#4755=CARTESIAN_POINT('',(-11.729978115592,7.75138828074754,0.));
#4756=CARTESIAN_POINT('Origin',(-12.9222006914533,5.54013864095376,20.));
#4757=CARTESIAN_POINT('',(-12.9222006914533,5.54013864095376,0.));
#4758=CARTESIAN_POINT('',(-12.9222006914533,5.54013864095376,0.));
#4759=CARTESIAN_POINT('',(-12.9222006914533,5.54013864095376,20.));
#4760=CARTESIAN_POINT('',(-12.9222006914533,5.54013864095376,20.));
#4761=CARTESIAN_POINT('',(-12.9222006914533,5.54013864095376,20.));
#4762=CARTESIAN_POINT('Origin',(-13.8034145706717,2.67248069428838,20.));
#4763=CARTESIAN_POINT('',(-13.8034145706717,2.67248069428838,20.));
#4764=CARTESIAN_POINT('',(-13.8034145706717,2.67248069428838,0.));
#4765=CARTESIAN_POINT('Origin',(-14.0586760047356,0.17330858333618,20.));
#4766=CARTESIAN_POINT('',(-14.0586760047356,0.17330858333618,0.));
#4767=CARTESIAN_POINT('',(-14.0586760047356,0.17330858333618,0.));
#4768=CARTESIAN_POINT('',(-14.0586760047356,0.17330858333618,20.));
#4769=CARTESIAN_POINT('',(-14.0586760047356,0.17330858333618,20.));
#4770=CARTESIAN_POINT('',(-14.0586760047356,0.17330858333618,20.));
#4771=CARTESIAN_POINT('Origin',(-13.7754062856314,-2.81328785177836,20.));
#4772=CARTESIAN_POINT('',(-13.7754062856314,-2.81328785177836,20.));
#4773=CARTESIAN_POINT('',(-13.7754062856314,-2.81328785177836,0.));
#4774=CARTESIAN_POINT('Origin',(-13.0548453385122,-5.21990613504812,20.));
#4775=CARTESIAN_POINT('',(-13.0548453385122,-5.21990613504812,0.));
#4776=CARTESIAN_POINT('',(-13.0548453385122,-5.21990613504812,0.));
#4777=CARTESIAN_POINT('',(-13.0548453385122,-5.21990613504812,20.));
#4778=CARTESIAN_POINT('',(-13.0548453385122,-5.21990613504812,20.));
#4779=CARTESIAN_POINT('',(-13.0548453385122,-5.21990613504812,20.));
#4780=CARTESIAN_POINT('Origin',(-11.6502172679726,-7.87075882492972,20.));
#4781=CARTESIAN_POINT('',(-11.6502172679726,-7.87075882492972,20.));
#4782=CARTESIAN_POINT('',(-11.6502172679726,-7.87075882492972,0.));
#4783=CARTESIAN_POINT('Origin',(-10.063532811968,-9.81843746293829,20.));
#4784=CARTESIAN_POINT('',(-10.063532811968,-9.81843746293829,0.));
#4785=CARTESIAN_POINT('',(-10.063532811968,-9.81843746293829,0.));
#4786=CARTESIAN_POINT('',(-10.063532811968,-9.81843746293829,20.));
#4787=CARTESIAN_POINT('',(-10.063532811968,-9.81843746293829,20.));
#4788=CARTESIAN_POINT('',(-10.063532811968,-9.81843746293829,20.));
#4789=CARTESIAN_POINT('Origin',(-7.75138828074754,-11.729978115592,20.));
#4790=CARTESIAN_POINT('',(-7.75138828074754,-11.729978115592,20.));
#4791=CARTESIAN_POINT('',(-7.75138828074754,-11.729978115592,0.));
#4792=CARTESIAN_POINT('Origin',(-5.54013864095377,-12.9222006914533,20.));
#4793=CARTESIAN_POINT('',(-5.54013864095377,-12.9222006914533,0.));
#4794=CARTESIAN_POINT('',(-5.54013864095377,-12.9222006914533,0.));
#4795=CARTESIAN_POINT('',(-5.54013864095377,-12.9222006914533,20.));
#4796=CARTESIAN_POINT('',(-5.54013864095377,-12.9222006914533,20.));
#4797=CARTESIAN_POINT('',(-5.54013864095377,-12.9222006914533,20.));
#4798=CARTESIAN_POINT('Origin',(-2.67248069428839,-13.8034145706717,20.));
#4799=CARTESIAN_POINT('',(-2.67248069428839,-13.8034145706717,20.));
#4800=CARTESIAN_POINT('',(-2.67248069428839,-13.8034145706717,0.));
#4801=CARTESIAN_POINT('Origin',(-0.173308583336183,-14.0586760047356,20.));
#4802=CARTESIAN_POINT('',(-0.173308583336182,-14.0586760047356,0.));
#4803=CARTESIAN_POINT('',(-0.173308583336183,-14.0586760047356,0.));
#4804=CARTESIAN_POINT('',(-0.173308583336183,-14.0586760047356,20.));
#4805=CARTESIAN_POINT('',(-0.173308583336183,-14.0586760047356,20.));
#4806=CARTESIAN_POINT('',(-0.173308583336183,-14.0586760047356,20.));
#4807=CARTESIAN_POINT('Origin',(2.81328785177835,-13.7754062856314,20.));
#4808=CARTESIAN_POINT('',(2.81328785177835,-13.7754062856314,20.));
#4809=CARTESIAN_POINT('',(2.81328785177835,-13.7754062856314,0.));
#4810=CARTESIAN_POINT('Origin',(5.21990613504812,-13.0548453385122,20.));
#4811=CARTESIAN_POINT('',(5.21990613504812,-13.0548453385122,0.));
#4812=CARTESIAN_POINT('',(5.21990613504812,-13.0548453385122,0.));
#4813=CARTESIAN_POINT('',(5.21990613504812,-13.0548453385122,20.));
#4814=CARTESIAN_POINT('',(5.21990613504812,-13.0548453385122,20.));
#4815=CARTESIAN_POINT('',(5.21990613504812,-13.0548453385122,20.));
#4816=CARTESIAN_POINT('Origin',(7.87075882492972,-11.6502172679726,20.));
#4817=CARTESIAN_POINT('',(7.87075882492972,-11.6502172679726,20.));
#4818=CARTESIAN_POINT('',(7.87075882492972,-11.6502172679726,0.));
#4819=CARTESIAN_POINT('Origin',(9.81843746293828,-10.063532811968,20.));
#4820=CARTESIAN_POINT('',(9.81843746293828,-10.063532811968,0.));
#4821=CARTESIAN_POINT('',(9.81843746293828,-10.063532811968,0.));
#4822=CARTESIAN_POINT('',(9.81843746293828,-10.063532811968,20.));
#4823=CARTESIAN_POINT('',(9.81843746293828,-10.063532811968,20.));
#4824=CARTESIAN_POINT('',(9.81843746293828,-10.063532811968,20.));
#4825=CARTESIAN_POINT('Origin',(11.729978115592,-7.75138828074754,20.));
#4826=CARTESIAN_POINT('',(11.729978115592,-7.75138828074754,20.));
#4827=CARTESIAN_POINT('',(11.729978115592,-7.75138828074754,0.));
#4828=CARTESIAN_POINT('Origin',(12.9222006914533,-5.54013864095377,20.));
#4829=CARTESIAN_POINT('',(12.9222006914533,-5.54013864095377,0.));
#4830=CARTESIAN_POINT('',(12.9222006914533,-5.54013864095377,0.));
#4831=CARTESIAN_POINT('',(12.9222006914533,-5.54013864095377,20.));
#4832=CARTESIAN_POINT('',(12.9222006914533,-5.54013864095377,20.));
#4833=CARTESIAN_POINT('',(12.9222006914533,-5.54013864095377,20.));
#4834=CARTESIAN_POINT('Origin',(13.8034145706717,-2.67248069428839,20.));
#4835=CARTESIAN_POINT('',(13.8034145706717,-2.67248069428839,20.));
#4836=CARTESIAN_POINT('',(13.8034145706717,-2.67248069428839,0.));
#4837=CARTESIAN_POINT('Origin',(14.0586760047356,-0.17330858333618,20.));
#4838=CARTESIAN_POINT('',(14.0586760047356,-0.17330858333618,0.));
#4839=CARTESIAN_POINT('',(14.0586760047356,-0.17330858333618,0.));
#4840=CARTESIAN_POINT('',(14.0586760047356,-0.17330858333618,20.));
#4841=CARTESIAN_POINT('',(14.0586760047356,-0.17330858333618,20.));
#4842=CARTESIAN_POINT('',(14.0586760047356,-0.17330858333618,20.));
#4843=CARTESIAN_POINT('Origin',(13.7754062856314,2.81328785177836,20.));
#4844=CARTESIAN_POINT('',(13.7754062856314,2.81328785177836,20.));
#4845=CARTESIAN_POINT('',(13.7754062856314,2.81328785177836,0.));
#4846=CARTESIAN_POINT('Origin',(13.0548453385122,5.21990613504812,20.));
#4847=CARTESIAN_POINT('',(13.0548453385122,5.21990613504812,0.));
#4848=CARTESIAN_POINT('',(13.0548453385122,5.21990613504812,0.));
#4849=CARTESIAN_POINT('',(13.0548453385122,5.21990613504812,20.));
#4850=CARTESIAN_POINT('',(13.0548453385122,5.21990613504812,20.));
#4851=CARTESIAN_POINT('',(13.0548453385122,5.21990613504812,20.));
#4852=CARTESIAN_POINT('Origin',(11.6502172679726,7.87075882492972,20.));
#4853=CARTESIAN_POINT('',(11.6502172679726,7.87075882492972,20.));
#4854=CARTESIAN_POINT('',(11.6502172679726,7.87075882492972,0.));
#4855=CARTESIAN_POINT('Origin',(10.063532811968,9.81843746293828,20.));
#4856=CARTESIAN_POINT('',(10.063532811968,9.81843746293828,0.));
#4857=CARTESIAN_POINT('',(10.063532811968,9.81843746293828,0.));
#4858=CARTESIAN_POINT('',(10.063532811968,9.81843746293828,20.));
#4859=CARTESIAN_POINT('',(10.063532811968,9.81843746293828,20.));
#4860=CARTESIAN_POINT('',(10.063532811968,9.81843746293828,20.));
#4861=CARTESIAN_POINT('Origin',(7.75138828074755,11.729978115592,20.));
#4862=CARTESIAN_POINT('',(7.75138828074755,11.729978115592,20.));
#4863=CARTESIAN_POINT('',(7.75138828074755,11.729978115592,0.));
#4864=CARTESIAN_POINT('Ctrl Pts',(-0.830918365567369,1.97123227790679,0.560741217095135));
#4865=CARTESIAN_POINT('Ctrl Pts',(-0.183646654967621,2.01605144056091,0.58661757271835));
#4866=CARTESIAN_POINT('Ctrl Pts',(1.33826068629502,1.99781335602407,0.576087809701502));
#4867=CARTESIAN_POINT('Ctrl Pts',(2.82321507913848,1.69570988967992,0.401668292084587));
#4868=CARTESIAN_POINT('Ctrl Pts',(3.64027121882104,1.4478510605593,0.258566930370772));
#4869=CARTESIAN_POINT('Ctrl Pts',(-0.957764446762484,3.34515151963219,1.3539738611501));
#4870=CARTESIAN_POINT('Ctrl Pts',(-0.212745503926065,3.4023852112149,1.38711637565122));
#4871=CARTESIAN_POINT('Ctrl Pts',(1.54888364243633,3.37854798551836,1.37347386877685));
#4872=CARTESIAN_POINT('Ctrl Pts',(3.23573089632864,2.99454660664252,1.15196803729296));
#4873=CARTESIAN_POINT('Ctrl Pts',(4.14292989572878,2.69059585077711,0.97606596953703));
#4874=CARTESIAN_POINT('Ctrl Pts',(-1.17932400863346,6.17293905358706,1.99819777811333));
#4875=CARTESIAN_POINT('Ctrl Pts',(-0.263859749384193,6.25541845178263,2.03744253559421));
#4876=CARTESIAN_POINT('Ctrl Pts',(1.91640685155856,6.22028332740966,2.02080654127573));
#4877=CARTESIAN_POINT('Ctrl Pts',(3.95650392420384,5.66999200734418,1.75798610047274));
#4878=CARTESIAN_POINT('Ctrl Pts',(5.02119323415751,5.25162668346039,1.55479106620123));
#4879=CARTESIAN_POINT('Ctrl Pts',(-1.33442639820346,8.89934091949799,1.15566570013636));
#4880=CARTESIAN_POINT('Ctrl Pts',(-0.298886777047775,8.99910821374513,1.18692810182637));
#4881=CARTESIAN_POINT('Ctrl Pts',(2.17100495896325,8.95661804745029,1.17398777172533));
#4882=CARTESIAN_POINT('Ctrl Pts',(4.46957597349169,8.29139355302994,0.964130808804856));
#4883=CARTESIAN_POINT('Ctrl Pts',(5.65822687473351,7.78927027365396,0.796691209745464));
#4884=CARTESIAN_POINT('Ctrl Pts',(-1.38222065742536,9.93305834463311,0.560741217095134));
#4885=CARTESIAN_POINT('Ctrl Pts',(-0.309592049111489,10.0370674435989,0.586617572718349));
#4886=CARTESIAN_POINT('Ctrl Pts',(2.24828992789516,9.99286467036546,0.576087809701499));
#4887=CARTESIAN_POINT('Ctrl Pts',(4.63081840791274,9.29867721877676,0.401668292084589));
#4888=CARTESIAN_POINT('Ctrl Pts',(5.86260850233937,8.77369185625058,0.25856693037077));
#4889=CARTESIAN_POINT('',(1.58117944656727,1.89582798157305,0.517206526308801));
#4890=CARTESIAN_POINT('Ctrl Pts',(1.58108030622275,1.89573306306567,0.517151725083015));
#4891=CARTESIAN_POINT('Ctrl Pts',(1.64578435925671,1.98226335320276,0.567128034399241));
#4892=CARTESIAN_POINT('Ctrl Pts',(1.71107665756964,2.0694391576582,0.614850424443312));
#4893=CARTESIAN_POINT('Ctrl Pts',(1.77693233751309,2.15719361340557,0.660327215415298));
#4894=CARTESIAN_POINT('',(1.48925073082348,1.90758884419757,0.523996663510969));
#4895=CARTESIAN_POINT('Ctrl Pts',(1.48923770058938,1.90751007324661,0.523951185081226));
#4896=CARTESIAN_POINT('Ctrl Pts',(1.51989814633583,1.90369605780283,0.52174916223807));
#4897=CARTESIAN_POINT('Ctrl Pts',(1.55053951317931,1.89976657252307,0.51948047285402));
#4898=CARTESIAN_POINT('Ctrl Pts',(1.5811609107158,1.89572241793645,0.517145579114792));
#4899=CARTESIAN_POINT('',(1.42172899325223,1.9157786112539,0.528725027725539));
#4900=CARTESIAN_POINT('Ctrl Pts',(1.4217194881382,1.91571843294819,0.528690283764541));
#4901=CARTESIAN_POINT('Ctrl Pts',(1.44423559528451,1.9130446849921,0.527146594662344));
#4902=CARTESIAN_POINT('Ctrl Pts',(1.46674178333233,1.91030845969375,0.525566834249781));
#4903=CARTESIAN_POINT('Ctrl Pts',(1.48923770058938,1.90751007324661,0.523951185081226));
#4904=CARTESIAN_POINT('',(0.496265073591951,1.98973837403054,0.57142571667383));
#4905=CARTESIAN_POINT('Ctrl Pts',(1.4217194881382,1.91571843294819,0.528690283764541));
#4906=CARTESIAN_POINT('Ctrl Pts',(1.31935966547108,1.9278734811039,0.535708004089253));
#4907=CARTESIAN_POINT('Ctrl Pts',(1.0117669481068,1.96045423627788,0.554518511859348));
#4908=CARTESIAN_POINT('Ctrl Pts',(0.702627674683785,1.98115464780194,0.566469900025104));
#4909=CARTESIAN_POINT('Ctrl Pts',(0.49626063999432,1.98965822592612,0.571379443144173));
#4910=CARTESIAN_POINT('',(0.5,2.,0.577350269189626));
#4911=CARTESIAN_POINT('Ctrl Pts',(0.496347056864288,1.98965466471479,0.571377387077854));
#4912=CARTESIAN_POINT('Ctrl Pts',(0.497592709561875,1.99307505401235,0.573352540027007));
#4913=CARTESIAN_POINT('Ctrl Pts',(0.498838797660476,1.9964967289753,0.575324858073157));
#4914=CARTESIAN_POINT('Ctrl Pts',(0.500085375463595,1.99991967460915,0.577294334721394));
#4915=CARTESIAN_POINT('',(0.20020753820971,2.,0.577350269189626));
#4916=CARTESIAN_POINT('',(-0.309016994374947,2.,0.577350269189626));
#4917=CARTESIAN_POINT('',(-0.739485086376799,2.6579798671164,0.915101010422066));
#4918=CARTESIAN_POINT('Ctrl Pts',(0.200207538207566,2.,0.577350000923519));
#4919=CARTESIAN_POINT('Ctrl Pts',(0.179243819850584,2.00000000000005,0.577350113255407));
#4920=CARTESIAN_POINT('Ctrl Pts',(0.158286917338464,2.00065915290375,0.577730669976432));
#4921=CARTESIAN_POINT('Ctrl Pts',(0.0998761588093622,2.00433710983063,0.579852540079003));
#4922=CARTESIAN_POINT('Ctrl Pts',(0.0626405914699963,2.00880174606143,0.582428309892113));
#4923=CARTESIAN_POINT('Ctrl Pts',(-0.0368764163225105,2.02642682866082,
0.592552814641324));
#4924=CARTESIAN_POINT('Ctrl Pts',(-0.0978727654204238,2.04340024921138,
0.602275415462585));
#4925=CARTESIAN_POINT('Ctrl Pts',(-0.274880769942118,2.1109812005115,0.640402699174368));
#4926=CARTESIAN_POINT('Ctrl Pts',(-0.381307885840347,2.1773602692226,0.677237153535334));
#4927=CARTESIAN_POINT('Ctrl Pts',(-0.573856768658624,2.35204267431543,0.768994525896637));
#4928=CARTESIAN_POINT('Ctrl Pts',(-0.654557804893341,2.46374256183273,0.825029231621024));
#4929=CARTESIAN_POINT('Ctrl Pts',(-0.720970740817033,2.61000844901673,0.89317806845192));
#4930=CARTESIAN_POINT('Ctrl Pts',(-0.730695555884233,2.63383082959701,0.904137554942136));
#4931=CARTESIAN_POINT('Ctrl Pts',(-0.73948508696169,2.65797986872337,0.915101006411014));
#4932=CARTESIAN_POINT('Ctrl Pts',(-0.939659090533527,3.20857347439454,1.13764620843297));
#4933=CARTESIAN_POINT('Ctrl Pts',(-0.872015109580959,3.02261951014895,1.07052311735293));
#4934=CARTESIAN_POINT('Ctrl Pts',(-0.805236096447823,2.83902275970453,0.996067741595419));
#4935=CARTESIAN_POINT('Ctrl Pts',(-0.739462958585213,2.65820022871716,0.914345125456731));
#4936=CARTESIAN_POINT('',(3.27434866327512,9.62246030604251,0.482488580498068));
#4937=CARTESIAN_POINT('Ctrl Pts',(3.24719677770195,9.62781218384855,0.483895722747347));
#4938=CARTESIAN_POINT('Ctrl Pts',(3.2561785210432,9.62574053464395,0.48336761858704));
#4939=CARTESIAN_POINT('Ctrl Pts',(3.26515677916905,9.62366099410295,0.48283736653647));
#4940=CARTESIAN_POINT('Ctrl Pts',(3.27413153179058,9.62157358574761,0.48230496942108));
#4941=CARTESIAN_POINT('',(5.66344154256658,8.85703347364754,0.281212333081041));
#4942=CARTESIAN_POINT('Ctrl Pts',(3.27413153179057,9.62157358574761,0.482304969421081));
#4943=CARTESIAN_POINT('Ctrl Pts',(4.10607175943377,9.42807532952133,0.432952904127174));
#4944=CARTESIAN_POINT('Ctrl Pts',(4.90788957231779,9.16696980635443,0.365168531781575));
#4945=CARTESIAN_POINT('Ctrl Pts',(5.66342397037802,8.85699332361676,0.281202438620472));
#4946=CARTESIAN_POINT('Ctrl Pts',(5.66342397037802,8.85699332361676,0.281202438620472));
#4947=CARTESIAN_POINT('Ctrl Pts',(5.73018389795684,8.82960342900464,0.273783093699971));
#4948=CARTESIAN_POINT('Ctrl Pts',(5.79658245842415,8.80183196450265,0.266237406725138));
#4949=CARTESIAN_POINT('Ctrl Pts',(5.86260850233937,8.77369185625058,0.25856693037077));
#4950=CARTESIAN_POINT('Origin',(0.,0.,0.));
#4951=CARTESIAN_POINT('Origin',(0.,0.,0.));
#4952=CARTESIAN_POINT('Ctrl Pts',(-3.64027121882104,1.4478510605593,0.25856693037077));
#4953=CARTESIAN_POINT('Ctrl Pts',(-2.40911433808897,1.82132980712451,0.474194985236796));
#4954=CARTESIAN_POINT('Ctrl Pts',(-1.10415003170712,2.02008768831399,0.588947901445103));
#4955=CARTESIAN_POINT('Ctrl Pts',(0.200170409003102,1.99833049197331,0.576386378281004));
#4956=CARTESIAN_POINT('Ctrl Pts',(-4.14292989572879,2.69059585077711,0.976065969537028));
#4957=CARTESIAN_POINT('Ctrl Pts',(-2.77594391268656,3.14859505831354,1.24111879826535));
#4958=CARTESIAN_POINT('Ctrl Pts',(-1.27367456667716,3.40765540929844,1.39010908672039));
#4959=CARTESIAN_POINT('Ctrl Pts',(0.230895992517251,3.37980467192095,1.37398086795229));
#4960=CARTESIAN_POINT('Ctrl Pts',(-5.02119323415752,5.25162668346039,1.55479106620123));
#4961=CARTESIAN_POINT('Ctrl Pts',(-3.41689763422434,5.8820280991566,1.86096949437034));
#4962=CARTESIAN_POINT('Ctrl Pts',(-1.56915267874778,6.26317409706537,2.04112617745126));
#4963=CARTESIAN_POINT('Ctrl Pts',(0.284562745450844,6.22293398674151,2.02200101702319));
#4964=CARTESIAN_POINT('Ctrl Pts',(-5.65822687473353,7.78927027365396,0.796691209745461));
#4965=CARTESIAN_POINT('Ctrl Pts',(-3.86714341696707,8.54587988755341,1.04899261778461));
#4966=CARTESIAN_POINT('Ctrl Pts',(-1.77612636727528,9.00849839338732,1.18978743180357));
#4967=CARTESIAN_POINT('Ctrl Pts',(0.322054927914219,8.95980732047378,1.17458224553447));
#4968=CARTESIAN_POINT('Ctrl Pts',(-5.86260850233938,8.77369185625057,0.258566930370767));
#4969=CARTESIAN_POINT('Ctrl Pts',(-4.00652202710671,9.5647505240292,0.474194985236727));
#4970=CARTESIAN_POINT('Ctrl Pts',(-1.83956165297756,10.0468557547691,0.588947901445102));
#4971=CARTESIAN_POINT('Ctrl Pts',(0.333580226878207,9.99610510048922,0.576386378281003));
#4972=CARTESIAN_POINT('',(-0.5,2.,0.577350269189626));
#4973=CARTESIAN_POINT('',(-0.496265073591949,1.98973837403054,0.57142571667383));
#4974=CARTESIAN_POINT('Ctrl Pts',(-0.499722497833144,1.99950536693052,0.577054470541076));
#4975=CARTESIAN_POINT('Ctrl Pts',(-0.498478360828034,1.99608433182866,0.575086316143971));
#4976=CARTESIAN_POINT('Ctrl Pts',(-0.497234699845748,1.99266458319788,0.573115331401663));
#4977=CARTESIAN_POINT('Ctrl Pts',(-0.49599147944017,1.98924613214057,0.571141520686154));
#4978=CARTESIAN_POINT('',(-1.42172899325222,1.9157786112539,0.528725027725538));
#4979=CARTESIAN_POINT('Ctrl Pts',(-0.496237494910784,1.98923568271849,0.571135487709505));
#4980=CARTESIAN_POINT('Ctrl Pts',(-0.805709266854734,1.97608778989692,0.563544548249692));
#4981=CARTESIAN_POINT('Ctrl Pts',(-1.11446863458358,1.9509457858299,0.549028805433632));
#4982=CARTESIAN_POINT('Ctrl Pts',(-1.42151625820249,1.91442435405543,0.527943146967454));
#4983=CARTESIAN_POINT('',(-1.58117944656727,1.89582798157305,0.5172065263088));
#4984=CARTESIAN_POINT('Ctrl Pts',(-1.58093380874982,1.89442232411388,0.516394969596358));
#4985=CARTESIAN_POINT('Ctrl Pts',(-1.52784946080661,1.90142904912752,0.520440304169119));
#4986=CARTESIAN_POINT('Ctrl Pts',(-1.47470854539909,1.9080974577099,0.524290311659227));
#4987=CARTESIAN_POINT('Ctrl Pts',(-1.42151625820249,1.91442435405543,0.527943146967454));
#4988=CARTESIAN_POINT('Ctrl Pts',(-1.77591497902935,2.15579878435242,0.659522432864965));
#4989=CARTESIAN_POINT('Ctrl Pts',(-1.7100855322196,2.06802440719694,0.6140359994696));
#4990=CARTESIAN_POINT('Ctrl Pts',(-1.64488057783313,1.98090655848485,0.56634263650909));
#4991=CARTESIAN_POINT('Ctrl Pts',(-1.58031700697623,1.89450372163558,0.516441964477421));
#4992=CARTESIAN_POINT('',(-5.6634415425666,8.85703347364758,0.281212333081111));
#4993=CARTESIAN_POINT('Ctrl Pts',(-5.86260850233938,8.77369185625057,0.258566930370767));
#4994=CARTESIAN_POINT('Ctrl Pts',(-5.79659165264722,8.80182804595147,0.266236338600098));
#4995=CARTESIAN_POINT('Ctrl Pts',(-5.73018152695888,8.82957338916718,0.273778133122439));
#4996=CARTESIAN_POINT('Ctrl Pts',(-5.66339183508265,8.85691781127914,0.28119112428635));
#4997=CARTESIAN_POINT('',(-3.27434866327512,9.62246030604251,0.482488580498069));
#4998=CARTESIAN_POINT('Ctrl Pts',(-5.66339183508264,8.85691781127914,0.28119112428635));
#4999=CARTESIAN_POINT('Ctrl Pts',(-4.90842244242561,9.16601044480529,0.364985214056381));
#5000=CARTESIAN_POINT('Ctrl Pts',(-4.10495465897926,9.42387610136363,0.432321685072928));
#5001=CARTESIAN_POINT('Ctrl Pts',(-3.2727896659152,9.6159639321748,0.481482314645693));
#5002=CARTESIAN_POINT('Ctrl Pts',(-3.27278966591519,9.6159639321748,0.481482314645693));
#5003=CARTESIAN_POINT('Ctrl Pts',(-3.26381469130255,9.61803561677977,0.4820125164759));
#5004=CARTESIAN_POINT('Ctrl Pts',(-3.25483637868291,9.62009965022821,0.482540604125434));
#5005=CARTESIAN_POINT('Ctrl Pts',(-3.24585475289689,9.62215601426605,0.483066575438779));
#5006=CARTESIAN_POINT('',(-0.309016994374947,2.,0.577350269189626));
#5007=CARTESIAN_POINT('Origin',(0.,0.,0.));
#5008=CARTESIAN_POINT('Origin',(0.,0.,0.));
#5009=CARTESIAN_POINT('Ctrl Pts',(2.35008079879989,1.30845831650933,0.679538306142197));
#5010=CARTESIAN_POINT('Ctrl Pts',(2.34088473287423,1.26816771915389,0.665387614595984));
#5011=CARTESIAN_POINT('Ctrl Pts',(2.32694802750221,1.20710702329302,0.643952808468603));
#5012=CARTESIAN_POINT('Ctrl Pts',(2.30283986177877,1.10148224787343,0.606855908722481));
#5013=CARTESIAN_POINT('Ctrl Pts',(2.28805505444454,1.03670577453205,0.5841168140821));
#5014=CARTESIAN_POINT('Ctrl Pts',(2.27453239315688,0.97745912433199,0.56331385807583));
#5015=CARTESIAN_POINT('Ctrl Pts',(2.2721770038283,0.967139489412062,0.55971881235949));
#5016=CARTESIAN_POINT('Ctrl Pts',(2.26463470605964,0.934094523772634,0.548283717326913));
#5017=CARTESIAN_POINT('Ctrl Pts',(2.25632225363761,0.897675290126713,0.535936361198142));
#5018=CARTESIAN_POINT('Ctrl Pts',(2.2454994697042,0.850257575503072,0.520186160196726));
#5019=CARTESIAN_POINT('Ctrl Pts',(2.23487681377017,0.803716678934977,0.505147480872416));
#5020=CARTESIAN_POINT('Ctrl Pts',(2.22402514424701,0.756172408273682,0.490170515113663));
#5021=CARTESIAN_POINT('Ctrl Pts',(2.21316526169676,0.708592153989882,0.475632116223398));
#5022=CARTESIAN_POINT('Ctrl Pts',(2.20222849602151,0.660675052725974,0.461405236135257));
#5023=CARTESIAN_POINT('Ctrl Pts',(2.19125834594222,0.612611684831651,0.447622795009671));
#5024=CARTESIAN_POINT('Ctrl Pts',(2.18026947986752,0.564466316803732,0.434293255743109));
#5025=CARTESIAN_POINT('Ctrl Pts',(2.16928830784881,0.516354658637408,0.421447121601832));
#5026=CARTESIAN_POINT('Ctrl Pts',(2.15828507122365,0.468146329114944,0.409115931961297));
#5027=CARTESIAN_POINT('Ctrl Pts',(2.14726370423735,0.419858565290147,0.397275695881154));
#5028=CARTESIAN_POINT('Ctrl Pts',(2.13622407890897,0.371490806442345,0.385958892881562));
#5029=CARTESIAN_POINT('Ctrl Pts',(2.12515353136455,0.322987568514814,0.37517048036839));
#5030=CARTESIAN_POINT('Ctrl Pts',(2.11417624076806,0.274892915971135,0.364998121826726));
#5031=CARTESIAN_POINT('Ctrl Pts',(2.10483901302134,0.233983848272697,0.356888955148363));
#5032=CARTESIAN_POINT('Ctrl Pts',(2.09753560718107,0.201985536559793,0.350793613814148));
#5033=CARTESIAN_POINT('Ctrl Pts',(2.09203571396963,0.17788892996117,0.346356379464295));
#5034=CARTESIAN_POINT('Ctrl Pts',(2.08744100132285,0.157758178540204,0.342775199914126));
#5035=CARTESIAN_POINT('Ctrl Pts',(2.08379999874051,0.141805903926899,0.340006304675521));
#5036=CARTESIAN_POINT('Ctrl Pts',(2.07838778927122,0.118093464902432,0.335958404125221));
#5037=CARTESIAN_POINT('Ctrl Pts',(2.07311210527745,0.0949791830787957,0.332245663407456));
#5038=CARTESIAN_POINT('Ctrl Pts',(2.06905181096626,0.0771898713716523,0.329470477726414));
#5039=CARTESIAN_POINT('Ctrl Pts',(2.06815617749482,0.0732658447425271,0.328861054634896));
#5040=CARTESIAN_POINT('Ctrl Pts',(2.06702470257893,0.0683085292316907,0.328097757019885));
#5041=CARTESIAN_POINT('Ctrl Pts',(2.06567122988691,0.0623785779128929,0.327193933443086));
#5042=CARTESIAN_POINT('Ctrl Pts',(2.06431690509782,0.0564448933129401,0.326299054820022));
#5043=CARTESIAN_POINT('Ctrl Pts',(2.06318394189048,0.0514810571713271,0.325558489213144));
#5044=CARTESIAN_POINT('Ctrl Pts',(2.06228673595315,0.0475501411190608,0.324976510555333));
#5045=CARTESIAN_POINT('Ctrl Pts',(2.06161240328729,0.0445956966704332,0.324541503241994));
#5046=CARTESIAN_POINT('Ctrl Pts',(2.06093913866937,0.0416459316456103,0.324109536660958));
#5047=CARTESIAN_POINT('Ctrl Pts',(2.06037600816209,0.0391786956873641,0.32375023940907));
#5048=CARTESIAN_POINT('Ctrl Pts',(2.05992890274141,0.03721979884762,0.32346611788579));
#5049=CARTESIAN_POINT('Ctrl Pts',(2.0596486775746,0.0359920521724975,0.323288544771889));
#5050=CARTESIAN_POINT('Ctrl Pts',(2.05942551614368,0.0350143180597653,0.323147421740611));
#5051=CARTESIAN_POINT('Ctrl Pts',(2.05928581266941,0.0344022371464182,0.323059200783534));
#5052=CARTESIAN_POINT('Ctrl Pts',(2.0591743309191,0.0339138036847082,0.322988874524972));
#5053=CARTESIAN_POINT('Ctrl Pts',(2.05909065958098,0.0335472156000427,0.322936129247358));
#5054=CARTESIAN_POINT('Ctrl Pts',(2.05902099013204,0.0332419738001408,0.322892241406686));
#5055=CARTESIAN_POINT('Ctrl Pts',(2.05897215995871,0.0330280348322882,0.32286149742029));
#5056=CARTESIAN_POINT('Ctrl Pts',(2.05894788275234,0.032921669441408,0.322846216143507));
#5057=CARTESIAN_POINT('Ctrl Pts',(2.05893381931313,0.0328600534883036,0.322837365248106));
#5058=CARTESIAN_POINT('Ctrl Pts',(2.05892712753688,0.0328307349009077,0.322833153856225));
#5059=CARTESIAN_POINT('Ctrl Pts',(2.0562701953687,0.0211899544740243,0.321161433315881));
#5060=CARTESIAN_POINT('Ctrl Pts',(2.0355975362058,-0.0693828832380303,0.30815294577377));
#5061=CARTESIAN_POINT('Ctrl Pts',(2.01808058728676,-0.146129651011799,0.297131153006572));
#5062=CARTESIAN_POINT('Ctrl Pts',(2.00726872262076,-0.193499525199384,0.290327461104947));
#5063=CARTESIAN_POINT('Ctrl Pts',(3.50786238659877,2.19537936219728,1.29727299590935));
#5064=CARTESIAN_POINT('Ctrl Pts',(3.51225127886736,2.14303616825445,1.29084422419162));
#5065=CARTESIAN_POINT('Ctrl Pts',(3.51820429280818,2.06366837254666,1.28092379448367));
#5066=CARTESIAN_POINT('Ctrl Pts',(3.52579953469343,1.92729311959742,1.2638499602871));
#5067=CARTESIAN_POINT('Ctrl Pts',(3.52932736962039,1.84374983116601,1.25314810540183));
#5068=CARTESIAN_POINT('Ctrl Pts',(3.5318874289336,1.7673132880066,1.2433219584645));
#5069=CARTESIAN_POINT('Ctrl Pts',(3.53757249749106,1.74538821998363,1.24131694106731));
#5070=CARTESIAN_POINT('Ctrl Pts',(3.54597536216662,1.69037806203021,1.23553152613545));
#5071=CARTESIAN_POINT('Ctrl Pts',(3.55687753913861,1.62554218527258,1.22913235874237));
#5072=CARTESIAN_POINT('Ctrl Pts',(3.56808494345908,1.5438949404165,1.22117943574126));
#5073=CARTESIAN_POINT('Ctrl Pts',(3.57839602004648,1.46249354704051,1.21359990197265));
#5074=CARTESIAN_POINT('Ctrl Pts',(3.58738478962377,1.37972845570245,1.20614286899364));
#5075=CARTESIAN_POINT('Ctrl Pts',(3.5952685424989,1.2964889199809,1.19892083437747));
#5076=CARTESIAN_POINT('Ctrl Pts',(3.60193053390005,1.21257706478815,1.19195525171172));
#5077=CARTESIAN_POINT('Ctrl Pts',(3.60745777263935,1.12818066550014,1.18520469410612));
#5078=CARTESIAN_POINT('Ctrl Pts',(3.61183712065427,1.04342068692508,1.17870702996473));
#5079=CARTESIAN_POINT('Ctrl Pts',(3.61507285577785,0.958447188508616,1.17250870331275));
#5080=CARTESIAN_POINT('Ctrl Pts',(3.61718052776445,0.873193215698484,1.16653285077838));
#5081=CARTESIAN_POINT('Ctrl Pts',(3.61817793960868,0.787545027861236,1.16083354712809));
#5082=CARTESIAN_POINT('Ctrl Pts',(3.61806563761304,0.701559981284952,1.15539412307971));
#5083=CARTESIAN_POINT('Ctrl Pts',(3.61682948922197,0.615218857830954,1.15021709219832));
#5084=CARTESIAN_POINT('Ctrl Pts',(3.6145536352427,0.529066826482809,1.14538451736612));
#5085=CARTESIAN_POINT('Ctrl Pts',(3.61159758347697,0.456390249457673,1.14148334507374));
#5086=CARTESIAN_POINT('Ctrl Pts',(3.60880710958035,0.398859658212601,1.13859811290489));
#5087=CARTESIAN_POINT('Ctrl Pts',(3.60642212297939,0.355600758401349,1.13649319183746));
#5088=CARTESIAN_POINT('Ctrl Pts',(3.60419537893496,0.319493316536364,1.13479475317896));
#5089=CARTESIAN_POINT('Ctrl Pts',(3.60230513021115,0.290738749934235,1.13348789753533));
#5090=CARTESIAN_POINT('Ctrl Pts',(3.59937432695212,0.24779538100568,1.13158383211216));
#5091=CARTESIAN_POINT('Ctrl Pts',(3.59605339103891,0.208100240344653,1.1297744214812));
#5092=CARTESIAN_POINT('Ctrl Pts',(3.59338095812161,0.175884975817996,1.1284695755619));
#5093=CARTESIAN_POINT('Ctrl Pts',(3.59278705921169,0.168752140910124,1.12818381070558));
#5094=CARTESIAN_POINT('Ctrl Pts',(3.59202380940921,0.159789772721759,1.12782475456854));
#5095=CARTESIAN_POINT('Ctrl Pts',(3.59109454225902,0.149052153902334,1.12740014883647));
#5096=CARTESIAN_POINT('Ctrl Pts',(3.59014756975911,0.138311683688795,1.12697967847748));
#5097=CARTESIAN_POINT('Ctrl Pts',(3.58934043780374,0.129344880134529,1.1266315034741));
#5098=CARTESIAN_POINT('Ctrl Pts',(3.5886942569508,0.122207337366288,1.12635854802113));
#5099=CARTESIAN_POINT('Ctrl Pts',(3.58820412556486,0.116848806382119,1.12615445277573));
#5100=CARTESIAN_POINT('Ctrl Pts',(3.58771069180977,0.111494641704603,1.12595186472932));
#5101=CARTESIAN_POINT('Ctrl Pts',(3.58729414475343,0.107024695046409,1.12578325694033));
#5102=CARTESIAN_POINT('Ctrl Pts',(3.5869617872405,0.103461870611176,1.12565013088743));
#5103=CARTESIAN_POINT('Ctrl Pts',(3.5867524907461,0.101232053980147,1.12556689034571));
#5104=CARTESIAN_POINT('Ctrl Pts',(3.58658542513145,0.0994521344617179,1.12550079286759));
#5105=CARTESIAN_POINT('Ctrl Pts',(3.58648058750349,0.0983388013268884,1.12545946278911));
#5106=CARTESIAN_POINT('Ctrl Pts',(3.58639683440521,0.0974492193849598,1.12542653014098));
#5107=CARTESIAN_POINT('Ctrl Pts',(3.58633389984495,0.0967818002149541,1.12540182881792));
#5108=CARTESIAN_POINT('Ctrl Pts',(3.5862814506677,0.0962258353175486,1.12538127635669));
#5109=CARTESIAN_POINT('Ctrl Pts',(3.58624465121103,0.0958364223314729,1.12536687943641));
#5110=CARTESIAN_POINT('Ctrl Pts',(3.58622636844788,0.0956422475816753,1.12535972619044));
#5111=CARTESIAN_POINT('Ctrl Pts',(3.58621574709147,0.0955305548545474,1.12535557968562));
#5112=CARTESIAN_POINT('Ctrl Pts',(3.58621074217468,0.0954760196276249,1.12535361279273));
#5113=CARTESIAN_POINT('Ctrl Pts',(3.58416096015646,0.075570336831284,1.12456519379056));
#5114=CARTESIAN_POINT('Ctrl Pts',(3.56601079010293,-0.0282524200448723,
1.1185184377639));
#5115=CARTESIAN_POINT('Ctrl Pts',(3.55039241471576,-0.119954586273451,1.11294713750688));
#5116=CARTESIAN_POINT('Ctrl Pts',(3.54059169924952,-0.176143695058588,1.10941986202217));
#5117=CARTESIAN_POINT('Ctrl Pts',(5.75261346934195,3.93737738963715,1.68771662687431));
#5118=CARTESIAN_POINT('Ctrl Pts',(5.78700925346182,3.86410555335164,1.6901163009797));
#5119=CARTESIAN_POINT('Ctrl Pts',(5.83697141623637,3.75286121852192,1.69378733731126));
#5120=CARTESIAN_POINT('Ctrl Pts',(5.91597108136428,3.56306385767386,1.69984621064138));
#5121=CARTESIAN_POINT('Ctrl Pts',(5.96103417802628,3.44684563526374,1.70345855736392));
#5122=CARTESIAN_POINT('Ctrl Pts',(6.00045028946997,3.34040755793868,1.70657850987882));
#5123=CARTESIAN_POINT('Ctrl Pts',(6.02329471255504,3.29552893435727,1.70643328783469));
#5124=CARTESIAN_POINT('Ctrl Pts',(6.06661356224406,3.19823980364695,1.7072581889574));
#5125=CARTESIAN_POINT('Ctrl Pts',(6.11931426292921,3.0780507522601,1.70799621524858));
#5126=CARTESIAN_POINT('Ctrl Pts',(6.17895622558576,2.92986658593214,1.70931379318175));
#5127=CARTESIAN_POINT('Ctrl Pts',(6.2354271005157,2.78038120592608,1.7106735857013));
#5128=CARTESIAN_POINT('Ctrl Pts',(6.28847704084339,2.62869233506962,1.71220203489755));
#5129=CARTESIAN_POINT('Ctrl Pts',(6.33815450118723,2.47546943374286,1.71381665755323));
#5130=CARTESIAN_POINT('Ctrl Pts',(6.38440084040266,2.3206923609536,1.7154920590075));
#5131=CARTESIAN_POINT('Ctrl Pts',(6.42718416999343,2.16460437601953,1.71723365473814));
#5132=CARTESIAN_POINT('Ctrl Pts',(6.46648814578549,2.00740576575347,1.71900747785464));
#5133=CARTESIAN_POINT('Ctrl Pts',(6.50232018849677,1.84927753441682,1.72077501035486));
#5134=CARTESIAN_POINT('Ctrl Pts',(6.53461176604377,1.69038702201605,1.72256540595004));
#5135=CARTESIAN_POINT('Ctrl Pts',(6.56353175870692,1.53027640651703,1.72433270160749));
#5136=CARTESIAN_POINT('Ctrl Pts',(6.58901150420454,1.36915726434759,1.72607734942105));
#5137=CARTESIAN_POINT('Ctrl Pts',(6.61102828772689,1.20709493595392,1.72778874147534));
#5138=CARTESIAN_POINT('Ctrl Pts',(6.62963053135599,1.04454084820672,1.72941585183153));
#5139=CARTESIAN_POINT('Ctrl Pts',(6.64211232854691,0.908118134150673,1.73077975589873));
#5140=CARTESIAN_POINT('Ctrl Pts',(6.65044784643889,0.799163225014987,1.73178852823255));
#5141=CARTESIAN_POINT('Ctrl Pts',(6.65581097311165,0.717295201554578,1.73253392008813));
#5142=CARTESIAN_POINT('Ctrl Pts',(6.6595441755446,0.648977222900215,1.73314168842763));
#5143=CARTESIAN_POINT('Ctrl Pts',(6.66211309528894,0.594377606180566,1.73360993098603));
#5144=CARTESIAN_POINT('Ctrl Pts',(6.66555689670307,0.512573462964171,1.73429197351317));
#5145=CARTESIAN_POINT('Ctrl Pts',(6.66730589331662,0.439607107019597,1.73498125968797));
#5146=CARTESIAN_POINT('Ctrl Pts',(6.66837181447702,0.378200032220288,1.73545774657525));
#5147=CARTESIAN_POINT('Ctrl Pts',(6.66859428560329,0.364570320779102,1.73556179365901));
#5148=CARTESIAN_POINT('Ctrl Pts',(6.66883155036886,0.347503306232768,1.73569340794101));
#5149=CARTESIAN_POINT('Ctrl Pts',(6.66906420857496,0.327033364186435,1.73584908118951));
#5150=CARTESIAN_POINT('Ctrl Pts',(6.66924190241297,0.306561413667463,1.73600357821781));
#5151=CARTESIAN_POINT('Ctrl Pts',(6.66934217606119,0.289490898445501,1.73613196374701));
#5152=CARTESIAN_POINT('Ctrl Pts',(6.66940031818327,0.275857590370888,1.73623227455155));
#5153=CARTESIAN_POINT('Ctrl Pts',(6.66942952906643,0.265629201623766,1.7363074180181));
#5154=CARTESIAN_POINT('Ctrl Pts',(6.66944573465848,0.255403823490572,1.73638201876513));
#5155=CARTESIAN_POINT('Ctrl Pts',(6.66944679103752,0.246876897071275,1.73644426098924));
#5156=CARTESIAN_POINT('Ctrl Pts',(6.6694427537012,0.240063546397448,1.73649326699289));
#5157=CARTESIAN_POINT('Ctrl Pts',(6.66943696996459,0.23580312693069,1.73652396042345));
#5158=CARTESIAN_POINT('Ctrl Pts',(6.66943121607006,0.232397258874462,1.7365482902117));
#5159=CARTESIAN_POINT('Ctrl Pts',(6.66942678735492,0.230267996385127,1.73656351751121));
#5160=CARTESIAN_POINT('Ctrl Pts',(6.66942297710357,0.228565269067475,1.73657563923446));
#5161=CARTESIAN_POINT('Ctrl Pts',(6.66941987441798,0.227288065910269,1.73658473484176));
#5162=CARTESIAN_POINT('Ctrl Pts',(6.66941714353021,0.226223864081433,1.73659230115328));
#5163=CARTESIAN_POINT('Ctrl Pts',(6.66941510552585,0.225478766102221,1.73659760413907));
#5164=CARTESIAN_POINT('Ctrl Pts',(6.66941413940936,0.225106559275118,1.73660023311808));
#5165=CARTESIAN_POINT('Ctrl Pts',(6.66941347557702,0.22489339482865,1.73660176530417));
#5166=CARTESIAN_POINT('Ctrl Pts',(6.66941332886822,0.22478765829231,1.73660247763193));
#5167=CARTESIAN_POINT('Ctrl Pts',(6.66913923131199,0.188224315131507,1.736906279777));
#5168=CARTESIAN_POINT('Ctrl Pts',(6.66027846262674,0.061984970992622,1.73933886576188));
#5169=CARTESIAN_POINT('Ctrl Pts',(6.65187164879087,-0.0565404338868449,
1.74059796728363));
#5170=CARTESIAN_POINT('Ctrl Pts',(6.64621630746211,-0.128429215728421,1.74109906838313));
#5171=CARTESIAN_POINT('Ctrl Pts',(7.85190725207116,5.60175760121025,0.782207505471462));
#5172=CARTESIAN_POINT('Ctrl Pts',(7.91604056564795,5.50962292132064,0.782967359826572));
#5173=CARTESIAN_POINT('Ctrl Pts',(8.00969964640139,5.36973854638928,0.784145502404645));
#5174=CARTESIAN_POINT('Ctrl Pts',(8.15955084452292,5.13237269185789,0.786265934738022));
#5175=CARTESIAN_POINT('Ctrl Pts',(8.24593605554872,4.98724878812021,0.787519921048573));
#5176=CARTESIAN_POINT('Ctrl Pts',(8.32203962170516,4.85436140503312,0.788601428218287));
#5177=CARTESIAN_POINT('Ctrl Pts',(8.3622208546125,4.78708318878374,0.788035175065033));
#5178=CARTESIAN_POINT('Ctrl Pts',(8.44064802357173,4.64940615705143,0.787667434652513));
#5179=CARTESIAN_POINT('Ctrl Pts',(8.53548731567368,4.47592717317418,0.787072966444055));
#5180=CARTESIAN_POINT('Ctrl Pts',(8.64391464711492,4.26392788315044,0.786771117851267));
#5181=CARTESIAN_POINT('Ctrl Pts',(8.74692637544159,4.04904179297512,0.786600586158078));
#5182=CARTESIAN_POINT('Ctrl Pts',(8.84440685317008,3.83119613428842,0.786648602725842));
#5183=CARTESIAN_POINT('Ctrl Pts',(8.93627499970992,3.61077964939975,0.786836100639025));
#5184=CARTESIAN_POINT('Ctrl Pts',(9.02247727223813,3.38797687738847,0.787173208006398));
#5185=CARTESIAN_POINT('Ctrl Pts',(9.10292447372867,3.16306800453752,0.787616882645018));
#5186=CARTESIAN_POINT('Ctrl Pts',(9.17757297305723,2.9363330938176,0.788154550843231));
#5187=CARTESIAN_POINT('Ctrl Pts',(9.24641116877809,2.70798083948434,0.788770529104564));
#5188=CARTESIAN_POINT('Ctrl Pts',(9.30934203835107,2.47841243575892,0.78944120011464));
#5189=CARTESIAN_POINT('Ctrl Pts',(9.36664302812581,2.24683161662019,0.790158767573707));
#5190=CARTESIAN_POINT('Ctrl Pts',(9.41819449160026,2.01360098012861,0.79090703592597));
#5191=CARTESIAN_POINT('Ctrl Pts',(9.46396414179553,1.77887471428382,0.7916757240455));
#5192=CARTESIAN_POINT('Ctrl Pts',(9.50393238943782,1.54297577110821,0.792446660437498));
#5193=CARTESIAN_POINT('Ctrl Pts',(9.532316748525,1.34543048014575,0.793098639416203));
#5194=CARTESIAN_POINT('Ctrl Pts',(9.5521223293824,1.18711190434491,0.793603217540807));
#5195=CARTESIAN_POINT('Ctrl Pts',(9.5655008314064,1.06819274501631,0.793979092691281));
#5196=CARTESIAN_POINT('Ctrl Pts',(9.57542125007083,0.968971478186433,0.794289158001686));
#5197=CARTESIAN_POINT('Ctrl Pts',(9.58262805594071,0.889563848983779,0.79453155361167));
#5198=CARTESIAN_POINT('Ctrl Pts',(9.59271076998772,0.770439858823864,0.794887917191233));
#5199=CARTESIAN_POINT('Ctrl Pts',(9.59983054084556,0.665746740460389,0.795236591781606));
#5200=CARTESIAN_POINT('Ctrl Pts',(9.60484140417005,0.576312670335111,0.795490741940703));
#5201=CARTESIAN_POINT('Ctrl Pts',(9.60592546686765,0.556442679382138,0.795546493445067));
#5202=CARTESIAN_POINT('Ctrl Pts',(9.60722121810396,0.531596278777675,0.795616850654792));
#5203=CARTESIAN_POINT('Ctrl Pts',(9.60868512347867,0.501783130046123,0.795700378509293));
#5204=CARTESIAN_POINT('Ctrl Pts',(9.61005718403538,0.471969424712087,0.795783416382392));
#5205=CARTESIAN_POINT('Ctrl Pts',(9.61112352819516,0.447121888602759,0.795852522617689));
#5206=CARTESIAN_POINT('Ctrl Pts',(9.61193223298735,0.427250892447838,0.79590672383374));
#5207=CARTESIAN_POINT('Ctrl Pts',(9.61251565086892,0.412346823974449,0.795947353487326));
#5208=CARTESIAN_POINT('Ctrl Pts',(9.61307633462716,0.397444085926202,0.795987742746093));
#5209=CARTESIAN_POINT('Ctrl Pts',(9.61352424800521,0.385022575799958,0.796021457212588));
#5210=CARTESIAN_POINT('Ctrl Pts',(9.61387168529447,0.375087357486315,0.796048054564127));
#5211=CARTESIAN_POINT('Ctrl Pts',(9.61408396144122,0.368877061957347,0.796064715219611));
#5212=CARTESIAN_POINT('Ctrl Pts',(9.6142510837505,0.363909445525479,0.796077934768728));
#5213=CARTESIAN_POINT('Ctrl Pts',(9.614354312572,0.360804469976385,0.796086209130524));
#5214=CARTESIAN_POINT('Ctrl Pts',(9.6144362245549,0.3583206644299,0.796092798898956));
#5215=CARTESIAN_POINT('Ctrl Pts',(9.61449729327626,0.35645775179201,0.796097744222937));
#5216=CARTESIAN_POINT('Ctrl Pts',(9.61454789465064,0.35490535444416,0.796101858113909));
#5217=CARTESIAN_POINT('Ctrl Pts',(9.61458315124274,0.353818624338032,0.796104742502217));
#5218=CARTESIAN_POINT('Ctrl Pts',(9.61460076012501,0.35327535908161,0.796106171881535));
#5219=CARTESIAN_POINT('Ctrl Pts',(9.61461078420818,0.352964781011533,0.79610700599002));
#5220=CARTESIAN_POINT('Ctrl Pts',(9.61461584068202,0.352809741879602,0.796107392030602));
#5221=CARTESIAN_POINT('Ctrl Pts',(9.61625764818917,0.300383196785949,0.796274284691611));
#5222=CARTESIAN_POINT('Ctrl Pts',(9.61767460324372,0.158995406853487,0.797780103398139));
#5223=CARTESIAN_POINT('Ctrl Pts',(9.61748702016278,0.0198530119257317,0.798407354527115));
#5224=CARTESIAN_POINT('Ctrl Pts',(9.61662163137748,-0.0638803385133858,
0.79860188378018));
#5225=CARTESIAN_POINT('Ctrl Pts',(8.65495660440825,6.24529258376358,0.188819928582125));
#5226=CARTESIAN_POINT('Ctrl Pts',(8.73023322875378,6.14564991831448,0.187239372439534));
#5227=CARTESIAN_POINT('Ctrl Pts',(8.84026194449355,5.99439618873986,0.184926240232615));
#5228=CARTESIAN_POINT('Ctrl Pts',(9.01642257563932,5.73828302769226,0.181121692869554));
#5229=CARTESIAN_POINT('Ctrl Pts',(9.11811671528105,5.58182809068649,0.178834768989025));
#5230=CARTESIAN_POINT('Ctrl Pts',(9.2077539757469,5.43862614105732,0.176729321812329));
#5231=CARTESIAN_POINT('Ctrl Pts',(9.25465341758411,5.36256373892986,0.175641120969271));
#5232=CARTESIAN_POINT('Ctrl Pts',(9.34645535333922,5.20908257220268,0.173561489273398));
#5233=CARTESIAN_POINT('Ctrl Pts',(9.45742676078805,5.01475524652323,0.171137375976801));
#5234=CARTESIAN_POINT('Ctrl Pts',(9.58442006210172,4.77784335388511,0.168490479288349));
#5235=CARTESIAN_POINT('Ctrl Pts',(9.7051280960833,4.53746211627671,0.166087480144577));
#5236=CARTESIAN_POINT('Ctrl Pts',(9.81944523097173,4.29387543686655,0.163910848472636));
#5237=CARTESIAN_POINT('Ctrl Pts',(9.92727783305466,4.04735078825947,0.161943680462098));
#5238=CARTESIAN_POINT('Ctrl Pts',(10.0285404004962,3.79817492044779,0.160169807712579));
#5239=CARTESIAN_POINT('Ctrl Pts',(10.12316627515,3.54661664255838,0.158573723636733));
#5240=CARTESIAN_POINT('Ctrl Pts',(10.2110900270651,3.29299783727849,0.157140861483385));
#5241=CARTESIAN_POINT('Ctrl Pts',(10.2922829527114,3.03754781315935,0.155857131424066));
#5242=CARTESIAN_POINT('Ctrl Pts',(10.366674060604,2.7807314267263,0.154710082725729));
#5243=CARTESIAN_POINT('Ctrl Pts',(10.4345586628871,2.52164204659327,0.153682829003145));
#5244=CARTESIAN_POINT('Ctrl Pts',(10.4958120209318,2.26069103343462,0.152765960216168));
#5245=CARTESIAN_POINT('Ctrl Pts',(10.5503995781758,1.99806661358292,0.151949448455964));
#5246=CARTESIAN_POINT('Ctrl Pts',(10.5982651417628,1.73405407610811,0.15122445631011));
#5247=CARTESIAN_POINT('Ctrl Pts',(10.6325264997574,1.51309198374073,0.15068952391758));
#5248=CARTESIAN_POINT('Ctrl Pts',(10.6565466271304,1.33588853642934,0.150299297881937));
#5249=CARTESIAN_POINT('Ctrl Pts',(10.6728661991395,1.2028007607193,0.150024584363103));
#5250=CARTESIAN_POINT('Ctrl Pts',(10.6850518647288,1.09176819667651,0.149809897701924));
#5251=CARTESIAN_POINT('Ctrl Pts',(10.6939519575531,1.00288309705401,0.149646279734878));
#5252=CARTESIAN_POINT('Ctrl Pts',(10.7064538053167,0.86950475625701,0.149408787620001));
#5253=CARTESIAN_POINT('Ctrl Pts',(10.7155376961345,0.752705009013484,0.149217890911915));
#5254=CARTESIAN_POINT('Ctrl Pts',(10.7219746700985,0.652576650051021,0.149065418577337));
#5255=CARTESIAN_POINT('Ctrl Pts',(10.7233698527008,0.630325604900098,0.149031825948087));
#5256=CARTESIAN_POINT('Ctrl Pts',(10.7250477410519,0.60251137349245,0.148990375252489));
#5257=CARTESIAN_POINT('Ctrl Pts',(10.7269555036152,0.569134143966696,0.14894148814343));
#5258=CARTESIAN_POINT('Ctrl Pts',(10.7287576105246,0.535757289504608,0.148893444111934));
#5259=CARTESIAN_POINT('Ctrl Pts',(10.7301713645465,0.507943940661723,0.148854101237197));
#5260=CARTESIAN_POINT('Ctrl Pts',(10.731249588884,0.485694003835754,0.148823038212345));
#5261=CARTESIAN_POINT('Ctrl Pts',(10.7320318804345,0.469006873502619,0.148799945134078));
#5262=CARTESIAN_POINT('Ctrl Pts',(10.7327877870537,0.45232048124198,0.148777055463217));
#5263=CARTESIAN_POINT('Ctrl Pts',(10.7333958080397,0.438413991910429,0.14875814669891));
#5264=CARTESIAN_POINT('Ctrl Pts',(10.7338690747006,0.427288313395409,0.148743118935333));
#5265=CARTESIAN_POINT('Ctrl Pts',(10.7341593892077,0.420334529746752,0.148733767752298));
#5266=CARTESIAN_POINT('Ctrl Pts',(10.7343883537227,0.414771379270423,0.148726311456966));
#5267=CARTESIAN_POINT('Ctrl Pts',(10.7345300871448,0.411294356151827,0.148721661521523));
#5268=CARTESIAN_POINT('Ctrl Pts',(10.7346426521497,0.408512706942145,0.14871794771647));
#5269=CARTESIAN_POINT('Ctrl Pts',(10.7347266650688,0.406426454418876,0.148715165430908));
#5270=CARTESIAN_POINT('Ctrl Pts',(10.734796333462,0.404687897891883,0.148712849415063));
#5271=CARTESIAN_POINT('Ctrl Pts',(10.7348449215935,0.403470901636103,0.148711229544288));
#5272=CARTESIAN_POINT('Ctrl Pts',(10.7348691707188,0.402862401868776,0.148710419944297));
#5273=CARTESIAN_POINT('Ctrl Pts',(10.7348830145284,0.402514687217698,0.148709957410885));
#5274=CARTESIAN_POINT('Ctrl Pts',(10.7348899321438,0.402340829778269,0.14870972617704));
#5275=CARTESIAN_POINT('Ctrl Pts',(10.7372150592015,0.343886547559805,0.148631985131506));
#5276=CARTESIAN_POINT('Ctrl Pts',(10.7421165047418,0.197916477166268,0.148272153937415));
#5277=CARTESIAN_POINT('Ctrl Pts',(10.7447690255711,0.0518689722086078,0.147491675226214));
#5278=CARTESIAN_POINT('Ctrl Pts',(10.7455561134456,-0.0357587545669956,
0.146868895027056));
#5279=CARTESIAN_POINT('',(10.0958372126261,3.61798123607386,0.159038007767099));
#5280=CARTESIAN_POINT('Ctrl Pts',(9.96025559613991,3.96514514265371,0.161370289027104));
#5281=CARTESIAN_POINT('Ctrl Pts',(9.98314380427641,3.90954366325225,0.160966157313677));
#5282=CARTESIAN_POINT('Ctrl Pts',(10.0294384554977,3.79420277756544,0.160159870528252));
#5283=CARTESIAN_POINT('Ctrl Pts',(10.0736067740756,3.67809859056568,0.159410545526741));
#5284=CARTESIAN_POINT('Ctrl Pts',(10.0958388999088,3.61797346347046,0.159037981919836));
#5285=CARTESIAN_POINT('',(10.6815767544062,1.12270593769213,0.149870496379191));
#5286=CARTESIAN_POINT('Ctrl Pts',(10.0958388999088,3.61797346347045,0.159037981919836));
#5287=CARTESIAN_POINT('Ctrl Pts',(10.1046657368444,3.59410194094566,0.158890062722592));
#5288=CARTESIAN_POINT('Ctrl Pts',(10.1441449958589,3.48610286821866,0.158231840877243));
#5289=CARTESIAN_POINT('Ctrl Pts',(10.2110900270651,3.29299783727849,0.157140861483385));
#5290=CARTESIAN_POINT('Ctrl Pts',(10.2922829527114,3.03754781315935,0.155857131424066));
#5291=CARTESIAN_POINT('Ctrl Pts',(10.366674060604,2.7807314267263,0.154710082725729));
#5292=CARTESIAN_POINT('Ctrl Pts',(10.4345586628871,2.52164204659327,0.153682829003145));
#5293=CARTESIAN_POINT('Ctrl Pts',(10.4958120209318,2.26069103343462,0.152765960216168));
#5294=CARTESIAN_POINT('Ctrl Pts',(10.5503995781758,1.99806661358292,0.151949448455964));
#5295=CARTESIAN_POINT('Ctrl Pts',(10.5982651417628,1.73405407610811,0.15122445631011));
#5296=CARTESIAN_POINT('Ctrl Pts',(10.6325264997574,1.51309198374073,0.15068952391758));
#5297=CARTESIAN_POINT('Ctrl Pts',(10.6565466271304,1.33588853642934,0.150299297881937));
#5298=CARTESIAN_POINT('Ctrl Pts',(10.670696137132,1.22049783792034,0.150061113836415));
#5299=CARTESIAN_POINT('Ctrl Pts',(10.6786808545381,1.14940508889489,0.149921802351433));
#5300=CARTESIAN_POINT('Ctrl Pts',(10.6815763157784,1.12270739702373,0.14987050089727));
#5301=CARTESIAN_POINT('Ctrl Pts',(10.6815763157784,1.12270739702373,0.14987050089727));
#5302=CARTESIAN_POINT('Ctrl Pts',(10.6834979438314,1.10498896483114,0.14983645370917));
#5303=CARTESIAN_POINT('Ctrl Pts',(10.6877267034373,1.06505462078848,0.149760723869663));
#5304=CARTESIAN_POINT('Ctrl Pts',(10.6939519575531,1.00288309705401,0.149646279734878));
#5305=CARTESIAN_POINT('Ctrl Pts',(10.7046678924438,0.888558107433038,0.149442713823006));
#5306=CARTESIAN_POINT('Ctrl Pts',(10.7120871491664,0.796401576289724,0.149289785785627));
#5307=CARTESIAN_POINT('Ctrl Pts',(10.7170184446149,0.726476202465612,0.149179660722167));
#5308=CARTESIAN_POINT('Ctrl Pts',(9.87561288195642,1.02170556092227,0.565346023481298));
#5309=CARTESIAN_POINT('Ctrl Pts',(9.09339743298301,0.923681247721514,0.91938132123133));
#5310=CARTESIAN_POINT('Ctrl Pts',(8.26317867047801,0.819641338885983,1.15869741620451));
#5311=CARTESIAN_POINT('Ctrl Pts',(6.23293892139999,0.565219290206882,1.43464386380167));
#5312=CARTESIAN_POINT('Ctrl Pts',(5.03608111964058,0.415233548848268,1.35638912663716));
#5313=CARTESIAN_POINT('Ctrl Pts',(3.70289754176549,0.24816397132554,0.994187102623967));
#5314=CARTESIAN_POINT('Ctrl Pts',(3.51880796302015,0.225094554136692,0.937695200416648));
#5315=CARTESIAN_POINT('Ctrl Pts',(3.33671442703739,0.202275273558133,0.875301569292407));
#5316=CARTESIAN_POINT('Ctrl Pts',(2.66448205656255,-0.185641870402165,0.607173180236173));
#5317=CARTESIAN_POINT('Ctrl Pts',(2.48330732637283,-0.180482347699971,0.528988211047762));
#5318=CARTESIAN_POINT('Ctrl Pts',(2.30455413673684,-0.175113647982268,0.444732296648254));
#5319=CARTESIAN_POINT('Ctrl Pts',(2.12856309908545,-0.169420223651504,0.354398929959798));
#5320=CARTESIAN_POINT('Ctrl Pts',(2.09011784344315,-0.168176494670771,0.334665599094129));
#5321=CARTESIAN_POINT('Ctrl Pts',(2.05180455575145,-0.166917378729772,0.314642191253143));
#5322=CARTESIAN_POINT('Ctrl Pts',(2.01362706292255,-0.165641816149196,0.294328557803564));
#5323=CARTESIAN_POINT('Origin',(0.,0.,0.));
#5324=CARTESIAN_POINT('Origin',(0.,0.,0.));
#5325=CARTESIAN_POINT('Origin',(0.,0.,0.));
#5326=CARTESIAN_POINT('Origin',(5.55111512312578E-16,1.11022302462516E-15,
0.144337567297405));
#5327=CARTESIAN_POINT('Origin',(0.,0.,0.));
#5328=CARTESIAN_POINT('Ctrl Pts',(0.752710360469634,-2.58231873326513,0.679538306142192));
#5329=CARTESIAN_POINT('Ctrl Pts',(0.659538040462439,-2.53744930877425,0.644128496873655));
#5330=CARTESIAN_POINT('Ctrl Pts',(0.562218628836959,-2.49058275021835,0.607185065879155));
#5331=CARTESIAN_POINT('Ctrl Pts',(0.443479333981792,-2.43340091956106,0.562071755403457));
#5332=CARTESIAN_POINT('Ctrl Pts',(0.431461864844196,-2.42761361144211,0.557549669632178));
#5333=CARTESIAN_POINT('Ctrl Pts',(0.393309860025279,-2.40924057426474,0.543321369636794));
#5334=CARTESIAN_POINT('Ctrl Pts',(0.332928628291575,-2.38016250560954,0.521340173094941));
#5335=CARTESIAN_POINT('Ctrl Pts',(0.241012310264886,-2.33589793979433,0.489405945831621));
#5336=CARTESIAN_POINT('Ctrl Pts',(0.130941150110247,-2.28289046280141,0.453786480686845));
#5337=CARTESIAN_POINT('Ctrl Pts',(0.0192337938482324,-2.22909503529259,
0.420646221065468));
#5338=CARTESIAN_POINT('Ctrl Pts',(-0.0920878486074833,-2.17548535776338,
0.390835692147078));
#5339=CARTESIAN_POINT('Ctrl Pts',(-0.203506751772567,-2.12182884194472,
0.364264433002715));
#5340=CARTESIAN_POINT('Ctrl Pts',(-0.297661571261618,-2.07648627064379,
0.344999149879304));
#5341=CARTESIAN_POINT('Ctrl Pts',(-0.35545451970704,-2.04865465352761,0.334545644603561));
#5342=CARTESIAN_POINT('Ctrl Pts',(-0.378224555129936,-2.03768918239874,
0.330638181177914));
#5343=CARTESIAN_POINT('Ctrl Pts',(-0.385028775858691,-2.03441244239502,
0.329484426695266));
#5344=CARTESIAN_POINT('Ctrl Pts',(-0.391852593646088,-2.03112626494528,
0.328342640318654));
#5345=CARTESIAN_POINT('Ctrl Pts',(-0.400922075927073,-2.02675863247307,
0.326844256622754));
#5346=CARTESIAN_POINT('Ctrl Pts',(-0.410111236018417,-2.0223333662051,0.3253574462244));
#5347=CARTESIAN_POINT('Ctrl Pts',(-0.417483859153018,-2.01878289802949,
0.324187620262912));
#5348=CARTESIAN_POINT('Ctrl Pts',(-0.420874531152887,-2.01715003645366,
0.323654179921939));
#5349=CARTESIAN_POINT('Ctrl Pts',(-0.422569213912869,-2.01633392024953,
0.323388480427312));
#5350=CARTESIAN_POINT('Ctrl Pts',(-0.423980320588869,-2.01565436708994,
0.323168017570376));
#5351=CARTESIAN_POINT('Ctrl Pts',(-0.424970479413911,-2.01517753173121,
0.323013724364054));
#5352=CARTESIAN_POINT('Ctrl Pts',(-0.425460481494089,-2.01494155916624,
0.32293746740533));
#5353=CARTESIAN_POINT('Ctrl Pts',(-0.42574770893854,-2.01480323771916,0.322892798532665));
#5354=CARTESIAN_POINT('Ctrl Pts',(-0.425878466837947,-2.0147402680336,0.322872470185909));
#5355=CARTESIAN_POINT('Ctrl Pts',(-0.447060211900096,-2.00453967722832,
0.319580980818599));
#5356=CARTESIAN_POINT('Ctrl Pts',(-0.522740181543143,-1.96809412469043,
0.307821303993396));
#5357=CARTESIAN_POINT('Ctrl Pts',(-0.592326164969261,-1.9345832812455,0.297007223841589));
#5358=CARTESIAN_POINT('Ctrl Pts',(-0.614269365416682,-1.9240159928538,0.293597178898857));
#5359=CARTESIAN_POINT('Ctrl Pts',(-0.635307398943056,-1.91388460987788,
0.290327461109087));
#5360=CARTESIAN_POINT('Ctrl Pts',(1.35976380357788,-3.90843081885245,1.29727299590935));
#5361=CARTESIAN_POINT('Ctrl Pts',(1.22962357153231,-3.88999208603154,1.28118603792483));
#5362=CARTESIAN_POINT('Ctrl Pts',(1.09503068477163,-3.86731100847513,1.26399698900586));
#5363=CARTESIAN_POINT('Ctrl Pts',(0.93236198121584,-3.83575467774792,1.2427440156572));
#5364=CARTESIAN_POINT('Ctrl Pts',(0.903967792242317,-3.83650764333172,1.24023816129538));
#5365=CARTESIAN_POINT('Ctrl Pts',(0.834553707628066,-3.83126977811777,1.23305736472658));
#5366=CARTESIAN_POINT('Ctrl Pts',(0.718219612889837,-3.82329120875617,1.22184736079142));
#5367=CARTESIAN_POINT('Ctrl Pts',(0.54586279032808,-3.80492462225352,1.20575118465915));
#5368=CARTESIAN_POINT('Ctrl Pts',(0.338159558705652,-3.77548985182124,1.18827838699155));
#5369=CARTESIAN_POINT('Ctrl Pts',(0.128688214156388,-3.73806964189607,1.17212422273405));
#5370=CARTESIAN_POINT('Ctrl Pts',(-0.0803162059895215,-3.69367111178494,
1.1577131694946));
#5371=CARTESIAN_POINT('Ctrl Pts',(-0.289539064340309,-3.64215751396518,
1.14506187544893));
#5372=CARTESIAN_POINT('Ctrl Pts',(-0.464529570661647,-3.59295440570627,
1.13577381035668));
#5373=CARTESIAN_POINT('Ctrl Pts',(-0.572458775457901,-3.55997892131212,
1.13082145046721));
#5374=CARTESIAN_POINT('Ctrl Pts',(-0.615225647306676,-3.54654357121175,
1.12898321729233));
#5375=CARTESIAN_POINT('Ctrl Pts',(-0.628025348685874,-3.54249797802463,
1.12844203212898));
#5376=CARTESIAN_POINT('Ctrl Pts',(-0.640836305670317,-3.5384185120477,1.12790560015986));
#5377=CARTESIAN_POINT('Ctrl Pts',(-0.657883038010479,-3.53295692068845,
1.12720271415348));
#5378=CARTESIAN_POINT('Ctrl Pts',(-0.675023101118692,-3.52739377829615,
1.12650200257589));
#5379=CARTESIAN_POINT('Ctrl Pts',(-0.688854682297536,-3.52287143124651,
1.12595322154855));
#5380=CARTESIAN_POINT('Ctrl Pts',(-0.695226111218961,-3.52078122214119,
1.12570323299468));
#5381=CARTESIAN_POINT('Ctrl Pts',(-0.698410899863579,-3.51973476012136,
1.12557877441211));
#5382=CARTESIAN_POINT('Ctrl Pts',(-0.701063627652009,-3.51886186974713,
1.12547546539761));
#5383=CARTESIAN_POINT('Ctrl Pts',(-0.702922468997525,-3.51824909229849,
1.12540321139637));
#5384=CARTESIAN_POINT('Ctrl Pts',(-0.703847393704456,-3.51794471870235,
1.12536749500386));
#5385=CARTESIAN_POINT('Ctrl Pts',(-0.704382254847664,-3.51776761796265,
1.12534659065137));
#5386=CARTESIAN_POINT('Ctrl Pts',(-0.704638395331726,-3.51768460383653,
1.12533705255783));
#5387=CARTESIAN_POINT('Ctrl Pts',(-0.740193281225557,-3.50535067561493,
1.12380414431111));
#5388=CARTESIAN_POINT('Ctrl Pts',(-0.823489485888341,-3.46926794821425,
1.11828615049463));
#5389=CARTESIAN_POINT('Ctrl Pts',(-0.908226346589456,-3.43418611146672,
1.11284591505186));
#5390=CARTESIAN_POINT('Ctrl Pts',(-0.934304928654694,-3.42322676312781,
1.11111499983603));
#5391=CARTESIAN_POINT('Ctrl Pts',(-0.959583176510473,-3.41262601371608,
1.10941986202433));
#5392=CARTESIAN_POINT('Ctrl Pts',(2.558582086534,-6.48453246155817,1.68772364994513));
#5393=CARTESIAN_POINT('Ctrl Pts',(2.3606758484559,-6.52764496933601,1.69372844498296));
#5394=CARTESIAN_POINT('Ctrl Pts',(2.1576895747968,-6.56255987744846,1.7000009121149));
#5395=CARTESIAN_POINT('Ctrl Pts',(1.91414540948725,-6.59435923048702,1.70675119243027));
#5396=CARTESIAN_POINT('Ctrl Pts',(1.85300902748906,-6.60960296967109,1.70657795629019));
#5397=CARTESIAN_POINT('Ctrl Pts',(1.72220553056702,-6.63479030718431,1.70762689632327));
#5398=CARTESIAN_POINT('Ctrl Pts',(1.49512617108573,-6.67562055878871,1.70908315413004));
#5399=CARTESIAN_POINT('Ctrl Pts',(1.16341182066756,-6.71858115698037,1.71223902974153));
#5400=CARTESIAN_POINT('Ctrl Pts',(0.760785844865586,-6.74763068315607,1.71635957373949));
#5401=CARTESIAN_POINT('Ctrl Pts',(0.355329793651686,-6.75354234070952,1.7208695060438));
#5402=CARTESIAN_POINT('Ctrl Pts',(-0.0504688763706274,-6.73719302799837,
1.72531748931217));
#5403=CARTESIAN_POINT('Ctrl Pts',(-0.457720940511855,-6.69866965337935,
1.72951661973808));
#5404=CARTESIAN_POINT('Ctrl Pts',(-0.79657778371695,-6.6477523877626,1.7328213767613));
#5405=CARTESIAN_POINT('Ctrl Pts',(-1.00652642782697,-6.60775840927965,1.73461786746381));
#5406=CARTESIAN_POINT('Ctrl Pts',(-1.09004507824217,-6.59060152197236,1.73528639944457));
#5407=CARTESIAN_POINT('Ctrl Pts',(-1.11506841024533,-6.58537851058522,1.73548318719399));
#5408=CARTESIAN_POINT('Ctrl Pts',(-1.14008454548642,-6.58006676501019,1.73567906163739));
#5409=CARTESIAN_POINT('Ctrl Pts',(-1.17339818349063,-6.5728815921162,1.73593587055647));
#5410=CARTESIAN_POINT('Ctrl Pts',(-1.20674189960056,-6.565497687007,1.73619453416705));
#5411=CARTESIAN_POINT('Ctrl Pts',(-1.23374721873535,-6.55938973748182,1.73639648926742));
#5412=CARTESIAN_POINT('Ctrl Pts',(-1.24619953769507,-6.55654791153671,1.73648844959416));
#5413=CARTESIAN_POINT('Ctrl Pts',(-1.25242438622711,-6.55512196721482,1.73653424137878));
#5414=CARTESIAN_POINT('Ctrl Pts',(-1.25761030491308,-6.55392963538157,1.73657226780719));
#5415=CARTESIAN_POINT('Ctrl Pts',(-1.26124138078015,-6.55309209069697,1.73659888926763));
#5416=CARTESIAN_POINT('Ctrl Pts',(-1.26305392456127,-6.55267411226876,1.73661200272313));
#5417=CARTESIAN_POINT('Ctrl Pts',(-1.264093741951,-6.55243316547195,1.73661974704325));
#5418=CARTESIAN_POINT('Ctrl Pts',(-1.26460633105897,-6.55231608860234,1.73662316121915));
#5419=CARTESIAN_POINT('Ctrl Pts',(-1.32923106372349,-6.53679108820851,1.73722787633489));
#5420=CARTESIAN_POINT('Ctrl Pts',(-1.42454903707926,-6.50604541438111,1.73936366830216));
#5421=CARTESIAN_POINT('Ctrl Pts',(-1.53744534221646,-6.47181830259562,1.74052972186092));
#5422=CARTESIAN_POINT('Ctrl Pts',(-1.57105419419068,-6.46134059921805,1.74086836511718));
#5423=CARTESIAN_POINT('Ctrl Pts',(-1.60413152481831,-6.45100317639133,1.74110918424944));
#5424=CARTESIAN_POINT('Ctrl Pts',(3.71409610762735,-8.90155187712524,0.782207505471459));
#5425=CARTESIAN_POINT('Ctrl Pts',(3.45361357088019,-9.00670877257739,0.784108917688555));
#5426=CARTESIAN_POINT('Ctrl Pts',(3.1880110981819,-9.10006762909217,0.786290586429669));
#5427=CARTESIAN_POINT('Ctrl Pts',(2.87118670784627,-9.19655378603116,0.78865273355182));
#5428=CARTESIAN_POINT('Ctrl Pts',(2.77794126253621,-9.22665415602294,0.787957909641816));
#5429=CARTESIAN_POINT('Ctrl Pts',(2.58799922865427,-9.28302524634972,0.787533046563502));
#5430=CARTESIAN_POINT('Ctrl Pts',(2.25368070038139,-9.37400620243296,0.786706774600769));
#5431=CARTESIAN_POINT('Ctrl Pts',(1.7680351181532,-9.48038152316217,0.786584600562684));
#5432=CARTESIAN_POINT('Ctrl Pts',(1.17714347324156,-9.5703907600018,0.787341376442881));
#5433=CARTESIAN_POINT('Ctrl Pts',(0.582594241984974,-9.62230903607961,0.788775764374771));
#5434=CARTESIAN_POINT('Ctrl Pts',(-0.0129896877610707,-9.63680863285676,
0.790545149549599));
#5435=CARTESIAN_POINT('Ctrl Pts',(-0.611102460846999,-9.61413894876344,
0.79248582569801));
#5436=CARTESIAN_POINT('Ctrl Pts',(-1.10767826300274,-9.56414330127928,0.794092528181695));
#5437=CARTESIAN_POINT('Ctrl Pts',(-1.41582689176728,-9.51874614494772,0.795025787681312));
#5438=CARTESIAN_POINT('Ctrl Pts',(-1.53859092268015,-9.49850361725945,0.795380639861026));
#5439=CARTESIAN_POINT('Ctrl Pts',(-1.57538752015912,-9.49229276907205,0.795485853568707));
#5440=CARTESIAN_POINT('Ctrl Pts',(-1.61215656980199,-9.48594002047555,0.795590578879716));
#5441=CARTESIAN_POINT('Ctrl Pts',(-1.66113594414511,-9.47728550112885,0.795728522864718));
#5442=CARTESIAN_POINT('Ctrl Pts',(-1.71007123792306,-9.46834195617921,0.79586710642006));
#5443=CARTESIAN_POINT('Ctrl Pts',(-1.74976032958725,-9.46085692401783,0.795976337190871));
#5444=CARTESIAN_POINT('Ctrl Pts',(-1.76806836048555,-9.45735934733608,0.796026201570817));
#5445=CARTESIAN_POINT('Ctrl Pts',(-1.77722071229765,-9.45560183393104,0.79605106440817));
#5446=CARTESIAN_POINT('Ctrl Pts',(-1.7848461069566,-9.45413000307837,0.796071703440478));
#5447=CARTESIAN_POINT('Ctrl Pts',(-1.7901835993503,-9.45309571593391,0.796086183206689));
#5448=CARTESIAN_POINT('Ctrl Pts',(-1.79285129733405,-9.4525779862169,0.796093299886877));
#5449=CARTESIAN_POINT('Ctrl Pts',(-1.79437688451367,-9.45228133707491,0.796097531313993));
#5450=CARTESIAN_POINT('Ctrl Pts',(-1.79513745789184,-9.45213386405262,0.79609935037068));
#5451=CARTESIAN_POINT('Ctrl Pts',(-1.8873339930847,-9.43403114039581,0.796444037801309));
#5452=CARTESIAN_POINT('Ctrl Pts',(-1.98835506883124,-9.41099759037192,0.797760469689381));
#5453=CARTESIAN_POINT('Ctrl Pts',(-2.12371297333798,-9.3799214272464,0.798345144840124));
#5454=CARTESIAN_POINT('Ctrl Pts',(-2.16303924303022,-9.37065796677508,0.798508396924861));
#5455=CARTESIAN_POINT('Ctrl Pts',(-2.20217835192552,-9.36129813674578,0.798601883780065));
#5456=CARTESIAN_POINT('Ctrl Pts',(4.16280103268898,-9.82766711092953,0.188819928582121));
#5457=CARTESIAN_POINT('Ctrl Pts',(3.8777971762231,-9.95582859949517,0.184864843322537));
#5458=CARTESIAN_POINT('Ctrl Pts',(3.58782223616648,-10.0707154870885,0.181143124985739));
#5459=CARTESIAN_POINT('Ctrl Pts',(3.24280410153302,-10.1907752427146,0.176590068492319));
#5460=CARTESIAN_POINT('Ctrl Pts',(3.13699291988868,-10.2265983692799,0.175237670654524));
#5461=CARTESIAN_POINT('Ctrl Pts',(2.92401803112809,-10.2947252766977,0.172682726349101));
#5462=CARTESIAN_POINT('Ctrl Pts',(2.54793898972115,-10.4046598093301,0.168588909891424));
#5463=CARTESIAN_POINT('Ctrl Pts',(2.00250075972496,-10.534832922051,0.163728298260522));
#5464=CARTESIAN_POINT('Ctrl Pts',(1.33882804080217,-10.6474329522849,0.159201181117603));
#5465=CARTESIAN_POINT('Ctrl Pts',(0.671413062099204,-10.7161913579351,0.155739893358549));
#5466=CARTESIAN_POINT('Ctrl Pts',(0.00293620028444135,-10.7417453955014,
0.15312038906958));
#5467=CARTESIAN_POINT('Ctrl Pts',(-0.668227288201319,-10.7244094621432,
0.151151503360884));
#5468=CARTESIAN_POINT('Ctrl Pts',(-1.22506835000304,-10.6742790603487,0.1499439798848));
#5469=CARTESIAN_POINT('Ctrl Pts',(-1.57065519886415,-10.6265362128194,0.149346879957405));
#5470=CARTESIAN_POINT('Ctrl Pts',(-1.70837294245169,-10.6050073811544,0.149129167027121));
#5471=CARTESIAN_POINT('Ctrl Pts',(-1.74965472800162,-10.5983870599301,0.149065227698756));
#5472=CARTESIAN_POINT('Ctrl Pts',(-1.79090081655592,-10.5916052526129,0.149002649983258));
#5473=CARTESIAN_POINT('Ctrl Pts',(-1.84584711147696,-10.5823480684385,0.14892099592388));
#5474=CARTESIAN_POINT('Ctrl Pts',(-1.90071954635684,-10.5727690634701,0.148841976027408));
#5475=CARTESIAN_POINT('Ctrl Pts',(-1.94523822934979,-10.564726134571,0.148779848955406));
#5476=CARTESIAN_POINT('Ctrl Pts',(-1.96577591370023,-10.5609634852878,0.148751563543192));
#5477=CARTESIAN_POINT('Ctrl Pts',(-1.97604291627608,-10.5590720466923,0.148737498195605));
#5478=CARTESIAN_POINT('Ctrl Pts',(-1.984597164853,-10.5574874301069,0.148725841354802));
#5479=CARTESIAN_POINT('Ctrl Pts',(-1.99058431195232,-10.5563737784233,0.148717715174958));
#5480=CARTESIAN_POINT('Ctrl Pts',(-1.9935776759757,-10.5558158481108,0.148713660467965));
#5481=CARTESIAN_POINT('Ctrl Pts',(-1.99528810999745,-10.5554967151988,0.148711345894742));
#5482=CARTESIAN_POINT('Ctrl Pts',(-1.99614330726074,-10.5553370435249,0.148710189391209));
#5483=CARTESIAN_POINT('Ctrl Pts',(-2.09875159493643,-10.5361727771105,0.148571482106351));
#5484=CARTESIAN_POINT('Ctrl Pts',(-2.2007211090559,-10.5159625948599,0.148223348967591));
#5485=CARTESIAN_POINT('Ctrl Pts',(-2.34365210381723,-10.4860083263522,0.147431802557558));
#5486=CARTESIAN_POINT('Ctrl Pts',(-2.38483293165039,-10.4771875703793,0.147168190693017));
#5487=CARTESIAN_POINT('Ctrl Pts',(-2.42597339012418,-10.4681855154621,0.146868895027437));
#5488=CARTESIAN_POINT('',(1.28073576717402,-10.6477900591207,0.159038007767039));
#5489=CARTESIAN_POINT('Ctrl Pts',(1.64935758589586,-10.5928606295297,0.161370156372881));
#5490=CARTESIAN_POINT('Ctrl Pts',(1.5458382627581,-10.6102153497637,0.160664689189586));
#5491=CARTESIAN_POINT('Ctrl Pts',(1.42296464624198,-10.6288763620507,0.15988016907457));
#5492=CARTESIAN_POINT('Ctrl Pts',(1.29989919227717,-10.6452899447363,0.159150285997531));
#5493=CARTESIAN_POINT('Ctrl Pts',(1.28073993907157,-10.6477903076268,0.159037980784019));
#5494=CARTESIAN_POINT('',(-1.2823170796882,-10.6635928977967,0.149870496379208));
#5495=CARTESIAN_POINT('Ctrl Pts',(1.28073993907157,-10.6477903076268,0.159037980784019));
#5496=CARTESIAN_POINT('Ctrl Pts',(1.07794689228597,-10.6742556506756,0.157849274931368));
#5497=CARTESIAN_POINT('Ctrl Pts',(0.652178422557137,-10.7169266454664,0.155664520187606));
#5498=CARTESIAN_POINT('Ctrl Pts',(0.00293620028444135,-10.7417453955014,
0.15312038906958));
#5499=CARTESIAN_POINT('Ctrl Pts',(-0.65037795565448,-10.724870504564,0.151203865112326));
#5500=CARTESIAN_POINT('Ctrl Pts',(-1.07815547076051,-10.6874593885569,0.150263108786026));
#5501=CARTESIAN_POINT('Ctrl Pts',(-1.28231316959967,-10.6635925168963,0.149870526939158));
#5502=CARTESIAN_POINT('Ctrl Pts',(-1.28231316959967,-10.6635925168963,0.149870526939158));
#5503=CARTESIAN_POINT('Ctrl Pts',(-1.30001388491167,-10.6615232307363,0.149836489626103));
#5504=CARTESIAN_POINT('Ctrl Pts',(-1.42859769682904,-10.6461614667387,0.149592324841754));
#5505=CARTESIAN_POINT('Ctrl Pts',(-1.55999206505596,-10.6280093255066,0.149365303564795));
#5506=CARTESIAN_POINT('Ctrl Pts',(-1.67335124235151,-10.6104655640246,0.149184665824078));
#5507=CARTESIAN_POINT('Ctrl Pts',(-1.67650047751955,-10.6099767226763,0.149179659247372));
#5508=CARTESIAN_POINT('',(-0.646425846893786,-2.06671076647602,0.369861112284877));
#5509=CARTESIAN_POINT('Ctrl Pts',(-0.773890478006007,-2.55636871330092,
0.607173485987412));
#5510=CARTESIAN_POINT('Ctrl Pts',(-0.739359975972835,-2.42273738184557,
0.547635459236191));
#5511=CARTESIAN_POINT('Ctrl Pts',(-0.704958427155853,-2.29053324785733,
0.484584524285558));
#5512=CARTESIAN_POINT('Ctrl Pts',(-0.670701457376388,-2.15989898709184,
0.418018207398783));
#5513=CARTESIAN_POINT('Ctrl Pts',(-0.662540892866395,-2.12877979239789,
0.402161033613588));
#5514=CARTESIAN_POINT('Ctrl Pts',(-0.654388748602803,-2.09774965188136,
0.386104317848999));
#5515=CARTESIAN_POINT('Ctrl Pts',(-0.646245687235528,-2.06681041574663,
0.369847915035929));
#5516=CARTESIAN_POINT('Ctrl Pts',(-0.646245687235511,-2.06681041574656,
0.369847915035889));
#5517=CARTESIAN_POINT('Ctrl Pts',(-0.633874359971931,-2.01980605236964,
0.345150412431118));
#5518=CARTESIAN_POINT('Ctrl Pts',(-0.621525472995601,-1.97301947398474,
0.31999615210174));
#5519=CARTESIAN_POINT('Ctrl Pts',(-0.60920085194767,-1.92645686029591,0.294384776451548));
#5520=CARTESIAN_POINT('Origin',(0.,0.,0.));
#5521=CARTESIAN_POINT('Origin',(0.,0.,0.));
#5522=CARTESIAN_POINT('Ctrl Pts',(-1.54963084992741,-2.19854205233459,0.679538306142192));
#5523=CARTESIAN_POINT('Ctrl Pts',(-1.55880105419887,-2.15836476228956,0.665427409905674));
#5524=CARTESIAN_POINT('Ctrl Pts',(-1.57271881880385,-2.09738705134965,0.644021381599092));
#5525=CARTESIAN_POINT('Ctrl Pts',(-1.59685861159772,-1.99162370868072,0.606875810152901));
#5526=CARTESIAN_POINT('Ctrl Pts',(-1.61164611918351,-1.92683540476263,0.58413222547776));
#5527=CARTESIAN_POINT('Ctrl Pts',(-1.62517142781097,-1.86757715580826,0.563325053214497));
#5528=CARTESIAN_POINT('Ctrl Pts',(-1.62752608477624,-1.85726072958131,0.559731056288435));
#5529=CARTESIAN_POINT('Ctrl Pts',(-1.63506751708777,-1.82421955575682,0.548297290708758));
#5530=CARTESIAN_POINT('Ctrl Pts',(-1.64337779710265,-1.78780984004641,0.53595271173186));
#5531=CARTESIAN_POINT('Ctrl Pts',(-1.65419835775959,-1.74040186623128,0.520206360524909));
#5532=CARTESIAN_POINT('Ctrl Pts',(-1.66482056427626,-1.69386293868635,0.505166754215094));
#5533=CARTESIAN_POINT('Ctrl Pts',(-1.67566722139427,-1.64634062880371,0.490200964866822));
#5534=CARTESIAN_POINT('Ctrl Pts',(-1.68654511636092,-1.59868145696464,0.475615389770859));
#5535=CARTESIAN_POINT('Ctrl Pts',(-1.69748302461461,-1.5507593497322,0.461411831157244));
#5536=CARTESIAN_POINT('Ctrl Pts',(-1.70845563711723,-1.50268519325,0.447623138625811));
#5537=CARTESIAN_POINT('Ctrl Pts',(-1.71943864171387,-1.45456550602896,0.434295308000084));
#5538=CARTESIAN_POINT('Ctrl Pts',(-1.73045334730684,-1.40630692766333,0.421442939357782));
#5539=CARTESIAN_POINT('Ctrl Pts',(-1.7414035645469,-1.35833089123885,0.409133141581923));
#5540=CARTESIAN_POINT('Ctrl Pts',(-1.75244229718363,-1.30996704351279,0.397283989881341));
#5541=CARTESIAN_POINT('Ctrl Pts',(-1.76348275828643,-1.26159562288129,0.385966772087589));
#5542=CARTESIAN_POINT('Ctrl Pts',(-1.7744963901046,-1.21334174902887,0.375208249560837));
#5543=CARTESIAN_POINT('Ctrl Pts',(-1.78559324727162,-1.16472324108563,0.364967365934635));
#5544=CARTESIAN_POINT('Ctrl Pts',(-1.79397405365462,-1.12800452914144,0.357681554532218));
#5545=CARTESIAN_POINT('Ctrl Pts',(-1.79944352535116,-1.10404120790136,0.353078526562368));
#5546=CARTESIAN_POINT('Ctrl Pts',(-1.80306990114164,-1.08815301744807,0.350070909750787));
#5547=CARTESIAN_POINT('Ctrl Pts',(-1.80633367162117,-1.07385350465312,0.347448297844032));
#5548=CARTESIAN_POINT('Ctrl Pts',(-1.80904775963226,-1.06196230812007,0.345297929622));
#5549=CARTESIAN_POINT('Ctrl Pts',(-1.81086158741953,-1.0540154093426,0.343874015286312));
#5550=CARTESIAN_POINT('Ctrl Pts',(-1.81405002866492,-1.04004593549492,0.341405950544029));
#5551=CARTESIAN_POINT('Ctrl Pts',(-1.81871829801327,-1.01959291108546,0.337903119929654));
#5552=CARTESIAN_POINT('Ctrl Pts',(-1.8242372621996,-0.995412749068997,0.333901392073422));
#5553=CARTESIAN_POINT('Ctrl Pts',(-1.82847303693896,-0.976854607346843,
0.330952990196959));
#5554=CARTESIAN_POINT('Ctrl Pts',(-1.83118621673266,-0.964967389971765,
0.329103601122162));
#5555=CARTESIAN_POINT('Ctrl Pts',(-1.83298400504129,-0.957090764742033,
0.327890155050171));
#5556=CARTESIAN_POINT('Ctrl Pts',(-1.83461401669825,-0.949949217045587,
0.326809377072786));
#5557=CARTESIAN_POINT('Ctrl Pts',(-1.83596029257906,-0.944050797015745,
0.325926631632132));
#5558=CARTESIAN_POINT('Ctrl Pts',(-1.83685623982563,-0.940125395647491,
0.325342279105604));
#5559=CARTESIAN_POINT('Ctrl Pts',(-1.83765763069708,-0.936614272825019,
0.324824204502717));
#5560=CARTESIAN_POINT('Ctrl Pts',(-1.83832822778643,-0.933676195006167,
0.324393314919139));
#5561=CARTESIAN_POINT('Ctrl Pts',(-1.83866409679517,-0.932204656730264,
0.32417810580561));
#5562=CARTESIAN_POINT('Ctrl Pts',(-1.83899979036407,-0.930733887106565,
0.32396359937875));
#5563=CARTESIAN_POINT('Ctrl Pts',(-1.83933574484281,-0.929261974362145,
0.323749522489062));
#5564=CARTESIAN_POINT('Ctrl Pts',(-1.83967144671634,-0.927791168353492,
0.323536197226523));
#5565=CARTESIAN_POINT('Ctrl Pts',(-1.83995180037633,-0.926562858712689,
0.323358543014911));
#5566=CARTESIAN_POINT('Ctrl Pts',(-1.84017502954029,-0.925584827842091,
0.323217377395364));
#5567=CARTESIAN_POINT('Ctrl Pts',(-1.84031477824418,-0.924972548764771,
0.323129127946373));
#5568=CARTESIAN_POINT('Ctrl Pts',(-1.84042627423277,-0.924484052921054,
0.323058792728417));
#5569=CARTESIAN_POINT('Ctrl Pts',(-1.8405099581291,-0.924117409815235,0.323006039542891));
#5570=CARTESIAN_POINT('Ctrl Pts',(-1.84057963678306,-0.923812127685451,
0.322962145907726));
#5571=CARTESIAN_POINT('Ctrl Pts',(-1.84062847343895,-0.923598160315645,
0.322931397839672));
#5572=CARTESIAN_POINT('Ctrl Pts',(-1.84065274757493,-0.923491808377049,
0.322916118496157));
#5573=CARTESIAN_POINT('Ctrl Pts',(-1.84066681734853,-0.923430164671185,
0.322907263612445));
#5574=CARTESIAN_POINT('Ctrl Pts',(-1.84067349759058,-0.923400896618396,
0.32290305948282));
#5575=CARTESIAN_POINT('Ctrl Pts',(-1.84334449303268,-0.911698500997027,
0.321222484454018));
#5576=CARTESIAN_POINT('Ctrl Pts',(-1.86404302363409,-0.821012313166484,
0.308197709010783));
#5577=CARTESIAN_POINT('Ctrl Pts',(-1.88163242867687,-0.74394809455969,0.297130292631879));
#5578=CARTESIAN_POINT('Ctrl Pts',(-1.89244292610121,-0.69658421064921,0.290327461108301));
#5579=CARTESIAN_POINT('Ctrl Pts',(-2.2079353967597,-3.49997290718254,1.29727299590935));
#5580=CARTESIAN_POINT('Ctrl Pts',(-2.23452552373944,-3.45484485734058,1.29086230351733));
#5581=CARTESIAN_POINT('Ctrl Pts',(-2.27428155812818,-3.3860122493072,1.28095344151875));
#5582=CARTESIAN_POINT('Ctrl Pts',(-2.34038543034658,-3.26628167349295,1.2638574049429));
#5583=CARTESIAN_POINT('Ctrl Pts',(-2.3798255797795,-3.19252541224642,1.25315185007004));
#5584=CARTESIAN_POINT('Ctrl Pts',(-2.41530718799119,-3.1247540399491,1.24332302824538));
#5585=CARTESIAN_POINT('Ctrl Pts',(-2.4299414734438,-3.10746985369321,1.24131834577285));
#5586=CARTESIAN_POINT('Ctrl Pts',(-2.46137971410884,-3.06155671546904,1.23553301234126));
#5587=CARTESIAN_POINT('Ctrl Pts',(-2.49933137367188,-3.0078805662862,1.22913497979354));
#5588=CARTESIAN_POINT('Ctrl Pts',(-2.54485385091231,-2.93919054630681,1.22118102988031));
#5589=CARTESIAN_POINT('Ctrl Pts',(-2.58946015921035,-2.87032597791035,1.21360424574986));
#5590=CARTESIAN_POINT('Ctrl Pts',(-2.6334716141956,-2.79967741423808,1.2061403888803));
#5591=CARTESIAN_POINT('Ctrl Pts',(-2.67667334480407,-2.72802938809979,1.19895391395439));
#5592=CARTESIAN_POINT('Ctrl Pts',(-2.71911697387939,-2.65531376737261,1.19194583214394));
#5593=CARTESIAN_POINT('Ctrl Pts',(-2.76071310767024,-2.58166364711852,1.18519924510013));
#5594=CARTESIAN_POINT('Ctrl Pts',(-2.80142629770311,-2.50722055800121,1.17870799960532));
#5595=CARTESIAN_POINT('Ctrl Pts',(-2.84127155556921,-2.43193246605541,1.17245688466988));
#5596=CARTESIAN_POINT('Ctrl Pts',(-2.88008544506524,-2.35624451800724,1.1665378338532));
#5597=CARTESIAN_POINT('Ctrl Pts',(-2.91816780465389,-2.27944217312802,1.16082334419102));
#5598=CARTESIAN_POINT('Ctrl Pts',(-2.95537667960689,-2.20191995982036,1.15538106310518));
#5599=CARTESIAN_POINT('Ctrl Pts',(-2.99165435235961,-2.123817851358,1.15024973478241));
#5600=CARTESIAN_POINT('Ctrl Pts',(-3.02711991150705,-2.04473867420786,1.14533690356628));
#5601=CARTESIAN_POINT('Ctrl Pts',(-3.05307728936972,-1.98474196900893,1.14184063744192));
#5602=CARTESIAN_POINT('Ctrl Pts',(-3.06996478071392,-1.94502633872891,1.13966178548833));
#5603=CARTESIAN_POINT('Ctrl Pts',(-3.08112375712197,-1.91858015361611,1.13824314227763));
#5604=CARTESIAN_POINT('Ctrl Pts',(-3.09087298436619,-1.89502433662653,1.13698994868087));
#5605=CARTESIAN_POINT('Ctrl Pts',(-3.09907241321316,-1.87511776146431,1.13597729137267));
#5606=CARTESIAN_POINT('Ctrl Pts',(-3.10452289734095,-1.8618183175934,1.13530617162808));
#5607=CARTESIAN_POINT('Ctrl Pts',(-3.11402208317464,-1.83845988697158,1.1341411355645));
#5608=CARTESIAN_POINT('Ctrl Pts',(-3.12754731927454,-1.80456834838247,1.13247458396219));
#5609=CARTESIAN_POINT('Ctrl Pts',(-3.14345576067197,-1.76409709970281,1.13058084367257));
#5610=CARTESIAN_POINT('Ctrl Pts',(-3.15529193954106,-1.73327853859553,1.12917626662242));
#5611=CARTESIAN_POINT('Ctrl Pts',(-3.16300306686005,-1.71312748165811,1.12830642563331));
#5612=CARTESIAN_POINT('Ctrl Pts',(-3.168113142482,-1.69972671516663,1.12773674360237));
#5613=CARTESIAN_POINT('Ctrl Pts',(-3.17260909771015,-1.68776769138513,1.12722459519872));
#5614=CARTESIAN_POINT('Ctrl Pts',(-3.17639710655165,-1.67770605040995,1.12681047742491));
#5615=CARTESIAN_POINT('Ctrl Pts',(-3.17891586471807,-1.67100210068305,1.12653645377842));
#5616=CARTESIAN_POINT('Ctrl Pts',(-3.18112861156071,-1.66506557617564,1.12629230781778));
#5617=CARTESIAN_POINT('Ctrl Pts',(-3.18300574452361,-1.66003827232423,1.12609038104288));
#5618=CARTESIAN_POINT('Ctrl Pts',(-3.1839438582085,-1.65752196897582,1.12598949464675));
#5619=CARTESIAN_POINT('Ctrl Pts',(-3.18488087835776,-1.65500585449699,1.12588895558597));
#5620=CARTESIAN_POINT('Ctrl Pts',(-3.18581718267762,-1.65248825970003,1.12578860814335));
#5621=CARTESIAN_POINT('Ctrl Pts',(-3.18675232051854,-1.64997116467893,1.12568863245161));
#5622=CARTESIAN_POINT('Ctrl Pts',(-3.18753134563004,-1.64787086178467,1.12560534666971));
#5623=CARTESIAN_POINT('Ctrl Pts',(-3.18815316305378,-1.64619446001201,1.12553922541075));
#5624=CARTESIAN_POINT('Ctrl Pts',(-3.18854180479642,-1.64514571900775,1.1254978794911));
#5625=CARTESIAN_POINT('Ctrl Pts',(-3.1888523336261,-1.64430783908661,1.12546494186218));
#5626=CARTESIAN_POINT('Ctrl Pts',(-3.18908522497942,-1.64367916027136,1.12544023616167));
#5627=CARTESIAN_POINT('Ctrl Pts',(-3.18927920218219,-1.64315546070082,1.12541968048792));
#5628=CARTESIAN_POINT('Ctrl Pts',(-3.18941501270127,-1.64278861993628,1.12540528132454));
#5629=CARTESIAN_POINT('Ctrl Pts',(-3.1894827870631,-1.64260575382331,1.12539812913471));
#5630=CARTESIAN_POINT('Ctrl Pts',(-3.18952168479305,-1.64250048919632,1.12539398044677));
#5631=CARTESIAN_POINT('Ctrl Pts',(-3.18954082730112,-1.6424492277559,1.12539201752856));
#5632=CARTESIAN_POINT('Ctrl Pts',(-3.19634371783186,-1.62356999243487,1.12459876746996));
#5633=CARTESIAN_POINT('Ctrl Pts',(-3.22506153113004,-1.52205207408839,1.11854319861897));
#5634=CARTESIAN_POINT('Ctrl Pts',(-3.25084134524352,-1.43237524885321,1.11294669145806));
#5635=CARTESIAN_POINT('Ctrl Pts',(-3.26638878000389,-1.37750517966089,1.10941986202392));
#5636=CARTESIAN_POINT('Ctrl Pts',(-3.47456206385967,-6.04341987607098,1.68773508842976));
#5637=CARTESIAN_POINT('Ctrl Pts',(-3.53716649688054,-5.99247168732334,1.690128014047));
#5638=CARTESIAN_POINT('Ctrl Pts',(-3.63034974051459,-5.91402245717359,1.69379580263603));
#5639=CARTESIAN_POINT('Ctrl Pts',(-3.78408640710723,-5.7771202835525,1.69986299602224));
#5640=CARTESIAN_POINT('Ctrl Pts',(-3.87514687500572,-5.6919355402475,1.7034769581266));
#5641=CARTESIAN_POINT('Ctrl Pts',(-3.95686750533898,-5.61311826595593,1.70659786699893));
#5642=CARTESIAN_POINT('Ctrl Pts',(-3.99692088380452,-5.58259778384582,1.70645255528495));
#5643=CARTESIAN_POINT('Ctrl Pts',(-4.07816137157252,-5.51374067628169,1.70727753218222));
#5644=CARTESIAN_POINT('Ctrl Pts',(-4.1777891741301,-5.4283255920111,1.70801540443333));
#5645=CARTESIAN_POINT('Ctrl Pts',(-4.29581724519308,-5.3206992605915,1.7093338916456));
#5646=CARTESIAN_POINT('Ctrl Pts',(-4.41155476438396,-5.21052105797818,1.71069266031458));
#5647=CARTESIAN_POINT('Ctrl Pts',(-4.52516100513976,-5.09688288584076,1.71222506878766));
#5648=CARTESIAN_POINT('Ctrl Pts',(-4.63641993637863,-4.98035010052095,1.71382131224689));
#5649=CARTESIAN_POINT('Ctrl Pts',(-4.74523256202721,-4.86095929097505,1.71551967049257));
#5650=CARTESIAN_POINT('Ctrl Pts',(-4.85150465105849,-4.73888751630217,1.7172595599149));
#5651=CARTESIAN_POINT('Ctrl Pts',(-4.95512021937262,-4.61432424100418,1.71903032321035));
#5652=CARTESIAN_POINT('Ctrl Pts',(-5.05602303983119,-4.48731653174855,1.72082631247954));
#5653=CARTESIAN_POINT('Ctrl Pts',(-5.15403860487492,-4.35830134413674,1.72258672169594));
#5654=CARTESIAN_POINT('Ctrl Pts',(-5.24957153181115,-4.22655162347902,1.72436241518505));
#5655=CARTESIAN_POINT('Ctrl Pts',(-5.34243418089469,-4.09244222887956,1.72610896880813));
#5656=CARTESIAN_POINT('Ctrl Pts',(-5.43255928215425,-3.95612389162495,1.72779642716445));
#5657=CARTESIAN_POINT('Ctrl Pts',(-5.51990894014719,-3.81744261535788,1.7294661567044));
#5658=CARTESIAN_POINT('Ctrl Pts',(-5.58329059857652,-3.71175215129749,1.73068625113918));
#5659=CARTESIAN_POINT('Ctrl Pts',(-5.62455842649522,-3.6409814289419,1.73144561482791));
#5660=CARTESIAN_POINT('Ctrl Pts',(-5.65181206546093,-3.59369219177029,1.73194079935216));
#5661=CARTESIAN_POINT('Ctrl Pts',(-5.6753819770719,-3.55188519379154,1.73238885419183));
#5662=CARTESIAN_POINT('Ctrl Pts',(-5.69530321181274,-3.51611623606864,1.73274670756852));
#5663=CARTESIAN_POINT('Ctrl Pts',(-5.70852347154144,-3.49222196865552,1.73298474820043));
#5664=CARTESIAN_POINT('Ctrl Pts',(-5.73150101148481,-3.45027462933454,1.73340042946602));
#5665=CARTESIAN_POINT('Ctrl Pts',(-5.76391359525405,-3.3897963669195,1.73400654845034));
#5666=CARTESIAN_POINT('Ctrl Pts',(-5.80199333724954,-3.31700766796005,1.73469609868395));
#5667=CARTESIAN_POINT('Ctrl Pts',(-5.83002623718738,-3.26187325292318,1.73521742908191));
#5668=CARTESIAN_POINT('Ctrl Pts',(-5.84840804275081,-3.22526986168683,1.73553555610979));
#5669=CARTESIAN_POINT('Ctrl Pts',(-5.86059107334405,-3.20086280886157,1.73574367678257));
#5670=CARTESIAN_POINT('Ctrl Pts',(-5.87119786172698,-3.17932373822787,1.73593449829423));
#5671=CARTESIAN_POINT('Ctrl Pts',(-5.88019889408756,-3.16095873772514,1.73608644338141));
#5672=CARTESIAN_POINT('Ctrl Pts',(-5.88618225574169,-3.14871158373495,1.73618699681509));
#5673=CARTESIAN_POINT('Ctrl Pts',(-5.89140613917125,-3.13794194353428,1.73627763062868));
#5674=CARTESIAN_POINT('Ctrl Pts',(-5.89585894820261,-3.12874421278954,1.73635183759236));
#5675=CARTESIAN_POINT('Ctrl Pts',(-5.89808263242525,-3.12414243669889,1.7363889583839));
#5676=CARTESIAN_POINT('Ctrl Pts',(-5.90030325286025,-3.11953944460991,1.73642595712913));
#5677=CARTESIAN_POINT('Ctrl Pts',(-5.90252102552412,-3.11493421861878,1.73646291369309));
#5678=CARTESIAN_POINT('Ctrl Pts',(-5.90473566743072,-3.11032800976568,1.73649973570733));
#5679=CARTESIAN_POINT('Ctrl Pts',(-5.90657905514801,-3.10648667963732,1.73653045293575));
#5680=CARTESIAN_POINT('Ctrl Pts',(-5.90805166125431,-3.10341543313091,1.73655479503257));
#5681=CARTESIAN_POINT('Ctrl Pts',(-5.90897154933803,-3.10149500045255,1.73657003060141));
#5682=CARTESIAN_POINT('Ctrl Pts',(-5.90970691034737,-3.09995920754175,1.73658215491245));
#5683=CARTESIAN_POINT('Ctrl Pts',(-5.91025827981928,-3.09880710991992,1.73659125280234));
#5684=CARTESIAN_POINT('Ctrl Pts',(-5.91071756454688,-3.09784708946345,1.73659882078624));
#5685=CARTESIAN_POINT('Ctrl Pts',(-5.91103901799961,-3.0971748790384,1.73660412494223));
#5686=CARTESIAN_POINT('Ctrl Pts',(-5.91119964027904,-3.09683912071101,1.73660675336976));
#5687=CARTESIAN_POINT('Ctrl Pts',(-5.91129153442552,-3.09664676243445,1.73660828669531));
#5688=CARTESIAN_POINT('Ctrl Pts',(-5.91133727296047,-3.09655146207646,1.73660899694848));
#5689=CARTESIAN_POINT('Ctrl Pts',(-5.92696435465761,-3.06345202870284,1.73691530773794));
#5690=CARTESIAN_POINT('Ctrl Pts',(-5.97377172502171,-2.94580058111727,1.7393523675586));
#5691=CARTESIAN_POINT('Ctrl Pts',(-6.01766373589915,-2.83518850056414,1.7406246222431));
#5692=CARTESIAN_POINT('Ctrl Pts',(-6.04375652284414,-2.7679736864259,1.74112565997469));
#5693=CARTESIAN_POINT('Ctrl Pts',(-4.64381245413004,-8.45382408195908,0.782207505471459));
#5694=CARTESIAN_POINT('Ctrl Pts',(-4.74129539274468,-8.3987951971466,0.782965222924688));
#5695=CARTESIAN_POINT('Ctrl Pts',(-4.88622322096384,-8.31350634707968,0.784141106197091));
#5696=CARTESIAN_POINT('Ctrl Pts',(-5.12455082200127,-8.1644728114888,0.786264340144175));
#5697=CARTESIAN_POINT('Ctrl Pts',(-5.26540439000433,-8.07116433873702,0.787517976580223));
#5698=CARTESIAN_POINT('Ctrl Pts',(-5.39167084155599,-7.98442931966228,0.788599377176591));
#5699=CARTESIAN_POINT('Ctrl Pts',(-5.45706299814043,-7.94124853943591,0.788032960735951));
#5700=CARTESIAN_POINT('Ctrl Pts',(-5.58745891136704,-7.85123466050761,0.787664976414508));
#5701=CARTESIAN_POINT('Ctrl Pts',(-5.74817443480013,-7.7360867441699,0.787070084313803));
#5702=CARTESIAN_POINT('Ctrl Pts',(-5.93784514231227,-7.59212867248948,0.786767444264497));
#5703=CARTESIAN_POINT('Ctrl Pts',(-6.12389137348488,-7.44321899893368,0.786597300196183));
#5704=CARTESIAN_POINT('Ctrl Pts',(-6.30623202554206,-7.28924573863917,0.786642720515762));
#5705=CARTESIAN_POINT('Ctrl Pts',(-6.48466131344591,-7.13050650067428,0.786841721407088));
#5706=CARTESIAN_POINT('Ctrl Pts',(-6.65897703170214,-6.96717031108503,0.787171260637409));
#5707=CARTESIAN_POINT('Ctrl Pts',(-6.82904307607801,-6.79943925909341,0.787616417818367));
#5708=CARTESIAN_POINT('Ctrl Pts',(-6.99467746828877,-6.62755008981203,0.788154260523758));
#5709=CARTESIAN_POINT('Ctrl Pts',(-7.15576299390761,-6.4516585117902,0.788767343050286));
#5710=CARTESIAN_POINT('Ctrl Pts',(-7.31208335953969,-6.27215637150411,0.789438382909169));
#5711=CARTESIAN_POINT('Ctrl Pts',(-7.46418692944881,-6.08836078700265,0.790156430469389));
#5712=CARTESIAN_POINT('Ctrl Pts',(-7.61182602670375,-5.90059574944499,0.790904567496785));
#5713=CARTESIAN_POINT('Ctrl Pts',(-7.75490863063126,-5.70901061759949,0.791671287280415));
#5714=CARTESIAN_POINT('Ctrl Pts',(-7.89327348341468,-5.51373726630583,0.792448633107436));
#5715=CARTESIAN_POINT('Ctrl Pts',(-7.99342889293871,-5.36465304737222,0.793034276322164));
#5716=CARTESIAN_POINT('Ctrl Pts',(-8.05863935090144,-5.26432689444721,0.793412749758842));
#5717=CARTESIAN_POINT('Ctrl Pts',(-8.10169573321308,-5.19718947293337,0.793662459959937));
#5718=CARTESIAN_POINT('Ctrl Pts',(-8.13883195399887,-5.13803794199351,0.793886047404828));
#5719=CARTESIAN_POINT('Ctrl Pts',(-8.17025745288897,-5.08715550468415,0.79406975327211));
#5720=CARTESIAN_POINT('Ctrl Pts',(-8.19110251272891,-5.05316788730065,0.794192133948122));
#5721=CARTESIAN_POINT('Ctrl Pts',(-8.22730471164947,-4.99351593876139,0.794406231527992));
#5722=CARTESIAN_POINT('Ctrl Pts',(-8.27823853453902,-4.90776022210087,0.794717648318829));
#5723=CARTESIAN_POINT('Ctrl Pts',(-8.33805537837549,-4.8042014392401,0.795077716967869));
#5724=CARTESIAN_POINT('Ctrl Pts',(-8.38195516708532,-4.72595241577304,0.795350125374384));
#5725=CARTESIAN_POINT('Ctrl Pts',(-8.41079427889237,-4.67365864398042,0.795519859257347));
#5726=CARTESIAN_POINT('Ctrl Pts',(-8.4299088788758,-4.63874972174457,0.79563136593554));
#5727=CARTESIAN_POINT('Ctrl Pts',(-8.44649900902924,-4.60809391351885,0.795732837608382));
#5728=CARTESIAN_POINT('Ctrl Pts',(-8.46060746433788,-4.58180419694766,0.795814756765636));
#5729=CARTESIAN_POINT('Ctrl Pts',(-8.46998520395102,-4.56426580711039,0.795869040326087));
#5730=CARTESIAN_POINT('Ctrl Pts',(-8.47815740873894,-4.54889024978872,0.795917796516548));
#5731=CARTESIAN_POINT('Ctrl Pts',(-8.48513340595932,-4.53571082839003,0.795957989024109));
#5732=CARTESIAN_POINT('Ctrl Pts',(-8.48861637480084,-4.52911818665291,0.795978097754225));
#5733=CARTESIAN_POINT('Ctrl Pts',(-8.49209432969885,-4.52252288092673,0.79599815355526));
#5734=CARTESIAN_POINT('Ctrl Pts',(-8.4955672869508,-4.51592470975855,0.796018194546024));
#5735=CARTESIAN_POINT('Ctrl Pts',(-8.49903517831825,-4.50932400045961,0.796038175345895));
#5736=CARTESIAN_POINT('Ctrl Pts',(-8.5019209978089,-4.50382073525232,0.796054847392744));
#5737=CARTESIAN_POINT('Ctrl Pts',(-8.50422695033089,-4.4994175295134,0.796068072913544));
#5738=CARTESIAN_POINT('Ctrl Pts',(-8.50566716226747,-4.49666480085607,0.796076351278547));
#5739=CARTESIAN_POINT('Ctrl Pts',(-8.5068186477976,-4.49446249940291,0.796082942305291));
#5740=CARTESIAN_POINT('Ctrl Pts',(-8.50768195848428,-4.4928105609405,0.796087888741644));
#5741=CARTESIAN_POINT('Ctrl Pts',(-8.50840111032976,-4.49143384779926,0.796092003447223));
#5742=CARTESIAN_POINT('Ctrl Pts',(-8.50890439108235,-4.49047003044898,0.796094888410887));
#5743=CARTESIAN_POINT('Ctrl Pts',(-8.50915596955605,-4.48998820776201,0.796096317517207));
#5744=CARTESIAN_POINT('Ctrl Pts',(-8.50929975683621,-4.48971273135697,0.796097152188545));
#5745=CARTESIAN_POINT('Ctrl Pts',(-8.50937157948337,-4.48957524807517,0.796097537204193));
#5746=CARTESIAN_POINT('Ctrl Pts',(-8.53360315326285,-4.44303753559809,0.796265671229553));
#5747=CARTESIAN_POINT('Ctrl Pts',(-8.59623451576409,-4.31623944422328,0.797773729632435));
#5748=CARTESIAN_POINT('Ctrl Pts',(-8.65644698923015,-4.19074858735694,0.798407379126639));
#5749=CARTESIAN_POINT('Ctrl Pts',(-8.69199334438091,-4.11494155486644,0.798601883780086));
#5750=CARTESIAN_POINT('Ctrl Pts',(-5.08811555549176,-9.38205912233371,0.188819928582121));
#5751=CARTESIAN_POINT('Ctrl Pts',(-5.19885846749066,-9.32510610402253,0.187243817361602));
#5752=CARTESIAN_POINT('Ctrl Pts',(-5.36344921269697,-9.23667892413331,0.184932986838163));
#5753=CARTESIAN_POINT('Ctrl Pts',(-5.63365918745754,-9.08216295173314,0.181123279471361));
#5754=CARTESIAN_POINT('Ctrl Pts',(-5.79323061822742,-8.98528419698093,0.178835425636811));
#5755=CARTESIAN_POINT('Ctrl Pts',(-5.93617198955934,-8.89512583104359,0.176729271880951));
#5756=CARTESIAN_POINT('Ctrl Pts',(-6.01142844488619,-8.84694529111897,0.17564108052567));
#5757=CARTESIAN_POINT('Ctrl Pts',(-6.16073211648168,-8.7484949265308,0.173561448011712));
#5758=CARTESIAN_POINT('Ctrl Pts',(-6.34502821982649,-8.62156149013445,0.171137347547365));
#5759=CARTESIAN_POINT('Ctrl Pts',(-6.56223685759905,-8.46321200452407,0.168490456761987));
#5760=CARTESIAN_POINT('Ctrl Pts',(-6.77528760325711,-8.29900995580161,0.166087466727041));
#5761=CARTESIAN_POINT('Ctrl Pts',(-6.98397158063071,-8.12914665589772,0.163910840325266));
#5762=CARTESIAN_POINT('Ctrl Pts',(-7.18808695846216,-7.95382390634063,0.16194368583531));
#5763=CARTESIAN_POINT('Ctrl Pts',(-7.38743506833312,-7.77325998493336,0.160169813116006));
#5764=CARTESIAN_POINT('Ctrl Pts',(-7.58183515272051,-7.58767231954083,0.158573744685707));
#5765=CARTESIAN_POINT('Ctrl Pts',(-7.77109359714689,-7.39731765080763,0.157140875120129));
#5766=CARTESIAN_POINT('Ctrl Pts',(-7.95508175388353,-7.20239166293912,0.15585715409624));
#5767=CARTESIAN_POINT('Ctrl Pts',(-8.1335415527625,-7.00327870246661,0.154710042534116));
#5768=CARTESIAN_POINT('Ctrl Pts',(-8.30711743573599,-6.79930168577444,0.1536827962713));
#5769=CARTESIAN_POINT('Ctrl Pts',(-8.4755259724056,-6.5907711413665,0.152765935512735));
#5770=CARTESIAN_POINT('Ctrl Pts',(-8.63865511724527,-6.37784049102213,0.151949434878191));
#5771=CARTESIAN_POINT('Ctrl Pts',(-8.79633102830885,-6.16074155754127,0.151224439697604));
#5772=CARTESIAN_POINT('Ctrl Pts',(-8.91039665212061,-5.99494920337083,0.150743007925321));
#5773=CARTESIAN_POINT('Ctrl Pts',(-8.98464983915684,-5.8832574764834,0.150445624413277));
#5774=CARTESIAN_POINT('Ctrl Pts',(-9.03367219399061,-5.80849064709316,0.150253505023381));
#5775=CARTESIAN_POINT('Ctrl Pts',(-9.07593341426943,-5.74267492661332,0.15009325568866));
#5776=CARTESIAN_POINT('Ctrl Pts',(-9.11170012943029,-5.6859887960837,0.149961240216243));
#5777=CARTESIAN_POINT('Ctrl Pts',(-9.13542238926656,-5.64812594560958,0.149874636789288));
#5778=CARTESIAN_POINT('Ctrl Pts',(-9.17661473077864,-5.58167832621904,0.149726728236398));
#5779=CARTESIAN_POINT('Ctrl Pts',(-9.23453750699042,-5.48622640827585,0.149525593878539));
#5780=CARTESIAN_POINT('Ctrl Pts',(-9.30255339889053,-5.3708716136765,0.149299704194078));
#5781=CARTESIAN_POINT('Ctrl Pts',(-9.35243693345369,-5.28376894599297,0.149141325114397));
#5782=CARTESIAN_POINT('Ctrl Pts',(-9.38521857285654,-5.22546572671762,0.149040114782078));
#5783=CARTESIAN_POINT('Ctrl Pts',(-9.4069463509715,-5.1865349415984,0.148973793856396));
#5784=CARTESIAN_POINT('Ctrl Pts',(-9.42579161375914,-5.15239000065803,0.148917256719523));
#5785=CARTESIAN_POINT('Ctrl Pts',(-9.44182528767941,-5.12306661632548,0.148869837216046));
#5786=CARTESIAN_POINT('Ctrl Pts',(-9.45248252367015,-5.10350278041737,0.148838500076505));
#5787=CARTESIAN_POINT('Ctrl Pts',(-9.4617657690306,-5.08636487504567,0.148811439721436));
#5788=CARTESIAN_POINT('Ctrl Pts',(-9.4696928266186,-5.07166156529648,0.148788499120261));
#5789=CARTESIAN_POINT('Ctrl Pts',(-9.47365043867476,-5.06430701976681,0.148777079198277));
#5790=CARTESIAN_POINT('Ctrl Pts',(-9.47760229851022,-5.05694927873809,0.148765709021218));
#5791=CARTESIAN_POINT('Ctrl Pts',(-9.48154833816299,-5.04958846902027,0.148754388625721));
#5792=CARTESIAN_POINT('Ctrl Pts',(-9.48548858280638,-5.04222454451812,0.148743117781583));
#5793=CARTESIAN_POINT('Ctrl Pts',(-9.48876727701259,-5.03608537135283,0.1487337666109));
#5794=CARTESIAN_POINT('Ctrl Pts',(-9.49138732826213,-5.03117248836854,0.148726310313397));
#5795=CARTESIAN_POINT('Ctrl Pts',(-9.493023649078,-5.02810129523642,0.148721660379344));
#5796=CARTESIAN_POINT('Ctrl Pts',(-9.49433197906325,-5.02564395589432,0.148717946574177));
#5797=CARTESIAN_POINT('Ctrl Pts',(-9.49531286308956,-5.02380075922316,0.148715164288809));
#5798=CARTESIAN_POINT('Ctrl Pts',(-9.49612996355041,-5.02226460188648,0.148712848273008));
#5799=CARTESIAN_POINT('Ctrl Pts',(-9.49670177481961,-5.02118920775921,0.148711228402291));
#5800=CARTESIAN_POINT('Ctrl Pts',(-9.49698764068706,-5.02065148970614,0.148710418802273));
#5801=CARTESIAN_POINT('Ctrl Pts',(-9.49715098125275,-5.02034421624286,0.148709956268907));
#5802=CARTESIAN_POINT('Ctrl Pts',(-9.49723264774195,-5.02019057752546,0.148709725034975));
#5803=CARTESIAN_POINT('Ctrl Pts',(-9.52469314826787,-4.96852775307565,0.148631974775999));
#5804=CARTESIAN_POINT('Ctrl Pts',(-9.5924481271174,-4.83913022932995,0.148272089251059));
#5805=CARTESIAN_POINT('Ctrl Pts',(-9.65820217883893,-4.70870294936049,0.147491596471227));
#5806=CARTESIAN_POINT('Ctrl Pts',(-9.69692666863167,-4.63010454081804,0.146868895027363));
#5807=CARTESIAN_POINT('',(-7.52625179722194,-7.64010805769403,0.15903800776699));
#5808=CARTESIAN_POINT('Ctrl Pts',(-7.25346677080846,-7.89406748521467,0.161370293871503));
#5809=CARTESIAN_POINT('Ctrl Pts',(-7.29821286920603,-7.85390313490088,0.160966163015816));
#5810=CARTESIAN_POINT('Ctrl Pts',(-7.38996742445673,-7.77007107206243,0.160159877434892));
#5811=CARTESIAN_POINT('Ctrl Pts',(-7.48013667986645,-7.6846294499023,0.159410558640422));
#5812=CARTESIAN_POINT('Ctrl Pts',(-7.52625417476792,-7.64010501104165,0.159037997221753));
#5813=CARTESIAN_POINT('',(-9.1366442656548,-5.64608555954276,0.149870496379173));
#5814=CARTESIAN_POINT('Ctrl Pts',(-7.52625417476792,-7.64010501104165,0.159037997221753));
#5815=CARTESIAN_POINT('Ctrl Pts',(-7.54456423981933,-7.62242743827543,0.158890078870462));
#5816=CARTESIAN_POINT('Ctrl Pts',(-7.62699245989504,-7.54225345184304,0.158231860172654));
#5817=CARTESIAN_POINT('Ctrl Pts',(-7.77109359714689,-7.39731765080763,0.157140875120129));
#5818=CARTESIAN_POINT('Ctrl Pts',(-7.95508175388353,-7.20239166293912,0.15585715409624));
#5819=CARTESIAN_POINT('Ctrl Pts',(-8.1335415527625,-7.00327870246661,0.154710042534116));
#5820=CARTESIAN_POINT('Ctrl Pts',(-8.30711743573599,-6.79930168577444,0.1536827962713));
#5821=CARTESIAN_POINT('Ctrl Pts',(-8.4755259724056,-6.5907711413665,0.152765935512735));
#5822=CARTESIAN_POINT('Ctrl Pts',(-8.63865511724527,-6.37784049102213,0.151949434878191));
#5823=CARTESIAN_POINT('Ctrl Pts',(-8.79633102830885,-6.16074155754127,0.151224439697604));
#5824=CARTESIAN_POINT('Ctrl Pts',(-8.91039665212061,-5.99494920337083,0.150743007925321));
#5825=CARTESIAN_POINT('Ctrl Pts',(-8.98464983915684,-5.8832574764834,0.150445624413277));
#5826=CARTESIAN_POINT('Ctrl Pts',(-9.03367219399061,-5.80849064709316,0.150253505023381));
#5827=CARTESIAN_POINT('Ctrl Pts',(-9.07593341426943,-5.74267492661332,0.15009325568866));
#5828=CARTESIAN_POINT('Ctrl Pts',(-9.11170012943029,-5.6859887960837,0.149961240216243));
#5829=CARTESIAN_POINT('Ctrl Pts',(-9.12595912970788,-5.66323015507956,0.149909184539528));
#5830=CARTESIAN_POINT('Ctrl Pts',(-9.13425736208275,-5.64991960611639,0.149879122253855));
#5831=CARTESIAN_POINT('Ctrl Pts',(-9.13664403045485,-5.64608586164448,0.149870495163117));
#5832=CARTESIAN_POINT('Ctrl Pts',(-9.13664403045485,-5.64608586164448,0.149870495163117));
#5833=CARTESIAN_POINT('Ctrl Pts',(-9.14606308107058,-5.63095588646618,0.149836448118594));
#5834=CARTESIAN_POINT('Ctrl Pts',(-9.17895668823419,-5.57781897510547,0.149718595889509));
#5835=CARTESIAN_POINT('Ctrl Pts',(-9.23453750699042,-5.48622640827585,0.149525593878539));
#5836=CARTESIAN_POINT('Ctrl Pts',(-9.29283719805063,-5.38735026772134,0.149331972969515));
#5837=CARTESIAN_POINT('Ctrl Pts',(-9.32784570868222,-5.32660383604764,0.149219705977314));
#5838=CARTESIAN_POINT('Ctrl Pts',(-9.34049402838202,-5.30447223230023,0.14917965965945));
#5839=CARTESIAN_POINT('Ctrl Pts',(-8.45431832904866,-5.20539274585453,0.565346023481297));
#5840=CARTESIAN_POINT('Ctrl Pts',(-7.79195725359293,-4.77759460663673,0.919456415583674));
#5841=CARTESIAN_POINT('Ctrl Pts',(-7.08894022553889,-4.32353806922167,1.158798546409));
#5842=CARTESIAN_POINT('Ctrl Pts',(-5.59256085455216,-3.35707380344099,1.39892657951245));
#5843=CARTESIAN_POINT('Ctrl Pts',(-4.80699135668912,-2.84969922805423,1.37961774498441));
#5844=CARTESIAN_POINT('Ctrl Pts',(-3.65785108645004,-2.10750575152744,1.13756543260834));
#5845=CARTESIAN_POINT('Ctrl Pts',(-3.28376188663364,-1.86589332967305,1.02313058100681));
#5846=CARTESIAN_POINT('Ctrl Pts',(-2.91851186782692,-1.62998985619785,0.875301569295566));
#5847=CARTESIAN_POINT('Ctrl Pts',(-2.48116234651532,-0.988817868407272,
0.607173983946586));
#5848=CARTESIAN_POINT('Ctrl Pts',(-2.31558322722429,-0.914809538802513,
0.528937708927002));
#5849=CARTESIAN_POINT('Ctrl Pts',(-2.15209694366977,-0.84204581755074,0.444623202347706));
#5850=CARTESIAN_POINT('Ctrl Pts',(-1.99096035697311,-0.770780830778892,
0.354224465426266));
#5851=CARTESIAN_POINT('Ctrl Pts',(-1.95588773114138,-0.755269454578166,
0.334548480346131));
#5852=CARTESIAN_POINT('Ctrl Pts',(-1.92092660947039,-0.739829051955537,
0.314584198014659));
#5853=CARTESIAN_POINT('Ctrl Pts',(-1.88607994923698,-0.724462233794894,
0.294331477279955));
#5854=CARTESIAN_POINT('Origin',(0.,0.,0.));
#5855=CARTESIAN_POINT('Origin',(0.,0.,0.));
#5856=CARTESIAN_POINT('Ctrl Pts',(1.11268851617692,1.3507125030768,0.144337567297406));
#5857=CARTESIAN_POINT('Ctrl Pts',(2.06303349854054,0.567838319359976,0.144337567297406));
#5858=CARTESIAN_POINT('Ctrl Pts',(1.64715616753518,-0.591080840283982,0.144337567297406));
#5859=CARTESIAN_POINT('Ctrl Pts',(1.23127883652981,-1.74999999992794,0.144337567297406));
#5860=CARTESIAN_POINT('Ctrl Pts',(1.02416634597446E-10,-1.75,0.144337567297406));
#5861=CARTESIAN_POINT('Ctrl Pts',(-1.23127883632498,-1.75000000007206,0.144337567297406));
#5862=CARTESIAN_POINT('Ctrl Pts',(-1.64715616746599,-0.591080840476776,
0.144337567297406));
#5863=CARTESIAN_POINT('Ctrl Pts',(-2.06303349860701,0.567838319118504,0.144337567297406));
#5864=CARTESIAN_POINT('Ctrl Pts',(-1.11268851633502,1.35071250294656,0.144337567297406));
#5865=CARTESIAN_POINT('Ctrl Pts',(3.97388755777472,4.82397322527429,2.74241377865072));
#5866=CARTESIAN_POINT('Ctrl Pts',(7.36797678050195,2.0279939977142,2.74241377865072));
#5867=CARTESIAN_POINT('Ctrl Pts',(5.88270059833992,-2.11100300101422,2.74241377865072));
#5868=CARTESIAN_POINT('Ctrl Pts',(4.39742441617791,-6.24999999974264,2.74241377865072));
#5869=CARTESIAN_POINT('Ctrl Pts',(3.65773694990879E-10,-6.25,2.74241377865072));
#5870=CARTESIAN_POINT('Ctrl Pts',(-4.39742441544636,-6.25000000025735,2.74241377865072));
#5871=CARTESIAN_POINT('Ctrl Pts',(-5.88270059809284,-2.11100300170277,2.74241377865072));
#5872=CARTESIAN_POINT('Ctrl Pts',(-7.36797678073932,2.0279939968518,2.74241377865072));
#5873=CARTESIAN_POINT('Ctrl Pts',(-3.97388755833934,4.82397322480916,2.74241377865072));
#5874=CARTESIAN_POINT('Ctrl Pts',(6.83508659937251,8.29723394747179,0.144337567297406));
#5875=CARTESIAN_POINT('Ctrl Pts',(12.6729200624634,3.48814967606843,0.144337567297406));
#5876=CARTESIAN_POINT('Ctrl Pts',(10.1182450291447,-3.63092516174446,0.144337567297406));
#5877=CARTESIAN_POINT('Ctrl Pts',(7.563569995826,-10.7499999995574,0.144337567297406));
#5878=CARTESIAN_POINT('Ctrl Pts',(6.29130755384313E-10,-10.75,0.144337567297406));
#5879=CARTESIAN_POINT('Ctrl Pts',(-7.56356999456774,-10.7500000004426,0.144337567297406));
#5880=CARTESIAN_POINT('Ctrl Pts',(-10.1182450287197,-3.63092516292877,0.144337567297406));
#5881=CARTESIAN_POINT('Ctrl Pts',(-12.6729200628716,3.4881496745851,0.144337567297406));
#5882=CARTESIAN_POINT('Ctrl Pts',(-6.83508660034368,8.29723394667177,0.144337567297406));
#5883=CARTESIAN_POINT('',(-1.22474487139159,1.25,0.144337567297406));
#5884=CARTESIAN_POINT('',(-1.34708224339076,1.51856323844105,0.299392625313651));
#5885=CARTESIAN_POINT('Ctrl Pts',(-1.34708224335635,1.51856323845767,0.299392625315379));
#5886=CARTESIAN_POINT('Ctrl Pts',(-1.30108037924637,1.42863667513881,0.247473499775936));
#5887=CARTESIAN_POINT('Ctrl Pts',(-1.26074627554492,1.33818507019915,0.195251241315389));
#5888=CARTESIAN_POINT('Ctrl Pts',(-1.22474487139306,1.25000000000361,0.144337567299488));
#5889=CARTESIAN_POINT('',(1.22474487139159,1.25,0.144337567297406));
#5890=CARTESIAN_POINT('Origin',(0.,6.93889390390723E-17,0.144337567297406));
#5891=CARTESIAN_POINT('',(1.34708224339076,1.51856323844105,0.29939262531365));
#5892=CARTESIAN_POINT('Ctrl Pts',(1.22474487139159,1.25,0.144337567297406));
#5893=CARTESIAN_POINT('Ctrl Pts',(1.26074267766355,1.33817625722587,0.195246153142895));
#5894=CARTESIAN_POINT('Ctrl Pts',(1.3010790412786,1.42863405961777,0.247471989704164));
#5895=CARTESIAN_POINT('Ctrl Pts',(1.34708224335635,1.51856323845767,0.299392625315379));
#5896=CARTESIAN_POINT('',(1.47054960679043,1.73528447167494,0.424516687652479));
#5897=CARTESIAN_POINT('Ctrl Pts',(1.34708224335635,1.51856323845767,0.299392625315379));
#5898=CARTESIAN_POINT('Ctrl Pts',(1.38443060253964,1.59157353166932,0.341545137754737));
#5899=CARTESIAN_POINT('Ctrl Pts',(1.42553109537191,1.66425225984677,0.383506221032349));
#5900=CARTESIAN_POINT('Ctrl Pts',(1.47054960679042,1.73528447167494,0.42451668765248));
#5901=CARTESIAN_POINT('Ctrl Pts',(1.47054960679042,1.73528447167494,0.42451668765248));
#5902=CARTESIAN_POINT('Ctrl Pts',(1.49153943760053,1.76840316132865,0.443637772039255));
#5903=CARTESIAN_POINT('Ctrl Pts',(1.5133745386088,1.80117188851888,0.462556805503536));
#5904=CARTESIAN_POINT('Ctrl Pts',(1.55073719151941,1.85446373959727,0.493324870069259));
#5905=CARTESIAN_POINT('Ctrl Pts',(1.56579206780623,1.87525378552604,0.505328008682697));
#5906=CARTESIAN_POINT('Ctrl Pts',(1.58117944656727,1.89582798157305,0.517206526308802));
#5907=CARTESIAN_POINT('Origin',(0.,2.77555756156289E-16,0.144337567297405));
#5908=CARTESIAN_POINT('Ctrl Pts',(-1.58117944656727,1.89582798157305,0.517206526308801));
#5909=CARTESIAN_POINT('Ctrl Pts',(-1.56579206780623,1.87525378552604,0.505328008682697));
#5910=CARTESIAN_POINT('Ctrl Pts',(-1.55073719151941,1.85446373959727,0.493324870069259));
#5911=CARTESIAN_POINT('Ctrl Pts',(-1.46479590542617,1.73188223472063,0.422552405231059));
#5912=CARTESIAN_POINT('Ctrl Pts',(-1.40184720931932,1.62562031700454,0.361202058433068));
#5913=CARTESIAN_POINT('Ctrl Pts',(-1.34708224335635,1.51856323845767,0.299392625315379));
#5914=CARTESIAN_POINT('Origin',(0.,0.,0.));
#5915=CARTESIAN_POINT('Ctrl Pts',(-1.1180339887499,1.00000000000001,3.18755438710738E-15));
#5916=CARTESIAN_POINT('Ctrl Pts',(-1.17138943007074,1.11930639376292,0.0688815785550635));
#5917=CARTESIAN_POINT('Ctrl Pts',(-1.22474487139159,1.25,0.144337567297405));
#5918=CARTESIAN_POINT('Ctrl Pts',(1.1180339887499,1.00000000000001,3.18321757841744E-15));
#5919=CARTESIAN_POINT('Ctrl Pts',(1.17138943007074,1.11930639376292,0.0688815785550641));
#5920=CARTESIAN_POINT('Ctrl Pts',(1.22474487139159,1.25,0.144337567297406));
#5921=CARTESIAN_POINT('Origin',(0.,0.,0.));
#5922=CARTESIAN_POINT('Origin',(0.,0.,0.));
#5923=CARTESIAN_POINT('Origin',(-1.11803398874989,1.,0.));
#5924=CARTESIAN_POINT('Origin',(2.06111629134181,0.0424220881782821,0.));
#5925=CARTESIAN_POINT('',(2.06111629134181,0.0424220881782821,20.));
#5926=CARTESIAN_POINT('Origin',(-1.83859535738549,-0.932505824003541,0.));
#5927=CARTESIAN_POINT('',(-1.83859535738549,-0.932505824003541,20.));
#5928=CARTESIAN_POINT('Origin',(-1.1180339887499,1.,0.));
#5929=CARTESIAN_POINT('',(-1.1180339887499,1.,20.));
#5930=CARTESIAN_POINT('Origin',(0.,0.,20.));
#5931=CARTESIAN_POINT('Origin',(0.,0.,0.));
#5932=UNCERTAINTY_MEASURE_WITH_UNIT(LENGTH_MEASURE(0.01),#5936,
'DISTANCE_ACCURACY_VALUE',
'Maximum model space distance between geometric entities at asserted c
onnectivities');
#5933=UNCERTAINTY_MEASURE_WITH_UNIT(LENGTH_MEASURE(0.01),#5936,
'DISTANCE_ACCURACY_VALUE',
'Maximum model space distance between geometric entities at asserted c
onnectivities');
#5934=(
GEOMETRIC_REPRESENTATION_CONTEXT(3)
GLOBAL_UNCERTAINTY_ASSIGNED_CONTEXT((#5932))
GLOBAL_UNIT_ASSIGNED_CONTEXT((#5936,#5938,#5939))
REPRESENTATION_CONTEXT('','3D')
);
#5935=(
GEOMETRIC_REPRESENTATION_CONTEXT(3)
GLOBAL_UNCERTAINTY_ASSIGNED_CONTEXT((#5933))
GLOBAL_UNIT_ASSIGNED_CONTEXT((#5936,#5938,#5939))
REPRESENTATION_CONTEXT('','3D')
);
#5936=(
LENGTH_UNIT()
NAMED_UNIT(*)
SI_UNIT(.MILLI.,.METRE.)
);
#5937=(
LENGTH_UNIT()
NAMED_UNIT(*)
SI_UNIT($,.METRE.)
);
#5938=(
NAMED_UNIT(*)
PLANE_ANGLE_UNIT()
SI_UNIT($,.RADIAN.)
);
#5939=(
NAMED_UNIT(*)
SI_UNIT($,.STERADIAN.)
SOLID_ANGLE_UNIT()
);
#5940=SHAPE_DEFINITION_REPRESENTATION(#5941,#5942);
#5941=PRODUCT_DEFINITION_SHAPE('',$,#5944);
#5942=SHAPE_REPRESENTATION('',(#2734),#5934);
#5943=PRODUCT_DEFINITION_CONTEXT('part definition',#5948,'design');
#5944=PRODUCT_DEFINITION('Tekerlek','Tekerlek v7',#5945,#5943);
#5945=PRODUCT_DEFINITION_FORMATION('',$,#5950);
#5946=PRODUCT_RELATED_PRODUCT_CATEGORY('Tekerlek v7','Tekerlek v7',(#5950));
#5947=APPLICATION_PROTOCOL_DEFINITION('international standard',
'automotive_design',2009,#5948);
#5948=APPLICATION_CONTEXT(
'Core Data for Automotive Mechanical Design Process');
#5949=PRODUCT_CONTEXT('part definition',#5948,'mechanical');
#5950=PRODUCT('Tekerlek','Tekerlek v7',$,(#5949));
#5951=PRESENTATION_STYLE_ASSIGNMENT((#5953));
#5952=PRESENTATION_STYLE_ASSIGNMENT((#5954));
#5953=SURFACE_STYLE_USAGE(.BOTH.,#5955);
#5954=SURFACE_STYLE_USAGE(.BOTH.,#5956);
#5955=SURFACE_SIDE_STYLE('',(#5957));
#5956=SURFACE_SIDE_STYLE('',(#5958));
#5957=SURFACE_STYLE_FILL_AREA(#5959);
#5958=SURFACE_STYLE_FILL_AREA(#5960);
#5959=FILL_AREA_STYLE('Platin - Cilalanm\X2\0131015F\X0\',(#5961));
#5960=FILL_AREA_STYLE(
'PEKK - Karbon Elyafla G\X\FC\X\E7lendirilmi\X2\015F\X0\ Polieterketon
eketon - HT-23 (EOS P 810 3D Yaz\X2\0131\X0\c\X2\0131\X0\ ile)',(#5962));
#5961=FILL_AREA_STYLE_COLOUR('Platin - Cilalanm\X2\0131015F\X0\',#5963);
#5962=FILL_AREA_STYLE_COLOUR(
'PEKK - Karbon Elyafla G\X\FC\X\E7lendirilmi\X2\015F\X0\ Polieterketon
eketon - HT-23 (EOS P 810 3D Yaz\X2\0131\X0\c\X2\0131\X0\ ile)',#5964);
#5963=COLOUR_RGB('Platin - Cilalanm\X2\0131015F\X0\',0.831372549019608,
0.819607843137255,0.788235294117647);
#5964=COLOUR_RGB(
'PEKK - Karbon Elyafla G\X\FC\X\E7lendirilmi\X2\015F\X0\ Polieterketon
eketon - HT-23 (EOS P 810 3D Yaz\X2\0131\X0\c\X2\0131\X0\ ile)',0.352941176470588,
0.352941176470588,0.352941176470588);
ENDSEC;
END-ISO-10303-21;
