ISO-10303-21;
HEADER;
FILE_DESCRIPTION(('KiCad electronic assembly'),'2;1');
FILE_NAME('techTaco.step','2024-08-05T20:58:09',('Pcbnew'),('Kicad'),
  'Open CASCADE STEP processor 7.8','KiCad to STEP converter','Unknown'
  );
FILE_SCHEMA(('AUTOMOTIVE_DESIGN { 1 0 10303 214 1 1 1 1 }'));
ENDSEC;
DATA;
#1 = APPLICATION_PROTOCOL_DEFINITION('international standard',
  'automotive_design',2000,#2);
#2 = APPLICATION_CONTEXT(
  'core data for automotive mechanical design processes');
#3 = SHAPE_DEFINITION_REPRESENTATION(#4,#10);
#4 = PRODUCT_DEFINITION_SHAPE('','',#5);
#5 = PRODUCT_DEFINITION('design','',#6,#9);
#6 = PRODUCT_DEFINITION_FORMATION('','',#7);
#7 = PRODUCT('techTaco 1','techTaco 1','',(#8));
#8 = PRODUCT_CONTEXT('',#2,'mechanical');
#9 = PRODUCT_DEFINITION_CONTEXT('part definition',#2,'design');
#10 = SHAPE_REPRESENTATION('',(#11,#15,#19,#23,#27,#31,#35,#39,#43,#47,
    #51,#55,#59,#63,#67,#71),#75);
#11 = AXIS2_PLACEMENT_3D('',#12,#13,#14);
#12 = CARTESIAN_POINT('',(0.,0.,0.));
#13 = DIRECTION('',(0.,0.,1.));
#14 = DIRECTION('',(1.,0.,-0.));
#15 = AXIS2_PLACEMENT_3D('',#16,#17,#18);
#16 = CARTESIAN_POINT('',(109.23,-94.,1.65));
#17 = DIRECTION('',(0.,0.,1.));
#18 = DIRECTION('',(-1.,1.224646799147E-16,0.));
#19 = AXIS2_PLACEMENT_3D('',#20,#21,#22);
#20 = CARTESIAN_POINT('',(129.75,-103.37,1.65));
#21 = DIRECTION('',(0.,0.,1.));
#22 = DIRECTION('',(1.,0.,0.));
#23 = AXIS2_PLACEMENT_3D('',#24,#25,#26);
#24 = CARTESIAN_POINT('',(109.23,-96.75,1.65));
#25 = DIRECTION('',(0.,0.,1.));
#26 = DIRECTION('',(-1.,1.224646799147E-16,0.));
#27 = AXIS2_PLACEMENT_3D('',#28,#29,#30);
#28 = CARTESIAN_POINT('',(113.76,-95.76,1.65));
#29 = DIRECTION('',(-0.,0.,1.));
#30 = DIRECTION('',(1.110223024625E-16,-1.,0.));
#31 = AXIS2_PLACEMENT_3D('',#32,#33,#34);
#32 = CARTESIAN_POINT('',(100.19,-99.7,1.65));
#33 = DIRECTION('',(0.,0.,1.));
#34 = DIRECTION('',(-2.334869823773E-16,1.,0.));
#35 = AXIS2_PLACEMENT_3D('',#36,#37,#38);
#36 = CARTESIAN_POINT('',(109.26,-104.75,1.65));
#37 = DIRECTION('',(0.,0.,1.));
#38 = DIRECTION('',(1.,0.,0.));
#39 = AXIS2_PLACEMENT_3D('',#40,#41,#42);
#40 = CARTESIAN_POINT('',(121.75,-95.76,1.65));
#41 = DIRECTION('',(-0.,0.,1.));
#42 = DIRECTION('',(1.110223024625E-16,-1.,0.));
#43 = AXIS2_PLACEMENT_3D('',#44,#45,#46);
#44 = CARTESIAN_POINT('',(115.975,-103.655,1.65));
#45 = DIRECTION('',(0.,0.,1.));
#46 = DIRECTION('',(-1.,1.224646799147E-16,0.));
#47 = AXIS2_PLACEMENT_3D('',#48,#49,#50);
#48 = CARTESIAN_POINT('',(122.,-103.24,1.65));
#49 = DIRECTION('',(0.,-0.,1.));
#50 = DIRECTION('',(1.110223024625E-16,1.,0.));
#51 = AXIS2_PLACEMENT_3D('',#52,#53,#54);
#52 = CARTESIAN_POINT('',(109.26,-99.,1.65));
#53 = DIRECTION('',(0.,0.,1.));
#54 = DIRECTION('',(1.,0.,0.));
#55 = AXIS2_PLACEMENT_3D('',#56,#57,#58);
#56 = CARTESIAN_POINT('',(125.4375,-103.75,1.65));
#57 = DIRECTION('',(0.,0.,1.));
#58 = DIRECTION('',(1.,0.,0.));
#59 = AXIS2_PLACEMENT_3D('',#60,#61,#62);
#60 = CARTESIAN_POINT('',(109.26,-101.75,1.65));
#61 = DIRECTION('',(0.,0.,1.));
#62 = DIRECTION('',(1.,0.,0.));
#63 = AXIS2_PLACEMENT_3D('',#64,#65,#66);
#64 = CARTESIAN_POINT('',(125.4375,-95.25,1.65));
#65 = DIRECTION('',(0.,0.,1.));
#66 = DIRECTION('',(1.,0.,0.));
#67 = AXIS2_PLACEMENT_3D('',#68,#69,#70);
#68 = CARTESIAN_POINT('',(118.5,-95.76,1.65));
#69 = DIRECTION('',(-0.,0.,1.));
#70 = DIRECTION('',(1.110223024625E-16,-1.,0.));
#71 = AXIS2_PLACEMENT_3D('',#72,#73,#74);
#72 = CARTESIAN_POINT('',(0.,0.,0.));
#73 = DIRECTION('',(0.,0.,1.));
#74 = DIRECTION('',(1.,0.,-0.));
#75 = ( GEOMETRIC_REPRESENTATION_CONTEXT(3) 
GLOBAL_UNCERTAINTY_ASSIGNED_CONTEXT((#79)) GLOBAL_UNIT_ASSIGNED_CONTEXT(
(#76,#77,#78)) REPRESENTATION_CONTEXT('Context #1',
  '3D Context with UNIT and UNCERTAINTY') );
#76 = ( LENGTH_UNIT() NAMED_UNIT(*) SI_UNIT(.MILLI.,.METRE.) );
#77 = ( NAMED_UNIT(*) PLANE_ANGLE_UNIT() SI_UNIT($,.RADIAN.) );
#78 = ( NAMED_UNIT(*) SI_UNIT($,.STERADIAN.) SOLID_ANGLE_UNIT() );
#79 = UNCERTAINTY_MEASURE_WITH_UNIT(LENGTH_MEASURE(5.E-07),#76,
  'distance_accuracy_value','confusion accuracy');
#80 = PRODUCT_RELATED_PRODUCT_CATEGORY('part',$,(#7));
#81 = SHAPE_DEFINITION_REPRESENTATION(#82,#88);
#82 = PRODUCT_DEFINITION_SHAPE('','',#83);
#83 = PRODUCT_DEFINITION('design','',#84,#87);
#84 = PRODUCT_DEFINITION_FORMATION('','',#85);
#85 = PRODUCT('C_0402_1005Metric','C_0402_1005Metric','',(#86));
#86 = PRODUCT_CONTEXT('',#2,'mechanical');
#87 = PRODUCT_DEFINITION_CONTEXT('part definition',#2,'design');
#88 = SHAPE_REPRESENTATION('',(#11,#89),#93);
#89 = AXIS2_PLACEMENT_3D('',#90,#91,#92);
#90 = CARTESIAN_POINT('',(0.,0.,0.));
#91 = DIRECTION('',(0.,0.,1.));
#92 = DIRECTION('',(1.,0.,-0.));
#93 = ( GEOMETRIC_REPRESENTATION_CONTEXT(3) 
GLOBAL_UNCERTAINTY_ASSIGNED_CONTEXT((#97)) GLOBAL_UNIT_ASSIGNED_CONTEXT(
(#94,#95,#96)) REPRESENTATION_CONTEXT('Context #1',
  '3D Context with UNIT and UNCERTAINTY') );
#94 = ( LENGTH_UNIT() NAMED_UNIT(*) SI_UNIT(.MILLI.,.METRE.) );
#95 = ( NAMED_UNIT(*) PLANE_ANGLE_UNIT() SI_UNIT($,.RADIAN.) );
#96 = ( NAMED_UNIT(*) SI_UNIT($,.STERADIAN.) SOLID_ANGLE_UNIT() );
#97 = UNCERTAINTY_MEASURE_WITH_UNIT(LENGTH_MEASURE(1.E-07),#94,
  'distance_accuracy_value','confusion accuracy');
#98 = CONTEXT_DEPENDENT_SHAPE_REPRESENTATION(#99,#101);
#99 = ( REPRESENTATION_RELATIONSHIP('','',#88,#10) 
REPRESENTATION_RELATIONSHIP_WITH_TRANSFORMATION(#100) 
SHAPE_REPRESENTATION_RELATIONSHIP() );
#100 = ITEM_DEFINED_TRANSFORMATION('','',#11,#15);
#101 = PRODUCT_DEFINITION_SHAPE('Placement','Placement of an item',#102
  );
#102 = NEXT_ASSEMBLY_USAGE_OCCURRENCE('2','C2','',#5,#83,$);
#103 = PRODUCT_RELATED_PRODUCT_CATEGORY('part',$,(#85));
#104 = SHAPE_DEFINITION_REPRESENTATION(#105,#111);
#105 = PRODUCT_DEFINITION_SHAPE('','',#106);
#106 = PRODUCT_DEFINITION('design','',#107,#110);
#107 = PRODUCT_DEFINITION_FORMATION('','',#108);
#108 = PRODUCT('C_0402_1005Metric','C_0402_1005Metric','',(#109));
#109 = PRODUCT_CONTEXT('',#2,'mechanical');
#110 = PRODUCT_DEFINITION_CONTEXT('part definition',#2,'design');
#111 = ADVANCED_BREP_SHAPE_REPRESENTATION('',(#11,#112),#966);
#112 = MANIFOLD_SOLID_BREP('',#113);
#113 = CLOSED_SHELL('',(#114,#190,#221,#246,#271,#295,#319,#344,#369,
    #386,#472,#504,#528,#553,#577,#602,#626,#651,#668,#754,#785,#810,
    #835,#859,#883,#908,#933,#950));
#114 = ADVANCED_FACE('',(#115),#185,.F.);
#115 = FACE_BOUND('',#116,.F.);
#116 = EDGE_LOOP('',(#117,#127,#136,#144,#153,#161,#170,#178));
#117 = ORIENTED_EDGE('',*,*,#118,.F.);
#118 = EDGE_CURVE('',#119,#121,#123,.T.);
#119 = VERTEX_POINT('',#120);
#120 = CARTESIAN_POINT('',(-0.5,-0.25,2.E-02));
#121 = VERTEX_POINT('',#122);
#122 = CARTESIAN_POINT('',(-0.5,-0.25,0.48));
#123 = LINE('',#124,#125);
#124 = CARTESIAN_POINT('',(-0.5,-0.25,0.));
#125 = VECTOR('',#126,1.);
#126 = DIRECTION('',(0.,0.,1.));
#127 = ORIENTED_EDGE('',*,*,#128,.T.);
#128 = EDGE_CURVE('',#119,#129,#131,.T.);
#129 = VERTEX_POINT('',#130);
#130 = CARTESIAN_POINT('',(-0.5,-0.23,0.));
#131 = CIRCLE('',#132,2.E-02);
#132 = AXIS2_PLACEMENT_3D('',#133,#134,#135);
#133 = CARTESIAN_POINT('',(-0.5,-0.23,2.E-02));
#134 = DIRECTION('',(1.,0.,-0.));
#135 = DIRECTION('',(0.,0.,1.));
#136 = ORIENTED_EDGE('',*,*,#137,.T.);
#137 = EDGE_CURVE('',#129,#138,#140,.T.);
#138 = VERTEX_POINT('',#139);
#139 = CARTESIAN_POINT('',(-0.5,0.23,0.));
#140 = LINE('',#141,#142);
#141 = CARTESIAN_POINT('',(-0.5,-0.25,0.));
#142 = VECTOR('',#143,1.);
#143 = DIRECTION('',(0.,1.,0.));
#144 = ORIENTED_EDGE('',*,*,#145,.F.);
#145 = EDGE_CURVE('',#146,#138,#148,.T.);
#146 = VERTEX_POINT('',#147);
#147 = CARTESIAN_POINT('',(-0.5,0.25,2.E-02));
#148 = CIRCLE('',#149,2.E-02);
#149 = AXIS2_PLACEMENT_3D('',#150,#151,#152);
#150 = CARTESIAN_POINT('',(-0.5,0.23,2.E-02));
#151 = DIRECTION('',(-1.,0.,0.));
#152 = DIRECTION('',(0.,0.,1.));
#153 = ORIENTED_EDGE('',*,*,#154,.T.);
#154 = EDGE_CURVE('',#146,#155,#157,.T.);
#155 = VERTEX_POINT('',#156);
#156 = CARTESIAN_POINT('',(-0.5,0.25,0.48));
#157 = LINE('',#158,#159);
#158 = CARTESIAN_POINT('',(-0.5,0.25,0.));
#159 = VECTOR('',#160,1.);
#160 = DIRECTION('',(0.,0.,1.));
#161 = ORIENTED_EDGE('',*,*,#162,.T.);
#162 = EDGE_CURVE('',#155,#163,#165,.T.);
#163 = VERTEX_POINT('',#164);
#164 = CARTESIAN_POINT('',(-0.5,0.23,0.5));
#165 = CIRCLE('',#166,2.E-02);
#166 = AXIS2_PLACEMENT_3D('',#167,#168,#169);
#167 = CARTESIAN_POINT('',(-0.5,0.23,0.48));
#168 = DIRECTION('',(1.,0.,-0.));
#169 = DIRECTION('',(0.,0.,1.));
#170 = ORIENTED_EDGE('',*,*,#171,.F.);
#171 = EDGE_CURVE('',#172,#163,#174,.T.);
#172 = VERTEX_POINT('',#173);
#173 = CARTESIAN_POINT('',(-0.5,-0.23,0.5));
#174 = LINE('',#175,#176);
#175 = CARTESIAN_POINT('',(-0.5,-0.25,0.5));
#176 = VECTOR('',#177,1.);
#177 = DIRECTION('',(0.,1.,0.));
#178 = ORIENTED_EDGE('',*,*,#179,.F.);
#179 = EDGE_CURVE('',#121,#172,#180,.T.);
#180 = CIRCLE('',#181,2.E-02);
#181 = AXIS2_PLACEMENT_3D('',#182,#183,#184);
#182 = CARTESIAN_POINT('',(-0.5,-0.23,0.48));
#183 = DIRECTION('',(-1.,0.,0.));
#184 = DIRECTION('',(0.,0.,1.));
#185 = PLANE('',#186);
#186 = AXIS2_PLACEMENT_3D('',#187,#188,#189);
#187 = CARTESIAN_POINT('',(-0.5,-0.25,0.));
#188 = DIRECTION('',(1.,0.,0.));
#189 = DIRECTION('',(0.,0.,1.));
#190 = ADVANCED_FACE('',(#191),#216,.F.);
#191 = FACE_BOUND('',#192,.F.);
#192 = EDGE_LOOP('',(#193,#203,#209,#210));
#193 = ORIENTED_EDGE('',*,*,#194,.F.);
#194 = EDGE_CURVE('',#195,#197,#199,.T.);
#195 = VERTEX_POINT('',#196);
#196 = CARTESIAN_POINT('',(-0.3,-0.25,2.E-02));
#197 = VERTEX_POINT('',#198);
#198 = CARTESIAN_POINT('',(-0.3,-0.25,0.48));
#199 = LINE('',#200,#201);
#200 = CARTESIAN_POINT('',(-0.3,-0.25,0.));
#201 = VECTOR('',#202,1.);
#202 = DIRECTION('',(0.,0.,1.));
#203 = ORIENTED_EDGE('',*,*,#204,.F.);
#204 = EDGE_CURVE('',#119,#195,#205,.T.);
#205 = LINE('',#206,#207);
#206 = CARTESIAN_POINT('',(-0.5,-0.25,2.E-02));
#207 = VECTOR('',#208,1.);
#208 = DIRECTION('',(1.,0.,0.));
#209 = ORIENTED_EDGE('',*,*,#118,.T.);
#210 = ORIENTED_EDGE('',*,*,#211,.T.);
#211 = EDGE_CURVE('',#121,#197,#212,.T.);
#212 = LINE('',#213,#214);
#213 = CARTESIAN_POINT('',(-0.5,-0.25,0.48));
#214 = VECTOR('',#215,1.);
#215 = DIRECTION('',(1.,0.,0.));
#216 = PLANE('',#217);
#217 = AXIS2_PLACEMENT_3D('',#218,#219,#220);
#218 = CARTESIAN_POINT('',(-0.5,-0.25,0.));
#219 = DIRECTION('',(0.,1.,0.));
#220 = DIRECTION('',(0.,-0.,1.));
#221 = ADVANCED_FACE('',(#222),#241,.T.);
#222 = FACE_BOUND('',#223,.T.);
#223 = EDGE_LOOP('',(#224,#225,#233,#240));
#224 = ORIENTED_EDGE('',*,*,#128,.T.);
#225 = ORIENTED_EDGE('',*,*,#226,.T.);
#226 = EDGE_CURVE('',#129,#227,#229,.T.);
#227 = VERTEX_POINT('',#228);
#228 = CARTESIAN_POINT('',(-0.3,-0.23,0.));
#229 = LINE('',#230,#231);
#230 = CARTESIAN_POINT('',(-0.5,-0.23,0.));
#231 = VECTOR('',#232,1.);
#232 = DIRECTION('',(1.,0.,0.));
#233 = ORIENTED_EDGE('',*,*,#234,.F.);
#234 = EDGE_CURVE('',#195,#227,#235,.T.);
#235 = CIRCLE('',#236,2.E-02);
#236 = AXIS2_PLACEMENT_3D('',#237,#238,#239);
#237 = CARTESIAN_POINT('',(-0.3,-0.23,2.E-02));
#238 = DIRECTION('',(1.,0.,-0.));
#239 = DIRECTION('',(0.,0.,1.));
#240 = ORIENTED_EDGE('',*,*,#204,.F.);
#241 = CYLINDRICAL_SURFACE('',#242,2.E-02);
#242 = AXIS2_PLACEMENT_3D('',#243,#244,#245);
#243 = CARTESIAN_POINT('',(-0.5,-0.23,2.E-02));
#244 = DIRECTION('',(1.,0.,0.));
#245 = DIRECTION('',(0.,-1.,0.));
#246 = ADVANCED_FACE('',(#247),#266,.T.);
#247 = FACE_BOUND('',#248,.T.);
#248 = EDGE_LOOP('',(#249,#250,#259,#265));
#249 = ORIENTED_EDGE('',*,*,#211,.T.);
#250 = ORIENTED_EDGE('',*,*,#251,.T.);
#251 = EDGE_CURVE('',#197,#252,#254,.T.);
#252 = VERTEX_POINT('',#253);
#253 = CARTESIAN_POINT('',(-0.3,-0.23,0.5));
#254 = CIRCLE('',#255,2.E-02);
#255 = AXIS2_PLACEMENT_3D('',#256,#257,#258);
#256 = CARTESIAN_POINT('',(-0.3,-0.23,0.48));
#257 = DIRECTION('',(-1.,0.,0.));
#258 = DIRECTION('',(0.,0.,1.));
#259 = ORIENTED_EDGE('',*,*,#260,.F.);
#260 = EDGE_CURVE('',#172,#252,#261,.T.);
#261 = LINE('',#262,#263);
#262 = CARTESIAN_POINT('',(-0.5,-0.23,0.5));
#263 = VECTOR('',#264,1.);
#264 = DIRECTION('',(1.,0.,0.));
#265 = ORIENTED_EDGE('',*,*,#179,.F.);
#266 = CYLINDRICAL_SURFACE('',#267,2.E-02);
#267 = AXIS2_PLACEMENT_3D('',#268,#269,#270);
#268 = CARTESIAN_POINT('',(-0.5,-0.23,0.48));
#269 = DIRECTION('',(1.,0.,0.));
#270 = DIRECTION('',(0.,-1.,0.));
#271 = ADVANCED_FACE('',(#272),#290,.F.);
#272 = FACE_BOUND('',#273,.F.);
#273 = EDGE_LOOP('',(#274,#275,#276,#284));
#274 = ORIENTED_EDGE('',*,*,#137,.F.);
#275 = ORIENTED_EDGE('',*,*,#226,.T.);
#276 = ORIENTED_EDGE('',*,*,#277,.T.);
#277 = EDGE_CURVE('',#227,#278,#280,.T.);
#278 = VERTEX_POINT('',#279);
#279 = CARTESIAN_POINT('',(-0.3,0.23,0.));
#280 = LINE('',#281,#282);
#281 = CARTESIAN_POINT('',(-0.3,-0.25,0.));
#282 = VECTOR('',#283,1.);
#283 = DIRECTION('',(0.,1.,0.));
#284 = ORIENTED_EDGE('',*,*,#285,.F.);
#285 = EDGE_CURVE('',#138,#278,#286,.T.);
#286 = LINE('',#287,#288);
#287 = CARTESIAN_POINT('',(-0.5,0.23,0.));
#288 = VECTOR('',#289,1.);
#289 = DIRECTION('',(1.,0.,0.));
#290 = PLANE('',#291);
#291 = AXIS2_PLACEMENT_3D('',#292,#293,#294);
#292 = CARTESIAN_POINT('',(-0.5,-0.25,0.));
#293 = DIRECTION('',(0.,0.,1.));
#294 = DIRECTION('',(1.,0.,-0.));
#295 = ADVANCED_FACE('',(#296),#314,.T.);
#296 = FACE_BOUND('',#297,.T.);
#297 = EDGE_LOOP('',(#298,#299,#300,#308));
#298 = ORIENTED_EDGE('',*,*,#171,.F.);
#299 = ORIENTED_EDGE('',*,*,#260,.T.);
#300 = ORIENTED_EDGE('',*,*,#301,.T.);
#301 = EDGE_CURVE('',#252,#302,#304,.T.);
#302 = VERTEX_POINT('',#303);
#303 = CARTESIAN_POINT('',(-0.3,0.23,0.5));
#304 = LINE('',#305,#306);
#305 = CARTESIAN_POINT('',(-0.3,-0.25,0.5));
#306 = VECTOR('',#307,1.);
#307 = DIRECTION('',(0.,1.,0.));
#308 = ORIENTED_EDGE('',*,*,#309,.F.);
#309 = EDGE_CURVE('',#163,#302,#310,.T.);
#310 = LINE('',#311,#312);
#311 = CARTESIAN_POINT('',(-0.5,0.23,0.5));
#312 = VECTOR('',#313,1.);
#313 = DIRECTION('',(1.,0.,0.));
#314 = PLANE('',#315);
#315 = AXIS2_PLACEMENT_3D('',#316,#317,#318);
#316 = CARTESIAN_POINT('',(-0.5,-0.25,0.5));
#317 = DIRECTION('',(0.,0.,1.));
#318 = DIRECTION('',(1.,0.,-0.));
#319 = ADVANCED_FACE('',(#320),#339,.T.);
#320 = FACE_BOUND('',#321,.T.);
#321 = EDGE_LOOP('',(#322,#330,#337,#338));
#322 = ORIENTED_EDGE('',*,*,#323,.T.);
#323 = EDGE_CURVE('',#146,#324,#326,.T.);
#324 = VERTEX_POINT('',#325);
#325 = CARTESIAN_POINT('',(-0.3,0.25,2.E-02));
#326 = LINE('',#327,#328);
#327 = CARTESIAN_POINT('',(-0.5,0.25,2.E-02));
#328 = VECTOR('',#329,1.);
#329 = DIRECTION('',(1.,0.,0.));
#330 = ORIENTED_EDGE('',*,*,#331,.T.);
#331 = EDGE_CURVE('',#324,#278,#332,.T.);
#332 = CIRCLE('',#333,2.E-02);
#333 = AXIS2_PLACEMENT_3D('',#334,#335,#336);
#334 = CARTESIAN_POINT('',(-0.3,0.23,2.E-02));
#335 = DIRECTION('',(-1.,0.,0.));
#336 = DIRECTION('',(0.,0.,1.));
#337 = ORIENTED_EDGE('',*,*,#285,.F.);
#338 = ORIENTED_EDGE('',*,*,#145,.F.);
#339 = CYLINDRICAL_SURFACE('',#340,2.E-02);
#340 = AXIS2_PLACEMENT_3D('',#341,#342,#343);
#341 = CARTESIAN_POINT('',(-0.5,0.23,2.E-02));
#342 = DIRECTION('',(1.,0.,0.));
#343 = DIRECTION('',(-0.,1.,0.));
#344 = ADVANCED_FACE('',(#345),#364,.T.);
#345 = FACE_BOUND('',#346,.T.);
#346 = EDGE_LOOP('',(#347,#348,#349,#358));
#347 = ORIENTED_EDGE('',*,*,#162,.T.);
#348 = ORIENTED_EDGE('',*,*,#309,.T.);
#349 = ORIENTED_EDGE('',*,*,#350,.F.);
#350 = EDGE_CURVE('',#351,#302,#353,.T.);
#351 = VERTEX_POINT('',#352);
#352 = CARTESIAN_POINT('',(-0.3,0.25,0.48));
#353 = CIRCLE('',#354,2.E-02);
#354 = AXIS2_PLACEMENT_3D('',#355,#356,#357);
#355 = CARTESIAN_POINT('',(-0.3,0.23,0.48));
#356 = DIRECTION('',(1.,0.,-0.));
#357 = DIRECTION('',(0.,0.,1.));
#358 = ORIENTED_EDGE('',*,*,#359,.F.);
#359 = EDGE_CURVE('',#155,#351,#360,.T.);
#360 = LINE('',#361,#362);
#361 = CARTESIAN_POINT('',(-0.5,0.25,0.48));
#362 = VECTOR('',#363,1.);
#363 = DIRECTION('',(1.,0.,0.));
#364 = CYLINDRICAL_SURFACE('',#365,2.E-02);
#365 = AXIS2_PLACEMENT_3D('',#366,#367,#368);
#366 = CARTESIAN_POINT('',(-0.5,0.23,0.48));
#367 = DIRECTION('',(1.,0.,0.));
#368 = DIRECTION('',(-0.,1.,0.));
#369 = ADVANCED_FACE('',(#370),#381,.T.);
#370 = FACE_BOUND('',#371,.T.);
#371 = EDGE_LOOP('',(#372,#378,#379,#380));
#372 = ORIENTED_EDGE('',*,*,#373,.F.);
#373 = EDGE_CURVE('',#324,#351,#374,.T.);
#374 = LINE('',#375,#376);
#375 = CARTESIAN_POINT('',(-0.3,0.25,0.));
#376 = VECTOR('',#377,1.);
#377 = DIRECTION('',(0.,0.,1.));
#378 = ORIENTED_EDGE('',*,*,#323,.F.);
#379 = ORIENTED_EDGE('',*,*,#154,.T.);
#380 = ORIENTED_EDGE('',*,*,#359,.T.);
#381 = PLANE('',#382);
#382 = AXIS2_PLACEMENT_3D('',#383,#384,#385);
#383 = CARTESIAN_POINT('',(-0.5,0.25,0.));
#384 = DIRECTION('',(0.,1.,0.));
#385 = DIRECTION('',(0.,-0.,1.));
#386 = ADVANCED_FACE('',(#387,#397),#467,.T.);
#387 = FACE_BOUND('',#388,.T.);
#388 = EDGE_LOOP('',(#389,#390,#391,#392,#393,#394,#395,#396));
#389 = ORIENTED_EDGE('',*,*,#194,.F.);
#390 = ORIENTED_EDGE('',*,*,#234,.T.);
#391 = ORIENTED_EDGE('',*,*,#277,.T.);
#392 = ORIENTED_EDGE('',*,*,#331,.F.);
#393 = ORIENTED_EDGE('',*,*,#373,.T.);
#394 = ORIENTED_EDGE('',*,*,#350,.T.);
#395 = ORIENTED_EDGE('',*,*,#301,.F.);
#396 = ORIENTED_EDGE('',*,*,#251,.F.);
#397 = FACE_BOUND('',#398,.T.);
#398 = EDGE_LOOP('',(#399,#410,#418,#427,#435,#444,#452,#461));
#399 = ORIENTED_EDGE('',*,*,#400,.F.);
#400 = EDGE_CURVE('',#401,#403,#405,.T.);
#401 = VERTEX_POINT('',#402);
#402 = CARTESIAN_POINT('',(-0.3,-0.23,4.E-02));
#403 = VERTEX_POINT('',#404);
#404 = CARTESIAN_POINT('',(-0.3,-0.21,2.E-02));
#405 = CIRCLE('',#406,2.E-02);
#406 = AXIS2_PLACEMENT_3D('',#407,#408,#409);
#407 = CARTESIAN_POINT('',(-0.3,-0.21,4.E-02));
#408 = DIRECTION('',(1.,0.,-0.));
#409 = DIRECTION('',(0.,0.,1.));
#410 = ORIENTED_EDGE('',*,*,#411,.T.);
#411 = EDGE_CURVE('',#401,#412,#414,.T.);
#412 = VERTEX_POINT('',#413);
#413 = CARTESIAN_POINT('',(-0.3,-0.23,0.46));
#414 = LINE('',#415,#416);
#415 = CARTESIAN_POINT('',(-0.3,-0.23,2.E-02));
#416 = VECTOR('',#417,1.);
#417 = DIRECTION('',(0.,0.,1.));
#418 = ORIENTED_EDGE('',*,*,#419,.T.);
#419 = EDGE_CURVE('',#412,#420,#422,.T.);
#420 = VERTEX_POINT('',#421);
#421 = CARTESIAN_POINT('',(-0.3,-0.21,0.48));
#422 = CIRCLE('',#423,2.E-02);
#423 = AXIS2_PLACEMENT_3D('',#424,#425,#426);
#424 = CARTESIAN_POINT('',(-0.3,-0.21,0.46));
#425 = DIRECTION('',(-1.,0.,0.));
#426 = DIRECTION('',(0.,0.,1.));
#427 = ORIENTED_EDGE('',*,*,#428,.T.);
#428 = EDGE_CURVE('',#420,#429,#431,.T.);
#429 = VERTEX_POINT('',#430);
#430 = CARTESIAN_POINT('',(-0.3,0.21,0.48));
#431 = LINE('',#432,#433);
#432 = CARTESIAN_POINT('',(-0.3,-0.23,0.48));
#433 = VECTOR('',#434,1.);
#434 = DIRECTION('',(0.,1.,0.));
#435 = ORIENTED_EDGE('',*,*,#436,.F.);
#436 = EDGE_CURVE('',#437,#429,#439,.T.);
#437 = VERTEX_POINT('',#438);
#438 = CARTESIAN_POINT('',(-0.3,0.23,0.46));
#439 = CIRCLE('',#440,2.E-02);
#440 = AXIS2_PLACEMENT_3D('',#441,#442,#443);
#441 = CARTESIAN_POINT('',(-0.3,0.21,0.46));
#442 = DIRECTION('',(1.,0.,-0.));
#443 = DIRECTION('',(0.,0.,1.));
#444 = ORIENTED_EDGE('',*,*,#445,.F.);
#445 = EDGE_CURVE('',#446,#437,#448,.T.);
#446 = VERTEX_POINT('',#447);
#447 = CARTESIAN_POINT('',(-0.3,0.23,4.E-02));
#448 = LINE('',#449,#450);
#449 = CARTESIAN_POINT('',(-0.3,0.23,2.E-02));
#450 = VECTOR('',#451,1.);
#451 = DIRECTION('',(0.,0.,1.));
#452 = ORIENTED_EDGE('',*,*,#453,.T.);
#453 = EDGE_CURVE('',#446,#454,#456,.T.);
#454 = VERTEX_POINT('',#455);
#455 = CARTESIAN_POINT('',(-0.3,0.21,2.E-02));
#456 = CIRCLE('',#457,2.E-02);
#457 = AXIS2_PLACEMENT_3D('',#458,#459,#460);
#458 = CARTESIAN_POINT('',(-0.3,0.21,4.E-02));
#459 = DIRECTION('',(-1.,0.,0.));
#460 = DIRECTION('',(0.,0.,1.));
#461 = ORIENTED_EDGE('',*,*,#462,.F.);
#462 = EDGE_CURVE('',#403,#454,#463,.T.);
#463 = LINE('',#464,#465);
#464 = CARTESIAN_POINT('',(-0.3,-0.23,2.E-02));
#465 = VECTOR('',#466,1.);
#466 = DIRECTION('',(0.,1.,0.));
#467 = PLANE('',#468);
#468 = AXIS2_PLACEMENT_3D('',#469,#470,#471);
#469 = CARTESIAN_POINT('',(-0.3,-0.25,0.));
#470 = DIRECTION('',(1.,0.,0.));
#471 = DIRECTION('',(0.,0.,1.));
#472 = ADVANCED_FACE('',(#473),#499,.T.);
#473 = FACE_BOUND('',#474,.T.);
#474 = EDGE_LOOP('',(#475,#476,#484,#493));
#475 = ORIENTED_EDGE('',*,*,#400,.T.);
#476 = ORIENTED_EDGE('',*,*,#477,.T.);
#477 = EDGE_CURVE('',#403,#478,#480,.T.);
#478 = VERTEX_POINT('',#479);
#479 = CARTESIAN_POINT('',(0.3,-0.21,2.E-02));
#480 = LINE('',#481,#482);
#481 = CARTESIAN_POINT('',(-0.3,-0.21,2.E-02));
#482 = VECTOR('',#483,1.);
#483 = DIRECTION('',(1.,0.,0.));
#484 = ORIENTED_EDGE('',*,*,#485,.F.);
#485 = EDGE_CURVE('',#486,#478,#488,.T.);
#486 = VERTEX_POINT('',#487);
#487 = CARTESIAN_POINT('',(0.3,-0.23,4.E-02));
#488 = CIRCLE('',#489,2.E-02);
#489 = AXIS2_PLACEMENT_3D('',#490,#491,#492);
#490 = CARTESIAN_POINT('',(0.3,-0.21,4.E-02));
#491 = DIRECTION('',(1.,0.,-0.));
#492 = DIRECTION('',(0.,0.,1.));
#493 = ORIENTED_EDGE('',*,*,#494,.F.);
#494 = EDGE_CURVE('',#401,#486,#495,.T.);
#495 = LINE('',#496,#497);
#496 = CARTESIAN_POINT('',(-0.3,-0.23,4.E-02));
#497 = VECTOR('',#498,1.);
#498 = DIRECTION('',(1.,0.,0.));
#499 = CYLINDRICAL_SURFACE('',#500,2.E-02);
#500 = AXIS2_PLACEMENT_3D('',#501,#502,#503);
#501 = CARTESIAN_POINT('',(-0.3,-0.21,4.E-02));
#502 = DIRECTION('',(1.,0.,0.));
#503 = DIRECTION('',(0.,-1.,0.));
#504 = ADVANCED_FACE('',(#505),#523,.F.);
#505 = FACE_BOUND('',#506,.F.);
#506 = EDGE_LOOP('',(#507,#508,#509,#517));
#507 = ORIENTED_EDGE('',*,*,#462,.F.);
#508 = ORIENTED_EDGE('',*,*,#477,.T.);
#509 = ORIENTED_EDGE('',*,*,#510,.T.);
#510 = EDGE_CURVE('',#478,#511,#513,.T.);
#511 = VERTEX_POINT('',#512);
#512 = CARTESIAN_POINT('',(0.3,0.21,2.E-02));
#513 = LINE('',#514,#515);
#514 = CARTESIAN_POINT('',(0.3,-0.23,2.E-02));
#515 = VECTOR('',#516,1.);
#516 = DIRECTION('',(0.,1.,0.));
#517 = ORIENTED_EDGE('',*,*,#518,.F.);
#518 = EDGE_CURVE('',#454,#511,#519,.T.);
#519 = LINE('',#520,#521);
#520 = CARTESIAN_POINT('',(-0.3,0.21,2.E-02));
#521 = VECTOR('',#522,1.);
#522 = DIRECTION('',(1.,0.,0.));
#523 = PLANE('',#524);
#524 = AXIS2_PLACEMENT_3D('',#525,#526,#527);
#525 = CARTESIAN_POINT('',(-0.3,-0.23,2.E-02));
#526 = DIRECTION('',(0.,0.,1.));
#527 = DIRECTION('',(1.,0.,-0.));
#528 = ADVANCED_FACE('',(#529),#548,.T.);
#529 = FACE_BOUND('',#530,.T.);
#530 = EDGE_LOOP('',(#531,#539,#546,#547));
#531 = ORIENTED_EDGE('',*,*,#532,.T.);
#532 = EDGE_CURVE('',#446,#533,#535,.T.);
#533 = VERTEX_POINT('',#534);
#534 = CARTESIAN_POINT('',(0.3,0.23,4.E-02));
#535 = LINE('',#536,#537);
#536 = CARTESIAN_POINT('',(-0.3,0.23,4.E-02));
#537 = VECTOR('',#538,1.);
#538 = DIRECTION('',(1.,0.,0.));
#539 = ORIENTED_EDGE('',*,*,#540,.T.);
#540 = EDGE_CURVE('',#533,#511,#541,.T.);
#541 = CIRCLE('',#542,2.E-02);
#542 = AXIS2_PLACEMENT_3D('',#543,#544,#545);
#543 = CARTESIAN_POINT('',(0.3,0.21,4.E-02));
#544 = DIRECTION('',(-1.,0.,0.));
#545 = DIRECTION('',(0.,0.,1.));
#546 = ORIENTED_EDGE('',*,*,#518,.F.);
#547 = ORIENTED_EDGE('',*,*,#453,.F.);
#548 = CYLINDRICAL_SURFACE('',#549,2.E-02);
#549 = AXIS2_PLACEMENT_3D('',#550,#551,#552);
#550 = CARTESIAN_POINT('',(-0.3,0.21,4.E-02));
#551 = DIRECTION('',(1.,0.,0.));
#552 = DIRECTION('',(-0.,1.,0.));
#553 = ADVANCED_FACE('',(#554),#572,.T.);
#554 = FACE_BOUND('',#555,.T.);
#555 = EDGE_LOOP('',(#556,#564,#565,#566));
#556 = ORIENTED_EDGE('',*,*,#557,.F.);
#557 = EDGE_CURVE('',#533,#558,#560,.T.);
#558 = VERTEX_POINT('',#559);
#559 = CARTESIAN_POINT('',(0.3,0.23,0.46));
#560 = LINE('',#561,#562);
#561 = CARTESIAN_POINT('',(0.3,0.23,2.E-02));
#562 = VECTOR('',#563,1.);
#563 = DIRECTION('',(0.,0.,1.));
#564 = ORIENTED_EDGE('',*,*,#532,.F.);
#565 = ORIENTED_EDGE('',*,*,#445,.T.);
#566 = ORIENTED_EDGE('',*,*,#567,.T.);
#567 = EDGE_CURVE('',#437,#558,#568,.T.);
#568 = LINE('',#569,#570);
#569 = CARTESIAN_POINT('',(-0.3,0.23,0.46));
#570 = VECTOR('',#571,1.);
#571 = DIRECTION('',(1.,0.,0.));
#572 = PLANE('',#573);
#573 = AXIS2_PLACEMENT_3D('',#574,#575,#576);
#574 = CARTESIAN_POINT('',(-0.3,0.23,2.E-02));
#575 = DIRECTION('',(0.,1.,0.));
#576 = DIRECTION('',(0.,-0.,1.));
#577 = ADVANCED_FACE('',(#578),#597,.T.);
#578 = FACE_BOUND('',#579,.T.);
#579 = EDGE_LOOP('',(#580,#581,#589,#596));
#580 = ORIENTED_EDGE('',*,*,#436,.T.);
#581 = ORIENTED_EDGE('',*,*,#582,.T.);
#582 = EDGE_CURVE('',#429,#583,#585,.T.);
#583 = VERTEX_POINT('',#584);
#584 = CARTESIAN_POINT('',(0.3,0.21,0.48));
#585 = LINE('',#586,#587);
#586 = CARTESIAN_POINT('',(-0.3,0.21,0.48));
#587 = VECTOR('',#588,1.);
#588 = DIRECTION('',(1.,0.,0.));
#589 = ORIENTED_EDGE('',*,*,#590,.F.);
#590 = EDGE_CURVE('',#558,#583,#591,.T.);
#591 = CIRCLE('',#592,2.E-02);
#592 = AXIS2_PLACEMENT_3D('',#593,#594,#595);
#593 = CARTESIAN_POINT('',(0.3,0.21,0.46));
#594 = DIRECTION('',(1.,0.,-0.));
#595 = DIRECTION('',(0.,0.,1.));
#596 = ORIENTED_EDGE('',*,*,#567,.F.);
#597 = CYLINDRICAL_SURFACE('',#598,2.E-02);
#598 = AXIS2_PLACEMENT_3D('',#599,#600,#601);
#599 = CARTESIAN_POINT('',(-0.3,0.21,0.46));
#600 = DIRECTION('',(1.,0.,0.));
#601 = DIRECTION('',(-0.,1.,0.));
#602 = ADVANCED_FACE('',(#603),#621,.T.);
#603 = FACE_BOUND('',#604,.T.);
#604 = EDGE_LOOP('',(#605,#606,#614,#620));
#605 = ORIENTED_EDGE('',*,*,#428,.F.);
#606 = ORIENTED_EDGE('',*,*,#607,.T.);
#607 = EDGE_CURVE('',#420,#608,#610,.T.);
#608 = VERTEX_POINT('',#609);
#609 = CARTESIAN_POINT('',(0.3,-0.21,0.48));
#610 = LINE('',#611,#612);
#611 = CARTESIAN_POINT('',(-0.3,-0.21,0.48));
#612 = VECTOR('',#613,1.);
#613 = DIRECTION('',(1.,0.,0.));
#614 = ORIENTED_EDGE('',*,*,#615,.T.);
#615 = EDGE_CURVE('',#608,#583,#616,.T.);
#616 = LINE('',#617,#618);
#617 = CARTESIAN_POINT('',(0.3,-0.23,0.48));
#618 = VECTOR('',#619,1.);
#619 = DIRECTION('',(0.,1.,0.));
#620 = ORIENTED_EDGE('',*,*,#582,.F.);
#621 = PLANE('',#622);
#622 = AXIS2_PLACEMENT_3D('',#623,#624,#625);
#623 = CARTESIAN_POINT('',(-0.3,-0.23,0.48));
#624 = DIRECTION('',(0.,0.,1.));
#625 = DIRECTION('',(1.,0.,-0.));
#626 = ADVANCED_FACE('',(#627),#646,.T.);
#627 = FACE_BOUND('',#628,.T.);
#628 = EDGE_LOOP('',(#629,#637,#644,#645));
#629 = ORIENTED_EDGE('',*,*,#630,.T.);
#630 = EDGE_CURVE('',#412,#631,#633,.T.);
#631 = VERTEX_POINT('',#632);
#632 = CARTESIAN_POINT('',(0.3,-0.23,0.46));
#633 = LINE('',#634,#635);
#634 = CARTESIAN_POINT('',(-0.3,-0.23,0.46));
#635 = VECTOR('',#636,1.);
#636 = DIRECTION('',(1.,0.,0.));
#637 = ORIENTED_EDGE('',*,*,#638,.T.);
#638 = EDGE_CURVE('',#631,#608,#639,.T.);
#639 = CIRCLE('',#640,2.E-02);
#640 = AXIS2_PLACEMENT_3D('',#641,#642,#643);
#641 = CARTESIAN_POINT('',(0.3,-0.21,0.46));
#642 = DIRECTION('',(-1.,0.,0.));
#643 = DIRECTION('',(0.,0.,1.));
#644 = ORIENTED_EDGE('',*,*,#607,.F.);
#645 = ORIENTED_EDGE('',*,*,#419,.F.);
#646 = CYLINDRICAL_SURFACE('',#647,2.E-02);
#647 = AXIS2_PLACEMENT_3D('',#648,#649,#650);
#648 = CARTESIAN_POINT('',(-0.3,-0.21,0.46));
#649 = DIRECTION('',(1.,0.,0.));
#650 = DIRECTION('',(0.,-1.,0.));
#651 = ADVANCED_FACE('',(#652),#663,.F.);
#652 = FACE_BOUND('',#653,.F.);
#653 = EDGE_LOOP('',(#654,#660,#661,#662));
#654 = ORIENTED_EDGE('',*,*,#655,.F.);
#655 = EDGE_CURVE('',#486,#631,#656,.T.);
#656 = LINE('',#657,#658);
#657 = CARTESIAN_POINT('',(0.3,-0.23,2.E-02));
#658 = VECTOR('',#659,1.);
#659 = DIRECTION('',(0.,0.,1.));
#660 = ORIENTED_EDGE('',*,*,#494,.F.);
#661 = ORIENTED_EDGE('',*,*,#411,.T.);
#662 = ORIENTED_EDGE('',*,*,#630,.T.);
#663 = PLANE('',#664);
#664 = AXIS2_PLACEMENT_3D('',#665,#666,#667);
#665 = CARTESIAN_POINT('',(-0.3,-0.23,2.E-02));
#666 = DIRECTION('',(0.,1.,0.));
#667 = DIRECTION('',(0.,-0.,1.));
#668 = ADVANCED_FACE('',(#669,#739),#749,.F.);
#669 = FACE_BOUND('',#670,.F.);
#670 = EDGE_LOOP('',(#671,#681,#690,#698,#707,#715,#724,#732));
#671 = ORIENTED_EDGE('',*,*,#672,.F.);
#672 = EDGE_CURVE('',#673,#675,#677,.T.);
#673 = VERTEX_POINT('',#674);
#674 = CARTESIAN_POINT('',(0.3,-0.25,2.E-02));
#675 = VERTEX_POINT('',#676);
#676 = CARTESIAN_POINT('',(0.3,-0.25,0.48));
#677 = LINE('',#678,#679);
#678 = CARTESIAN_POINT('',(0.3,-0.25,0.));
#679 = VECTOR('',#680,1.);
#680 = DIRECTION('',(0.,0.,1.));
#681 = ORIENTED_EDGE('',*,*,#682,.T.);
#682 = EDGE_CURVE('',#673,#683,#685,.T.);
#683 = VERTEX_POINT('',#684);
#684 = CARTESIAN_POINT('',(0.3,-0.23,0.));
#685 = CIRCLE('',#686,2.E-02);
#686 = AXIS2_PLACEMENT_3D('',#687,#688,#689);
#687 = CARTESIAN_POINT('',(0.3,-0.23,2.E-02));
#688 = DIRECTION('',(1.,0.,-0.));
#689 = DIRECTION('',(0.,0.,1.));
#690 = ORIENTED_EDGE('',*,*,#691,.T.);
#691 = EDGE_CURVE('',#683,#692,#694,.T.);
#692 = VERTEX_POINT('',#693);
#693 = CARTESIAN_POINT('',(0.3,0.23,0.));
#694 = LINE('',#695,#696);
#695 = CARTESIAN_POINT('',(0.3,-0.25,0.));
#696 = VECTOR('',#697,1.);
#697 = DIRECTION('',(0.,1.,0.));
#698 = ORIENTED_EDGE('',*,*,#699,.F.);
#699 = EDGE_CURVE('',#700,#692,#702,.T.);
#700 = VERTEX_POINT('',#701);
#701 = CARTESIAN_POINT('',(0.3,0.25,2.E-02));
#702 = CIRCLE('',#703,2.E-02);
#703 = AXIS2_PLACEMENT_3D('',#704,#705,#706);
#704 = CARTESIAN_POINT('',(0.3,0.23,2.E-02));
#705 = DIRECTION('',(-1.,0.,0.));
#706 = DIRECTION('',(0.,0.,1.));
#707 = ORIENTED_EDGE('',*,*,#708,.T.);
#708 = EDGE_CURVE('',#700,#709,#711,.T.);
#709 = VERTEX_POINT('',#710);
#710 = CARTESIAN_POINT('',(0.3,0.25,0.48));
#711 = LINE('',#712,#713);
#712 = CARTESIAN_POINT('',(0.3,0.25,0.));
#713 = VECTOR('',#714,1.);
#714 = DIRECTION('',(0.,0.,1.));
#715 = ORIENTED_EDGE('',*,*,#716,.T.);
#716 = EDGE_CURVE('',#709,#717,#719,.T.);
#717 = VERTEX_POINT('',#718);
#718 = CARTESIAN_POINT('',(0.3,0.23,0.5));
#719 = CIRCLE('',#720,2.E-02);
#720 = AXIS2_PLACEMENT_3D('',#721,#722,#723);
#721 = CARTESIAN_POINT('',(0.3,0.23,0.48));
#722 = DIRECTION('',(1.,0.,-0.));
#723 = DIRECTION('',(0.,0.,1.));
#724 = ORIENTED_EDGE('',*,*,#725,.F.);
#725 = EDGE_CURVE('',#726,#717,#728,.T.);
#726 = VERTEX_POINT('',#727);
#727 = CARTESIAN_POINT('',(0.3,-0.23,0.5));
#728 = LINE('',#729,#730);
#729 = CARTESIAN_POINT('',(0.3,-0.25,0.5));
#730 = VECTOR('',#731,1.);
#731 = DIRECTION('',(0.,1.,0.));
#732 = ORIENTED_EDGE('',*,*,#733,.F.);
#733 = EDGE_CURVE('',#675,#726,#734,.T.);
#734 = CIRCLE('',#735,2.E-02);
#735 = AXIS2_PLACEMENT_3D('',#736,#737,#738);
#736 = CARTESIAN_POINT('',(0.3,-0.23,0.48));
#737 = DIRECTION('',(-1.,0.,0.));
#738 = DIRECTION('',(0.,0.,1.));
#739 = FACE_BOUND('',#740,.F.);
#740 = EDGE_LOOP('',(#741,#742,#743,#744,#745,#746,#747,#748));
#741 = ORIENTED_EDGE('',*,*,#485,.F.);
#742 = ORIENTED_EDGE('',*,*,#655,.T.);
#743 = ORIENTED_EDGE('',*,*,#638,.T.);
#744 = ORIENTED_EDGE('',*,*,#615,.T.);
#745 = ORIENTED_EDGE('',*,*,#590,.F.);
#746 = ORIENTED_EDGE('',*,*,#557,.F.);
#747 = ORIENTED_EDGE('',*,*,#540,.T.);
#748 = ORIENTED_EDGE('',*,*,#510,.F.);
#749 = PLANE('',#750);
#750 = AXIS2_PLACEMENT_3D('',#751,#752,#753);
#751 = CARTESIAN_POINT('',(0.3,-0.25,0.));
#752 = DIRECTION('',(1.,0.,0.));
#753 = DIRECTION('',(0.,0.,1.));
#754 = ADVANCED_FACE('',(#755),#780,.F.);
#755 = FACE_BOUND('',#756,.F.);
#756 = EDGE_LOOP('',(#757,#767,#773,#774));
#757 = ORIENTED_EDGE('',*,*,#758,.F.);
#758 = EDGE_CURVE('',#759,#761,#763,.T.);
#759 = VERTEX_POINT('',#760);
#760 = CARTESIAN_POINT('',(0.5,-0.25,2.E-02));
#761 = VERTEX_POINT('',#762);
#762 = CARTESIAN_POINT('',(0.5,-0.25,0.48));
#763 = LINE('',#764,#765);
#764 = CARTESIAN_POINT('',(0.5,-0.25,0.));
#765 = VECTOR('',#766,1.);
#766 = DIRECTION('',(0.,0.,1.));
#767 = ORIENTED_EDGE('',*,*,#768,.F.);
#768 = EDGE_CURVE('',#673,#759,#769,.T.);
#769 = LINE('',#770,#771);
#770 = CARTESIAN_POINT('',(0.3,-0.25,2.E-02));
#771 = VECTOR('',#772,1.);
#772 = DIRECTION('',(1.,0.,0.));
#773 = ORIENTED_EDGE('',*,*,#672,.T.);
#774 = ORIENTED_EDGE('',*,*,#775,.T.);
#775 = EDGE_CURVE('',#675,#761,#776,.T.);
#776 = LINE('',#777,#778);
#777 = CARTESIAN_POINT('',(0.3,-0.25,0.48));
#778 = VECTOR('',#779,1.);
#779 = DIRECTION('',(1.,0.,0.));
#780 = PLANE('',#781);
#781 = AXIS2_PLACEMENT_3D('',#782,#783,#784);
#782 = CARTESIAN_POINT('',(0.3,-0.25,0.));
#783 = DIRECTION('',(0.,1.,0.));
#784 = DIRECTION('',(0.,-0.,1.));
#785 = ADVANCED_FACE('',(#786),#805,.T.);
#786 = FACE_BOUND('',#787,.T.);
#787 = EDGE_LOOP('',(#788,#789,#797,#804));
#788 = ORIENTED_EDGE('',*,*,#682,.T.);
#789 = ORIENTED_EDGE('',*,*,#790,.T.);
#790 = EDGE_CURVE('',#683,#791,#793,.T.);
#791 = VERTEX_POINT('',#792);
#792 = CARTESIAN_POINT('',(0.5,-0.23,0.));
#793 = LINE('',#794,#795);
#794 = CARTESIAN_POINT('',(0.3,-0.23,0.));
#795 = VECTOR('',#796,1.);
#796 = DIRECTION('',(1.,0.,0.));
#797 = ORIENTED_EDGE('',*,*,#798,.F.);
#798 = EDGE_CURVE('',#759,#791,#799,.T.);
#799 = CIRCLE('',#800,2.E-02);
#800 = AXIS2_PLACEMENT_3D('',#801,#802,#803);
#801 = CARTESIAN_POINT('',(0.5,-0.23,2.E-02));
#802 = DIRECTION('',(1.,0.,-0.));
#803 = DIRECTION('',(0.,0.,1.));
#804 = ORIENTED_EDGE('',*,*,#768,.F.);
#805 = CYLINDRICAL_SURFACE('',#806,2.E-02);
#806 = AXIS2_PLACEMENT_3D('',#807,#808,#809);
#807 = CARTESIAN_POINT('',(0.3,-0.23,2.E-02));
#808 = DIRECTION('',(1.,0.,0.));
#809 = DIRECTION('',(0.,-1.,0.));
#810 = ADVANCED_FACE('',(#811),#830,.T.);
#811 = FACE_BOUND('',#812,.T.);
#812 = EDGE_LOOP('',(#813,#814,#823,#829));
#813 = ORIENTED_EDGE('',*,*,#775,.T.);
#814 = ORIENTED_EDGE('',*,*,#815,.T.);
#815 = EDGE_CURVE('',#761,#816,#818,.T.);
#816 = VERTEX_POINT('',#817);
#817 = CARTESIAN_POINT('',(0.5,-0.23,0.5));
#818 = CIRCLE('',#819,2.E-02);
#819 = AXIS2_PLACEMENT_3D('',#820,#821,#822);
#820 = CARTESIAN_POINT('',(0.5,-0.23,0.48));
#821 = DIRECTION('',(-1.,0.,0.));
#822 = DIRECTION('',(0.,0.,1.));
#823 = ORIENTED_EDGE('',*,*,#824,.F.);
#824 = EDGE_CURVE('',#726,#816,#825,.T.);
#825 = LINE('',#826,#827);
#826 = CARTESIAN_POINT('',(0.3,-0.23,0.5));
#827 = VECTOR('',#828,1.);
#828 = DIRECTION('',(1.,0.,0.));
#829 = ORIENTED_EDGE('',*,*,#733,.F.);
#830 = CYLINDRICAL_SURFACE('',#831,2.E-02);
#831 = AXIS2_PLACEMENT_3D('',#832,#833,#834);
#832 = CARTESIAN_POINT('',(0.3,-0.23,0.48));
#833 = DIRECTION('',(1.,0.,0.));
#834 = DIRECTION('',(0.,-1.,0.));
#835 = ADVANCED_FACE('',(#836),#854,.F.);
#836 = FACE_BOUND('',#837,.F.);
#837 = EDGE_LOOP('',(#838,#839,#840,#848));
#838 = ORIENTED_EDGE('',*,*,#691,.F.);
#839 = ORIENTED_EDGE('',*,*,#790,.T.);
#840 = ORIENTED_EDGE('',*,*,#841,.T.);
#841 = EDGE_CURVE('',#791,#842,#844,.T.);
#842 = VERTEX_POINT('',#843);
#843 = CARTESIAN_POINT('',(0.5,0.23,0.));
#844 = LINE('',#845,#846);
#845 = CARTESIAN_POINT('',(0.5,-0.25,0.));
#846 = VECTOR('',#847,1.);
#847 = DIRECTION('',(0.,1.,0.));
#848 = ORIENTED_EDGE('',*,*,#849,.F.);
#849 = EDGE_CURVE('',#692,#842,#850,.T.);
#850 = LINE('',#851,#852);
#851 = CARTESIAN_POINT('',(0.3,0.23,0.));
#852 = VECTOR('',#853,1.);
#853 = DIRECTION('',(1.,0.,0.));
#854 = PLANE('',#855);
#855 = AXIS2_PLACEMENT_3D('',#856,#857,#858);
#856 = CARTESIAN_POINT('',(0.3,-0.25,0.));
#857 = DIRECTION('',(0.,0.,1.));
#858 = DIRECTION('',(1.,0.,-0.));
#859 = ADVANCED_FACE('',(#860),#878,.T.);
#860 = FACE_BOUND('',#861,.T.);
#861 = EDGE_LOOP('',(#862,#863,#864,#872));
#862 = ORIENTED_EDGE('',*,*,#725,.F.);
#863 = ORIENTED_EDGE('',*,*,#824,.T.);
#864 = ORIENTED_EDGE('',*,*,#865,.T.);
#865 = EDGE_CURVE('',#816,#866,#868,.T.);
#866 = VERTEX_POINT('',#867);
#867 = CARTESIAN_POINT('',(0.5,0.23,0.5));
#868 = LINE('',#869,#870);
#869 = CARTESIAN_POINT('',(0.5,-0.25,0.5));
#870 = VECTOR('',#871,1.);
#871 = DIRECTION('',(0.,1.,0.));
#872 = ORIENTED_EDGE('',*,*,#873,.F.);
#873 = EDGE_CURVE('',#717,#866,#874,.T.);
#874 = LINE('',#875,#876);
#875 = CARTESIAN_POINT('',(0.3,0.23,0.5));
#876 = VECTOR('',#877,1.);
#877 = DIRECTION('',(1.,0.,0.));
#878 = PLANE('',#879);
#879 = AXIS2_PLACEMENT_3D('',#880,#881,#882);
#880 = CARTESIAN_POINT('',(0.3,-0.25,0.5));
#881 = DIRECTION('',(0.,0.,1.));
#882 = DIRECTION('',(1.,0.,-0.));
#883 = ADVANCED_FACE('',(#884),#903,.T.);
#884 = FACE_BOUND('',#885,.T.);
#885 = EDGE_LOOP('',(#886,#894,#901,#902));
#886 = ORIENTED_EDGE('',*,*,#887,.T.);
#887 = EDGE_CURVE('',#700,#888,#890,.T.);
#888 = VERTEX_POINT('',#889);
#889 = CARTESIAN_POINT('',(0.5,0.25,2.E-02));
#890 = LINE('',#891,#892);
#891 = CARTESIAN_POINT('',(0.3,0.25,2.E-02));
#892 = VECTOR('',#893,1.);
#893 = DIRECTION('',(1.,0.,0.));
#894 = ORIENTED_EDGE('',*,*,#895,.T.);
#895 = EDGE_CURVE('',#888,#842,#896,.T.);
#896 = CIRCLE('',#897,2.E-02);
#897 = AXIS2_PLACEMENT_3D('',#898,#899,#900);
#898 = CARTESIAN_POINT('',(0.5,0.23,2.E-02));
#899 = DIRECTION('',(-1.,0.,0.));
#900 = DIRECTION('',(0.,0.,1.));
#901 = ORIENTED_EDGE('',*,*,#849,.F.);
#902 = ORIENTED_EDGE('',*,*,#699,.F.);
#903 = CYLINDRICAL_SURFACE('',#904,2.E-02);
#904 = AXIS2_PLACEMENT_3D('',#905,#906,#907);
#905 = CARTESIAN_POINT('',(0.3,0.23,2.E-02));
#906 = DIRECTION('',(1.,0.,0.));
#907 = DIRECTION('',(-0.,1.,0.));
#908 = ADVANCED_FACE('',(#909),#928,.T.);
#909 = FACE_BOUND('',#910,.T.);
#910 = EDGE_LOOP('',(#911,#912,#913,#922));
#911 = ORIENTED_EDGE('',*,*,#716,.T.);
#912 = ORIENTED_EDGE('',*,*,#873,.T.);
#913 = ORIENTED_EDGE('',*,*,#914,.F.);
#914 = EDGE_CURVE('',#915,#866,#917,.T.);
#915 = VERTEX_POINT('',#916);
#916 = CARTESIAN_POINT('',(0.5,0.25,0.48));
#917 = CIRCLE('',#918,2.E-02);
#918 = AXIS2_PLACEMENT_3D('',#919,#920,#921);
#919 = CARTESIAN_POINT('',(0.5,0.23,0.48));
#920 = DIRECTION('',(1.,0.,-0.));
#921 = DIRECTION('',(0.,0.,1.));
#922 = ORIENTED_EDGE('',*,*,#923,.F.);
#923 = EDGE_CURVE('',#709,#915,#924,.T.);
#924 = LINE('',#925,#926);
#925 = CARTESIAN_POINT('',(0.3,0.25,0.48));
#926 = VECTOR('',#927,1.);
#927 = DIRECTION('',(1.,0.,0.));
#928 = CYLINDRICAL_SURFACE('',#929,2.E-02);
#929 = AXIS2_PLACEMENT_3D('',#930,#931,#932);
#930 = CARTESIAN_POINT('',(0.3,0.23,0.48));
#931 = DIRECTION('',(1.,0.,0.));
#932 = DIRECTION('',(-0.,1.,0.));
#933 = ADVANCED_FACE('',(#934),#945,.T.);
#934 = FACE_BOUND('',#935,.T.);
#935 = EDGE_LOOP('',(#936,#942,#943,#944));
#936 = ORIENTED_EDGE('',*,*,#937,.F.);
#937 = EDGE_CURVE('',#888,#915,#938,.T.);
#938 = LINE('',#939,#940);
#939 = CARTESIAN_POINT('',(0.5,0.25,0.));
#940 = VECTOR('',#941,1.);
#941 = DIRECTION('',(0.,0.,1.));
#942 = ORIENTED_EDGE('',*,*,#887,.F.);
#943 = ORIENTED_EDGE('',*,*,#708,.T.);
#944 = ORIENTED_EDGE('',*,*,#923,.T.);
#945 = PLANE('',#946);
#946 = AXIS2_PLACEMENT_3D('',#947,#948,#949);
#947 = CARTESIAN_POINT('',(0.3,0.25,0.));
#948 = DIRECTION('',(0.,1.,0.));
#949 = DIRECTION('',(0.,-0.,1.));
#950 = ADVANCED_FACE('',(#951),#961,.T.);
#951 = FACE_BOUND('',#952,.T.);
#952 = EDGE_LOOP('',(#953,#954,#955,#956,#957,#958,#959,#960));
#953 = ORIENTED_EDGE('',*,*,#758,.F.);
#954 = ORIENTED_EDGE('',*,*,#798,.T.);
#955 = ORIENTED_EDGE('',*,*,#841,.T.);
#956 = ORIENTED_EDGE('',*,*,#895,.F.);
#957 = ORIENTED_EDGE('',*,*,#937,.T.);
#958 = ORIENTED_EDGE('',*,*,#914,.T.);
#959 = ORIENTED_EDGE('',*,*,#865,.F.);
#960 = ORIENTED_EDGE('',*,*,#815,.F.);
#961 = PLANE('',#962);
#962 = AXIS2_PLACEMENT_3D('',#963,#964,#965);
#963 = CARTESIAN_POINT('',(0.5,-0.25,0.));
#964 = DIRECTION('',(1.,0.,0.));
#965 = DIRECTION('',(0.,0.,1.));
#966 = ( GEOMETRIC_REPRESENTATION_CONTEXT(3) 
GLOBAL_UNCERTAINTY_ASSIGNED_CONTEXT((#970)) GLOBAL_UNIT_ASSIGNED_CONTEXT
((#967,#968,#969)) REPRESENTATION_CONTEXT('Context #1',
  '3D Context with UNIT and UNCERTAINTY') );
#967 = ( LENGTH_UNIT() NAMED_UNIT(*) SI_UNIT(.MILLI.,.METRE.) );
#968 = ( NAMED_UNIT(*) PLANE_ANGLE_UNIT() SI_UNIT($,.RADIAN.) );
#969 = ( NAMED_UNIT(*) SI_UNIT($,.STERADIAN.) SOLID_ANGLE_UNIT() );
#970 = UNCERTAINTY_MEASURE_WITH_UNIT(LENGTH_MEASURE(1.E-07),#967,
  'distance_accuracy_value','confusion accuracy');
#971 = CONTEXT_DEPENDENT_SHAPE_REPRESENTATION(#972,#974);
#972 = ( REPRESENTATION_RELATIONSHIP('','',#111,#88) 
REPRESENTATION_RELATIONSHIP_WITH_TRANSFORMATION(#973) 
SHAPE_REPRESENTATION_RELATIONSHIP() );
#973 = ITEM_DEFINED_TRANSFORMATION('','',#11,#89);
#974 = PRODUCT_DEFINITION_SHAPE('Placement','Placement of an item',#975
  );
#975 = NEXT_ASSEMBLY_USAGE_OCCURRENCE('1','=>[0:1:1:3]','',#83,#106,$);
#976 = PRODUCT_RELATED_PRODUCT_CATEGORY('part',$,(#108));
#977 = SHAPE_DEFINITION_REPRESENTATION(#978,#984);
#978 = PRODUCT_DEFINITION_SHAPE('','',#979);
#979 = PRODUCT_DEFINITION('design','',#980,#983);
#980 = PRODUCT_DEFINITION_FORMATION('','',#981);
#981 = PRODUCT('pinhead_h4','pinhead_h4','',(#982));
#982 = PRODUCT_CONTEXT('',#2,'mechanical');
#983 = PRODUCT_DEFINITION_CONTEXT('part definition',#2,'design');
#984 = SHAPE_REPRESENTATION('',(#11,#985),#989);
#985 = AXIS2_PLACEMENT_3D('',#986,#987,#988);
#986 = CARTESIAN_POINT('',(0.,0.,0.));
#987 = DIRECTION('',(0.,0.,1.));
#988 = DIRECTION('',(1.,0.,-0.));
#989 = ( GEOMETRIC_REPRESENTATION_CONTEXT(3) 
GLOBAL_UNCERTAINTY_ASSIGNED_CONTEXT((#993)) GLOBAL_UNIT_ASSIGNED_CONTEXT
((#990,#991,#992)) REPRESENTATION_CONTEXT('Context #1',
  '3D Context with UNIT and UNCERTAINTY') );
#990 = ( LENGTH_UNIT() NAMED_UNIT(*) SI_UNIT(.MILLI.,.METRE.) );
#991 = ( NAMED_UNIT(*) PLANE_ANGLE_UNIT() SI_UNIT($,.RADIAN.) );
#992 = ( NAMED_UNIT(*) SI_UNIT($,.STERADIAN.) SOLID_ANGLE_UNIT() );
#993 = UNCERTAINTY_MEASURE_WITH_UNIT(LENGTH_MEASURE(1.E-07),#990,
  'distance_accuracy_value','confusion accuracy');
#994 = CONTEXT_DEPENDENT_SHAPE_REPRESENTATION(#995,#997);
#995 = ( REPRESENTATION_RELATIONSHIP('','',#984,#10) 
REPRESENTATION_RELATIONSHIP_WITH_TRANSFORMATION(#996) 
SHAPE_REPRESENTATION_RELATIONSHIP() );
#996 = ITEM_DEFINED_TRANSFORMATION('','',#11,#19);
#997 = PRODUCT_DEFINITION_SHAPE('Placement','Placement of an item',#998
  );
#998 = NEXT_ASSEMBLY_USAGE_OCCURRENCE('4','J1','',#5,#979,$);
#999 = PRODUCT_RELATED_PRODUCT_CATEGORY('part',$,(#981));
#1000 = SHAPE_DEFINITION_REPRESENTATION(#1001,#1007);
#1001 = PRODUCT_DEFINITION_SHAPE('','',#1002);
#1002 = PRODUCT_DEFINITION('design','',#1003,#1006);
#1003 = PRODUCT_DEFINITION_FORMATION('','',#1004);
#1004 = PRODUCT('Unnamed1','Unnamed1','',(#1005));
#1005 = PRODUCT_CONTEXT('',#2,'mechanical');
#1006 = PRODUCT_DEFINITION_CONTEXT('part definition',#2,'design');
#1007 = SHAPE_REPRESENTATION('',(#11,#1008,#1294,#1584,#1870,#2156,#2442
    ,#2732,#3022),#3312);
#1008 = MANIFOLD_SOLID_BREP('',#1009);
#1009 = CLOSED_SHELL('',(#1010,#1050,#1081,#1112,#1145,#1176,#1207,#1238
    ,#1262,#1278));
#1010 = ADVANCED_FACE('',(#1011),#1045,.F.);
#1011 = FACE_BOUND('',#1012,.F.);
#1012 = EDGE_LOOP('',(#1013,#1023,#1031,#1039));
#1013 = ORIENTED_EDGE('',*,*,#1014,.T.);
#1014 = EDGE_CURVE('',#1015,#1017,#1019,.T.);
#1015 = VERTEX_POINT('',#1016);
#1016 = CARTESIAN_POINT('',(-0.3,0.3,3.37510861759));
#1017 = VERTEX_POINT('',#1018);
#1018 = CARTESIAN_POINT('',(-0.3,-0.3,3.37510861759));
#1019 = LINE('',#1020,#1021);
#1020 = CARTESIAN_POINT('',(-0.3,0.3,3.37510861759));
#1021 = VECTOR('',#1022,1.);
#1022 = DIRECTION('',(0.,-1.,2.22044604925E-16));
#1023 = ORIENTED_EDGE('',*,*,#1024,.T.);
#1024 = EDGE_CURVE('',#1017,#1025,#1027,.T.);
#1025 = VERTEX_POINT('',#1026);
#1026 = CARTESIAN_POINT('',(-0.3,-0.3,-3.));
#1027 = LINE('',#1028,#1029);
#1028 = CARTESIAN_POINT('',(-0.3,-0.3,3.37510861759));
#1029 = VECTOR('',#1030,1.);
#1030 = DIRECTION('',(0.,-2.22044604925E-16,-1.));
#1031 = ORIENTED_EDGE('',*,*,#1032,.F.);
#1032 = EDGE_CURVE('',#1033,#1025,#1035,.T.);
#1033 = VERTEX_POINT('',#1034);
#1034 = CARTESIAN_POINT('',(-0.3,0.3,-3.));
#1035 = LINE('',#1036,#1037);
#1036 = CARTESIAN_POINT('',(-0.3,0.3,-3.));
#1037 = VECTOR('',#1038,1.);
#1038 = DIRECTION('',(0.,-1.,2.22044604925E-16));
#1039 = ORIENTED_EDGE('',*,*,#1040,.F.);
#1040 = EDGE_CURVE('',#1015,#1033,#1041,.T.);
#1041 = LINE('',#1042,#1043);
#1042 = CARTESIAN_POINT('',(-0.3,0.3,3.37510861759));
#1043 = VECTOR('',#1044,1.);
#1044 = DIRECTION('',(0.,-2.22044604925E-16,-1.));
#1045 = PLANE('',#1046);
#1046 = AXIS2_PLACEMENT_3D('',#1047,#1048,#1049);
#1047 = CARTESIAN_POINT('',(-0.3,0.3,3.37510861759));
#1048 = DIRECTION('',(1.,0.,0.));
#1049 = DIRECTION('',(0.,-2.22044604925E-16,-1.));
#1050 = ADVANCED_FACE('',(#1051),#1076,.F.);
#1051 = FACE_BOUND('',#1052,.F.);
#1052 = EDGE_LOOP('',(#1053,#1054,#1062,#1070));
#1053 = ORIENTED_EDGE('',*,*,#1032,.T.);
#1054 = ORIENTED_EDGE('',*,*,#1055,.T.);
#1055 = EDGE_CURVE('',#1025,#1056,#1058,.T.);
#1056 = VERTEX_POINT('',#1057);
#1057 = CARTESIAN_POINT('',(0.3,-0.3,-3.));
#1058 = LINE('',#1059,#1060);
#1059 = CARTESIAN_POINT('',(-0.3,-0.3,-3.));
#1060 = VECTOR('',#1061,1.);
#1061 = DIRECTION('',(1.,1.64346021921E-31,7.401486830834E-16));
#1062 = ORIENTED_EDGE('',*,*,#1063,.F.);
#1063 = EDGE_CURVE('',#1064,#1056,#1066,.T.);
#1064 = VERTEX_POINT('',#1065);
#1065 = CARTESIAN_POINT('',(0.3,0.3,-3.));
#1066 = LINE('',#1067,#1068);
#1067 = CARTESIAN_POINT('',(0.3,0.3,-3.));
#1068 = VECTOR('',#1069,1.);
#1069 = DIRECTION('',(0.,-1.,2.22044604925E-16));
#1070 = ORIENTED_EDGE('',*,*,#1071,.F.);
#1071 = EDGE_CURVE('',#1033,#1064,#1072,.T.);
#1072 = LINE('',#1073,#1074);
#1073 = CARTESIAN_POINT('',(-0.3,0.3,-3.));
#1074 = VECTOR('',#1075,1.);
#1075 = DIRECTION('',(1.,1.64346021921E-31,7.401486830834E-16));
#1076 = PLANE('',#1077);
#1077 = AXIS2_PLACEMENT_3D('',#1078,#1079,#1080);
#1078 = CARTESIAN_POINT('',(-0.3,0.3,-3.));
#1079 = DIRECTION('',(-7.401486830834E-16,2.22044604925E-16,1.));
#1080 = DIRECTION('',(1.,1.64346021921E-31,7.401486830834E-16));
#1081 = ADVANCED_FACE('',(#1082),#1107,.F.);
#1082 = FACE_BOUND('',#1083,.F.);
#1083 = EDGE_LOOP('',(#1084,#1085,#1093,#1101));
#1084 = ORIENTED_EDGE('',*,*,#1063,.T.);
#1085 = ORIENTED_EDGE('',*,*,#1086,.T.);
#1086 = EDGE_CURVE('',#1056,#1087,#1089,.T.);
#1087 = VERTEX_POINT('',#1088);
#1088 = CARTESIAN_POINT('',(0.3,-0.3,3.37510861759));
#1089 = LINE('',#1090,#1091);
#1090 = CARTESIAN_POINT('',(0.3,-0.3,-3.));
#1091 = VECTOR('',#1092,1.);
#1092 = DIRECTION('',(0.,2.22044604925E-16,1.));
#1093 = ORIENTED_EDGE('',*,*,#1094,.F.);
#1094 = EDGE_CURVE('',#1095,#1087,#1097,.T.);
#1095 = VERTEX_POINT('',#1096);
#1096 = CARTESIAN_POINT('',(0.3,0.3,3.37510861759));
#1097 = LINE('',#1098,#1099);
#1098 = CARTESIAN_POINT('',(0.3,0.3,3.37510861759));
#1099 = VECTOR('',#1100,1.);
#1100 = DIRECTION('',(0.,-1.,2.22044604925E-16));
#1101 = ORIENTED_EDGE('',*,*,#1102,.F.);
#1102 = EDGE_CURVE('',#1064,#1095,#1103,.T.);
#1103 = LINE('',#1104,#1105);
#1104 = CARTESIAN_POINT('',(0.3,0.3,-3.));
#1105 = VECTOR('',#1106,1.);
#1106 = DIRECTION('',(0.,2.22044604925E-16,1.));
#1107 = PLANE('',#1108);
#1108 = AXIS2_PLACEMENT_3D('',#1109,#1110,#1111);
#1109 = CARTESIAN_POINT('',(0.3,0.3,-3.));
#1110 = DIRECTION('',(-1.,0.,0.));
#1111 = DIRECTION('',(0.,2.22044604925E-16,1.));
#1112 = ADVANCED_FACE('',(#1113),#1140,.F.);
#1113 = FACE_BOUND('',#1114,.F.);
#1114 = EDGE_LOOP('',(#1115,#1124,#1125,#1134));
#1115 = ORIENTED_EDGE('',*,*,#1116,.T.);
#1116 = EDGE_CURVE('',#1117,#1095,#1119,.T.);
#1117 = VERTEX_POINT('',#1118);
#1118 = CARTESIAN_POINT('',(0.92489138241,0.3,4.));
#1119 = CIRCLE('',#1120,0.62489138241);
#1120 = AXIS2_PLACEMENT_3D('',#1121,#1122,#1123);
#1121 = CARTESIAN_POINT('',(0.92489138241,0.3,3.37510861759));
#1122 = DIRECTION('',(0.,-1.,2.22044604925E-16));
#1123 = DIRECTION('',(1.,0.,0.));
#1124 = ORIENTED_EDGE('',*,*,#1094,.T.);
#1125 = ORIENTED_EDGE('',*,*,#1126,.F.);
#1126 = EDGE_CURVE('',#1127,#1087,#1129,.T.);
#1127 = VERTEX_POINT('',#1128);
#1128 = CARTESIAN_POINT('',(0.92489138241,-0.3,4.));
#1129 = CIRCLE('',#1130,0.62489138241);
#1130 = AXIS2_PLACEMENT_3D('',#1131,#1132,#1133);
#1131 = CARTESIAN_POINT('',(0.92489138241,-0.3,3.37510861759));
#1132 = DIRECTION('',(0.,-1.,2.22044604925E-16));
#1133 = DIRECTION('',(1.,0.,0.));
#1134 = ORIENTED_EDGE('',*,*,#1135,.F.);
#1135 = EDGE_CURVE('',#1117,#1127,#1136,.T.);
#1136 = LINE('',#1137,#1138);
#1137 = CARTESIAN_POINT('',(0.92489138241,0.3,4.));
#1138 = VECTOR('',#1139,1.);
#1139 = DIRECTION('',(0.,-1.,2.22044604925E-16));
#1140 = CYLINDRICAL_SURFACE('',#1141,0.62489138241);
#1141 = AXIS2_PLACEMENT_3D('',#1142,#1143,#1144);
#1142 = CARTESIAN_POINT('',(0.92489138241,0.3,3.37510861759));
#1143 = DIRECTION('',(0.,1.,-2.22044604925E-16));
#1144 = DIRECTION('',(1.,0.,0.));
#1145 = ADVANCED_FACE('',(#1146),#1171,.F.);
#1146 = FACE_BOUND('',#1147,.F.);
#1147 = EDGE_LOOP('',(#1148,#1149,#1157,#1165));
#1148 = ORIENTED_EDGE('',*,*,#1135,.T.);
#1149 = ORIENTED_EDGE('',*,*,#1150,.T.);
#1150 = EDGE_CURVE('',#1127,#1151,#1153,.T.);
#1151 = VERTEX_POINT('',#1152);
#1152 = CARTESIAN_POINT('',(7.5,-0.3,4.));
#1153 = LINE('',#1154,#1155);
#1154 = CARTESIAN_POINT('',(0.92489138241,-0.3,4.));
#1155 = VECTOR('',#1156,1.);
#1156 = DIRECTION('',(1.,0.,0.));
#1157 = ORIENTED_EDGE('',*,*,#1158,.F.);
#1158 = EDGE_CURVE('',#1159,#1151,#1161,.T.);
#1159 = VERTEX_POINT('',#1160);
#1160 = CARTESIAN_POINT('',(7.5,0.3,4.));
#1161 = LINE('',#1162,#1163);
#1162 = CARTESIAN_POINT('',(7.5,0.3,4.));
#1163 = VECTOR('',#1164,1.);
#1164 = DIRECTION('',(0.,-1.,2.22044604925E-16));
#1165 = ORIENTED_EDGE('',*,*,#1166,.F.);
#1166 = EDGE_CURVE('',#1117,#1159,#1167,.T.);
#1167 = LINE('',#1168,#1169);
#1168 = CARTESIAN_POINT('',(0.92489138241,0.3,4.));
#1169 = VECTOR('',#1170,1.);
#1170 = DIRECTION('',(1.,0.,0.));
#1171 = PLANE('',#1172);
#1172 = AXIS2_PLACEMENT_3D('',#1173,#1174,#1175);
#1173 = CARTESIAN_POINT('',(0.92489138241,0.3,4.));
#1174 = DIRECTION('',(0.,2.22044604925E-16,1.));
#1175 = DIRECTION('',(1.,0.,0.));
#1176 = ADVANCED_FACE('',(#1177),#1202,.F.);
#1177 = FACE_BOUND('',#1178,.F.);
#1178 = EDGE_LOOP('',(#1179,#1180,#1188,#1196));
#1179 = ORIENTED_EDGE('',*,*,#1158,.T.);
#1180 = ORIENTED_EDGE('',*,*,#1181,.T.);
#1181 = EDGE_CURVE('',#1151,#1182,#1184,.T.);
#1182 = VERTEX_POINT('',#1183);
#1183 = CARTESIAN_POINT('',(7.5,-0.3,4.598324446104));
#1184 = LINE('',#1185,#1186);
#1185 = CARTESIAN_POINT('',(7.5,-0.3,4.));
#1186 = VECTOR('',#1187,1.);
#1187 = DIRECTION('',(0.,2.22044604925E-16,1.));
#1188 = ORIENTED_EDGE('',*,*,#1189,.F.);
#1189 = EDGE_CURVE('',#1190,#1182,#1192,.T.);
#1190 = VERTEX_POINT('',#1191);
#1191 = CARTESIAN_POINT('',(7.5,0.3,4.598324446104));
#1192 = LINE('',#1193,#1194);
#1193 = CARTESIAN_POINT('',(7.5,0.3,4.598324446104));
#1194 = VECTOR('',#1195,1.);
#1195 = DIRECTION('',(0.,-1.,2.22044604925E-16));
#1196 = ORIENTED_EDGE('',*,*,#1197,.F.);
#1197 = EDGE_CURVE('',#1159,#1190,#1198,.T.);
#1198 = LINE('',#1199,#1200);
#1199 = CARTESIAN_POINT('',(7.5,0.3,4.));
#1200 = VECTOR('',#1201,1.);
#1201 = DIRECTION('',(0.,2.22044604925E-16,1.));
#1202 = PLANE('',#1203);
#1203 = AXIS2_PLACEMENT_3D('',#1204,#1205,#1206);
#1204 = CARTESIAN_POINT('',(7.5,0.3,4.));
#1205 = DIRECTION('',(-1.,0.,0.));
#1206 = DIRECTION('',(0.,2.22044604925E-16,1.));
#1207 = ADVANCED_FACE('',(#1208),#1233,.F.);
#1208 = FACE_BOUND('',#1209,.F.);
#1209 = EDGE_LOOP('',(#1210,#1211,#1219,#1227));
#1210 = ORIENTED_EDGE('',*,*,#1189,.T.);
#1211 = ORIENTED_EDGE('',*,*,#1212,.T.);
#1212 = EDGE_CURVE('',#1182,#1213,#1215,.T.);
#1213 = VERTEX_POINT('',#1214);
#1214 = CARTESIAN_POINT('',(0.988937737301,-0.3,4.598324446104));
#1215 = LINE('',#1216,#1217);
#1216 = CARTESIAN_POINT('',(7.5,-0.3,4.598324446104));
#1217 = VECTOR('',#1218,1.);
#1218 = DIRECTION('',(-1.,0.,0.));
#1219 = ORIENTED_EDGE('',*,*,#1220,.F.);
#1220 = EDGE_CURVE('',#1221,#1213,#1223,.T.);
#1221 = VERTEX_POINT('',#1222);
#1222 = CARTESIAN_POINT('',(0.988937737301,0.3,4.598324446104));
#1223 = LINE('',#1224,#1225);
#1224 = CARTESIAN_POINT('',(0.988937737301,0.3,4.598324446104));
#1225 = VECTOR('',#1226,1.);
#1226 = DIRECTION('',(0.,-1.,2.22044604925E-16));
#1227 = ORIENTED_EDGE('',*,*,#1228,.F.);
#1228 = EDGE_CURVE('',#1190,#1221,#1229,.T.);
#1229 = LINE('',#1230,#1231);
#1230 = CARTESIAN_POINT('',(7.5,0.3,4.598324446104));
#1231 = VECTOR('',#1232,1.);
#1232 = DIRECTION('',(-1.,0.,0.));
#1233 = PLANE('',#1234);
#1234 = AXIS2_PLACEMENT_3D('',#1235,#1236,#1237);
#1235 = CARTESIAN_POINT('',(7.5,0.3,4.598324446104));
#1236 = DIRECTION('',(0.,-2.22044604925E-16,-1.));
#1237 = DIRECTION('',(-1.,0.,0.));
#1238 = ADVANCED_FACE('',(#1239),#1257,.T.);
#1239 = FACE_BOUND('',#1240,.T.);
#1240 = EDGE_LOOP('',(#1241,#1248,#1249,#1256));
#1241 = ORIENTED_EDGE('',*,*,#1242,.T.);
#1242 = EDGE_CURVE('',#1221,#1015,#1243,.T.);
#1243 = CIRCLE('',#1244,1.22489138241);
#1244 = AXIS2_PLACEMENT_3D('',#1245,#1246,#1247);
#1245 = CARTESIAN_POINT('',(0.92489138241,0.3,3.37510861759));
#1246 = DIRECTION('',(0.,-1.,2.22044604925E-16));
#1247 = DIRECTION('',(1.,0.,0.));
#1248 = ORIENTED_EDGE('',*,*,#1014,.T.);
#1249 = ORIENTED_EDGE('',*,*,#1250,.F.);
#1250 = EDGE_CURVE('',#1213,#1017,#1251,.T.);
#1251 = CIRCLE('',#1252,1.22489138241);
#1252 = AXIS2_PLACEMENT_3D('',#1253,#1254,#1255);
#1253 = CARTESIAN_POINT('',(0.92489138241,-0.3,3.37510861759));
#1254 = DIRECTION('',(0.,-1.,2.22044604925E-16));
#1255 = DIRECTION('',(1.,0.,0.));
#1256 = ORIENTED_EDGE('',*,*,#1220,.F.);
#1257 = CYLINDRICAL_SURFACE('',#1258,1.22489138241);
#1258 = AXIS2_PLACEMENT_3D('',#1259,#1260,#1261);
#1259 = CARTESIAN_POINT('',(0.92489138241,0.3,3.37510861759));
#1260 = DIRECTION('',(0.,1.,-2.22044604925E-16));
#1261 = DIRECTION('',(1.,0.,0.));
#1262 = ADVANCED_FACE('',(#1263),#1273,.T.);
#1263 = FACE_BOUND('',#1264,.F.);
#1264 = EDGE_LOOP('',(#1265,#1266,#1267,#1268,#1269,#1270,#1271,#1272));
#1265 = ORIENTED_EDGE('',*,*,#1040,.T.);
#1266 = ORIENTED_EDGE('',*,*,#1071,.T.);
#1267 = ORIENTED_EDGE('',*,*,#1102,.T.);
#1268 = ORIENTED_EDGE('',*,*,#1116,.F.);
#1269 = ORIENTED_EDGE('',*,*,#1166,.T.);
#1270 = ORIENTED_EDGE('',*,*,#1197,.T.);
#1271 = ORIENTED_EDGE('',*,*,#1228,.T.);
#1272 = ORIENTED_EDGE('',*,*,#1242,.T.);
#1273 = PLANE('',#1274);
#1274 = AXIS2_PLACEMENT_3D('',#1275,#1276,#1277);
#1275 = CARTESIAN_POINT('',(2.025877553938,0.3,2.375997298661));
#1276 = DIRECTION('',(-3.697785493223E-32,1.,-2.22044604925E-16));
#1277 = DIRECTION('',(0.,2.22044604925E-16,1.));
#1278 = ADVANCED_FACE('',(#1279),#1289,.F.);
#1279 = FACE_BOUND('',#1280,.T.);
#1280 = EDGE_LOOP('',(#1281,#1282,#1283,#1284,#1285,#1286,#1287,#1288));
#1281 = ORIENTED_EDGE('',*,*,#1024,.T.);
#1282 = ORIENTED_EDGE('',*,*,#1055,.T.);
#1283 = ORIENTED_EDGE('',*,*,#1086,.T.);
#1284 = ORIENTED_EDGE('',*,*,#1126,.F.);
#1285 = ORIENTED_EDGE('',*,*,#1150,.T.);
#1286 = ORIENTED_EDGE('',*,*,#1181,.T.);
#1287 = ORIENTED_EDGE('',*,*,#1212,.T.);
#1288 = ORIENTED_EDGE('',*,*,#1250,.T.);
#1289 = PLANE('',#1290);
#1290 = AXIS2_PLACEMENT_3D('',#1291,#1292,#1293);
#1291 = CARTESIAN_POINT('',(2.025877553938,-0.3,2.375997298661));
#1292 = DIRECTION('',(-3.697785493223E-32,1.,-2.22044604925E-16));
#1293 = DIRECTION('',(0.,2.22044604925E-16,1.));
#1294 = MANIFOLD_SOLID_BREP('',#1295);
#1295 = CLOSED_SHELL('',(#1296,#1336,#1369,#1400,#1433,#1464,#1497,#1528
    ,#1552,#1568));
#1296 = ADVANCED_FACE('',(#1297),#1331,.F.);
#1297 = FACE_BOUND('',#1298,.F.);
#1298 = EDGE_LOOP('',(#1299,#1309,#1317,#1325));
#1299 = ORIENTED_EDGE('',*,*,#1300,.T.);
#1300 = EDGE_CURVE('',#1301,#1303,#1305,.T.);
#1301 = VERTEX_POINT('',#1302);
#1302 = CARTESIAN_POINT('',(-1.27,0.91079,0.));
#1303 = VERTEX_POINT('',#1304);
#1304 = CARTESIAN_POINT('',(-1.27,0.91079,2.5));
#1305 = LINE('',#1306,#1307);
#1306 = CARTESIAN_POINT('',(-1.27,0.91079,0.));
#1307 = VECTOR('',#1308,1.);
#1308 = DIRECTION('',(0.,0.,1.));
#1309 = ORIENTED_EDGE('',*,*,#1310,.T.);
#1310 = EDGE_CURVE('',#1303,#1311,#1313,.T.);
#1311 = VERTEX_POINT('',#1312);
#1312 = CARTESIAN_POINT('',(-1.27,-0.96159,2.5));
#1313 = LINE('',#1314,#1315);
#1314 = CARTESIAN_POINT('',(-1.27,0.91079,2.5));
#1315 = VECTOR('',#1316,1.);
#1316 = DIRECTION('',(0.,-1.,0.));
#1317 = ORIENTED_EDGE('',*,*,#1318,.F.);
#1318 = EDGE_CURVE('',#1319,#1311,#1321,.T.);
#1319 = VERTEX_POINT('',#1320);
#1320 = CARTESIAN_POINT('',(-1.27,-0.96159,0.));
#1321 = LINE('',#1322,#1323);
#1322 = CARTESIAN_POINT('',(-1.27,-0.96159,0.));
#1323 = VECTOR('',#1324,1.);
#1324 = DIRECTION('',(0.,0.,1.));
#1325 = ORIENTED_EDGE('',*,*,#1326,.F.);
#1326 = EDGE_CURVE('',#1301,#1319,#1327,.T.);
#1327 = LINE('',#1328,#1329);
#1328 = CARTESIAN_POINT('',(-1.27,0.91079,0.));
#1329 = VECTOR('',#1330,1.);
#1330 = DIRECTION('',(0.,-1.,0.));
#1331 = PLANE('',#1332);
#1332 = AXIS2_PLACEMENT_3D('',#1333,#1334,#1335);
#1333 = CARTESIAN_POINT('',(-1.27,0.91079,0.));
#1334 = DIRECTION('',(1.,0.,0.));
#1335 = DIRECTION('',(0.,-1.,0.));
#1336 = ADVANCED_FACE('',(#1337),#1364,.T.);
#1337 = FACE_BOUND('',#1338,.T.);
#1338 = EDGE_LOOP('',(#1339,#1348,#1356,#1363));
#1339 = ORIENTED_EDGE('',*,*,#1340,.T.);
#1340 = EDGE_CURVE('',#1319,#1341,#1343,.T.);
#1341 = VERTEX_POINT('',#1342);
#1342 = CARTESIAN_POINT('',(-0.96159,-1.27,0.));
#1343 = CIRCLE('',#1344,0.30841);
#1344 = AXIS2_PLACEMENT_3D('',#1345,#1346,#1347);
#1345 = CARTESIAN_POINT('',(-0.96159,-0.96159,0.));
#1346 = DIRECTION('',(0.,0.,1.));
#1347 = DIRECTION('',(1.,0.,0.));
#1348 = ORIENTED_EDGE('',*,*,#1349,.T.);
#1349 = EDGE_CURVE('',#1341,#1350,#1352,.T.);
#1350 = VERTEX_POINT('',#1351);
#1351 = CARTESIAN_POINT('',(-0.96159,-1.27,2.5));
#1352 = LINE('',#1353,#1354);
#1353 = CARTESIAN_POINT('',(-0.96159,-1.27,0.));
#1354 = VECTOR('',#1355,1.);
#1355 = DIRECTION('',(0.,0.,1.));
#1356 = ORIENTED_EDGE('',*,*,#1357,.F.);
#1357 = EDGE_CURVE('',#1311,#1350,#1358,.T.);
#1358 = CIRCLE('',#1359,0.30841);
#1359 = AXIS2_PLACEMENT_3D('',#1360,#1361,#1362);
#1360 = CARTESIAN_POINT('',(-0.96159,-0.96159,2.5));
#1361 = DIRECTION('',(0.,0.,1.));
#1362 = DIRECTION('',(1.,0.,0.));
#1363 = ORIENTED_EDGE('',*,*,#1318,.F.);
#1364 = CYLINDRICAL_SURFACE('',#1365,0.30841);
#1365 = AXIS2_PLACEMENT_3D('',#1366,#1367,#1368);
#1366 = CARTESIAN_POINT('',(-0.96159,-0.96159,0.));
#1367 = DIRECTION('',(-0.,-0.,-1.));
#1368 = DIRECTION('',(1.,0.,0.));
#1369 = ADVANCED_FACE('',(#1370),#1395,.F.);
#1370 = FACE_BOUND('',#1371,.F.);
#1371 = EDGE_LOOP('',(#1372,#1373,#1381,#1389));
#1372 = ORIENTED_EDGE('',*,*,#1349,.T.);
#1373 = ORIENTED_EDGE('',*,*,#1374,.T.);
#1374 = EDGE_CURVE('',#1350,#1375,#1377,.T.);
#1375 = VERTEX_POINT('',#1376);
#1376 = CARTESIAN_POINT('',(0.954406,-1.27,2.5));
#1377 = LINE('',#1378,#1379);
#1378 = CARTESIAN_POINT('',(-0.96159,-1.27,2.5));
#1379 = VECTOR('',#1380,1.);
#1380 = DIRECTION('',(1.,0.,0.));
#1381 = ORIENTED_EDGE('',*,*,#1382,.F.);
#1382 = EDGE_CURVE('',#1383,#1375,#1385,.T.);
#1383 = VERTEX_POINT('',#1384);
#1384 = CARTESIAN_POINT('',(0.954406,-1.27,0.));
#1385 = LINE('',#1386,#1387);
#1386 = CARTESIAN_POINT('',(0.954406,-1.27,0.));
#1387 = VECTOR('',#1388,1.);
#1388 = DIRECTION('',(0.,0.,1.));
#1389 = ORIENTED_EDGE('',*,*,#1390,.F.);
#1390 = EDGE_CURVE('',#1341,#1383,#1391,.T.);
#1391 = LINE('',#1392,#1393);
#1392 = CARTESIAN_POINT('',(-0.96159,-1.27,0.));
#1393 = VECTOR('',#1394,1.);
#1394 = DIRECTION('',(1.,0.,0.));
#1395 = PLANE('',#1396);
#1396 = AXIS2_PLACEMENT_3D('',#1397,#1398,#1399);
#1397 = CARTESIAN_POINT('',(-0.96159,-1.27,0.));
#1398 = DIRECTION('',(0.,1.,0.));
#1399 = DIRECTION('',(1.,0.,0.));
#1400 = ADVANCED_FACE('',(#1401),#1428,.T.);
#1401 = FACE_BOUND('',#1402,.T.);
#1402 = EDGE_LOOP('',(#1403,#1412,#1420,#1427));
#1403 = ORIENTED_EDGE('',*,*,#1404,.T.);
#1404 = EDGE_CURVE('',#1383,#1405,#1407,.T.);
#1405 = VERTEX_POINT('',#1406);
#1406 = CARTESIAN_POINT('',(1.27,-0.954406,0.));
#1407 = CIRCLE('',#1408,0.315594);
#1408 = AXIS2_PLACEMENT_3D('',#1409,#1410,#1411);
#1409 = CARTESIAN_POINT('',(0.954406,-0.954406,0.));
#1410 = DIRECTION('',(0.,0.,1.));
#1411 = DIRECTION('',(1.,0.,0.));
#1412 = ORIENTED_EDGE('',*,*,#1413,.T.);
#1413 = EDGE_CURVE('',#1405,#1414,#1416,.T.);
#1414 = VERTEX_POINT('',#1415);
#1415 = CARTESIAN_POINT('',(1.27,-0.954406,2.5));
#1416 = LINE('',#1417,#1418);
#1417 = CARTESIAN_POINT('',(1.27,-0.954406,0.));
#1418 = VECTOR('',#1419,1.);
#1419 = DIRECTION('',(0.,0.,1.));
#1420 = ORIENTED_EDGE('',*,*,#1421,.F.);
#1421 = EDGE_CURVE('',#1375,#1414,#1422,.T.);
#1422 = CIRCLE('',#1423,0.315594);
#1423 = AXIS2_PLACEMENT_3D('',#1424,#1425,#1426);
#1424 = CARTESIAN_POINT('',(0.954406,-0.954406,2.5));
#1425 = DIRECTION('',(0.,0.,1.));
#1426 = DIRECTION('',(1.,0.,0.));
#1427 = ORIENTED_EDGE('',*,*,#1382,.F.);
#1428 = CYLINDRICAL_SURFACE('',#1429,0.315594);
#1429 = AXIS2_PLACEMENT_3D('',#1430,#1431,#1432);
#1430 = CARTESIAN_POINT('',(0.954406,-0.954406,0.));
#1431 = DIRECTION('',(-0.,-0.,-1.));
#1432 = DIRECTION('',(1.,0.,0.));
#1433 = ADVANCED_FACE('',(#1434),#1459,.F.);
#1434 = FACE_BOUND('',#1435,.F.);
#1435 = EDGE_LOOP('',(#1436,#1437,#1445,#1453));
#1436 = ORIENTED_EDGE('',*,*,#1413,.T.);
#1437 = ORIENTED_EDGE('',*,*,#1438,.T.);
#1438 = EDGE_CURVE('',#1414,#1439,#1441,.T.);
#1439 = VERTEX_POINT('',#1440);
#1440 = CARTESIAN_POINT('',(1.27,0.96159,2.5));
#1441 = LINE('',#1442,#1443);
#1442 = CARTESIAN_POINT('',(1.27,-0.954406,2.5));
#1443 = VECTOR('',#1444,1.);
#1444 = DIRECTION('',(0.,1.,0.));
#1445 = ORIENTED_EDGE('',*,*,#1446,.F.);
#1446 = EDGE_CURVE('',#1447,#1439,#1449,.T.);
#1447 = VERTEX_POINT('',#1448);
#1448 = CARTESIAN_POINT('',(1.27,0.96159,0.));
#1449 = LINE('',#1450,#1451);
#1450 = CARTESIAN_POINT('',(1.27,0.96159,0.));
#1451 = VECTOR('',#1452,1.);
#1452 = DIRECTION('',(0.,0.,1.));
#1453 = ORIENTED_EDGE('',*,*,#1454,.F.);
#1454 = EDGE_CURVE('',#1405,#1447,#1455,.T.);
#1455 = LINE('',#1456,#1457);
#1456 = CARTESIAN_POINT('',(1.27,-0.954406,0.));
#1457 = VECTOR('',#1458,1.);
#1458 = DIRECTION('',(0.,1.,0.));
#1459 = PLANE('',#1460);
#1460 = AXIS2_PLACEMENT_3D('',#1461,#1462,#1463);
#1461 = CARTESIAN_POINT('',(1.27,-0.954406,0.));
#1462 = DIRECTION('',(-1.,0.,0.));
#1463 = DIRECTION('',(0.,1.,0.));
#1464 = ADVANCED_FACE('',(#1465),#1492,.T.);
#1465 = FACE_BOUND('',#1466,.T.);
#1466 = EDGE_LOOP('',(#1467,#1476,#1484,#1491));
#1467 = ORIENTED_EDGE('',*,*,#1468,.T.);
#1468 = EDGE_CURVE('',#1447,#1469,#1471,.T.);
#1469 = VERTEX_POINT('',#1470);
#1470 = CARTESIAN_POINT('',(0.96159,1.27,0.));
#1471 = CIRCLE('',#1472,0.30841);
#1472 = AXIS2_PLACEMENT_3D('',#1473,#1474,#1475);
#1473 = CARTESIAN_POINT('',(0.96159,0.96159,0.));
#1474 = DIRECTION('',(0.,0.,1.));
#1475 = DIRECTION('',(1.,0.,0.));
#1476 = ORIENTED_EDGE('',*,*,#1477,.T.);
#1477 = EDGE_CURVE('',#1469,#1478,#1480,.T.);
#1478 = VERTEX_POINT('',#1479);
#1479 = CARTESIAN_POINT('',(0.96159,1.27,2.5));
#1480 = LINE('',#1481,#1482);
#1481 = CARTESIAN_POINT('',(0.96159,1.27,0.));
#1482 = VECTOR('',#1483,1.);
#1483 = DIRECTION('',(0.,0.,1.));
#1484 = ORIENTED_EDGE('',*,*,#1485,.F.);
#1485 = EDGE_CURVE('',#1439,#1478,#1486,.T.);
#1486 = CIRCLE('',#1487,0.30841);
#1487 = AXIS2_PLACEMENT_3D('',#1488,#1489,#1490);
#1488 = CARTESIAN_POINT('',(0.96159,0.96159,2.5));
#1489 = DIRECTION('',(0.,0.,1.));
#1490 = DIRECTION('',(1.,0.,0.));
#1491 = ORIENTED_EDGE('',*,*,#1446,.F.);
#1492 = CYLINDRICAL_SURFACE('',#1493,0.30841);
#1493 = AXIS2_PLACEMENT_3D('',#1494,#1495,#1496);
#1494 = CARTESIAN_POINT('',(0.96159,0.96159,0.));
#1495 = DIRECTION('',(-0.,-0.,-1.));
#1496 = DIRECTION('',(1.,0.,0.));
#1497 = ADVANCED_FACE('',(#1498),#1523,.F.);
#1498 = FACE_BOUND('',#1499,.F.);
#1499 = EDGE_LOOP('',(#1500,#1501,#1509,#1517));
#1500 = ORIENTED_EDGE('',*,*,#1477,.T.);
#1501 = ORIENTED_EDGE('',*,*,#1502,.T.);
#1502 = EDGE_CURVE('',#1478,#1503,#1505,.T.);
#1503 = VERTEX_POINT('',#1504);
#1504 = CARTESIAN_POINT('',(-0.91079,1.27,2.5));
#1505 = LINE('',#1506,#1507);
#1506 = CARTESIAN_POINT('',(0.96159,1.27,2.5));
#1507 = VECTOR('',#1508,1.);
#1508 = DIRECTION('',(-1.,0.,0.));
#1509 = ORIENTED_EDGE('',*,*,#1510,.F.);
#1510 = EDGE_CURVE('',#1511,#1503,#1513,.T.);
#1511 = VERTEX_POINT('',#1512);
#1512 = CARTESIAN_POINT('',(-0.91079,1.27,0.));
#1513 = LINE('',#1514,#1515);
#1514 = CARTESIAN_POINT('',(-0.91079,1.27,0.));
#1515 = VECTOR('',#1516,1.);
#1516 = DIRECTION('',(0.,0.,1.));
#1517 = ORIENTED_EDGE('',*,*,#1518,.F.);
#1518 = EDGE_CURVE('',#1469,#1511,#1519,.T.);
#1519 = LINE('',#1520,#1521);
#1520 = CARTESIAN_POINT('',(0.96159,1.27,0.));
#1521 = VECTOR('',#1522,1.);
#1522 = DIRECTION('',(-1.,0.,0.));
#1523 = PLANE('',#1524);
#1524 = AXIS2_PLACEMENT_3D('',#1525,#1526,#1527);
#1525 = CARTESIAN_POINT('',(0.96159,1.27,0.));
#1526 = DIRECTION('',(0.,-1.,0.));
#1527 = DIRECTION('',(-1.,0.,0.));
#1528 = ADVANCED_FACE('',(#1529),#1547,.T.);
#1529 = FACE_BOUND('',#1530,.T.);
#1530 = EDGE_LOOP('',(#1531,#1538,#1539,#1546));
#1531 = ORIENTED_EDGE('',*,*,#1532,.T.);
#1532 = EDGE_CURVE('',#1511,#1301,#1533,.T.);
#1533 = CIRCLE('',#1534,0.35921);
#1534 = AXIS2_PLACEMENT_3D('',#1535,#1536,#1537);
#1535 = CARTESIAN_POINT('',(-0.91079,0.91079,0.));
#1536 = DIRECTION('',(0.,0.,1.));
#1537 = DIRECTION('',(1.,0.,0.));
#1538 = ORIENTED_EDGE('',*,*,#1300,.T.);
#1539 = ORIENTED_EDGE('',*,*,#1540,.F.);
#1540 = EDGE_CURVE('',#1503,#1303,#1541,.T.);
#1541 = CIRCLE('',#1542,0.35921);
#1542 = AXIS2_PLACEMENT_3D('',#1543,#1544,#1545);
#1543 = CARTESIAN_POINT('',(-0.91079,0.91079,2.5));
#1544 = DIRECTION('',(0.,0.,1.));
#1545 = DIRECTION('',(1.,0.,0.));
#1546 = ORIENTED_EDGE('',*,*,#1510,.F.);
#1547 = CYLINDRICAL_SURFACE('',#1548,0.35921);
#1548 = AXIS2_PLACEMENT_3D('',#1549,#1550,#1551);
#1549 = CARTESIAN_POINT('',(-0.91079,0.91079,0.));
#1550 = DIRECTION('',(-0.,-0.,-1.));
#1551 = DIRECTION('',(1.,0.,0.));
#1552 = ADVANCED_FACE('',(#1553),#1563,.F.);
#1553 = FACE_BOUND('',#1554,.F.);
#1554 = EDGE_LOOP('',(#1555,#1556,#1557,#1558,#1559,#1560,#1561,#1562));
#1555 = ORIENTED_EDGE('',*,*,#1326,.T.);
#1556 = ORIENTED_EDGE('',*,*,#1340,.T.);
#1557 = ORIENTED_EDGE('',*,*,#1390,.T.);
#1558 = ORIENTED_EDGE('',*,*,#1404,.T.);
#1559 = ORIENTED_EDGE('',*,*,#1454,.T.);
#1560 = ORIENTED_EDGE('',*,*,#1468,.T.);
#1561 = ORIENTED_EDGE('',*,*,#1518,.T.);
#1562 = ORIENTED_EDGE('',*,*,#1532,.T.);
#1563 = PLANE('',#1564);
#1564 = AXIS2_PLACEMENT_3D('',#1565,#1566,#1567);
#1565 = CARTESIAN_POINT('',(2.851582203278E-03,-2.851582203278E-03,0.));
#1566 = DIRECTION('',(0.,0.,1.));
#1567 = DIRECTION('',(1.,0.,0.));
#1568 = ADVANCED_FACE('',(#1569),#1579,.T.);
#1569 = FACE_BOUND('',#1570,.T.);
#1570 = EDGE_LOOP('',(#1571,#1572,#1573,#1574,#1575,#1576,#1577,#1578));
#1571 = ORIENTED_EDGE('',*,*,#1310,.T.);
#1572 = ORIENTED_EDGE('',*,*,#1357,.T.);
#1573 = ORIENTED_EDGE('',*,*,#1374,.T.);
#1574 = ORIENTED_EDGE('',*,*,#1421,.T.);
#1575 = ORIENTED_EDGE('',*,*,#1438,.T.);
#1576 = ORIENTED_EDGE('',*,*,#1485,.T.);
#1577 = ORIENTED_EDGE('',*,*,#1502,.T.);
#1578 = ORIENTED_EDGE('',*,*,#1540,.T.);
#1579 = PLANE('',#1580);
#1580 = AXIS2_PLACEMENT_3D('',#1581,#1582,#1583);
#1581 = CARTESIAN_POINT('',(2.851582203278E-03,-2.851582203278E-03,2.5)
  );
#1582 = DIRECTION('',(0.,0.,1.));
#1583 = DIRECTION('',(1.,0.,0.));
#1584 = MANIFOLD_SOLID_BREP('',#1585);
#1585 = CLOSED_SHELL('',(#1586,#1626,#1657,#1688,#1721,#1752,#1783,#1814
    ,#1838,#1854));
#1586 = ADVANCED_FACE('',(#1587),#1621,.F.);
#1587 = FACE_BOUND('',#1588,.F.);
#1588 = EDGE_LOOP('',(#1589,#1599,#1607,#1615));
#1589 = ORIENTED_EDGE('',*,*,#1590,.T.);
#1590 = EDGE_CURVE('',#1591,#1593,#1595,.T.);
#1591 = VERTEX_POINT('',#1592);
#1592 = CARTESIAN_POINT('',(-0.3,2.84,3.372034189034));
#1593 = VERTEX_POINT('',#1594);
#1594 = CARTESIAN_POINT('',(-0.3,2.24,3.372034189034));
#1595 = LINE('',#1596,#1597);
#1596 = CARTESIAN_POINT('',(-0.3,2.84,3.372034189034));
#1597 = VECTOR('',#1598,1.);
#1598 = DIRECTION('',(0.,-1.,-2.22044604925E-16));
#1599 = ORIENTED_EDGE('',*,*,#1600,.T.);
#1600 = EDGE_CURVE('',#1593,#1601,#1603,.T.);
#1601 = VERTEX_POINT('',#1602);
#1602 = CARTESIAN_POINT('',(-0.3,2.24,-3.));
#1603 = LINE('',#1604,#1605);
#1604 = CARTESIAN_POINT('',(-0.3,2.24,3.372034189034));
#1605 = VECTOR('',#1606,1.);
#1606 = DIRECTION('',(0.,2.22044604925E-16,-1.));
#1607 = ORIENTED_EDGE('',*,*,#1608,.F.);
#1608 = EDGE_CURVE('',#1609,#1601,#1611,.T.);
#1609 = VERTEX_POINT('',#1610);
#1610 = CARTESIAN_POINT('',(-0.3,2.84,-3.));
#1611 = LINE('',#1612,#1613);
#1612 = CARTESIAN_POINT('',(-0.3,2.84,-3.));
#1613 = VECTOR('',#1614,1.);
#1614 = DIRECTION('',(0.,-1.,-2.22044604925E-16));
#1615 = ORIENTED_EDGE('',*,*,#1616,.F.);
#1616 = EDGE_CURVE('',#1591,#1609,#1617,.T.);
#1617 = LINE('',#1618,#1619);
#1618 = CARTESIAN_POINT('',(-0.3,2.84,3.372034189034));
#1619 = VECTOR('',#1620,1.);
#1620 = DIRECTION('',(0.,2.22044604925E-16,-1.));
#1621 = PLANE('',#1622);
#1622 = AXIS2_PLACEMENT_3D('',#1623,#1624,#1625);
#1623 = CARTESIAN_POINT('',(-0.3,2.84,3.372034189034));
#1624 = DIRECTION('',(1.,0.,0.));
#1625 = DIRECTION('',(0.,2.22044604925E-16,-1.));
#1626 = ADVANCED_FACE('',(#1627),#1652,.F.);
#1627 = FACE_BOUND('',#1628,.F.);
#1628 = EDGE_LOOP('',(#1629,#1630,#1638,#1646));
#1629 = ORIENTED_EDGE('',*,*,#1608,.T.);
#1630 = ORIENTED_EDGE('',*,*,#1631,.T.);
#1631 = EDGE_CURVE('',#1601,#1632,#1634,.T.);
#1632 = VERTEX_POINT('',#1633);
#1633 = CARTESIAN_POINT('',(0.3,2.24,-3.));
#1634 = LINE('',#1635,#1636);
#1635 = CARTESIAN_POINT('',(-0.3,2.24,-3.));
#1636 = VECTOR('',#1637,1.);
#1637 = DIRECTION('',(1.,0.,0.));
#1638 = ORIENTED_EDGE('',*,*,#1639,.F.);
#1639 = EDGE_CURVE('',#1640,#1632,#1642,.T.);
#1640 = VERTEX_POINT('',#1641);
#1641 = CARTESIAN_POINT('',(0.3,2.84,-3.));
#1642 = LINE('',#1643,#1644);
#1643 = CARTESIAN_POINT('',(0.3,2.84,-3.));
#1644 = VECTOR('',#1645,1.);
#1645 = DIRECTION('',(0.,-1.,-2.22044604925E-16));
#1646 = ORIENTED_EDGE('',*,*,#1647,.F.);
#1647 = EDGE_CURVE('',#1609,#1640,#1648,.T.);
#1648 = LINE('',#1649,#1650);
#1649 = CARTESIAN_POINT('',(-0.3,2.84,-3.));
#1650 = VECTOR('',#1651,1.);
#1651 = DIRECTION('',(1.,0.,0.));
#1652 = PLANE('',#1653);
#1653 = AXIS2_PLACEMENT_3D('',#1654,#1655,#1656);
#1654 = CARTESIAN_POINT('',(-0.3,2.84,-3.));
#1655 = DIRECTION('',(0.,-2.22044604925E-16,1.));
#1656 = DIRECTION('',(1.,0.,0.));
#1657 = ADVANCED_FACE('',(#1658),#1683,.F.);
#1658 = FACE_BOUND('',#1659,.F.);
#1659 = EDGE_LOOP('',(#1660,#1661,#1669,#1677));
#1660 = ORIENTED_EDGE('',*,*,#1639,.T.);
#1661 = ORIENTED_EDGE('',*,*,#1662,.T.);
#1662 = EDGE_CURVE('',#1632,#1663,#1665,.T.);
#1663 = VERTEX_POINT('',#1664);
#1664 = CARTESIAN_POINT('',(0.3,2.24,3.372034189034));
#1665 = LINE('',#1666,#1667);
#1666 = CARTESIAN_POINT('',(0.3,2.24,-3.));
#1667 = VECTOR('',#1668,1.);
#1668 = DIRECTION('',(0.,-2.22044604925E-16,1.));
#1669 = ORIENTED_EDGE('',*,*,#1670,.F.);
#1670 = EDGE_CURVE('',#1671,#1663,#1673,.T.);
#1671 = VERTEX_POINT('',#1672);
#1672 = CARTESIAN_POINT('',(0.3,2.84,3.372034189034));
#1673 = LINE('',#1674,#1675);
#1674 = CARTESIAN_POINT('',(0.3,2.84,3.372034189034));
#1675 = VECTOR('',#1676,1.);
#1676 = DIRECTION('',(0.,-1.,-2.22044604925E-16));
#1677 = ORIENTED_EDGE('',*,*,#1678,.F.);
#1678 = EDGE_CURVE('',#1640,#1671,#1679,.T.);
#1679 = LINE('',#1680,#1681);
#1680 = CARTESIAN_POINT('',(0.3,2.84,-3.));
#1681 = VECTOR('',#1682,1.);
#1682 = DIRECTION('',(0.,-2.22044604925E-16,1.));
#1683 = PLANE('',#1684);
#1684 = AXIS2_PLACEMENT_3D('',#1685,#1686,#1687);
#1685 = CARTESIAN_POINT('',(0.3,2.84,-3.));
#1686 = DIRECTION('',(-1.,0.,0.));
#1687 = DIRECTION('',(0.,-2.22044604925E-16,1.));
#1688 = ADVANCED_FACE('',(#1689),#1716,.F.);
#1689 = FACE_BOUND('',#1690,.F.);
#1690 = EDGE_LOOP('',(#1691,#1700,#1701,#1710));
#1691 = ORIENTED_EDGE('',*,*,#1692,.T.);
#1692 = EDGE_CURVE('',#1693,#1671,#1695,.T.);
#1693 = VERTEX_POINT('',#1694);
#1694 = CARTESIAN_POINT('',(0.927965810966,2.84,4.));
#1695 = CIRCLE('',#1696,0.627965810966);
#1696 = AXIS2_PLACEMENT_3D('',#1697,#1698,#1699);
#1697 = CARTESIAN_POINT('',(0.927965810966,2.84,3.372034189034));
#1698 = DIRECTION('',(0.,-1.,-2.22044604925E-16));
#1699 = DIRECTION('',(1.,0.,0.));
#1700 = ORIENTED_EDGE('',*,*,#1670,.T.);
#1701 = ORIENTED_EDGE('',*,*,#1702,.F.);
#1702 = EDGE_CURVE('',#1703,#1663,#1705,.T.);
#1703 = VERTEX_POINT('',#1704);
#1704 = CARTESIAN_POINT('',(0.927965810966,2.24,4.));
#1705 = CIRCLE('',#1706,0.627965810966);
#1706 = AXIS2_PLACEMENT_3D('',#1707,#1708,#1709);
#1707 = CARTESIAN_POINT('',(0.927965810966,2.24,3.372034189034));
#1708 = DIRECTION('',(0.,-1.,-2.22044604925E-16));
#1709 = DIRECTION('',(1.,0.,0.));
#1710 = ORIENTED_EDGE('',*,*,#1711,.F.);
#1711 = EDGE_CURVE('',#1693,#1703,#1712,.T.);
#1712 = LINE('',#1713,#1714);
#1713 = CARTESIAN_POINT('',(0.927965810966,2.84,4.));
#1714 = VECTOR('',#1715,1.);
#1715 = DIRECTION('',(0.,-1.,-2.22044604925E-16));
#1716 = CYLINDRICAL_SURFACE('',#1717,0.627965810966);
#1717 = AXIS2_PLACEMENT_3D('',#1718,#1719,#1720);
#1718 = CARTESIAN_POINT('',(0.927965810966,2.84,3.372034189034));
#1719 = DIRECTION('',(0.,1.,2.22044604925E-16));
#1720 = DIRECTION('',(1.,0.,0.));
#1721 = ADVANCED_FACE('',(#1722),#1747,.F.);
#1722 = FACE_BOUND('',#1723,.F.);
#1723 = EDGE_LOOP('',(#1724,#1725,#1733,#1741));
#1724 = ORIENTED_EDGE('',*,*,#1711,.T.);
#1725 = ORIENTED_EDGE('',*,*,#1726,.T.);
#1726 = EDGE_CURVE('',#1703,#1727,#1729,.T.);
#1727 = VERTEX_POINT('',#1728);
#1728 = CARTESIAN_POINT('',(7.5,2.24,4.));
#1729 = LINE('',#1730,#1731);
#1730 = CARTESIAN_POINT('',(0.927965810966,2.24,4.));
#1731 = VECTOR('',#1732,1.);
#1732 = DIRECTION('',(1.,0.,0.));
#1733 = ORIENTED_EDGE('',*,*,#1734,.F.);
#1734 = EDGE_CURVE('',#1735,#1727,#1737,.T.);
#1735 = VERTEX_POINT('',#1736);
#1736 = CARTESIAN_POINT('',(7.5,2.84,4.));
#1737 = LINE('',#1738,#1739);
#1738 = CARTESIAN_POINT('',(7.5,2.84,4.));
#1739 = VECTOR('',#1740,1.);
#1740 = DIRECTION('',(0.,-1.,-2.22044604925E-16));
#1741 = ORIENTED_EDGE('',*,*,#1742,.F.);
#1742 = EDGE_CURVE('',#1693,#1735,#1743,.T.);
#1743 = LINE('',#1744,#1745);
#1744 = CARTESIAN_POINT('',(0.927965810966,2.84,4.));
#1745 = VECTOR('',#1746,1.);
#1746 = DIRECTION('',(1.,0.,0.));
#1747 = PLANE('',#1748);
#1748 = AXIS2_PLACEMENT_3D('',#1749,#1750,#1751);
#1749 = CARTESIAN_POINT('',(0.927965810966,2.84,4.));
#1750 = DIRECTION('',(0.,-2.22044604925E-16,1.));
#1751 = DIRECTION('',(1.,0.,0.));
#1752 = ADVANCED_FACE('',(#1753),#1778,.F.);
#1753 = FACE_BOUND('',#1754,.F.);
#1754 = EDGE_LOOP('',(#1755,#1756,#1764,#1772));
#1755 = ORIENTED_EDGE('',*,*,#1734,.T.);
#1756 = ORIENTED_EDGE('',*,*,#1757,.T.);
#1757 = EDGE_CURVE('',#1727,#1758,#1760,.T.);
#1758 = VERTEX_POINT('',#1759);
#1759 = CARTESIAN_POINT('',(7.5,2.24,4.598485352799));
#1760 = LINE('',#1761,#1762);
#1761 = CARTESIAN_POINT('',(7.5,2.24,4.));
#1762 = VECTOR('',#1763,1.);
#1763 = DIRECTION('',(0.,-2.22044604925E-16,1.));
#1764 = ORIENTED_EDGE('',*,*,#1765,.F.);
#1765 = EDGE_CURVE('',#1766,#1758,#1768,.T.);
#1766 = VERTEX_POINT('',#1767);
#1767 = CARTESIAN_POINT('',(7.5,2.84,4.598485352799));
#1768 = LINE('',#1769,#1770);
#1769 = CARTESIAN_POINT('',(7.5,2.84,4.598485352799));
#1770 = VECTOR('',#1771,1.);
#1771 = DIRECTION('',(0.,-1.,-2.22044604925E-16));
#1772 = ORIENTED_EDGE('',*,*,#1773,.F.);
#1773 = EDGE_CURVE('',#1735,#1766,#1774,.T.);
#1774 = LINE('',#1775,#1776);
#1775 = CARTESIAN_POINT('',(7.5,2.84,4.));
#1776 = VECTOR('',#1777,1.);
#1777 = DIRECTION('',(0.,-2.22044604925E-16,1.));
#1778 = PLANE('',#1779);
#1779 = AXIS2_PLACEMENT_3D('',#1780,#1781,#1782);
#1780 = CARTESIAN_POINT('',(7.5,2.84,4.));
#1781 = DIRECTION('',(-1.,0.,0.));
#1782 = DIRECTION('',(0.,-2.22044604925E-16,1.));
#1783 = ADVANCED_FACE('',(#1784),#1809,.F.);
#1784 = FACE_BOUND('',#1785,.F.);
#1785 = EDGE_LOOP('',(#1786,#1787,#1795,#1803));
#1786 = ORIENTED_EDGE('',*,*,#1765,.T.);
#1787 = ORIENTED_EDGE('',*,*,#1788,.T.);
#1788 = EDGE_CURVE('',#1758,#1789,#1791,.T.);
#1789 = VERTEX_POINT('',#1790);
#1790 = CARTESIAN_POINT('',(0.988937737301,2.24,4.598485352799));
#1791 = LINE('',#1792,#1793);
#1792 = CARTESIAN_POINT('',(7.5,2.24,4.598485352799));
#1793 = VECTOR('',#1794,1.);
#1794 = DIRECTION('',(-1.,0.,0.));
#1795 = ORIENTED_EDGE('',*,*,#1796,.F.);
#1796 = EDGE_CURVE('',#1797,#1789,#1799,.T.);
#1797 = VERTEX_POINT('',#1798);
#1798 = CARTESIAN_POINT('',(0.988937737301,2.84,4.598485352799));
#1799 = LINE('',#1800,#1801);
#1800 = CARTESIAN_POINT('',(0.988937737301,2.84,4.598485352799));
#1801 = VECTOR('',#1802,1.);
#1802 = DIRECTION('',(0.,-1.,-2.22044604925E-16));
#1803 = ORIENTED_EDGE('',*,*,#1804,.F.);
#1804 = EDGE_CURVE('',#1766,#1797,#1805,.T.);
#1805 = LINE('',#1806,#1807);
#1806 = CARTESIAN_POINT('',(7.5,2.84,4.598485352799));
#1807 = VECTOR('',#1808,1.);
#1808 = DIRECTION('',(-1.,0.,0.));
#1809 = PLANE('',#1810);
#1810 = AXIS2_PLACEMENT_3D('',#1811,#1812,#1813);
#1811 = CARTESIAN_POINT('',(7.5,2.84,4.598485352799));
#1812 = DIRECTION('',(0.,2.22044604925E-16,-1.));
#1813 = DIRECTION('',(-1.,0.,0.));
#1814 = ADVANCED_FACE('',(#1815),#1833,.T.);
#1815 = FACE_BOUND('',#1816,.T.);
#1816 = EDGE_LOOP('',(#1817,#1824,#1825,#1832));
#1817 = ORIENTED_EDGE('',*,*,#1818,.T.);
#1818 = EDGE_CURVE('',#1797,#1591,#1819,.T.);
#1819 = CIRCLE('',#1820,1.227965810966);
#1820 = AXIS2_PLACEMENT_3D('',#1821,#1822,#1823);
#1821 = CARTESIAN_POINT('',(0.927965810966,2.84,3.372034189034));
#1822 = DIRECTION('',(0.,-1.,-2.22044604925E-16));
#1823 = DIRECTION('',(1.,0.,0.));
#1824 = ORIENTED_EDGE('',*,*,#1590,.T.);
#1825 = ORIENTED_EDGE('',*,*,#1826,.F.);
#1826 = EDGE_CURVE('',#1789,#1593,#1827,.T.);
#1827 = CIRCLE('',#1828,1.227965810966);
#1828 = AXIS2_PLACEMENT_3D('',#1829,#1830,#1831);
#1829 = CARTESIAN_POINT('',(0.927965810966,2.24,3.372034189034));
#1830 = DIRECTION('',(0.,-1.,-2.22044604925E-16));
#1831 = DIRECTION('',(1.,0.,0.));
#1832 = ORIENTED_EDGE('',*,*,#1796,.F.);
#1833 = CYLINDRICAL_SURFACE('',#1834,1.227965810966);
#1834 = AXIS2_PLACEMENT_3D('',#1835,#1836,#1837);
#1835 = CARTESIAN_POINT('',(0.927965810966,2.84,3.372034189034));
#1836 = DIRECTION('',(0.,1.,2.22044604925E-16));
#1837 = DIRECTION('',(1.,0.,0.));
#1838 = ADVANCED_FACE('',(#1839),#1849,.T.);
#1839 = FACE_BOUND('',#1840,.F.);
#1840 = EDGE_LOOP('',(#1841,#1842,#1843,#1844,#1845,#1846,#1847,#1848));
#1841 = ORIENTED_EDGE('',*,*,#1616,.T.);
#1842 = ORIENTED_EDGE('',*,*,#1647,.T.);
#1843 = ORIENTED_EDGE('',*,*,#1678,.T.);
#1844 = ORIENTED_EDGE('',*,*,#1692,.F.);
#1845 = ORIENTED_EDGE('',*,*,#1742,.T.);
#1846 = ORIENTED_EDGE('',*,*,#1773,.T.);
#1847 = ORIENTED_EDGE('',*,*,#1804,.T.);
#1848 = ORIENTED_EDGE('',*,*,#1818,.T.);
#1849 = PLANE('',#1850);
#1850 = AXIS2_PLACEMENT_3D('',#1851,#1852,#1853);
#1851 = CARTESIAN_POINT('',(2.026116591886,2.84,2.375848396389));
#1852 = DIRECTION('',(-3.697785493223E-32,1.,2.22044604925E-16));
#1853 = DIRECTION('',(0.,-2.22044604925E-16,1.));
#1854 = ADVANCED_FACE('',(#1855),#1865,.F.);
#1855 = FACE_BOUND('',#1856,.T.);
#1856 = EDGE_LOOP('',(#1857,#1858,#1859,#1860,#1861,#1862,#1863,#1864));
#1857 = ORIENTED_EDGE('',*,*,#1600,.T.);
#1858 = ORIENTED_EDGE('',*,*,#1631,.T.);
#1859 = ORIENTED_EDGE('',*,*,#1662,.T.);
#1860 = ORIENTED_EDGE('',*,*,#1702,.F.);
#1861 = ORIENTED_EDGE('',*,*,#1726,.T.);
#1862 = ORIENTED_EDGE('',*,*,#1757,.T.);
#1863 = ORIENTED_EDGE('',*,*,#1788,.T.);
#1864 = ORIENTED_EDGE('',*,*,#1826,.T.);
#1865 = PLANE('',#1866);
#1866 = AXIS2_PLACEMENT_3D('',#1867,#1868,#1869);
#1867 = CARTESIAN_POINT('',(2.026116591886,2.24,2.375848396389));
#1868 = DIRECTION('',(-3.697785493223E-32,1.,2.22044604925E-16));
#1869 = DIRECTION('',(0.,-2.22044604925E-16,1.));
#1870 = MANIFOLD_SOLID_BREP('',#1871);
#1871 = CLOSED_SHELL('',(#1872,#1912,#1943,#1974,#2007,#2038,#2069,#2100
    ,#2124,#2140));
#1872 = ADVANCED_FACE('',(#1873),#1907,.F.);
#1873 = FACE_BOUND('',#1874,.F.);
#1874 = EDGE_LOOP('',(#1875,#1885,#1893,#1901));
#1875 = ORIENTED_EDGE('',*,*,#1876,.T.);
#1876 = EDGE_CURVE('',#1877,#1879,#1881,.T.);
#1877 = VERTEX_POINT('',#1878);
#1878 = CARTESIAN_POINT('',(-0.3,5.38,3.372034198616));
#1879 = VERTEX_POINT('',#1880);
#1880 = CARTESIAN_POINT('',(-0.3,4.78,3.372034198616));
#1881 = LINE('',#1882,#1883);
#1882 = CARTESIAN_POINT('',(-0.3,5.38,3.372034198616));
#1883 = VECTOR('',#1884,1.);
#1884 = DIRECTION('',(0.,-1.,-2.22044604925E-16));
#1885 = ORIENTED_EDGE('',*,*,#1886,.T.);
#1886 = EDGE_CURVE('',#1879,#1887,#1889,.T.);
#1887 = VERTEX_POINT('',#1888);
#1888 = CARTESIAN_POINT('',(-0.3,4.78,-3.));
#1889 = LINE('',#1890,#1891);
#1890 = CARTESIAN_POINT('',(-0.3,4.78,3.372034198616));
#1891 = VECTOR('',#1892,1.);
#1892 = DIRECTION('',(0.,2.22044604925E-16,-1.));
#1893 = ORIENTED_EDGE('',*,*,#1894,.F.);
#1894 = EDGE_CURVE('',#1895,#1887,#1897,.T.);
#1895 = VERTEX_POINT('',#1896);
#1896 = CARTESIAN_POINT('',(-0.3,5.38,-3.));
#1897 = LINE('',#1898,#1899);
#1898 = CARTESIAN_POINT('',(-0.3,5.38,-3.));
#1899 = VECTOR('',#1900,1.);
#1900 = DIRECTION('',(0.,-1.,-2.22044604925E-16));
#1901 = ORIENTED_EDGE('',*,*,#1902,.F.);
#1902 = EDGE_CURVE('',#1877,#1895,#1903,.T.);
#1903 = LINE('',#1904,#1905);
#1904 = CARTESIAN_POINT('',(-0.3,5.38,3.372034198616));
#1905 = VECTOR('',#1906,1.);
#1906 = DIRECTION('',(0.,2.22044604925E-16,-1.));
#1907 = PLANE('',#1908);
#1908 = AXIS2_PLACEMENT_3D('',#1909,#1910,#1911);
#1909 = CARTESIAN_POINT('',(-0.3,5.38,3.372034198616));
#1910 = DIRECTION('',(1.,0.,0.));
#1911 = DIRECTION('',(0.,2.22044604925E-16,-1.));
#1912 = ADVANCED_FACE('',(#1913),#1938,.F.);
#1913 = FACE_BOUND('',#1914,.F.);
#1914 = EDGE_LOOP('',(#1915,#1916,#1924,#1932));
#1915 = ORIENTED_EDGE('',*,*,#1894,.T.);
#1916 = ORIENTED_EDGE('',*,*,#1917,.T.);
#1917 = EDGE_CURVE('',#1887,#1918,#1920,.T.);
#1918 = VERTEX_POINT('',#1919);
#1919 = CARTESIAN_POINT('',(0.3,4.78,-3.));
#1920 = LINE('',#1921,#1922);
#1921 = CARTESIAN_POINT('',(-0.3,4.78,-3.));
#1922 = VECTOR('',#1923,1.);
#1923 = DIRECTION('',(1.,-1.64346021921E-31,7.401486830834E-16));
#1924 = ORIENTED_EDGE('',*,*,#1925,.F.);
#1925 = EDGE_CURVE('',#1926,#1918,#1928,.T.);
#1926 = VERTEX_POINT('',#1927);
#1927 = CARTESIAN_POINT('',(0.3,5.38,-3.));
#1928 = LINE('',#1929,#1930);
#1929 = CARTESIAN_POINT('',(0.3,5.38,-3.));
#1930 = VECTOR('',#1931,1.);
#1931 = DIRECTION('',(0.,-1.,-2.22044604925E-16));
#1932 = ORIENTED_EDGE('',*,*,#1933,.F.);
#1933 = EDGE_CURVE('',#1895,#1926,#1934,.T.);
#1934 = LINE('',#1935,#1936);
#1935 = CARTESIAN_POINT('',(-0.3,5.38,-3.));
#1936 = VECTOR('',#1937,1.);
#1937 = DIRECTION('',(1.,-1.64346021921E-31,7.401486830834E-16));
#1938 = PLANE('',#1939);
#1939 = AXIS2_PLACEMENT_3D('',#1940,#1941,#1942);
#1940 = CARTESIAN_POINT('',(-0.3,5.38,-3.));
#1941 = DIRECTION('',(-7.401486830834E-16,-2.22044604925E-16,1.));
#1942 = DIRECTION('',(1.,-1.64346021921E-31,7.401486830834E-16));
#1943 = ADVANCED_FACE('',(#1944),#1969,.F.);
#1944 = FACE_BOUND('',#1945,.F.);
#1945 = EDGE_LOOP('',(#1946,#1947,#1955,#1963));
#1946 = ORIENTED_EDGE('',*,*,#1925,.T.);
#1947 = ORIENTED_EDGE('',*,*,#1948,.T.);
#1948 = EDGE_CURVE('',#1918,#1949,#1951,.T.);
#1949 = VERTEX_POINT('',#1950);
#1950 = CARTESIAN_POINT('',(0.3,4.78,3.372034198616));
#1951 = LINE('',#1952,#1953);
#1952 = CARTESIAN_POINT('',(0.3,4.78,-3.));
#1953 = VECTOR('',#1954,1.);
#1954 = DIRECTION('',(0.,-2.22044604925E-16,1.));
#1955 = ORIENTED_EDGE('',*,*,#1956,.F.);
#1956 = EDGE_CURVE('',#1957,#1949,#1959,.T.);
#1957 = VERTEX_POINT('',#1958);
#1958 = CARTESIAN_POINT('',(0.3,5.38,3.372034198616));
#1959 = LINE('',#1960,#1961);
#1960 = CARTESIAN_POINT('',(0.3,5.38,3.372034198616));
#1961 = VECTOR('',#1962,1.);
#1962 = DIRECTION('',(0.,-1.,-2.22044604925E-16));
#1963 = ORIENTED_EDGE('',*,*,#1964,.F.);
#1964 = EDGE_CURVE('',#1926,#1957,#1965,.T.);
#1965 = LINE('',#1966,#1967);
#1966 = CARTESIAN_POINT('',(0.3,5.38,-3.));
#1967 = VECTOR('',#1968,1.);
#1968 = DIRECTION('',(0.,-2.22044604925E-16,1.));
#1969 = PLANE('',#1970);
#1970 = AXIS2_PLACEMENT_3D('',#1971,#1972,#1973);
#1971 = CARTESIAN_POINT('',(0.3,5.38,-3.));
#1972 = DIRECTION('',(-1.,0.,0.));
#1973 = DIRECTION('',(0.,-2.22044604925E-16,1.));
#1974 = ADVANCED_FACE('',(#1975),#2002,.F.);
#1975 = FACE_BOUND('',#1976,.F.);
#1976 = EDGE_LOOP('',(#1977,#1986,#1987,#1996));
#1977 = ORIENTED_EDGE('',*,*,#1978,.T.);
#1978 = EDGE_CURVE('',#1979,#1957,#1981,.T.);
#1979 = VERTEX_POINT('',#1980);
#1980 = CARTESIAN_POINT('',(0.927965801384,5.38,4.));
#1981 = CIRCLE('',#1982,0.627965801384);
#1982 = AXIS2_PLACEMENT_3D('',#1983,#1984,#1985);
#1983 = CARTESIAN_POINT('',(0.927965801384,5.38,3.372034198616));
#1984 = DIRECTION('',(0.,-1.,-2.22044604925E-16));
#1985 = DIRECTION('',(1.,0.,0.));
#1986 = ORIENTED_EDGE('',*,*,#1956,.T.);
#1987 = ORIENTED_EDGE('',*,*,#1988,.F.);
#1988 = EDGE_CURVE('',#1989,#1949,#1991,.T.);
#1989 = VERTEX_POINT('',#1990);
#1990 = CARTESIAN_POINT('',(0.927965801384,4.78,4.));
#1991 = CIRCLE('',#1992,0.627965801384);
#1992 = AXIS2_PLACEMENT_3D('',#1993,#1994,#1995);
#1993 = CARTESIAN_POINT('',(0.927965801384,4.78,3.372034198616));
#1994 = DIRECTION('',(0.,-1.,-2.22044604925E-16));
#1995 = DIRECTION('',(1.,0.,0.));
#1996 = ORIENTED_EDGE('',*,*,#1997,.F.);
#1997 = EDGE_CURVE('',#1979,#1989,#1998,.T.);
#1998 = LINE('',#1999,#2000);
#1999 = CARTESIAN_POINT('',(0.927965801384,5.38,4.));
#2000 = VECTOR('',#2001,1.);
#2001 = DIRECTION('',(0.,-1.,-2.22044604925E-16));
#2002 = CYLINDRICAL_SURFACE('',#2003,0.627965801384);
#2003 = AXIS2_PLACEMENT_3D('',#2004,#2005,#2006);
#2004 = CARTESIAN_POINT('',(0.927965801384,5.38,3.372034198616));
#2005 = DIRECTION('',(0.,1.,2.22044604925E-16));
#2006 = DIRECTION('',(1.,0.,0.));
#2007 = ADVANCED_FACE('',(#2008),#2033,.F.);
#2008 = FACE_BOUND('',#2009,.F.);
#2009 = EDGE_LOOP('',(#2010,#2011,#2019,#2027));
#2010 = ORIENTED_EDGE('',*,*,#1997,.T.);
#2011 = ORIENTED_EDGE('',*,*,#2012,.T.);
#2012 = EDGE_CURVE('',#1989,#2013,#2015,.T.);
#2013 = VERTEX_POINT('',#2014);
#2014 = CARTESIAN_POINT('',(7.5,4.78,4.));
#2015 = LINE('',#2016,#2017);
#2016 = CARTESIAN_POINT('',(0.927965801384,4.78,4.));
#2017 = VECTOR('',#2018,1.);
#2018 = DIRECTION('',(1.,0.,0.));
#2019 = ORIENTED_EDGE('',*,*,#2020,.F.);
#2020 = EDGE_CURVE('',#2021,#2013,#2023,.T.);
#2021 = VERTEX_POINT('',#2022);
#2022 = CARTESIAN_POINT('',(7.5,5.38,4.));
#2023 = LINE('',#2024,#2025);
#2024 = CARTESIAN_POINT('',(7.5,5.38,4.));
#2025 = VECTOR('',#2026,1.);
#2026 = DIRECTION('',(0.,-1.,-2.22044604925E-16));
#2027 = ORIENTED_EDGE('',*,*,#2028,.F.);
#2028 = EDGE_CURVE('',#1979,#2021,#2029,.T.);
#2029 = LINE('',#2030,#2031);
#2030 = CARTESIAN_POINT('',(0.927965801384,5.38,4.));
#2031 = VECTOR('',#2032,1.);
#2032 = DIRECTION('',(1.,0.,0.));
#2033 = PLANE('',#2034);
#2034 = AXIS2_PLACEMENT_3D('',#2035,#2036,#2037);
#2035 = CARTESIAN_POINT('',(0.927965801384,5.38,4.));
#2036 = DIRECTION('',(0.,-2.22044604925E-16,1.));
#2037 = DIRECTION('',(1.,0.,0.));
#2038 = ADVANCED_FACE('',(#2039),#2064,.F.);
#2039 = FACE_BOUND('',#2040,.F.);
#2040 = EDGE_LOOP('',(#2041,#2042,#2050,#2058));
#2041 = ORIENTED_EDGE('',*,*,#2020,.T.);
#2042 = ORIENTED_EDGE('',*,*,#2043,.T.);
#2043 = EDGE_CURVE('',#2013,#2044,#2046,.T.);
#2044 = VERTEX_POINT('',#2045);
#2045 = CARTESIAN_POINT('',(7.5,4.78,4.598485352311));
#2046 = LINE('',#2047,#2048);
#2047 = CARTESIAN_POINT('',(7.5,4.78,4.));
#2048 = VECTOR('',#2049,1.);
#2049 = DIRECTION('',(0.,-2.22044604925E-16,1.));
#2050 = ORIENTED_EDGE('',*,*,#2051,.F.);
#2051 = EDGE_CURVE('',#2052,#2044,#2054,.T.);
#2052 = VERTEX_POINT('',#2053);
#2053 = CARTESIAN_POINT('',(7.5,5.38,4.598485352311));
#2054 = LINE('',#2055,#2056);
#2055 = CARTESIAN_POINT('',(7.5,5.38,4.598485352311));
#2056 = VECTOR('',#2057,1.);
#2057 = DIRECTION('',(0.,-1.,-2.22044604925E-16));
#2058 = ORIENTED_EDGE('',*,*,#2059,.F.);
#2059 = EDGE_CURVE('',#2021,#2052,#2060,.T.);
#2060 = LINE('',#2061,#2062);
#2061 = CARTESIAN_POINT('',(7.5,5.38,4.));
#2062 = VECTOR('',#2063,1.);
#2063 = DIRECTION('',(0.,-2.22044604925E-16,1.));
#2064 = PLANE('',#2065);
#2065 = AXIS2_PLACEMENT_3D('',#2066,#2067,#2068);
#2066 = CARTESIAN_POINT('',(7.5,5.38,4.));
#2067 = DIRECTION('',(-1.,0.,0.));
#2068 = DIRECTION('',(0.,-2.22044604925E-16,1.));
#2069 = ADVANCED_FACE('',(#2070),#2095,.F.);
#2070 = FACE_BOUND('',#2071,.F.);
#2071 = EDGE_LOOP('',(#2072,#2073,#2081,#2089));
#2072 = ORIENTED_EDGE('',*,*,#2051,.T.);
#2073 = ORIENTED_EDGE('',*,*,#2074,.T.);
#2074 = EDGE_CURVE('',#2044,#2075,#2077,.T.);
#2075 = VERTEX_POINT('',#2076);
#2076 = CARTESIAN_POINT('',(0.988937737301,4.78,4.598485352311));
#2077 = LINE('',#2078,#2079);
#2078 = CARTESIAN_POINT('',(7.5,4.78,4.598485352311));
#2079 = VECTOR('',#2080,1.);
#2080 = DIRECTION('',(-1.,0.,0.));
#2081 = ORIENTED_EDGE('',*,*,#2082,.F.);
#2082 = EDGE_CURVE('',#2083,#2075,#2085,.T.);
#2083 = VERTEX_POINT('',#2084);
#2084 = CARTESIAN_POINT('',(0.988937737301,5.38,4.598485352311));
#2085 = LINE('',#2086,#2087);
#2086 = CARTESIAN_POINT('',(0.988937737301,5.38,4.598485352311));
#2087 = VECTOR('',#2088,1.);
#2088 = DIRECTION('',(0.,-1.,-2.22044604925E-16));
#2089 = ORIENTED_EDGE('',*,*,#2090,.F.);
#2090 = EDGE_CURVE('',#2052,#2083,#2091,.T.);
#2091 = LINE('',#2092,#2093);
#2092 = CARTESIAN_POINT('',(7.5,5.38,4.598485352311));
#2093 = VECTOR('',#2094,1.);
#2094 = DIRECTION('',(-1.,0.,0.));
#2095 = PLANE('',#2096);
#2096 = AXIS2_PLACEMENT_3D('',#2097,#2098,#2099);
#2097 = CARTESIAN_POINT('',(7.5,5.38,4.598485352311));
#2098 = DIRECTION('',(0.,2.22044604925E-16,-1.));
#2099 = DIRECTION('',(-1.,0.,0.));
#2100 = ADVANCED_FACE('',(#2101),#2119,.T.);
#2101 = FACE_BOUND('',#2102,.T.);
#2102 = EDGE_LOOP('',(#2103,#2110,#2111,#2118));
#2103 = ORIENTED_EDGE('',*,*,#2104,.T.);
#2104 = EDGE_CURVE('',#2083,#1877,#2105,.T.);
#2105 = CIRCLE('',#2106,1.227965801384);
#2106 = AXIS2_PLACEMENT_3D('',#2107,#2108,#2109);
#2107 = CARTESIAN_POINT('',(0.927965801384,5.38,3.372034198616));
#2108 = DIRECTION('',(0.,-1.,-2.22044604925E-16));
#2109 = DIRECTION('',(1.,0.,0.));
#2110 = ORIENTED_EDGE('',*,*,#1876,.T.);
#2111 = ORIENTED_EDGE('',*,*,#2112,.F.);
#2112 = EDGE_CURVE('',#2075,#1879,#2113,.T.);
#2113 = CIRCLE('',#2114,1.227965801384);
#2114 = AXIS2_PLACEMENT_3D('',#2115,#2116,#2117);
#2115 = CARTESIAN_POINT('',(0.927965801384,4.78,3.372034198616));
#2116 = DIRECTION('',(0.,-1.,-2.22044604925E-16));
#2117 = DIRECTION('',(1.,0.,0.));
#2118 = ORIENTED_EDGE('',*,*,#2082,.F.);
#2119 = CYLINDRICAL_SURFACE('',#2120,1.227965801384);
#2120 = AXIS2_PLACEMENT_3D('',#2121,#2122,#2123);
#2121 = CARTESIAN_POINT('',(0.927965801384,5.38,3.372034198616));
#2122 = DIRECTION('',(0.,1.,2.22044604925E-16));
#2123 = DIRECTION('',(1.,0.,0.));
#2124 = ADVANCED_FACE('',(#2125),#2135,.T.);
#2125 = FACE_BOUND('',#2126,.F.);
#2126 = EDGE_LOOP('',(#2127,#2128,#2129,#2130,#2131,#2132,#2133,#2134));
#2127 = ORIENTED_EDGE('',*,*,#1902,.T.);
#2128 = ORIENTED_EDGE('',*,*,#1933,.T.);
#2129 = ORIENTED_EDGE('',*,*,#1964,.T.);
#2130 = ORIENTED_EDGE('',*,*,#1978,.F.);
#2131 = ORIENTED_EDGE('',*,*,#2028,.T.);
#2132 = ORIENTED_EDGE('',*,*,#2059,.T.);
#2133 = ORIENTED_EDGE('',*,*,#2090,.T.);
#2134 = ORIENTED_EDGE('',*,*,#2104,.T.);
#2135 = PLANE('',#2136);
#2136 = AXIS2_PLACEMENT_3D('',#2137,#2138,#2139);
#2137 = CARTESIAN_POINT('',(2.026116591143,5.38,2.375848396857));
#2138 = DIRECTION('',(-1.195688868292E-48,1.,2.22044604925E-16));
#2139 = DIRECTION('',(0.,-2.22044604925E-16,1.));
#2140 = ADVANCED_FACE('',(#2141),#2151,.F.);
#2141 = FACE_BOUND('',#2142,.T.);
#2142 = EDGE_LOOP('',(#2143,#2144,#2145,#2146,#2147,#2148,#2149,#2150));
#2143 = ORIENTED_EDGE('',*,*,#1886,.T.);
#2144 = ORIENTED_EDGE('',*,*,#1917,.T.);
#2145 = ORIENTED_EDGE('',*,*,#1948,.T.);
#2146 = ORIENTED_EDGE('',*,*,#1988,.F.);
#2147 = ORIENTED_EDGE('',*,*,#2012,.T.);
#2148 = ORIENTED_EDGE('',*,*,#2043,.T.);
#2149 = ORIENTED_EDGE('',*,*,#2074,.T.);
#2150 = ORIENTED_EDGE('',*,*,#2112,.T.);
#2151 = PLANE('',#2152);
#2152 = AXIS2_PLACEMENT_3D('',#2153,#2154,#2155);
#2153 = CARTESIAN_POINT('',(2.026116591143,4.78,2.375848396857));
#2154 = DIRECTION('',(-1.195688868292E-48,1.,2.22044604925E-16));
#2155 = DIRECTION('',(0.,-2.22044604925E-16,1.));
#2156 = MANIFOLD_SOLID_BREP('',#2157);
#2157 = CLOSED_SHELL('',(#2158,#2198,#2229,#2260,#2293,#2324,#2355,#2386
    ,#2410,#2426));
#2158 = ADVANCED_FACE('',(#2159),#2193,.F.);
#2159 = FACE_BOUND('',#2160,.F.);
#2160 = EDGE_LOOP('',(#2161,#2171,#2179,#2187));
#2161 = ORIENTED_EDGE('',*,*,#2162,.T.);
#2162 = EDGE_CURVE('',#2163,#2165,#2167,.T.);
#2163 = VERTEX_POINT('',#2164);
#2164 = CARTESIAN_POINT('',(-0.3,7.92,3.375108624777));
#2165 = VERTEX_POINT('',#2166);
#2166 = CARTESIAN_POINT('',(-0.3,7.32,3.375108624777));
#2167 = LINE('',#2168,#2169);
#2168 = CARTESIAN_POINT('',(-0.3,7.92,3.375108624777));
#2169 = VECTOR('',#2170,1.);
#2170 = DIRECTION('',(0.,-1.,-2.22044604925E-16));
#2171 = ORIENTED_EDGE('',*,*,#2172,.T.);
#2172 = EDGE_CURVE('',#2165,#2173,#2175,.T.);
#2173 = VERTEX_POINT('',#2174);
#2174 = CARTESIAN_POINT('',(-0.3,7.32,-3.));
#2175 = LINE('',#2176,#2177);
#2176 = CARTESIAN_POINT('',(-0.3,7.32,3.375108624777));
#2177 = VECTOR('',#2178,1.);
#2178 = DIRECTION('',(0.,2.22044604925E-16,-1.));
#2179 = ORIENTED_EDGE('',*,*,#2180,.F.);
#2180 = EDGE_CURVE('',#2181,#2173,#2183,.T.);
#2181 = VERTEX_POINT('',#2182);
#2182 = CARTESIAN_POINT('',(-0.3,7.92,-3.));
#2183 = LINE('',#2184,#2185);
#2184 = CARTESIAN_POINT('',(-0.3,7.92,-3.));
#2185 = VECTOR('',#2186,1.);
#2186 = DIRECTION('',(0.,-1.,-2.22044604925E-16));
#2187 = ORIENTED_EDGE('',*,*,#2188,.F.);
#2188 = EDGE_CURVE('',#2163,#2181,#2189,.T.);
#2189 = LINE('',#2190,#2191);
#2190 = CARTESIAN_POINT('',(-0.3,7.92,3.375108624777));
#2191 = VECTOR('',#2192,1.);
#2192 = DIRECTION('',(0.,2.22044604925E-16,-1.));
#2193 = PLANE('',#2194);
#2194 = AXIS2_PLACEMENT_3D('',#2195,#2196,#2197);
#2195 = CARTESIAN_POINT('',(-0.3,7.92,3.375108624777));
#2196 = DIRECTION('',(1.,0.,0.));
#2197 = DIRECTION('',(0.,2.22044604925E-16,-1.));
#2198 = ADVANCED_FACE('',(#2199),#2224,.F.);
#2199 = FACE_BOUND('',#2200,.F.);
#2200 = EDGE_LOOP('',(#2201,#2202,#2210,#2218));
#2201 = ORIENTED_EDGE('',*,*,#2180,.T.);
#2202 = ORIENTED_EDGE('',*,*,#2203,.T.);
#2203 = EDGE_CURVE('',#2173,#2204,#2206,.T.);
#2204 = VERTEX_POINT('',#2205);
#2205 = CARTESIAN_POINT('',(0.3,7.32,-3.));
#2206 = LINE('',#2207,#2208);
#2207 = CARTESIAN_POINT('',(-0.3,7.32,-3.));
#2208 = VECTOR('',#2209,1.);
#2209 = DIRECTION('',(1.,0.,0.));
#2210 = ORIENTED_EDGE('',*,*,#2211,.F.);
#2211 = EDGE_CURVE('',#2212,#2204,#2214,.T.);
#2212 = VERTEX_POINT('',#2213);
#2213 = CARTESIAN_POINT('',(0.3,7.92,-3.));
#2214 = LINE('',#2215,#2216);
#2215 = CARTESIAN_POINT('',(0.3,7.92,-3.));
#2216 = VECTOR('',#2217,1.);
#2217 = DIRECTION('',(0.,-1.,-2.22044604925E-16));
#2218 = ORIENTED_EDGE('',*,*,#2219,.F.);
#2219 = EDGE_CURVE('',#2181,#2212,#2220,.T.);
#2220 = LINE('',#2221,#2222);
#2221 = CARTESIAN_POINT('',(-0.3,7.92,-3.));
#2222 = VECTOR('',#2223,1.);
#2223 = DIRECTION('',(1.,0.,0.));
#2224 = PLANE('',#2225);
#2225 = AXIS2_PLACEMENT_3D('',#2226,#2227,#2228);
#2226 = CARTESIAN_POINT('',(-0.3,7.92,-3.));
#2227 = DIRECTION('',(0.,-2.22044604925E-16,1.));
#2228 = DIRECTION('',(1.,0.,0.));
#2229 = ADVANCED_FACE('',(#2230),#2255,.F.);
#2230 = FACE_BOUND('',#2231,.F.);
#2231 = EDGE_LOOP('',(#2232,#2233,#2241,#2249));
#2232 = ORIENTED_EDGE('',*,*,#2211,.T.);
#2233 = ORIENTED_EDGE('',*,*,#2234,.T.);
#2234 = EDGE_CURVE('',#2204,#2235,#2237,.T.);
#2235 = VERTEX_POINT('',#2236);
#2236 = CARTESIAN_POINT('',(0.3,7.32,3.375108624777));
#2237 = LINE('',#2238,#2239);
#2238 = CARTESIAN_POINT('',(0.3,7.32,-3.));
#2239 = VECTOR('',#2240,1.);
#2240 = DIRECTION('',(0.,-2.22044604925E-16,1.));
#2241 = ORIENTED_EDGE('',*,*,#2242,.F.);
#2242 = EDGE_CURVE('',#2243,#2235,#2245,.T.);
#2243 = VERTEX_POINT('',#2244);
#2244 = CARTESIAN_POINT('',(0.3,7.92,3.375108624777));
#2245 = LINE('',#2246,#2247);
#2246 = CARTESIAN_POINT('',(0.3,7.92,3.375108624777));
#2247 = VECTOR('',#2248,1.);
#2248 = DIRECTION('',(0.,-1.,-2.22044604925E-16));
#2249 = ORIENTED_EDGE('',*,*,#2250,.F.);
#2250 = EDGE_CURVE('',#2212,#2243,#2251,.T.);
#2251 = LINE('',#2252,#2253);
#2252 = CARTESIAN_POINT('',(0.3,7.92,-3.));
#2253 = VECTOR('',#2254,1.);
#2254 = DIRECTION('',(0.,-2.22044604925E-16,1.));
#2255 = PLANE('',#2256);
#2256 = AXIS2_PLACEMENT_3D('',#2257,#2258,#2259);
#2257 = CARTESIAN_POINT('',(0.3,7.92,-3.));
#2258 = DIRECTION('',(-1.,0.,0.));
#2259 = DIRECTION('',(0.,-2.22044604925E-16,1.));
#2260 = ADVANCED_FACE('',(#2261),#2288,.F.);
#2261 = FACE_BOUND('',#2262,.F.);
#2262 = EDGE_LOOP('',(#2263,#2272,#2273,#2282));
#2263 = ORIENTED_EDGE('',*,*,#2264,.T.);
#2264 = EDGE_CURVE('',#2265,#2243,#2267,.T.);
#2265 = VERTEX_POINT('',#2266);
#2266 = CARTESIAN_POINT('',(0.924891375223,7.92,4.));
#2267 = CIRCLE('',#2268,0.624891375223);
#2268 = AXIS2_PLACEMENT_3D('',#2269,#2270,#2271);
#2269 = CARTESIAN_POINT('',(0.924891375223,7.92,3.375108624777));
#2270 = DIRECTION('',(0.,-1.,-2.22044604925E-16));
#2271 = DIRECTION('',(1.,0.,0.));
#2272 = ORIENTED_EDGE('',*,*,#2242,.T.);
#2273 = ORIENTED_EDGE('',*,*,#2274,.F.);
#2274 = EDGE_CURVE('',#2275,#2235,#2277,.T.);
#2275 = VERTEX_POINT('',#2276);
#2276 = CARTESIAN_POINT('',(0.924891375223,7.32,4.));
#2277 = CIRCLE('',#2278,0.624891375223);
#2278 = AXIS2_PLACEMENT_3D('',#2279,#2280,#2281);
#2279 = CARTESIAN_POINT('',(0.924891375223,7.32,3.375108624777));
#2280 = DIRECTION('',(0.,-1.,-2.22044604925E-16));
#2281 = DIRECTION('',(1.,0.,0.));
#2282 = ORIENTED_EDGE('',*,*,#2283,.F.);
#2283 = EDGE_CURVE('',#2265,#2275,#2284,.T.);
#2284 = LINE('',#2285,#2286);
#2285 = CARTESIAN_POINT('',(0.924891375223,7.92,4.));
#2286 = VECTOR('',#2287,1.);
#2287 = DIRECTION('',(0.,-1.,-2.22044604925E-16));
#2288 = CYLINDRICAL_SURFACE('',#2289,0.624891375223);
#2289 = AXIS2_PLACEMENT_3D('',#2290,#2291,#2292);
#2290 = CARTESIAN_POINT('',(0.924891375223,7.92,3.375108624777));
#2291 = DIRECTION('',(0.,1.,2.22044604925E-16));
#2292 = DIRECTION('',(1.,0.,0.));
#2293 = ADVANCED_FACE('',(#2294),#2319,.F.);
#2294 = FACE_BOUND('',#2295,.F.);
#2295 = EDGE_LOOP('',(#2296,#2297,#2305,#2313));
#2296 = ORIENTED_EDGE('',*,*,#2283,.T.);
#2297 = ORIENTED_EDGE('',*,*,#2298,.T.);
#2298 = EDGE_CURVE('',#2275,#2299,#2301,.T.);
#2299 = VERTEX_POINT('',#2300);
#2300 = CARTESIAN_POINT('',(7.5,7.32,4.));
#2301 = LINE('',#2302,#2303);
#2302 = CARTESIAN_POINT('',(0.924891375223,7.32,4.));
#2303 = VECTOR('',#2304,1.);
#2304 = DIRECTION('',(1.,0.,0.));
#2305 = ORIENTED_EDGE('',*,*,#2306,.F.);
#2306 = EDGE_CURVE('',#2307,#2299,#2309,.T.);
#2307 = VERTEX_POINT('',#2308);
#2308 = CARTESIAN_POINT('',(7.5,7.92,4.));
#2309 = LINE('',#2310,#2311);
#2310 = CARTESIAN_POINT('',(7.5,7.92,4.));
#2311 = VECTOR('',#2312,1.);
#2312 = DIRECTION('',(0.,-1.,-2.22044604925E-16));
#2313 = ORIENTED_EDGE('',*,*,#2314,.F.);
#2314 = EDGE_CURVE('',#2265,#2307,#2315,.T.);
#2315 = LINE('',#2316,#2317);
#2316 = CARTESIAN_POINT('',(0.924891375223,7.92,4.));
#2317 = VECTOR('',#2318,1.);
#2318 = DIRECTION('',(1.,0.,0.));
#2319 = PLANE('',#2320);
#2320 = AXIS2_PLACEMENT_3D('',#2321,#2322,#2323);
#2321 = CARTESIAN_POINT('',(0.924891375223,7.92,4.));
#2322 = DIRECTION('',(0.,-2.22044604925E-16,1.));
#2323 = DIRECTION('',(1.,0.,0.));
#2324 = ADVANCED_FACE('',(#2325),#2350,.F.);
#2325 = FACE_BOUND('',#2326,.F.);
#2326 = EDGE_LOOP('',(#2327,#2328,#2336,#2344));
#2327 = ORIENTED_EDGE('',*,*,#2306,.T.);
#2328 = ORIENTED_EDGE('',*,*,#2329,.T.);
#2329 = EDGE_CURVE('',#2299,#2330,#2332,.T.);
#2330 = VERTEX_POINT('',#2331);
#2331 = CARTESIAN_POINT('',(7.5,7.32,4.598324445718));
#2332 = LINE('',#2333,#2334);
#2333 = CARTESIAN_POINT('',(7.5,7.32,4.));
#2334 = VECTOR('',#2335,1.);
#2335 = DIRECTION('',(0.,-2.22044604925E-16,1.));
#2336 = ORIENTED_EDGE('',*,*,#2337,.F.);
#2337 = EDGE_CURVE('',#2338,#2330,#2340,.T.);
#2338 = VERTEX_POINT('',#2339);
#2339 = CARTESIAN_POINT('',(7.5,7.92,4.598324445718));
#2340 = LINE('',#2341,#2342);
#2341 = CARTESIAN_POINT('',(7.5,7.92,4.598324445718));
#2342 = VECTOR('',#2343,1.);
#2343 = DIRECTION('',(0.,-1.,-2.22044604925E-16));
#2344 = ORIENTED_EDGE('',*,*,#2345,.F.);
#2345 = EDGE_CURVE('',#2307,#2338,#2346,.T.);
#2346 = LINE('',#2347,#2348);
#2347 = CARTESIAN_POINT('',(7.5,7.92,4.));
#2348 = VECTOR('',#2349,1.);
#2349 = DIRECTION('',(0.,-2.22044604925E-16,1.));
#2350 = PLANE('',#2351);
#2351 = AXIS2_PLACEMENT_3D('',#2352,#2353,#2354);
#2352 = CARTESIAN_POINT('',(7.5,7.92,4.));
#2353 = DIRECTION('',(-1.,0.,0.));
#2354 = DIRECTION('',(0.,-2.22044604925E-16,1.));
#2355 = ADVANCED_FACE('',(#2356),#2381,.F.);
#2356 = FACE_BOUND('',#2357,.F.);
#2357 = EDGE_LOOP('',(#2358,#2359,#2367,#2375));
#2358 = ORIENTED_EDGE('',*,*,#2337,.T.);
#2359 = ORIENTED_EDGE('',*,*,#2360,.T.);
#2360 = EDGE_CURVE('',#2330,#2361,#2363,.T.);
#2361 = VERTEX_POINT('',#2362);
#2362 = CARTESIAN_POINT('',(0.988937737301,7.32,4.598324445718));
#2363 = LINE('',#2364,#2365);
#2364 = CARTESIAN_POINT('',(7.5,7.32,4.598324445718));
#2365 = VECTOR('',#2366,1.);
#2366 = DIRECTION('',(-1.,0.,0.));
#2367 = ORIENTED_EDGE('',*,*,#2368,.F.);
#2368 = EDGE_CURVE('',#2369,#2361,#2371,.T.);
#2369 = VERTEX_POINT('',#2370);
#2370 = CARTESIAN_POINT('',(0.988937737301,7.92,4.598324445718));
#2371 = LINE('',#2372,#2373);
#2372 = CARTESIAN_POINT('',(0.988937737301,7.92,4.598324445718));
#2373 = VECTOR('',#2374,1.);
#2374 = DIRECTION('',(0.,-1.,-2.22044604925E-16));
#2375 = ORIENTED_EDGE('',*,*,#2376,.F.);
#2376 = EDGE_CURVE('',#2338,#2369,#2377,.T.);
#2377 = LINE('',#2378,#2379);
#2378 = CARTESIAN_POINT('',(7.5,7.92,4.598324445718));
#2379 = VECTOR('',#2380,1.);
#2380 = DIRECTION('',(-1.,0.,0.));
#2381 = PLANE('',#2382);
#2382 = AXIS2_PLACEMENT_3D('',#2383,#2384,#2385);
#2383 = CARTESIAN_POINT('',(7.5,7.92,4.598324445718));
#2384 = DIRECTION('',(0.,2.22044604925E-16,-1.));
#2385 = DIRECTION('',(-1.,0.,0.));
#2386 = ADVANCED_FACE('',(#2387),#2405,.T.);
#2387 = FACE_BOUND('',#2388,.T.);
#2388 = EDGE_LOOP('',(#2389,#2396,#2397,#2404));
#2389 = ORIENTED_EDGE('',*,*,#2390,.T.);
#2390 = EDGE_CURVE('',#2369,#2163,#2391,.T.);
#2391 = CIRCLE('',#2392,1.224891375223);
#2392 = AXIS2_PLACEMENT_3D('',#2393,#2394,#2395);
#2393 = CARTESIAN_POINT('',(0.924891375223,7.92,3.375108624777));
#2394 = DIRECTION('',(0.,-1.,-2.22044604925E-16));
#2395 = DIRECTION('',(1.,0.,0.));
#2396 = ORIENTED_EDGE('',*,*,#2162,.T.);
#2397 = ORIENTED_EDGE('',*,*,#2398,.F.);
#2398 = EDGE_CURVE('',#2361,#2165,#2399,.T.);
#2399 = CIRCLE('',#2400,1.224891375223);
#2400 = AXIS2_PLACEMENT_3D('',#2401,#2402,#2403);
#2401 = CARTESIAN_POINT('',(0.924891375223,7.32,3.375108624777));
#2402 = DIRECTION('',(0.,-1.,-2.22044604925E-16));
#2403 = DIRECTION('',(1.,0.,0.));
#2404 = ORIENTED_EDGE('',*,*,#2368,.F.);
#2405 = CYLINDRICAL_SURFACE('',#2406,1.224891375223);
#2406 = AXIS2_PLACEMENT_3D('',#2407,#2408,#2409);
#2407 = CARTESIAN_POINT('',(0.924891375223,7.92,3.375108624777));
#2408 = DIRECTION('',(0.,1.,2.22044604925E-16));
#2409 = DIRECTION('',(1.,0.,0.));
#2410 = ADVANCED_FACE('',(#2411),#2421,.T.);
#2411 = FACE_BOUND('',#2412,.F.);
#2412 = EDGE_LOOP('',(#2413,#2414,#2415,#2416,#2417,#2418,#2419,#2420));
#2413 = ORIENTED_EDGE('',*,*,#2188,.T.);
#2414 = ORIENTED_EDGE('',*,*,#2219,.T.);
#2415 = ORIENTED_EDGE('',*,*,#2250,.T.);
#2416 = ORIENTED_EDGE('',*,*,#2264,.F.);
#2417 = ORIENTED_EDGE('',*,*,#2314,.T.);
#2418 = ORIENTED_EDGE('',*,*,#2345,.T.);
#2419 = ORIENTED_EDGE('',*,*,#2376,.T.);
#2420 = ORIENTED_EDGE('',*,*,#2390,.T.);
#2421 = PLANE('',#2422);
#2422 = AXIS2_PLACEMENT_3D('',#2423,#2424,#2425);
#2423 = CARTESIAN_POINT('',(2.025877553377,7.92,2.375997299006));
#2424 = DIRECTION('',(1.232595164408E-32,1.,2.22044604925E-16));
#2425 = DIRECTION('',(0.,-2.22044604925E-16,1.));
#2426 = ADVANCED_FACE('',(#2427),#2437,.F.);
#2427 = FACE_BOUND('',#2428,.T.);
#2428 = EDGE_LOOP('',(#2429,#2430,#2431,#2432,#2433,#2434,#2435,#2436));
#2429 = ORIENTED_EDGE('',*,*,#2172,.T.);
#2430 = ORIENTED_EDGE('',*,*,#2203,.T.);
#2431 = ORIENTED_EDGE('',*,*,#2234,.T.);
#2432 = ORIENTED_EDGE('',*,*,#2274,.F.);
#2433 = ORIENTED_EDGE('',*,*,#2298,.T.);
#2434 = ORIENTED_EDGE('',*,*,#2329,.T.);
#2435 = ORIENTED_EDGE('',*,*,#2360,.T.);
#2436 = ORIENTED_EDGE('',*,*,#2398,.T.);
#2437 = PLANE('',#2438);
#2438 = AXIS2_PLACEMENT_3D('',#2439,#2440,#2441);
#2439 = CARTESIAN_POINT('',(2.025877553377,7.32,2.375997299006));
#2440 = DIRECTION('',(1.232595164408E-32,1.,2.22044604925E-16));
#2441 = DIRECTION('',(0.,-2.22044604925E-16,1.));
#2442 = MANIFOLD_SOLID_BREP('',#2443);
#2443 = CLOSED_SHELL('',(#2444,#2484,#2517,#2548,#2581,#2612,#2645,#2676
    ,#2700,#2716));
#2444 = ADVANCED_FACE('',(#2445),#2479,.F.);
#2445 = FACE_BOUND('',#2446,.F.);
#2446 = EDGE_LOOP('',(#2447,#2457,#2465,#2473));
#2447 = ORIENTED_EDGE('',*,*,#2448,.T.);
#2448 = EDGE_CURVE('',#2449,#2451,#2453,.T.);
#2449 = VERTEX_POINT('',#2450);
#2450 = CARTESIAN_POINT('',(-1.27,3.45079,0.));
#2451 = VERTEX_POINT('',#2452);
#2452 = CARTESIAN_POINT('',(-1.27,3.45079,2.5));
#2453 = LINE('',#2454,#2455);
#2454 = CARTESIAN_POINT('',(-1.27,3.45079,0.));
#2455 = VECTOR('',#2456,1.);
#2456 = DIRECTION('',(0.,0.,1.));
#2457 = ORIENTED_EDGE('',*,*,#2458,.T.);
#2458 = EDGE_CURVE('',#2451,#2459,#2461,.T.);
#2459 = VERTEX_POINT('',#2460);
#2460 = CARTESIAN_POINT('',(-1.27,1.57841,2.5));
#2461 = LINE('',#2462,#2463);
#2462 = CARTESIAN_POINT('',(-1.27,3.45079,2.5));
#2463 = VECTOR('',#2464,1.);
#2464 = DIRECTION('',(0.,-1.,0.));
#2465 = ORIENTED_EDGE('',*,*,#2466,.F.);
#2466 = EDGE_CURVE('',#2467,#2459,#2469,.T.);
#2467 = VERTEX_POINT('',#2468);
#2468 = CARTESIAN_POINT('',(-1.27,1.57841,0.));
#2469 = LINE('',#2470,#2471);
#2470 = CARTESIAN_POINT('',(-1.27,1.57841,0.));
#2471 = VECTOR('',#2472,1.);
#2472 = DIRECTION('',(0.,0.,1.));
#2473 = ORIENTED_EDGE('',*,*,#2474,.F.);
#2474 = EDGE_CURVE('',#2449,#2467,#2475,.T.);
#2475 = LINE('',#2476,#2477);
#2476 = CARTESIAN_POINT('',(-1.27,3.45079,0.));
#2477 = VECTOR('',#2478,1.);
#2478 = DIRECTION('',(0.,-1.,0.));
#2479 = PLANE('',#2480);
#2480 = AXIS2_PLACEMENT_3D('',#2481,#2482,#2483);
#2481 = CARTESIAN_POINT('',(-1.27,3.45079,0.));
#2482 = DIRECTION('',(1.,0.,0.));
#2483 = DIRECTION('',(0.,-1.,0.));
#2484 = ADVANCED_FACE('',(#2485),#2512,.T.);
#2485 = FACE_BOUND('',#2486,.T.);
#2486 = EDGE_LOOP('',(#2487,#2496,#2504,#2511));
#2487 = ORIENTED_EDGE('',*,*,#2488,.T.);
#2488 = EDGE_CURVE('',#2467,#2489,#2491,.T.);
#2489 = VERTEX_POINT('',#2490);
#2490 = CARTESIAN_POINT('',(-0.96159,1.27,0.));
#2491 = CIRCLE('',#2492,0.30841);
#2492 = AXIS2_PLACEMENT_3D('',#2493,#2494,#2495);
#2493 = CARTESIAN_POINT('',(-0.96159,1.57841,0.));
#2494 = DIRECTION('',(0.,0.,1.));
#2495 = DIRECTION('',(1.,0.,0.));
#2496 = ORIENTED_EDGE('',*,*,#2497,.T.);
#2497 = EDGE_CURVE('',#2489,#2498,#2500,.T.);
#2498 = VERTEX_POINT('',#2499);
#2499 = CARTESIAN_POINT('',(-0.96159,1.27,2.5));
#2500 = LINE('',#2501,#2502);
#2501 = CARTESIAN_POINT('',(-0.96159,1.27,0.));
#2502 = VECTOR('',#2503,1.);
#2503 = DIRECTION('',(0.,0.,1.));
#2504 = ORIENTED_EDGE('',*,*,#2505,.F.);
#2505 = EDGE_CURVE('',#2459,#2498,#2506,.T.);
#2506 = CIRCLE('',#2507,0.30841);
#2507 = AXIS2_PLACEMENT_3D('',#2508,#2509,#2510);
#2508 = CARTESIAN_POINT('',(-0.96159,1.57841,2.5));
#2509 = DIRECTION('',(0.,0.,1.));
#2510 = DIRECTION('',(1.,0.,0.));
#2511 = ORIENTED_EDGE('',*,*,#2466,.F.);
#2512 = CYLINDRICAL_SURFACE('',#2513,0.30841);
#2513 = AXIS2_PLACEMENT_3D('',#2514,#2515,#2516);
#2514 = CARTESIAN_POINT('',(-0.96159,1.57841,0.));
#2515 = DIRECTION('',(-0.,-0.,-1.));
#2516 = DIRECTION('',(1.,0.,0.));
#2517 = ADVANCED_FACE('',(#2518),#2543,.F.);
#2518 = FACE_BOUND('',#2519,.F.);
#2519 = EDGE_LOOP('',(#2520,#2521,#2529,#2537));
#2520 = ORIENTED_EDGE('',*,*,#2497,.T.);
#2521 = ORIENTED_EDGE('',*,*,#2522,.T.);
#2522 = EDGE_CURVE('',#2498,#2523,#2525,.T.);
#2523 = VERTEX_POINT('',#2524);
#2524 = CARTESIAN_POINT('',(0.954406,1.27,2.5));
#2525 = LINE('',#2526,#2527);
#2526 = CARTESIAN_POINT('',(-0.96159,1.27,2.5));
#2527 = VECTOR('',#2528,1.);
#2528 = DIRECTION('',(1.,0.,0.));
#2529 = ORIENTED_EDGE('',*,*,#2530,.F.);
#2530 = EDGE_CURVE('',#2531,#2523,#2533,.T.);
#2531 = VERTEX_POINT('',#2532);
#2532 = CARTESIAN_POINT('',(0.954406,1.27,0.));
#2533 = LINE('',#2534,#2535);
#2534 = CARTESIAN_POINT('',(0.954406,1.27,0.));
#2535 = VECTOR('',#2536,1.);
#2536 = DIRECTION('',(0.,0.,1.));
#2537 = ORIENTED_EDGE('',*,*,#2538,.F.);
#2538 = EDGE_CURVE('',#2489,#2531,#2539,.T.);
#2539 = LINE('',#2540,#2541);
#2540 = CARTESIAN_POINT('',(-0.96159,1.27,0.));
#2541 = VECTOR('',#2542,1.);
#2542 = DIRECTION('',(1.,0.,0.));
#2543 = PLANE('',#2544);
#2544 = AXIS2_PLACEMENT_3D('',#2545,#2546,#2547);
#2545 = CARTESIAN_POINT('',(-0.96159,1.27,0.));
#2546 = DIRECTION('',(0.,1.,0.));
#2547 = DIRECTION('',(1.,0.,0.));
#2548 = ADVANCED_FACE('',(#2549),#2576,.T.);
#2549 = FACE_BOUND('',#2550,.T.);
#2550 = EDGE_LOOP('',(#2551,#2560,#2568,#2575));
#2551 = ORIENTED_EDGE('',*,*,#2552,.T.);
#2552 = EDGE_CURVE('',#2531,#2553,#2555,.T.);
#2553 = VERTEX_POINT('',#2554);
#2554 = CARTESIAN_POINT('',(1.27,1.585594,0.));
#2555 = CIRCLE('',#2556,0.315594);
#2556 = AXIS2_PLACEMENT_3D('',#2557,#2558,#2559);
#2557 = CARTESIAN_POINT('',(0.954406,1.585594,0.));
#2558 = DIRECTION('',(0.,0.,1.));
#2559 = DIRECTION('',(1.,0.,0.));
#2560 = ORIENTED_EDGE('',*,*,#2561,.T.);
#2561 = EDGE_CURVE('',#2553,#2562,#2564,.T.);
#2562 = VERTEX_POINT('',#2563);
#2563 = CARTESIAN_POINT('',(1.27,1.585594,2.5));
#2564 = LINE('',#2565,#2566);
#2565 = CARTESIAN_POINT('',(1.27,1.585594,0.));
#2566 = VECTOR('',#2567,1.);
#2567 = DIRECTION('',(0.,0.,1.));
#2568 = ORIENTED_EDGE('',*,*,#2569,.F.);
#2569 = EDGE_CURVE('',#2523,#2562,#2570,.T.);
#2570 = CIRCLE('',#2571,0.315594);
#2571 = AXIS2_PLACEMENT_3D('',#2572,#2573,#2574);
#2572 = CARTESIAN_POINT('',(0.954406,1.585594,2.5));
#2573 = DIRECTION('',(0.,0.,1.));
#2574 = DIRECTION('',(1.,0.,0.));
#2575 = ORIENTED_EDGE('',*,*,#2530,.F.);
#2576 = CYLINDRICAL_SURFACE('',#2577,0.315594);
#2577 = AXIS2_PLACEMENT_3D('',#2578,#2579,#2580);
#2578 = CARTESIAN_POINT('',(0.954406,1.585594,0.));
#2579 = DIRECTION('',(-0.,-0.,-1.));
#2580 = DIRECTION('',(1.,0.,0.));
#2581 = ADVANCED_FACE('',(#2582),#2607,.F.);
#2582 = FACE_BOUND('',#2583,.F.);
#2583 = EDGE_LOOP('',(#2584,#2585,#2593,#2601));
#2584 = ORIENTED_EDGE('',*,*,#2561,.T.);
#2585 = ORIENTED_EDGE('',*,*,#2586,.T.);
#2586 = EDGE_CURVE('',#2562,#2587,#2589,.T.);
#2587 = VERTEX_POINT('',#2588);
#2588 = CARTESIAN_POINT('',(1.27,3.50159,2.5));
#2589 = LINE('',#2590,#2591);
#2590 = CARTESIAN_POINT('',(1.27,1.585594,2.5));
#2591 = VECTOR('',#2592,1.);
#2592 = DIRECTION('',(0.,1.,0.));
#2593 = ORIENTED_EDGE('',*,*,#2594,.F.);
#2594 = EDGE_CURVE('',#2595,#2587,#2597,.T.);
#2595 = VERTEX_POINT('',#2596);
#2596 = CARTESIAN_POINT('',(1.27,3.50159,0.));
#2597 = LINE('',#2598,#2599);
#2598 = CARTESIAN_POINT('',(1.27,3.50159,0.));
#2599 = VECTOR('',#2600,1.);
#2600 = DIRECTION('',(0.,0.,1.));
#2601 = ORIENTED_EDGE('',*,*,#2602,.F.);
#2602 = EDGE_CURVE('',#2553,#2595,#2603,.T.);
#2603 = LINE('',#2604,#2605);
#2604 = CARTESIAN_POINT('',(1.27,1.585594,0.));
#2605 = VECTOR('',#2606,1.);
#2606 = DIRECTION('',(0.,1.,0.));
#2607 = PLANE('',#2608);
#2608 = AXIS2_PLACEMENT_3D('',#2609,#2610,#2611);
#2609 = CARTESIAN_POINT('',(1.27,1.585594,0.));
#2610 = DIRECTION('',(-1.,0.,0.));
#2611 = DIRECTION('',(0.,1.,0.));
#2612 = ADVANCED_FACE('',(#2613),#2640,.T.);
#2613 = FACE_BOUND('',#2614,.T.);
#2614 = EDGE_LOOP('',(#2615,#2624,#2632,#2639));
#2615 = ORIENTED_EDGE('',*,*,#2616,.T.);
#2616 = EDGE_CURVE('',#2595,#2617,#2619,.T.);
#2617 = VERTEX_POINT('',#2618);
#2618 = CARTESIAN_POINT('',(0.96159,3.81,0.));
#2619 = CIRCLE('',#2620,0.30841);
#2620 = AXIS2_PLACEMENT_3D('',#2621,#2622,#2623);
#2621 = CARTESIAN_POINT('',(0.96159,3.50159,0.));
#2622 = DIRECTION('',(0.,0.,1.));
#2623 = DIRECTION('',(1.,0.,0.));
#2624 = ORIENTED_EDGE('',*,*,#2625,.T.);
#2625 = EDGE_CURVE('',#2617,#2626,#2628,.T.);
#2626 = VERTEX_POINT('',#2627);
#2627 = CARTESIAN_POINT('',(0.96159,3.81,2.5));
#2628 = LINE('',#2629,#2630);
#2629 = CARTESIAN_POINT('',(0.96159,3.81,0.));
#2630 = VECTOR('',#2631,1.);
#2631 = DIRECTION('',(0.,0.,1.));
#2632 = ORIENTED_EDGE('',*,*,#2633,.F.);
#2633 = EDGE_CURVE('',#2587,#2626,#2634,.T.);
#2634 = CIRCLE('',#2635,0.30841);
#2635 = AXIS2_PLACEMENT_3D('',#2636,#2637,#2638);
#2636 = CARTESIAN_POINT('',(0.96159,3.50159,2.5));
#2637 = DIRECTION('',(0.,0.,1.));
#2638 = DIRECTION('',(1.,0.,0.));
#2639 = ORIENTED_EDGE('',*,*,#2594,.F.);
#2640 = CYLINDRICAL_SURFACE('',#2641,0.30841);
#2641 = AXIS2_PLACEMENT_3D('',#2642,#2643,#2644);
#2642 = CARTESIAN_POINT('',(0.96159,3.50159,0.));
#2643 = DIRECTION('',(-0.,-0.,-1.));
#2644 = DIRECTION('',(1.,0.,0.));
#2645 = ADVANCED_FACE('',(#2646),#2671,.F.);
#2646 = FACE_BOUND('',#2647,.F.);
#2647 = EDGE_LOOP('',(#2648,#2649,#2657,#2665));
#2648 = ORIENTED_EDGE('',*,*,#2625,.T.);
#2649 = ORIENTED_EDGE('',*,*,#2650,.T.);
#2650 = EDGE_CURVE('',#2626,#2651,#2653,.T.);
#2651 = VERTEX_POINT('',#2652);
#2652 = CARTESIAN_POINT('',(-0.91079,3.81,2.5));
#2653 = LINE('',#2654,#2655);
#2654 = CARTESIAN_POINT('',(0.96159,3.81,2.5));
#2655 = VECTOR('',#2656,1.);
#2656 = DIRECTION('',(-1.,0.,0.));
#2657 = ORIENTED_EDGE('',*,*,#2658,.F.);
#2658 = EDGE_CURVE('',#2659,#2651,#2661,.T.);
#2659 = VERTEX_POINT('',#2660);
#2660 = CARTESIAN_POINT('',(-0.91079,3.81,0.));
#2661 = LINE('',#2662,#2663);
#2662 = CARTESIAN_POINT('',(-0.91079,3.81,0.));
#2663 = VECTOR('',#2664,1.);
#2664 = DIRECTION('',(0.,0.,1.));
#2665 = ORIENTED_EDGE('',*,*,#2666,.F.);
#2666 = EDGE_CURVE('',#2617,#2659,#2667,.T.);
#2667 = LINE('',#2668,#2669);
#2668 = CARTESIAN_POINT('',(0.96159,3.81,0.));
#2669 = VECTOR('',#2670,1.);
#2670 = DIRECTION('',(-1.,0.,0.));
#2671 = PLANE('',#2672);
#2672 = AXIS2_PLACEMENT_3D('',#2673,#2674,#2675);
#2673 = CARTESIAN_POINT('',(0.96159,3.81,0.));
#2674 = DIRECTION('',(0.,-1.,0.));
#2675 = DIRECTION('',(-1.,0.,0.));
#2676 = ADVANCED_FACE('',(#2677),#2695,.T.);
#2677 = FACE_BOUND('',#2678,.T.);
#2678 = EDGE_LOOP('',(#2679,#2686,#2687,#2694));
#2679 = ORIENTED_EDGE('',*,*,#2680,.T.);
#2680 = EDGE_CURVE('',#2659,#2449,#2681,.T.);
#2681 = CIRCLE('',#2682,0.35921);
#2682 = AXIS2_PLACEMENT_3D('',#2683,#2684,#2685);
#2683 = CARTESIAN_POINT('',(-0.91079,3.45079,0.));
#2684 = DIRECTION('',(0.,0.,1.));
#2685 = DIRECTION('',(1.,0.,0.));
#2686 = ORIENTED_EDGE('',*,*,#2448,.T.);
#2687 = ORIENTED_EDGE('',*,*,#2688,.F.);
#2688 = EDGE_CURVE('',#2651,#2451,#2689,.T.);
#2689 = CIRCLE('',#2690,0.35921);
#2690 = AXIS2_PLACEMENT_3D('',#2691,#2692,#2693);
#2691 = CARTESIAN_POINT('',(-0.91079,3.45079,2.5));
#2692 = DIRECTION('',(0.,0.,1.));
#2693 = DIRECTION('',(1.,0.,0.));
#2694 = ORIENTED_EDGE('',*,*,#2658,.F.);
#2695 = CYLINDRICAL_SURFACE('',#2696,0.35921);
#2696 = AXIS2_PLACEMENT_3D('',#2697,#2698,#2699);
#2697 = CARTESIAN_POINT('',(-0.91079,3.45079,0.));
#2698 = DIRECTION('',(-0.,-0.,-1.));
#2699 = DIRECTION('',(1.,0.,0.));
#2700 = ADVANCED_FACE('',(#2701),#2711,.F.);
#2701 = FACE_BOUND('',#2702,.F.);
#2702 = EDGE_LOOP('',(#2703,#2704,#2705,#2706,#2707,#2708,#2709,#2710));
#2703 = ORIENTED_EDGE('',*,*,#2474,.T.);
#2704 = ORIENTED_EDGE('',*,*,#2488,.T.);
#2705 = ORIENTED_EDGE('',*,*,#2538,.T.);
#2706 = ORIENTED_EDGE('',*,*,#2552,.T.);
#2707 = ORIENTED_EDGE('',*,*,#2602,.T.);
#2708 = ORIENTED_EDGE('',*,*,#2616,.T.);
#2709 = ORIENTED_EDGE('',*,*,#2666,.T.);
#2710 = ORIENTED_EDGE('',*,*,#2680,.T.);
#2711 = PLANE('',#2712);
#2712 = AXIS2_PLACEMENT_3D('',#2713,#2714,#2715);
#2713 = CARTESIAN_POINT('',(2.851582203278E-03,2.537148417797,0.));
#2714 = DIRECTION('',(0.,0.,1.));
#2715 = DIRECTION('',(1.,0.,0.));
#2716 = ADVANCED_FACE('',(#2717),#2727,.T.);
#2717 = FACE_BOUND('',#2718,.T.);
#2718 = EDGE_LOOP('',(#2719,#2720,#2721,#2722,#2723,#2724,#2725,#2726));
#2719 = ORIENTED_EDGE('',*,*,#2458,.T.);
#2720 = ORIENTED_EDGE('',*,*,#2505,.T.);
#2721 = ORIENTED_EDGE('',*,*,#2522,.T.);
#2722 = ORIENTED_EDGE('',*,*,#2569,.T.);
#2723 = ORIENTED_EDGE('',*,*,#2586,.T.);
#2724 = ORIENTED_EDGE('',*,*,#2633,.T.);
#2725 = ORIENTED_EDGE('',*,*,#2650,.T.);
#2726 = ORIENTED_EDGE('',*,*,#2688,.T.);
#2727 = PLANE('',#2728);
#2728 = AXIS2_PLACEMENT_3D('',#2729,#2730,#2731);
#2729 = CARTESIAN_POINT('',(2.851582203278E-03,2.537148417797,2.5));
#2730 = DIRECTION('',(0.,0.,1.));
#2731 = DIRECTION('',(1.,0.,0.));
#2732 = MANIFOLD_SOLID_BREP('',#2733);
#2733 = CLOSED_SHELL('',(#2734,#2774,#2807,#2838,#2871,#2902,#2935,#2966
    ,#2990,#3006));
#2734 = ADVANCED_FACE('',(#2735),#2769,.F.);
#2735 = FACE_BOUND('',#2736,.F.);
#2736 = EDGE_LOOP('',(#2737,#2747,#2755,#2763));
#2737 = ORIENTED_EDGE('',*,*,#2738,.T.);
#2738 = EDGE_CURVE('',#2739,#2741,#2743,.T.);
#2739 = VERTEX_POINT('',#2740);
#2740 = CARTESIAN_POINT('',(-1.27,5.99079,0.));
#2741 = VERTEX_POINT('',#2742);
#2742 = CARTESIAN_POINT('',(-1.27,5.99079,2.5));
#2743 = LINE('',#2744,#2745);
#2744 = CARTESIAN_POINT('',(-1.27,5.99079,0.));
#2745 = VECTOR('',#2746,1.);
#2746 = DIRECTION('',(0.,0.,1.));
#2747 = ORIENTED_EDGE('',*,*,#2748,.T.);
#2748 = EDGE_CURVE('',#2741,#2749,#2751,.T.);
#2749 = VERTEX_POINT('',#2750);
#2750 = CARTESIAN_POINT('',(-1.27,4.11841,2.5));
#2751 = LINE('',#2752,#2753);
#2752 = CARTESIAN_POINT('',(-1.27,5.99079,2.5));
#2753 = VECTOR('',#2754,1.);
#2754 = DIRECTION('',(0.,-1.,0.));
#2755 = ORIENTED_EDGE('',*,*,#2756,.F.);
#2756 = EDGE_CURVE('',#2757,#2749,#2759,.T.);
#2757 = VERTEX_POINT('',#2758);
#2758 = CARTESIAN_POINT('',(-1.27,4.11841,0.));
#2759 = LINE('',#2760,#2761);
#2760 = CARTESIAN_POINT('',(-1.27,4.11841,0.));
#2761 = VECTOR('',#2762,1.);
#2762 = DIRECTION('',(0.,0.,1.));
#2763 = ORIENTED_EDGE('',*,*,#2764,.F.);
#2764 = EDGE_CURVE('',#2739,#2757,#2765,.T.);
#2765 = LINE('',#2766,#2767);
#2766 = CARTESIAN_POINT('',(-1.27,5.99079,0.));
#2767 = VECTOR('',#2768,1.);
#2768 = DIRECTION('',(0.,-1.,0.));
#2769 = PLANE('',#2770);
#2770 = AXIS2_PLACEMENT_3D('',#2771,#2772,#2773);
#2771 = CARTESIAN_POINT('',(-1.27,5.99079,0.));
#2772 = DIRECTION('',(1.,0.,0.));
#2773 = DIRECTION('',(0.,-1.,0.));
#2774 = ADVANCED_FACE('',(#2775),#2802,.T.);
#2775 = FACE_BOUND('',#2776,.T.);
#2776 = EDGE_LOOP('',(#2777,#2786,#2794,#2801));
#2777 = ORIENTED_EDGE('',*,*,#2778,.T.);
#2778 = EDGE_CURVE('',#2757,#2779,#2781,.T.);
#2779 = VERTEX_POINT('',#2780);
#2780 = CARTESIAN_POINT('',(-0.96159,3.81,0.));
#2781 = CIRCLE('',#2782,0.30841);
#2782 = AXIS2_PLACEMENT_3D('',#2783,#2784,#2785);
#2783 = CARTESIAN_POINT('',(-0.96159,4.11841,0.));
#2784 = DIRECTION('',(0.,0.,1.));
#2785 = DIRECTION('',(1.,0.,0.));
#2786 = ORIENTED_EDGE('',*,*,#2787,.T.);
#2787 = EDGE_CURVE('',#2779,#2788,#2790,.T.);
#2788 = VERTEX_POINT('',#2789);
#2789 = CARTESIAN_POINT('',(-0.96159,3.81,2.5));
#2790 = LINE('',#2791,#2792);
#2791 = CARTESIAN_POINT('',(-0.96159,3.81,0.));
#2792 = VECTOR('',#2793,1.);
#2793 = DIRECTION('',(0.,0.,1.));
#2794 = ORIENTED_EDGE('',*,*,#2795,.F.);
#2795 = EDGE_CURVE('',#2749,#2788,#2796,.T.);
#2796 = CIRCLE('',#2797,0.30841);
#2797 = AXIS2_PLACEMENT_3D('',#2798,#2799,#2800);
#2798 = CARTESIAN_POINT('',(-0.96159,4.11841,2.5));
#2799 = DIRECTION('',(0.,0.,1.));
#2800 = DIRECTION('',(1.,0.,0.));
#2801 = ORIENTED_EDGE('',*,*,#2756,.F.);
#2802 = CYLINDRICAL_SURFACE('',#2803,0.30841);
#2803 = AXIS2_PLACEMENT_3D('',#2804,#2805,#2806);
#2804 = CARTESIAN_POINT('',(-0.96159,4.11841,0.));
#2805 = DIRECTION('',(-0.,-0.,-1.));
#2806 = DIRECTION('',(1.,0.,0.));
#2807 = ADVANCED_FACE('',(#2808),#2833,.F.);
#2808 = FACE_BOUND('',#2809,.F.);
#2809 = EDGE_LOOP('',(#2810,#2811,#2819,#2827));
#2810 = ORIENTED_EDGE('',*,*,#2787,.T.);
#2811 = ORIENTED_EDGE('',*,*,#2812,.T.);
#2812 = EDGE_CURVE('',#2788,#2813,#2815,.T.);
#2813 = VERTEX_POINT('',#2814);
#2814 = CARTESIAN_POINT('',(0.954406,3.81,2.5));
#2815 = LINE('',#2816,#2817);
#2816 = CARTESIAN_POINT('',(-0.96159,3.81,2.5));
#2817 = VECTOR('',#2818,1.);
#2818 = DIRECTION('',(1.,0.,0.));
#2819 = ORIENTED_EDGE('',*,*,#2820,.F.);
#2820 = EDGE_CURVE('',#2821,#2813,#2823,.T.);
#2821 = VERTEX_POINT('',#2822);
#2822 = CARTESIAN_POINT('',(0.954406,3.81,0.));
#2823 = LINE('',#2824,#2825);
#2824 = CARTESIAN_POINT('',(0.954406,3.81,0.));
#2825 = VECTOR('',#2826,1.);
#2826 = DIRECTION('',(0.,0.,1.));
#2827 = ORIENTED_EDGE('',*,*,#2828,.F.);
#2828 = EDGE_CURVE('',#2779,#2821,#2829,.T.);
#2829 = LINE('',#2830,#2831);
#2830 = CARTESIAN_POINT('',(-0.96159,3.81,0.));
#2831 = VECTOR('',#2832,1.);
#2832 = DIRECTION('',(1.,0.,0.));
#2833 = PLANE('',#2834);
#2834 = AXIS2_PLACEMENT_3D('',#2835,#2836,#2837);
#2835 = CARTESIAN_POINT('',(-0.96159,3.81,0.));
#2836 = DIRECTION('',(0.,1.,0.));
#2837 = DIRECTION('',(1.,0.,0.));
#2838 = ADVANCED_FACE('',(#2839),#2866,.T.);
#2839 = FACE_BOUND('',#2840,.T.);
#2840 = EDGE_LOOP('',(#2841,#2850,#2858,#2865));
#2841 = ORIENTED_EDGE('',*,*,#2842,.T.);
#2842 = EDGE_CURVE('',#2821,#2843,#2845,.T.);
#2843 = VERTEX_POINT('',#2844);
#2844 = CARTESIAN_POINT('',(1.27,4.125594,0.));
#2845 = CIRCLE('',#2846,0.315594);
#2846 = AXIS2_PLACEMENT_3D('',#2847,#2848,#2849);
#2847 = CARTESIAN_POINT('',(0.954406,4.125594,0.));
#2848 = DIRECTION('',(0.,0.,1.));
#2849 = DIRECTION('',(1.,0.,0.));
#2850 = ORIENTED_EDGE('',*,*,#2851,.T.);
#2851 = EDGE_CURVE('',#2843,#2852,#2854,.T.);
#2852 = VERTEX_POINT('',#2853);
#2853 = CARTESIAN_POINT('',(1.27,4.125594,2.5));
#2854 = LINE('',#2855,#2856);
#2855 = CARTESIAN_POINT('',(1.27,4.125594,0.));
#2856 = VECTOR('',#2857,1.);
#2857 = DIRECTION('',(0.,0.,1.));
#2858 = ORIENTED_EDGE('',*,*,#2859,.F.);
#2859 = EDGE_CURVE('',#2813,#2852,#2860,.T.);
#2860 = CIRCLE('',#2861,0.315594);
#2861 = AXIS2_PLACEMENT_3D('',#2862,#2863,#2864);
#2862 = CARTESIAN_POINT('',(0.954406,4.125594,2.5));
#2863 = DIRECTION('',(0.,0.,1.));
#2864 = DIRECTION('',(1.,0.,0.));
#2865 = ORIENTED_EDGE('',*,*,#2820,.F.);
#2866 = CYLINDRICAL_SURFACE('',#2867,0.315594);
#2867 = AXIS2_PLACEMENT_3D('',#2868,#2869,#2870);
#2868 = CARTESIAN_POINT('',(0.954406,4.125594,0.));
#2869 = DIRECTION('',(-0.,-0.,-1.));
#2870 = DIRECTION('',(1.,0.,0.));
#2871 = ADVANCED_FACE('',(#2872),#2897,.F.);
#2872 = FACE_BOUND('',#2873,.F.);
#2873 = EDGE_LOOP('',(#2874,#2875,#2883,#2891));
#2874 = ORIENTED_EDGE('',*,*,#2851,.T.);
#2875 = ORIENTED_EDGE('',*,*,#2876,.T.);
#2876 = EDGE_CURVE('',#2852,#2877,#2879,.T.);
#2877 = VERTEX_POINT('',#2878);
#2878 = CARTESIAN_POINT('',(1.27,6.04159,2.5));
#2879 = LINE('',#2880,#2881);
#2880 = CARTESIAN_POINT('',(1.27,4.125594,2.5));
#2881 = VECTOR('',#2882,1.);
#2882 = DIRECTION('',(0.,1.,0.));
#2883 = ORIENTED_EDGE('',*,*,#2884,.F.);
#2884 = EDGE_CURVE('',#2885,#2877,#2887,.T.);
#2885 = VERTEX_POINT('',#2886);
#2886 = CARTESIAN_POINT('',(1.27,6.04159,0.));
#2887 = LINE('',#2888,#2889);
#2888 = CARTESIAN_POINT('',(1.27,6.04159,0.));
#2889 = VECTOR('',#2890,1.);
#2890 = DIRECTION('',(0.,0.,1.));
#2891 = ORIENTED_EDGE('',*,*,#2892,.F.);
#2892 = EDGE_CURVE('',#2843,#2885,#2893,.T.);
#2893 = LINE('',#2894,#2895);
#2894 = CARTESIAN_POINT('',(1.27,4.125594,0.));
#2895 = VECTOR('',#2896,1.);
#2896 = DIRECTION('',(0.,1.,0.));
#2897 = PLANE('',#2898);
#2898 = AXIS2_PLACEMENT_3D('',#2899,#2900,#2901);
#2899 = CARTESIAN_POINT('',(1.27,4.125594,0.));
#2900 = DIRECTION('',(-1.,0.,0.));
#2901 = DIRECTION('',(0.,1.,0.));
#2902 = ADVANCED_FACE('',(#2903),#2930,.T.);
#2903 = FACE_BOUND('',#2904,.T.);
#2904 = EDGE_LOOP('',(#2905,#2914,#2922,#2929));
#2905 = ORIENTED_EDGE('',*,*,#2906,.T.);
#2906 = EDGE_CURVE('',#2885,#2907,#2909,.T.);
#2907 = VERTEX_POINT('',#2908);
#2908 = CARTESIAN_POINT('',(0.96159,6.35,0.));
#2909 = CIRCLE('',#2910,0.30841);
#2910 = AXIS2_PLACEMENT_3D('',#2911,#2912,#2913);
#2911 = CARTESIAN_POINT('',(0.96159,6.04159,0.));
#2912 = DIRECTION('',(0.,0.,1.));
#2913 = DIRECTION('',(1.,0.,0.));
#2914 = ORIENTED_EDGE('',*,*,#2915,.T.);
#2915 = EDGE_CURVE('',#2907,#2916,#2918,.T.);
#2916 = VERTEX_POINT('',#2917);
#2917 = CARTESIAN_POINT('',(0.96159,6.35,2.5));
#2918 = LINE('',#2919,#2920);
#2919 = CARTESIAN_POINT('',(0.96159,6.35,0.));
#2920 = VECTOR('',#2921,1.);
#2921 = DIRECTION('',(0.,0.,1.));
#2922 = ORIENTED_EDGE('',*,*,#2923,.F.);
#2923 = EDGE_CURVE('',#2877,#2916,#2924,.T.);
#2924 = CIRCLE('',#2925,0.30841);
#2925 = AXIS2_PLACEMENT_3D('',#2926,#2927,#2928);
#2926 = CARTESIAN_POINT('',(0.96159,6.04159,2.5));
#2927 = DIRECTION('',(0.,0.,1.));
#2928 = DIRECTION('',(1.,0.,0.));
#2929 = ORIENTED_EDGE('',*,*,#2884,.F.);
#2930 = CYLINDRICAL_SURFACE('',#2931,0.30841);
#2931 = AXIS2_PLACEMENT_3D('',#2932,#2933,#2934);
#2932 = CARTESIAN_POINT('',(0.96159,6.04159,0.));
#2933 = DIRECTION('',(-0.,-0.,-1.));
#2934 = DIRECTION('',(1.,0.,0.));
#2935 = ADVANCED_FACE('',(#2936),#2961,.F.);
#2936 = FACE_BOUND('',#2937,.F.);
#2937 = EDGE_LOOP('',(#2938,#2939,#2947,#2955));
#2938 = ORIENTED_EDGE('',*,*,#2915,.T.);
#2939 = ORIENTED_EDGE('',*,*,#2940,.T.);
#2940 = EDGE_CURVE('',#2916,#2941,#2943,.T.);
#2941 = VERTEX_POINT('',#2942);
#2942 = CARTESIAN_POINT('',(-0.91079,6.35,2.5));
#2943 = LINE('',#2944,#2945);
#2944 = CARTESIAN_POINT('',(0.96159,6.35,2.5));
#2945 = VECTOR('',#2946,1.);
#2946 = DIRECTION('',(-1.,0.,0.));
#2947 = ORIENTED_EDGE('',*,*,#2948,.F.);
#2948 = EDGE_CURVE('',#2949,#2941,#2951,.T.);
#2949 = VERTEX_POINT('',#2950);
#2950 = CARTESIAN_POINT('',(-0.91079,6.35,0.));
#2951 = LINE('',#2952,#2953);
#2952 = CARTESIAN_POINT('',(-0.91079,6.35,0.));
#2953 = VECTOR('',#2954,1.);
#2954 = DIRECTION('',(0.,0.,1.));
#2955 = ORIENTED_EDGE('',*,*,#2956,.F.);
#2956 = EDGE_CURVE('',#2907,#2949,#2957,.T.);
#2957 = LINE('',#2958,#2959);
#2958 = CARTESIAN_POINT('',(0.96159,6.35,0.));
#2959 = VECTOR('',#2960,1.);
#2960 = DIRECTION('',(-1.,0.,0.));
#2961 = PLANE('',#2962);
#2962 = AXIS2_PLACEMENT_3D('',#2963,#2964,#2965);
#2963 = CARTESIAN_POINT('',(0.96159,6.35,0.));
#2964 = DIRECTION('',(0.,-1.,0.));
#2965 = DIRECTION('',(-1.,0.,0.));
#2966 = ADVANCED_FACE('',(#2967),#2985,.T.);
#2967 = FACE_BOUND('',#2968,.T.);
#2968 = EDGE_LOOP('',(#2969,#2976,#2977,#2984));
#2969 = ORIENTED_EDGE('',*,*,#2970,.T.);
#2970 = EDGE_CURVE('',#2949,#2739,#2971,.T.);
#2971 = CIRCLE('',#2972,0.35921);
#2972 = AXIS2_PLACEMENT_3D('',#2973,#2974,#2975);
#2973 = CARTESIAN_POINT('',(-0.91079,5.99079,0.));
#2974 = DIRECTION('',(0.,0.,1.));
#2975 = DIRECTION('',(1.,0.,0.));
#2976 = ORIENTED_EDGE('',*,*,#2738,.T.);
#2977 = ORIENTED_EDGE('',*,*,#2978,.F.);
#2978 = EDGE_CURVE('',#2941,#2741,#2979,.T.);
#2979 = CIRCLE('',#2980,0.35921);
#2980 = AXIS2_PLACEMENT_3D('',#2981,#2982,#2983);
#2981 = CARTESIAN_POINT('',(-0.91079,5.99079,2.5));
#2982 = DIRECTION('',(0.,0.,1.));
#2983 = DIRECTION('',(1.,0.,0.));
#2984 = ORIENTED_EDGE('',*,*,#2948,.F.);
#2985 = CYLINDRICAL_SURFACE('',#2986,0.35921);
#2986 = AXIS2_PLACEMENT_3D('',#2987,#2988,#2989);
#2987 = CARTESIAN_POINT('',(-0.91079,5.99079,0.));
#2988 = DIRECTION('',(-0.,-0.,-1.));
#2989 = DIRECTION('',(1.,0.,0.));
#2990 = ADVANCED_FACE('',(#2991),#3001,.F.);
#2991 = FACE_BOUND('',#2992,.F.);
#2992 = EDGE_LOOP('',(#2993,#2994,#2995,#2996,#2997,#2998,#2999,#3000));
#2993 = ORIENTED_EDGE('',*,*,#2764,.T.);
#2994 = ORIENTED_EDGE('',*,*,#2778,.T.);
#2995 = ORIENTED_EDGE('',*,*,#2828,.T.);
#2996 = ORIENTED_EDGE('',*,*,#2842,.T.);
#2997 = ORIENTED_EDGE('',*,*,#2892,.T.);
#2998 = ORIENTED_EDGE('',*,*,#2906,.T.);
#2999 = ORIENTED_EDGE('',*,*,#2956,.T.);
#3000 = ORIENTED_EDGE('',*,*,#2970,.T.);
#3001 = PLANE('',#3002);
#3002 = AXIS2_PLACEMENT_3D('',#3003,#3004,#3005);
#3003 = CARTESIAN_POINT('',(2.851582203278E-03,5.077148417797,0.));
#3004 = DIRECTION('',(0.,0.,1.));
#3005 = DIRECTION('',(1.,0.,0.));
#3006 = ADVANCED_FACE('',(#3007),#3017,.T.);
#3007 = FACE_BOUND('',#3008,.T.);
#3008 = EDGE_LOOP('',(#3009,#3010,#3011,#3012,#3013,#3014,#3015,#3016));
#3009 = ORIENTED_EDGE('',*,*,#2748,.T.);
#3010 = ORIENTED_EDGE('',*,*,#2795,.T.);
#3011 = ORIENTED_EDGE('',*,*,#2812,.T.);
#3012 = ORIENTED_EDGE('',*,*,#2859,.T.);
#3013 = ORIENTED_EDGE('',*,*,#2876,.T.);
#3014 = ORIENTED_EDGE('',*,*,#2923,.T.);
#3015 = ORIENTED_EDGE('',*,*,#2940,.T.);
#3016 = ORIENTED_EDGE('',*,*,#2978,.T.);
#3017 = PLANE('',#3018);
#3018 = AXIS2_PLACEMENT_3D('',#3019,#3020,#3021);
#3019 = CARTESIAN_POINT('',(2.851582203278E-03,5.077148417797,2.5));
#3020 = DIRECTION('',(0.,0.,1.));
#3021 = DIRECTION('',(1.,0.,0.));
#3022 = MANIFOLD_SOLID_BREP('',#3023);
#3023 = CLOSED_SHELL('',(#3024,#3064,#3097,#3128,#3161,#3192,#3225,#3256
    ,#3280,#3296));
#3024 = ADVANCED_FACE('',(#3025),#3059,.F.);
#3025 = FACE_BOUND('',#3026,.F.);
#3026 = EDGE_LOOP('',(#3027,#3037,#3045,#3053));
#3027 = ORIENTED_EDGE('',*,*,#3028,.T.);
#3028 = EDGE_CURVE('',#3029,#3031,#3033,.T.);
#3029 = VERTEX_POINT('',#3030);
#3030 = CARTESIAN_POINT('',(-1.27,8.53079,0.));
#3031 = VERTEX_POINT('',#3032);
#3032 = CARTESIAN_POINT('',(-1.27,8.53079,2.5));
#3033 = LINE('',#3034,#3035);
#3034 = CARTESIAN_POINT('',(-1.27,8.53079,0.));
#3035 = VECTOR('',#3036,1.);
#3036 = DIRECTION('',(0.,0.,1.));
#3037 = ORIENTED_EDGE('',*,*,#3038,.T.);
#3038 = EDGE_CURVE('',#3031,#3039,#3041,.T.);
#3039 = VERTEX_POINT('',#3040);
#3040 = CARTESIAN_POINT('',(-1.27,6.65841,2.5));
#3041 = LINE('',#3042,#3043);
#3042 = CARTESIAN_POINT('',(-1.27,8.53079,2.5));
#3043 = VECTOR('',#3044,1.);
#3044 = DIRECTION('',(0.,-1.,0.));
#3045 = ORIENTED_EDGE('',*,*,#3046,.F.);
#3046 = EDGE_CURVE('',#3047,#3039,#3049,.T.);
#3047 = VERTEX_POINT('',#3048);
#3048 = CARTESIAN_POINT('',(-1.27,6.65841,0.));
#3049 = LINE('',#3050,#3051);
#3050 = CARTESIAN_POINT('',(-1.27,6.65841,0.));
#3051 = VECTOR('',#3052,1.);
#3052 = DIRECTION('',(0.,0.,1.));
#3053 = ORIENTED_EDGE('',*,*,#3054,.F.);
#3054 = EDGE_CURVE('',#3029,#3047,#3055,.T.);
#3055 = LINE('',#3056,#3057);
#3056 = CARTESIAN_POINT('',(-1.27,8.53079,0.));
#3057 = VECTOR('',#3058,1.);
#3058 = DIRECTION('',(0.,-1.,0.));
#3059 = PLANE('',#3060);
#3060 = AXIS2_PLACEMENT_3D('',#3061,#3062,#3063);
#3061 = CARTESIAN_POINT('',(-1.27,8.53079,0.));
#3062 = DIRECTION('',(1.,0.,0.));
#3063 = DIRECTION('',(0.,-1.,0.));
#3064 = ADVANCED_FACE('',(#3065),#3092,.T.);
#3065 = FACE_BOUND('',#3066,.T.);
#3066 = EDGE_LOOP('',(#3067,#3076,#3084,#3091));
#3067 = ORIENTED_EDGE('',*,*,#3068,.T.);
#3068 = EDGE_CURVE('',#3047,#3069,#3071,.T.);
#3069 = VERTEX_POINT('',#3070);
#3070 = CARTESIAN_POINT('',(-0.96159,6.35,0.));
#3071 = CIRCLE('',#3072,0.30841);
#3072 = AXIS2_PLACEMENT_3D('',#3073,#3074,#3075);
#3073 = CARTESIAN_POINT('',(-0.96159,6.65841,0.));
#3074 = DIRECTION('',(0.,0.,1.));
#3075 = DIRECTION('',(1.,0.,0.));
#3076 = ORIENTED_EDGE('',*,*,#3077,.T.);
#3077 = EDGE_CURVE('',#3069,#3078,#3080,.T.);
#3078 = VERTEX_POINT('',#3079);
#3079 = CARTESIAN_POINT('',(-0.96159,6.35,2.5));
#3080 = LINE('',#3081,#3082);
#3081 = CARTESIAN_POINT('',(-0.96159,6.35,0.));
#3082 = VECTOR('',#3083,1.);
#3083 = DIRECTION('',(0.,0.,1.));
#3084 = ORIENTED_EDGE('',*,*,#3085,.F.);
#3085 = EDGE_CURVE('',#3039,#3078,#3086,.T.);
#3086 = CIRCLE('',#3087,0.30841);
#3087 = AXIS2_PLACEMENT_3D('',#3088,#3089,#3090);
#3088 = CARTESIAN_POINT('',(-0.96159,6.65841,2.5));
#3089 = DIRECTION('',(0.,0.,1.));
#3090 = DIRECTION('',(1.,0.,0.));
#3091 = ORIENTED_EDGE('',*,*,#3046,.F.);
#3092 = CYLINDRICAL_SURFACE('',#3093,0.30841);
#3093 = AXIS2_PLACEMENT_3D('',#3094,#3095,#3096);
#3094 = CARTESIAN_POINT('',(-0.96159,6.65841,0.));
#3095 = DIRECTION('',(-0.,-0.,-1.));
#3096 = DIRECTION('',(1.,0.,0.));
#3097 = ADVANCED_FACE('',(#3098),#3123,.F.);
#3098 = FACE_BOUND('',#3099,.F.);
#3099 = EDGE_LOOP('',(#3100,#3101,#3109,#3117));
#3100 = ORIENTED_EDGE('',*,*,#3077,.T.);
#3101 = ORIENTED_EDGE('',*,*,#3102,.T.);
#3102 = EDGE_CURVE('',#3078,#3103,#3105,.T.);
#3103 = VERTEX_POINT('',#3104);
#3104 = CARTESIAN_POINT('',(0.954406,6.35,2.5));
#3105 = LINE('',#3106,#3107);
#3106 = CARTESIAN_POINT('',(-0.96159,6.35,2.5));
#3107 = VECTOR('',#3108,1.);
#3108 = DIRECTION('',(1.,0.,0.));
#3109 = ORIENTED_EDGE('',*,*,#3110,.F.);
#3110 = EDGE_CURVE('',#3111,#3103,#3113,.T.);
#3111 = VERTEX_POINT('',#3112);
#3112 = CARTESIAN_POINT('',(0.954406,6.35,0.));
#3113 = LINE('',#3114,#3115);
#3114 = CARTESIAN_POINT('',(0.954406,6.35,0.));
#3115 = VECTOR('',#3116,1.);
#3116 = DIRECTION('',(0.,0.,1.));
#3117 = ORIENTED_EDGE('',*,*,#3118,.F.);
#3118 = EDGE_CURVE('',#3069,#3111,#3119,.T.);
#3119 = LINE('',#3120,#3121);
#3120 = CARTESIAN_POINT('',(-0.96159,6.35,0.));
#3121 = VECTOR('',#3122,1.);
#3122 = DIRECTION('',(1.,0.,0.));
#3123 = PLANE('',#3124);
#3124 = AXIS2_PLACEMENT_3D('',#3125,#3126,#3127);
#3125 = CARTESIAN_POINT('',(-0.96159,6.35,0.));
#3126 = DIRECTION('',(0.,1.,0.));
#3127 = DIRECTION('',(1.,0.,0.));
#3128 = ADVANCED_FACE('',(#3129),#3156,.T.);
#3129 = FACE_BOUND('',#3130,.T.);
#3130 = EDGE_LOOP('',(#3131,#3140,#3148,#3155));
#3131 = ORIENTED_EDGE('',*,*,#3132,.T.);
#3132 = EDGE_CURVE('',#3111,#3133,#3135,.T.);
#3133 = VERTEX_POINT('',#3134);
#3134 = CARTESIAN_POINT('',(1.27,6.665594,0.));
#3135 = CIRCLE('',#3136,0.315594);
#3136 = AXIS2_PLACEMENT_3D('',#3137,#3138,#3139);
#3137 = CARTESIAN_POINT('',(0.954406,6.665594,0.));
#3138 = DIRECTION('',(0.,0.,1.));
#3139 = DIRECTION('',(1.,0.,0.));
#3140 = ORIENTED_EDGE('',*,*,#3141,.T.);
#3141 = EDGE_CURVE('',#3133,#3142,#3144,.T.);
#3142 = VERTEX_POINT('',#3143);
#3143 = CARTESIAN_POINT('',(1.27,6.665594,2.5));
#3144 = LINE('',#3145,#3146);
#3145 = CARTESIAN_POINT('',(1.27,6.665594,0.));
#3146 = VECTOR('',#3147,1.);
#3147 = DIRECTION('',(0.,0.,1.));
#3148 = ORIENTED_EDGE('',*,*,#3149,.F.);
#3149 = EDGE_CURVE('',#3103,#3142,#3150,.T.);
#3150 = CIRCLE('',#3151,0.315594);
#3151 = AXIS2_PLACEMENT_3D('',#3152,#3153,#3154);
#3152 = CARTESIAN_POINT('',(0.954406,6.665594,2.5));
#3153 = DIRECTION('',(0.,0.,1.));
#3154 = DIRECTION('',(1.,0.,0.));
#3155 = ORIENTED_EDGE('',*,*,#3110,.F.);
#3156 = CYLINDRICAL_SURFACE('',#3157,0.315594);
#3157 = AXIS2_PLACEMENT_3D('',#3158,#3159,#3160);
#3158 = CARTESIAN_POINT('',(0.954406,6.665594,0.));
#3159 = DIRECTION('',(-0.,-0.,-1.));
#3160 = DIRECTION('',(1.,0.,0.));
#3161 = ADVANCED_FACE('',(#3162),#3187,.F.);
#3162 = FACE_BOUND('',#3163,.F.);
#3163 = EDGE_LOOP('',(#3164,#3165,#3173,#3181));
#3164 = ORIENTED_EDGE('',*,*,#3141,.T.);
#3165 = ORIENTED_EDGE('',*,*,#3166,.T.);
#3166 = EDGE_CURVE('',#3142,#3167,#3169,.T.);
#3167 = VERTEX_POINT('',#3168);
#3168 = CARTESIAN_POINT('',(1.27,8.58159,2.5));
#3169 = LINE('',#3170,#3171);
#3170 = CARTESIAN_POINT('',(1.27,6.665594,2.5));
#3171 = VECTOR('',#3172,1.);
#3172 = DIRECTION('',(0.,1.,0.));
#3173 = ORIENTED_EDGE('',*,*,#3174,.F.);
#3174 = EDGE_CURVE('',#3175,#3167,#3177,.T.);
#3175 = VERTEX_POINT('',#3176);
#3176 = CARTESIAN_POINT('',(1.27,8.58159,0.));
#3177 = LINE('',#3178,#3179);
#3178 = CARTESIAN_POINT('',(1.27,8.58159,0.));
#3179 = VECTOR('',#3180,1.);
#3180 = DIRECTION('',(0.,0.,1.));
#3181 = ORIENTED_EDGE('',*,*,#3182,.F.);
#3182 = EDGE_CURVE('',#3133,#3175,#3183,.T.);
#3183 = LINE('',#3184,#3185);
#3184 = CARTESIAN_POINT('',(1.27,6.665594,0.));
#3185 = VECTOR('',#3186,1.);
#3186 = DIRECTION('',(0.,1.,0.));
#3187 = PLANE('',#3188);
#3188 = AXIS2_PLACEMENT_3D('',#3189,#3190,#3191);
#3189 = CARTESIAN_POINT('',(1.27,6.665594,0.));
#3190 = DIRECTION('',(-1.,0.,0.));
#3191 = DIRECTION('',(0.,1.,0.));
#3192 = ADVANCED_FACE('',(#3193),#3220,.T.);
#3193 = FACE_BOUND('',#3194,.T.);
#3194 = EDGE_LOOP('',(#3195,#3204,#3212,#3219));
#3195 = ORIENTED_EDGE('',*,*,#3196,.T.);
#3196 = EDGE_CURVE('',#3175,#3197,#3199,.T.);
#3197 = VERTEX_POINT('',#3198);
#3198 = CARTESIAN_POINT('',(0.96159,8.89,0.));
#3199 = CIRCLE('',#3200,0.30841);
#3200 = AXIS2_PLACEMENT_3D('',#3201,#3202,#3203);
#3201 = CARTESIAN_POINT('',(0.96159,8.58159,0.));
#3202 = DIRECTION('',(0.,0.,1.));
#3203 = DIRECTION('',(1.,0.,0.));
#3204 = ORIENTED_EDGE('',*,*,#3205,.T.);
#3205 = EDGE_CURVE('',#3197,#3206,#3208,.T.);
#3206 = VERTEX_POINT('',#3207);
#3207 = CARTESIAN_POINT('',(0.96159,8.89,2.5));
#3208 = LINE('',#3209,#3210);
#3209 = CARTESIAN_POINT('',(0.96159,8.89,0.));
#3210 = VECTOR('',#3211,1.);
#3211 = DIRECTION('',(0.,0.,1.));
#3212 = ORIENTED_EDGE('',*,*,#3213,.F.);
#3213 = EDGE_CURVE('',#3167,#3206,#3214,.T.);
#3214 = CIRCLE('',#3215,0.30841);
#3215 = AXIS2_PLACEMENT_3D('',#3216,#3217,#3218);
#3216 = CARTESIAN_POINT('',(0.96159,8.58159,2.5));
#3217 = DIRECTION('',(0.,0.,1.));
#3218 = DIRECTION('',(1.,0.,0.));
#3219 = ORIENTED_EDGE('',*,*,#3174,.F.);
#3220 = CYLINDRICAL_SURFACE('',#3221,0.30841);
#3221 = AXIS2_PLACEMENT_3D('',#3222,#3223,#3224);
#3222 = CARTESIAN_POINT('',(0.96159,8.58159,0.));
#3223 = DIRECTION('',(-0.,-0.,-1.));
#3224 = DIRECTION('',(1.,0.,0.));
#3225 = ADVANCED_FACE('',(#3226),#3251,.F.);
#3226 = FACE_BOUND('',#3227,.F.);
#3227 = EDGE_LOOP('',(#3228,#3229,#3237,#3245));
#3228 = ORIENTED_EDGE('',*,*,#3205,.T.);
#3229 = ORIENTED_EDGE('',*,*,#3230,.T.);
#3230 = EDGE_CURVE('',#3206,#3231,#3233,.T.);
#3231 = VERTEX_POINT('',#3232);
#3232 = CARTESIAN_POINT('',(-0.91079,8.89,2.5));
#3233 = LINE('',#3234,#3235);
#3234 = CARTESIAN_POINT('',(0.96159,8.89,2.5));
#3235 = VECTOR('',#3236,1.);
#3236 = DIRECTION('',(-1.,0.,0.));
#3237 = ORIENTED_EDGE('',*,*,#3238,.F.);
#3238 = EDGE_CURVE('',#3239,#3231,#3241,.T.);
#3239 = VERTEX_POINT('',#3240);
#3240 = CARTESIAN_POINT('',(-0.91079,8.89,0.));
#3241 = LINE('',#3242,#3243);
#3242 = CARTESIAN_POINT('',(-0.91079,8.89,0.));
#3243 = VECTOR('',#3244,1.);
#3244 = DIRECTION('',(0.,0.,1.));
#3245 = ORIENTED_EDGE('',*,*,#3246,.F.);
#3246 = EDGE_CURVE('',#3197,#3239,#3247,.T.);
#3247 = LINE('',#3248,#3249);
#3248 = CARTESIAN_POINT('',(0.96159,8.89,0.));
#3249 = VECTOR('',#3250,1.);
#3250 = DIRECTION('',(-1.,0.,0.));
#3251 = PLANE('',#3252);
#3252 = AXIS2_PLACEMENT_3D('',#3253,#3254,#3255);
#3253 = CARTESIAN_POINT('',(0.96159,8.89,0.));
#3254 = DIRECTION('',(0.,-1.,0.));
#3255 = DIRECTION('',(-1.,0.,0.));
#3256 = ADVANCED_FACE('',(#3257),#3275,.T.);
#3257 = FACE_BOUND('',#3258,.T.);
#3258 = EDGE_LOOP('',(#3259,#3266,#3267,#3274));
#3259 = ORIENTED_EDGE('',*,*,#3260,.T.);
#3260 = EDGE_CURVE('',#3239,#3029,#3261,.T.);
#3261 = CIRCLE('',#3262,0.35921);
#3262 = AXIS2_PLACEMENT_3D('',#3263,#3264,#3265);
#3263 = CARTESIAN_POINT('',(-0.91079,8.53079,0.));
#3264 = DIRECTION('',(0.,0.,1.));
#3265 = DIRECTION('',(1.,0.,0.));
#3266 = ORIENTED_EDGE('',*,*,#3028,.T.);
#3267 = ORIENTED_EDGE('',*,*,#3268,.F.);
#3268 = EDGE_CURVE('',#3231,#3031,#3269,.T.);
#3269 = CIRCLE('',#3270,0.35921);
#3270 = AXIS2_PLACEMENT_3D('',#3271,#3272,#3273);
#3271 = CARTESIAN_POINT('',(-0.91079,8.53079,2.5));
#3272 = DIRECTION('',(0.,0.,1.));
#3273 = DIRECTION('',(1.,0.,0.));
#3274 = ORIENTED_EDGE('',*,*,#3238,.F.);
#3275 = CYLINDRICAL_SURFACE('',#3276,0.35921);
#3276 = AXIS2_PLACEMENT_3D('',#3277,#3278,#3279);
#3277 = CARTESIAN_POINT('',(-0.91079,8.53079,0.));
#3278 = DIRECTION('',(-0.,-0.,-1.));
#3279 = DIRECTION('',(1.,0.,0.));
#3280 = ADVANCED_FACE('',(#3281),#3291,.F.);
#3281 = FACE_BOUND('',#3282,.F.);
#3282 = EDGE_LOOP('',(#3283,#3284,#3285,#3286,#3287,#3288,#3289,#3290));
#3283 = ORIENTED_EDGE('',*,*,#3054,.T.);
#3284 = ORIENTED_EDGE('',*,*,#3068,.T.);
#3285 = ORIENTED_EDGE('',*,*,#3118,.T.);
#3286 = ORIENTED_EDGE('',*,*,#3132,.T.);
#3287 = ORIENTED_EDGE('',*,*,#3182,.T.);
#3288 = ORIENTED_EDGE('',*,*,#3196,.T.);
#3289 = ORIENTED_EDGE('',*,*,#3246,.T.);
#3290 = ORIENTED_EDGE('',*,*,#3260,.T.);
#3291 = PLANE('',#3292);
#3292 = AXIS2_PLACEMENT_3D('',#3293,#3294,#3295);
#3293 = CARTESIAN_POINT('',(2.851582203278E-03,7.617148417797,0.));
#3294 = DIRECTION('',(0.,0.,1.));
#3295 = DIRECTION('',(1.,0.,0.));
#3296 = ADVANCED_FACE('',(#3297),#3307,.T.);
#3297 = FACE_BOUND('',#3298,.T.);
#3298 = EDGE_LOOP('',(#3299,#3300,#3301,#3302,#3303,#3304,#3305,#3306));
#3299 = ORIENTED_EDGE('',*,*,#3038,.T.);
#3300 = ORIENTED_EDGE('',*,*,#3085,.T.);
#3301 = ORIENTED_EDGE('',*,*,#3102,.T.);
#3302 = ORIENTED_EDGE('',*,*,#3149,.T.);
#3303 = ORIENTED_EDGE('',*,*,#3166,.T.);
#3304 = ORIENTED_EDGE('',*,*,#3213,.T.);
#3305 = ORIENTED_EDGE('',*,*,#3230,.T.);
#3306 = ORIENTED_EDGE('',*,*,#3268,.T.);
#3307 = PLANE('',#3308);
#3308 = AXIS2_PLACEMENT_3D('',#3309,#3310,#3311);
#3309 = CARTESIAN_POINT('',(2.851582203278E-03,7.617148417797,2.5));
#3310 = DIRECTION('',(0.,0.,1.));
#3311 = DIRECTION('',(1.,0.,0.));
#3312 = ( GEOMETRIC_REPRESENTATION_CONTEXT(3) 
GLOBAL_UNCERTAINTY_ASSIGNED_CONTEXT((#3316)) 
GLOBAL_UNIT_ASSIGNED_CONTEXT((#3313,#3314,#3315)) REPRESENTATION_CONTEXT
('Context #1','3D Context with UNIT and UNCERTAINTY') );
#3313 = ( LENGTH_UNIT() NAMED_UNIT(*) SI_UNIT(.MILLI.,.METRE.) );
#3314 = ( NAMED_UNIT(*) PLANE_ANGLE_UNIT() SI_UNIT($,.RADIAN.) );
#3315 = ( NAMED_UNIT(*) SI_UNIT($,.STERADIAN.) SOLID_ANGLE_UNIT() );
#3316 = UNCERTAINTY_MEASURE_WITH_UNIT(LENGTH_MEASURE(1.E-07),#3313,
  'distance_accuracy_value','confusion accuracy');
#3317 = CONTEXT_DEPENDENT_SHAPE_REPRESENTATION(#3318,#3320);
#3318 = ( REPRESENTATION_RELATIONSHIP('','',#1007,#984) 
REPRESENTATION_RELATIONSHIP_WITH_TRANSFORMATION(#3319) 
SHAPE_REPRESENTATION_RELATIONSHIP() );
#3319 = ITEM_DEFINED_TRANSFORMATION('','',#11,#985);
#3320 = PRODUCT_DEFINITION_SHAPE('Placement','Placement of an item',
  #3321);
#3321 = NEXT_ASSEMBLY_USAGE_OCCURRENCE('3','=>[0:1:1:5]','',#979,#1002,$
  );
#3322 = PRODUCT_RELATED_PRODUCT_CATEGORY('part',$,(#1004));
#3323 = CONTEXT_DEPENDENT_SHAPE_REPRESENTATION(#3324,#3326);
#3324 = ( REPRESENTATION_RELATIONSHIP('','',#88,#10) 
REPRESENTATION_RELATIONSHIP_WITH_TRANSFORMATION(#3325) 
SHAPE_REPRESENTATION_RELATIONSHIP() );
#3325 = ITEM_DEFINED_TRANSFORMATION('','',#11,#23);
#3326 = PRODUCT_DEFINITION_SHAPE('Placement','Placement of an item',
  #3327);
#3327 = NEXT_ASSEMBLY_USAGE_OCCURRENCE('5','C1','',#5,#83,$);
#3328 = SHAPE_DEFINITION_REPRESENTATION(#3329,#3335);
#3329 = PRODUCT_DEFINITION_SHAPE('','',#3330);
#3330 = PRODUCT_DEFINITION('design','',#3331,#3334);
#3331 = PRODUCT_DEFINITION_FORMATION('','',#3332);
#3332 = PRODUCT('R_0402_1005Metric','R_0402_1005Metric','',(#3333));
#3333 = PRODUCT_CONTEXT('',#2,'mechanical');
#3334 = PRODUCT_DEFINITION_CONTEXT('part definition',#2,'design');
#3335 = SHAPE_REPRESENTATION('',(#11,#3336),#3340);
#3336 = AXIS2_PLACEMENT_3D('',#3337,#3338,#3339);
#3337 = CARTESIAN_POINT('',(0.,0.,0.));
#3338 = DIRECTION('',(0.,0.,1.));
#3339 = DIRECTION('',(1.,0.,-0.));
#3340 = ( GEOMETRIC_REPRESENTATION_CONTEXT(3) 
GLOBAL_UNCERTAINTY_ASSIGNED_CONTEXT((#3344)) 
GLOBAL_UNIT_ASSIGNED_CONTEXT((#3341,#3342,#3343)) REPRESENTATION_CONTEXT
('Context #1','3D Context with UNIT and UNCERTAINTY') );
#3341 = ( LENGTH_UNIT() NAMED_UNIT(*) SI_UNIT(.MILLI.,.METRE.) );
#3342 = ( NAMED_UNIT(*) PLANE_ANGLE_UNIT() SI_UNIT($,.RADIAN.) );
#3343 = ( NAMED_UNIT(*) SI_UNIT($,.STERADIAN.) SOLID_ANGLE_UNIT() );
#3344 = UNCERTAINTY_MEASURE_WITH_UNIT(LENGTH_MEASURE(1.E-07),#3341,
  'distance_accuracy_value','confusion accuracy');
#3345 = CONTEXT_DEPENDENT_SHAPE_REPRESENTATION(#3346,#3348);
#3346 = ( REPRESENTATION_RELATIONSHIP('','',#3335,#10) 
REPRESENTATION_RELATIONSHIP_WITH_TRANSFORMATION(#3347) 
SHAPE_REPRESENTATION_RELATIONSHIP() );
#3347 = ITEM_DEFINED_TRANSFORMATION('','',#11,#27);
#3348 = PRODUCT_DEFINITION_SHAPE('Placement','Placement of an item',
  #3349);
#3349 = NEXT_ASSEMBLY_USAGE_OCCURRENCE('7','R3','',#5,#3330,$);
#3350 = PRODUCT_RELATED_PRODUCT_CATEGORY('part',$,(#3332));
#3351 = SHAPE_DEFINITION_REPRESENTATION(#3352,#3358);
#3352 = PRODUCT_DEFINITION_SHAPE('','',#3353);
#3353 = PRODUCT_DEFINITION('design','',#3354,#3357);
#3354 = PRODUCT_DEFINITION_FORMATION('','',#3355);
#3355 = PRODUCT('R_0402_1005Metric','R_0402_1005Metric','',(#3356));
#3356 = PRODUCT_CONTEXT('',#2,'mechanical');
#3357 = PRODUCT_DEFINITION_CONTEXT('part definition',#2,'design');
#3358 = ADVANCED_BREP_SHAPE_REPRESENTATION('',(#11,#3359),#4149);
#3359 = MANIFOLD_SOLID_BREP('',#3360);
#3360 = CLOSED_SHELL('',(#3361,#3401,#3484,#3509,#3534,#3601,#3618,#3635
    ,#3684,#3701,#3718,#3767,#3784,#3853,#3884,#3908,#3977,#4001,#4018,
    #4035,#4052,#4069,#4086,#4103,#4120,#4137));
#3361 = ADVANCED_FACE('',(#3362),#3396,.F.);
#3362 = FACE_BOUND('',#3363,.F.);
#3363 = EDGE_LOOP('',(#3364,#3374,#3382,#3390));
#3364 = ORIENTED_EDGE('',*,*,#3365,.F.);
#3365 = EDGE_CURVE('',#3366,#3368,#3370,.T.);
#3366 = VERTEX_POINT('',#3367);
#3367 = CARTESIAN_POINT('',(-0.5,-0.25,3.5E-02));
#3368 = VERTEX_POINT('',#3369);
#3369 = CARTESIAN_POINT('',(-0.5,-0.25,0.315));
#3370 = LINE('',#3371,#3372);
#3371 = CARTESIAN_POINT('',(-0.5,-0.25,0.));
#3372 = VECTOR('',#3373,1.);
#3373 = DIRECTION('',(0.,0.,1.));
#3374 = ORIENTED_EDGE('',*,*,#3375,.T.);
#3375 = EDGE_CURVE('',#3366,#3376,#3378,.T.);
#3376 = VERTEX_POINT('',#3377);
#3377 = CARTESIAN_POINT('',(-0.5,0.25,3.5E-02));
#3378 = LINE('',#3379,#3380);
#3379 = CARTESIAN_POINT('',(-0.5,-0.25,3.5E-02));
#3380 = VECTOR('',#3381,1.);
#3381 = DIRECTION('',(0.,1.,0.));
#3382 = ORIENTED_EDGE('',*,*,#3383,.T.);
#3383 = EDGE_CURVE('',#3376,#3384,#3386,.T.);
#3384 = VERTEX_POINT('',#3385);
#3385 = CARTESIAN_POINT('',(-0.5,0.25,0.315));
#3386 = LINE('',#3387,#3388);
#3387 = CARTESIAN_POINT('',(-0.5,0.25,0.));
#3388 = VECTOR('',#3389,1.);
#3389 = DIRECTION('',(0.,0.,1.));
#3390 = ORIENTED_EDGE('',*,*,#3391,.F.);
#3391 = EDGE_CURVE('',#3368,#3384,#3392,.T.);
#3392 = LINE('',#3393,#3394);
#3393 = CARTESIAN_POINT('',(-0.5,-0.25,0.315));
#3394 = VECTOR('',#3395,1.);
#3395 = DIRECTION('',(0.,1.,0.));
#3396 = PLANE('',#3397);
#3397 = AXIS2_PLACEMENT_3D('',#3398,#3399,#3400);
#3398 = CARTESIAN_POINT('',(-0.5,-0.25,0.));
#3399 = DIRECTION('',(1.,0.,0.));
#3400 = DIRECTION('',(0.,0.,1.));
#3401 = ADVANCED_FACE('',(#3402),#3479,.F.);
#3402 = FACE_BOUND('',#3403,.F.);
#3403 = EDGE_LOOP('',(#3404,#3414,#3421,#3422,#3431,#3439,#3448,#3456,
    #3464,#3472));
#3404 = ORIENTED_EDGE('',*,*,#3405,.F.);
#3405 = EDGE_CURVE('',#3406,#3408,#3410,.T.);
#3406 = VERTEX_POINT('',#3407);
#3407 = CARTESIAN_POINT('',(-0.465,-0.25,-2.775557561563E-17));
#3408 = VERTEX_POINT('',#3409);
#3409 = CARTESIAN_POINT('',(-0.335,-0.25,-2.775557561563E-17));
#3410 = LINE('',#3411,#3412);
#3411 = CARTESIAN_POINT('',(-0.5,-0.25,0.));
#3412 = VECTOR('',#3413,1.);
#3413 = DIRECTION('',(1.,0.,0.));
#3414 = ORIENTED_EDGE('',*,*,#3415,.F.);
#3415 = EDGE_CURVE('',#3366,#3406,#3416,.T.);
#3416 = CIRCLE('',#3417,3.5E-02);
#3417 = AXIS2_PLACEMENT_3D('',#3418,#3419,#3420);
#3418 = CARTESIAN_POINT('',(-0.465,-0.25,3.5E-02));
#3419 = DIRECTION('',(0.,-1.,0.));
#3420 = DIRECTION('',(0.,0.,1.));
#3421 = ORIENTED_EDGE('',*,*,#3365,.T.);
#3422 = ORIENTED_EDGE('',*,*,#3423,.T.);
#3423 = EDGE_CURVE('',#3368,#3424,#3426,.T.);
#3424 = VERTEX_POINT('',#3425);
#3425 = CARTESIAN_POINT('',(-0.465,-0.25,0.35));
#3426 = CIRCLE('',#3427,3.5E-02);
#3427 = AXIS2_PLACEMENT_3D('',#3428,#3429,#3430);
#3428 = CARTESIAN_POINT('',(-0.465,-0.25,0.315));
#3429 = DIRECTION('',(0.,1.,0.));
#3430 = DIRECTION('',(0.,-0.,1.));
#3431 = ORIENTED_EDGE('',*,*,#3432,.T.);
#3432 = EDGE_CURVE('',#3424,#3433,#3435,.T.);
#3433 = VERTEX_POINT('',#3434);
#3434 = CARTESIAN_POINT('',(-0.335,-0.25,0.35));
#3435 = LINE('',#3436,#3437);
#3436 = CARTESIAN_POINT('',(-0.5,-0.25,0.35));
#3437 = VECTOR('',#3438,1.);
#3438 = DIRECTION('',(1.,0.,0.));
#3439 = ORIENTED_EDGE('',*,*,#3440,.F.);
#3440 = EDGE_CURVE('',#3441,#3433,#3443,.T.);
#3441 = VERTEX_POINT('',#3442);
#3442 = CARTESIAN_POINT('',(-0.3,-0.25,0.315));
#3443 = CIRCLE('',#3444,3.5E-02);
#3444 = AXIS2_PLACEMENT_3D('',#3445,#3446,#3447);
#3445 = CARTESIAN_POINT('',(-0.335,-0.25,0.315));
#3446 = DIRECTION('',(0.,-1.,0.));
#3447 = DIRECTION('',(0.,0.,1.));
#3448 = ORIENTED_EDGE('',*,*,#3449,.F.);
#3449 = EDGE_CURVE('',#3450,#3441,#3452,.T.);
#3450 = VERTEX_POINT('',#3451);
#3451 = CARTESIAN_POINT('',(-0.465,-0.25,0.315));
#3452 = LINE('',#3453,#3454);
#3453 = CARTESIAN_POINT('',(-0.465,-0.25,0.315));
#3454 = VECTOR('',#3455,1.);
#3455 = DIRECTION('',(1.,0.,0.));
#3456 = ORIENTED_EDGE('',*,*,#3457,.F.);
#3457 = EDGE_CURVE('',#3458,#3450,#3460,.T.);
#3458 = VERTEX_POINT('',#3459);
#3459 = CARTESIAN_POINT('',(-0.465,-0.25,3.5E-02));
#3460 = LINE('',#3461,#3462);
#3461 = CARTESIAN_POINT('',(-0.465,-0.25,3.5E-02));
#3462 = VECTOR('',#3463,1.);
#3463 = DIRECTION('',(0.,0.,1.));
#3464 = ORIENTED_EDGE('',*,*,#3465,.T.);
#3465 = EDGE_CURVE('',#3458,#3466,#3468,.T.);
#3466 = VERTEX_POINT('',#3467);
#3467 = CARTESIAN_POINT('',(-0.3,-0.25,3.5E-02));
#3468 = LINE('',#3469,#3470);
#3469 = CARTESIAN_POINT('',(-0.465,-0.25,3.5E-02));
#3470 = VECTOR('',#3471,1.);
#3471 = DIRECTION('',(1.,0.,0.));
#3472 = ORIENTED_EDGE('',*,*,#3473,.T.);
#3473 = EDGE_CURVE('',#3466,#3408,#3474,.T.);
#3474 = CIRCLE('',#3475,3.5E-02);
#3475 = AXIS2_PLACEMENT_3D('',#3476,#3477,#3478);
#3476 = CARTESIAN_POINT('',(-0.335,-0.25,3.5E-02));
#3477 = DIRECTION('',(0.,1.,0.));
#3478 = DIRECTION('',(0.,-0.,1.));
#3479 = PLANE('',#3480);
#3480 = AXIS2_PLACEMENT_3D('',#3481,#3482,#3483);
#3481 = CARTESIAN_POINT('',(-0.5,-0.25,0.));
#3482 = DIRECTION('',(0.,1.,0.));
#3483 = DIRECTION('',(0.,-0.,1.));
#3484 = ADVANCED_FACE('',(#3485),#3504,.T.);
#3485 = FACE_BOUND('',#3486,.T.);
#3486 = EDGE_LOOP('',(#3487,#3488,#3497,#3503));
#3487 = ORIENTED_EDGE('',*,*,#3375,.T.);
#3488 = ORIENTED_EDGE('',*,*,#3489,.T.);
#3489 = EDGE_CURVE('',#3376,#3490,#3492,.T.);
#3490 = VERTEX_POINT('',#3491);
#3491 = CARTESIAN_POINT('',(-0.465,0.25,-2.775557561563E-17));
#3492 = CIRCLE('',#3493,3.5E-02);
#3493 = AXIS2_PLACEMENT_3D('',#3494,#3495,#3496);
#3494 = CARTESIAN_POINT('',(-0.465,0.25,3.5E-02));
#3495 = DIRECTION('',(0.,-1.,0.));
#3496 = DIRECTION('',(0.,0.,1.));
#3497 = ORIENTED_EDGE('',*,*,#3498,.F.);
#3498 = EDGE_CURVE('',#3406,#3490,#3499,.T.);
#3499 = LINE('',#3500,#3501);
#3500 = CARTESIAN_POINT('',(-0.465,-0.25,-2.775557561563E-17));
#3501 = VECTOR('',#3502,1.);
#3502 = DIRECTION('',(0.,1.,0.));
#3503 = ORIENTED_EDGE('',*,*,#3415,.F.);
#3504 = CYLINDRICAL_SURFACE('',#3505,3.5E-02);
#3505 = AXIS2_PLACEMENT_3D('',#3506,#3507,#3508);
#3506 = CARTESIAN_POINT('',(-0.465,-0.25,3.5E-02));
#3507 = DIRECTION('',(0.,1.,0.));
#3508 = DIRECTION('',(-1.,0.,0.));
#3509 = ADVANCED_FACE('',(#3510),#3529,.T.);
#3510 = FACE_BOUND('',#3511,.T.);
#3511 = EDGE_LOOP('',(#3512,#3513,#3521,#3528));
#3512 = ORIENTED_EDGE('',*,*,#3423,.T.);
#3513 = ORIENTED_EDGE('',*,*,#3514,.T.);
#3514 = EDGE_CURVE('',#3424,#3515,#3517,.T.);
#3515 = VERTEX_POINT('',#3516);
#3516 = CARTESIAN_POINT('',(-0.465,0.25,0.35));
#3517 = LINE('',#3518,#3519);
#3518 = CARTESIAN_POINT('',(-0.465,-0.25,0.35));
#3519 = VECTOR('',#3520,1.);
#3520 = DIRECTION('',(0.,1.,0.));
#3521 = ORIENTED_EDGE('',*,*,#3522,.F.);
#3522 = EDGE_CURVE('',#3384,#3515,#3523,.T.);
#3523 = CIRCLE('',#3524,3.5E-02);
#3524 = AXIS2_PLACEMENT_3D('',#3525,#3526,#3527);
#3525 = CARTESIAN_POINT('',(-0.465,0.25,0.315));
#3526 = DIRECTION('',(0.,1.,0.));
#3527 = DIRECTION('',(0.,-0.,1.));
#3528 = ORIENTED_EDGE('',*,*,#3391,.F.);
#3529 = CYLINDRICAL_SURFACE('',#3530,3.5E-02);
#3530 = AXIS2_PLACEMENT_3D('',#3531,#3532,#3533);
#3531 = CARTESIAN_POINT('',(-0.465,-0.25,0.315));
#3532 = DIRECTION('',(0.,1.,0.));
#3533 = DIRECTION('',(-1.,0.,0.));
#3534 = ADVANCED_FACE('',(#3535),#3596,.T.);
#3535 = FACE_BOUND('',#3536,.T.);
#3536 = EDGE_LOOP('',(#3537,#3545,#3546,#3547,#3548,#3556,#3565,#3573,
    #3581,#3589));
#3537 = ORIENTED_EDGE('',*,*,#3538,.F.);
#3538 = EDGE_CURVE('',#3490,#3539,#3541,.T.);
#3539 = VERTEX_POINT('',#3540);
#3540 = CARTESIAN_POINT('',(-0.335,0.25,-2.775557561563E-17));
#3541 = LINE('',#3542,#3543);
#3542 = CARTESIAN_POINT('',(-0.5,0.25,0.));
#3543 = VECTOR('',#3544,1.);
#3544 = DIRECTION('',(1.,0.,0.));
#3545 = ORIENTED_EDGE('',*,*,#3489,.F.);
#3546 = ORIENTED_EDGE('',*,*,#3383,.T.);
#3547 = ORIENTED_EDGE('',*,*,#3522,.T.);
#3548 = ORIENTED_EDGE('',*,*,#3549,.T.);
#3549 = EDGE_CURVE('',#3515,#3550,#3552,.T.);
#3550 = VERTEX_POINT('',#3551);
#3551 = CARTESIAN_POINT('',(-0.335,0.25,0.35));
#3552 = LINE('',#3553,#3554);
#3553 = CARTESIAN_POINT('',(-0.5,0.25,0.35));
#3554 = VECTOR('',#3555,1.);
#3555 = DIRECTION('',(1.,0.,0.));
#3556 = ORIENTED_EDGE('',*,*,#3557,.F.);
#3557 = EDGE_CURVE('',#3558,#3550,#3560,.T.);
#3558 = VERTEX_POINT('',#3559);
#3559 = CARTESIAN_POINT('',(-0.3,0.25,0.315));
#3560 = CIRCLE('',#3561,3.5E-02);
#3561 = AXIS2_PLACEMENT_3D('',#3562,#3563,#3564);
#3562 = CARTESIAN_POINT('',(-0.335,0.25,0.315));
#3563 = DIRECTION('',(0.,-1.,0.));
#3564 = DIRECTION('',(0.,0.,1.));
#3565 = ORIENTED_EDGE('',*,*,#3566,.F.);
#3566 = EDGE_CURVE('',#3567,#3558,#3569,.T.);
#3567 = VERTEX_POINT('',#3568);
#3568 = CARTESIAN_POINT('',(-0.465,0.25,0.315));
#3569 = LINE('',#3570,#3571);
#3570 = CARTESIAN_POINT('',(-0.465,0.25,0.315));
#3571 = VECTOR('',#3572,1.);
#3572 = DIRECTION('',(1.,0.,0.));
#3573 = ORIENTED_EDGE('',*,*,#3574,.F.);
#3574 = EDGE_CURVE('',#3575,#3567,#3577,.T.);
#3575 = VERTEX_POINT('',#3576);
#3576 = CARTESIAN_POINT('',(-0.465,0.25,3.5E-02));
#3577 = LINE('',#3578,#3579);
#3578 = CARTESIAN_POINT('',(-0.465,0.25,3.5E-02));
#3579 = VECTOR('',#3580,1.);
#3580 = DIRECTION('',(0.,0.,1.));
#3581 = ORIENTED_EDGE('',*,*,#3582,.T.);
#3582 = EDGE_CURVE('',#3575,#3583,#3585,.T.);
#3583 = VERTEX_POINT('',#3584);
#3584 = CARTESIAN_POINT('',(-0.3,0.25,3.5E-02));
#3585 = LINE('',#3586,#3587);
#3586 = CARTESIAN_POINT('',(-0.465,0.25,3.5E-02));
#3587 = VECTOR('',#3588,1.);
#3588 = DIRECTION('',(1.,0.,0.));
#3589 = ORIENTED_EDGE('',*,*,#3590,.T.);
#3590 = EDGE_CURVE('',#3583,#3539,#3591,.T.);
#3591 = CIRCLE('',#3592,3.5E-02);
#3592 = AXIS2_PLACEMENT_3D('',#3593,#3594,#3595);
#3593 = CARTESIAN_POINT('',(-0.335,0.25,3.5E-02));
#3594 = DIRECTION('',(0.,1.,0.));
#3595 = DIRECTION('',(0.,-0.,1.));
#3596 = PLANE('',#3597);
#3597 = AXIS2_PLACEMENT_3D('',#3598,#3599,#3600);
#3598 = CARTESIAN_POINT('',(-0.5,0.25,0.));
#3599 = DIRECTION('',(0.,1.,0.));
#3600 = DIRECTION('',(0.,-0.,1.));
#3601 = ADVANCED_FACE('',(#3602),#3613,.F.);
#3602 = FACE_BOUND('',#3603,.F.);
#3603 = EDGE_LOOP('',(#3604,#3605,#3606,#3607));
#3604 = ORIENTED_EDGE('',*,*,#3538,.F.);
#3605 = ORIENTED_EDGE('',*,*,#3498,.F.);
#3606 = ORIENTED_EDGE('',*,*,#3405,.T.);
#3607 = ORIENTED_EDGE('',*,*,#3608,.T.);
#3608 = EDGE_CURVE('',#3408,#3539,#3609,.T.);
#3609 = LINE('',#3610,#3611);
#3610 = CARTESIAN_POINT('',(-0.335,-0.25,-2.775557561563E-17));
#3611 = VECTOR('',#3612,1.);
#3612 = DIRECTION('',(0.,1.,0.));
#3613 = PLANE('',#3614);
#3614 = AXIS2_PLACEMENT_3D('',#3615,#3616,#3617);
#3615 = CARTESIAN_POINT('',(-0.5,-0.25,0.));
#3616 = DIRECTION('',(0.,0.,1.));
#3617 = DIRECTION('',(1.,0.,-0.));
#3618 = ADVANCED_FACE('',(#3619),#3630,.T.);
#3619 = FACE_BOUND('',#3620,.T.);
#3620 = EDGE_LOOP('',(#3621,#3622,#3623,#3624));
#3621 = ORIENTED_EDGE('',*,*,#3473,.T.);
#3622 = ORIENTED_EDGE('',*,*,#3608,.T.);
#3623 = ORIENTED_EDGE('',*,*,#3590,.F.);
#3624 = ORIENTED_EDGE('',*,*,#3625,.F.);
#3625 = EDGE_CURVE('',#3466,#3583,#3626,.T.);
#3626 = LINE('',#3627,#3628);
#3627 = CARTESIAN_POINT('',(-0.3,-0.25,3.5E-02));
#3628 = VECTOR('',#3629,1.);
#3629 = DIRECTION('',(0.,1.,0.));
#3630 = CYLINDRICAL_SURFACE('',#3631,3.5E-02);
#3631 = AXIS2_PLACEMENT_3D('',#3632,#3633,#3634);
#3632 = CARTESIAN_POINT('',(-0.335,-0.25,3.5E-02));
#3633 = DIRECTION('',(0.,1.,0.));
#3634 = DIRECTION('',(1.,0.,0.));
#3635 = ADVANCED_FACE('',(#3636),#3679,.F.);
#3636 = FACE_BOUND('',#3637,.F.);
#3637 = EDGE_LOOP('',(#3638,#3639,#3640,#3641,#3649,#3657,#3665,#3673));
#3638 = ORIENTED_EDGE('',*,*,#3465,.F.);
#3639 = ORIENTED_EDGE('',*,*,#3457,.T.);
#3640 = ORIENTED_EDGE('',*,*,#3449,.T.);
#3641 = ORIENTED_EDGE('',*,*,#3642,.T.);
#3642 = EDGE_CURVE('',#3441,#3643,#3645,.T.);
#3643 = VERTEX_POINT('',#3644);
#3644 = CARTESIAN_POINT('',(0.3,-0.25,0.315));
#3645 = LINE('',#3646,#3647);
#3646 = CARTESIAN_POINT('',(-0.3,-0.25,0.315));
#3647 = VECTOR('',#3648,1.);
#3648 = DIRECTION('',(1.,0.,0.));
#3649 = ORIENTED_EDGE('',*,*,#3650,.T.);
#3650 = EDGE_CURVE('',#3643,#3651,#3653,.T.);
#3651 = VERTEX_POINT('',#3652);
#3652 = CARTESIAN_POINT('',(0.465,-0.25,0.315));
#3653 = LINE('',#3654,#3655);
#3654 = CARTESIAN_POINT('',(-0.465,-0.25,0.315));
#3655 = VECTOR('',#3656,1.);
#3656 = DIRECTION('',(1.,0.,0.));
#3657 = ORIENTED_EDGE('',*,*,#3658,.F.);
#3658 = EDGE_CURVE('',#3659,#3651,#3661,.T.);
#3659 = VERTEX_POINT('',#3660);
#3660 = CARTESIAN_POINT('',(0.465,-0.25,3.5E-02));
#3661 = LINE('',#3662,#3663);
#3662 = CARTESIAN_POINT('',(0.465,-0.25,3.5E-02));
#3663 = VECTOR('',#3664,1.);
#3664 = DIRECTION('',(0.,0.,1.));
#3665 = ORIENTED_EDGE('',*,*,#3666,.F.);
#3666 = EDGE_CURVE('',#3667,#3659,#3669,.T.);
#3667 = VERTEX_POINT('',#3668);
#3668 = CARTESIAN_POINT('',(0.3,-0.25,3.5E-02));
#3669 = LINE('',#3670,#3671);
#3670 = CARTESIAN_POINT('',(-0.465,-0.25,3.5E-02));
#3671 = VECTOR('',#3672,1.);
#3672 = DIRECTION('',(1.,0.,0.));
#3673 = ORIENTED_EDGE('',*,*,#3674,.F.);
#3674 = EDGE_CURVE('',#3466,#3667,#3675,.T.);
#3675 = LINE('',#3676,#3677);
#3676 = CARTESIAN_POINT('',(-0.465,-0.25,3.5E-02));
#3677 = VECTOR('',#3678,1.);
#3678 = DIRECTION('',(1.,0.,0.));
#3679 = PLANE('',#3680);
#3680 = AXIS2_PLACEMENT_3D('',#3681,#3682,#3683);
#3681 = CARTESIAN_POINT('',(-0.465,-0.25,3.5E-02));
#3682 = DIRECTION('',(0.,1.,0.));
#3683 = DIRECTION('',(0.,-0.,1.));
#3684 = ADVANCED_FACE('',(#3685),#3696,.T.);
#3685 = FACE_BOUND('',#3686,.T.);
#3686 = EDGE_LOOP('',(#3687,#3688,#3689,#3690));
#3687 = ORIENTED_EDGE('',*,*,#3549,.F.);
#3688 = ORIENTED_EDGE('',*,*,#3514,.F.);
#3689 = ORIENTED_EDGE('',*,*,#3432,.T.);
#3690 = ORIENTED_EDGE('',*,*,#3691,.T.);
#3691 = EDGE_CURVE('',#3433,#3550,#3692,.T.);
#3692 = LINE('',#3693,#3694);
#3693 = CARTESIAN_POINT('',(-0.335,-0.25,0.35));
#3694 = VECTOR('',#3695,1.);
#3695 = DIRECTION('',(0.,1.,0.));
#3696 = PLANE('',#3697);
#3697 = AXIS2_PLACEMENT_3D('',#3698,#3699,#3700);
#3698 = CARTESIAN_POINT('',(-0.5,-0.25,0.35));
#3699 = DIRECTION('',(0.,0.,1.));
#3700 = DIRECTION('',(1.,0.,-0.));
#3701 = ADVANCED_FACE('',(#3702),#3713,.T.);
#3702 = FACE_BOUND('',#3703,.T.);
#3703 = EDGE_LOOP('',(#3704,#3710,#3711,#3712));
#3704 = ORIENTED_EDGE('',*,*,#3705,.T.);
#3705 = EDGE_CURVE('',#3441,#3558,#3706,.T.);
#3706 = LINE('',#3707,#3708);
#3707 = CARTESIAN_POINT('',(-0.3,-0.25,0.315));
#3708 = VECTOR('',#3709,1.);
#3709 = DIRECTION('',(0.,1.,0.));
#3710 = ORIENTED_EDGE('',*,*,#3557,.T.);
#3711 = ORIENTED_EDGE('',*,*,#3691,.F.);
#3712 = ORIENTED_EDGE('',*,*,#3440,.F.);
#3713 = CYLINDRICAL_SURFACE('',#3714,3.5E-02);
#3714 = AXIS2_PLACEMENT_3D('',#3715,#3716,#3717);
#3715 = CARTESIAN_POINT('',(-0.335,-0.25,0.315));
#3716 = DIRECTION('',(0.,1.,0.));
#3717 = DIRECTION('',(1.,0.,0.));
#3718 = ADVANCED_FACE('',(#3719),#3762,.T.);
#3719 = FACE_BOUND('',#3720,.T.);
#3720 = EDGE_LOOP('',(#3721,#3722,#3723,#3724,#3732,#3740,#3748,#3756));
#3721 = ORIENTED_EDGE('',*,*,#3582,.F.);
#3722 = ORIENTED_EDGE('',*,*,#3574,.T.);
#3723 = ORIENTED_EDGE('',*,*,#3566,.T.);
#3724 = ORIENTED_EDGE('',*,*,#3725,.T.);
#3725 = EDGE_CURVE('',#3558,#3726,#3728,.T.);
#3726 = VERTEX_POINT('',#3727);
#3727 = CARTESIAN_POINT('',(0.3,0.25,0.315));
#3728 = LINE('',#3729,#3730);
#3729 = CARTESIAN_POINT('',(-0.3,0.25,0.315));
#3730 = VECTOR('',#3731,1.);
#3731 = DIRECTION('',(1.,0.,0.));
#3732 = ORIENTED_EDGE('',*,*,#3733,.T.);
#3733 = EDGE_CURVE('',#3726,#3734,#3736,.T.);
#3734 = VERTEX_POINT('',#3735);
#3735 = CARTESIAN_POINT('',(0.465,0.25,0.315));
#3736 = LINE('',#3737,#3738);
#3737 = CARTESIAN_POINT('',(-0.465,0.25,0.315));
#3738 = VECTOR('',#3739,1.);
#3739 = DIRECTION('',(1.,0.,0.));
#3740 = ORIENTED_EDGE('',*,*,#3741,.F.);
#3741 = EDGE_CURVE('',#3742,#3734,#3744,.T.);
#3742 = VERTEX_POINT('',#3743);
#3743 = CARTESIAN_POINT('',(0.465,0.25,3.5E-02));
#3744 = LINE('',#3745,#3746);
#3745 = CARTESIAN_POINT('',(0.465,0.25,3.5E-02));
#3746 = VECTOR('',#3747,1.);
#3747 = DIRECTION('',(0.,0.,1.));
#3748 = ORIENTED_EDGE('',*,*,#3749,.F.);
#3749 = EDGE_CURVE('',#3750,#3742,#3752,.T.);
#3750 = VERTEX_POINT('',#3751);
#3751 = CARTESIAN_POINT('',(0.3,0.25,3.5E-02));
#3752 = LINE('',#3753,#3754);
#3753 = CARTESIAN_POINT('',(-0.465,0.25,3.5E-02));
#3754 = VECTOR('',#3755,1.);
#3755 = DIRECTION('',(1.,0.,0.));
#3756 = ORIENTED_EDGE('',*,*,#3757,.F.);
#3757 = EDGE_CURVE('',#3583,#3750,#3758,.T.);
#3758 = LINE('',#3759,#3760);
#3759 = CARTESIAN_POINT('',(-0.465,0.25,3.5E-02));
#3760 = VECTOR('',#3761,1.);
#3761 = DIRECTION('',(1.,0.,0.));
#3762 = PLANE('',#3763);
#3763 = AXIS2_PLACEMENT_3D('',#3764,#3765,#3766);
#3764 = CARTESIAN_POINT('',(-0.465,0.25,3.5E-02));
#3765 = DIRECTION('',(0.,1.,0.));
#3766 = DIRECTION('',(0.,-0.,1.));
#3767 = ADVANCED_FACE('',(#3768),#3779,.F.);
#3768 = FACE_BOUND('',#3769,.F.);
#3769 = EDGE_LOOP('',(#3770,#3771,#3772,#3778));
#3770 = ORIENTED_EDGE('',*,*,#3625,.F.);
#3771 = ORIENTED_EDGE('',*,*,#3674,.T.);
#3772 = ORIENTED_EDGE('',*,*,#3773,.T.);
#3773 = EDGE_CURVE('',#3667,#3750,#3774,.T.);
#3774 = LINE('',#3775,#3776);
#3775 = CARTESIAN_POINT('',(0.3,-0.25,3.5E-02));
#3776 = VECTOR('',#3777,1.);
#3777 = DIRECTION('',(0.,1.,0.));
#3778 = ORIENTED_EDGE('',*,*,#3757,.F.);
#3779 = PLANE('',#3780);
#3780 = AXIS2_PLACEMENT_3D('',#3781,#3782,#3783);
#3781 = CARTESIAN_POINT('',(-0.465,-0.25,3.5E-02));
#3782 = DIRECTION('',(0.,0.,1.));
#3783 = DIRECTION('',(1.,0.,-0.));
#3784 = ADVANCED_FACE('',(#3785),#3848,.F.);
#3785 = FACE_BOUND('',#3786,.F.);
#3786 = EDGE_LOOP('',(#3787,#3797,#3804,#3805,#3806,#3807,#3816,#3824,
    #3833,#3841));
#3787 = ORIENTED_EDGE('',*,*,#3788,.F.);
#3788 = EDGE_CURVE('',#3789,#3791,#3793,.T.);
#3789 = VERTEX_POINT('',#3790);
#3790 = CARTESIAN_POINT('',(0.335,-0.25,-2.775557561563E-17));
#3791 = VERTEX_POINT('',#3792);
#3792 = CARTESIAN_POINT('',(0.465,-0.25,-2.775557561563E-17));
#3793 = LINE('',#3794,#3795);
#3794 = CARTESIAN_POINT('',(0.3,-0.25,0.));
#3795 = VECTOR('',#3796,1.);
#3796 = DIRECTION('',(1.,0.,0.));
#3797 = ORIENTED_EDGE('',*,*,#3798,.F.);
#3798 = EDGE_CURVE('',#3667,#3789,#3799,.T.);
#3799 = CIRCLE('',#3800,3.5E-02);
#3800 = AXIS2_PLACEMENT_3D('',#3801,#3802,#3803);
#3801 = CARTESIAN_POINT('',(0.335,-0.25,3.5E-02));
#3802 = DIRECTION('',(0.,-1.,0.));
#3803 = DIRECTION('',(0.,0.,1.));
#3804 = ORIENTED_EDGE('',*,*,#3666,.T.);
#3805 = ORIENTED_EDGE('',*,*,#3658,.T.);
#3806 = ORIENTED_EDGE('',*,*,#3650,.F.);
#3807 = ORIENTED_EDGE('',*,*,#3808,.T.);
#3808 = EDGE_CURVE('',#3643,#3809,#3811,.T.);
#3809 = VERTEX_POINT('',#3810);
#3810 = CARTESIAN_POINT('',(0.335,-0.25,0.35));
#3811 = CIRCLE('',#3812,3.5E-02);
#3812 = AXIS2_PLACEMENT_3D('',#3813,#3814,#3815);
#3813 = CARTESIAN_POINT('',(0.335,-0.25,0.315));
#3814 = DIRECTION('',(0.,1.,0.));
#3815 = DIRECTION('',(0.,-0.,1.));
#3816 = ORIENTED_EDGE('',*,*,#3817,.T.);
#3817 = EDGE_CURVE('',#3809,#3818,#3820,.T.);
#3818 = VERTEX_POINT('',#3819);
#3819 = CARTESIAN_POINT('',(0.465,-0.25,0.35));
#3820 = LINE('',#3821,#3822);
#3821 = CARTESIAN_POINT('',(0.3,-0.25,0.35));
#3822 = VECTOR('',#3823,1.);
#3823 = DIRECTION('',(1.,0.,0.));
#3824 = ORIENTED_EDGE('',*,*,#3825,.F.);
#3825 = EDGE_CURVE('',#3826,#3818,#3828,.T.);
#3826 = VERTEX_POINT('',#3827);
#3827 = CARTESIAN_POINT('',(0.5,-0.25,0.315));
#3828 = CIRCLE('',#3829,3.5E-02);
#3829 = AXIS2_PLACEMENT_3D('',#3830,#3831,#3832);
#3830 = CARTESIAN_POINT('',(0.465,-0.25,0.315));
#3831 = DIRECTION('',(0.,-1.,0.));
#3832 = DIRECTION('',(0.,0.,1.));
#3833 = ORIENTED_EDGE('',*,*,#3834,.F.);
#3834 = EDGE_CURVE('',#3835,#3826,#3837,.T.);
#3835 = VERTEX_POINT('',#3836);
#3836 = CARTESIAN_POINT('',(0.5,-0.25,3.5E-02));
#3837 = LINE('',#3838,#3839);
#3838 = CARTESIAN_POINT('',(0.5,-0.25,0.));
#3839 = VECTOR('',#3840,1.);
#3840 = DIRECTION('',(0.,0.,1.));
#3841 = ORIENTED_EDGE('',*,*,#3842,.T.);
#3842 = EDGE_CURVE('',#3835,#3791,#3843,.T.);
#3843 = CIRCLE('',#3844,3.5E-02);
#3844 = AXIS2_PLACEMENT_3D('',#3845,#3846,#3847);
#3845 = CARTESIAN_POINT('',(0.465,-0.25,3.5E-02));
#3846 = DIRECTION('',(0.,1.,0.));
#3847 = DIRECTION('',(0.,-0.,1.));
#3848 = PLANE('',#3849);
#3849 = AXIS2_PLACEMENT_3D('',#3850,#3851,#3852);
#3850 = CARTESIAN_POINT('',(0.3,-0.25,0.));
#3851 = DIRECTION('',(0.,1.,0.));
#3852 = DIRECTION('',(0.,-0.,1.));
#3853 = ADVANCED_FACE('',(#3854),#3879,.F.);
#3854 = FACE_BOUND('',#3855,.F.);
#3855 = EDGE_LOOP('',(#3856,#3857,#3865,#3873));
#3856 = ORIENTED_EDGE('',*,*,#3642,.F.);
#3857 = ORIENTED_EDGE('',*,*,#3858,.T.);
#3858 = EDGE_CURVE('',#3441,#3859,#3861,.T.);
#3859 = VERTEX_POINT('',#3860);
#3860 = CARTESIAN_POINT('',(-0.3,-0.25,0.35));
#3861 = LINE('',#3862,#3863);
#3862 = CARTESIAN_POINT('',(-0.3,-0.25,0.315));
#3863 = VECTOR('',#3864,1.);
#3864 = DIRECTION('',(0.,0.,1.));
#3865 = ORIENTED_EDGE('',*,*,#3866,.T.);
#3866 = EDGE_CURVE('',#3859,#3867,#3869,.T.);
#3867 = VERTEX_POINT('',#3868);
#3868 = CARTESIAN_POINT('',(0.3,-0.25,0.35));
#3869 = LINE('',#3870,#3871);
#3870 = CARTESIAN_POINT('',(-0.3,-0.25,0.35));
#3871 = VECTOR('',#3872,1.);
#3872 = DIRECTION('',(1.,0.,0.));
#3873 = ORIENTED_EDGE('',*,*,#3874,.F.);
#3874 = EDGE_CURVE('',#3643,#3867,#3875,.T.);
#3875 = LINE('',#3876,#3877);
#3876 = CARTESIAN_POINT('',(0.3,-0.25,0.315));
#3877 = VECTOR('',#3878,1.);
#3878 = DIRECTION('',(0.,0.,1.));
#3879 = PLANE('',#3880);
#3880 = AXIS2_PLACEMENT_3D('',#3881,#3882,#3883);
#3881 = CARTESIAN_POINT('',(-0.3,-0.25,0.315));
#3882 = DIRECTION('',(0.,1.,0.));
#3883 = DIRECTION('',(0.,-0.,1.));
#3884 = ADVANCED_FACE('',(#3885),#3903,.F.);
#3885 = FACE_BOUND('',#3886,.F.);
#3886 = EDGE_LOOP('',(#3887,#3888,#3889,#3897));
#3887 = ORIENTED_EDGE('',*,*,#3858,.F.);
#3888 = ORIENTED_EDGE('',*,*,#3705,.T.);
#3889 = ORIENTED_EDGE('',*,*,#3890,.T.);
#3890 = EDGE_CURVE('',#3558,#3891,#3893,.T.);
#3891 = VERTEX_POINT('',#3892);
#3892 = CARTESIAN_POINT('',(-0.3,0.25,0.35));
#3893 = LINE('',#3894,#3895);
#3894 = CARTESIAN_POINT('',(-0.3,0.25,0.315));
#3895 = VECTOR('',#3896,1.);
#3896 = DIRECTION('',(0.,0.,1.));
#3897 = ORIENTED_EDGE('',*,*,#3898,.F.);
#3898 = EDGE_CURVE('',#3859,#3891,#3899,.T.);
#3899 = LINE('',#3900,#3901);
#3900 = CARTESIAN_POINT('',(-0.3,-0.25,0.35));
#3901 = VECTOR('',#3902,1.);
#3902 = DIRECTION('',(0.,1.,0.));
#3903 = PLANE('',#3904);
#3904 = AXIS2_PLACEMENT_3D('',#3905,#3906,#3907);
#3905 = CARTESIAN_POINT('',(-0.3,-0.25,0.315));
#3906 = DIRECTION('',(1.,0.,0.));
#3907 = DIRECTION('',(0.,0.,1.));
#3908 = ADVANCED_FACE('',(#3909),#3972,.T.);
#3909 = FACE_BOUND('',#3910,.T.);
#3910 = EDGE_LOOP('',(#3911,#3921,#3928,#3929,#3930,#3931,#3940,#3948,
    #3957,#3965));
#3911 = ORIENTED_EDGE('',*,*,#3912,.F.);
#3912 = EDGE_CURVE('',#3913,#3915,#3917,.T.);
#3913 = VERTEX_POINT('',#3914);
#3914 = CARTESIAN_POINT('',(0.335,0.25,-2.775557561563E-17));
#3915 = VERTEX_POINT('',#3916);
#3916 = CARTESIAN_POINT('',(0.465,0.25,-2.775557561563E-17));
#3917 = LINE('',#3918,#3919);
#3918 = CARTESIAN_POINT('',(0.3,0.25,0.));
#3919 = VECTOR('',#3920,1.);
#3920 = DIRECTION('',(1.,0.,0.));
#3921 = ORIENTED_EDGE('',*,*,#3922,.F.);
#3922 = EDGE_CURVE('',#3750,#3913,#3923,.T.);
#3923 = CIRCLE('',#3924,3.5E-02);
#3924 = AXIS2_PLACEMENT_3D('',#3925,#3926,#3927);
#3925 = CARTESIAN_POINT('',(0.335,0.25,3.5E-02));
#3926 = DIRECTION('',(0.,-1.,0.));
#3927 = DIRECTION('',(0.,0.,1.));
#3928 = ORIENTED_EDGE('',*,*,#3749,.T.);
#3929 = ORIENTED_EDGE('',*,*,#3741,.T.);
#3930 = ORIENTED_EDGE('',*,*,#3733,.F.);
#3931 = ORIENTED_EDGE('',*,*,#3932,.T.);
#3932 = EDGE_CURVE('',#3726,#3933,#3935,.T.);
#3933 = VERTEX_POINT('',#3934);
#3934 = CARTESIAN_POINT('',(0.335,0.25,0.35));
#3935 = CIRCLE('',#3936,3.5E-02);
#3936 = AXIS2_PLACEMENT_3D('',#3937,#3938,#3939);
#3937 = CARTESIAN_POINT('',(0.335,0.25,0.315));
#3938 = DIRECTION('',(0.,1.,0.));
#3939 = DIRECTION('',(0.,-0.,1.));
#3940 = ORIENTED_EDGE('',*,*,#3941,.T.);
#3941 = EDGE_CURVE('',#3933,#3942,#3944,.T.);
#3942 = VERTEX_POINT('',#3943);
#3943 = CARTESIAN_POINT('',(0.465,0.25,0.35));
#3944 = LINE('',#3945,#3946);
#3945 = CARTESIAN_POINT('',(0.3,0.25,0.35));
#3946 = VECTOR('',#3947,1.);
#3947 = DIRECTION('',(1.,0.,0.));
#3948 = ORIENTED_EDGE('',*,*,#3949,.F.);
#3949 = EDGE_CURVE('',#3950,#3942,#3952,.T.);
#3950 = VERTEX_POINT('',#3951);
#3951 = CARTESIAN_POINT('',(0.5,0.25,0.315));
#3952 = CIRCLE('',#3953,3.5E-02);
#3953 = AXIS2_PLACEMENT_3D('',#3954,#3955,#3956);
#3954 = CARTESIAN_POINT('',(0.465,0.25,0.315));
#3955 = DIRECTION('',(0.,-1.,0.));
#3956 = DIRECTION('',(0.,0.,1.));
#3957 = ORIENTED_EDGE('',*,*,#3958,.F.);
#3958 = EDGE_CURVE('',#3959,#3950,#3961,.T.);
#3959 = VERTEX_POINT('',#3960);
#3960 = CARTESIAN_POINT('',(0.5,0.25,3.5E-02));
#3961 = LINE('',#3962,#3963);
#3962 = CARTESIAN_POINT('',(0.5,0.25,0.));
#3963 = VECTOR('',#3964,1.);
#3964 = DIRECTION('',(0.,0.,1.));
#3965 = ORIENTED_EDGE('',*,*,#3966,.T.);
#3966 = EDGE_CURVE('',#3959,#3915,#3967,.T.);
#3967 = CIRCLE('',#3968,3.5E-02);
#3968 = AXIS2_PLACEMENT_3D('',#3969,#3970,#3971);
#3969 = CARTESIAN_POINT('',(0.465,0.25,3.5E-02));
#3970 = DIRECTION('',(0.,1.,0.));
#3971 = DIRECTION('',(0.,-0.,1.));
#3972 = PLANE('',#3973);
#3973 = AXIS2_PLACEMENT_3D('',#3974,#3975,#3976);
#3974 = CARTESIAN_POINT('',(0.3,0.25,0.));
#3975 = DIRECTION('',(0.,1.,0.));
#3976 = DIRECTION('',(0.,-0.,1.));
#3977 = ADVANCED_FACE('',(#3978),#3996,.T.);
#3978 = FACE_BOUND('',#3979,.T.);
#3979 = EDGE_LOOP('',(#3980,#3981,#3982,#3990));
#3980 = ORIENTED_EDGE('',*,*,#3725,.F.);
#3981 = ORIENTED_EDGE('',*,*,#3890,.T.);
#3982 = ORIENTED_EDGE('',*,*,#3983,.T.);
#3983 = EDGE_CURVE('',#3891,#3984,#3986,.T.);
#3984 = VERTEX_POINT('',#3985);
#3985 = CARTESIAN_POINT('',(0.3,0.25,0.35));
#3986 = LINE('',#3987,#3988);
#3987 = CARTESIAN_POINT('',(-0.3,0.25,0.35));
#3988 = VECTOR('',#3989,1.);
#3989 = DIRECTION('',(1.,0.,0.));
#3990 = ORIENTED_EDGE('',*,*,#3991,.F.);
#3991 = EDGE_CURVE('',#3726,#3984,#3992,.T.);
#3992 = LINE('',#3993,#3994);
#3993 = CARTESIAN_POINT('',(0.3,0.25,0.315));
#3994 = VECTOR('',#3995,1.);
#3995 = DIRECTION('',(0.,0.,1.));
#3996 = PLANE('',#3997);
#3997 = AXIS2_PLACEMENT_3D('',#3998,#3999,#4000);
#3998 = CARTESIAN_POINT('',(-0.3,0.25,0.315));
#3999 = DIRECTION('',(0.,1.,0.));
#4000 = DIRECTION('',(0.,-0.,1.));
#4001 = ADVANCED_FACE('',(#4002),#4013,.T.);
#4002 = FACE_BOUND('',#4003,.T.);
#4003 = EDGE_LOOP('',(#4004,#4005,#4006,#4012));
#4004 = ORIENTED_EDGE('',*,*,#3773,.T.);
#4005 = ORIENTED_EDGE('',*,*,#3922,.T.);
#4006 = ORIENTED_EDGE('',*,*,#4007,.F.);
#4007 = EDGE_CURVE('',#3789,#3913,#4008,.T.);
#4008 = LINE('',#4009,#4010);
#4009 = CARTESIAN_POINT('',(0.335,-0.25,-2.775557561563E-17));
#4010 = VECTOR('',#4011,1.);
#4011 = DIRECTION('',(0.,1.,0.));
#4012 = ORIENTED_EDGE('',*,*,#3798,.F.);
#4013 = CYLINDRICAL_SURFACE('',#4014,3.5E-02);
#4014 = AXIS2_PLACEMENT_3D('',#4015,#4016,#4017);
#4015 = CARTESIAN_POINT('',(0.335,-0.25,3.5E-02));
#4016 = DIRECTION('',(0.,1.,0.));
#4017 = DIRECTION('',(-1.,0.,0.));
#4018 = ADVANCED_FACE('',(#4019),#4030,.F.);
#4019 = FACE_BOUND('',#4020,.F.);
#4020 = EDGE_LOOP('',(#4021,#4022,#4023,#4024));
#4021 = ORIENTED_EDGE('',*,*,#3912,.F.);
#4022 = ORIENTED_EDGE('',*,*,#4007,.F.);
#4023 = ORIENTED_EDGE('',*,*,#3788,.T.);
#4024 = ORIENTED_EDGE('',*,*,#4025,.T.);
#4025 = EDGE_CURVE('',#3791,#3915,#4026,.T.);
#4026 = LINE('',#4027,#4028);
#4027 = CARTESIAN_POINT('',(0.465,-0.25,-2.775557561563E-17));
#4028 = VECTOR('',#4029,1.);
#4029 = DIRECTION('',(0.,1.,0.));
#4030 = PLANE('',#4031);
#4031 = AXIS2_PLACEMENT_3D('',#4032,#4033,#4034);
#4032 = CARTESIAN_POINT('',(0.3,-0.25,0.));
#4033 = DIRECTION('',(0.,0.,1.));
#4034 = DIRECTION('',(1.,0.,-0.));
#4035 = ADVANCED_FACE('',(#4036),#4047,.T.);
#4036 = FACE_BOUND('',#4037,.T.);
#4037 = EDGE_LOOP('',(#4038,#4039,#4040,#4041));
#4038 = ORIENTED_EDGE('',*,*,#3842,.T.);
#4039 = ORIENTED_EDGE('',*,*,#4025,.T.);
#4040 = ORIENTED_EDGE('',*,*,#3966,.F.);
#4041 = ORIENTED_EDGE('',*,*,#4042,.F.);
#4042 = EDGE_CURVE('',#3835,#3959,#4043,.T.);
#4043 = LINE('',#4044,#4045);
#4044 = CARTESIAN_POINT('',(0.5,-0.25,3.5E-02));
#4045 = VECTOR('',#4046,1.);
#4046 = DIRECTION('',(0.,1.,0.));
#4047 = CYLINDRICAL_SURFACE('',#4048,3.5E-02);
#4048 = AXIS2_PLACEMENT_3D('',#4049,#4050,#4051);
#4049 = CARTESIAN_POINT('',(0.465,-0.25,3.5E-02));
#4050 = DIRECTION('',(0.,1.,0.));
#4051 = DIRECTION('',(1.,0.,0.));
#4052 = ADVANCED_FACE('',(#4053),#4064,.T.);
#4053 = FACE_BOUND('',#4054,.T.);
#4054 = EDGE_LOOP('',(#4055,#4056,#4057,#4058));
#4055 = ORIENTED_EDGE('',*,*,#3834,.F.);
#4056 = ORIENTED_EDGE('',*,*,#4042,.T.);
#4057 = ORIENTED_EDGE('',*,*,#3958,.T.);
#4058 = ORIENTED_EDGE('',*,*,#4059,.F.);
#4059 = EDGE_CURVE('',#3826,#3950,#4060,.T.);
#4060 = LINE('',#4061,#4062);
#4061 = CARTESIAN_POINT('',(0.5,-0.25,0.315));
#4062 = VECTOR('',#4063,1.);
#4063 = DIRECTION('',(0.,1.,0.));
#4064 = PLANE('',#4065);
#4065 = AXIS2_PLACEMENT_3D('',#4066,#4067,#4068);
#4066 = CARTESIAN_POINT('',(0.5,-0.25,0.));
#4067 = DIRECTION('',(1.,0.,0.));
#4068 = DIRECTION('',(0.,0.,1.));
#4069 = ADVANCED_FACE('',(#4070),#4081,.T.);
#4070 = FACE_BOUND('',#4071,.T.);
#4071 = EDGE_LOOP('',(#4072,#4073,#4074,#4080));
#4072 = ORIENTED_EDGE('',*,*,#4059,.T.);
#4073 = ORIENTED_EDGE('',*,*,#3949,.T.);
#4074 = ORIENTED_EDGE('',*,*,#4075,.F.);
#4075 = EDGE_CURVE('',#3818,#3942,#4076,.T.);
#4076 = LINE('',#4077,#4078);
#4077 = CARTESIAN_POINT('',(0.465,-0.25,0.35));
#4078 = VECTOR('',#4079,1.);
#4079 = DIRECTION('',(0.,1.,0.));
#4080 = ORIENTED_EDGE('',*,*,#3825,.F.);
#4081 = CYLINDRICAL_SURFACE('',#4082,3.5E-02);
#4082 = AXIS2_PLACEMENT_3D('',#4083,#4084,#4085);
#4083 = CARTESIAN_POINT('',(0.465,-0.25,0.315));
#4084 = DIRECTION('',(0.,1.,0.));
#4085 = DIRECTION('',(1.,0.,0.));
#4086 = ADVANCED_FACE('',(#4087),#4098,.T.);
#4087 = FACE_BOUND('',#4088,.T.);
#4088 = EDGE_LOOP('',(#4089,#4090,#4096,#4097));
#4089 = ORIENTED_EDGE('',*,*,#3941,.F.);
#4090 = ORIENTED_EDGE('',*,*,#4091,.F.);
#4091 = EDGE_CURVE('',#3809,#3933,#4092,.T.);
#4092 = LINE('',#4093,#4094);
#4093 = CARTESIAN_POINT('',(0.335,-0.25,0.35));
#4094 = VECTOR('',#4095,1.);
#4095 = DIRECTION('',(0.,1.,0.));
#4096 = ORIENTED_EDGE('',*,*,#3817,.T.);
#4097 = ORIENTED_EDGE('',*,*,#4075,.T.);
#4098 = PLANE('',#4099);
#4099 = AXIS2_PLACEMENT_3D('',#4100,#4101,#4102);
#4100 = CARTESIAN_POINT('',(0.3,-0.25,0.35));
#4101 = DIRECTION('',(0.,0.,1.));
#4102 = DIRECTION('',(1.,0.,-0.));
#4103 = ADVANCED_FACE('',(#4104),#4115,.T.);
#4104 = FACE_BOUND('',#4105,.T.);
#4105 = EDGE_LOOP('',(#4106,#4107,#4108,#4109));
#4106 = ORIENTED_EDGE('',*,*,#3808,.T.);
#4107 = ORIENTED_EDGE('',*,*,#4091,.T.);
#4108 = ORIENTED_EDGE('',*,*,#3932,.F.);
#4109 = ORIENTED_EDGE('',*,*,#4110,.F.);
#4110 = EDGE_CURVE('',#3643,#3726,#4111,.T.);
#4111 = LINE('',#4112,#4113);
#4112 = CARTESIAN_POINT('',(0.3,-0.25,0.315));
#4113 = VECTOR('',#4114,1.);
#4114 = DIRECTION('',(0.,1.,0.));
#4115 = CYLINDRICAL_SURFACE('',#4116,3.5E-02);
#4116 = AXIS2_PLACEMENT_3D('',#4117,#4118,#4119);
#4117 = CARTESIAN_POINT('',(0.335,-0.25,0.315));
#4118 = DIRECTION('',(0.,1.,0.));
#4119 = DIRECTION('',(-1.,0.,0.));
#4120 = ADVANCED_FACE('',(#4121),#4132,.T.);
#4121 = FACE_BOUND('',#4122,.T.);
#4122 = EDGE_LOOP('',(#4123,#4124,#4125,#4126));
#4123 = ORIENTED_EDGE('',*,*,#3874,.F.);
#4124 = ORIENTED_EDGE('',*,*,#4110,.T.);
#4125 = ORIENTED_EDGE('',*,*,#3991,.T.);
#4126 = ORIENTED_EDGE('',*,*,#4127,.F.);
#4127 = EDGE_CURVE('',#3867,#3984,#4128,.T.);
#4128 = LINE('',#4129,#4130);
#4129 = CARTESIAN_POINT('',(0.3,-0.25,0.35));
#4130 = VECTOR('',#4131,1.);
#4131 = DIRECTION('',(0.,1.,0.));
#4132 = PLANE('',#4133);
#4133 = AXIS2_PLACEMENT_3D('',#4134,#4135,#4136);
#4134 = CARTESIAN_POINT('',(0.3,-0.25,0.315));
#4135 = DIRECTION('',(1.,0.,0.));
#4136 = DIRECTION('',(0.,0.,1.));
#4137 = ADVANCED_FACE('',(#4138),#4144,.T.);
#4138 = FACE_BOUND('',#4139,.T.);
#4139 = EDGE_LOOP('',(#4140,#4141,#4142,#4143));
#4140 = ORIENTED_EDGE('',*,*,#3898,.F.);
#4141 = ORIENTED_EDGE('',*,*,#3866,.T.);
#4142 = ORIENTED_EDGE('',*,*,#4127,.T.);
#4143 = ORIENTED_EDGE('',*,*,#3983,.F.);
#4144 = PLANE('',#4145);
#4145 = AXIS2_PLACEMENT_3D('',#4146,#4147,#4148);
#4146 = CARTESIAN_POINT('',(-0.3,-0.25,0.35));
#4147 = DIRECTION('',(0.,0.,1.));
#4148 = DIRECTION('',(1.,0.,-0.));
#4149 = ( GEOMETRIC_REPRESENTATION_CONTEXT(3) 
GLOBAL_UNCERTAINTY_ASSIGNED_CONTEXT((#4153)) 
GLOBAL_UNIT_ASSIGNED_CONTEXT((#4150,#4151,#4152)) REPRESENTATION_CONTEXT
('Context #1','3D Context with UNIT and UNCERTAINTY') );
#4150 = ( LENGTH_UNIT() NAMED_UNIT(*) SI_UNIT(.MILLI.,.METRE.) );
#4151 = ( NAMED_UNIT(*) PLANE_ANGLE_UNIT() SI_UNIT($,.RADIAN.) );
#4152 = ( NAMED_UNIT(*) SI_UNIT($,.STERADIAN.) SOLID_ANGLE_UNIT() );
#4153 = UNCERTAINTY_MEASURE_WITH_UNIT(LENGTH_MEASURE(1.E-07),#4150,
  'distance_accuracy_value','confusion accuracy');
#4154 = CONTEXT_DEPENDENT_SHAPE_REPRESENTATION(#4155,#4157);
#4155 = ( REPRESENTATION_RELATIONSHIP('','',#3358,#3335) 
REPRESENTATION_RELATIONSHIP_WITH_TRANSFORMATION(#4156) 
SHAPE_REPRESENTATION_RELATIONSHIP() );
#4156 = ITEM_DEFINED_TRANSFORMATION('','',#11,#3336);
#4157 = PRODUCT_DEFINITION_SHAPE('Placement','Placement of an item',
  #4158);
#4158 = NEXT_ASSEMBLY_USAGE_OCCURRENCE('6','=>[0:1:1:7]','',#3330,#3353,
  $);
#4159 = PRODUCT_RELATED_PRODUCT_CATEGORY('part',$,(#3355));
#4160 = SHAPE_DEFINITION_REPRESENTATION(#4161,#4167);
#4161 = PRODUCT_DEFINITION_SHAPE('','',#4162);
#4162 = PRODUCT_DEFINITION('design','',#4163,#4166);
#4163 = PRODUCT_DEFINITION_FORMATION('','',#4164);
#4164 = PRODUCT('photo_inter_5mm','photo_inter_5mm','',(#4165));
#4165 = PRODUCT_CONTEXT('',#2,'mechanical');
#4166 = PRODUCT_DEFINITION_CONTEXT('part definition',#2,'design');
#4167 = SHAPE_REPRESENTATION('',(#11,#4168),#4172);
#4168 = AXIS2_PLACEMENT_3D('',#4169,#4170,#4171);
#4169 = CARTESIAN_POINT('',(0.,0.,0.));
#4170 = DIRECTION('',(0.,0.,1.));
#4171 = DIRECTION('',(1.,0.,-0.));
#4172 = ( GEOMETRIC_REPRESENTATION_CONTEXT(3) 
GLOBAL_UNCERTAINTY_ASSIGNED_CONTEXT((#4176)) 
GLOBAL_UNIT_ASSIGNED_CONTEXT((#4173,#4174,#4175)) REPRESENTATION_CONTEXT
('Context #1','3D Context with UNIT and UNCERTAINTY') );
#4173 = ( LENGTH_UNIT() NAMED_UNIT(*) SI_UNIT(.MILLI.,.METRE.) );
#4174 = ( NAMED_UNIT(*) PLANE_ANGLE_UNIT() SI_UNIT($,.RADIAN.) );
#4175 = ( NAMED_UNIT(*) SI_UNIT($,.STERADIAN.) SOLID_ANGLE_UNIT() );
#4176 = UNCERTAINTY_MEASURE_WITH_UNIT(LENGTH_MEASURE(1.E-07),#4173,
  'distance_accuracy_value','confusion accuracy');
#4177 = CONTEXT_DEPENDENT_SHAPE_REPRESENTATION(#4178,#4180);
#4178 = ( REPRESENTATION_RELATIONSHIP('','',#4167,#10) 
REPRESENTATION_RELATIONSHIP_WITH_TRANSFORMATION(#4179) 
SHAPE_REPRESENTATION_RELATIONSHIP() );
#4179 = ITEM_DEFINED_TRANSFORMATION('','',#11,#31);
#4180 = PRODUCT_DEFINITION_SHAPE('Placement','Placement of an item',
  #4181);
#4181 = NEXT_ASSEMBLY_USAGE_OCCURRENCE('9','IC2','',#5,#4162,$);
#4182 = PRODUCT_RELATED_PRODUCT_CATEGORY('part',$,(#4164));
#4183 = SHAPE_DEFINITION_REPRESENTATION(#4184,#4190);
#4184 = PRODUCT_DEFINITION_SHAPE('','',#4185);
#4185 = PRODUCT_DEFINITION('design','',#4186,#4189);
#4186 = PRODUCT_DEFINITION_FORMATION('','',#4187);
#4187 = PRODUCT('Corps001','Corps001','',(#4188));
#4188 = PRODUCT_CONTEXT('',#2,'mechanical');
#4189 = PRODUCT_DEFINITION_CONTEXT('part definition',#2,'design');
#4190 = ADVANCED_BREP_SHAPE_REPRESENTATION('',(#11,#4191),#6542);
#4191 = MANIFOLD_SOLID_BREP('',#4192);
#4192 = CLOSED_SHELL('',(#4193,#4369,#4432,#4488,#4544,#4593,#4624,#4648
    ,#4672,#4689,#4720,#4744,#4768,#4785,#4816,#4840,#4864,#4881,#4912,
    #4936,#4960,#4977,#5049,#5081,#5105,#5130,#5202,#5251,#5291,#5326,
    #5358,#5382,#5407,#5419,#5431,#5443,#5455,#5479,#5503,#5527,#5551,
    #5568,#5585,#5609,#5633,#5657,#5681,#5698,#5729,#5753,#5777,#5794,
    #5825,#5849,#5873,#5890,#5907,#6051,#6076,#6088,#6100,#6131,#6155,
    #6179,#6203,#6227,#6251,#6275,#6299,#6323,#6347,#6371,#6395,#6419,
    #6443,#6467,#6484,#6509,#6533));
#4193 = ADVANCED_FACE('',(#4194,#4228,#4262,#4296,#4330),#4364,.F.);
#4194 = FACE_BOUND('',#4195,.F.);
#4195 = EDGE_LOOP('',(#4196,#4206,#4214,#4222));
#4196 = ORIENTED_EDGE('',*,*,#4197,.T.);
#4197 = EDGE_CURVE('',#4198,#4200,#4202,.T.);
#4198 = VERTEX_POINT('',#4199);
#4199 = CARTESIAN_POINT('',(-6.5,0.,0.));
#4200 = VERTEX_POINT('',#4201);
#4201 = CARTESIAN_POINT('',(-6.5,-6.,5.6645352591E-15));
#4202 = LINE('',#4203,#4204);
#4203 = CARTESIAN_POINT('',(-6.5,0.,0.));
#4204 = VECTOR('',#4205,1.);
#4205 = DIRECTION('',(0.,-1.,8.840892098501E-16));
#4206 = ORIENTED_EDGE('',*,*,#4207,.T.);
#4207 = EDGE_CURVE('',#4200,#4208,#4210,.T.);
#4208 = VERTEX_POINT('',#4209);
#4209 = CARTESIAN_POINT('',(6.5,-6.,5.6645352591E-15));
#4210 = LINE('',#4211,#4212);
#4211 = CARTESIAN_POINT('',(-6.5,-6.,6.217248937901E-15));
#4212 = VECTOR('',#4213,1.);
#4213 = DIRECTION('',(1.,0.,0.));
#4214 = ORIENTED_EDGE('',*,*,#4215,.F.);
#4215 = EDGE_CURVE('',#4216,#4208,#4218,.T.);
#4216 = VERTEX_POINT('',#4217);
#4217 = CARTESIAN_POINT('',(6.5,0.,0.));
#4218 = LINE('',#4219,#4220);
#4219 = CARTESIAN_POINT('',(6.5,-4.440892098501E-33,-1.E-17));
#4220 = VECTOR('',#4221,1.);
#4221 = DIRECTION('',(0.,-1.,8.840892098501E-16));
#4222 = ORIENTED_EDGE('',*,*,#4223,.F.);
#4223 = EDGE_CURVE('',#4198,#4216,#4224,.T.);
#4224 = LINE('',#4225,#4226);
#4225 = CARTESIAN_POINT('',(-6.5,0.,0.));
#4226 = VECTOR('',#4227,1.);
#4227 = DIRECTION('',(1.,0.,0.));
#4228 = FACE_BOUND('',#4229,.F.);
#4229 = EDGE_LOOP('',(#4230,#4240,#4248,#4256));
#4230 = ORIENTED_EDGE('',*,*,#4231,.T.);
#4231 = EDGE_CURVE('',#4232,#4234,#4236,.T.);
#4232 = VERTEX_POINT('',#4233);
#4233 = CARTESIAN_POINT('',(-4.855,-4.495,4.99045249569E-16));
#4234 = VERTEX_POINT('',#4235);
#4235 = CARTESIAN_POINT('',(-5.305,-4.495,4.99045249569E-16));
#4236 = LINE('',#4237,#4238);
#4237 = CARTESIAN_POINT('',(-4.855,-4.495,4.99045249569E-16));
#4238 = VECTOR('',#4239,1.);
#4239 = DIRECTION('',(-1.,0.,0.));
#4240 = ORIENTED_EDGE('',*,*,#4241,.T.);
#4241 = EDGE_CURVE('',#4234,#4242,#4244,.T.);
#4242 = VERTEX_POINT('',#4243);
#4243 = CARTESIAN_POINT('',(-5.305,-4.045,4.490852134609E-16));
#4244 = LINE('',#4245,#4246);
#4245 = CARTESIAN_POINT('',(-5.305,-4.495,4.99045249569E-16));
#4246 = VECTOR('',#4247,1.);
#4247 = DIRECTION('',(0.,1.,-1.110223024625E-16));
#4248 = ORIENTED_EDGE('',*,*,#4249,.T.);
#4249 = EDGE_CURVE('',#4242,#4250,#4252,.T.);
#4250 = VERTEX_POINT('',#4251);
#4251 = CARTESIAN_POINT('',(-4.855,-4.045,4.490852134609E-16));
#4252 = LINE('',#4253,#4254);
#4253 = CARTESIAN_POINT('',(-5.305,-4.045,4.490852134609E-16));
#4254 = VECTOR('',#4255,1.);
#4255 = DIRECTION('',(1.,0.,0.));
#4256 = ORIENTED_EDGE('',*,*,#4257,.T.);
#4257 = EDGE_CURVE('',#4250,#4232,#4258,.T.);
#4258 = LINE('',#4259,#4260);
#4259 = CARTESIAN_POINT('',(-4.855,-4.045,4.490852134609E-16));
#4260 = VECTOR('',#4261,1.);
#4261 = DIRECTION('',(0.,-1.,1.110223024625E-16));
#4262 = FACE_BOUND('',#4263,.F.);
#4263 = EDGE_LOOP('',(#4264,#4274,#4282,#4290));
#4264 = ORIENTED_EDGE('',*,*,#4265,.T.);
#4265 = EDGE_CURVE('',#4266,#4268,#4270,.T.);
#4266 = VERTEX_POINT('',#4267);
#4267 = CARTESIAN_POINT('',(5.305,-4.495,4.99045249569E-16));
#4268 = VERTEX_POINT('',#4269);
#4269 = CARTESIAN_POINT('',(4.855,-4.495,4.99045249569E-16));
#4270 = LINE('',#4271,#4272);
#4271 = CARTESIAN_POINT('',(5.305,-4.495,4.99045249569E-16));
#4272 = VECTOR('',#4273,1.);
#4273 = DIRECTION('',(-1.,0.,0.));
#4274 = ORIENTED_EDGE('',*,*,#4275,.T.);
#4275 = EDGE_CURVE('',#4268,#4276,#4278,.T.);
#4276 = VERTEX_POINT('',#4277);
#4277 = CARTESIAN_POINT('',(4.855,-4.045,4.490852134609E-16));
#4278 = LINE('',#4279,#4280);
#4279 = CARTESIAN_POINT('',(4.855,-4.495,4.99045249569E-16));
#4280 = VECTOR('',#4281,1.);
#4281 = DIRECTION('',(0.,1.,-1.110223024625E-16));
#4282 = ORIENTED_EDGE('',*,*,#4283,.T.);
#4283 = EDGE_CURVE('',#4276,#4284,#4286,.T.);
#4284 = VERTEX_POINT('',#4285);
#4285 = CARTESIAN_POINT('',(5.305,-4.045,4.490852134609E-16));
#4286 = LINE('',#4287,#4288);
#4287 = CARTESIAN_POINT('',(4.855,-4.045,4.490852134609E-16));
#4288 = VECTOR('',#4289,1.);
#4289 = DIRECTION('',(1.,0.,0.));
#4290 = ORIENTED_EDGE('',*,*,#4291,.T.);
#4291 = EDGE_CURVE('',#4284,#4266,#4292,.T.);
#4292 = LINE('',#4293,#4294);
#4293 = CARTESIAN_POINT('',(5.305,-4.045,4.490852134609E-16));
#4294 = VECTOR('',#4295,1.);
#4295 = DIRECTION('',(0.,-1.,1.110223024625E-16));
#4296 = FACE_BOUND('',#4297,.F.);
#4297 = EDGE_LOOP('',(#4298,#4308,#4316,#4324));
#4298 = ORIENTED_EDGE('',*,*,#4299,.T.);
#4299 = EDGE_CURVE('',#4300,#4302,#4304,.T.);
#4300 = VERTEX_POINT('',#4301);
#4301 = CARTESIAN_POINT('',(-4.855,-1.955,2.170486013142E-16));
#4302 = VERTEX_POINT('',#4303);
#4303 = CARTESIAN_POINT('',(-5.305,-1.955,2.170486013142E-16));
#4304 = LINE('',#4305,#4306);
#4305 = CARTESIAN_POINT('',(-4.855,-1.955,2.170486013142E-16));
#4306 = VECTOR('',#4307,1.);
#4307 = DIRECTION('',(-1.,0.,0.));
#4308 = ORIENTED_EDGE('',*,*,#4309,.T.);
#4309 = EDGE_CURVE('',#4302,#4310,#4312,.T.);
#4310 = VERTEX_POINT('',#4311);
#4311 = CARTESIAN_POINT('',(-5.305,-1.505,1.670885652061E-16));
#4312 = LINE('',#4313,#4314);
#4313 = CARTESIAN_POINT('',(-5.305,-1.955,2.170486013142E-16));
#4314 = VECTOR('',#4315,1.);
#4315 = DIRECTION('',(0.,1.,-1.110223024625E-16));
#4316 = ORIENTED_EDGE('',*,*,#4317,.T.);
#4317 = EDGE_CURVE('',#4310,#4318,#4320,.T.);
#4318 = VERTEX_POINT('',#4319);
#4319 = CARTESIAN_POINT('',(-4.855,-1.505,1.670885652061E-16));
#4320 = LINE('',#4321,#4322);
#4321 = CARTESIAN_POINT('',(-5.305,-1.505,1.670885652061E-16));
#4322 = VECTOR('',#4323,1.);
#4323 = DIRECTION('',(1.,0.,0.));
#4324 = ORIENTED_EDGE('',*,*,#4325,.T.);
#4325 = EDGE_CURVE('',#4318,#4300,#4326,.T.);
#4326 = LINE('',#4327,#4328);
#4327 = CARTESIAN_POINT('',(-4.855,-1.505,1.670885652061E-16));
#4328 = VECTOR('',#4329,1.);
#4329 = DIRECTION('',(0.,-1.,1.110223024625E-16));
#4330 = FACE_BOUND('',#4331,.F.);
#4331 = EDGE_LOOP('',(#4332,#4342,#4350,#4358));
#4332 = ORIENTED_EDGE('',*,*,#4333,.T.);
#4333 = EDGE_CURVE('',#4334,#4336,#4338,.T.);
#4334 = VERTEX_POINT('',#4335);
#4335 = CARTESIAN_POINT('',(5.305,-1.955,2.170486013142E-16));
#4336 = VERTEX_POINT('',#4337);
#4337 = CARTESIAN_POINT('',(4.855,-1.955,2.170486013142E-16));
#4338 = LINE('',#4339,#4340);
#4339 = CARTESIAN_POINT('',(5.305,-1.955,2.170486013142E-16));
#4340 = VECTOR('',#4341,1.);
#4341 = DIRECTION('',(-1.,0.,0.));
#4342 = ORIENTED_EDGE('',*,*,#4343,.T.);
#4343 = EDGE_CURVE('',#4336,#4344,#4346,.T.);
#4344 = VERTEX_POINT('',#4345);
#4345 = CARTESIAN_POINT('',(4.855,-1.505,1.670885652061E-16));
#4346 = LINE('',#4347,#4348);
#4347 = CARTESIAN_POINT('',(4.855,-1.955,2.170486013142E-16));
#4348 = VECTOR('',#4349,1.);
#4349 = DIRECTION('',(0.,1.,-1.110223024625E-16));
#4350 = ORIENTED_EDGE('',*,*,#4351,.T.);
#4351 = EDGE_CURVE('',#4344,#4352,#4354,.T.);
#4352 = VERTEX_POINT('',#4353);
#4353 = CARTESIAN_POINT('',(5.305,-1.505,1.670885652061E-16));
#4354 = LINE('',#4355,#4356);
#4355 = CARTESIAN_POINT('',(4.855,-1.505,1.670885652061E-16));
#4356 = VECTOR('',#4357,1.);
#4357 = DIRECTION('',(1.,0.,0.));
#4358 = ORIENTED_EDGE('',*,*,#4359,.T.);
#4359 = EDGE_CURVE('',#4352,#4334,#4360,.T.);
#4360 = LINE('',#4361,#4362);
#4361 = CARTESIAN_POINT('',(5.305,-1.505,1.670885652061E-16));
#4362 = VECTOR('',#4363,1.);
#4363 = DIRECTION('',(0.,-1.,1.110223024625E-16));
#4364 = PLANE('',#4365);
#4365 = AXIS2_PLACEMENT_3D('',#4366,#4367,#4368);
#4366 = CARTESIAN_POINT('',(-6.5,0.,0.));
#4367 = DIRECTION('',(0.,8.840892098501E-16,1.));
#4368 = DIRECTION('',(1.,0.,-0.));
#4369 = ADVANCED_FACE('',(#4370),#4427,.F.);
#4370 = FACE_BOUND('',#4371,.F.);
#4371 = EDGE_LOOP('',(#4372,#4380,#4388,#4396,#4404,#4412,#4420,#4426));
#4372 = ORIENTED_EDGE('',*,*,#4373,.F.);
#4373 = EDGE_CURVE('',#4374,#4198,#4376,.T.);
#4374 = VERTEX_POINT('',#4375);
#4375 = CARTESIAN_POINT('',(-6.5,4.440892098501E-15,10.));
#4376 = LINE('',#4377,#4378);
#4377 = CARTESIAN_POINT('',(-6.5,4.440892098501E-15,10.));
#4378 = VECTOR('',#4379,1.);
#4379 = DIRECTION('',(0.,-4.440892098501E-16,-1.));
#4380 = ORIENTED_EDGE('',*,*,#4381,.T.);
#4381 = EDGE_CURVE('',#4374,#4382,#4384,.T.);
#4382 = VERTEX_POINT('',#4383);
#4383 = CARTESIAN_POINT('',(-6.5,-2.5,10.));
#4384 = LINE('',#4385,#4386);
#4385 = CARTESIAN_POINT('',(-6.5,8.880892098501E-15,10.));
#4386 = VECTOR('',#4387,1.);
#4387 = DIRECTION('',(0.,-1.,8.840892098501E-16));
#4388 = ORIENTED_EDGE('',*,*,#4389,.T.);
#4389 = EDGE_CURVE('',#4382,#4390,#4392,.T.);
#4390 = VERTEX_POINT('',#4391);
#4391 = CARTESIAN_POINT('',(-6.5,-2.5,4.));
#4392 = LINE('',#4393,#4394);
#4393 = CARTESIAN_POINT('',(-6.5,-2.5,10.));
#4394 = VECTOR('',#4395,1.);
#4395 = DIRECTION('',(0.,-8.840892098501E-16,-1.));
#4396 = ORIENTED_EDGE('',*,*,#4397,.T.);
#4397 = EDGE_CURVE('',#4390,#4398,#4400,.T.);
#4398 = VERTEX_POINT('',#4399);
#4399 = CARTESIAN_POINT('',(-6.5,-3.5,4.));
#4400 = LINE('',#4401,#4402);
#4401 = CARTESIAN_POINT('',(-6.5,-2.5,4.));
#4402 = VECTOR('',#4403,1.);
#4403 = DIRECTION('',(0.,-1.,4.440892098501E-16));
#4404 = ORIENTED_EDGE('',*,*,#4405,.F.);
#4405 = EDGE_CURVE('',#4406,#4398,#4408,.T.);
#4406 = VERTEX_POINT('',#4407);
#4407 = CARTESIAN_POINT('',(-6.5,-3.5,10.));
#4408 = LINE('',#4409,#4410);
#4409 = CARTESIAN_POINT('',(-6.5,-3.5,10.));
#4410 = VECTOR('',#4411,1.);
#4411 = DIRECTION('',(0.,-8.840892098501E-16,-1.));
#4412 = ORIENTED_EDGE('',*,*,#4413,.T.);
#4413 = EDGE_CURVE('',#4406,#4414,#4416,.T.);
#4414 = VERTEX_POINT('',#4415);
#4415 = CARTESIAN_POINT('',(-6.5,-6.,10.));
#4416 = LINE('',#4417,#4418);
#4417 = CARTESIAN_POINT('',(-6.5,8.880892098501E-15,10.));
#4418 = VECTOR('',#4419,1.);
#4419 = DIRECTION('',(0.,-1.,8.840892098501E-16));
#4420 = ORIENTED_EDGE('',*,*,#4421,.T.);
#4421 = EDGE_CURVE('',#4414,#4200,#4422,.T.);
#4422 = LINE('',#4423,#4424);
#4423 = CARTESIAN_POINT('',(-6.5,-6.,10.));
#4424 = VECTOR('',#4425,1.);
#4425 = DIRECTION('',(0.,-4.440892098501E-16,-1.));
#4426 = ORIENTED_EDGE('',*,*,#4197,.F.);
#4427 = PLANE('',#4428);
#4428 = AXIS2_PLACEMENT_3D('',#4429,#4430,#4431);
#4429 = CARTESIAN_POINT('',(-6.5,8.880892098501E-15,10.));
#4430 = DIRECTION('',(1.,0.,0.));
#4431 = DIRECTION('',(0.,-8.840892098501E-16,-1.));
#4432 = ADVANCED_FACE('',(#4433),#4483,.T.);
#4433 = FACE_BOUND('',#4434,.F.);
#4434 = EDGE_LOOP('',(#4435,#4436,#4444,#4452,#4460,#4468,#4476,#4482));
#4435 = ORIENTED_EDGE('',*,*,#4223,.T.);
#4436 = ORIENTED_EDGE('',*,*,#4437,.T.);
#4437 = EDGE_CURVE('',#4216,#4438,#4440,.T.);
#4438 = VERTEX_POINT('',#4439);
#4439 = CARTESIAN_POINT('',(6.5,4.440892098501E-15,10.));
#4440 = LINE('',#4441,#4442);
#4441 = CARTESIAN_POINT('',(6.5,-4.440892098501E-33,-1.E-17));
#4442 = VECTOR('',#4443,1.);
#4443 = DIRECTION('',(0.,4.440892098501E-16,1.));
#4444 = ORIENTED_EDGE('',*,*,#4445,.T.);
#4445 = EDGE_CURVE('',#4438,#4446,#4448,.T.);
#4446 = VERTEX_POINT('',#4447);
#4447 = CARTESIAN_POINT('',(2.5,4.440892098501E-15,10.));
#4448 = LINE('',#4449,#4450);
#4449 = CARTESIAN_POINT('',(6.5,4.440892098501E-15,10.));
#4450 = VECTOR('',#4451,1.);
#4451 = DIRECTION('',(-1.,0.,0.));
#4452 = ORIENTED_EDGE('',*,*,#4453,.T.);
#4453 = EDGE_CURVE('',#4446,#4454,#4456,.T.);
#4454 = VERTEX_POINT('',#4455);
#4455 = CARTESIAN_POINT('',(2.5,8.881784197001E-16,2.));
#4456 = LINE('',#4457,#4458);
#4457 = CARTESIAN_POINT('',(2.5,4.440892098501E-15,10.));
#4458 = VECTOR('',#4459,1.);
#4459 = DIRECTION('',(0.,-4.440892098501E-16,-1.));
#4460 = ORIENTED_EDGE('',*,*,#4461,.T.);
#4461 = EDGE_CURVE('',#4454,#4462,#4464,.T.);
#4462 = VERTEX_POINT('',#4463);
#4463 = CARTESIAN_POINT('',(-2.5,8.881784197001E-16,2.));
#4464 = LINE('',#4465,#4466);
#4465 = CARTESIAN_POINT('',(2.5,8.881784197001E-16,2.));
#4466 = VECTOR('',#4467,1.);
#4467 = DIRECTION('',(-1.,0.,0.));
#4468 = ORIENTED_EDGE('',*,*,#4469,.T.);
#4469 = EDGE_CURVE('',#4462,#4470,#4472,.T.);
#4470 = VERTEX_POINT('',#4471);
#4471 = CARTESIAN_POINT('',(-2.5,4.440892098501E-15,10.));
#4472 = LINE('',#4473,#4474);
#4473 = CARTESIAN_POINT('',(-2.5,8.881784197001E-16,2.));
#4474 = VECTOR('',#4475,1.);
#4475 = DIRECTION('',(0.,4.440892098501E-16,1.));
#4476 = ORIENTED_EDGE('',*,*,#4477,.T.);
#4477 = EDGE_CURVE('',#4470,#4374,#4478,.T.);
#4478 = LINE('',#4479,#4480);
#4479 = CARTESIAN_POINT('',(-2.5,4.440892098501E-15,10.));
#4480 = VECTOR('',#4481,1.);
#4481 = DIRECTION('',(-1.,0.,0.));
#4482 = ORIENTED_EDGE('',*,*,#4373,.T.);
#4483 = PLANE('',#4484);
#4484 = AXIS2_PLACEMENT_3D('',#4485,#4486,#4487);
#4485 = CARTESIAN_POINT('',(0.,3.068540548663E-15,4.612903225806));
#4486 = DIRECTION('',(0.,1.,-6.640892098501E-16));
#4487 = DIRECTION('',(0.,6.640892098501E-16,1.));
#4488 = ADVANCED_FACE('',(#4489),#4539,.F.);
#4489 = FACE_BOUND('',#4490,.T.);
#4490 = EDGE_LOOP('',(#4491,#4492,#4500,#4508,#4516,#4524,#4532,#4538));
#4491 = ORIENTED_EDGE('',*,*,#4207,.T.);
#4492 = ORIENTED_EDGE('',*,*,#4493,.T.);
#4493 = EDGE_CURVE('',#4208,#4494,#4496,.T.);
#4494 = VERTEX_POINT('',#4495);
#4495 = CARTESIAN_POINT('',(6.5,-6.,10.));
#4496 = LINE('',#4497,#4498);
#4497 = CARTESIAN_POINT('',(6.5,-6.,6.217248937901E-15));
#4498 = VECTOR('',#4499,1.);
#4499 = DIRECTION('',(0.,4.440892098501E-16,1.));
#4500 = ORIENTED_EDGE('',*,*,#4501,.T.);
#4501 = EDGE_CURVE('',#4494,#4502,#4504,.T.);
#4502 = VERTEX_POINT('',#4503);
#4503 = CARTESIAN_POINT('',(2.5,-6.,10.));
#4504 = LINE('',#4505,#4506);
#4505 = CARTESIAN_POINT('',(6.5,-6.,10.));
#4506 = VECTOR('',#4507,1.);
#4507 = DIRECTION('',(-1.,0.,0.));
#4508 = ORIENTED_EDGE('',*,*,#4509,.T.);
#4509 = EDGE_CURVE('',#4502,#4510,#4512,.T.);
#4510 = VERTEX_POINT('',#4511);
#4511 = CARTESIAN_POINT('',(2.5,-6.,2.));
#4512 = LINE('',#4513,#4514);
#4513 = CARTESIAN_POINT('',(2.5,-6.,10.));
#4514 = VECTOR('',#4515,1.);
#4515 = DIRECTION('',(0.,-4.440892098501E-16,-1.));
#4516 = ORIENTED_EDGE('',*,*,#4517,.T.);
#4517 = EDGE_CURVE('',#4510,#4518,#4520,.T.);
#4518 = VERTEX_POINT('',#4519);
#4519 = CARTESIAN_POINT('',(-2.5,-6.,2.));
#4520 = LINE('',#4521,#4522);
#4521 = CARTESIAN_POINT('',(2.5,-6.,2.));
#4522 = VECTOR('',#4523,1.);
#4523 = DIRECTION('',(-1.,0.,0.));
#4524 = ORIENTED_EDGE('',*,*,#4525,.T.);
#4525 = EDGE_CURVE('',#4518,#4526,#4528,.T.);
#4526 = VERTEX_POINT('',#4527);
#4527 = CARTESIAN_POINT('',(-2.5,-6.,10.));
#4528 = LINE('',#4529,#4530);
#4529 = CARTESIAN_POINT('',(-2.5,-6.,2.));
#4530 = VECTOR('',#4531,1.);
#4531 = DIRECTION('',(0.,4.440892098501E-16,1.));
#4532 = ORIENTED_EDGE('',*,*,#4533,.T.);
#4533 = EDGE_CURVE('',#4526,#4414,#4534,.T.);
#4534 = LINE('',#4535,#4536);
#4535 = CARTESIAN_POINT('',(-2.5,-6.,10.));
#4536 = VECTOR('',#4537,1.);
#4537 = DIRECTION('',(-1.,0.,0.));
#4538 = ORIENTED_EDGE('',*,*,#4421,.T.);
#4539 = PLANE('',#4540);
#4540 = AXIS2_PLACEMENT_3D('',#4541,#4542,#4543);
#4541 = CARTESIAN_POINT('',(0.,-6.,4.612903225806));
#4542 = DIRECTION('',(0.,1.,-6.640892098501E-16));
#4543 = DIRECTION('',(0.,6.640892098501E-16,1.));
#4544 = ADVANCED_FACE('',(#4545),#4588,.F.);
#4545 = FACE_BOUND('',#4546,.F.);
#4546 = EDGE_LOOP('',(#4547,#4548,#4549,#4550,#4558,#4566,#4574,#4582));
#4547 = ORIENTED_EDGE('',*,*,#4437,.F.);
#4548 = ORIENTED_EDGE('',*,*,#4215,.T.);
#4549 = ORIENTED_EDGE('',*,*,#4493,.T.);
#4550 = ORIENTED_EDGE('',*,*,#4551,.F.);
#4551 = EDGE_CURVE('',#4552,#4494,#4554,.T.);
#4552 = VERTEX_POINT('',#4553);
#4553 = CARTESIAN_POINT('',(6.5,-3.5,10.));
#4554 = LINE('',#4555,#4556);
#4555 = CARTESIAN_POINT('',(6.5,8.880892098501E-15,10.));
#4556 = VECTOR('',#4557,1.);
#4557 = DIRECTION('',(0.,-1.,8.840892098501E-16));
#4558 = ORIENTED_EDGE('',*,*,#4559,.T.);
#4559 = EDGE_CURVE('',#4552,#4560,#4562,.T.);
#4560 = VERTEX_POINT('',#4561);
#4561 = CARTESIAN_POINT('',(6.5,-3.5,4.));
#4562 = LINE('',#4563,#4564);
#4563 = CARTESIAN_POINT('',(6.5,-3.5,10.));
#4564 = VECTOR('',#4565,1.);
#4565 = DIRECTION('',(0.,-8.840892098501E-16,-1.));
#4566 = ORIENTED_EDGE('',*,*,#4567,.F.);
#4567 = EDGE_CURVE('',#4568,#4560,#4570,.T.);
#4568 = VERTEX_POINT('',#4569);
#4569 = CARTESIAN_POINT('',(6.5,-2.5,4.));
#4570 = LINE('',#4571,#4572);
#4571 = CARTESIAN_POINT('',(6.5,-2.5,4.));
#4572 = VECTOR('',#4573,1.);
#4573 = DIRECTION('',(0.,-1.,4.440892098501E-16));
#4574 = ORIENTED_EDGE('',*,*,#4575,.F.);
#4575 = EDGE_CURVE('',#4576,#4568,#4578,.T.);
#4576 = VERTEX_POINT('',#4577);
#4577 = CARTESIAN_POINT('',(6.5,-2.5,10.));
#4578 = LINE('',#4579,#4580);
#4579 = CARTESIAN_POINT('',(6.5,-2.5,10.));
#4580 = VECTOR('',#4581,1.);
#4581 = DIRECTION('',(0.,-8.840892098501E-16,-1.));
#4582 = ORIENTED_EDGE('',*,*,#4583,.F.);
#4583 = EDGE_CURVE('',#4438,#4576,#4584,.T.);
#4584 = LINE('',#4585,#4586);
#4585 = CARTESIAN_POINT('',(6.5,8.880892098501E-15,10.));
#4586 = VECTOR('',#4587,1.);
#4587 = DIRECTION('',(0.,-1.,8.840892098501E-16));
#4588 = PLANE('',#4589);
#4589 = AXIS2_PLACEMENT_3D('',#4590,#4591,#4592);
#4590 = CARTESIAN_POINT('',(6.5,-4.440892098501E-33,-1.E-17));
#4591 = DIRECTION('',(-1.,0.,0.));
#4592 = DIRECTION('',(0.,8.840892098501E-16,1.));
#4593 = ADVANCED_FACE('',(#4594),#4619,.F.);
#4594 = FACE_BOUND('',#4595,.F.);
#4595 = EDGE_LOOP('',(#4596,#4604,#4612,#4618));
#4596 = ORIENTED_EDGE('',*,*,#4597,.T.);
#4597 = EDGE_CURVE('',#4232,#4598,#4600,.T.);
#4598 = VERTEX_POINT('',#4599);
#4599 = CARTESIAN_POINT('',(-4.855,-4.495,-3.));
#4600 = LINE('',#4601,#4602);
#4601 = CARTESIAN_POINT('',(-4.855,-4.495,4.99045249569E-16));
#4602 = VECTOR('',#4603,1.);
#4603 = DIRECTION('',(-0.,-1.110223024625E-16,-1.));
#4604 = ORIENTED_EDGE('',*,*,#4605,.T.);
#4605 = EDGE_CURVE('',#4598,#4606,#4608,.T.);
#4606 = VERTEX_POINT('',#4607);
#4607 = CARTESIAN_POINT('',(-5.305,-4.495,-3.));
#4608 = LINE('',#4609,#4610);
#4609 = CARTESIAN_POINT('',(-4.855,-4.495,-3.));
#4610 = VECTOR('',#4611,1.);
#4611 = DIRECTION('',(-1.,0.,0.));
#4612 = ORIENTED_EDGE('',*,*,#4613,.F.);
#4613 = EDGE_CURVE('',#4234,#4606,#4614,.T.);
#4614 = LINE('',#4615,#4616);
#4615 = CARTESIAN_POINT('',(-5.305,-4.495,4.99045249569E-16));
#4616 = VECTOR('',#4617,1.);
#4617 = DIRECTION('',(-0.,-1.110223024625E-16,-1.));
#4618 = ORIENTED_EDGE('',*,*,#4231,.F.);
#4619 = PLANE('',#4620);
#4620 = AXIS2_PLACEMENT_3D('',#4621,#4622,#4623);
#4621 = CARTESIAN_POINT('',(-4.855,-4.495,4.99045249569E-16));
#4622 = DIRECTION('',(0.,1.,-1.110223024625E-16));
#4623 = DIRECTION('',(-1.,0.,0.));
#4624 = ADVANCED_FACE('',(#4625),#4643,.F.);
#4625 = FACE_BOUND('',#4626,.F.);
#4626 = EDGE_LOOP('',(#4627,#4635,#4641,#4642));
#4627 = ORIENTED_EDGE('',*,*,#4628,.T.);
#4628 = EDGE_CURVE('',#4250,#4629,#4631,.T.);
#4629 = VERTEX_POINT('',#4630);
#4630 = CARTESIAN_POINT('',(-4.855,-4.045,-3.));
#4631 = LINE('',#4632,#4633);
#4632 = CARTESIAN_POINT('',(-4.855,-4.045,4.490852134609E-16));
#4633 = VECTOR('',#4634,1.);
#4634 = DIRECTION('',(-0.,-1.110223024625E-16,-1.));
#4635 = ORIENTED_EDGE('',*,*,#4636,.T.);
#4636 = EDGE_CURVE('',#4629,#4598,#4637,.T.);
#4637 = LINE('',#4638,#4639);
#4638 = CARTESIAN_POINT('',(-4.855,-4.045,-3.));
#4639 = VECTOR('',#4640,1.);
#4640 = DIRECTION('',(0.,-1.,1.110223024625E-16));
#4641 = ORIENTED_EDGE('',*,*,#4597,.F.);
#4642 = ORIENTED_EDGE('',*,*,#4257,.F.);
#4643 = PLANE('',#4644);
#4644 = AXIS2_PLACEMENT_3D('',#4645,#4646,#4647);
#4645 = CARTESIAN_POINT('',(-4.855,-4.045,4.490852134609E-16));
#4646 = DIRECTION('',(-1.,0.,0.));
#4647 = DIRECTION('',(0.,-1.,1.110223024625E-16));
#4648 = ADVANCED_FACE('',(#4649),#4667,.F.);
#4649 = FACE_BOUND('',#4650,.F.);
#4650 = EDGE_LOOP('',(#4651,#4659,#4665,#4666));
#4651 = ORIENTED_EDGE('',*,*,#4652,.T.);
#4652 = EDGE_CURVE('',#4242,#4653,#4655,.T.);
#4653 = VERTEX_POINT('',#4654);
#4654 = CARTESIAN_POINT('',(-5.305,-4.045,-3.));
#4655 = LINE('',#4656,#4657);
#4656 = CARTESIAN_POINT('',(-5.305,-4.045,4.490852134609E-16));
#4657 = VECTOR('',#4658,1.);
#4658 = DIRECTION('',(-0.,-1.110223024625E-16,-1.));
#4659 = ORIENTED_EDGE('',*,*,#4660,.T.);
#4660 = EDGE_CURVE('',#4653,#4629,#4661,.T.);
#4661 = LINE('',#4662,#4663);
#4662 = CARTESIAN_POINT('',(-5.305,-4.045,-3.));
#4663 = VECTOR('',#4664,1.);
#4664 = DIRECTION('',(1.,0.,0.));
#4665 = ORIENTED_EDGE('',*,*,#4628,.F.);
#4666 = ORIENTED_EDGE('',*,*,#4249,.F.);
#4667 = PLANE('',#4668);
#4668 = AXIS2_PLACEMENT_3D('',#4669,#4670,#4671);
#4669 = CARTESIAN_POINT('',(-5.305,-4.045,4.490852134609E-16));
#4670 = DIRECTION('',(0.,-1.,1.110223024625E-16));
#4671 = DIRECTION('',(1.,0.,0.));
#4672 = ADVANCED_FACE('',(#4673),#4684,.F.);
#4673 = FACE_BOUND('',#4674,.F.);
#4674 = EDGE_LOOP('',(#4675,#4676,#4682,#4683));
#4675 = ORIENTED_EDGE('',*,*,#4613,.T.);
#4676 = ORIENTED_EDGE('',*,*,#4677,.T.);
#4677 = EDGE_CURVE('',#4606,#4653,#4678,.T.);
#4678 = LINE('',#4679,#4680);
#4679 = CARTESIAN_POINT('',(-5.305,-4.495,-3.));
#4680 = VECTOR('',#4681,1.);
#4681 = DIRECTION('',(0.,1.,-1.110223024625E-16));
#4682 = ORIENTED_EDGE('',*,*,#4652,.F.);
#4683 = ORIENTED_EDGE('',*,*,#4241,.F.);
#4684 = PLANE('',#4685);
#4685 = AXIS2_PLACEMENT_3D('',#4686,#4687,#4688);
#4686 = CARTESIAN_POINT('',(-5.305,-4.495,4.99045249569E-16));
#4687 = DIRECTION('',(1.,0.,0.));
#4688 = DIRECTION('',(0.,1.,-1.110223024625E-16));
#4689 = ADVANCED_FACE('',(#4690),#4715,.F.);
#4690 = FACE_BOUND('',#4691,.F.);
#4691 = EDGE_LOOP('',(#4692,#4700,#4708,#4714));
#4692 = ORIENTED_EDGE('',*,*,#4693,.T.);
#4693 = EDGE_CURVE('',#4266,#4694,#4696,.T.);
#4694 = VERTEX_POINT('',#4695);
#4695 = CARTESIAN_POINT('',(5.305,-4.495,-3.));
#4696 = LINE('',#4697,#4698);
#4697 = CARTESIAN_POINT('',(5.305,-4.495,4.99045249569E-16));
#4698 = VECTOR('',#4699,1.);
#4699 = DIRECTION('',(-0.,-1.110223024625E-16,-1.));
#4700 = ORIENTED_EDGE('',*,*,#4701,.T.);
#4701 = EDGE_CURVE('',#4694,#4702,#4704,.T.);
#4702 = VERTEX_POINT('',#4703);
#4703 = CARTESIAN_POINT('',(4.855,-4.495,-3.));
#4704 = LINE('',#4705,#4706);
#4705 = CARTESIAN_POINT('',(5.305,-4.495,-3.));
#4706 = VECTOR('',#4707,1.);
#4707 = DIRECTION('',(-1.,0.,0.));
#4708 = ORIENTED_EDGE('',*,*,#4709,.F.);
#4709 = EDGE_CURVE('',#4268,#4702,#4710,.T.);
#4710 = LINE('',#4711,#4712);
#4711 = CARTESIAN_POINT('',(4.855,-4.495,4.99045249569E-16));
#4712 = VECTOR('',#4713,1.);
#4713 = DIRECTION('',(-0.,-1.110223024625E-16,-1.));
#4714 = ORIENTED_EDGE('',*,*,#4265,.F.);
#4715 = PLANE('',#4716);
#4716 = AXIS2_PLACEMENT_3D('',#4717,#4718,#4719);
#4717 = CARTESIAN_POINT('',(5.305,-4.495,4.99045249569E-16));
#4718 = DIRECTION('',(0.,1.,-1.110223024625E-16));
#4719 = DIRECTION('',(-1.,0.,0.));
#4720 = ADVANCED_FACE('',(#4721),#4739,.F.);
#4721 = FACE_BOUND('',#4722,.F.);
#4722 = EDGE_LOOP('',(#4723,#4731,#4737,#4738));
#4723 = ORIENTED_EDGE('',*,*,#4724,.T.);
#4724 = EDGE_CURVE('',#4284,#4725,#4727,.T.);
#4725 = VERTEX_POINT('',#4726);
#4726 = CARTESIAN_POINT('',(5.305,-4.045,-3.));
#4727 = LINE('',#4728,#4729);
#4728 = CARTESIAN_POINT('',(5.305,-4.045,4.490852134609E-16));
#4729 = VECTOR('',#4730,1.);
#4730 = DIRECTION('',(-0.,-1.110223024625E-16,-1.));
#4731 = ORIENTED_EDGE('',*,*,#4732,.T.);
#4732 = EDGE_CURVE('',#4725,#4694,#4733,.T.);
#4733 = LINE('',#4734,#4735);
#4734 = CARTESIAN_POINT('',(5.305,-4.045,-3.));
#4735 = VECTOR('',#4736,1.);
#4736 = DIRECTION('',(0.,-1.,1.110223024625E-16));
#4737 = ORIENTED_EDGE('',*,*,#4693,.F.);
#4738 = ORIENTED_EDGE('',*,*,#4291,.F.);
#4739 = PLANE('',#4740);
#4740 = AXIS2_PLACEMENT_3D('',#4741,#4742,#4743);
#4741 = CARTESIAN_POINT('',(5.305,-4.045,4.490852134609E-16));
#4742 = DIRECTION('',(-1.,0.,0.));
#4743 = DIRECTION('',(0.,-1.,1.110223024625E-16));
#4744 = ADVANCED_FACE('',(#4745),#4763,.F.);
#4745 = FACE_BOUND('',#4746,.F.);
#4746 = EDGE_LOOP('',(#4747,#4755,#4761,#4762));
#4747 = ORIENTED_EDGE('',*,*,#4748,.T.);
#4748 = EDGE_CURVE('',#4276,#4749,#4751,.T.);
#4749 = VERTEX_POINT('',#4750);
#4750 = CARTESIAN_POINT('',(4.855,-4.045,-3.));
#4751 = LINE('',#4752,#4753);
#4752 = CARTESIAN_POINT('',(4.855,-4.045,4.490852134609E-16));
#4753 = VECTOR('',#4754,1.);
#4754 = DIRECTION('',(-0.,-1.110223024625E-16,-1.));
#4755 = ORIENTED_EDGE('',*,*,#4756,.T.);
#4756 = EDGE_CURVE('',#4749,#4725,#4757,.T.);
#4757 = LINE('',#4758,#4759);
#4758 = CARTESIAN_POINT('',(4.855,-4.045,-3.));
#4759 = VECTOR('',#4760,1.);
#4760 = DIRECTION('',(1.,0.,0.));
#4761 = ORIENTED_EDGE('',*,*,#4724,.F.);
#4762 = ORIENTED_EDGE('',*,*,#4283,.F.);
#4763 = PLANE('',#4764);
#4764 = AXIS2_PLACEMENT_3D('',#4765,#4766,#4767);
#4765 = CARTESIAN_POINT('',(4.855,-4.045,4.490852134609E-16));
#4766 = DIRECTION('',(0.,-1.,1.110223024625E-16));
#4767 = DIRECTION('',(1.,0.,0.));
#4768 = ADVANCED_FACE('',(#4769),#4780,.F.);
#4769 = FACE_BOUND('',#4770,.F.);
#4770 = EDGE_LOOP('',(#4771,#4772,#4778,#4779));
#4771 = ORIENTED_EDGE('',*,*,#4709,.T.);
#4772 = ORIENTED_EDGE('',*,*,#4773,.T.);
#4773 = EDGE_CURVE('',#4702,#4749,#4774,.T.);
#4774 = LINE('',#4775,#4776);
#4775 = CARTESIAN_POINT('',(4.855,-4.495,-3.));
#4776 = VECTOR('',#4777,1.);
#4777 = DIRECTION('',(0.,1.,-1.110223024625E-16));
#4778 = ORIENTED_EDGE('',*,*,#4748,.F.);
#4779 = ORIENTED_EDGE('',*,*,#4275,.F.);
#4780 = PLANE('',#4781);
#4781 = AXIS2_PLACEMENT_3D('',#4782,#4783,#4784);
#4782 = CARTESIAN_POINT('',(4.855,-4.495,4.99045249569E-16));
#4783 = DIRECTION('',(1.,0.,0.));
#4784 = DIRECTION('',(0.,1.,-1.110223024625E-16));
#4785 = ADVANCED_FACE('',(#4786),#4811,.F.);
#4786 = FACE_BOUND('',#4787,.F.);
#4787 = EDGE_LOOP('',(#4788,#4796,#4804,#4810));
#4788 = ORIENTED_EDGE('',*,*,#4789,.T.);
#4789 = EDGE_CURVE('',#4300,#4790,#4792,.T.);
#4790 = VERTEX_POINT('',#4791);
#4791 = CARTESIAN_POINT('',(-4.855,-1.955,-3.));
#4792 = LINE('',#4793,#4794);
#4793 = CARTESIAN_POINT('',(-4.855,-1.955,2.170486013142E-16));
#4794 = VECTOR('',#4795,1.);
#4795 = DIRECTION('',(-0.,-1.110223024625E-16,-1.));
#4796 = ORIENTED_EDGE('',*,*,#4797,.T.);
#4797 = EDGE_CURVE('',#4790,#4798,#4800,.T.);
#4798 = VERTEX_POINT('',#4799);
#4799 = CARTESIAN_POINT('',(-5.305,-1.955,-3.));
#4800 = LINE('',#4801,#4802);
#4801 = CARTESIAN_POINT('',(-4.855,-1.955,-3.));
#4802 = VECTOR('',#4803,1.);
#4803 = DIRECTION('',(-1.,0.,0.));
#4804 = ORIENTED_EDGE('',*,*,#4805,.F.);
#4805 = EDGE_CURVE('',#4302,#4798,#4806,.T.);
#4806 = LINE('',#4807,#4808);
#4807 = CARTESIAN_POINT('',(-5.305,-1.955,2.170486013142E-16));
#4808 = VECTOR('',#4809,1.);
#4809 = DIRECTION('',(-0.,-1.110223024625E-16,-1.));
#4810 = ORIENTED_EDGE('',*,*,#4299,.F.);
#4811 = PLANE('',#4812);
#4812 = AXIS2_PLACEMENT_3D('',#4813,#4814,#4815);
#4813 = CARTESIAN_POINT('',(-4.855,-1.955,2.170486013142E-16));
#4814 = DIRECTION('',(0.,1.,-1.110223024625E-16));
#4815 = DIRECTION('',(-1.,0.,0.));
#4816 = ADVANCED_FACE('',(#4817),#4835,.F.);
#4817 = FACE_BOUND('',#4818,.F.);
#4818 = EDGE_LOOP('',(#4819,#4827,#4833,#4834));
#4819 = ORIENTED_EDGE('',*,*,#4820,.T.);
#4820 = EDGE_CURVE('',#4318,#4821,#4823,.T.);
#4821 = VERTEX_POINT('',#4822);
#4822 = CARTESIAN_POINT('',(-4.855,-1.505,-3.));
#4823 = LINE('',#4824,#4825);
#4824 = CARTESIAN_POINT('',(-4.855,-1.505,1.670885652061E-16));
#4825 = VECTOR('',#4826,1.);
#4826 = DIRECTION('',(-0.,-1.110223024625E-16,-1.));
#4827 = ORIENTED_EDGE('',*,*,#4828,.T.);
#4828 = EDGE_CURVE('',#4821,#4790,#4829,.T.);
#4829 = LINE('',#4830,#4831);
#4830 = CARTESIAN_POINT('',(-4.855,-1.505,-3.));
#4831 = VECTOR('',#4832,1.);
#4832 = DIRECTION('',(0.,-1.,1.110223024625E-16));
#4833 = ORIENTED_EDGE('',*,*,#4789,.F.);
#4834 = ORIENTED_EDGE('',*,*,#4325,.F.);
#4835 = PLANE('',#4836);
#4836 = AXIS2_PLACEMENT_3D('',#4837,#4838,#4839);
#4837 = CARTESIAN_POINT('',(-4.855,-1.505,1.670885652061E-16));
#4838 = DIRECTION('',(-1.,0.,0.));
#4839 = DIRECTION('',(0.,-1.,1.110223024625E-16));
#4840 = ADVANCED_FACE('',(#4841),#4859,.F.);
#4841 = FACE_BOUND('',#4842,.F.);
#4842 = EDGE_LOOP('',(#4843,#4851,#4857,#4858));
#4843 = ORIENTED_EDGE('',*,*,#4844,.T.);
#4844 = EDGE_CURVE('',#4310,#4845,#4847,.T.);
#4845 = VERTEX_POINT('',#4846);
#4846 = CARTESIAN_POINT('',(-5.305,-1.505,-3.));
#4847 = LINE('',#4848,#4849);
#4848 = CARTESIAN_POINT('',(-5.305,-1.505,1.670885652061E-16));
#4849 = VECTOR('',#4850,1.);
#4850 = DIRECTION('',(-0.,-1.110223024625E-16,-1.));
#4851 = ORIENTED_EDGE('',*,*,#4852,.T.);
#4852 = EDGE_CURVE('',#4845,#4821,#4853,.T.);
#4853 = LINE('',#4854,#4855);
#4854 = CARTESIAN_POINT('',(-5.305,-1.505,-3.));
#4855 = VECTOR('',#4856,1.);
#4856 = DIRECTION('',(1.,0.,0.));
#4857 = ORIENTED_EDGE('',*,*,#4820,.F.);
#4858 = ORIENTED_EDGE('',*,*,#4317,.F.);
#4859 = PLANE('',#4860);
#4860 = AXIS2_PLACEMENT_3D('',#4861,#4862,#4863);
#4861 = CARTESIAN_POINT('',(-5.305,-1.505,1.670885652061E-16));
#4862 = DIRECTION('',(0.,-1.,1.110223024625E-16));
#4863 = DIRECTION('',(1.,0.,0.));
#4864 = ADVANCED_FACE('',(#4865),#4876,.F.);
#4865 = FACE_BOUND('',#4866,.F.);
#4866 = EDGE_LOOP('',(#4867,#4868,#4874,#4875));
#4867 = ORIENTED_EDGE('',*,*,#4805,.T.);
#4868 = ORIENTED_EDGE('',*,*,#4869,.T.);
#4869 = EDGE_CURVE('',#4798,#4845,#4870,.T.);
#4870 = LINE('',#4871,#4872);
#4871 = CARTESIAN_POINT('',(-5.305,-1.955,-3.));
#4872 = VECTOR('',#4873,1.);
#4873 = DIRECTION('',(0.,1.,-1.110223024625E-16));
#4874 = ORIENTED_EDGE('',*,*,#4844,.F.);
#4875 = ORIENTED_EDGE('',*,*,#4309,.F.);
#4876 = PLANE('',#4877);
#4877 = AXIS2_PLACEMENT_3D('',#4878,#4879,#4880);
#4878 = CARTESIAN_POINT('',(-5.305,-1.955,2.170486013142E-16));
#4879 = DIRECTION('',(1.,0.,0.));
#4880 = DIRECTION('',(0.,1.,-1.110223024625E-16));
#4881 = ADVANCED_FACE('',(#4882),#4907,.F.);
#4882 = FACE_BOUND('',#4883,.F.);
#4883 = EDGE_LOOP('',(#4884,#4892,#4900,#4906));
#4884 = ORIENTED_EDGE('',*,*,#4885,.T.);
#4885 = EDGE_CURVE('',#4334,#4886,#4888,.T.);
#4886 = VERTEX_POINT('',#4887);
#4887 = CARTESIAN_POINT('',(5.305,-1.955,-3.));
#4888 = LINE('',#4889,#4890);
#4889 = CARTESIAN_POINT('',(5.305,-1.955,2.170486013142E-16));
#4890 = VECTOR('',#4891,1.);
#4891 = DIRECTION('',(-0.,-1.110223024625E-16,-1.));
#4892 = ORIENTED_EDGE('',*,*,#4893,.T.);
#4893 = EDGE_CURVE('',#4886,#4894,#4896,.T.);
#4894 = VERTEX_POINT('',#4895);
#4895 = CARTESIAN_POINT('',(4.855,-1.955,-3.));
#4896 = LINE('',#4897,#4898);
#4897 = CARTESIAN_POINT('',(5.305,-1.955,-3.));
#4898 = VECTOR('',#4899,1.);
#4899 = DIRECTION('',(-1.,0.,0.));
#4900 = ORIENTED_EDGE('',*,*,#4901,.F.);
#4901 = EDGE_CURVE('',#4336,#4894,#4902,.T.);
#4902 = LINE('',#4903,#4904);
#4903 = CARTESIAN_POINT('',(4.855,-1.955,2.170486013142E-16));
#4904 = VECTOR('',#4905,1.);
#4905 = DIRECTION('',(-0.,-1.110223024625E-16,-1.));
#4906 = ORIENTED_EDGE('',*,*,#4333,.F.);
#4907 = PLANE('',#4908);
#4908 = AXIS2_PLACEMENT_3D('',#4909,#4910,#4911);
#4909 = CARTESIAN_POINT('',(5.305,-1.955,2.170486013142E-16));
#4910 = DIRECTION('',(0.,1.,-1.110223024625E-16));
#4911 = DIRECTION('',(-1.,0.,0.));
#4912 = ADVANCED_FACE('',(#4913),#4931,.F.);
#4913 = FACE_BOUND('',#4914,.F.);
#4914 = EDGE_LOOP('',(#4915,#4923,#4929,#4930));
#4915 = ORIENTED_EDGE('',*,*,#4916,.T.);
#4916 = EDGE_CURVE('',#4352,#4917,#4919,.T.);
#4917 = VERTEX_POINT('',#4918);
#4918 = CARTESIAN_POINT('',(5.305,-1.505,-3.));
#4919 = LINE('',#4920,#4921);
#4920 = CARTESIAN_POINT('',(5.305,-1.505,1.670885652061E-16));
#4921 = VECTOR('',#4922,1.);
#4922 = DIRECTION('',(-0.,-1.110223024625E-16,-1.));
#4923 = ORIENTED_EDGE('',*,*,#4924,.T.);
#4924 = EDGE_CURVE('',#4917,#4886,#4925,.T.);
#4925 = LINE('',#4926,#4927);
#4926 = CARTESIAN_POINT('',(5.305,-1.505,-3.));
#4927 = VECTOR('',#4928,1.);
#4928 = DIRECTION('',(0.,-1.,1.110223024625E-16));
#4929 = ORIENTED_EDGE('',*,*,#4885,.F.);
#4930 = ORIENTED_EDGE('',*,*,#4359,.F.);
#4931 = PLANE('',#4932);
#4932 = AXIS2_PLACEMENT_3D('',#4933,#4934,#4935);
#4933 = CARTESIAN_POINT('',(5.305,-1.505,1.670885652061E-16));
#4934 = DIRECTION('',(-1.,0.,0.));
#4935 = DIRECTION('',(0.,-1.,1.110223024625E-16));
#4936 = ADVANCED_FACE('',(#4937),#4955,.F.);
#4937 = FACE_BOUND('',#4938,.F.);
#4938 = EDGE_LOOP('',(#4939,#4947,#4953,#4954));
#4939 = ORIENTED_EDGE('',*,*,#4940,.T.);
#4940 = EDGE_CURVE('',#4344,#4941,#4943,.T.);
#4941 = VERTEX_POINT('',#4942);
#4942 = CARTESIAN_POINT('',(4.855,-1.505,-3.));
#4943 = LINE('',#4944,#4945);
#4944 = CARTESIAN_POINT('',(4.855,-1.505,1.670885652061E-16));
#4945 = VECTOR('',#4946,1.);
#4946 = DIRECTION('',(-0.,-1.110223024625E-16,-1.));
#4947 = ORIENTED_EDGE('',*,*,#4948,.T.);
#4948 = EDGE_CURVE('',#4941,#4917,#4949,.T.);
#4949 = LINE('',#4950,#4951);
#4950 = CARTESIAN_POINT('',(4.855,-1.505,-3.));
#4951 = VECTOR('',#4952,1.);
#4952 = DIRECTION('',(1.,0.,0.));
#4953 = ORIENTED_EDGE('',*,*,#4916,.F.);
#4954 = ORIENTED_EDGE('',*,*,#4351,.F.);
#4955 = PLANE('',#4956);
#4956 = AXIS2_PLACEMENT_3D('',#4957,#4958,#4959);
#4957 = CARTESIAN_POINT('',(4.855,-1.505,1.670885652061E-16));
#4958 = DIRECTION('',(0.,-1.,1.110223024625E-16));
#4959 = DIRECTION('',(1.,0.,0.));
#4960 = ADVANCED_FACE('',(#4961),#4972,.F.);
#4961 = FACE_BOUND('',#4962,.F.);
#4962 = EDGE_LOOP('',(#4963,#4964,#4970,#4971));
#4963 = ORIENTED_EDGE('',*,*,#4901,.T.);
#4964 = ORIENTED_EDGE('',*,*,#4965,.T.);
#4965 = EDGE_CURVE('',#4894,#4941,#4966,.T.);
#4966 = LINE('',#4967,#4968);
#4967 = CARTESIAN_POINT('',(4.855,-1.955,-3.));
#4968 = VECTOR('',#4969,1.);
#4969 = DIRECTION('',(0.,1.,-1.110223024625E-16));
#4970 = ORIENTED_EDGE('',*,*,#4940,.F.);
#4971 = ORIENTED_EDGE('',*,*,#4343,.F.);
#4972 = PLANE('',#4973);
#4973 = AXIS2_PLACEMENT_3D('',#4974,#4975,#4976);
#4974 = CARTESIAN_POINT('',(4.855,-1.955,2.170486013142E-16));
#4975 = DIRECTION('',(1.,0.,0.));
#4976 = DIRECTION('',(0.,1.,-1.110223024625E-16));
#4977 = ADVANCED_FACE('',(#4978),#5044,.F.);
#4978 = FACE_BOUND('',#4979,.F.);
#4979 = EDGE_LOOP('',(#4980,#4981,#4987,#4988,#4989,#4997,#5005,#5013,
    #5021,#5029,#5037,#5043));
#4980 = ORIENTED_EDGE('',*,*,#4477,.F.);
#4981 = ORIENTED_EDGE('',*,*,#4982,.T.);
#4982 = EDGE_CURVE('',#4470,#4526,#4983,.T.);
#4983 = LINE('',#4984,#4985);
#4984 = CARTESIAN_POINT('',(-2.5,8.880892098501E-15,10.));
#4985 = VECTOR('',#4986,1.);
#4986 = DIRECTION('',(0.,-1.,8.840892098501E-16));
#4987 = ORIENTED_EDGE('',*,*,#4533,.T.);
#4988 = ORIENTED_EDGE('',*,*,#4413,.F.);
#4989 = ORIENTED_EDGE('',*,*,#4990,.T.);
#4990 = EDGE_CURVE('',#4406,#4991,#4993,.T.);
#4991 = VERTEX_POINT('',#4992);
#4992 = CARTESIAN_POINT('',(-5.7,-3.5,10.));
#4993 = LINE('',#4994,#4995);
#4994 = CARTESIAN_POINT('',(-6.5,-3.5,10.));
#4995 = VECTOR('',#4996,1.);
#4996 = DIRECTION('',(1.,0.,0.));
#4997 = ORIENTED_EDGE('',*,*,#4998,.T.);
#4998 = EDGE_CURVE('',#4991,#4999,#5001,.T.);
#4999 = VERTEX_POINT('',#5000);
#5000 = CARTESIAN_POINT('',(-5.7,-5.3,10.));
#5001 = LINE('',#5002,#5003);
#5002 = CARTESIAN_POINT('',(-5.7,-0.7,10.));
#5003 = VECTOR('',#5004,1.);
#5004 = DIRECTION('',(0.,-1.,4.440892098501E-16));
#5005 = ORIENTED_EDGE('',*,*,#5006,.T.);
#5006 = EDGE_CURVE('',#4999,#5007,#5009,.T.);
#5007 = VERTEX_POINT('',#5008);
#5008 = CARTESIAN_POINT('',(-2.9,-5.3,10.));
#5009 = LINE('',#5010,#5011);
#5010 = CARTESIAN_POINT('',(-5.7,-5.3,10.));
#5011 = VECTOR('',#5012,1.);
#5012 = DIRECTION('',(1.,0.,0.));
#5013 = ORIENTED_EDGE('',*,*,#5014,.T.);
#5014 = EDGE_CURVE('',#5007,#5015,#5017,.T.);
#5015 = VERTEX_POINT('',#5016);
#5016 = CARTESIAN_POINT('',(-2.9,-0.7,10.));
#5017 = LINE('',#5018,#5019);
#5018 = CARTESIAN_POINT('',(-2.9,-5.3,10.));
#5019 = VECTOR('',#5020,1.);
#5020 = DIRECTION('',(0.,1.,-4.440892098501E-16));
#5021 = ORIENTED_EDGE('',*,*,#5022,.T.);
#5022 = EDGE_CURVE('',#5015,#5023,#5025,.T.);
#5023 = VERTEX_POINT('',#5024);
#5024 = CARTESIAN_POINT('',(-5.7,-0.7,10.));
#5025 = LINE('',#5026,#5027);
#5026 = CARTESIAN_POINT('',(-2.9,-0.7,10.));
#5027 = VECTOR('',#5028,1.);
#5028 = DIRECTION('',(-1.,0.,0.));
#5029 = ORIENTED_EDGE('',*,*,#5030,.T.);
#5030 = EDGE_CURVE('',#5023,#5031,#5033,.T.);
#5031 = VERTEX_POINT('',#5032);
#5032 = CARTESIAN_POINT('',(-5.7,-2.5,10.));
#5033 = LINE('',#5034,#5035);
#5034 = CARTESIAN_POINT('',(-5.7,-0.7,10.));
#5035 = VECTOR('',#5036,1.);
#5036 = DIRECTION('',(0.,-1.,4.440892098501E-16));
#5037 = ORIENTED_EDGE('',*,*,#5038,.T.);
#5038 = EDGE_CURVE('',#5031,#4382,#5039,.T.);
#5039 = LINE('',#5040,#5041);
#5040 = CARTESIAN_POINT('',(-5.7,-2.5,10.));
#5041 = VECTOR('',#5042,1.);
#5042 = DIRECTION('',(-1.,0.,0.));
#5043 = ORIENTED_EDGE('',*,*,#4381,.F.);
#5044 = PLANE('',#5045);
#5045 = AXIS2_PLACEMENT_3D('',#5046,#5047,#5048);
#5046 = CARTESIAN_POINT('',(-2.5,8.880892098501E-15,10.));
#5047 = DIRECTION('',(0.,-8.840892098501E-16,-1.));
#5048 = DIRECTION('',(-1.,-0.,0.));
#5049 = ADVANCED_FACE('',(#5050),#5076,.F.);
#5050 = FACE_BOUND('',#5051,.F.);
#5051 = EDGE_LOOP('',(#5052,#5053,#5061,#5069,#5075));
#5052 = ORIENTED_EDGE('',*,*,#4405,.T.);
#5053 = ORIENTED_EDGE('',*,*,#5054,.T.);
#5054 = EDGE_CURVE('',#4398,#5055,#5057,.T.);
#5055 = VERTEX_POINT('',#5056);
#5056 = CARTESIAN_POINT('',(-5.7,-3.5,4.));
#5057 = LINE('',#5058,#5059);
#5058 = CARTESIAN_POINT('',(-6.5,-3.5,4.));
#5059 = VECTOR('',#5060,1.);
#5060 = DIRECTION('',(1.,0.,0.));
#5061 = ORIENTED_EDGE('',*,*,#5062,.F.);
#5062 = EDGE_CURVE('',#5063,#5055,#5065,.T.);
#5063 = VERTEX_POINT('',#5064);
#5064 = CARTESIAN_POINT('',(-5.7,-3.5,9.7));
#5065 = LINE('',#5066,#5067);
#5066 = CARTESIAN_POINT('',(-5.7,-3.5,10.));
#5067 = VECTOR('',#5068,1.);
#5068 = DIRECTION('',(0.,-8.840892098501E-16,-1.));
#5069 = ORIENTED_EDGE('',*,*,#5070,.F.);
#5070 = EDGE_CURVE('',#4991,#5063,#5071,.T.);
#5071 = LINE('',#5072,#5073);
#5072 = CARTESIAN_POINT('',(-5.7,-3.5,10.));
#5073 = VECTOR('',#5074,1.);
#5074 = DIRECTION('',(0.,-8.840892098501E-16,-1.));
#5075 = ORIENTED_EDGE('',*,*,#4990,.F.);
#5076 = PLANE('',#5077);
#5077 = AXIS2_PLACEMENT_3D('',#5078,#5079,#5080);
#5078 = CARTESIAN_POINT('',(-6.5,-3.5,10.));
#5079 = DIRECTION('',(0.,-1.,8.840892098501E-16));
#5080 = DIRECTION('',(1.,0.,0.));
#5081 = ADVANCED_FACE('',(#5082),#5100,.T.);
#5082 = FACE_BOUND('',#5083,.T.);
#5083 = EDGE_LOOP('',(#5084,#5085,#5093,#5099));
#5084 = ORIENTED_EDGE('',*,*,#5054,.T.);
#5085 = ORIENTED_EDGE('',*,*,#5086,.T.);
#5086 = EDGE_CURVE('',#5055,#5087,#5089,.T.);
#5087 = VERTEX_POINT('',#5088);
#5088 = CARTESIAN_POINT('',(-5.7,-2.5,4.));
#5089 = LINE('',#5090,#5091);
#5090 = CARTESIAN_POINT('',(-5.7,-3.5,4.));
#5091 = VECTOR('',#5092,1.);
#5092 = DIRECTION('',(0.,1.,-4.440892098501E-16));
#5093 = ORIENTED_EDGE('',*,*,#5094,.T.);
#5094 = EDGE_CURVE('',#5087,#4390,#5095,.T.);
#5095 = LINE('',#5096,#5097);
#5096 = CARTESIAN_POINT('',(-5.7,-2.5,4.));
#5097 = VECTOR('',#5098,1.);
#5098 = DIRECTION('',(-1.,0.,0.));
#5099 = ORIENTED_EDGE('',*,*,#4397,.T.);
#5100 = PLANE('',#5101);
#5101 = AXIS2_PLACEMENT_3D('',#5102,#5103,#5104);
#5102 = CARTESIAN_POINT('',(1.2E-16,-3.,4.));
#5103 = DIRECTION('',(0.,4.440892098501E-16,1.));
#5104 = DIRECTION('',(1.,0.,-0.));
#5105 = ADVANCED_FACE('',(#5106),#5125,.F.);
#5106 = FACE_BOUND('',#5107,.F.);
#5107 = EDGE_LOOP('',(#5108,#5116,#5122,#5123,#5124));
#5108 = ORIENTED_EDGE('',*,*,#5109,.T.);
#5109 = EDGE_CURVE('',#5031,#5110,#5112,.T.);
#5110 = VERTEX_POINT('',#5111);
#5111 = CARTESIAN_POINT('',(-5.7,-2.5,9.7));
#5112 = LINE('',#5113,#5114);
#5113 = CARTESIAN_POINT('',(-5.7,-2.5,10.));
#5114 = VECTOR('',#5115,1.);
#5115 = DIRECTION('',(0.,-8.840892098501E-16,-1.));
#5116 = ORIENTED_EDGE('',*,*,#5117,.T.);
#5117 = EDGE_CURVE('',#5110,#5087,#5118,.T.);
#5118 = LINE('',#5119,#5120);
#5119 = CARTESIAN_POINT('',(-5.7,-2.5,10.));
#5120 = VECTOR('',#5121,1.);
#5121 = DIRECTION('',(0.,-8.840892098501E-16,-1.));
#5122 = ORIENTED_EDGE('',*,*,#5094,.T.);
#5123 = ORIENTED_EDGE('',*,*,#4389,.F.);
#5124 = ORIENTED_EDGE('',*,*,#5038,.F.);
#5125 = PLANE('',#5126);
#5126 = AXIS2_PLACEMENT_3D('',#5127,#5128,#5129);
#5127 = CARTESIAN_POINT('',(-5.7,-2.5,10.));
#5128 = DIRECTION('',(0.,1.,-8.840892098501E-16));
#5129 = DIRECTION('',(-1.,0.,0.));
#5130 = ADVANCED_FACE('',(#5131),#5197,.F.);
#5131 = FACE_BOUND('',#5132,.F.);
#5132 = EDGE_LOOP('',(#5133,#5134,#5135,#5143,#5151,#5159,#5167,#5175,
    #5183,#5189,#5190,#5191));
#5133 = ORIENTED_EDGE('',*,*,#4445,.F.);
#5134 = ORIENTED_EDGE('',*,*,#4583,.T.);
#5135 = ORIENTED_EDGE('',*,*,#5136,.F.);
#5136 = EDGE_CURVE('',#5137,#4576,#5139,.T.);
#5137 = VERTEX_POINT('',#5138);
#5138 = CARTESIAN_POINT('',(5.7,-2.5,10.));
#5139 = LINE('',#5140,#5141);
#5140 = CARTESIAN_POINT('',(5.7,-2.5,10.));
#5141 = VECTOR('',#5142,1.);
#5142 = DIRECTION('',(1.,0.,0.));
#5143 = ORIENTED_EDGE('',*,*,#5144,.F.);
#5144 = EDGE_CURVE('',#5145,#5137,#5147,.T.);
#5145 = VERTEX_POINT('',#5146);
#5146 = CARTESIAN_POINT('',(5.7,-0.7,10.));
#5147 = LINE('',#5148,#5149);
#5148 = CARTESIAN_POINT('',(5.7,-0.7,10.));
#5149 = VECTOR('',#5150,1.);
#5150 = DIRECTION('',(0.,-1.,4.440892098501E-16));
#5151 = ORIENTED_EDGE('',*,*,#5152,.F.);
#5152 = EDGE_CURVE('',#5153,#5145,#5155,.T.);
#5153 = VERTEX_POINT('',#5154);
#5154 = CARTESIAN_POINT('',(2.9,-0.7,10.));
#5155 = LINE('',#5156,#5157);
#5156 = CARTESIAN_POINT('',(2.9,-0.7,10.));
#5157 = VECTOR('',#5158,1.);
#5158 = DIRECTION('',(1.,0.,0.));
#5159 = ORIENTED_EDGE('',*,*,#5160,.F.);
#5160 = EDGE_CURVE('',#5161,#5153,#5163,.T.);
#5161 = VERTEX_POINT('',#5162);
#5162 = CARTESIAN_POINT('',(2.9,-5.3,10.));
#5163 = LINE('',#5164,#5165);
#5164 = CARTESIAN_POINT('',(2.9,-5.3,10.));
#5165 = VECTOR('',#5166,1.);
#5166 = DIRECTION('',(0.,1.,-4.440892098501E-16));
#5167 = ORIENTED_EDGE('',*,*,#5168,.F.);
#5168 = EDGE_CURVE('',#5169,#5161,#5171,.T.);
#5169 = VERTEX_POINT('',#5170);
#5170 = CARTESIAN_POINT('',(5.7,-5.3,10.));
#5171 = LINE('',#5172,#5173);
#5172 = CARTESIAN_POINT('',(5.7,-5.3,10.));
#5173 = VECTOR('',#5174,1.);
#5174 = DIRECTION('',(-1.,0.,0.));
#5175 = ORIENTED_EDGE('',*,*,#5176,.F.);
#5176 = EDGE_CURVE('',#5177,#5169,#5179,.T.);
#5177 = VERTEX_POINT('',#5178);
#5178 = CARTESIAN_POINT('',(5.7,-3.5,10.));
#5179 = LINE('',#5180,#5181);
#5180 = CARTESIAN_POINT('',(5.7,-0.7,10.));
#5181 = VECTOR('',#5182,1.);
#5182 = DIRECTION('',(0.,-1.,4.440892098501E-16));
#5183 = ORIENTED_EDGE('',*,*,#5184,.F.);
#5184 = EDGE_CURVE('',#4552,#5177,#5185,.T.);
#5185 = LINE('',#5186,#5187);
#5186 = CARTESIAN_POINT('',(6.5,-3.5,10.));
#5187 = VECTOR('',#5188,1.);
#5188 = DIRECTION('',(-1.,0.,0.));
#5189 = ORIENTED_EDGE('',*,*,#4551,.T.);
#5190 = ORIENTED_EDGE('',*,*,#4501,.T.);
#5191 = ORIENTED_EDGE('',*,*,#5192,.F.);
#5192 = EDGE_CURVE('',#4446,#4502,#5193,.T.);
#5193 = LINE('',#5194,#5195);
#5194 = CARTESIAN_POINT('',(2.5,8.880892098501E-15,10.));
#5195 = VECTOR('',#5196,1.);
#5196 = DIRECTION('',(0.,-1.,8.840892098501E-16));
#5197 = PLANE('',#5198);
#5198 = AXIS2_PLACEMENT_3D('',#5199,#5200,#5201);
#5199 = CARTESIAN_POINT('',(6.5,8.880892098501E-15,10.));
#5200 = DIRECTION('',(0.,-8.840892098501E-16,-1.));
#5201 = DIRECTION('',(-1.,-0.,0.));
#5202 = ADVANCED_FACE('',(#5203),#5246,.F.);
#5203 = FACE_BOUND('',#5204,.F.);
#5204 = EDGE_LOOP('',(#5205,#5206,#5207,#5208,#5216,#5224,#5232,#5240));
#5205 = ORIENTED_EDGE('',*,*,#4453,.F.);
#5206 = ORIENTED_EDGE('',*,*,#5192,.T.);
#5207 = ORIENTED_EDGE('',*,*,#4509,.T.);
#5208 = ORIENTED_EDGE('',*,*,#5209,.F.);
#5209 = EDGE_CURVE('',#5210,#4510,#5212,.T.);
#5210 = VERTEX_POINT('',#5211);
#5211 = CARTESIAN_POINT('',(2.5,-3.35,2.));
#5212 = LINE('',#5213,#5214);
#5213 = CARTESIAN_POINT('',(2.5,1.7781784197E-15,2.));
#5214 = VECTOR('',#5215,1.);
#5215 = DIRECTION('',(0.,-1.,8.840892098501E-16));
#5216 = ORIENTED_EDGE('',*,*,#5217,.T.);
#5217 = EDGE_CURVE('',#5210,#5218,#5220,.T.);
#5218 = VERTEX_POINT('',#5219);
#5219 = CARTESIAN_POINT('',(2.5,-3.35,8.));
#5220 = LINE('',#5221,#5222);
#5221 = CARTESIAN_POINT('',(2.5,-3.35,2.));
#5222 = VECTOR('',#5223,1.);
#5223 = DIRECTION('',(-6.7E-16,4.440892098501E-16,1.));
#5224 = ORIENTED_EDGE('',*,*,#5225,.T.);
#5225 = EDGE_CURVE('',#5218,#5226,#5228,.T.);
#5226 = VERTEX_POINT('',#5227);
#5227 = CARTESIAN_POINT('',(2.5,-2.65,8.));
#5228 = LINE('',#5229,#5230);
#5229 = CARTESIAN_POINT('',(2.5,-3.35,8.));
#5230 = VECTOR('',#5231,1.);
#5231 = DIRECTION('',(2.2E-16,1.,-4.440892098501E-16));
#5232 = ORIENTED_EDGE('',*,*,#5233,.T.);
#5233 = EDGE_CURVE('',#5226,#5234,#5236,.T.);
#5234 = VERTEX_POINT('',#5235);
#5235 = CARTESIAN_POINT('',(2.5,-2.65,2.));
#5236 = LINE('',#5237,#5238);
#5237 = CARTESIAN_POINT('',(2.5,-2.65,8.));
#5238 = VECTOR('',#5239,1.);
#5239 = DIRECTION('',(6.7E-16,-4.440892098501E-16,-1.));
#5240 = ORIENTED_EDGE('',*,*,#5241,.F.);
#5241 = EDGE_CURVE('',#4454,#5234,#5242,.T.);
#5242 = LINE('',#5243,#5244);
#5243 = CARTESIAN_POINT('',(2.5,1.7781784197E-15,2.));
#5244 = VECTOR('',#5245,1.);
#5245 = DIRECTION('',(0.,-1.,8.840892098501E-16));
#5246 = PLANE('',#5247);
#5247 = AXIS2_PLACEMENT_3D('',#5248,#5249,#5250);
#5248 = CARTESIAN_POINT('',(2.5,8.880892098501E-15,10.));
#5249 = DIRECTION('',(1.,0.,0.));
#5250 = DIRECTION('',(0.,-8.840892098501E-16,-1.));
#5251 = ADVANCED_FACE('',(#5252),#5286,.F.);
#5252 = FACE_BOUND('',#5253,.F.);
#5253 = EDGE_LOOP('',(#5254,#5255,#5261,#5262,#5263,#5271,#5279,#5285));
#5254 = ORIENTED_EDGE('',*,*,#5241,.T.);
#5255 = ORIENTED_EDGE('',*,*,#5256,.T.);
#5256 = EDGE_CURVE('',#5234,#5210,#5257,.T.);
#5257 = LINE('',#5258,#5259);
#5258 = CARTESIAN_POINT('',(2.5,-2.65,2.));
#5259 = VECTOR('',#5260,1.);
#5260 = DIRECTION('',(-2.2E-16,-1.,4.440892098501E-16));
#5261 = ORIENTED_EDGE('',*,*,#5209,.T.);
#5262 = ORIENTED_EDGE('',*,*,#4517,.T.);
#5263 = ORIENTED_EDGE('',*,*,#5264,.F.);
#5264 = EDGE_CURVE('',#5265,#4518,#5267,.T.);
#5265 = VERTEX_POINT('',#5266);
#5266 = CARTESIAN_POINT('',(-2.5,-3.35,2.));
#5267 = LINE('',#5268,#5269);
#5268 = CARTESIAN_POINT('',(-2.5,1.7781784197E-15,2.));
#5269 = VECTOR('',#5270,1.);
#5270 = DIRECTION('',(0.,-1.,8.840892098501E-16));
#5271 = ORIENTED_EDGE('',*,*,#5272,.F.);
#5272 = EDGE_CURVE('',#5273,#5265,#5275,.T.);
#5273 = VERTEX_POINT('',#5274);
#5274 = CARTESIAN_POINT('',(-2.5,-2.65,2.));
#5275 = LINE('',#5276,#5277);
#5276 = CARTESIAN_POINT('',(-2.5,-2.65,2.));
#5277 = VECTOR('',#5278,1.);
#5278 = DIRECTION('',(0.,-1.,4.440892098501E-16));
#5279 = ORIENTED_EDGE('',*,*,#5280,.F.);
#5280 = EDGE_CURVE('',#4462,#5273,#5281,.T.);
#5281 = LINE('',#5282,#5283);
#5282 = CARTESIAN_POINT('',(-2.5,1.7781784197E-15,2.));
#5283 = VECTOR('',#5284,1.);
#5284 = DIRECTION('',(0.,-1.,8.840892098501E-16));
#5285 = ORIENTED_EDGE('',*,*,#4461,.F.);
#5286 = PLANE('',#5287);
#5287 = AXIS2_PLACEMENT_3D('',#5288,#5289,#5290);
#5288 = CARTESIAN_POINT('',(2.5,1.7781784197E-15,2.));
#5289 = DIRECTION('',(0.,-8.840892098501E-16,-1.));
#5290 = DIRECTION('',(-1.,-0.,0.));
#5291 = ADVANCED_FACE('',(#5292),#5321,.F.);
#5292 = FACE_BOUND('',#5293,.F.);
#5293 = EDGE_LOOP('',(#5294,#5295,#5296,#5304,#5312,#5318,#5319,#5320));
#5294 = ORIENTED_EDGE('',*,*,#4469,.F.);
#5295 = ORIENTED_EDGE('',*,*,#5280,.T.);
#5296 = ORIENTED_EDGE('',*,*,#5297,.F.);
#5297 = EDGE_CURVE('',#5298,#5273,#5300,.T.);
#5298 = VERTEX_POINT('',#5299);
#5299 = CARTESIAN_POINT('',(-2.5,-2.65,8.));
#5300 = LINE('',#5301,#5302);
#5301 = CARTESIAN_POINT('',(-2.5,-2.65,8.));
#5302 = VECTOR('',#5303,1.);
#5303 = DIRECTION('',(0.,-4.440892098501E-16,-1.));
#5304 = ORIENTED_EDGE('',*,*,#5305,.F.);
#5305 = EDGE_CURVE('',#5306,#5298,#5308,.T.);
#5306 = VERTEX_POINT('',#5307);
#5307 = CARTESIAN_POINT('',(-2.5,-3.35,8.));
#5308 = LINE('',#5309,#5310);
#5309 = CARTESIAN_POINT('',(-2.5,-3.35,8.));
#5310 = VECTOR('',#5311,1.);
#5311 = DIRECTION('',(0.,1.,-4.440892098501E-16));
#5312 = ORIENTED_EDGE('',*,*,#5313,.F.);
#5313 = EDGE_CURVE('',#5265,#5306,#5314,.T.);
#5314 = LINE('',#5315,#5316);
#5315 = CARTESIAN_POINT('',(-2.5,-3.35,2.));
#5316 = VECTOR('',#5317,1.);
#5317 = DIRECTION('',(0.,4.440892098501E-16,1.));
#5318 = ORIENTED_EDGE('',*,*,#5264,.T.);
#5319 = ORIENTED_EDGE('',*,*,#4525,.T.);
#5320 = ORIENTED_EDGE('',*,*,#4982,.F.);
#5321 = PLANE('',#5322);
#5322 = AXIS2_PLACEMENT_3D('',#5323,#5324,#5325);
#5323 = CARTESIAN_POINT('',(-2.5,1.7781784197E-15,2.));
#5324 = DIRECTION('',(-1.,0.,0.));
#5325 = DIRECTION('',(0.,8.840892098501E-16,1.));
#5326 = ADVANCED_FACE('',(#5327),#5353,.T.);
#5327 = FACE_BOUND('',#5328,.T.);
#5328 = EDGE_LOOP('',(#5329,#5337,#5345,#5351,#5352));
#5329 = ORIENTED_EDGE('',*,*,#5330,.T.);
#5330 = EDGE_CURVE('',#5137,#5331,#5333,.T.);
#5331 = VERTEX_POINT('',#5332);
#5332 = CARTESIAN_POINT('',(5.7,-2.5,9.7));
#5333 = LINE('',#5334,#5335);
#5334 = CARTESIAN_POINT('',(5.7,-2.5,10.));
#5335 = VECTOR('',#5336,1.);
#5336 = DIRECTION('',(0.,-8.840892098501E-16,-1.));
#5337 = ORIENTED_EDGE('',*,*,#5338,.T.);
#5338 = EDGE_CURVE('',#5331,#5339,#5341,.T.);
#5339 = VERTEX_POINT('',#5340);
#5340 = CARTESIAN_POINT('',(5.7,-2.5,4.));
#5341 = LINE('',#5342,#5343);
#5342 = CARTESIAN_POINT('',(5.7,-2.5,10.));
#5343 = VECTOR('',#5344,1.);
#5344 = DIRECTION('',(0.,-8.840892098501E-16,-1.));
#5345 = ORIENTED_EDGE('',*,*,#5346,.T.);
#5346 = EDGE_CURVE('',#5339,#4568,#5347,.T.);
#5347 = LINE('',#5348,#5349);
#5348 = CARTESIAN_POINT('',(5.7,-2.5,4.));
#5349 = VECTOR('',#5350,1.);
#5350 = DIRECTION('',(1.,0.,0.));
#5351 = ORIENTED_EDGE('',*,*,#4575,.F.);
#5352 = ORIENTED_EDGE('',*,*,#5136,.F.);
#5353 = PLANE('',#5354);
#5354 = AXIS2_PLACEMENT_3D('',#5355,#5356,#5357);
#5355 = CARTESIAN_POINT('',(5.7,-2.5,10.));
#5356 = DIRECTION('',(0.,-1.,8.840892098501E-16));
#5357 = DIRECTION('',(1.,0.,0.));
#5358 = ADVANCED_FACE('',(#5359),#5377,.T.);
#5359 = FACE_BOUND('',#5360,.F.);
#5360 = EDGE_LOOP('',(#5361,#5369,#5375,#5376));
#5361 = ORIENTED_EDGE('',*,*,#5362,.T.);
#5362 = EDGE_CURVE('',#4560,#5363,#5365,.T.);
#5363 = VERTEX_POINT('',#5364);
#5364 = CARTESIAN_POINT('',(5.7,-3.5,4.));
#5365 = LINE('',#5366,#5367);
#5366 = CARTESIAN_POINT('',(6.5,-3.5,4.));
#5367 = VECTOR('',#5368,1.);
#5368 = DIRECTION('',(-1.,0.,0.));
#5369 = ORIENTED_EDGE('',*,*,#5370,.T.);
#5370 = EDGE_CURVE('',#5363,#5339,#5371,.T.);
#5371 = LINE('',#5372,#5373);
#5372 = CARTESIAN_POINT('',(5.7,-3.5,4.));
#5373 = VECTOR('',#5374,1.);
#5374 = DIRECTION('',(0.,1.,-4.440892098501E-16));
#5375 = ORIENTED_EDGE('',*,*,#5346,.T.);
#5376 = ORIENTED_EDGE('',*,*,#4567,.T.);
#5377 = PLANE('',#5378);
#5378 = AXIS2_PLACEMENT_3D('',#5379,#5380,#5381);
#5379 = CARTESIAN_POINT('',(1.2E-16,-3.,4.));
#5380 = DIRECTION('',(0.,4.440892098501E-16,1.));
#5381 = DIRECTION('',(1.,0.,-0.));
#5382 = ADVANCED_FACE('',(#5383),#5402,.T.);
#5383 = FACE_BOUND('',#5384,.T.);
#5384 = EDGE_LOOP('',(#5385,#5386,#5387,#5395,#5401));
#5385 = ORIENTED_EDGE('',*,*,#4559,.T.);
#5386 = ORIENTED_EDGE('',*,*,#5362,.T.);
#5387 = ORIENTED_EDGE('',*,*,#5388,.F.);
#5388 = EDGE_CURVE('',#5389,#5363,#5391,.T.);
#5389 = VERTEX_POINT('',#5390);
#5390 = CARTESIAN_POINT('',(5.7,-3.5,9.7));
#5391 = LINE('',#5392,#5393);
#5392 = CARTESIAN_POINT('',(5.7,-3.5,10.));
#5393 = VECTOR('',#5394,1.);
#5394 = DIRECTION('',(0.,-8.840892098501E-16,-1.));
#5395 = ORIENTED_EDGE('',*,*,#5396,.F.);
#5396 = EDGE_CURVE('',#5177,#5389,#5397,.T.);
#5397 = LINE('',#5398,#5399);
#5398 = CARTESIAN_POINT('',(5.7,-3.5,10.));
#5399 = VECTOR('',#5400,1.);
#5400 = DIRECTION('',(0.,-8.840892098501E-16,-1.));
#5401 = ORIENTED_EDGE('',*,*,#5184,.F.);
#5402 = PLANE('',#5403);
#5403 = AXIS2_PLACEMENT_3D('',#5404,#5405,#5406);
#5404 = CARTESIAN_POINT('',(6.5,-3.5,10.));
#5405 = DIRECTION('',(0.,1.,-8.840892098501E-16));
#5406 = DIRECTION('',(-1.,0.,0.));
#5407 = ADVANCED_FACE('',(#5408),#5414,.F.);
#5408 = FACE_BOUND('',#5409,.T.);
#5409 = EDGE_LOOP('',(#5410,#5411,#5412,#5413));
#5410 = ORIENTED_EDGE('',*,*,#4677,.T.);
#5411 = ORIENTED_EDGE('',*,*,#4660,.T.);
#5412 = ORIENTED_EDGE('',*,*,#4636,.T.);
#5413 = ORIENTED_EDGE('',*,*,#4605,.T.);
#5414 = PLANE('',#5415);
#5415 = AXIS2_PLACEMENT_3D('',#5416,#5417,#5418);
#5416 = CARTESIAN_POINT('',(-2.683038976177E-15,-3.,-3.));
#5417 = DIRECTION('',(0.,1.110223024625E-16,1.));
#5418 = DIRECTION('',(1.,0.,-0.));
#5419 = ADVANCED_FACE('',(#5420),#5426,.F.);
#5420 = FACE_BOUND('',#5421,.T.);
#5421 = EDGE_LOOP('',(#5422,#5423,#5424,#5425));
#5422 = ORIENTED_EDGE('',*,*,#4773,.T.);
#5423 = ORIENTED_EDGE('',*,*,#4756,.T.);
#5424 = ORIENTED_EDGE('',*,*,#4732,.T.);
#5425 = ORIENTED_EDGE('',*,*,#4701,.T.);
#5426 = PLANE('',#5427);
#5427 = AXIS2_PLACEMENT_3D('',#5428,#5429,#5430);
#5428 = CARTESIAN_POINT('',(-2.683038976177E-15,-3.,-3.));
#5429 = DIRECTION('',(0.,1.110223024625E-16,1.));
#5430 = DIRECTION('',(1.,0.,-0.));
#5431 = ADVANCED_FACE('',(#5432),#5438,.F.);
#5432 = FACE_BOUND('',#5433,.T.);
#5433 = EDGE_LOOP('',(#5434,#5435,#5436,#5437));
#5434 = ORIENTED_EDGE('',*,*,#4869,.T.);
#5435 = ORIENTED_EDGE('',*,*,#4852,.T.);
#5436 = ORIENTED_EDGE('',*,*,#4828,.T.);
#5437 = ORIENTED_EDGE('',*,*,#4797,.T.);
#5438 = PLANE('',#5439);
#5439 = AXIS2_PLACEMENT_3D('',#5440,#5441,#5442);
#5440 = CARTESIAN_POINT('',(-2.683038976177E-15,-3.,-3.));
#5441 = DIRECTION('',(0.,1.110223024625E-16,1.));
#5442 = DIRECTION('',(1.,0.,-0.));
#5443 = ADVANCED_FACE('',(#5444),#5450,.F.);
#5444 = FACE_BOUND('',#5445,.T.);
#5445 = EDGE_LOOP('',(#5446,#5447,#5448,#5449));
#5446 = ORIENTED_EDGE('',*,*,#4965,.T.);
#5447 = ORIENTED_EDGE('',*,*,#4948,.T.);
#5448 = ORIENTED_EDGE('',*,*,#4924,.T.);
#5449 = ORIENTED_EDGE('',*,*,#4893,.T.);
#5450 = PLANE('',#5451);
#5451 = AXIS2_PLACEMENT_3D('',#5452,#5453,#5454);
#5452 = CARTESIAN_POINT('',(-2.683038976177E-15,-3.,-3.));
#5453 = DIRECTION('',(0.,1.110223024625E-16,1.));
#5454 = DIRECTION('',(1.,0.,-0.));
#5455 = ADVANCED_FACE('',(#5456),#5474,.F.);
#5456 = FACE_BOUND('',#5457,.F.);
#5457 = EDGE_LOOP('',(#5458,#5459,#5467,#5473));
#5458 = ORIENTED_EDGE('',*,*,#5030,.F.);
#5459 = ORIENTED_EDGE('',*,*,#5460,.T.);
#5460 = EDGE_CURVE('',#5023,#5461,#5463,.T.);
#5461 = VERTEX_POINT('',#5462);
#5462 = CARTESIAN_POINT('',(-5.7,-0.7,9.7));
#5463 = LINE('',#5464,#5465);
#5464 = CARTESIAN_POINT('',(-5.7,-0.7,10.));
#5465 = VECTOR('',#5466,1.);
#5466 = DIRECTION('',(0.,-8.840892098501E-16,-1.));
#5467 = ORIENTED_EDGE('',*,*,#5468,.T.);
#5468 = EDGE_CURVE('',#5461,#5110,#5469,.T.);
#5469 = LINE('',#5470,#5471);
#5470 = CARTESIAN_POINT('',(-5.7,-0.7,9.7));
#5471 = VECTOR('',#5472,1.);
#5472 = DIRECTION('',(0.,-1.,4.440892098501E-16));
#5473 = ORIENTED_EDGE('',*,*,#5109,.F.);
#5474 = PLANE('',#5475);
#5475 = AXIS2_PLACEMENT_3D('',#5476,#5477,#5478);
#5476 = CARTESIAN_POINT('',(-5.7,-0.7,10.));
#5477 = DIRECTION('',(-1.,0.,0.));
#5478 = DIRECTION('',(0.,-1.,8.840892098501E-16));
#5479 = ADVANCED_FACE('',(#5480),#5498,.F.);
#5480 = FACE_BOUND('',#5481,.F.);
#5481 = EDGE_LOOP('',(#5482,#5490,#5496,#5497));
#5482 = ORIENTED_EDGE('',*,*,#5483,.T.);
#5483 = EDGE_CURVE('',#5015,#5484,#5486,.T.);
#5484 = VERTEX_POINT('',#5485);
#5485 = CARTESIAN_POINT('',(-2.9,-0.7,9.7));
#5486 = LINE('',#5487,#5488);
#5487 = CARTESIAN_POINT('',(-2.9,-0.7,10.));
#5488 = VECTOR('',#5489,1.);
#5489 = DIRECTION('',(0.,-8.840892098501E-16,-1.));
#5490 = ORIENTED_EDGE('',*,*,#5491,.T.);
#5491 = EDGE_CURVE('',#5484,#5461,#5492,.T.);
#5492 = LINE('',#5493,#5494);
#5493 = CARTESIAN_POINT('',(-2.9,-0.7,9.7));
#5494 = VECTOR('',#5495,1.);
#5495 = DIRECTION('',(-1.,0.,0.));
#5496 = ORIENTED_EDGE('',*,*,#5460,.F.);
#5497 = ORIENTED_EDGE('',*,*,#5022,.F.);
#5498 = PLANE('',#5499);
#5499 = AXIS2_PLACEMENT_3D('',#5500,#5501,#5502);
#5500 = CARTESIAN_POINT('',(-2.9,-0.7,10.));
#5501 = DIRECTION('',(0.,1.,-8.840892098501E-16));
#5502 = DIRECTION('',(-1.,0.,0.));
#5503 = ADVANCED_FACE('',(#5504),#5522,.F.);
#5504 = FACE_BOUND('',#5505,.F.);
#5505 = EDGE_LOOP('',(#5506,#5514,#5520,#5521));
#5506 = ORIENTED_EDGE('',*,*,#5507,.T.);
#5507 = EDGE_CURVE('',#5007,#5508,#5510,.T.);
#5508 = VERTEX_POINT('',#5509);
#5509 = CARTESIAN_POINT('',(-2.9,-5.3,9.7));
#5510 = LINE('',#5511,#5512);
#5511 = CARTESIAN_POINT('',(-2.9,-5.3,10.));
#5512 = VECTOR('',#5513,1.);
#5513 = DIRECTION('',(0.,-8.840892098501E-16,-1.));
#5514 = ORIENTED_EDGE('',*,*,#5515,.T.);
#5515 = EDGE_CURVE('',#5508,#5484,#5516,.T.);
#5516 = LINE('',#5517,#5518);
#5517 = CARTESIAN_POINT('',(-2.9,-5.3,9.7));
#5518 = VECTOR('',#5519,1.);
#5519 = DIRECTION('',(0.,1.,-4.440892098501E-16));
#5520 = ORIENTED_EDGE('',*,*,#5483,.F.);
#5521 = ORIENTED_EDGE('',*,*,#5014,.F.);
#5522 = PLANE('',#5523);
#5523 = AXIS2_PLACEMENT_3D('',#5524,#5525,#5526);
#5524 = CARTESIAN_POINT('',(-2.9,-5.3,10.));
#5525 = DIRECTION('',(1.,0.,0.));
#5526 = DIRECTION('',(0.,1.,-8.840892098501E-16));
#5527 = ADVANCED_FACE('',(#5528),#5546,.F.);
#5528 = FACE_BOUND('',#5529,.F.);
#5529 = EDGE_LOOP('',(#5530,#5538,#5544,#5545));
#5530 = ORIENTED_EDGE('',*,*,#5531,.T.);
#5531 = EDGE_CURVE('',#4999,#5532,#5534,.T.);
#5532 = VERTEX_POINT('',#5533);
#5533 = CARTESIAN_POINT('',(-5.7,-5.3,9.7));
#5534 = LINE('',#5535,#5536);
#5535 = CARTESIAN_POINT('',(-5.7,-5.3,10.));
#5536 = VECTOR('',#5537,1.);
#5537 = DIRECTION('',(0.,-8.840892098501E-16,-1.));
#5538 = ORIENTED_EDGE('',*,*,#5539,.T.);
#5539 = EDGE_CURVE('',#5532,#5508,#5540,.T.);
#5540 = LINE('',#5541,#5542);
#5541 = CARTESIAN_POINT('',(-5.7,-5.3,9.7));
#5542 = VECTOR('',#5543,1.);
#5543 = DIRECTION('',(1.,0.,0.));
#5544 = ORIENTED_EDGE('',*,*,#5507,.F.);
#5545 = ORIENTED_EDGE('',*,*,#5006,.F.);
#5546 = PLANE('',#5547);
#5547 = AXIS2_PLACEMENT_3D('',#5548,#5549,#5550);
#5548 = CARTESIAN_POINT('',(-5.7,-5.3,10.));
#5549 = DIRECTION('',(0.,-1.,8.840892098501E-16));
#5550 = DIRECTION('',(1.,0.,0.));
#5551 = ADVANCED_FACE('',(#5552),#5563,.F.);
#5552 = FACE_BOUND('',#5553,.F.);
#5553 = EDGE_LOOP('',(#5554,#5555,#5556,#5562));
#5554 = ORIENTED_EDGE('',*,*,#4998,.F.);
#5555 = ORIENTED_EDGE('',*,*,#5070,.T.);
#5556 = ORIENTED_EDGE('',*,*,#5557,.T.);
#5557 = EDGE_CURVE('',#5063,#5532,#5558,.T.);
#5558 = LINE('',#5559,#5560);
#5559 = CARTESIAN_POINT('',(-5.7,-0.7,9.7));
#5560 = VECTOR('',#5561,1.);
#5561 = DIRECTION('',(0.,-1.,4.440892098501E-16));
#5562 = ORIENTED_EDGE('',*,*,#5531,.F.);
#5563 = PLANE('',#5564);
#5564 = AXIS2_PLACEMENT_3D('',#5565,#5566,#5567);
#5565 = CARTESIAN_POINT('',(-5.7,-0.7,10.));
#5566 = DIRECTION('',(-1.,0.,0.));
#5567 = DIRECTION('',(0.,-1.,8.840892098501E-16));
#5568 = ADVANCED_FACE('',(#5569),#5580,.F.);
#5569 = FACE_BOUND('',#5570,.F.);
#5570 = EDGE_LOOP('',(#5571,#5577,#5578,#5579));
#5571 = ORIENTED_EDGE('',*,*,#5572,.T.);
#5572 = EDGE_CURVE('',#5110,#5063,#5573,.T.);
#5573 = LINE('',#5574,#5575);
#5574 = CARTESIAN_POINT('',(-5.7,-0.7,9.7));
#5575 = VECTOR('',#5576,1.);
#5576 = DIRECTION('',(0.,-1.,4.440892098501E-16));
#5577 = ORIENTED_EDGE('',*,*,#5062,.T.);
#5578 = ORIENTED_EDGE('',*,*,#5086,.T.);
#5579 = ORIENTED_EDGE('',*,*,#5117,.F.);
#5580 = PLANE('',#5581);
#5581 = AXIS2_PLACEMENT_3D('',#5582,#5583,#5584);
#5582 = CARTESIAN_POINT('',(-5.7,-3.5,10.));
#5583 = DIRECTION('',(1.,0.,0.));
#5584 = DIRECTION('',(0.,1.,-8.840892098501E-16));
#5585 = ADVANCED_FACE('',(#5586),#5604,.T.);
#5586 = FACE_BOUND('',#5587,.T.);
#5587 = EDGE_LOOP('',(#5588,#5589,#5590,#5598));
#5588 = ORIENTED_EDGE('',*,*,#5176,.F.);
#5589 = ORIENTED_EDGE('',*,*,#5396,.T.);
#5590 = ORIENTED_EDGE('',*,*,#5591,.T.);
#5591 = EDGE_CURVE('',#5389,#5592,#5594,.T.);
#5592 = VERTEX_POINT('',#5593);
#5593 = CARTESIAN_POINT('',(5.7,-5.3,9.7));
#5594 = LINE('',#5595,#5596);
#5595 = CARTESIAN_POINT('',(5.7,-0.7,9.7));
#5596 = VECTOR('',#5597,1.);
#5597 = DIRECTION('',(0.,-1.,4.440892098501E-16));
#5598 = ORIENTED_EDGE('',*,*,#5599,.F.);
#5599 = EDGE_CURVE('',#5169,#5592,#5600,.T.);
#5600 = LINE('',#5601,#5602);
#5601 = CARTESIAN_POINT('',(5.7,-5.3,10.));
#5602 = VECTOR('',#5603,1.);
#5603 = DIRECTION('',(0.,-8.840892098501E-16,-1.));
#5604 = PLANE('',#5605);
#5605 = AXIS2_PLACEMENT_3D('',#5606,#5607,#5608);
#5606 = CARTESIAN_POINT('',(5.7,-0.7,10.));
#5607 = DIRECTION('',(-1.,0.,0.));
#5608 = DIRECTION('',(0.,-1.,8.840892098501E-16));
#5609 = ADVANCED_FACE('',(#5610),#5628,.T.);
#5610 = FACE_BOUND('',#5611,.T.);
#5611 = EDGE_LOOP('',(#5612,#5613,#5621,#5627));
#5612 = ORIENTED_EDGE('',*,*,#5599,.T.);
#5613 = ORIENTED_EDGE('',*,*,#5614,.T.);
#5614 = EDGE_CURVE('',#5592,#5615,#5617,.T.);
#5615 = VERTEX_POINT('',#5616);
#5616 = CARTESIAN_POINT('',(2.9,-5.3,9.7));
#5617 = LINE('',#5618,#5619);
#5618 = CARTESIAN_POINT('',(5.7,-5.3,9.7));
#5619 = VECTOR('',#5620,1.);
#5620 = DIRECTION('',(-1.,0.,0.));
#5621 = ORIENTED_EDGE('',*,*,#5622,.F.);
#5622 = EDGE_CURVE('',#5161,#5615,#5623,.T.);
#5623 = LINE('',#5624,#5625);
#5624 = CARTESIAN_POINT('',(2.9,-5.3,10.));
#5625 = VECTOR('',#5626,1.);
#5626 = DIRECTION('',(0.,-8.840892098501E-16,-1.));
#5627 = ORIENTED_EDGE('',*,*,#5168,.F.);
#5628 = PLANE('',#5629);
#5629 = AXIS2_PLACEMENT_3D('',#5630,#5631,#5632);
#5630 = CARTESIAN_POINT('',(5.7,-5.3,10.));
#5631 = DIRECTION('',(0.,1.,-8.840892098501E-16));
#5632 = DIRECTION('',(-1.,0.,0.));
#5633 = ADVANCED_FACE('',(#5634),#5652,.T.);
#5634 = FACE_BOUND('',#5635,.T.);
#5635 = EDGE_LOOP('',(#5636,#5637,#5645,#5651));
#5636 = ORIENTED_EDGE('',*,*,#5622,.T.);
#5637 = ORIENTED_EDGE('',*,*,#5638,.T.);
#5638 = EDGE_CURVE('',#5615,#5639,#5641,.T.);
#5639 = VERTEX_POINT('',#5640);
#5640 = CARTESIAN_POINT('',(2.9,-0.7,9.7));
#5641 = LINE('',#5642,#5643);
#5642 = CARTESIAN_POINT('',(2.9,-5.3,9.7));
#5643 = VECTOR('',#5644,1.);
#5644 = DIRECTION('',(0.,1.,-4.440892098501E-16));
#5645 = ORIENTED_EDGE('',*,*,#5646,.F.);
#5646 = EDGE_CURVE('',#5153,#5639,#5647,.T.);
#5647 = LINE('',#5648,#5649);
#5648 = CARTESIAN_POINT('',(2.9,-0.7,10.));
#5649 = VECTOR('',#5650,1.);
#5650 = DIRECTION('',(0.,-8.840892098501E-16,-1.));
#5651 = ORIENTED_EDGE('',*,*,#5160,.F.);
#5652 = PLANE('',#5653);
#5653 = AXIS2_PLACEMENT_3D('',#5654,#5655,#5656);
#5654 = CARTESIAN_POINT('',(2.9,-5.3,10.));
#5655 = DIRECTION('',(1.,0.,0.));
#5656 = DIRECTION('',(0.,1.,-8.840892098501E-16));
#5657 = ADVANCED_FACE('',(#5658),#5676,.T.);
#5658 = FACE_BOUND('',#5659,.T.);
#5659 = EDGE_LOOP('',(#5660,#5661,#5669,#5675));
#5660 = ORIENTED_EDGE('',*,*,#5646,.T.);
#5661 = ORIENTED_EDGE('',*,*,#5662,.T.);
#5662 = EDGE_CURVE('',#5639,#5663,#5665,.T.);
#5663 = VERTEX_POINT('',#5664);
#5664 = CARTESIAN_POINT('',(5.7,-0.7,9.7));
#5665 = LINE('',#5666,#5667);
#5666 = CARTESIAN_POINT('',(2.9,-0.7,9.7));
#5667 = VECTOR('',#5668,1.);
#5668 = DIRECTION('',(1.,0.,0.));
#5669 = ORIENTED_EDGE('',*,*,#5670,.F.);
#5670 = EDGE_CURVE('',#5145,#5663,#5671,.T.);
#5671 = LINE('',#5672,#5673);
#5672 = CARTESIAN_POINT('',(5.7,-0.7,10.));
#5673 = VECTOR('',#5674,1.);
#5674 = DIRECTION('',(0.,-8.840892098501E-16,-1.));
#5675 = ORIENTED_EDGE('',*,*,#5152,.F.);
#5676 = PLANE('',#5677);
#5677 = AXIS2_PLACEMENT_3D('',#5678,#5679,#5680);
#5678 = CARTESIAN_POINT('',(2.9,-0.7,10.));
#5679 = DIRECTION('',(0.,-1.,8.840892098501E-16));
#5680 = DIRECTION('',(1.,0.,0.));
#5681 = ADVANCED_FACE('',(#5682),#5693,.T.);
#5682 = FACE_BOUND('',#5683,.T.);
#5683 = EDGE_LOOP('',(#5684,#5685,#5686,#5692));
#5684 = ORIENTED_EDGE('',*,*,#5144,.F.);
#5685 = ORIENTED_EDGE('',*,*,#5670,.T.);
#5686 = ORIENTED_EDGE('',*,*,#5687,.T.);
#5687 = EDGE_CURVE('',#5663,#5331,#5688,.T.);
#5688 = LINE('',#5689,#5690);
#5689 = CARTESIAN_POINT('',(5.7,-0.7,9.7));
#5690 = VECTOR('',#5691,1.);
#5691 = DIRECTION('',(0.,-1.,4.440892098501E-16));
#5692 = ORIENTED_EDGE('',*,*,#5330,.F.);
#5693 = PLANE('',#5694);
#5694 = AXIS2_PLACEMENT_3D('',#5695,#5696,#5697);
#5695 = CARTESIAN_POINT('',(5.7,-0.7,10.));
#5696 = DIRECTION('',(-1.,0.,0.));
#5697 = DIRECTION('',(0.,-1.,8.840892098501E-16));
#5698 = ADVANCED_FACE('',(#5699),#5724,.T.);
#5699 = FACE_BOUND('',#5700,.F.);
#5700 = EDGE_LOOP('',(#5701,#5709,#5717,#5723));
#5701 = ORIENTED_EDGE('',*,*,#5702,.T.);
#5702 = EDGE_CURVE('',#5226,#5703,#5705,.T.);
#5703 = VERTEX_POINT('',#5704);
#5704 = CARTESIAN_POINT('',(3.5,-2.65,8.));
#5705 = LINE('',#5706,#5707);
#5706 = CARTESIAN_POINT('',(2.5,-2.65,8.));
#5707 = VECTOR('',#5708,1.);
#5708 = DIRECTION('',(1.,-2.2E-16,4.4E-16));
#5709 = ORIENTED_EDGE('',*,*,#5710,.T.);
#5710 = EDGE_CURVE('',#5703,#5711,#5713,.T.);
#5711 = VERTEX_POINT('',#5712);
#5712 = CARTESIAN_POINT('',(3.5,-2.65,2.));
#5713 = LINE('',#5714,#5715);
#5714 = CARTESIAN_POINT('',(3.5,-2.65,8.));
#5715 = VECTOR('',#5716,1.);
#5716 = DIRECTION('',(6.7E-16,-4.440892098501E-16,-1.));
#5717 = ORIENTED_EDGE('',*,*,#5718,.F.);
#5718 = EDGE_CURVE('',#5234,#5711,#5719,.T.);
#5719 = LINE('',#5720,#5721);
#5720 = CARTESIAN_POINT('',(2.5,-2.65,2.));
#5721 = VECTOR('',#5722,1.);
#5722 = DIRECTION('',(1.,-2.2E-16,4.4E-16));
#5723 = ORIENTED_EDGE('',*,*,#5233,.F.);
#5724 = PLANE('',#5725);
#5725 = AXIS2_PLACEMENT_3D('',#5726,#5727,#5728);
#5726 = CARTESIAN_POINT('',(2.5,-2.65,8.));
#5727 = DIRECTION('',(-2.2E-16,-1.,6.640892098501E-16));
#5728 = DIRECTION('',(-4.4E-16,6.640892098501E-16,1.));
#5729 = ADVANCED_FACE('',(#5730),#5748,.T.);
#5730 = FACE_BOUND('',#5731,.F.);
#5731 = EDGE_LOOP('',(#5732,#5740,#5746,#5747));
#5732 = ORIENTED_EDGE('',*,*,#5733,.T.);
#5733 = EDGE_CURVE('',#5218,#5734,#5736,.T.);
#5734 = VERTEX_POINT('',#5735);
#5735 = CARTESIAN_POINT('',(3.5,-3.35,8.));
#5736 = LINE('',#5737,#5738);
#5737 = CARTESIAN_POINT('',(2.5,-3.35,8.));
#5738 = VECTOR('',#5739,1.);
#5739 = DIRECTION('',(1.,-2.2E-16,4.4E-16));
#5740 = ORIENTED_EDGE('',*,*,#5741,.T.);
#5741 = EDGE_CURVE('',#5734,#5703,#5742,.T.);
#5742 = LINE('',#5743,#5744);
#5743 = CARTESIAN_POINT('',(3.5,-3.35,8.));
#5744 = VECTOR('',#5745,1.);
#5745 = DIRECTION('',(2.2E-16,1.,-4.440892098501E-16));
#5746 = ORIENTED_EDGE('',*,*,#5702,.F.);
#5747 = ORIENTED_EDGE('',*,*,#5225,.F.);
#5748 = PLANE('',#5749);
#5749 = AXIS2_PLACEMENT_3D('',#5750,#5751,#5752);
#5750 = CARTESIAN_POINT('',(2.5,-3.35,8.));
#5751 = DIRECTION('',(4.4E-16,-6.640892098501E-16,-1.));
#5752 = DIRECTION('',(-2.2E-16,-1.,6.640892098501E-16));
#5753 = ADVANCED_FACE('',(#5754),#5772,.T.);
#5754 = FACE_BOUND('',#5755,.F.);
#5755 = EDGE_LOOP('',(#5756,#5764,#5770,#5771));
#5756 = ORIENTED_EDGE('',*,*,#5757,.T.);
#5757 = EDGE_CURVE('',#5210,#5758,#5760,.T.);
#5758 = VERTEX_POINT('',#5759);
#5759 = CARTESIAN_POINT('',(3.5,-3.35,2.));
#5760 = LINE('',#5761,#5762);
#5761 = CARTESIAN_POINT('',(2.5,-3.35,2.));
#5762 = VECTOR('',#5763,1.);
#5763 = DIRECTION('',(1.,-2.2E-16,4.4E-16));
#5764 = ORIENTED_EDGE('',*,*,#5765,.T.);
#5765 = EDGE_CURVE('',#5758,#5734,#5766,.T.);
#5766 = LINE('',#5767,#5768);
#5767 = CARTESIAN_POINT('',(3.5,-3.35,2.));
#5768 = VECTOR('',#5769,1.);
#5769 = DIRECTION('',(-6.7E-16,4.440892098501E-16,1.));
#5770 = ORIENTED_EDGE('',*,*,#5733,.F.);
#5771 = ORIENTED_EDGE('',*,*,#5217,.F.);
#5772 = PLANE('',#5773);
#5773 = AXIS2_PLACEMENT_3D('',#5774,#5775,#5776);
#5774 = CARTESIAN_POINT('',(2.5,-3.35,2.));
#5775 = DIRECTION('',(2.2E-16,1.,-6.640892098501E-16));
#5776 = DIRECTION('',(4.4E-16,-6.640892098501E-16,-1.));
#5777 = ADVANCED_FACE('',(#5778),#5789,.T.);
#5778 = FACE_BOUND('',#5779,.F.);
#5779 = EDGE_LOOP('',(#5780,#5781,#5787,#5788));
#5780 = ORIENTED_EDGE('',*,*,#5718,.T.);
#5781 = ORIENTED_EDGE('',*,*,#5782,.T.);
#5782 = EDGE_CURVE('',#5711,#5758,#5783,.T.);
#5783 = LINE('',#5784,#5785);
#5784 = CARTESIAN_POINT('',(3.5,-2.65,2.));
#5785 = VECTOR('',#5786,1.);
#5786 = DIRECTION('',(-2.2E-16,-1.,4.440892098501E-16));
#5787 = ORIENTED_EDGE('',*,*,#5757,.F.);
#5788 = ORIENTED_EDGE('',*,*,#5256,.F.);
#5789 = PLANE('',#5790);
#5790 = AXIS2_PLACEMENT_3D('',#5791,#5792,#5793);
#5791 = CARTESIAN_POINT('',(2.5,-2.65,2.));
#5792 = DIRECTION('',(-4.4E-16,6.640892098501E-16,1.));
#5793 = DIRECTION('',(2.2E-16,1.,-6.640892098501E-16));
#5794 = ADVANCED_FACE('',(#5795),#5820,.T.);
#5795 = FACE_BOUND('',#5796,.T.);
#5796 = EDGE_LOOP('',(#5797,#5805,#5813,#5819));
#5797 = ORIENTED_EDGE('',*,*,#5798,.T.);
#5798 = EDGE_CURVE('',#5273,#5799,#5801,.T.);
#5799 = VERTEX_POINT('',#5800);
#5800 = CARTESIAN_POINT('',(-3.5,-2.65,2.));
#5801 = LINE('',#5802,#5803);
#5802 = CARTESIAN_POINT('',(-2.5,-2.65,2.));
#5803 = VECTOR('',#5804,1.);
#5804 = DIRECTION('',(-1.,9.769962616701E-32,2.2E-16));
#5805 = ORIENTED_EDGE('',*,*,#5806,.T.);
#5806 = EDGE_CURVE('',#5799,#5807,#5809,.T.);
#5807 = VERTEX_POINT('',#5808);
#5808 = CARTESIAN_POINT('',(-3.5,-3.35,2.));
#5809 = LINE('',#5810,#5811);
#5810 = CARTESIAN_POINT('',(-3.5,-2.65,2.));
#5811 = VECTOR('',#5812,1.);
#5812 = DIRECTION('',(0.,-1.,4.440892098501E-16));
#5813 = ORIENTED_EDGE('',*,*,#5814,.F.);
#5814 = EDGE_CURVE('',#5265,#5807,#5815,.T.);
#5815 = LINE('',#5816,#5817);
#5816 = CARTESIAN_POINT('',(-2.5,-3.35,2.));
#5817 = VECTOR('',#5818,1.);
#5818 = DIRECTION('',(-1.,9.769962616701E-32,2.2E-16));
#5819 = ORIENTED_EDGE('',*,*,#5272,.F.);
#5820 = PLANE('',#5821);
#5821 = AXIS2_PLACEMENT_3D('',#5822,#5823,#5824);
#5822 = CARTESIAN_POINT('',(-2.5,-2.65,2.));
#5823 = DIRECTION('',(2.2E-16,6.640892098501E-16,1.));
#5824 = DIRECTION('',(0.,-1.,6.640892098501E-16));
#5825 = ADVANCED_FACE('',(#5826),#5844,.T.);
#5826 = FACE_BOUND('',#5827,.T.);
#5827 = EDGE_LOOP('',(#5828,#5829,#5837,#5843));
#5828 = ORIENTED_EDGE('',*,*,#5814,.T.);
#5829 = ORIENTED_EDGE('',*,*,#5830,.T.);
#5830 = EDGE_CURVE('',#5807,#5831,#5833,.T.);
#5831 = VERTEX_POINT('',#5832);
#5832 = CARTESIAN_POINT('',(-3.5,-3.35,8.));
#5833 = LINE('',#5834,#5835);
#5834 = CARTESIAN_POINT('',(-3.5,-3.35,2.));
#5835 = VECTOR('',#5836,1.);
#5836 = DIRECTION('',(0.,4.440892098501E-16,1.));
#5837 = ORIENTED_EDGE('',*,*,#5838,.F.);
#5838 = EDGE_CURVE('',#5306,#5831,#5839,.T.);
#5839 = LINE('',#5840,#5841);
#5840 = CARTESIAN_POINT('',(-2.5,-3.35,8.));
#5841 = VECTOR('',#5842,1.);
#5842 = DIRECTION('',(-1.,9.769962616701E-32,2.2E-16));
#5843 = ORIENTED_EDGE('',*,*,#5313,.F.);
#5844 = PLANE('',#5845);
#5845 = AXIS2_PLACEMENT_3D('',#5846,#5847,#5848);
#5846 = CARTESIAN_POINT('',(-2.5,-3.35,2.));
#5847 = DIRECTION('',(0.,1.,-6.640892098501E-16));
#5848 = DIRECTION('',(2.2E-16,6.640892098501E-16,1.));
#5849 = ADVANCED_FACE('',(#5850),#5868,.T.);
#5850 = FACE_BOUND('',#5851,.T.);
#5851 = EDGE_LOOP('',(#5852,#5853,#5861,#5867));
#5852 = ORIENTED_EDGE('',*,*,#5838,.T.);
#5853 = ORIENTED_EDGE('',*,*,#5854,.T.);
#5854 = EDGE_CURVE('',#5831,#5855,#5857,.T.);
#5855 = VERTEX_POINT('',#5856);
#5856 = CARTESIAN_POINT('',(-3.5,-2.65,8.));
#5857 = LINE('',#5858,#5859);
#5858 = CARTESIAN_POINT('',(-3.5,-3.35,8.));
#5859 = VECTOR('',#5860,1.);
#5860 = DIRECTION('',(0.,1.,-4.440892098501E-16));
#5861 = ORIENTED_EDGE('',*,*,#5862,.F.);
#5862 = EDGE_CURVE('',#5298,#5855,#5863,.T.);
#5863 = LINE('',#5864,#5865);
#5864 = CARTESIAN_POINT('',(-2.5,-2.65,8.));
#5865 = VECTOR('',#5866,1.);
#5866 = DIRECTION('',(-1.,9.769962616701E-32,2.2E-16));
#5867 = ORIENTED_EDGE('',*,*,#5305,.F.);
#5868 = PLANE('',#5869);
#5869 = AXIS2_PLACEMENT_3D('',#5870,#5871,#5872);
#5870 = CARTESIAN_POINT('',(-2.5,-3.35,8.));
#5871 = DIRECTION('',(-2.2E-16,-6.640892098501E-16,-1.));
#5872 = DIRECTION('',(0.,1.,-6.640892098501E-16));
#5873 = ADVANCED_FACE('',(#5874),#5885,.T.);
#5874 = FACE_BOUND('',#5875,.T.);
#5875 = EDGE_LOOP('',(#5876,#5877,#5883,#5884));
#5876 = ORIENTED_EDGE('',*,*,#5862,.T.);
#5877 = ORIENTED_EDGE('',*,*,#5878,.T.);
#5878 = EDGE_CURVE('',#5855,#5799,#5879,.T.);
#5879 = LINE('',#5880,#5881);
#5880 = CARTESIAN_POINT('',(-3.5,-2.65,8.));
#5881 = VECTOR('',#5882,1.);
#5882 = DIRECTION('',(0.,-4.440892098501E-16,-1.));
#5883 = ORIENTED_EDGE('',*,*,#5798,.F.);
#5884 = ORIENTED_EDGE('',*,*,#5297,.F.);
#5885 = PLANE('',#5886);
#5886 = AXIS2_PLACEMENT_3D('',#5887,#5888,#5889);
#5887 = CARTESIAN_POINT('',(-2.5,-2.65,8.));
#5888 = DIRECTION('',(0.,-1.,6.640892098501E-16));
#5889 = DIRECTION('',(-2.2E-16,-6.640892098501E-16,-1.));
#5890 = ADVANCED_FACE('',(#5891),#5902,.T.);
#5891 = FACE_BOUND('',#5892,.T.);
#5892 = EDGE_LOOP('',(#5893,#5899,#5900,#5901));
#5893 = ORIENTED_EDGE('',*,*,#5894,.T.);
#5894 = EDGE_CURVE('',#5331,#5389,#5895,.T.);
#5895 = LINE('',#5896,#5897);
#5896 = CARTESIAN_POINT('',(5.7,-0.7,9.7));
#5897 = VECTOR('',#5898,1.);
#5898 = DIRECTION('',(0.,-1.,4.440892098501E-16));
#5899 = ORIENTED_EDGE('',*,*,#5388,.T.);
#5900 = ORIENTED_EDGE('',*,*,#5370,.T.);
#5901 = ORIENTED_EDGE('',*,*,#5338,.F.);
#5902 = PLANE('',#5903);
#5903 = AXIS2_PLACEMENT_3D('',#5904,#5905,#5906);
#5904 = CARTESIAN_POINT('',(5.7,-3.5,10.));
#5905 = DIRECTION('',(1.,0.,0.));
#5906 = DIRECTION('',(0.,1.,-8.840892098501E-16));
#5907 = ADVANCED_FACE('',(#5908,#5916),#6046,.T.);
#5908 = FACE_BOUND('',#5909,.T.);
#5909 = EDGE_LOOP('',(#5910,#5911,#5912,#5913,#5914,#5915));
#5910 = ORIENTED_EDGE('',*,*,#5539,.T.);
#5911 = ORIENTED_EDGE('',*,*,#5515,.T.);
#5912 = ORIENTED_EDGE('',*,*,#5491,.T.);
#5913 = ORIENTED_EDGE('',*,*,#5468,.T.);
#5914 = ORIENTED_EDGE('',*,*,#5572,.T.);
#5915 = ORIENTED_EDGE('',*,*,#5557,.T.);
#5916 = FACE_BOUND('',#5917,.T.);
#5917 = EDGE_LOOP('',(#5918,#5928,#5936,#5944,#5952,#5960,#5968,#5976,
    #5984,#5992,#6000,#6008,#6016,#6024,#6032,#6040));
#5918 = ORIENTED_EDGE('',*,*,#5919,.F.);
#5919 = EDGE_CURVE('',#5920,#5922,#5924,.T.);
#5920 = VERTEX_POINT('',#5921);
#5921 = CARTESIAN_POINT('',(-4.2,-4.769284,9.7));
#5922 = VERTEX_POINT('',#5923);
#5923 = CARTESIAN_POINT('',(-4.2,-3.520334,9.7));
#5924 = LINE('',#5925,#5926);
#5925 = CARTESIAN_POINT('',(-4.2,-4.769284,9.7));
#5926 = VECTOR('',#5927,1.);
#5927 = DIRECTION('',(-7.111400934386E-16,1.,-8.340892098501E-16));
#5928 = ORIENTED_EDGE('',*,*,#5929,.T.);
#5929 = EDGE_CURVE('',#5920,#5930,#5932,.T.);
#5930 = VERTEX_POINT('',#5931);
#5931 = CARTESIAN_POINT('',(-4.4,-4.769284,9.7));
#5932 = LINE('',#5933,#5934);
#5933 = CARTESIAN_POINT('',(-4.2,-4.769284,9.7));
#5934 = VECTOR('',#5935,1.);
#5935 = DIRECTION('',(-1.,0.,0.));
#5936 = ORIENTED_EDGE('',*,*,#5937,.T.);
#5937 = EDGE_CURVE('',#5930,#5938,#5940,.T.);
#5938 = VERTEX_POINT('',#5939);
#5939 = CARTESIAN_POINT('',(-4.4,-3.520334,9.7));
#5940 = LINE('',#5941,#5942);
#5941 = CARTESIAN_POINT('',(-4.4,-4.769284,9.7));
#5942 = VECTOR('',#5943,1.);
#5943 = DIRECTION('',(0.,1.,-8.340892098501E-16));
#5944 = ORIENTED_EDGE('',*,*,#5945,.T.);
#5945 = EDGE_CURVE('',#5938,#5946,#5948,.T.);
#5946 = VERTEX_POINT('',#5947);
#5947 = CARTESIAN_POINT('',(-5.038335,-3.520334,9.7));
#5948 = LINE('',#5949,#5950);
#5949 = CARTESIAN_POINT('',(-4.4,-3.520334,9.7));
#5950 = VECTOR('',#5951,1.);
#5951 = DIRECTION('',(-1.,0.,0.));
#5952 = ORIENTED_EDGE('',*,*,#5953,.T.);
#5953 = EDGE_CURVE('',#5946,#5954,#5956,.T.);
#5954 = VERTEX_POINT('',#5955);
#5955 = CARTESIAN_POINT('',(-5.038335,-3.320334,9.7));
#5956 = LINE('',#5957,#5958);
#5957 = CARTESIAN_POINT('',(-5.038335,-3.520334,9.7));
#5958 = VECTOR('',#5959,1.);
#5959 = DIRECTION('',(0.,1.,-8.340892098501E-16));
#5960 = ORIENTED_EDGE('',*,*,#5961,.T.);
#5961 = EDGE_CURVE('',#5954,#5962,#5964,.T.);
#5962 = VERTEX_POINT('',#5963);
#5963 = CARTESIAN_POINT('',(-4.4,-3.320334,9.7));
#5964 = LINE('',#5965,#5966);
#5965 = CARTESIAN_POINT('',(-5.038335,-3.320334,9.7));
#5966 = VECTOR('',#5967,1.);
#5967 = DIRECTION('',(1.,0.,0.));
#5968 = ORIENTED_EDGE('',*,*,#5969,.T.);
#5969 = EDGE_CURVE('',#5962,#5970,#5972,.T.);
#5970 = VERTEX_POINT('',#5971);
#5971 = CARTESIAN_POINT('',(-5.048287,-2.380855,9.7));
#5972 = LINE('',#5973,#5974);
#5973 = CARTESIAN_POINT('',(-4.4,-3.320334,9.7));
#5974 = VECTOR('',#5975,1.);
#5975 = DIRECTION('',(-0.567952871773,0.823061076376,-6.865063628525E-16
    ));
#5976 = ORIENTED_EDGE('',*,*,#5977,.T.);
#5977 = EDGE_CURVE('',#5970,#5978,#5980,.T.);
#5978 = VERTEX_POINT('',#5979);
#5979 = CARTESIAN_POINT('',(-4.4,-2.380855,9.7));
#5980 = LINE('',#5981,#5982);
#5981 = CARTESIAN_POINT('',(-5.048287,-2.380855,9.7));
#5982 = VECTOR('',#5983,1.);
#5983 = DIRECTION('',(1.,0.,0.));
#5984 = ORIENTED_EDGE('',*,*,#5985,.T.);
#5985 = EDGE_CURVE('',#5978,#5986,#5988,.T.);
#5986 = VERTEX_POINT('',#5987);
#5987 = CARTESIAN_POINT('',(-4.4,-1.46529,9.7));
#5988 = LINE('',#5989,#5990);
#5989 = CARTESIAN_POINT('',(-4.4,-2.380855,9.7));
#5990 = VECTOR('',#5991,1.);
#5991 = DIRECTION('',(0.,1.,-8.340892098501E-16));
#5992 = ORIENTED_EDGE('',*,*,#5993,.F.);
#5993 = EDGE_CURVE('',#5994,#5986,#5996,.T.);
#5994 = VERTEX_POINT('',#5995);
#5995 = CARTESIAN_POINT('',(-4.2,-1.46529,9.7));
#5996 = LINE('',#5997,#5998);
#5997 = CARTESIAN_POINT('',(-4.2,-1.46529,9.7));
#5998 = VECTOR('',#5999,1.);
#5999 = DIRECTION('',(-1.,0.,0.));
#6000 = ORIENTED_EDGE('',*,*,#6001,.F.);
#6001 = EDGE_CURVE('',#6002,#5994,#6004,.T.);
#6002 = VERTEX_POINT('',#6003);
#6003 = CARTESIAN_POINT('',(-4.2,-2.380855,9.7));
#6004 = LINE('',#6005,#6006);
#6005 = CARTESIAN_POINT('',(-4.2,-2.380855,9.7));
#6006 = VECTOR('',#6007,1.);
#6007 = DIRECTION('',(9.700877815339E-16,1.,-8.340892098501E-16));
#6008 = ORIENTED_EDGE('',*,*,#6009,.F.);
#6009 = EDGE_CURVE('',#6010,#6002,#6012,.T.);
#6010 = VERTEX_POINT('',#6011);
#6011 = CARTESIAN_POINT('',(-3.551713,-2.380855,9.7));
#6012 = LINE('',#6013,#6014);
#6013 = CARTESIAN_POINT('',(-3.551713,-2.380855,9.7));
#6014 = VECTOR('',#6015,1.);
#6015 = DIRECTION('',(-1.,0.,0.));
#6016 = ORIENTED_EDGE('',*,*,#6017,.F.);
#6017 = EDGE_CURVE('',#6018,#6010,#6020,.T.);
#6018 = VERTEX_POINT('',#6019);
#6019 = CARTESIAN_POINT('',(-4.2,-3.320334,9.7));
#6020 = LINE('',#6021,#6022);
#6021 = CARTESIAN_POINT('',(-4.2,-3.320334,9.7));
#6022 = VECTOR('',#6023,1.);
#6023 = DIRECTION('',(0.567952871773,0.823061076376,-6.865063628525E-16)
  );
#6024 = ORIENTED_EDGE('',*,*,#6025,.F.);
#6025 = EDGE_CURVE('',#6026,#6018,#6028,.T.);
#6026 = VERTEX_POINT('',#6027);
#6027 = CARTESIAN_POINT('',(-3.561665,-3.320334,9.7));
#6028 = LINE('',#6029,#6030);
#6029 = CARTESIAN_POINT('',(-3.561665,-3.320334,9.7));
#6030 = VECTOR('',#6031,1.);
#6031 = DIRECTION('',(-1.,0.,0.));
#6032 = ORIENTED_EDGE('',*,*,#6033,.F.);
#6033 = EDGE_CURVE('',#6034,#6026,#6036,.T.);
#6034 = VERTEX_POINT('',#6035);
#6035 = CARTESIAN_POINT('',(-3.561665,-3.520334,9.7));
#6036 = LINE('',#6037,#6038);
#6037 = CARTESIAN_POINT('',(-3.561665,-3.520334,9.7));
#6038 = VECTOR('',#6039,1.);
#6039 = DIRECTION('',(0.,1.,-8.340892098501E-16));
#6040 = ORIENTED_EDGE('',*,*,#6041,.F.);
#6041 = EDGE_CURVE('',#5922,#6034,#6042,.T.);
#6042 = LINE('',#6043,#6044);
#6043 = CARTESIAN_POINT('',(-4.2,-3.520334,9.7));
#6044 = VECTOR('',#6045,1.);
#6045 = DIRECTION('',(1.,0.,0.));
#6046 = PLANE('',#6047);
#6047 = AXIS2_PLACEMENT_3D('',#6048,#6049,#6050);
#6048 = CARTESIAN_POINT('',(0.,-3.,9.7));
#6049 = DIRECTION('',(0.,8.340892098501E-16,1.));
#6050 = DIRECTION('',(0.,1.,-8.340892098501E-16));
#6051 = ADVANCED_FACE('',(#6052,#6060),#6071,.T.);
#6052 = FACE_BOUND('',#6053,.T.);
#6053 = EDGE_LOOP('',(#6054,#6055,#6056,#6057,#6058,#6059));
#6054 = ORIENTED_EDGE('',*,*,#5614,.F.);
#6055 = ORIENTED_EDGE('',*,*,#5591,.F.);
#6056 = ORIENTED_EDGE('',*,*,#5894,.F.);
#6057 = ORIENTED_EDGE('',*,*,#5687,.F.);
#6058 = ORIENTED_EDGE('',*,*,#5662,.F.);
#6059 = ORIENTED_EDGE('',*,*,#5638,.F.);
#6060 = FACE_BOUND('',#6061,.T.);
#6061 = EDGE_LOOP('',(#6062));
#6062 = ORIENTED_EDGE('',*,*,#6063,.F.);
#6063 = EDGE_CURVE('',#6064,#6064,#6066,.T.);
#6064 = VERTEX_POINT('',#6065);
#6065 = CARTESIAN_POINT('',(3.785252,-4.082072,9.7));
#6066 = CIRCLE('',#6067,0.394245);
#6067 = AXIS2_PLACEMENT_3D('',#6068,#6069,#6070);
#6068 = CARTESIAN_POINT('',(4.179497,-4.082072,9.7));
#6069 = DIRECTION('',(0.,8.340892098501E-16,1.));
#6070 = DIRECTION('',(-1.,0.,0.));
#6071 = PLANE('',#6072);
#6072 = AXIS2_PLACEMENT_3D('',#6073,#6074,#6075);
#6073 = CARTESIAN_POINT('',(0.,-3.,9.7));
#6074 = DIRECTION('',(0.,8.340892098501E-16,1.));
#6075 = DIRECTION('',(0.,1.,-8.340892098501E-16));
#6076 = ADVANCED_FACE('',(#6077),#6083,.T.);
#6077 = FACE_BOUND('',#6078,.T.);
#6078 = EDGE_LOOP('',(#6079,#6080,#6081,#6082));
#6079 = ORIENTED_EDGE('',*,*,#5765,.T.);
#6080 = ORIENTED_EDGE('',*,*,#5741,.T.);
#6081 = ORIENTED_EDGE('',*,*,#5710,.T.);
#6082 = ORIENTED_EDGE('',*,*,#5782,.T.);
#6083 = PLANE('',#6084);
#6084 = AXIS2_PLACEMENT_3D('',#6085,#6086,#6087);
#6085 = CARTESIAN_POINT('',(3.5,-3.,5.));
#6086 = DIRECTION('',(-1.,2.2E-16,-4.4E-16));
#6087 = DIRECTION('',(4.4E-16,-4.440892098501E-16,-1.));
#6088 = ADVANCED_FACE('',(#6089),#6095,.T.);
#6089 = FACE_BOUND('',#6090,.F.);
#6090 = EDGE_LOOP('',(#6091,#6092,#6093,#6094));
#6091 = ORIENTED_EDGE('',*,*,#5830,.T.);
#6092 = ORIENTED_EDGE('',*,*,#5854,.T.);
#6093 = ORIENTED_EDGE('',*,*,#5878,.T.);
#6094 = ORIENTED_EDGE('',*,*,#5806,.T.);
#6095 = PLANE('',#6096);
#6096 = AXIS2_PLACEMENT_3D('',#6097,#6098,#6099);
#6097 = CARTESIAN_POINT('',(-3.5,-3.,5.));
#6098 = DIRECTION('',(1.,-9.769962616701E-32,-2.2E-16));
#6099 = DIRECTION('',(2.2E-16,4.440892098501E-16,1.));
#6100 = ADVANCED_FACE('',(#6101),#6126,.F.);
#6101 = FACE_BOUND('',#6102,.F.);
#6102 = EDGE_LOOP('',(#6103,#6111,#6119,#6125));
#6103 = ORIENTED_EDGE('',*,*,#6104,.T.);
#6104 = EDGE_CURVE('',#5920,#6105,#6107,.T.);
#6105 = VERTEX_POINT('',#6106);
#6106 = CARTESIAN_POINT('',(-4.2,-4.769284,9.9));
#6107 = LINE('',#6108,#6109);
#6108 = CARTESIAN_POINT('',(-4.2,-4.769284,9.7));
#6109 = VECTOR('',#6110,1.);
#6110 = DIRECTION('',(0.,8.340892098501E-16,1.));
#6111 = ORIENTED_EDGE('',*,*,#6112,.T.);
#6112 = EDGE_CURVE('',#6105,#6113,#6115,.T.);
#6113 = VERTEX_POINT('',#6114);
#6114 = CARTESIAN_POINT('',(-4.2,-3.520334,9.9));
#6115 = LINE('',#6116,#6117);
#6116 = CARTESIAN_POINT('',(-4.2,-4.769284,9.9));
#6117 = VECTOR('',#6118,1.);
#6118 = DIRECTION('',(-7.111400934386E-16,1.,-8.340892098501E-16));
#6119 = ORIENTED_EDGE('',*,*,#6120,.F.);
#6120 = EDGE_CURVE('',#5922,#6113,#6121,.T.);
#6121 = LINE('',#6122,#6123);
#6122 = CARTESIAN_POINT('',(-4.2,-3.520334,9.7));
#6123 = VECTOR('',#6124,1.);
#6124 = DIRECTION('',(0.,8.340892098501E-16,1.));
#6125 = ORIENTED_EDGE('',*,*,#5919,.F.);
#6126 = PLANE('',#6127);
#6127 = AXIS2_PLACEMENT_3D('',#6128,#6129,#6130);
#6128 = CARTESIAN_POINT('',(-4.2,-4.769284,9.7));
#6129 = DIRECTION('',(-1.,-7.111400934386E-16,5.931542786289E-31));
#6130 = DIRECTION('',(-7.111400934386E-16,1.,-8.340892098501E-16));
#6131 = ADVANCED_FACE('',(#6132),#6150,.F.);
#6132 = FACE_BOUND('',#6133,.F.);
#6133 = EDGE_LOOP('',(#6134,#6135,#6143,#6149));
#6134 = ORIENTED_EDGE('',*,*,#6120,.T.);
#6135 = ORIENTED_EDGE('',*,*,#6136,.T.);
#6136 = EDGE_CURVE('',#6113,#6137,#6139,.T.);
#6137 = VERTEX_POINT('',#6138);
#6138 = CARTESIAN_POINT('',(-3.561665,-3.520334,9.9));
#6139 = LINE('',#6140,#6141);
#6140 = CARTESIAN_POINT('',(-4.2,-3.520334,9.9));
#6141 = VECTOR('',#6142,1.);
#6142 = DIRECTION('',(1.,0.,0.));
#6143 = ORIENTED_EDGE('',*,*,#6144,.F.);
#6144 = EDGE_CURVE('',#6034,#6137,#6145,.T.);
#6145 = LINE('',#6146,#6147);
#6146 = CARTESIAN_POINT('',(-3.561665,-3.520334,9.7));
#6147 = VECTOR('',#6148,1.);
#6148 = DIRECTION('',(0.,8.340892098501E-16,1.));
#6149 = ORIENTED_EDGE('',*,*,#6041,.F.);
#6150 = PLANE('',#6151);
#6151 = AXIS2_PLACEMENT_3D('',#6152,#6153,#6154);
#6152 = CARTESIAN_POINT('',(-4.2,-3.520334,9.7));
#6153 = DIRECTION('',(0.,1.,-8.340892098501E-16));
#6154 = DIRECTION('',(1.,0.,0.));
#6155 = ADVANCED_FACE('',(#6156),#6174,.F.);
#6156 = FACE_BOUND('',#6157,.F.);
#6157 = EDGE_LOOP('',(#6158,#6159,#6167,#6173));
#6158 = ORIENTED_EDGE('',*,*,#6144,.T.);
#6159 = ORIENTED_EDGE('',*,*,#6160,.T.);
#6160 = EDGE_CURVE('',#6137,#6161,#6163,.T.);
#6161 = VERTEX_POINT('',#6162);
#6162 = CARTESIAN_POINT('',(-3.561665,-3.320334,9.9));
#6163 = LINE('',#6164,#6165);
#6164 = CARTESIAN_POINT('',(-3.561665,-3.520334,9.9));
#6165 = VECTOR('',#6166,1.);
#6166 = DIRECTION('',(0.,1.,-8.340892098501E-16));
#6167 = ORIENTED_EDGE('',*,*,#6168,.F.);
#6168 = EDGE_CURVE('',#6026,#6161,#6169,.T.);
#6169 = LINE('',#6170,#6171);
#6170 = CARTESIAN_POINT('',(-3.561665,-3.320334,9.7));
#6171 = VECTOR('',#6172,1.);
#6172 = DIRECTION('',(0.,8.340892098501E-16,1.));
#6173 = ORIENTED_EDGE('',*,*,#6033,.F.);
#6174 = PLANE('',#6175);
#6175 = AXIS2_PLACEMENT_3D('',#6176,#6177,#6178);
#6176 = CARTESIAN_POINT('',(-3.561665,-3.520334,9.7));
#6177 = DIRECTION('',(-1.,0.,0.));
#6178 = DIRECTION('',(0.,1.,-8.340892098501E-16));
#6179 = ADVANCED_FACE('',(#6180),#6198,.F.);
#6180 = FACE_BOUND('',#6181,.F.);
#6181 = EDGE_LOOP('',(#6182,#6183,#6191,#6197));
#6182 = ORIENTED_EDGE('',*,*,#6168,.T.);
#6183 = ORIENTED_EDGE('',*,*,#6184,.T.);
#6184 = EDGE_CURVE('',#6161,#6185,#6187,.T.);
#6185 = VERTEX_POINT('',#6186);
#6186 = CARTESIAN_POINT('',(-4.2,-3.320334,9.9));
#6187 = LINE('',#6188,#6189);
#6188 = CARTESIAN_POINT('',(-3.561665,-3.320334,9.9));
#6189 = VECTOR('',#6190,1.);
#6190 = DIRECTION('',(-1.,0.,0.));
#6191 = ORIENTED_EDGE('',*,*,#6192,.F.);
#6192 = EDGE_CURVE('',#6018,#6185,#6193,.T.);
#6193 = LINE('',#6194,#6195);
#6194 = CARTESIAN_POINT('',(-4.2,-3.320334,9.7));
#6195 = VECTOR('',#6196,1.);
#6196 = DIRECTION('',(0.,8.340892098501E-16,1.));
#6197 = ORIENTED_EDGE('',*,*,#6025,.F.);
#6198 = PLANE('',#6199);
#6199 = AXIS2_PLACEMENT_3D('',#6200,#6201,#6202);
#6200 = CARTESIAN_POINT('',(-3.561665,-3.320334,9.7));
#6201 = DIRECTION('',(0.,-1.,8.340892098501E-16));
#6202 = DIRECTION('',(-1.,0.,0.));
#6203 = ADVANCED_FACE('',(#6204),#6222,.F.);
#6204 = FACE_BOUND('',#6205,.F.);
#6205 = EDGE_LOOP('',(#6206,#6207,#6215,#6221));
#6206 = ORIENTED_EDGE('',*,*,#6192,.T.);
#6207 = ORIENTED_EDGE('',*,*,#6208,.T.);
#6208 = EDGE_CURVE('',#6185,#6209,#6211,.T.);
#6209 = VERTEX_POINT('',#6210);
#6210 = CARTESIAN_POINT('',(-3.551713,-2.380855,9.9));
#6211 = LINE('',#6212,#6213);
#6212 = CARTESIAN_POINT('',(-4.2,-3.320334,9.9));
#6213 = VECTOR('',#6214,1.);
#6214 = DIRECTION('',(0.567952871773,0.823061076376,-6.865063628525E-16)
  );
#6215 = ORIENTED_EDGE('',*,*,#6216,.F.);
#6216 = EDGE_CURVE('',#6010,#6209,#6217,.T.);
#6217 = LINE('',#6218,#6219);
#6218 = CARTESIAN_POINT('',(-3.551713,-2.380855,9.7));
#6219 = VECTOR('',#6220,1.);
#6220 = DIRECTION('',(0.,8.340892098501E-16,1.));
#6221 = ORIENTED_EDGE('',*,*,#6017,.F.);
#6222 = PLANE('',#6223);
#6223 = AXIS2_PLACEMENT_3D('',#6224,#6225,#6226);
#6224 = CARTESIAN_POINT('',(-4.2,-3.320334,9.7));
#6225 = DIRECTION('',(-0.823061076376,0.567952871773,-4.737233620491E-16
    ));
#6226 = DIRECTION('',(0.567952871773,0.823061076376,-6.865063628525E-16)
  );
#6227 = ADVANCED_FACE('',(#6228),#6246,.F.);
#6228 = FACE_BOUND('',#6229,.F.);
#6229 = EDGE_LOOP('',(#6230,#6231,#6239,#6245));
#6230 = ORIENTED_EDGE('',*,*,#6216,.T.);
#6231 = ORIENTED_EDGE('',*,*,#6232,.T.);
#6232 = EDGE_CURVE('',#6209,#6233,#6235,.T.);
#6233 = VERTEX_POINT('',#6234);
#6234 = CARTESIAN_POINT('',(-4.2,-2.380855,9.9));
#6235 = LINE('',#6236,#6237);
#6236 = CARTESIAN_POINT('',(-3.551713,-2.380855,9.9));
#6237 = VECTOR('',#6238,1.);
#6238 = DIRECTION('',(-1.,0.,0.));
#6239 = ORIENTED_EDGE('',*,*,#6240,.F.);
#6240 = EDGE_CURVE('',#6002,#6233,#6241,.T.);
#6241 = LINE('',#6242,#6243);
#6242 = CARTESIAN_POINT('',(-4.2,-2.380855,9.7));
#6243 = VECTOR('',#6244,1.);
#6244 = DIRECTION('',(0.,8.340892098501E-16,1.));
#6245 = ORIENTED_EDGE('',*,*,#6009,.F.);
#6246 = PLANE('',#6247);
#6247 = AXIS2_PLACEMENT_3D('',#6248,#6249,#6250);
#6248 = CARTESIAN_POINT('',(-3.551713,-2.380855,9.7));
#6249 = DIRECTION('',(0.,-1.,8.340892098501E-16));
#6250 = DIRECTION('',(-1.,0.,0.));
#6251 = ADVANCED_FACE('',(#6252),#6270,.F.);
#6252 = FACE_BOUND('',#6253,.F.);
#6253 = EDGE_LOOP('',(#6254,#6255,#6263,#6269));
#6254 = ORIENTED_EDGE('',*,*,#6240,.T.);
#6255 = ORIENTED_EDGE('',*,*,#6256,.T.);
#6256 = EDGE_CURVE('',#6233,#6257,#6259,.T.);
#6257 = VERTEX_POINT('',#6258);
#6258 = CARTESIAN_POINT('',(-4.2,-1.46529,9.9));
#6259 = LINE('',#6260,#6261);
#6260 = CARTESIAN_POINT('',(-4.2,-2.380855,9.9));
#6261 = VECTOR('',#6262,1.);
#6262 = DIRECTION('',(9.700877815339E-16,1.,-8.340892098501E-16));
#6263 = ORIENTED_EDGE('',*,*,#6264,.F.);
#6264 = EDGE_CURVE('',#5994,#6257,#6265,.T.);
#6265 = LINE('',#6266,#6267);
#6266 = CARTESIAN_POINT('',(-4.2,-1.46529,9.7));
#6267 = VECTOR('',#6268,1.);
#6268 = DIRECTION('',(0.,8.340892098501E-16,1.));
#6269 = ORIENTED_EDGE('',*,*,#6001,.F.);
#6270 = PLANE('',#6271);
#6271 = AXIS2_PLACEMENT_3D('',#6272,#6273,#6274);
#6272 = CARTESIAN_POINT('',(-4.2,-2.380855,9.7));
#6273 = DIRECTION('',(-1.,9.700877815339E-16,-8.091397511848E-31));
#6274 = DIRECTION('',(9.700877815339E-16,1.,-8.340892098501E-16));
#6275 = ADVANCED_FACE('',(#6276),#6294,.F.);
#6276 = FACE_BOUND('',#6277,.F.);
#6277 = EDGE_LOOP('',(#6278,#6279,#6287,#6293));
#6278 = ORIENTED_EDGE('',*,*,#6264,.T.);
#6279 = ORIENTED_EDGE('',*,*,#6280,.T.);
#6280 = EDGE_CURVE('',#6257,#6281,#6283,.T.);
#6281 = VERTEX_POINT('',#6282);
#6282 = CARTESIAN_POINT('',(-4.4,-1.46529,9.9));
#6283 = LINE('',#6284,#6285);
#6284 = CARTESIAN_POINT('',(-4.2,-1.46529,9.9));
#6285 = VECTOR('',#6286,1.);
#6286 = DIRECTION('',(-1.,0.,0.));
#6287 = ORIENTED_EDGE('',*,*,#6288,.F.);
#6288 = EDGE_CURVE('',#5986,#6281,#6289,.T.);
#6289 = LINE('',#6290,#6291);
#6290 = CARTESIAN_POINT('',(-4.4,-1.46529,9.7));
#6291 = VECTOR('',#6292,1.);
#6292 = DIRECTION('',(0.,8.340892098501E-16,1.));
#6293 = ORIENTED_EDGE('',*,*,#5993,.F.);
#6294 = PLANE('',#6295);
#6295 = AXIS2_PLACEMENT_3D('',#6296,#6297,#6298);
#6296 = CARTESIAN_POINT('',(-4.2,-1.46529,9.7));
#6297 = DIRECTION('',(0.,-1.,8.340892098501E-16));
#6298 = DIRECTION('',(-1.,0.,0.));
#6299 = ADVANCED_FACE('',(#6300),#6318,.T.);
#6300 = FACE_BOUND('',#6301,.T.);
#6301 = EDGE_LOOP('',(#6302,#6310,#6316,#6317));
#6302 = ORIENTED_EDGE('',*,*,#6303,.T.);
#6303 = EDGE_CURVE('',#5978,#6304,#6306,.T.);
#6304 = VERTEX_POINT('',#6305);
#6305 = CARTESIAN_POINT('',(-4.4,-2.380855,9.9));
#6306 = LINE('',#6307,#6308);
#6307 = CARTESIAN_POINT('',(-4.4,-2.380855,9.7));
#6308 = VECTOR('',#6309,1.);
#6309 = DIRECTION('',(0.,8.340892098501E-16,1.));
#6310 = ORIENTED_EDGE('',*,*,#6311,.T.);
#6311 = EDGE_CURVE('',#6304,#6281,#6312,.T.);
#6312 = LINE('',#6313,#6314);
#6313 = CARTESIAN_POINT('',(-4.4,-2.380855,9.9));
#6314 = VECTOR('',#6315,1.);
#6315 = DIRECTION('',(0.,1.,-8.340892098501E-16));
#6316 = ORIENTED_EDGE('',*,*,#6288,.F.);
#6317 = ORIENTED_EDGE('',*,*,#5985,.F.);
#6318 = PLANE('',#6319);
#6319 = AXIS2_PLACEMENT_3D('',#6320,#6321,#6322);
#6320 = CARTESIAN_POINT('',(-4.4,-2.380855,9.7));
#6321 = DIRECTION('',(-1.,0.,0.));
#6322 = DIRECTION('',(0.,1.,-8.340892098501E-16));
#6323 = ADVANCED_FACE('',(#6324),#6342,.T.);
#6324 = FACE_BOUND('',#6325,.T.);
#6325 = EDGE_LOOP('',(#6326,#6334,#6340,#6341));
#6326 = ORIENTED_EDGE('',*,*,#6327,.T.);
#6327 = EDGE_CURVE('',#5970,#6328,#6330,.T.);
#6328 = VERTEX_POINT('',#6329);
#6329 = CARTESIAN_POINT('',(-5.048287,-2.380855,9.9));
#6330 = LINE('',#6331,#6332);
#6331 = CARTESIAN_POINT('',(-5.048287,-2.380855,9.7));
#6332 = VECTOR('',#6333,1.);
#6333 = DIRECTION('',(0.,8.340892098501E-16,1.));
#6334 = ORIENTED_EDGE('',*,*,#6335,.T.);
#6335 = EDGE_CURVE('',#6328,#6304,#6336,.T.);
#6336 = LINE('',#6337,#6338);
#6337 = CARTESIAN_POINT('',(-5.048287,-2.380855,9.9));
#6338 = VECTOR('',#6339,1.);
#6339 = DIRECTION('',(1.,0.,0.));
#6340 = ORIENTED_EDGE('',*,*,#6303,.F.);
#6341 = ORIENTED_EDGE('',*,*,#5977,.F.);
#6342 = PLANE('',#6343);
#6343 = AXIS2_PLACEMENT_3D('',#6344,#6345,#6346);
#6344 = CARTESIAN_POINT('',(-5.048287,-2.380855,9.7));
#6345 = DIRECTION('',(0.,1.,-8.340892098501E-16));
#6346 = DIRECTION('',(1.,0.,0.));
#6347 = ADVANCED_FACE('',(#6348),#6366,.T.);
#6348 = FACE_BOUND('',#6349,.T.);
#6349 = EDGE_LOOP('',(#6350,#6358,#6364,#6365));
#6350 = ORIENTED_EDGE('',*,*,#6351,.T.);
#6351 = EDGE_CURVE('',#5962,#6352,#6354,.T.);
#6352 = VERTEX_POINT('',#6353);
#6353 = CARTESIAN_POINT('',(-4.4,-3.320334,9.9));
#6354 = LINE('',#6355,#6356);
#6355 = CARTESIAN_POINT('',(-4.4,-3.320334,9.7));
#6356 = VECTOR('',#6357,1.);
#6357 = DIRECTION('',(0.,8.340892098501E-16,1.));
#6358 = ORIENTED_EDGE('',*,*,#6359,.T.);
#6359 = EDGE_CURVE('',#6352,#6328,#6360,.T.);
#6360 = LINE('',#6361,#6362);
#6361 = CARTESIAN_POINT('',(-4.4,-3.320334,9.9));
#6362 = VECTOR('',#6363,1.);
#6363 = DIRECTION('',(-0.567952871773,0.823061076376,-6.865063628525E-16
    ));
#6364 = ORIENTED_EDGE('',*,*,#6327,.F.);
#6365 = ORIENTED_EDGE('',*,*,#5969,.F.);
#6366 = PLANE('',#6367);
#6367 = AXIS2_PLACEMENT_3D('',#6368,#6369,#6370);
#6368 = CARTESIAN_POINT('',(-4.4,-3.320334,9.7));
#6369 = DIRECTION('',(-0.823061076376,-0.567952871773,4.737233620491E-16
    ));
#6370 = DIRECTION('',(-0.567952871773,0.823061076376,-6.865063628525E-16
    ));
#6371 = ADVANCED_FACE('',(#6372),#6390,.T.);
#6372 = FACE_BOUND('',#6373,.T.);
#6373 = EDGE_LOOP('',(#6374,#6382,#6388,#6389));
#6374 = ORIENTED_EDGE('',*,*,#6375,.T.);
#6375 = EDGE_CURVE('',#5954,#6376,#6378,.T.);
#6376 = VERTEX_POINT('',#6377);
#6377 = CARTESIAN_POINT('',(-5.038335,-3.320334,9.9));
#6378 = LINE('',#6379,#6380);
#6379 = CARTESIAN_POINT('',(-5.038335,-3.320334,9.7));
#6380 = VECTOR('',#6381,1.);
#6381 = DIRECTION('',(0.,8.340892098501E-16,1.));
#6382 = ORIENTED_EDGE('',*,*,#6383,.T.);
#6383 = EDGE_CURVE('',#6376,#6352,#6384,.T.);
#6384 = LINE('',#6385,#6386);
#6385 = CARTESIAN_POINT('',(-5.038335,-3.320334,9.9));
#6386 = VECTOR('',#6387,1.);
#6387 = DIRECTION('',(1.,0.,0.));
#6388 = ORIENTED_EDGE('',*,*,#6351,.F.);
#6389 = ORIENTED_EDGE('',*,*,#5961,.F.);
#6390 = PLANE('',#6391);
#6391 = AXIS2_PLACEMENT_3D('',#6392,#6393,#6394);
#6392 = CARTESIAN_POINT('',(-5.038335,-3.320334,9.7));
#6393 = DIRECTION('',(0.,1.,-8.340892098501E-16));
#6394 = DIRECTION('',(1.,0.,0.));
#6395 = ADVANCED_FACE('',(#6396),#6414,.T.);
#6396 = FACE_BOUND('',#6397,.T.);
#6397 = EDGE_LOOP('',(#6398,#6406,#6412,#6413));
#6398 = ORIENTED_EDGE('',*,*,#6399,.T.);
#6399 = EDGE_CURVE('',#5946,#6400,#6402,.T.);
#6400 = VERTEX_POINT('',#6401);
#6401 = CARTESIAN_POINT('',(-5.038335,-3.520334,9.9));
#6402 = LINE('',#6403,#6404);
#6403 = CARTESIAN_POINT('',(-5.038335,-3.520334,9.7));
#6404 = VECTOR('',#6405,1.);
#6405 = DIRECTION('',(0.,8.340892098501E-16,1.));
#6406 = ORIENTED_EDGE('',*,*,#6407,.T.);
#6407 = EDGE_CURVE('',#6400,#6376,#6408,.T.);
#6408 = LINE('',#6409,#6410);
#6409 = CARTESIAN_POINT('',(-5.038335,-3.520334,9.9));
#6410 = VECTOR('',#6411,1.);
#6411 = DIRECTION('',(0.,1.,-8.340892098501E-16));
#6412 = ORIENTED_EDGE('',*,*,#6375,.F.);
#6413 = ORIENTED_EDGE('',*,*,#5953,.F.);
#6414 = PLANE('',#6415);
#6415 = AXIS2_PLACEMENT_3D('',#6416,#6417,#6418);
#6416 = CARTESIAN_POINT('',(-5.038335,-3.520334,9.7));
#6417 = DIRECTION('',(-1.,0.,0.));
#6418 = DIRECTION('',(0.,1.,-8.340892098501E-16));
#6419 = ADVANCED_FACE('',(#6420),#6438,.T.);
#6420 = FACE_BOUND('',#6421,.T.);
#6421 = EDGE_LOOP('',(#6422,#6430,#6436,#6437));
#6422 = ORIENTED_EDGE('',*,*,#6423,.T.);
#6423 = EDGE_CURVE('',#5938,#6424,#6426,.T.);
#6424 = VERTEX_POINT('',#6425);
#6425 = CARTESIAN_POINT('',(-4.4,-3.520334,9.9));
#6426 = LINE('',#6427,#6428);
#6427 = CARTESIAN_POINT('',(-4.4,-3.520334,9.7));
#6428 = VECTOR('',#6429,1.);
#6429 = DIRECTION('',(0.,8.340892098501E-16,1.));
#6430 = ORIENTED_EDGE('',*,*,#6431,.T.);
#6431 = EDGE_CURVE('',#6424,#6400,#6432,.T.);
#6432 = LINE('',#6433,#6434);
#6433 = CARTESIAN_POINT('',(-4.4,-3.520334,9.9));
#6434 = VECTOR('',#6435,1.);
#6435 = DIRECTION('',(-1.,0.,0.));
#6436 = ORIENTED_EDGE('',*,*,#6399,.F.);
#6437 = ORIENTED_EDGE('',*,*,#5945,.F.);
#6438 = PLANE('',#6439);
#6439 = AXIS2_PLACEMENT_3D('',#6440,#6441,#6442);
#6440 = CARTESIAN_POINT('',(-4.4,-3.520334,9.7));
#6441 = DIRECTION('',(0.,-1.,8.340892098501E-16));
#6442 = DIRECTION('',(-1.,0.,0.));
#6443 = ADVANCED_FACE('',(#6444),#6462,.T.);
#6444 = FACE_BOUND('',#6445,.T.);
#6445 = EDGE_LOOP('',(#6446,#6454,#6460,#6461));
#6446 = ORIENTED_EDGE('',*,*,#6447,.T.);
#6447 = EDGE_CURVE('',#5930,#6448,#6450,.T.);
#6448 = VERTEX_POINT('',#6449);
#6449 = CARTESIAN_POINT('',(-4.4,-4.769284,9.9));
#6450 = LINE('',#6451,#6452);
#6451 = CARTESIAN_POINT('',(-4.4,-4.769284,9.7));
#6452 = VECTOR('',#6453,1.);
#6453 = DIRECTION('',(0.,8.340892098501E-16,1.));
#6454 = ORIENTED_EDGE('',*,*,#6455,.T.);
#6455 = EDGE_CURVE('',#6448,#6424,#6456,.T.);
#6456 = LINE('',#6457,#6458);
#6457 = CARTESIAN_POINT('',(-4.4,-4.769284,9.9));
#6458 = VECTOR('',#6459,1.);
#6459 = DIRECTION('',(0.,1.,-8.340892098501E-16));
#6460 = ORIENTED_EDGE('',*,*,#6423,.F.);
#6461 = ORIENTED_EDGE('',*,*,#5937,.F.);
#6462 = PLANE('',#6463);
#6463 = AXIS2_PLACEMENT_3D('',#6464,#6465,#6466);
#6464 = CARTESIAN_POINT('',(-4.4,-4.769284,9.7));
#6465 = DIRECTION('',(-1.,0.,0.));
#6466 = DIRECTION('',(0.,1.,-8.340892098501E-16));
#6467 = ADVANCED_FACE('',(#6468),#6479,.T.);
#6468 = FACE_BOUND('',#6469,.T.);
#6469 = EDGE_LOOP('',(#6470,#6471,#6477,#6478));
#6470 = ORIENTED_EDGE('',*,*,#6104,.T.);
#6471 = ORIENTED_EDGE('',*,*,#6472,.T.);
#6472 = EDGE_CURVE('',#6105,#6448,#6473,.T.);
#6473 = LINE('',#6474,#6475);
#6474 = CARTESIAN_POINT('',(-4.2,-4.769284,9.9));
#6475 = VECTOR('',#6476,1.);
#6476 = DIRECTION('',(-1.,0.,0.));
#6477 = ORIENTED_EDGE('',*,*,#6447,.F.);
#6478 = ORIENTED_EDGE('',*,*,#5929,.F.);
#6479 = PLANE('',#6480);
#6480 = AXIS2_PLACEMENT_3D('',#6481,#6482,#6483);
#6481 = CARTESIAN_POINT('',(-4.2,-4.769284,9.7));
#6482 = DIRECTION('',(0.,-1.,8.340892098501E-16));
#6483 = DIRECTION('',(-1.,0.,0.));
#6484 = ADVANCED_FACE('',(#6485),#6504,.T.);
#6485 = FACE_BOUND('',#6486,.T.);
#6486 = EDGE_LOOP('',(#6487,#6488,#6496,#6503));
#6487 = ORIENTED_EDGE('',*,*,#6063,.T.);
#6488 = ORIENTED_EDGE('',*,*,#6489,.T.);
#6489 = EDGE_CURVE('',#6064,#6490,#6492,.T.);
#6490 = VERTEX_POINT('',#6491);
#6491 = CARTESIAN_POINT('',(3.785252,-4.082072,9.9));
#6492 = LINE('',#6493,#6494);
#6493 = CARTESIAN_POINT('',(3.785252,-4.082072,9.7));
#6494 = VECTOR('',#6495,1.);
#6495 = DIRECTION('',(0.,8.340892098501E-16,1.));
#6496 = ORIENTED_EDGE('',*,*,#6497,.F.);
#6497 = EDGE_CURVE('',#6490,#6490,#6498,.T.);
#6498 = CIRCLE('',#6499,0.394245);
#6499 = AXIS2_PLACEMENT_3D('',#6500,#6501,#6502);
#6500 = CARTESIAN_POINT('',(4.179497,-4.082072,9.9));
#6501 = DIRECTION('',(0.,8.340892098501E-16,1.));
#6502 = DIRECTION('',(-1.,0.,0.));
#6503 = ORIENTED_EDGE('',*,*,#6489,.F.);
#6504 = CYLINDRICAL_SURFACE('',#6505,0.394245);
#6505 = AXIS2_PLACEMENT_3D('',#6506,#6507,#6508);
#6506 = CARTESIAN_POINT('',(4.179497,-4.082072,9.7));
#6507 = DIRECTION('',(0.,-8.340892098501E-16,-1.));
#6508 = DIRECTION('',(-1.,-0.,0.));
#6509 = ADVANCED_FACE('',(#6510),#6528,.T.);
#6510 = FACE_BOUND('',#6511,.F.);
#6511 = EDGE_LOOP('',(#6512,#6513,#6514,#6515,#6516,#6517,#6518,#6519,
    #6520,#6521,#6522,#6523,#6524,#6525,#6526,#6527));
#6512 = ORIENTED_EDGE('',*,*,#6472,.T.);
#6513 = ORIENTED_EDGE('',*,*,#6455,.T.);
#6514 = ORIENTED_EDGE('',*,*,#6431,.T.);
#6515 = ORIENTED_EDGE('',*,*,#6407,.T.);
#6516 = ORIENTED_EDGE('',*,*,#6383,.T.);
#6517 = ORIENTED_EDGE('',*,*,#6359,.T.);
#6518 = ORIENTED_EDGE('',*,*,#6335,.T.);
#6519 = ORIENTED_EDGE('',*,*,#6311,.T.);
#6520 = ORIENTED_EDGE('',*,*,#6280,.F.);
#6521 = ORIENTED_EDGE('',*,*,#6256,.F.);
#6522 = ORIENTED_EDGE('',*,*,#6232,.F.);
#6523 = ORIENTED_EDGE('',*,*,#6208,.F.);
#6524 = ORIENTED_EDGE('',*,*,#6184,.F.);
#6525 = ORIENTED_EDGE('',*,*,#6160,.F.);
#6526 = ORIENTED_EDGE('',*,*,#6136,.F.);
#6527 = ORIENTED_EDGE('',*,*,#6112,.F.);
#6528 = PLANE('',#6529);
#6529 = AXIS2_PLACEMENT_3D('',#6530,#6531,#6532);
#6530 = CARTESIAN_POINT('',(-2.994949413504,-3.244077784704,9.9));
#6531 = DIRECTION('',(1.266333240191E-17,7.158468405313E-16,1.));
#6532 = DIRECTION('',(0.,1.,-7.158468405313E-16));
#6533 = ADVANCED_FACE('',(#6534),#6537,.T.);
#6534 = FACE_BOUND('',#6535,.T.);
#6535 = EDGE_LOOP('',(#6536));
#6536 = ORIENTED_EDGE('',*,*,#6497,.T.);
#6537 = PLANE('',#6538);
#6538 = AXIS2_PLACEMENT_3D('',#6539,#6540,#6541);
#6539 = CARTESIAN_POINT('',(-2.994949413504,-3.244077784704,9.9));
#6540 = DIRECTION('',(1.266333240191E-17,7.158468405313E-16,1.));
#6541 = DIRECTION('',(0.,1.,-7.158468405313E-16));
#6542 = ( GEOMETRIC_REPRESENTATION_CONTEXT(3) 
GLOBAL_UNCERTAINTY_ASSIGNED_CONTEXT((#6546)) 
GLOBAL_UNIT_ASSIGNED_CONTEXT((#6543,#6544,#6545)) REPRESENTATION_CONTEXT
('Context #1','3D Context with UNIT and UNCERTAINTY') );
#6543 = ( LENGTH_UNIT() NAMED_UNIT(*) SI_UNIT(.MILLI.,.METRE.) );
#6544 = ( NAMED_UNIT(*) PLANE_ANGLE_UNIT() SI_UNIT($,.RADIAN.) );
#6545 = ( NAMED_UNIT(*) SI_UNIT($,.STERADIAN.) SOLID_ANGLE_UNIT() );
#6546 = UNCERTAINTY_MEASURE_WITH_UNIT(LENGTH_MEASURE(1.E-07),#6543,
  'distance_accuracy_value','confusion accuracy');
#6547 = CONTEXT_DEPENDENT_SHAPE_REPRESENTATION(#6548,#6550);
#6548 = ( REPRESENTATION_RELATIONSHIP('','',#4190,#4167) 
REPRESENTATION_RELATIONSHIP_WITH_TRANSFORMATION(#6549) 
SHAPE_REPRESENTATION_RELATIONSHIP() );
#6549 = ITEM_DEFINED_TRANSFORMATION('','',#11,#4168);
#6550 = PRODUCT_DEFINITION_SHAPE('Placement','Placement of an item',
  #6551);
#6551 = NEXT_ASSEMBLY_USAGE_OCCURRENCE('8','=>[0:1:1:9]','',#4162,#4185,
  $);
#6552 = PRODUCT_RELATED_PRODUCT_CATEGORY('part',$,(#4187));
#6553 = CONTEXT_DEPENDENT_SHAPE_REPRESENTATION(#6554,#6556);
#6554 = ( REPRESENTATION_RELATIONSHIP('','',#3335,#10) 
REPRESENTATION_RELATIONSHIP_WITH_TRANSFORMATION(#6555) 
SHAPE_REPRESENTATION_RELATIONSHIP() );
#6555 = ITEM_DEFINED_TRANSFORMATION('','',#11,#35);
#6556 = PRODUCT_DEFINITION_SHAPE('Placement','Placement of an item',
  #6557);
#6557 = NEXT_ASSEMBLY_USAGE_OCCURRENCE('10','R1','',#5,#3330,$);
#6558 = CONTEXT_DEPENDENT_SHAPE_REPRESENTATION(#6559,#6561);
#6559 = ( REPRESENTATION_RELATIONSHIP('','',#3335,#10) 
REPRESENTATION_RELATIONSHIP_WITH_TRANSFORMATION(#6560) 
SHAPE_REPRESENTATION_RELATIONSHIP() );
#6560 = ITEM_DEFINED_TRANSFORMATION('','',#11,#39);
#6561 = PRODUCT_DEFINITION_SHAPE('Placement','Placement of an item',
  #6562);
#6562 = NEXT_ASSEMBLY_USAGE_OCCURRENCE('11','R7','',#5,#3330,$);
#6563 = SHAPE_DEFINITION_REPRESENTATION(#6564,#6570);
#6564 = PRODUCT_DEFINITION_SHAPE('','',#6565);
#6565 = PRODUCT_DEFINITION('design','',#6566,#6569);
#6566 = PRODUCT_DEFINITION_FORMATION('','',#6567);
#6567 = PRODUCT('SOIC-8_3.9x4.9mm_P1.27mm','SOIC-8_3.9x4.9mm_P1.27mm',''
  ,(#6568));
#6568 = PRODUCT_CONTEXT('',#2,'mechanical');
#6569 = PRODUCT_DEFINITION_CONTEXT('part definition',#2,'design');
#6570 = SHAPE_REPRESENTATION('',(#11,#6571),#6575);
#6571 = AXIS2_PLACEMENT_3D('',#6572,#6573,#6574);
#6572 = CARTESIAN_POINT('',(0.,0.,0.));
#6573 = DIRECTION('',(0.,0.,1.));
#6574 = DIRECTION('',(1.,0.,-0.));
#6575 = ( GEOMETRIC_REPRESENTATION_CONTEXT(3) 
GLOBAL_UNCERTAINTY_ASSIGNED_CONTEXT((#6579)) 
GLOBAL_UNIT_ASSIGNED_CONTEXT((#6576,#6577,#6578)) REPRESENTATION_CONTEXT
('Context #1','3D Context with UNIT and UNCERTAINTY') );
#6576 = ( LENGTH_UNIT() NAMED_UNIT(*) SI_UNIT(.MILLI.,.METRE.) );
#6577 = ( NAMED_UNIT(*) PLANE_ANGLE_UNIT() SI_UNIT($,.RADIAN.) );
#6578 = ( NAMED_UNIT(*) SI_UNIT($,.STERADIAN.) SOLID_ANGLE_UNIT() );
#6579 = UNCERTAINTY_MEASURE_WITH_UNIT(LENGTH_MEASURE(2.E-06),#6576,
  'distance_accuracy_value','confusion accuracy');
#6580 = CONTEXT_DEPENDENT_SHAPE_REPRESENTATION(#6581,#6583);
#6581 = ( REPRESENTATION_RELATIONSHIP('','',#6570,#10) 
REPRESENTATION_RELATIONSHIP_WITH_TRANSFORMATION(#6582) 
SHAPE_REPRESENTATION_RELATIONSHIP() );
#6582 = ITEM_DEFINED_TRANSFORMATION('','',#11,#43);
#6583 = PRODUCT_DEFINITION_SHAPE('Placement','Placement of an item',
  #6584);
#6584 = NEXT_ASSEMBLY_USAGE_OCCURRENCE('13','U1','',#5,#6565,$);
#6585 = PRODUCT_RELATED_PRODUCT_CATEGORY('part',$,(#6567));
#6586 = SHAPE_DEFINITION_REPRESENTATION(#6587,#6593);
#6587 = PRODUCT_DEFINITION_SHAPE('','',#6588);
#6588 = PRODUCT_DEFINITION('design','',#6589,#6592);
#6589 = PRODUCT_DEFINITION_FORMATION('','',#6590);
#6590 = PRODUCT('SOIC_8_39x49mm_P127mm','SOIC_8_39x49mm_P127mm','',(
    #6591));
#6591 = PRODUCT_CONTEXT('',#2,'mechanical');
#6592 = PRODUCT_DEFINITION_CONTEXT('part definition',#2,'design');
#6593 = ADVANCED_BREP_SHAPE_REPRESENTATION('',(#11,#6594),#11201);
#6594 = MANIFOLD_SOLID_BREP('',#6595);
#6595 = CLOSED_SHELL('',(#6596,#6638,#6669,#6700,#6784,#6868,#6961,#6978
    ,#7001,#7039,#7056,#7073,#7090,#7107,#7124,#7136,#7160,#7223,#7246,
    #7269,#7299,#7330,#7361,#7392,#7423,#7454,#7477,#7500,#7586,#7603,
    #7695,#7718,#7741,#7764,#7851,#7868,#7891,#7983,#8004,#8096,#8113,
    #8205,#8227,#8252,#8336,#8428,#8445,#8467,#8490,#8513,#8536,#8603,
    #8626,#8645,#8664,#8683,#8700,#8717,#8734,#8751,#8768,#8785,#8802,
    #8814,#8837,#8860,#8884,#8914,#8945,#8976,#9007,#9038,#9069,#9100,
    #9131,#9148,#9164,#9181,#9198,#9215,#9232,#9249,#9266,#9283,#9295,
    #9312,#9329,#9346,#9363,#9380,#9397,#9414,#9426,#9449,#9465,#9488,
    #9575,#9598,#9615,#9640,#9656,#9672,#9689,#9781,#9873,#9894,#9919,
    #10003,#10095,#10112,#10134,#10226,#10318,#10340,#10365,#10449,
    #10541,#10558,#10580,#10592,#10611,#10630,#10649,#10668,#10677,
    #10694,#10711,#10728,#10745,#10762,#10779,#10796,#10808,#10825,
    #10842,#10859,#10876,#10893,#10910,#10927,#10939,#10956,#10973,
    #10990,#11007,#11024,#11041,#11058,#11070,#11087,#11104,#11121,
    #11138,#11155,#11172,#11189));
#6596 = ADVANCED_FACE('',(#6597),#6633,.F.);
#6597 = FACE_BOUND('',#6598,.F.);
#6598 = EDGE_LOOP('',(#6599,#6609,#6618,#6626));
#6599 = ORIENTED_EDGE('',*,*,#6600,.T.);
#6600 = EDGE_CURVE('',#6601,#6603,#6605,.T.);
#6601 = VERTEX_POINT('',#6602);
#6602 = CARTESIAN_POINT('',(2.25,2.11,0.825));
#6603 = VERTEX_POINT('',#6604);
#6604 = CARTESIAN_POINT('',(2.25,1.7,0.825));
#6605 = LINE('',#6606,#6607);
#6606 = CARTESIAN_POINT('',(2.25,2.11,0.825));
#6607 = VECTOR('',#6608,1.);
#6608 = DIRECTION('',(2.22044604925E-16,-1.,0.));
#6609 = ORIENTED_EDGE('',*,*,#6610,.T.);
#6610 = EDGE_CURVE('',#6603,#6611,#6613,.T.);
#6611 = VERTEX_POINT('',#6612);
#6612 = CARTESIAN_POINT('',(2.35,1.7,0.725));
#6613 = CIRCLE('',#6614,0.1);
#6614 = AXIS2_PLACEMENT_3D('',#6615,#6616,#6617);
#6615 = CARTESIAN_POINT('',(2.25,1.7,0.725));
#6616 = DIRECTION('',(-2.22044604925E-16,1.,0.));
#6617 = DIRECTION('',(4.440892098501E-15,9.860761315262E-31,1.));
#6618 = ORIENTED_EDGE('',*,*,#6619,.F.);
#6619 = EDGE_CURVE('',#6620,#6611,#6622,.T.);
#6620 = VERTEX_POINT('',#6621);
#6621 = CARTESIAN_POINT('',(2.35,2.11,0.725));
#6622 = LINE('',#6623,#6624);
#6623 = CARTESIAN_POINT('',(2.35,2.11,0.725));
#6624 = VECTOR('',#6625,1.);
#6625 = DIRECTION('',(2.22044604925E-16,-1.,0.));
#6626 = ORIENTED_EDGE('',*,*,#6627,.F.);
#6627 = EDGE_CURVE('',#6601,#6620,#6628,.T.);
#6628 = CIRCLE('',#6629,0.1);
#6629 = AXIS2_PLACEMENT_3D('',#6630,#6631,#6632);
#6630 = CARTESIAN_POINT('',(2.25,2.11,0.725));
#6631 = DIRECTION('',(-2.22044604925E-16,1.,0.));
#6632 = DIRECTION('',(4.440892098501E-15,9.860761315262E-31,1.));
#6633 = CYLINDRICAL_SURFACE('',#6634,0.1);
#6634 = AXIS2_PLACEMENT_3D('',#6635,#6636,#6637);
#6635 = CARTESIAN_POINT('',(2.25,2.11,0.725));
#6636 = DIRECTION('',(-2.22044604925E-16,1.,0.));
#6637 = DIRECTION('',(4.440892098501E-15,9.860761315262E-31,1.));
#6638 = ADVANCED_FACE('',(#6639),#6664,.F.);
#6639 = FACE_BOUND('',#6640,.F.);
#6640 = EDGE_LOOP('',(#6641,#6649,#6657,#6663));
#6641 = ORIENTED_EDGE('',*,*,#6642,.F.);
#6642 = EDGE_CURVE('',#6643,#6601,#6645,.T.);
#6643 = VERTEX_POINT('',#6644);
#6644 = CARTESIAN_POINT('',(1.95,2.11,0.825));
#6645 = LINE('',#6646,#6647);
#6646 = CARTESIAN_POINT('',(1.8,2.11,0.825));
#6647 = VECTOR('',#6648,1.);
#6648 = DIRECTION('',(1.,2.22044604925E-16,0.));
#6649 = ORIENTED_EDGE('',*,*,#6650,.T.);
#6650 = EDGE_CURVE('',#6643,#6651,#6653,.T.);
#6651 = VERTEX_POINT('',#6652);
#6652 = CARTESIAN_POINT('',(1.95,1.7,0.825));
#6653 = LINE('',#6654,#6655);
#6654 = CARTESIAN_POINT('',(1.95,2.275,0.825));
#6655 = VECTOR('',#6656,1.);
#6656 = DIRECTION('',(2.22044604925E-16,-1.,0.));
#6657 = ORIENTED_EDGE('',*,*,#6658,.T.);
#6658 = EDGE_CURVE('',#6651,#6603,#6659,.T.);
#6659 = LINE('',#6660,#6661);
#6660 = CARTESIAN_POINT('',(1.8,1.7,0.825));
#6661 = VECTOR('',#6662,1.);
#6662 = DIRECTION('',(1.,2.22044604925E-16,0.));
#6663 = ORIENTED_EDGE('',*,*,#6600,.F.);
#6664 = PLANE('',#6665);
#6665 = AXIS2_PLACEMENT_3D('',#6666,#6667,#6668);
#6666 = CARTESIAN_POINT('',(1.8,2.11,0.825));
#6667 = DIRECTION('',(0.,0.,1.));
#6668 = DIRECTION('',(1.,2.22044604925E-16,-0.));
#6669 = ADVANCED_FACE('',(#6670),#6695,.F.);
#6670 = FACE_BOUND('',#6671,.F.);
#6671 = EDGE_LOOP('',(#6672,#6673,#6681,#6689));
#6672 = ORIENTED_EDGE('',*,*,#6619,.T.);
#6673 = ORIENTED_EDGE('',*,*,#6674,.T.);
#6674 = EDGE_CURVE('',#6611,#6675,#6677,.T.);
#6675 = VERTEX_POINT('',#6676);
#6676 = CARTESIAN_POINT('',(2.35,1.7,0.3));
#6677 = LINE('',#6678,#6679);
#6678 = CARTESIAN_POINT('',(2.35,1.7,0.725));
#6679 = VECTOR('',#6680,1.);
#6680 = DIRECTION('',(1.044915787883E-15,2.320179133003E-31,-1.));
#6681 = ORIENTED_EDGE('',*,*,#6682,.F.);
#6682 = EDGE_CURVE('',#6683,#6675,#6685,.T.);
#6683 = VERTEX_POINT('',#6684);
#6684 = CARTESIAN_POINT('',(2.35,2.11,0.3));
#6685 = LINE('',#6686,#6687);
#6686 = CARTESIAN_POINT('',(2.35,2.11,0.3));
#6687 = VECTOR('',#6688,1.);
#6688 = DIRECTION('',(2.22044604925E-16,-1.,0.));
#6689 = ORIENTED_EDGE('',*,*,#6690,.F.);
#6690 = EDGE_CURVE('',#6620,#6683,#6691,.T.);
#6691 = LINE('',#6692,#6693);
#6692 = CARTESIAN_POINT('',(2.35,2.11,0.725));
#6693 = VECTOR('',#6694,1.);
#6694 = DIRECTION('',(1.044915787883E-15,2.320179133003E-31,-1.));
#6695 = PLANE('',#6696);
#6696 = AXIS2_PLACEMENT_3D('',#6697,#6698,#6699);
#6697 = CARTESIAN_POINT('',(2.35,2.11,0.725));
#6698 = DIRECTION('',(1.,2.22044604925E-16,1.044915787883E-15));
#6699 = DIRECTION('',(1.044915787883E-15,2.320179133003E-31,-1.));
#6700 = ADVANCED_FACE('',(#6701),#6779,.F.);
#6701 = FACE_BOUND('',#6702,.F.);
#6702 = EDGE_LOOP('',(#6703,#6711,#6712,#6713,#6714,#6723,#6731,#6739,
    #6747,#6756,#6764,#6773));
#6703 = ORIENTED_EDGE('',*,*,#6704,.F.);
#6704 = EDGE_CURVE('',#6643,#6705,#6707,.T.);
#6705 = VERTEX_POINT('',#6706);
#6706 = CARTESIAN_POINT('',(1.95,2.11,1.025));
#6707 = LINE('',#6708,#6709);
#6708 = CARTESIAN_POINT('',(1.95,2.11,0.778829828783));
#6709 = VECTOR('',#6710,1.);
#6710 = DIRECTION('',(0.,0.,1.));
#6711 = ORIENTED_EDGE('',*,*,#6642,.T.);
#6712 = ORIENTED_EDGE('',*,*,#6627,.T.);
#6713 = ORIENTED_EDGE('',*,*,#6690,.T.);
#6714 = ORIENTED_EDGE('',*,*,#6715,.T.);
#6715 = EDGE_CURVE('',#6683,#6716,#6718,.T.);
#6716 = VERTEX_POINT('',#6717);
#6717 = CARTESIAN_POINT('',(2.65,2.11,5.551115123126E-17));
#6718 = CIRCLE('',#6719,0.3);
#6719 = AXIS2_PLACEMENT_3D('',#6720,#6721,#6722);
#6720 = CARTESIAN_POINT('',(2.65,2.11,0.3));
#6721 = DIRECTION('',(2.22044604925E-16,-1.,0.));
#6722 = DIRECTION('',(-1.,-2.22044604925E-16,3.515706244646E-15));
#6723 = ORIENTED_EDGE('',*,*,#6724,.T.);
#6724 = EDGE_CURVE('',#6716,#6725,#6727,.T.);
#6725 = VERTEX_POINT('',#6726);
#6726 = CARTESIAN_POINT('',(3.,2.11,5.551115123126E-17));
#6727 = LINE('',#6728,#6729);
#6728 = CARTESIAN_POINT('',(2.65,2.11,5.551115123126E-17));
#6729 = VECTOR('',#6730,1.);
#6730 = DIRECTION('',(1.,2.22044604925E-16,0.));
#6731 = ORIENTED_EDGE('',*,*,#6732,.T.);
#6732 = EDGE_CURVE('',#6725,#6733,#6735,.T.);
#6733 = VERTEX_POINT('',#6734);
#6734 = CARTESIAN_POINT('',(3.,2.11,0.2));
#6735 = LINE('',#6736,#6737);
#6736 = CARTESIAN_POINT('',(3.,2.11,5.551115123126E-17));
#6737 = VECTOR('',#6738,1.);
#6738 = DIRECTION('',(0.,0.,1.));
#6739 = ORIENTED_EDGE('',*,*,#6740,.T.);
#6740 = EDGE_CURVE('',#6733,#6741,#6743,.T.);
#6741 = VERTEX_POINT('',#6742);
#6742 = CARTESIAN_POINT('',(2.65,2.11,0.2));
#6743 = LINE('',#6744,#6745);
#6744 = CARTESIAN_POINT('',(3.,2.11,0.2));
#6745 = VECTOR('',#6746,1.);
#6746 = DIRECTION('',(-1.,-2.22044604925E-16,0.));
#6747 = ORIENTED_EDGE('',*,*,#6748,.T.);
#6748 = EDGE_CURVE('',#6741,#6749,#6751,.T.);
#6749 = VERTEX_POINT('',#6750);
#6750 = CARTESIAN_POINT('',(2.55,2.11,0.3));
#6751 = CIRCLE('',#6752,0.1);
#6752 = AXIS2_PLACEMENT_3D('',#6753,#6754,#6755);
#6753 = CARTESIAN_POINT('',(2.65,2.11,0.3));
#6754 = DIRECTION('',(-2.22044604925E-16,1.,0.));
#6755 = DIRECTION('',(0.,0.,-1.));
#6756 = ORIENTED_EDGE('',*,*,#6757,.T.);
#6757 = EDGE_CURVE('',#6749,#6758,#6760,.T.);
#6758 = VERTEX_POINT('',#6759);
#6759 = CARTESIAN_POINT('',(2.55,2.11,0.725));
#6760 = LINE('',#6761,#6762);
#6761 = CARTESIAN_POINT('',(2.55,2.11,0.3));
#6762 = VECTOR('',#6763,1.);
#6763 = DIRECTION('',(0.,0.,1.));
#6764 = ORIENTED_EDGE('',*,*,#6765,.T.);
#6765 = EDGE_CURVE('',#6758,#6766,#6768,.T.);
#6766 = VERTEX_POINT('',#6767);
#6767 = CARTESIAN_POINT('',(2.25,2.11,1.025));
#6768 = CIRCLE('',#6769,0.3);
#6769 = AXIS2_PLACEMENT_3D('',#6770,#6771,#6772);
#6770 = CARTESIAN_POINT('',(2.25,2.11,0.725));
#6771 = DIRECTION('',(2.22044604925E-16,-1.,0.));
#6772 = DIRECTION('',(1.,2.22044604925E-16,3.700743415417E-16));
#6773 = ORIENTED_EDGE('',*,*,#6774,.T.);
#6774 = EDGE_CURVE('',#6766,#6705,#6775,.T.);
#6775 = LINE('',#6776,#6777);
#6776 = CARTESIAN_POINT('',(2.25,2.11,1.025));
#6777 = VECTOR('',#6778,1.);
#6778 = DIRECTION('',(-1.,-2.22044604925E-16,0.));
#6779 = PLANE('',#6780);
#6780 = AXIS2_PLACEMENT_3D('',#6781,#6782,#6783);
#6781 = CARTESIAN_POINT('',(2.41578967201,2.11,0.532659657565));
#6782 = DIRECTION('',(2.22044604925E-16,-1.,0.));
#6783 = DIRECTION('',(0.,0.,1.));
#6784 = ADVANCED_FACE('',(#6785),#6863,.T.);
#6785 = FACE_BOUND('',#6786,.T.);
#6786 = EDGE_LOOP('',(#6787,#6795,#6796,#6797,#6798,#6807,#6815,#6823,
    #6831,#6840,#6848,#6857));
#6787 = ORIENTED_EDGE('',*,*,#6788,.F.);
#6788 = EDGE_CURVE('',#6651,#6789,#6791,.T.);
#6789 = VERTEX_POINT('',#6790);
#6790 = CARTESIAN_POINT('',(1.95,1.7,1.025));
#6791 = LINE('',#6792,#6793);
#6792 = CARTESIAN_POINT('',(1.95,1.7,0.778829828783));
#6793 = VECTOR('',#6794,1.);
#6794 = DIRECTION('',(0.,0.,1.));
#6795 = ORIENTED_EDGE('',*,*,#6658,.T.);
#6796 = ORIENTED_EDGE('',*,*,#6610,.T.);
#6797 = ORIENTED_EDGE('',*,*,#6674,.T.);
#6798 = ORIENTED_EDGE('',*,*,#6799,.T.);
#6799 = EDGE_CURVE('',#6675,#6800,#6802,.T.);
#6800 = VERTEX_POINT('',#6801);
#6801 = CARTESIAN_POINT('',(2.65,1.7,5.551115123126E-17));
#6802 = CIRCLE('',#6803,0.3);
#6803 = AXIS2_PLACEMENT_3D('',#6804,#6805,#6806);
#6804 = CARTESIAN_POINT('',(2.65,1.7,0.3));
#6805 = DIRECTION('',(2.22044604925E-16,-1.,0.));
#6806 = DIRECTION('',(-1.,-2.22044604925E-16,3.515706244646E-15));
#6807 = ORIENTED_EDGE('',*,*,#6808,.T.);
#6808 = EDGE_CURVE('',#6800,#6809,#6811,.T.);
#6809 = VERTEX_POINT('',#6810);
#6810 = CARTESIAN_POINT('',(3.,1.7,5.551115123126E-17));
#6811 = LINE('',#6812,#6813);
#6812 = CARTESIAN_POINT('',(2.65,1.7,5.551115123126E-17));
#6813 = VECTOR('',#6814,1.);
#6814 = DIRECTION('',(1.,2.22044604925E-16,0.));
#6815 = ORIENTED_EDGE('',*,*,#6816,.T.);
#6816 = EDGE_CURVE('',#6809,#6817,#6819,.T.);
#6817 = VERTEX_POINT('',#6818);
#6818 = CARTESIAN_POINT('',(3.,1.7,0.2));
#6819 = LINE('',#6820,#6821);
#6820 = CARTESIAN_POINT('',(3.,1.7,5.551115123126E-17));
#6821 = VECTOR('',#6822,1.);
#6822 = DIRECTION('',(0.,0.,1.));
#6823 = ORIENTED_EDGE('',*,*,#6824,.T.);
#6824 = EDGE_CURVE('',#6817,#6825,#6827,.T.);
#6825 = VERTEX_POINT('',#6826);
#6826 = CARTESIAN_POINT('',(2.65,1.7,0.2));
#6827 = LINE('',#6828,#6829);
#6828 = CARTESIAN_POINT('',(3.,1.7,0.2));
#6829 = VECTOR('',#6830,1.);
#6830 = DIRECTION('',(-1.,-2.22044604925E-16,0.));
#6831 = ORIENTED_EDGE('',*,*,#6832,.T.);
#6832 = EDGE_CURVE('',#6825,#6833,#6835,.T.);
#6833 = VERTEX_POINT('',#6834);
#6834 = CARTESIAN_POINT('',(2.55,1.7,0.3));
#6835 = CIRCLE('',#6836,0.1);
#6836 = AXIS2_PLACEMENT_3D('',#6837,#6838,#6839);
#6837 = CARTESIAN_POINT('',(2.65,1.7,0.3));
#6838 = DIRECTION('',(-2.22044604925E-16,1.,0.));
#6839 = DIRECTION('',(0.,0.,-1.));
#6840 = ORIENTED_EDGE('',*,*,#6841,.T.);
#6841 = EDGE_CURVE('',#6833,#6842,#6844,.T.);
#6842 = VERTEX_POINT('',#6843);
#6843 = CARTESIAN_POINT('',(2.55,1.7,0.725));
#6844 = LINE('',#6845,#6846);
#6845 = CARTESIAN_POINT('',(2.55,1.7,0.3));
#6846 = VECTOR('',#6847,1.);
#6847 = DIRECTION('',(0.,0.,1.));
#6848 = ORIENTED_EDGE('',*,*,#6849,.T.);
#6849 = EDGE_CURVE('',#6842,#6850,#6852,.T.);
#6850 = VERTEX_POINT('',#6851);
#6851 = CARTESIAN_POINT('',(2.25,1.7,1.025));
#6852 = CIRCLE('',#6853,0.3);
#6853 = AXIS2_PLACEMENT_3D('',#6854,#6855,#6856);
#6854 = CARTESIAN_POINT('',(2.25,1.7,0.725));
#6855 = DIRECTION('',(2.22044604925E-16,-1.,0.));
#6856 = DIRECTION('',(1.,2.22044604925E-16,3.700743415417E-16));
#6857 = ORIENTED_EDGE('',*,*,#6858,.T.);
#6858 = EDGE_CURVE('',#6850,#6789,#6859,.T.);
#6859 = LINE('',#6860,#6861);
#6860 = CARTESIAN_POINT('',(2.25,1.7,1.025));
#6861 = VECTOR('',#6862,1.);
#6862 = DIRECTION('',(-1.,-2.22044604925E-16,0.));
#6863 = PLANE('',#6864);
#6864 = AXIS2_PLACEMENT_3D('',#6865,#6866,#6867);
#6865 = CARTESIAN_POINT('',(2.41578967201,1.7,0.532659657565));
#6866 = DIRECTION('',(2.22044604925E-16,-1.,0.));
#6867 = DIRECTION('',(0.,0.,1.));
#6868 = ADVANCED_FACE('',(#6869),#6956,.F.);
#6869 = FACE_BOUND('',#6870,.F.);
#6870 = EDGE_LOOP('',(#6871,#6881,#6888,#6896,#6904,#6912,#6920,#6928,
    #6936,#6942,#6943,#6951));
#6871 = ORIENTED_EDGE('',*,*,#6872,.T.);
#6872 = EDGE_CURVE('',#6873,#6875,#6877,.T.);
#6873 = VERTEX_POINT('',#6874);
#6874 = CARTESIAN_POINT('',(1.835171280765,2.217585640382,0.1));
#6875 = VERTEX_POINT('',#6876);
#6876 = CARTESIAN_POINT('',(1.835171280765,-2.217585640382,0.1));
#6877 = LINE('',#6878,#6879);
#6878 = CARTESIAN_POINT('',(1.835171280765,2.217585640382,0.1));
#6879 = VECTOR('',#6880,1.);
#6880 = DIRECTION('',(2.22044604925E-16,-1.,0.));
#6881 = ORIENTED_EDGE('',*,*,#6882,.T.);
#6882 = EDGE_CURVE('',#6875,#6883,#6885,.T.);
#6883 = VERTEX_POINT('',#6884);
#6884 = CARTESIAN_POINT('',(1.95,-2.275,0.825));
#6885 = B_SPLINE_CURVE_WITH_KNOTS('',1,(#6886,#6887),.UNSPECIFIED.,.F.,
  .F.,(2,2),(0.,1.),.PIECEWISE_BEZIER_KNOTS.);
#6886 = CARTESIAN_POINT('',(1.835171280765,-2.217585640382,0.1));
#6887 = CARTESIAN_POINT('',(1.95,-2.275,0.825));
#6888 = ORIENTED_EDGE('',*,*,#6889,.F.);
#6889 = EDGE_CURVE('',#6890,#6883,#6892,.T.);
#6890 = VERTEX_POINT('',#6891);
#6891 = CARTESIAN_POINT('',(1.95,-2.11,0.825));
#6892 = LINE('',#6893,#6894);
#6893 = CARTESIAN_POINT('',(1.95,2.275,0.825));
#6894 = VECTOR('',#6895,1.);
#6895 = DIRECTION('',(2.22044604925E-16,-1.,0.));
#6896 = ORIENTED_EDGE('',*,*,#6897,.F.);
#6897 = EDGE_CURVE('',#6898,#6890,#6900,.T.);
#6898 = VERTEX_POINT('',#6899);
#6899 = CARTESIAN_POINT('',(1.95,-1.7,0.825));
#6900 = LINE('',#6901,#6902);
#6901 = CARTESIAN_POINT('',(1.95,2.275,0.825));
#6902 = VECTOR('',#6903,1.);
#6903 = DIRECTION('',(2.22044604925E-16,-1.,0.));
#6904 = ORIENTED_EDGE('',*,*,#6905,.F.);
#6905 = EDGE_CURVE('',#6906,#6898,#6908,.T.);
#6906 = VERTEX_POINT('',#6907);
#6907 = CARTESIAN_POINT('',(1.95,-0.84,0.825));
#6908 = LINE('',#6909,#6910);
#6909 = CARTESIAN_POINT('',(1.95,2.275,0.825));
#6910 = VECTOR('',#6911,1.);
#6911 = DIRECTION('',(2.22044604925E-16,-1.,0.));
#6912 = ORIENTED_EDGE('',*,*,#6913,.F.);
#6913 = EDGE_CURVE('',#6914,#6906,#6916,.T.);
#6914 = VERTEX_POINT('',#6915);
#6915 = CARTESIAN_POINT('',(1.95,-0.43,0.825));
#6916 = LINE('',#6917,#6918);
#6917 = CARTESIAN_POINT('',(1.95,2.275,0.825));
#6918 = VECTOR('',#6919,1.);
#6919 = DIRECTION('',(2.22044604925E-16,-1.,0.));
#6920 = ORIENTED_EDGE('',*,*,#6921,.F.);
#6921 = EDGE_CURVE('',#6922,#6914,#6924,.T.);
#6922 = VERTEX_POINT('',#6923);
#6923 = CARTESIAN_POINT('',(1.95,0.43,0.825));
#6924 = LINE('',#6925,#6926);
#6925 = CARTESIAN_POINT('',(1.95,2.275,0.825));
#6926 = VECTOR('',#6927,1.);
#6927 = DIRECTION('',(2.22044604925E-16,-1.,0.));
#6928 = ORIENTED_EDGE('',*,*,#6929,.F.);
#6929 = EDGE_CURVE('',#6930,#6922,#6932,.T.);
#6930 = VERTEX_POINT('',#6931);
#6931 = CARTESIAN_POINT('',(1.95,0.84,0.825));
#6932 = LINE('',#6933,#6934);
#6933 = CARTESIAN_POINT('',(1.95,2.275,0.825));
#6934 = VECTOR('',#6935,1.);
#6935 = DIRECTION('',(2.22044604925E-16,-1.,0.));
#6936 = ORIENTED_EDGE('',*,*,#6937,.F.);
#6937 = EDGE_CURVE('',#6651,#6930,#6938,.T.);
#6938 = LINE('',#6939,#6940);
#6939 = CARTESIAN_POINT('',(1.95,2.275,0.825));
#6940 = VECTOR('',#6941,1.);
#6941 = DIRECTION('',(2.22044604925E-16,-1.,0.));
#6942 = ORIENTED_EDGE('',*,*,#6650,.F.);
#6943 = ORIENTED_EDGE('',*,*,#6944,.F.);
#6944 = EDGE_CURVE('',#6945,#6643,#6947,.T.);
#6945 = VERTEX_POINT('',#6946);
#6946 = CARTESIAN_POINT('',(1.95,2.275,0.825));
#6947 = LINE('',#6948,#6949);
#6948 = CARTESIAN_POINT('',(1.95,2.275,0.825));
#6949 = VECTOR('',#6950,1.);
#6950 = DIRECTION('',(2.22044604925E-16,-1.,0.));
#6951 = ORIENTED_EDGE('',*,*,#6952,.F.);
#6952 = EDGE_CURVE('',#6873,#6945,#6953,.T.);
#6953 = B_SPLINE_CURVE_WITH_KNOTS('',1,(#6954,#6955),.UNSPECIFIED.,.F.,
  .F.,(2,2),(0.,1.),.PIECEWISE_BEZIER_KNOTS.);
#6954 = CARTESIAN_POINT('',(1.835171280765,2.217585640382,0.1));
#6955 = CARTESIAN_POINT('',(1.95,2.275,0.825));
#6956 = B_SPLINE_SURFACE_WITH_KNOTS('',1,1,(
    (#6957,#6958)
    ,(#6959,#6960
    )),.UNSPECIFIED.,.F.,.F.,.F.,(2,2),(2,2),(0.,4.55),(0.,1.),
  .PIECEWISE_BEZIER_KNOTS.);
#6957 = CARTESIAN_POINT('',(1.835171280765,2.217585640382,0.1));
#6958 = CARTESIAN_POINT('',(1.95,2.275,0.825));
#6959 = CARTESIAN_POINT('',(1.835171280765,-2.217585640382,0.1));
#6960 = CARTESIAN_POINT('',(1.95,-2.275,0.825));
#6961 = ADVANCED_FACE('',(#6962),#6973,.T.);
#6962 = FACE_BOUND('',#6963,.T.);
#6963 = EDGE_LOOP('',(#6964,#6965,#6971,#6972));
#6964 = ORIENTED_EDGE('',*,*,#6715,.T.);
#6965 = ORIENTED_EDGE('',*,*,#6966,.T.);
#6966 = EDGE_CURVE('',#6716,#6800,#6967,.T.);
#6967 = LINE('',#6968,#6969);
#6968 = CARTESIAN_POINT('',(2.65,2.11,5.551115123126E-17));
#6969 = VECTOR('',#6970,1.);
#6970 = DIRECTION('',(2.22044604925E-16,-1.,0.));
#6971 = ORIENTED_EDGE('',*,*,#6799,.F.);
#6972 = ORIENTED_EDGE('',*,*,#6682,.F.);
#6973 = CYLINDRICAL_SURFACE('',#6974,0.3);
#6974 = AXIS2_PLACEMENT_3D('',#6975,#6976,#6977);
#6975 = CARTESIAN_POINT('',(2.65,2.11,0.3));
#6976 = DIRECTION('',(-2.22044604925E-16,1.,-0.));
#6977 = DIRECTION('',(-1.,-2.22044604925E-16,3.515706244646E-15));
#6978 = ADVANCED_FACE('',(#6979),#6996,.F.);
#6979 = FACE_BOUND('',#6980,.F.);
#6980 = EDGE_LOOP('',(#6981,#6988,#6989,#6990));
#6981 = ORIENTED_EDGE('',*,*,#6982,.F.);
#6982 = EDGE_CURVE('',#6945,#6983,#6985,.T.);
#6983 = VERTEX_POINT('',#6984);
#6984 = CARTESIAN_POINT('',(1.95,2.275,1.025));
#6985 = B_SPLINE_CURVE_WITH_KNOTS('',1,(#6986,#6987),.UNSPECIFIED.,.F.,
  .F.,(2,2),(0.,1.),.PIECEWISE_BEZIER_KNOTS.);
#6986 = CARTESIAN_POINT('',(1.95,2.275,0.825));
#6987 = CARTESIAN_POINT('',(1.95,2.275,1.025));
#6988 = ORIENTED_EDGE('',*,*,#6944,.T.);
#6989 = ORIENTED_EDGE('',*,*,#6704,.T.);
#6990 = ORIENTED_EDGE('',*,*,#6991,.F.);
#6991 = EDGE_CURVE('',#6983,#6705,#6992,.T.);
#6992 = LINE('',#6993,#6994);
#6993 = CARTESIAN_POINT('',(1.95,2.275,1.025));
#6994 = VECTOR('',#6995,1.);
#6995 = DIRECTION('',(2.22044604925E-16,-1.,0.));
#6996 = PLANE('',#6997);
#6997 = AXIS2_PLACEMENT_3D('',#6998,#6999,#7000);
#6998 = CARTESIAN_POINT('',(1.95,2.275,1.025));
#6999 = DIRECTION('',(-1.,-2.22044604925E-16,0.));
#7000 = DIRECTION('',(2.22044604925E-16,-1.,0.));
#7001 = ADVANCED_FACE('',(#7002),#7034,.F.);
#7002 = FACE_BOUND('',#7003,.F.);
#7003 = EDGE_LOOP('',(#7004,#7005,#7011,#7012,#7020,#7028));
#7004 = ORIENTED_EDGE('',*,*,#6774,.F.);
#7005 = ORIENTED_EDGE('',*,*,#7006,.T.);
#7006 = EDGE_CURVE('',#6766,#6850,#7007,.T.);
#7007 = LINE('',#7008,#7009);
#7008 = CARTESIAN_POINT('',(2.25,2.11,1.025));
#7009 = VECTOR('',#7010,1.);
#7010 = DIRECTION('',(2.22044604925E-16,-1.,0.));
#7011 = ORIENTED_EDGE('',*,*,#6858,.T.);
#7012 = ORIENTED_EDGE('',*,*,#7013,.T.);
#7013 = EDGE_CURVE('',#6789,#7014,#7016,.T.);
#7014 = VERTEX_POINT('',#7015);
#7015 = CARTESIAN_POINT('',(1.875,1.7,1.025));
#7016 = LINE('',#7017,#7018);
#7017 = CARTESIAN_POINT('',(2.25,1.7,1.025));
#7018 = VECTOR('',#7019,1.);
#7019 = DIRECTION('',(-1.,-2.22044604925E-16,0.));
#7020 = ORIENTED_EDGE('',*,*,#7021,.F.);
#7021 = EDGE_CURVE('',#7022,#7014,#7024,.T.);
#7022 = VERTEX_POINT('',#7023);
#7023 = CARTESIAN_POINT('',(1.875,2.11,1.025));
#7024 = LINE('',#7025,#7026);
#7025 = CARTESIAN_POINT('',(1.875,2.2375,1.025));
#7026 = VECTOR('',#7027,1.);
#7027 = DIRECTION('',(2.22044604925E-16,-1.,0.));
#7028 = ORIENTED_EDGE('',*,*,#7029,.F.);
#7029 = EDGE_CURVE('',#6705,#7022,#7030,.T.);
#7030 = LINE('',#7031,#7032);
#7031 = CARTESIAN_POINT('',(2.25,2.11,1.025));
#7032 = VECTOR('',#7033,1.);
#7033 = DIRECTION('',(-1.,-2.22044604925E-16,0.));
#7034 = PLANE('',#7035);
#7035 = AXIS2_PLACEMENT_3D('',#7036,#7037,#7038);
#7036 = CARTESIAN_POINT('',(2.25,2.11,1.025));
#7037 = DIRECTION('',(0.,0.,-1.));
#7038 = DIRECTION('',(-1.,-2.22044604925E-16,-0.));
#7039 = ADVANCED_FACE('',(#7040),#7051,.T.);
#7040 = FACE_BOUND('',#7041,.T.);
#7041 = EDGE_LOOP('',(#7042,#7043,#7044,#7045));
#7042 = ORIENTED_EDGE('',*,*,#6765,.T.);
#7043 = ORIENTED_EDGE('',*,*,#7006,.T.);
#7044 = ORIENTED_EDGE('',*,*,#6849,.F.);
#7045 = ORIENTED_EDGE('',*,*,#7046,.F.);
#7046 = EDGE_CURVE('',#6758,#6842,#7047,.T.);
#7047 = LINE('',#7048,#7049);
#7048 = CARTESIAN_POINT('',(2.55,2.11,0.725));
#7049 = VECTOR('',#7050,1.);
#7050 = DIRECTION('',(2.22044604925E-16,-1.,0.));
#7051 = CYLINDRICAL_SURFACE('',#7052,0.3);
#7052 = AXIS2_PLACEMENT_3D('',#7053,#7054,#7055);
#7053 = CARTESIAN_POINT('',(2.25,2.11,0.725));
#7054 = DIRECTION('',(-2.22044604925E-16,1.,-0.));
#7055 = DIRECTION('',(1.,2.22044604925E-16,3.700743415417E-16));
#7056 = ADVANCED_FACE('',(#7057),#7068,.F.);
#7057 = FACE_BOUND('',#7058,.F.);
#7058 = EDGE_LOOP('',(#7059,#7065,#7066,#7067));
#7059 = ORIENTED_EDGE('',*,*,#7060,.T.);
#7060 = EDGE_CURVE('',#6749,#6833,#7061,.T.);
#7061 = LINE('',#7062,#7063);
#7062 = CARTESIAN_POINT('',(2.55,2.11,0.3));
#7063 = VECTOR('',#7064,1.);
#7064 = DIRECTION('',(2.22044604925E-16,-1.,0.));
#7065 = ORIENTED_EDGE('',*,*,#6841,.T.);
#7066 = ORIENTED_EDGE('',*,*,#7046,.F.);
#7067 = ORIENTED_EDGE('',*,*,#6757,.F.);
#7068 = PLANE('',#7069);
#7069 = AXIS2_PLACEMENT_3D('',#7070,#7071,#7072);
#7070 = CARTESIAN_POINT('',(2.55,2.11,0.3));
#7071 = DIRECTION('',(-1.,-2.22044604925E-16,0.));
#7072 = DIRECTION('',(0.,0.,1.));
#7073 = ADVANCED_FACE('',(#7074),#7085,.F.);
#7074 = FACE_BOUND('',#7075,.F.);
#7075 = EDGE_LOOP('',(#7076,#7082,#7083,#7084));
#7076 = ORIENTED_EDGE('',*,*,#7077,.T.);
#7077 = EDGE_CURVE('',#6741,#6825,#7078,.T.);
#7078 = LINE('',#7079,#7080);
#7079 = CARTESIAN_POINT('',(2.65,2.11,0.2));
#7080 = VECTOR('',#7081,1.);
#7081 = DIRECTION('',(2.22044604925E-16,-1.,0.));
#7082 = ORIENTED_EDGE('',*,*,#6832,.T.);
#7083 = ORIENTED_EDGE('',*,*,#7060,.F.);
#7084 = ORIENTED_EDGE('',*,*,#6748,.F.);
#7085 = CYLINDRICAL_SURFACE('',#7086,0.1);
#7086 = AXIS2_PLACEMENT_3D('',#7087,#7088,#7089);
#7087 = CARTESIAN_POINT('',(2.65,2.11,0.3));
#7088 = DIRECTION('',(-2.22044604925E-16,1.,0.));
#7089 = DIRECTION('',(0.,0.,-1.));
#7090 = ADVANCED_FACE('',(#7091),#7102,.F.);
#7091 = FACE_BOUND('',#7092,.F.);
#7092 = EDGE_LOOP('',(#7093,#7099,#7100,#7101));
#7093 = ORIENTED_EDGE('',*,*,#7094,.T.);
#7094 = EDGE_CURVE('',#6733,#6817,#7095,.T.);
#7095 = LINE('',#7096,#7097);
#7096 = CARTESIAN_POINT('',(3.,2.11,0.2));
#7097 = VECTOR('',#7098,1.);
#7098 = DIRECTION('',(2.22044604925E-16,-1.,0.));
#7099 = ORIENTED_EDGE('',*,*,#6824,.T.);
#7100 = ORIENTED_EDGE('',*,*,#7077,.F.);
#7101 = ORIENTED_EDGE('',*,*,#6740,.F.);
#7102 = PLANE('',#7103);
#7103 = AXIS2_PLACEMENT_3D('',#7104,#7105,#7106);
#7104 = CARTESIAN_POINT('',(3.,2.11,0.2));
#7105 = DIRECTION('',(0.,0.,-1.));
#7106 = DIRECTION('',(-1.,-2.22044604925E-16,-0.));
#7107 = ADVANCED_FACE('',(#7108),#7119,.F.);
#7108 = FACE_BOUND('',#7109,.F.);
#7109 = EDGE_LOOP('',(#7110,#7116,#7117,#7118));
#7110 = ORIENTED_EDGE('',*,*,#7111,.T.);
#7111 = EDGE_CURVE('',#6725,#6809,#7112,.T.);
#7112 = LINE('',#7113,#7114);
#7113 = CARTESIAN_POINT('',(3.,2.11,5.551115123126E-17));
#7114 = VECTOR('',#7115,1.);
#7115 = DIRECTION('',(2.22044604925E-16,-1.,0.));
#7116 = ORIENTED_EDGE('',*,*,#6816,.T.);
#7117 = ORIENTED_EDGE('',*,*,#7094,.F.);
#7118 = ORIENTED_EDGE('',*,*,#6732,.F.);
#7119 = PLANE('',#7120);
#7120 = AXIS2_PLACEMENT_3D('',#7121,#7122,#7123);
#7121 = CARTESIAN_POINT('',(3.,2.11,5.551115123126E-17));
#7122 = DIRECTION('',(-1.,-2.22044604925E-16,0.));
#7123 = DIRECTION('',(0.,0.,1.));
#7124 = ADVANCED_FACE('',(#7125),#7131,.F.);
#7125 = FACE_BOUND('',#7126,.F.);
#7126 = EDGE_LOOP('',(#7127,#7128,#7129,#7130));
#7127 = ORIENTED_EDGE('',*,*,#6966,.T.);
#7128 = ORIENTED_EDGE('',*,*,#6808,.T.);
#7129 = ORIENTED_EDGE('',*,*,#7111,.F.);
#7130 = ORIENTED_EDGE('',*,*,#6724,.F.);
#7131 = PLANE('',#7132);
#7132 = AXIS2_PLACEMENT_3D('',#7133,#7134,#7135);
#7133 = CARTESIAN_POINT('',(2.65,2.11,5.551115123126E-17));
#7134 = DIRECTION('',(0.,0.,1.));
#7135 = DIRECTION('',(1.,2.22044604925E-16,-0.));
#7136 = ADVANCED_FACE('',(#7137),#7155,.F.);
#7137 = FACE_BOUND('',#7138,.F.);
#7138 = EDGE_LOOP('',(#7139,#7140,#7141,#7149));
#7139 = ORIENTED_EDGE('',*,*,#6788,.F.);
#7140 = ORIENTED_EDGE('',*,*,#6937,.T.);
#7141 = ORIENTED_EDGE('',*,*,#7142,.T.);
#7142 = EDGE_CURVE('',#6930,#7143,#7145,.T.);
#7143 = VERTEX_POINT('',#7144);
#7144 = CARTESIAN_POINT('',(1.95,0.84,1.025));
#7145 = LINE('',#7146,#7147);
#7146 = CARTESIAN_POINT('',(1.95,0.84,0.778829828783));
#7147 = VECTOR('',#7148,1.);
#7148 = DIRECTION('',(0.,0.,1.));
#7149 = ORIENTED_EDGE('',*,*,#7150,.F.);
#7150 = EDGE_CURVE('',#6789,#7143,#7151,.T.);
#7151 = LINE('',#7152,#7153);
#7152 = CARTESIAN_POINT('',(1.95,2.275,1.025));
#7153 = VECTOR('',#7154,1.);
#7154 = DIRECTION('',(2.22044604925E-16,-1.,0.));
#7155 = PLANE('',#7156);
#7156 = AXIS2_PLACEMENT_3D('',#7157,#7158,#7159);
#7157 = CARTESIAN_POINT('',(1.95,2.275,1.025));
#7158 = DIRECTION('',(-1.,-2.22044604925E-16,0.));
#7159 = DIRECTION('',(2.22044604925E-16,-1.,0.));
#7160 = ADVANCED_FACE('',(#7161),#7218,.F.);
#7161 = FACE_BOUND('',#7162,.T.);
#7162 = EDGE_LOOP('',(#7163,#7173,#7179,#7180,#7188,#7196,#7204,#7212));
#7163 = ORIENTED_EDGE('',*,*,#7164,.T.);
#7164 = EDGE_CURVE('',#7165,#7167,#7169,.T.);
#7165 = VERTEX_POINT('',#7166);
#7166 = CARTESIAN_POINT('',(-1.717585640382,2.335171280765,0.1));
#7167 = VERTEX_POINT('',#7168);
#7168 = CARTESIAN_POINT('',(1.717585640382,2.335171280765,0.1));
#7169 = LINE('',#7170,#7171);
#7170 = CARTESIAN_POINT('',(-1.717585640382,2.335171280765,0.1));
#7171 = VECTOR('',#7172,1.);
#7172 = DIRECTION('',(1.,2.22044604925E-16,0.));
#7173 = ORIENTED_EDGE('',*,*,#7174,.T.);
#7174 = EDGE_CURVE('',#7167,#6873,#7175,.T.);
#7175 = LINE('',#7176,#7177);
#7176 = CARTESIAN_POINT('',(1.717585640382,2.335171280765,0.1));
#7177 = VECTOR('',#7178,1.);
#7178 = DIRECTION('',(0.707106781187,-0.707106781187,0.));
#7179 = ORIENTED_EDGE('',*,*,#6872,.T.);
#7180 = ORIENTED_EDGE('',*,*,#7181,.T.);
#7181 = EDGE_CURVE('',#6875,#7182,#7184,.T.);
#7182 = VERTEX_POINT('',#7183);
#7183 = CARTESIAN_POINT('',(1.717585640382,-2.335171280765,0.1));
#7184 = LINE('',#7185,#7186);
#7185 = CARTESIAN_POINT('',(1.835171280765,-2.217585640382,0.1));
#7186 = VECTOR('',#7187,1.);
#7187 = DIRECTION('',(-0.707106781187,-0.707106781187,0.));
#7188 = ORIENTED_EDGE('',*,*,#7189,.T.);
#7189 = EDGE_CURVE('',#7182,#7190,#7192,.T.);
#7190 = VERTEX_POINT('',#7191);
#7191 = CARTESIAN_POINT('',(-1.717585640382,-2.335171280765,0.1));
#7192 = LINE('',#7193,#7194);
#7193 = CARTESIAN_POINT('',(1.717585640382,-2.335171280765,0.1));
#7194 = VECTOR('',#7195,1.);
#7195 = DIRECTION('',(-1.,-2.22044604925E-16,0.));
#7196 = ORIENTED_EDGE('',*,*,#7197,.T.);
#7197 = EDGE_CURVE('',#7190,#7198,#7200,.T.);
#7198 = VERTEX_POINT('',#7199);
#7199 = CARTESIAN_POINT('',(-1.835171280765,-2.217585640382,0.1));
#7200 = LINE('',#7201,#7202);
#7201 = CARTESIAN_POINT('',(-1.717585640382,-2.335171280765,0.1));
#7202 = VECTOR('',#7203,1.);
#7203 = DIRECTION('',(-0.707106781187,0.707106781187,0.));
#7204 = ORIENTED_EDGE('',*,*,#7205,.T.);
#7205 = EDGE_CURVE('',#7198,#7206,#7208,.T.);
#7206 = VERTEX_POINT('',#7207);
#7207 = CARTESIAN_POINT('',(-1.835171280765,2.217585640382,0.1));
#7208 = LINE('',#7209,#7210);
#7209 = CARTESIAN_POINT('',(-1.835171280765,-2.217585640382,0.1));
#7210 = VECTOR('',#7211,1.);
#7211 = DIRECTION('',(-2.22044604925E-16,1.,0.));
#7212 = ORIENTED_EDGE('',*,*,#7213,.T.);
#7213 = EDGE_CURVE('',#7206,#7165,#7214,.T.);
#7214 = LINE('',#7215,#7216);
#7215 = CARTESIAN_POINT('',(-1.835171280765,2.217585640382,0.1));
#7216 = VECTOR('',#7217,1.);
#7217 = DIRECTION('',(0.707106781187,0.707106781187,0.));
#7218 = PLANE('',#7219);
#7219 = AXIS2_PLACEMENT_3D('',#7220,#7221,#7222);
#7220 = CARTESIAN_POINT('',(-1.717585640382,2.335171280765,0.1));
#7221 = DIRECTION('',(0.,0.,1.));
#7222 = DIRECTION('',(0.592513131498,-0.805560791625,0.));
#7223 = ADVANCED_FACE('',(#7224),#7241,.F.);
#7224 = FACE_BOUND('',#7225,.F.);
#7225 = EDGE_LOOP('',(#7226,#7227,#7228,#7236));
#7226 = ORIENTED_EDGE('',*,*,#7174,.T.);
#7227 = ORIENTED_EDGE('',*,*,#6952,.T.);
#7228 = ORIENTED_EDGE('',*,*,#7229,.F.);
#7229 = EDGE_CURVE('',#7230,#6945,#7232,.T.);
#7230 = VERTEX_POINT('',#7231);
#7231 = CARTESIAN_POINT('',(1.775,2.45,0.825));
#7232 = LINE('',#7233,#7234);
#7233 = CARTESIAN_POINT('',(1.775,2.45,0.825));
#7234 = VECTOR('',#7235,1.);
#7235 = DIRECTION('',(0.707106781187,-0.707106781187,0.));
#7236 = ORIENTED_EDGE('',*,*,#7237,.F.);
#7237 = EDGE_CURVE('',#7167,#7230,#7238,.T.);
#7238 = B_SPLINE_CURVE_WITH_KNOTS('',1,(#7239,#7240),.UNSPECIFIED.,.F.,
  .F.,(2,2),(0.,1.),.PIECEWISE_BEZIER_KNOTS.);
#7239 = CARTESIAN_POINT('',(1.717585640382,2.335171280765,0.1));
#7240 = CARTESIAN_POINT('',(1.775,2.45,0.825));
#7241 = B_SPLINE_SURFACE_WITH_KNOTS('',1,1,(
    (#7242,#7243)
    ,(#7244,#7245
    )),.UNSPECIFIED.,.F.,.F.,.F.,(2,2),(2,2),(0.,0.247487373415),(0.,1.)
  ,.PIECEWISE_BEZIER_KNOTS.);
#7242 = CARTESIAN_POINT('',(1.717585640382,2.335171280765,0.1));
#7243 = CARTESIAN_POINT('',(1.775,2.45,0.825));
#7244 = CARTESIAN_POINT('',(1.835171280765,2.217585640382,0.1));
#7245 = CARTESIAN_POINT('',(1.95,2.275,0.825));
#7246 = ADVANCED_FACE('',(#7247),#7264,.F.);
#7247 = FACE_BOUND('',#7248,.F.);
#7248 = EDGE_LOOP('',(#7249,#7250,#7257,#7263));
#7249 = ORIENTED_EDGE('',*,*,#7181,.T.);
#7250 = ORIENTED_EDGE('',*,*,#7251,.T.);
#7251 = EDGE_CURVE('',#7182,#7252,#7254,.T.);
#7252 = VERTEX_POINT('',#7253);
#7253 = CARTESIAN_POINT('',(1.775,-2.45,0.825));
#7254 = B_SPLINE_CURVE_WITH_KNOTS('',1,(#7255,#7256),.UNSPECIFIED.,.F.,
  .F.,(2,2),(0.,1.),.PIECEWISE_BEZIER_KNOTS.);
#7255 = CARTESIAN_POINT('',(1.717585640382,-2.335171280765,0.1));
#7256 = CARTESIAN_POINT('',(1.775,-2.45,0.825));
#7257 = ORIENTED_EDGE('',*,*,#7258,.F.);
#7258 = EDGE_CURVE('',#6883,#7252,#7259,.T.);
#7259 = LINE('',#7260,#7261);
#7260 = CARTESIAN_POINT('',(1.95,-2.275,0.825));
#7261 = VECTOR('',#7262,1.);
#7262 = DIRECTION('',(-0.707106781187,-0.707106781187,0.));
#7263 = ORIENTED_EDGE('',*,*,#6882,.F.);
#7264 = B_SPLINE_SURFACE_WITH_KNOTS('',1,1,(
    (#7265,#7266)
    ,(#7267,#7268
    )),.UNSPECIFIED.,.F.,.F.,.F.,(2,2),(2,2),(0.,0.247487373415),(0.,1.)
  ,.PIECEWISE_BEZIER_KNOTS.);
#7265 = CARTESIAN_POINT('',(1.835171280765,-2.217585640382,0.1));
#7266 = CARTESIAN_POINT('',(1.95,-2.275,0.825));
#7267 = CARTESIAN_POINT('',(1.717585640382,-2.335171280765,0.1));
#7268 = CARTESIAN_POINT('',(1.775,-2.45,0.825));
#7269 = ADVANCED_FACE('',(#7270),#7294,.F.);
#7270 = FACE_BOUND('',#7271,.F.);
#7271 = EDGE_LOOP('',(#7272,#7280,#7281,#7288));
#7272 = ORIENTED_EDGE('',*,*,#7273,.F.);
#7273 = EDGE_CURVE('',#6890,#7274,#7276,.T.);
#7274 = VERTEX_POINT('',#7275);
#7275 = CARTESIAN_POINT('',(1.95,-2.11,1.025));
#7276 = LINE('',#7277,#7278);
#7277 = CARTESIAN_POINT('',(1.95,-2.11,0.778829828783));
#7278 = VECTOR('',#7279,1.);
#7279 = DIRECTION('',(0.,0.,1.));
#7280 = ORIENTED_EDGE('',*,*,#6889,.T.);
#7281 = ORIENTED_EDGE('',*,*,#7282,.T.);
#7282 = EDGE_CURVE('',#6883,#7283,#7285,.T.);
#7283 = VERTEX_POINT('',#7284);
#7284 = CARTESIAN_POINT('',(1.95,-2.275,1.025));
#7285 = B_SPLINE_CURVE_WITH_KNOTS('',1,(#7286,#7287),.UNSPECIFIED.,.F.,
  .F.,(2,2),(0.,1.),.PIECEWISE_BEZIER_KNOTS.);
#7286 = CARTESIAN_POINT('',(1.95,-2.275,0.825));
#7287 = CARTESIAN_POINT('',(1.95,-2.275,1.025));
#7288 = ORIENTED_EDGE('',*,*,#7289,.F.);
#7289 = EDGE_CURVE('',#7274,#7283,#7290,.T.);
#7290 = LINE('',#7291,#7292);
#7291 = CARTESIAN_POINT('',(1.95,2.275,1.025));
#7292 = VECTOR('',#7293,1.);
#7293 = DIRECTION('',(2.22044604925E-16,-1.,0.));
#7294 = PLANE('',#7295);
#7295 = AXIS2_PLACEMENT_3D('',#7296,#7297,#7298);
#7296 = CARTESIAN_POINT('',(1.95,2.275,1.025));
#7297 = DIRECTION('',(-1.,-2.22044604925E-16,0.));
#7298 = DIRECTION('',(2.22044604925E-16,-1.,0.));
#7299 = ADVANCED_FACE('',(#7300),#7325,.F.);
#7300 = FACE_BOUND('',#7301,.F.);
#7301 = EDGE_LOOP('',(#7302,#7310,#7311,#7319));
#7302 = ORIENTED_EDGE('',*,*,#7303,.F.);
#7303 = EDGE_CURVE('',#6898,#7304,#7306,.T.);
#7304 = VERTEX_POINT('',#7305);
#7305 = CARTESIAN_POINT('',(2.25,-1.7,0.825));
#7306 = LINE('',#7307,#7308);
#7307 = CARTESIAN_POINT('',(1.8,-1.7,0.825));
#7308 = VECTOR('',#7309,1.);
#7309 = DIRECTION('',(1.,2.22044604925E-16,0.));
#7310 = ORIENTED_EDGE('',*,*,#6897,.T.);
#7311 = ORIENTED_EDGE('',*,*,#7312,.T.);
#7312 = EDGE_CURVE('',#6890,#7313,#7315,.T.);
#7313 = VERTEX_POINT('',#7314);
#7314 = CARTESIAN_POINT('',(2.25,-2.11,0.825));
#7315 = LINE('',#7316,#7317);
#7316 = CARTESIAN_POINT('',(1.8,-2.11,0.825));
#7317 = VECTOR('',#7318,1.);
#7318 = DIRECTION('',(1.,2.22044604925E-16,0.));
#7319 = ORIENTED_EDGE('',*,*,#7320,.F.);
#7320 = EDGE_CURVE('',#7304,#7313,#7321,.T.);
#7321 = LINE('',#7322,#7323);
#7322 = CARTESIAN_POINT('',(2.25,-1.7,0.825));
#7323 = VECTOR('',#7324,1.);
#7324 = DIRECTION('',(2.22044604925E-16,-1.,0.));
#7325 = PLANE('',#7326);
#7326 = AXIS2_PLACEMENT_3D('',#7327,#7328,#7329);
#7327 = CARTESIAN_POINT('',(1.8,-1.7,0.825));
#7328 = DIRECTION('',(0.,0.,1.));
#7329 = DIRECTION('',(1.,2.22044604925E-16,-0.));
#7330 = ADVANCED_FACE('',(#7331),#7356,.F.);
#7331 = FACE_BOUND('',#7332,.F.);
#7332 = EDGE_LOOP('',(#7333,#7341,#7342,#7350));
#7333 = ORIENTED_EDGE('',*,*,#7334,.F.);
#7334 = EDGE_CURVE('',#6906,#7335,#7337,.T.);
#7335 = VERTEX_POINT('',#7336);
#7336 = CARTESIAN_POINT('',(1.95,-0.84,1.025));
#7337 = LINE('',#7338,#7339);
#7338 = CARTESIAN_POINT('',(1.95,-0.84,0.778829828783));
#7339 = VECTOR('',#7340,1.);
#7340 = DIRECTION('',(0.,0.,1.));
#7341 = ORIENTED_EDGE('',*,*,#6905,.T.);
#7342 = ORIENTED_EDGE('',*,*,#7343,.T.);
#7343 = EDGE_CURVE('',#6898,#7344,#7346,.T.);
#7344 = VERTEX_POINT('',#7345);
#7345 = CARTESIAN_POINT('',(1.95,-1.7,1.025));
#7346 = LINE('',#7347,#7348);
#7347 = CARTESIAN_POINT('',(1.95,-1.7,0.778829828783));
#7348 = VECTOR('',#7349,1.);
#7349 = DIRECTION('',(0.,0.,1.));
#7350 = ORIENTED_EDGE('',*,*,#7351,.F.);
#7351 = EDGE_CURVE('',#7335,#7344,#7352,.T.);
#7352 = LINE('',#7353,#7354);
#7353 = CARTESIAN_POINT('',(1.95,2.275,1.025));
#7354 = VECTOR('',#7355,1.);
#7355 = DIRECTION('',(2.22044604925E-16,-1.,0.));
#7356 = PLANE('',#7357);
#7357 = AXIS2_PLACEMENT_3D('',#7358,#7359,#7360);
#7358 = CARTESIAN_POINT('',(1.95,2.275,1.025));
#7359 = DIRECTION('',(-1.,-2.22044604925E-16,0.));
#7360 = DIRECTION('',(2.22044604925E-16,-1.,0.));
#7361 = ADVANCED_FACE('',(#7362),#7387,.F.);
#7362 = FACE_BOUND('',#7363,.F.);
#7363 = EDGE_LOOP('',(#7364,#7372,#7373,#7381));
#7364 = ORIENTED_EDGE('',*,*,#7365,.F.);
#7365 = EDGE_CURVE('',#6930,#7366,#7368,.T.);
#7366 = VERTEX_POINT('',#7367);
#7367 = CARTESIAN_POINT('',(2.25,0.84,0.825));
#7368 = LINE('',#7369,#7370);
#7369 = CARTESIAN_POINT('',(1.8,0.84,0.825));
#7370 = VECTOR('',#7371,1.);
#7371 = DIRECTION('',(1.,2.22044604925E-16,0.));
#7372 = ORIENTED_EDGE('',*,*,#6929,.T.);
#7373 = ORIENTED_EDGE('',*,*,#7374,.T.);
#7374 = EDGE_CURVE('',#6922,#7375,#7377,.T.);
#7375 = VERTEX_POINT('',#7376);
#7376 = CARTESIAN_POINT('',(2.25,0.43,0.825));
#7377 = LINE('',#7378,#7379);
#7378 = CARTESIAN_POINT('',(1.8,0.43,0.825));
#7379 = VECTOR('',#7380,1.);
#7380 = DIRECTION('',(1.,2.22044604925E-16,0.));
#7381 = ORIENTED_EDGE('',*,*,#7382,.F.);
#7382 = EDGE_CURVE('',#7366,#7375,#7383,.T.);
#7383 = LINE('',#7384,#7385);
#7384 = CARTESIAN_POINT('',(2.25,0.84,0.825));
#7385 = VECTOR('',#7386,1.);
#7386 = DIRECTION('',(2.22044604925E-16,-1.,0.));
#7387 = PLANE('',#7388);
#7388 = AXIS2_PLACEMENT_3D('',#7389,#7390,#7391);
#7389 = CARTESIAN_POINT('',(1.8,0.84,0.825));
#7390 = DIRECTION('',(0.,0.,1.));
#7391 = DIRECTION('',(1.,2.22044604925E-16,-0.));
#7392 = ADVANCED_FACE('',(#7393),#7418,.F.);
#7393 = FACE_BOUND('',#7394,.F.);
#7394 = EDGE_LOOP('',(#7395,#7403,#7404,#7412));
#7395 = ORIENTED_EDGE('',*,*,#7396,.F.);
#7396 = EDGE_CURVE('',#6914,#7397,#7399,.T.);
#7397 = VERTEX_POINT('',#7398);
#7398 = CARTESIAN_POINT('',(2.25,-0.43,0.825));
#7399 = LINE('',#7400,#7401);
#7400 = CARTESIAN_POINT('',(1.8,-0.43,0.825));
#7401 = VECTOR('',#7402,1.);
#7402 = DIRECTION('',(1.,2.22044604925E-16,0.));
#7403 = ORIENTED_EDGE('',*,*,#6913,.T.);
#7404 = ORIENTED_EDGE('',*,*,#7405,.T.);
#7405 = EDGE_CURVE('',#6906,#7406,#7408,.T.);
#7406 = VERTEX_POINT('',#7407);
#7407 = CARTESIAN_POINT('',(2.25,-0.84,0.825));
#7408 = LINE('',#7409,#7410);
#7409 = CARTESIAN_POINT('',(1.8,-0.84,0.825));
#7410 = VECTOR('',#7411,1.);
#7411 = DIRECTION('',(1.,2.22044604925E-16,0.));
#7412 = ORIENTED_EDGE('',*,*,#7413,.F.);
#7413 = EDGE_CURVE('',#7397,#7406,#7414,.T.);
#7414 = LINE('',#7415,#7416);
#7415 = CARTESIAN_POINT('',(2.25,-0.43,0.825));
#7416 = VECTOR('',#7417,1.);
#7417 = DIRECTION('',(2.22044604925E-16,-1.,0.));
#7418 = PLANE('',#7419);
#7419 = AXIS2_PLACEMENT_3D('',#7420,#7421,#7422);
#7420 = CARTESIAN_POINT('',(1.8,-0.43,0.825));
#7421 = DIRECTION('',(0.,0.,1.));
#7422 = DIRECTION('',(1.,2.22044604925E-16,-0.));
#7423 = ADVANCED_FACE('',(#7424),#7449,.F.);
#7424 = FACE_BOUND('',#7425,.F.);
#7425 = EDGE_LOOP('',(#7426,#7434,#7435,#7443));
#7426 = ORIENTED_EDGE('',*,*,#7427,.F.);
#7427 = EDGE_CURVE('',#6922,#7428,#7430,.T.);
#7428 = VERTEX_POINT('',#7429);
#7429 = CARTESIAN_POINT('',(1.95,0.43,1.025));
#7430 = LINE('',#7431,#7432);
#7431 = CARTESIAN_POINT('',(1.95,0.43,0.778829828783));
#7432 = VECTOR('',#7433,1.);
#7433 = DIRECTION('',(0.,0.,1.));
#7434 = ORIENTED_EDGE('',*,*,#6921,.T.);
#7435 = ORIENTED_EDGE('',*,*,#7436,.T.);
#7436 = EDGE_CURVE('',#6914,#7437,#7439,.T.);
#7437 = VERTEX_POINT('',#7438);
#7438 = CARTESIAN_POINT('',(1.95,-0.43,1.025));
#7439 = LINE('',#7440,#7441);
#7440 = CARTESIAN_POINT('',(1.95,-0.43,0.778829828783));
#7441 = VECTOR('',#7442,1.);
#7442 = DIRECTION('',(0.,0.,1.));
#7443 = ORIENTED_EDGE('',*,*,#7444,.F.);
#7444 = EDGE_CURVE('',#7428,#7437,#7445,.T.);
#7445 = LINE('',#7446,#7447);
#7446 = CARTESIAN_POINT('',(1.95,2.275,1.025));
#7447 = VECTOR('',#7448,1.);
#7448 = DIRECTION('',(2.22044604925E-16,-1.,0.));
#7449 = PLANE('',#7450);
#7450 = AXIS2_PLACEMENT_3D('',#7451,#7452,#7453);
#7451 = CARTESIAN_POINT('',(1.95,2.275,1.025));
#7452 = DIRECTION('',(-1.,-2.22044604925E-16,0.));
#7453 = DIRECTION('',(2.22044604925E-16,-1.,0.));
#7454 = ADVANCED_FACE('',(#7455),#7472,.F.);
#7455 = FACE_BOUND('',#7456,.F.);
#7456 = EDGE_LOOP('',(#7457,#7458,#7459,#7467));
#7457 = ORIENTED_EDGE('',*,*,#7229,.T.);
#7458 = ORIENTED_EDGE('',*,*,#6982,.T.);
#7459 = ORIENTED_EDGE('',*,*,#7460,.F.);
#7460 = EDGE_CURVE('',#7461,#6983,#7463,.T.);
#7461 = VERTEX_POINT('',#7462);
#7462 = CARTESIAN_POINT('',(1.775,2.45,1.025));
#7463 = LINE('',#7464,#7465);
#7464 = CARTESIAN_POINT('',(1.775,2.45,1.025));
#7465 = VECTOR('',#7466,1.);
#7466 = DIRECTION('',(0.707106781187,-0.707106781187,0.));
#7467 = ORIENTED_EDGE('',*,*,#7468,.F.);
#7468 = EDGE_CURVE('',#7230,#7461,#7469,.T.);
#7469 = B_SPLINE_CURVE_WITH_KNOTS('',1,(#7470,#7471),.UNSPECIFIED.,.F.,
  .F.,(2,2),(0.,1.),.PIECEWISE_BEZIER_KNOTS.);
#7470 = CARTESIAN_POINT('',(1.775,2.45,0.825));
#7471 = CARTESIAN_POINT('',(1.775,2.45,1.025));
#7472 = PLANE('',#7473);
#7473 = AXIS2_PLACEMENT_3D('',#7474,#7475,#7476);
#7474 = CARTESIAN_POINT('',(1.775,2.45,1.025));
#7475 = DIRECTION('',(-0.707106781187,-0.707106781187,0.));
#7476 = DIRECTION('',(0.707106781187,-0.707106781187,0.));
#7477 = ADVANCED_FACE('',(#7478),#7495,.F.);
#7478 = FACE_BOUND('',#7479,.F.);
#7479 = EDGE_LOOP('',(#7480,#7487,#7488,#7489));
#7480 = ORIENTED_EDGE('',*,*,#7481,.F.);
#7481 = EDGE_CURVE('',#6983,#7482,#7484,.T.);
#7482 = VERTEX_POINT('',#7483);
#7483 = CARTESIAN_POINT('',(1.875,2.2375,1.025));
#7484 = B_SPLINE_CURVE_WITH_KNOTS('',1,(#7485,#7486),.UNSPECIFIED.,.F.,
  .F.,(2,2),(0.,1.),.PIECEWISE_BEZIER_KNOTS.);
#7485 = CARTESIAN_POINT('',(1.95,2.275,1.025));
#7486 = CARTESIAN_POINT('',(1.875,2.2375,1.025));
#7487 = ORIENTED_EDGE('',*,*,#6991,.T.);
#7488 = ORIENTED_EDGE('',*,*,#7029,.T.);
#7489 = ORIENTED_EDGE('',*,*,#7490,.F.);
#7490 = EDGE_CURVE('',#7482,#7022,#7491,.T.);
#7491 = LINE('',#7492,#7493);
#7492 = CARTESIAN_POINT('',(1.875,2.2375,1.025));
#7493 = VECTOR('',#7494,1.);
#7494 = DIRECTION('',(2.22044604925E-16,-1.,0.));
#7495 = B_SPLINE_SURFACE_WITH_KNOTS('',1,1,(
    (#7496,#7497)
    ,(#7498,#7499
    )),.UNSPECIFIED.,.F.,.F.,.F.,(2,2),(2,2),(0.,4.55),(0.,1.),
  .PIECEWISE_BEZIER_KNOTS.);
#7496 = CARTESIAN_POINT('',(1.95,2.275,1.025));
#7497 = CARTESIAN_POINT('',(1.875,2.2375,1.025));
#7498 = CARTESIAN_POINT('',(1.95,-2.275,1.025));
#7499 = CARTESIAN_POINT('',(1.875,-2.2375,1.025));
#7500 = ADVANCED_FACE('',(#7501),#7581,.F.);
#7501 = FACE_BOUND('',#7502,.F.);
#7502 = EDGE_LOOP('',(#7503,#7504,#7505,#7513,#7521,#7529,#7537,#7545,
    #7553,#7561,#7568,#7576));
#7503 = ORIENTED_EDGE('',*,*,#7490,.T.);
#7504 = ORIENTED_EDGE('',*,*,#7021,.T.);
#7505 = ORIENTED_EDGE('',*,*,#7506,.T.);
#7506 = EDGE_CURVE('',#7014,#7507,#7509,.T.);
#7507 = VERTEX_POINT('',#7508);
#7508 = CARTESIAN_POINT('',(1.875,0.84,1.025));
#7509 = LINE('',#7510,#7511);
#7510 = CARTESIAN_POINT('',(1.875,2.2375,1.025));
#7511 = VECTOR('',#7512,1.);
#7512 = DIRECTION('',(2.22044604925E-16,-1.,0.));
#7513 = ORIENTED_EDGE('',*,*,#7514,.T.);
#7514 = EDGE_CURVE('',#7507,#7515,#7517,.T.);
#7515 = VERTEX_POINT('',#7516);
#7516 = CARTESIAN_POINT('',(1.875,0.43,1.025));
#7517 = LINE('',#7518,#7519);
#7518 = CARTESIAN_POINT('',(1.875,2.2375,1.025));
#7519 = VECTOR('',#7520,1.);
#7520 = DIRECTION('',(2.22044604925E-16,-1.,0.));
#7521 = ORIENTED_EDGE('',*,*,#7522,.T.);
#7522 = EDGE_CURVE('',#7515,#7523,#7525,.T.);
#7523 = VERTEX_POINT('',#7524);
#7524 = CARTESIAN_POINT('',(1.875,-0.43,1.025));
#7525 = LINE('',#7526,#7527);
#7526 = CARTESIAN_POINT('',(1.875,2.2375,1.025));
#7527 = VECTOR('',#7528,1.);
#7528 = DIRECTION('',(2.22044604925E-16,-1.,0.));
#7529 = ORIENTED_EDGE('',*,*,#7530,.T.);
#7530 = EDGE_CURVE('',#7523,#7531,#7533,.T.);
#7531 = VERTEX_POINT('',#7532);
#7532 = CARTESIAN_POINT('',(1.875,-0.84,1.025));
#7533 = LINE('',#7534,#7535);
#7534 = CARTESIAN_POINT('',(1.875,2.2375,1.025));
#7535 = VECTOR('',#7536,1.);
#7536 = DIRECTION('',(2.22044604925E-16,-1.,0.));
#7537 = ORIENTED_EDGE('',*,*,#7538,.T.);
#7538 = EDGE_CURVE('',#7531,#7539,#7541,.T.);
#7539 = VERTEX_POINT('',#7540);
#7540 = CARTESIAN_POINT('',(1.875,-1.7,1.025));
#7541 = LINE('',#7542,#7543);
#7542 = CARTESIAN_POINT('',(1.875,2.2375,1.025));
#7543 = VECTOR('',#7544,1.);
#7544 = DIRECTION('',(2.22044604925E-16,-1.,0.));
#7545 = ORIENTED_EDGE('',*,*,#7546,.T.);
#7546 = EDGE_CURVE('',#7539,#7547,#7549,.T.);
#7547 = VERTEX_POINT('',#7548);
#7548 = CARTESIAN_POINT('',(1.875,-2.11,1.025));
#7549 = LINE('',#7550,#7551);
#7550 = CARTESIAN_POINT('',(1.875,2.2375,1.025));
#7551 = VECTOR('',#7552,1.);
#7552 = DIRECTION('',(2.22044604925E-16,-1.,0.));
#7553 = ORIENTED_EDGE('',*,*,#7554,.T.);
#7554 = EDGE_CURVE('',#7547,#7555,#7557,.T.);
#7555 = VERTEX_POINT('',#7556);
#7556 = CARTESIAN_POINT('',(1.875,-2.2375,1.025));
#7557 = LINE('',#7558,#7559);
#7558 = CARTESIAN_POINT('',(1.875,2.2375,1.025));
#7559 = VECTOR('',#7560,1.);
#7560 = DIRECTION('',(2.22044604925E-16,-1.,0.));
#7561 = ORIENTED_EDGE('',*,*,#7562,.T.);
#7562 = EDGE_CURVE('',#7555,#7563,#7565,.T.);
#7563 = VERTEX_POINT('',#7564);
#7564 = CARTESIAN_POINT('',(1.760171280765,-2.180085640382,1.75));
#7565 = B_SPLINE_CURVE_WITH_KNOTS('',1,(#7566,#7567),.UNSPECIFIED.,.F.,
  .F.,(2,2),(0.,1.),.PIECEWISE_BEZIER_KNOTS.);
#7566 = CARTESIAN_POINT('',(1.875,-2.2375,1.025));
#7567 = CARTESIAN_POINT('',(1.760171280765,-2.180085640382,1.75));
#7568 = ORIENTED_EDGE('',*,*,#7569,.F.);
#7569 = EDGE_CURVE('',#7570,#7563,#7572,.T.);
#7570 = VERTEX_POINT('',#7571);
#7571 = CARTESIAN_POINT('',(1.760171280765,2.180085640382,1.75));
#7572 = LINE('',#7573,#7574);
#7573 = CARTESIAN_POINT('',(1.760171280765,2.180085640382,1.75));
#7574 = VECTOR('',#7575,1.);
#7575 = DIRECTION('',(2.22044604925E-16,-1.,0.));
#7576 = ORIENTED_EDGE('',*,*,#7577,.F.);
#7577 = EDGE_CURVE('',#7482,#7570,#7578,.T.);
#7578 = B_SPLINE_CURVE_WITH_KNOTS('',1,(#7579,#7580),.UNSPECIFIED.,.F.,
  .F.,(2,2),(0.,1.),.PIECEWISE_BEZIER_KNOTS.);
#7579 = CARTESIAN_POINT('',(1.875,2.2375,1.025));
#7580 = CARTESIAN_POINT('',(1.760171280765,2.180085640382,1.75));
#7581 = B_SPLINE_SURFACE_WITH_KNOTS('',1,1,(
    (#7582,#7583)
    ,(#7584,#7585
    )),.UNSPECIFIED.,.F.,.F.,.F.,(2,2),(2,2),(0.,4.475),(0.,1.),
  .PIECEWISE_BEZIER_KNOTS.);
#7582 = CARTESIAN_POINT('',(1.875,2.2375,1.025));
#7583 = CARTESIAN_POINT('',(1.760171280765,2.180085640382,1.75));
#7584 = CARTESIAN_POINT('',(1.875,-2.2375,1.025));
#7585 = CARTESIAN_POINT('',(1.760171280765,-2.180085640382,1.75));
#7586 = ADVANCED_FACE('',(#7587),#7598,.F.);
#7587 = FACE_BOUND('',#7588,.F.);
#7588 = EDGE_LOOP('',(#7589,#7590,#7591,#7597));
#7589 = ORIENTED_EDGE('',*,*,#7013,.F.);
#7590 = ORIENTED_EDGE('',*,*,#7150,.T.);
#7591 = ORIENTED_EDGE('',*,*,#7592,.T.);
#7592 = EDGE_CURVE('',#7143,#7507,#7593,.T.);
#7593 = LINE('',#7594,#7595);
#7594 = CARTESIAN_POINT('',(2.25,0.84,1.025));
#7595 = VECTOR('',#7596,1.);
#7596 = DIRECTION('',(-1.,-2.22044604925E-16,0.));
#7597 = ORIENTED_EDGE('',*,*,#7506,.F.);
#7598 = B_SPLINE_SURFACE_WITH_KNOTS('',1,1,(
    (#7599,#7600)
    ,(#7601,#7602
    )),.UNSPECIFIED.,.F.,.F.,.F.,(2,2),(2,2),(0.,4.55),(0.,1.),
  .PIECEWISE_BEZIER_KNOTS.);
#7599 = CARTESIAN_POINT('',(1.95,2.275,1.025));
#7600 = CARTESIAN_POINT('',(1.875,2.2375,1.025));
#7601 = CARTESIAN_POINT('',(1.95,-2.275,1.025));
#7602 = CARTESIAN_POINT('',(1.875,-2.2375,1.025));
#7603 = ADVANCED_FACE('',(#7604),#7690,.F.);
#7604 = FACE_BOUND('',#7605,.F.);
#7605 = EDGE_LOOP('',(#7606,#7607,#7608,#7617,#7625,#7634,#7642,#7650,
    #7658,#7667,#7675,#7684));
#7606 = ORIENTED_EDGE('',*,*,#7142,.F.);
#7607 = ORIENTED_EDGE('',*,*,#7365,.T.);
#7608 = ORIENTED_EDGE('',*,*,#7609,.T.);
#7609 = EDGE_CURVE('',#7366,#7610,#7612,.T.);
#7610 = VERTEX_POINT('',#7611);
#7611 = CARTESIAN_POINT('',(2.35,0.84,0.725));
#7612 = CIRCLE('',#7613,0.1);
#7613 = AXIS2_PLACEMENT_3D('',#7614,#7615,#7616);
#7614 = CARTESIAN_POINT('',(2.25,0.84,0.725));
#7615 = DIRECTION('',(-2.22044604925E-16,1.,0.));
#7616 = DIRECTION('',(4.440892098501E-15,9.860761315262E-31,1.));
#7617 = ORIENTED_EDGE('',*,*,#7618,.T.);
#7618 = EDGE_CURVE('',#7610,#7619,#7621,.T.);
#7619 = VERTEX_POINT('',#7620);
#7620 = CARTESIAN_POINT('',(2.35,0.84,0.3));
#7621 = LINE('',#7622,#7623);
#7622 = CARTESIAN_POINT('',(2.35,0.84,0.725));
#7623 = VECTOR('',#7624,1.);
#7624 = DIRECTION('',(1.044915787883E-15,2.320179133003E-31,-1.));
#7625 = ORIENTED_EDGE('',*,*,#7626,.T.);
#7626 = EDGE_CURVE('',#7619,#7627,#7629,.T.);
#7627 = VERTEX_POINT('',#7628);
#7628 = CARTESIAN_POINT('',(2.65,0.84,5.551115123126E-17));
#7629 = CIRCLE('',#7630,0.3);
#7630 = AXIS2_PLACEMENT_3D('',#7631,#7632,#7633);
#7631 = CARTESIAN_POINT('',(2.65,0.84,0.3));
#7632 = DIRECTION('',(2.22044604925E-16,-1.,0.));
#7633 = DIRECTION('',(-1.,-2.22044604925E-16,3.515706244646E-15));
#7634 = ORIENTED_EDGE('',*,*,#7635,.T.);
#7635 = EDGE_CURVE('',#7627,#7636,#7638,.T.);
#7636 = VERTEX_POINT('',#7637);
#7637 = CARTESIAN_POINT('',(3.,0.84,5.551115123126E-17));
#7638 = LINE('',#7639,#7640);
#7639 = CARTESIAN_POINT('',(2.65,0.84,5.551115123126E-17));
#7640 = VECTOR('',#7641,1.);
#7641 = DIRECTION('',(1.,2.22044604925E-16,0.));
#7642 = ORIENTED_EDGE('',*,*,#7643,.T.);
#7643 = EDGE_CURVE('',#7636,#7644,#7646,.T.);
#7644 = VERTEX_POINT('',#7645);
#7645 = CARTESIAN_POINT('',(3.,0.84,0.2));
#7646 = LINE('',#7647,#7648);
#7647 = CARTESIAN_POINT('',(3.,0.84,5.551115123126E-17));
#7648 = VECTOR('',#7649,1.);
#7649 = DIRECTION('',(0.,0.,1.));
#7650 = ORIENTED_EDGE('',*,*,#7651,.T.);
#7651 = EDGE_CURVE('',#7644,#7652,#7654,.T.);
#7652 = VERTEX_POINT('',#7653);
#7653 = CARTESIAN_POINT('',(2.65,0.84,0.2));
#7654 = LINE('',#7655,#7656);
#7655 = CARTESIAN_POINT('',(3.,0.84,0.2));
#7656 = VECTOR('',#7657,1.);
#7657 = DIRECTION('',(-1.,-2.22044604925E-16,0.));
#7658 = ORIENTED_EDGE('',*,*,#7659,.T.);
#7659 = EDGE_CURVE('',#7652,#7660,#7662,.T.);
#7660 = VERTEX_POINT('',#7661);
#7661 = CARTESIAN_POINT('',(2.55,0.84,0.3));
#7662 = CIRCLE('',#7663,0.1);
#7663 = AXIS2_PLACEMENT_3D('',#7664,#7665,#7666);
#7664 = CARTESIAN_POINT('',(2.65,0.84,0.3));
#7665 = DIRECTION('',(-2.22044604925E-16,1.,0.));
#7666 = DIRECTION('',(0.,0.,-1.));
#7667 = ORIENTED_EDGE('',*,*,#7668,.T.);
#7668 = EDGE_CURVE('',#7660,#7669,#7671,.T.);
#7669 = VERTEX_POINT('',#7670);
#7670 = CARTESIAN_POINT('',(2.55,0.84,0.725));
#7671 = LINE('',#7672,#7673);
#7672 = CARTESIAN_POINT('',(2.55,0.84,0.3));
#7673 = VECTOR('',#7674,1.);
#7674 = DIRECTION('',(0.,0.,1.));
#7675 = ORIENTED_EDGE('',*,*,#7676,.T.);
#7676 = EDGE_CURVE('',#7669,#7677,#7679,.T.);
#7677 = VERTEX_POINT('',#7678);
#7678 = CARTESIAN_POINT('',(2.25,0.84,1.025));
#7679 = CIRCLE('',#7680,0.3);
#7680 = AXIS2_PLACEMENT_3D('',#7681,#7682,#7683);
#7681 = CARTESIAN_POINT('',(2.25,0.84,0.725));
#7682 = DIRECTION('',(2.22044604925E-16,-1.,0.));
#7683 = DIRECTION('',(1.,2.22044604925E-16,3.700743415417E-16));
#7684 = ORIENTED_EDGE('',*,*,#7685,.T.);
#7685 = EDGE_CURVE('',#7677,#7143,#7686,.T.);
#7686 = LINE('',#7687,#7688);
#7687 = CARTESIAN_POINT('',(2.25,0.84,1.025));
#7688 = VECTOR('',#7689,1.);
#7689 = DIRECTION('',(-1.,-2.22044604925E-16,0.));
#7690 = PLANE('',#7691);
#7691 = AXIS2_PLACEMENT_3D('',#7692,#7693,#7694);
#7692 = CARTESIAN_POINT('',(2.41578967201,0.84,0.532659657565));
#7693 = DIRECTION('',(2.22044604925E-16,-1.,0.));
#7694 = DIRECTION('',(0.,0.,1.));
#7695 = ADVANCED_FACE('',(#7696),#7713,.F.);
#7696 = FACE_BOUND('',#7697,.F.);
#7697 = EDGE_LOOP('',(#7698,#7699,#7700,#7708));
#7698 = ORIENTED_EDGE('',*,*,#7164,.T.);
#7699 = ORIENTED_EDGE('',*,*,#7237,.T.);
#7700 = ORIENTED_EDGE('',*,*,#7701,.F.);
#7701 = EDGE_CURVE('',#7702,#7230,#7704,.T.);
#7702 = VERTEX_POINT('',#7703);
#7703 = CARTESIAN_POINT('',(-1.775,2.45,0.825));
#7704 = LINE('',#7705,#7706);
#7705 = CARTESIAN_POINT('',(-1.775,2.45,0.825));
#7706 = VECTOR('',#7707,1.);
#7707 = DIRECTION('',(1.,2.22044604925E-16,0.));
#7708 = ORIENTED_EDGE('',*,*,#7709,.F.);
#7709 = EDGE_CURVE('',#7165,#7702,#7710,.T.);
#7710 = B_SPLINE_CURVE_WITH_KNOTS('',1,(#7711,#7712),.UNSPECIFIED.,.F.,
  .F.,(2,2),(0.,1.),.PIECEWISE_BEZIER_KNOTS.);
#7711 = CARTESIAN_POINT('',(-1.717585640382,2.335171280765,0.1));
#7712 = CARTESIAN_POINT('',(-1.775,2.45,0.825));
#7713 = B_SPLINE_SURFACE_WITH_KNOTS('',1,1,(
    (#7714,#7715)
    ,(#7716,#7717
    )),.UNSPECIFIED.,.F.,.F.,.F.,(2,2),(2,2),(0.,3.55),(0.,1.),
  .PIECEWISE_BEZIER_KNOTS.);
#7714 = CARTESIAN_POINT('',(-1.717585640382,2.335171280765,0.1));
#7715 = CARTESIAN_POINT('',(-1.775,2.45,0.825));
#7716 = CARTESIAN_POINT('',(1.717585640382,2.335171280765,0.1));
#7717 = CARTESIAN_POINT('',(1.775,2.45,0.825));
#7718 = ADVANCED_FACE('',(#7719),#7736,.F.);
#7719 = FACE_BOUND('',#7720,.F.);
#7720 = EDGE_LOOP('',(#7721,#7722,#7729,#7735));
#7721 = ORIENTED_EDGE('',*,*,#7189,.T.);
#7722 = ORIENTED_EDGE('',*,*,#7723,.T.);
#7723 = EDGE_CURVE('',#7190,#7724,#7726,.T.);
#7724 = VERTEX_POINT('',#7725);
#7725 = CARTESIAN_POINT('',(-1.775,-2.45,0.825));
#7726 = B_SPLINE_CURVE_WITH_KNOTS('',1,(#7727,#7728),.UNSPECIFIED.,.F.,
  .F.,(2,2),(0.,1.),.PIECEWISE_BEZIER_KNOTS.);
#7727 = CARTESIAN_POINT('',(-1.717585640382,-2.335171280765,0.1));
#7728 = CARTESIAN_POINT('',(-1.775,-2.45,0.825));
#7729 = ORIENTED_EDGE('',*,*,#7730,.F.);
#7730 = EDGE_CURVE('',#7252,#7724,#7731,.T.);
#7731 = LINE('',#7732,#7733);
#7732 = CARTESIAN_POINT('',(1.775,-2.45,0.825));
#7733 = VECTOR('',#7734,1.);
#7734 = DIRECTION('',(-1.,-2.22044604925E-16,0.));
#7735 = ORIENTED_EDGE('',*,*,#7251,.F.);
#7736 = B_SPLINE_SURFACE_WITH_KNOTS('',1,1,(
    (#7737,#7738)
    ,(#7739,#7740
    )),.UNSPECIFIED.,.F.,.F.,.F.,(2,2),(2,2),(0.,3.55),(0.,1.),
  .PIECEWISE_BEZIER_KNOTS.);
#7737 = CARTESIAN_POINT('',(1.717585640382,-2.335171280765,0.1));
#7738 = CARTESIAN_POINT('',(1.775,-2.45,0.825));
#7739 = CARTESIAN_POINT('',(-1.717585640382,-2.335171280765,0.1));
#7740 = CARTESIAN_POINT('',(-1.775,-2.45,0.825));
#7741 = ADVANCED_FACE('',(#7742),#7759,.F.);
#7742 = FACE_BOUND('',#7743,.F.);
#7743 = EDGE_LOOP('',(#7744,#7745,#7752,#7758));
#7744 = ORIENTED_EDGE('',*,*,#7197,.T.);
#7745 = ORIENTED_EDGE('',*,*,#7746,.T.);
#7746 = EDGE_CURVE('',#7198,#7747,#7749,.T.);
#7747 = VERTEX_POINT('',#7748);
#7748 = CARTESIAN_POINT('',(-1.95,-2.275,0.825));
#7749 = B_SPLINE_CURVE_WITH_KNOTS('',1,(#7750,#7751),.UNSPECIFIED.,.F.,
  .F.,(2,2),(0.,1.),.PIECEWISE_BEZIER_KNOTS.);
#7750 = CARTESIAN_POINT('',(-1.835171280765,-2.217585640382,0.1));
#7751 = CARTESIAN_POINT('',(-1.95,-2.275,0.825));
#7752 = ORIENTED_EDGE('',*,*,#7753,.F.);
#7753 = EDGE_CURVE('',#7724,#7747,#7754,.T.);
#7754 = LINE('',#7755,#7756);
#7755 = CARTESIAN_POINT('',(-1.775,-2.45,0.825));
#7756 = VECTOR('',#7757,1.);
#7757 = DIRECTION('',(-0.707106781187,0.707106781187,0.));
#7758 = ORIENTED_EDGE('',*,*,#7723,.F.);
#7759 = B_SPLINE_SURFACE_WITH_KNOTS('',1,1,(
    (#7760,#7761)
    ,(#7762,#7763
    )),.UNSPECIFIED.,.F.,.F.,.F.,(2,2),(2,2),(0.,0.247487373415),(0.,1.)
  ,.PIECEWISE_BEZIER_KNOTS.);
#7760 = CARTESIAN_POINT('',(-1.717585640382,-2.335171280765,0.1));
#7761 = CARTESIAN_POINT('',(-1.775,-2.45,0.825));
#7762 = CARTESIAN_POINT('',(-1.835171280765,-2.217585640382,0.1));
#7763 = CARTESIAN_POINT('',(-1.95,-2.275,0.825));
#7764 = ADVANCED_FACE('',(#7765),#7846,.F.);
#7765 = FACE_BOUND('',#7766,.F.);
#7766 = EDGE_LOOP('',(#7767,#7768,#7775,#7783,#7791,#7799,#7807,#7815,
    #7823,#7831,#7839,#7845));
#7767 = ORIENTED_EDGE('',*,*,#7205,.T.);
#7768 = ORIENTED_EDGE('',*,*,#7769,.T.);
#7769 = EDGE_CURVE('',#7206,#7770,#7772,.T.);
#7770 = VERTEX_POINT('',#7771);
#7771 = CARTESIAN_POINT('',(-1.95,2.275,0.825));
#7772 = B_SPLINE_CURVE_WITH_KNOTS('',1,(#7773,#7774),.UNSPECIFIED.,.F.,
  .F.,(2,2),(0.,1.),.PIECEWISE_BEZIER_KNOTS.);
#7773 = CARTESIAN_POINT('',(-1.835171280765,2.217585640382,0.1));
#7774 = CARTESIAN_POINT('',(-1.95,2.275,0.825));
#7775 = ORIENTED_EDGE('',*,*,#7776,.F.);
#7776 = EDGE_CURVE('',#7777,#7770,#7779,.T.);
#7777 = VERTEX_POINT('',#7778);
#7778 = CARTESIAN_POINT('',(-1.95,2.11,0.825));
#7779 = LINE('',#7780,#7781);
#7780 = CARTESIAN_POINT('',(-1.95,-2.275,0.825));
#7781 = VECTOR('',#7782,1.);
#7782 = DIRECTION('',(-2.22044604925E-16,1.,0.));
#7783 = ORIENTED_EDGE('',*,*,#7784,.F.);
#7784 = EDGE_CURVE('',#7785,#7777,#7787,.T.);
#7785 = VERTEX_POINT('',#7786);
#7786 = CARTESIAN_POINT('',(-1.95,1.7,0.825));
#7787 = LINE('',#7788,#7789);
#7788 = CARTESIAN_POINT('',(-1.95,-2.275,0.825));
#7789 = VECTOR('',#7790,1.);
#7790 = DIRECTION('',(-2.22044604925E-16,1.,0.));
#7791 = ORIENTED_EDGE('',*,*,#7792,.F.);
#7792 = EDGE_CURVE('',#7793,#7785,#7795,.T.);
#7793 = VERTEX_POINT('',#7794);
#7794 = CARTESIAN_POINT('',(-1.95,0.84,0.825));
#7795 = LINE('',#7796,#7797);
#7796 = CARTESIAN_POINT('',(-1.95,-2.275,0.825));
#7797 = VECTOR('',#7798,1.);
#7798 = DIRECTION('',(-2.22044604925E-16,1.,0.));
#7799 = ORIENTED_EDGE('',*,*,#7800,.F.);
#7800 = EDGE_CURVE('',#7801,#7793,#7803,.T.);
#7801 = VERTEX_POINT('',#7802);
#7802 = CARTESIAN_POINT('',(-1.95,0.43,0.825));
#7803 = LINE('',#7804,#7805);
#7804 = CARTESIAN_POINT('',(-1.95,-2.275,0.825));
#7805 = VECTOR('',#7806,1.);
#7806 = DIRECTION('',(-2.22044604925E-16,1.,0.));
#7807 = ORIENTED_EDGE('',*,*,#7808,.F.);
#7808 = EDGE_CURVE('',#7809,#7801,#7811,.T.);
#7809 = VERTEX_POINT('',#7810);
#7810 = CARTESIAN_POINT('',(-1.95,-0.43,0.825));
#7811 = LINE('',#7812,#7813);
#7812 = CARTESIAN_POINT('',(-1.95,-2.275,0.825));
#7813 = VECTOR('',#7814,1.);
#7814 = DIRECTION('',(-2.22044604925E-16,1.,0.));
#7815 = ORIENTED_EDGE('',*,*,#7816,.F.);
#7816 = EDGE_CURVE('',#7817,#7809,#7819,.T.);
#7817 = VERTEX_POINT('',#7818);
#7818 = CARTESIAN_POINT('',(-1.95,-0.84,0.825));
#7819 = LINE('',#7820,#7821);
#7820 = CARTESIAN_POINT('',(-1.95,-2.275,0.825));
#7821 = VECTOR('',#7822,1.);
#7822 = DIRECTION('',(-2.22044604925E-16,1.,0.));
#7823 = ORIENTED_EDGE('',*,*,#7824,.F.);
#7824 = EDGE_CURVE('',#7825,#7817,#7827,.T.);
#7825 = VERTEX_POINT('',#7826);
#7826 = CARTESIAN_POINT('',(-1.95,-1.7,0.825));
#7827 = LINE('',#7828,#7829);
#7828 = CARTESIAN_POINT('',(-1.95,-2.275,0.825));
#7829 = VECTOR('',#7830,1.);
#7830 = DIRECTION('',(-2.22044604925E-16,1.,0.));
#7831 = ORIENTED_EDGE('',*,*,#7832,.F.);
#7832 = EDGE_CURVE('',#7833,#7825,#7835,.T.);
#7833 = VERTEX_POINT('',#7834);
#7834 = CARTESIAN_POINT('',(-1.95,-2.11,0.825));
#7835 = LINE('',#7836,#7837);
#7836 = CARTESIAN_POINT('',(-1.95,-2.275,0.825));
#7837 = VECTOR('',#7838,1.);
#7838 = DIRECTION('',(-2.22044604925E-16,1.,0.));
#7839 = ORIENTED_EDGE('',*,*,#7840,.F.);
#7840 = EDGE_CURVE('',#7747,#7833,#7841,.T.);
#7841 = LINE('',#7842,#7843);
#7842 = CARTESIAN_POINT('',(-1.95,-2.275,0.825));
#7843 = VECTOR('',#7844,1.);
#7844 = DIRECTION('',(-2.22044604925E-16,1.,0.));
#7845 = ORIENTED_EDGE('',*,*,#7746,.F.);
#7846 = B_SPLINE_SURFACE_WITH_KNOTS('',1,1,(
    (#7847,#7848)
    ,(#7849,#7850
    )),.UNSPECIFIED.,.F.,.F.,.F.,(2,2),(2,2),(0.,4.55),(0.,1.),
  .PIECEWISE_BEZIER_KNOTS.);
#7847 = CARTESIAN_POINT('',(-1.835171280765,-2.217585640382,0.1));
#7848 = CARTESIAN_POINT('',(-1.95,-2.275,0.825));
#7849 = CARTESIAN_POINT('',(-1.835171280765,2.217585640382,0.1));
#7850 = CARTESIAN_POINT('',(-1.95,2.275,0.825));
#7851 = ADVANCED_FACE('',(#7852),#7863,.F.);
#7852 = FACE_BOUND('',#7853,.F.);
#7853 = EDGE_LOOP('',(#7854,#7855,#7856,#7862));
#7854 = ORIENTED_EDGE('',*,*,#7213,.T.);
#7855 = ORIENTED_EDGE('',*,*,#7709,.T.);
#7856 = ORIENTED_EDGE('',*,*,#7857,.F.);
#7857 = EDGE_CURVE('',#7770,#7702,#7858,.T.);
#7858 = LINE('',#7859,#7860);
#7859 = CARTESIAN_POINT('',(-1.95,2.275,0.825));
#7860 = VECTOR('',#7861,1.);
#7861 = DIRECTION('',(0.707106781187,0.707106781187,0.));
#7862 = ORIENTED_EDGE('',*,*,#7769,.F.);
#7863 = B_SPLINE_SURFACE_WITH_KNOTS('',1,1,(
    (#7864,#7865)
    ,(#7866,#7867
    )),.UNSPECIFIED.,.F.,.F.,.F.,(2,2),(2,2),(0.,0.247487373415),(0.,1.)
  ,.PIECEWISE_BEZIER_KNOTS.);
#7864 = CARTESIAN_POINT('',(-1.835171280765,2.217585640382,0.1));
#7865 = CARTESIAN_POINT('',(-1.95,2.275,0.825));
#7866 = CARTESIAN_POINT('',(-1.717585640382,2.335171280765,0.1));
#7867 = CARTESIAN_POINT('',(-1.775,2.45,0.825));
#7868 = ADVANCED_FACE('',(#7869),#7886,.F.);
#7869 = FACE_BOUND('',#7870,.F.);
#7870 = EDGE_LOOP('',(#7871,#7872,#7879,#7885));
#7871 = ORIENTED_EDGE('',*,*,#7258,.T.);
#7872 = ORIENTED_EDGE('',*,*,#7873,.T.);
#7873 = EDGE_CURVE('',#7252,#7874,#7876,.T.);
#7874 = VERTEX_POINT('',#7875);
#7875 = CARTESIAN_POINT('',(1.775,-2.45,1.025));
#7876 = B_SPLINE_CURVE_WITH_KNOTS('',1,(#7877,#7878),.UNSPECIFIED.,.F.,
  .F.,(2,2),(0.,1.),.PIECEWISE_BEZIER_KNOTS.);
#7877 = CARTESIAN_POINT('',(1.775,-2.45,0.825));
#7878 = CARTESIAN_POINT('',(1.775,-2.45,1.025));
#7879 = ORIENTED_EDGE('',*,*,#7880,.F.);
#7880 = EDGE_CURVE('',#7283,#7874,#7881,.T.);
#7881 = LINE('',#7882,#7883);
#7882 = CARTESIAN_POINT('',(1.95,-2.275,1.025));
#7883 = VECTOR('',#7884,1.);
#7884 = DIRECTION('',(-0.707106781187,-0.707106781187,0.));
#7885 = ORIENTED_EDGE('',*,*,#7282,.F.);
#7886 = PLANE('',#7887);
#7887 = AXIS2_PLACEMENT_3D('',#7888,#7889,#7890);
#7888 = CARTESIAN_POINT('',(1.95,-2.275,1.025));
#7889 = DIRECTION('',(-0.707106781187,0.707106781187,0.));
#7890 = DIRECTION('',(-0.707106781187,-0.707106781187,0.));
#7891 = ADVANCED_FACE('',(#7892),#7978,.T.);
#7892 = FACE_BOUND('',#7893,.T.);
#7893 = EDGE_LOOP('',(#7894,#7895,#7896,#7905,#7913,#7922,#7930,#7938,
    #7946,#7955,#7963,#7972));
#7894 = ORIENTED_EDGE('',*,*,#7273,.F.);
#7895 = ORIENTED_EDGE('',*,*,#7312,.T.);
#7896 = ORIENTED_EDGE('',*,*,#7897,.T.);
#7897 = EDGE_CURVE('',#7313,#7898,#7900,.T.);
#7898 = VERTEX_POINT('',#7899);
#7899 = CARTESIAN_POINT('',(2.35,-2.11,0.725));
#7900 = CIRCLE('',#7901,0.1);
#7901 = AXIS2_PLACEMENT_3D('',#7902,#7903,#7904);
#7902 = CARTESIAN_POINT('',(2.25,-2.11,0.725));
#7903 = DIRECTION('',(-2.22044604925E-16,1.,0.));
#7904 = DIRECTION('',(4.440892098501E-15,9.860761315262E-31,1.));
#7905 = ORIENTED_EDGE('',*,*,#7906,.T.);
#7906 = EDGE_CURVE('',#7898,#7907,#7909,.T.);
#7907 = VERTEX_POINT('',#7908);
#7908 = CARTESIAN_POINT('',(2.35,-2.11,0.3));
#7909 = LINE('',#7910,#7911);
#7910 = CARTESIAN_POINT('',(2.35,-2.11,0.725));
#7911 = VECTOR('',#7912,1.);
#7912 = DIRECTION('',(1.044915787883E-15,2.320179133003E-31,-1.));
#7913 = ORIENTED_EDGE('',*,*,#7914,.T.);
#7914 = EDGE_CURVE('',#7907,#7915,#7917,.T.);
#7915 = VERTEX_POINT('',#7916);
#7916 = CARTESIAN_POINT('',(2.65,-2.11,5.551115123126E-17));
#7917 = CIRCLE('',#7918,0.3);
#7918 = AXIS2_PLACEMENT_3D('',#7919,#7920,#7921);
#7919 = CARTESIAN_POINT('',(2.65,-2.11,0.3));
#7920 = DIRECTION('',(2.22044604925E-16,-1.,0.));
#7921 = DIRECTION('',(-1.,-2.22044604925E-16,3.515706244646E-15));
#7922 = ORIENTED_EDGE('',*,*,#7923,.T.);
#7923 = EDGE_CURVE('',#7915,#7924,#7926,.T.);
#7924 = VERTEX_POINT('',#7925);
#7925 = CARTESIAN_POINT('',(3.,-2.11,5.551115123126E-17));
#7926 = LINE('',#7927,#7928);
#7927 = CARTESIAN_POINT('',(2.65,-2.11,5.551115123126E-17));
#7928 = VECTOR('',#7929,1.);
#7929 = DIRECTION('',(1.,2.22044604925E-16,0.));
#7930 = ORIENTED_EDGE('',*,*,#7931,.T.);
#7931 = EDGE_CURVE('',#7924,#7932,#7934,.T.);
#7932 = VERTEX_POINT('',#7933);
#7933 = CARTESIAN_POINT('',(3.,-2.11,0.2));
#7934 = LINE('',#7935,#7936);
#7935 = CARTESIAN_POINT('',(3.,-2.11,5.551115123126E-17));
#7936 = VECTOR('',#7937,1.);
#7937 = DIRECTION('',(0.,0.,1.));
#7938 = ORIENTED_EDGE('',*,*,#7939,.T.);
#7939 = EDGE_CURVE('',#7932,#7940,#7942,.T.);
#7940 = VERTEX_POINT('',#7941);
#7941 = CARTESIAN_POINT('',(2.65,-2.11,0.2));
#7942 = LINE('',#7943,#7944);
#7943 = CARTESIAN_POINT('',(3.,-2.11,0.2));
#7944 = VECTOR('',#7945,1.);
#7945 = DIRECTION('',(-1.,-2.22044604925E-16,0.));
#7946 = ORIENTED_EDGE('',*,*,#7947,.T.);
#7947 = EDGE_CURVE('',#7940,#7948,#7950,.T.);
#7948 = VERTEX_POINT('',#7949);
#7949 = CARTESIAN_POINT('',(2.55,-2.11,0.3));
#7950 = CIRCLE('',#7951,0.1);
#7951 = AXIS2_PLACEMENT_3D('',#7952,#7953,#7954);
#7952 = CARTESIAN_POINT('',(2.65,-2.11,0.3));
#7953 = DIRECTION('',(-2.22044604925E-16,1.,0.));
#7954 = DIRECTION('',(0.,0.,-1.));
#7955 = ORIENTED_EDGE('',*,*,#7956,.T.);
#7956 = EDGE_CURVE('',#7948,#7957,#7959,.T.);
#7957 = VERTEX_POINT('',#7958);
#7958 = CARTESIAN_POINT('',(2.55,-2.11,0.725));
#7959 = LINE('',#7960,#7961);
#7960 = CARTESIAN_POINT('',(2.55,-2.11,0.3));
#7961 = VECTOR('',#7962,1.);
#7962 = DIRECTION('',(0.,0.,1.));
#7963 = ORIENTED_EDGE('',*,*,#7964,.T.);
#7964 = EDGE_CURVE('',#7957,#7965,#7967,.T.);
#7965 = VERTEX_POINT('',#7966);
#7966 = CARTESIAN_POINT('',(2.25,-2.11,1.025));
#7967 = CIRCLE('',#7968,0.3);
#7968 = AXIS2_PLACEMENT_3D('',#7969,#7970,#7971);
#7969 = CARTESIAN_POINT('',(2.25,-2.11,0.725));
#7970 = DIRECTION('',(2.22044604925E-16,-1.,0.));
#7971 = DIRECTION('',(1.,2.22044604925E-16,3.700743415417E-16));
#7972 = ORIENTED_EDGE('',*,*,#7973,.T.);
#7973 = EDGE_CURVE('',#7965,#7274,#7974,.T.);
#7974 = LINE('',#7975,#7976);
#7975 = CARTESIAN_POINT('',(2.25,-2.11,1.025));
#7976 = VECTOR('',#7977,1.);
#7977 = DIRECTION('',(-1.,-2.22044604925E-16,0.));
#7978 = PLANE('',#7979);
#7979 = AXIS2_PLACEMENT_3D('',#7980,#7981,#7982);
#7980 = CARTESIAN_POINT('',(2.41578967201,-2.11,0.532659657565));
#7981 = DIRECTION('',(2.22044604925E-16,-1.,0.));
#7982 = DIRECTION('',(0.,0.,1.));
#7983 = ADVANCED_FACE('',(#7984),#7999,.F.);
#7984 = FACE_BOUND('',#7985,.F.);
#7985 = EDGE_LOOP('',(#7986,#7992,#7993,#7998));
#7986 = ORIENTED_EDGE('',*,*,#7987,.F.);
#7987 = EDGE_CURVE('',#7274,#7547,#7988,.T.);
#7988 = LINE('',#7989,#7990);
#7989 = CARTESIAN_POINT('',(2.25,-2.11,1.025));
#7990 = VECTOR('',#7991,1.);
#7991 = DIRECTION('',(-1.,-2.22044604925E-16,0.));
#7992 = ORIENTED_EDGE('',*,*,#7289,.T.);
#7993 = ORIENTED_EDGE('',*,*,#7994,.T.);
#7994 = EDGE_CURVE('',#7283,#7555,#7995,.T.);
#7995 = B_SPLINE_CURVE_WITH_KNOTS('',1,(#7996,#7997),.UNSPECIFIED.,.F.,
  .F.,(2,2),(0.,1.),.PIECEWISE_BEZIER_KNOTS.);
#7996 = CARTESIAN_POINT('',(1.95,-2.275,1.025));
#7997 = CARTESIAN_POINT('',(1.875,-2.2375,1.025));
#7998 = ORIENTED_EDGE('',*,*,#7554,.F.);
#7999 = B_SPLINE_SURFACE_WITH_KNOTS('',1,1,(
    (#8000,#8001)
    ,(#8002,#8003
    )),.UNSPECIFIED.,.F.,.F.,.F.,(2,2),(2,2),(0.,4.55),(0.,1.),
  .PIECEWISE_BEZIER_KNOTS.);
#8000 = CARTESIAN_POINT('',(1.95,2.275,1.025));
#8001 = CARTESIAN_POINT('',(1.875,2.2375,1.025));
#8002 = CARTESIAN_POINT('',(1.95,-2.275,1.025));
#8003 = CARTESIAN_POINT('',(1.875,-2.2375,1.025));
#8004 = ADVANCED_FACE('',(#8005),#8091,.F.);
#8005 = FACE_BOUND('',#8006,.F.);
#8006 = EDGE_LOOP('',(#8007,#8008,#8009,#8018,#8026,#8035,#8043,#8051,
    #8059,#8068,#8076,#8085));
#8007 = ORIENTED_EDGE('',*,*,#7343,.F.);
#8008 = ORIENTED_EDGE('',*,*,#7303,.T.);
#8009 = ORIENTED_EDGE('',*,*,#8010,.T.);
#8010 = EDGE_CURVE('',#7304,#8011,#8013,.T.);
#8011 = VERTEX_POINT('',#8012);
#8012 = CARTESIAN_POINT('',(2.35,-1.7,0.725));
#8013 = CIRCLE('',#8014,0.1);
#8014 = AXIS2_PLACEMENT_3D('',#8015,#8016,#8017);
#8015 = CARTESIAN_POINT('',(2.25,-1.7,0.725));
#8016 = DIRECTION('',(-2.22044604925E-16,1.,0.));
#8017 = DIRECTION('',(4.440892098501E-15,9.860761315262E-31,1.));
#8018 = ORIENTED_EDGE('',*,*,#8019,.T.);
#8019 = EDGE_CURVE('',#8011,#8020,#8022,.T.);
#8020 = VERTEX_POINT('',#8021);
#8021 = CARTESIAN_POINT('',(2.35,-1.7,0.3));
#8022 = LINE('',#8023,#8024);
#8023 = CARTESIAN_POINT('',(2.35,-1.7,0.725));
#8024 = VECTOR('',#8025,1.);
#8025 = DIRECTION('',(1.044915787883E-15,2.320179133003E-31,-1.));
#8026 = ORIENTED_EDGE('',*,*,#8027,.T.);
#8027 = EDGE_CURVE('',#8020,#8028,#8030,.T.);
#8028 = VERTEX_POINT('',#8029);
#8029 = CARTESIAN_POINT('',(2.65,-1.7,5.551115123126E-17));
#8030 = CIRCLE('',#8031,0.3);
#8031 = AXIS2_PLACEMENT_3D('',#8032,#8033,#8034);
#8032 = CARTESIAN_POINT('',(2.65,-1.7,0.3));
#8033 = DIRECTION('',(2.22044604925E-16,-1.,0.));
#8034 = DIRECTION('',(-1.,-2.22044604925E-16,3.515706244646E-15));
#8035 = ORIENTED_EDGE('',*,*,#8036,.T.);
#8036 = EDGE_CURVE('',#8028,#8037,#8039,.T.);
#8037 = VERTEX_POINT('',#8038);
#8038 = CARTESIAN_POINT('',(3.,-1.7,5.551115123126E-17));
#8039 = LINE('',#8040,#8041);
#8040 = CARTESIAN_POINT('',(2.65,-1.7,5.551115123126E-17));
#8041 = VECTOR('',#8042,1.);
#8042 = DIRECTION('',(1.,2.22044604925E-16,0.));
#8043 = ORIENTED_EDGE('',*,*,#8044,.T.);
#8044 = EDGE_CURVE('',#8037,#8045,#8047,.T.);
#8045 = VERTEX_POINT('',#8046);
#8046 = CARTESIAN_POINT('',(3.,-1.7,0.2));
#8047 = LINE('',#8048,#8049);
#8048 = CARTESIAN_POINT('',(3.,-1.7,5.551115123126E-17));
#8049 = VECTOR('',#8050,1.);
#8050 = DIRECTION('',(0.,0.,1.));
#8051 = ORIENTED_EDGE('',*,*,#8052,.T.);
#8052 = EDGE_CURVE('',#8045,#8053,#8055,.T.);
#8053 = VERTEX_POINT('',#8054);
#8054 = CARTESIAN_POINT('',(2.65,-1.7,0.2));
#8055 = LINE('',#8056,#8057);
#8056 = CARTESIAN_POINT('',(3.,-1.7,0.2));
#8057 = VECTOR('',#8058,1.);
#8058 = DIRECTION('',(-1.,-2.22044604925E-16,0.));
#8059 = ORIENTED_EDGE('',*,*,#8060,.T.);
#8060 = EDGE_CURVE('',#8053,#8061,#8063,.T.);
#8061 = VERTEX_POINT('',#8062);
#8062 = CARTESIAN_POINT('',(2.55,-1.7,0.3));
#8063 = CIRCLE('',#8064,0.1);
#8064 = AXIS2_PLACEMENT_3D('',#8065,#8066,#8067);
#8065 = CARTESIAN_POINT('',(2.65,-1.7,0.3));
#8066 = DIRECTION('',(-2.22044604925E-16,1.,0.));
#8067 = DIRECTION('',(0.,0.,-1.));
#8068 = ORIENTED_EDGE('',*,*,#8069,.T.);
#8069 = EDGE_CURVE('',#8061,#8070,#8072,.T.);
#8070 = VERTEX_POINT('',#8071);
#8071 = CARTESIAN_POINT('',(2.55,-1.7,0.725));
#8072 = LINE('',#8073,#8074);
#8073 = CARTESIAN_POINT('',(2.55,-1.7,0.3));
#8074 = VECTOR('',#8075,1.);
#8075 = DIRECTION('',(0.,0.,1.));
#8076 = ORIENTED_EDGE('',*,*,#8077,.T.);
#8077 = EDGE_CURVE('',#8070,#8078,#8080,.T.);
#8078 = VERTEX_POINT('',#8079);
#8079 = CARTESIAN_POINT('',(2.25,-1.7,1.025));
#8080 = CIRCLE('',#8081,0.3);
#8081 = AXIS2_PLACEMENT_3D('',#8082,#8083,#8084);
#8082 = CARTESIAN_POINT('',(2.25,-1.7,0.725));
#8083 = DIRECTION('',(2.22044604925E-16,-1.,0.));
#8084 = DIRECTION('',(1.,2.22044604925E-16,3.700743415417E-16));
#8085 = ORIENTED_EDGE('',*,*,#8086,.T.);
#8086 = EDGE_CURVE('',#8078,#7344,#8087,.T.);
#8087 = LINE('',#8088,#8089);
#8088 = CARTESIAN_POINT('',(2.25,-1.7,1.025));
#8089 = VECTOR('',#8090,1.);
#8090 = DIRECTION('',(-1.,-2.22044604925E-16,0.));
#8091 = PLANE('',#8092);
#8092 = AXIS2_PLACEMENT_3D('',#8093,#8094,#8095);
#8093 = CARTESIAN_POINT('',(2.41578967201,-1.7,0.532659657565));
#8094 = DIRECTION('',(2.22044604925E-16,-1.,0.));
#8095 = DIRECTION('',(0.,0.,1.));
#8096 = ADVANCED_FACE('',(#8097),#8108,.F.);
#8097 = FACE_BOUND('',#8098,.F.);
#8098 = EDGE_LOOP('',(#8099,#8100,#8101,#8107));
#8099 = ORIENTED_EDGE('',*,*,#7320,.T.);
#8100 = ORIENTED_EDGE('',*,*,#7897,.T.);
#8101 = ORIENTED_EDGE('',*,*,#8102,.F.);
#8102 = EDGE_CURVE('',#8011,#7898,#8103,.T.);
#8103 = LINE('',#8104,#8105);
#8104 = CARTESIAN_POINT('',(2.35,-1.7,0.725));
#8105 = VECTOR('',#8106,1.);
#8106 = DIRECTION('',(2.22044604925E-16,-1.,0.));
#8107 = ORIENTED_EDGE('',*,*,#8010,.F.);
#8108 = CYLINDRICAL_SURFACE('',#8109,0.1);
#8109 = AXIS2_PLACEMENT_3D('',#8110,#8111,#8112);
#8110 = CARTESIAN_POINT('',(2.25,-1.7,0.725));
#8111 = DIRECTION('',(-2.22044604925E-16,1.,0.));
#8112 = DIRECTION('',(4.440892098501E-15,9.860761315262E-31,1.));
#8113 = ADVANCED_FACE('',(#8114),#8200,.T.);
#8114 = FACE_BOUND('',#8115,.T.);
#8115 = EDGE_LOOP('',(#8116,#8117,#8118,#8127,#8135,#8144,#8152,#8160,
    #8168,#8177,#8185,#8194));
#8116 = ORIENTED_EDGE('',*,*,#7334,.F.);
#8117 = ORIENTED_EDGE('',*,*,#7405,.T.);
#8118 = ORIENTED_EDGE('',*,*,#8119,.T.);
#8119 = EDGE_CURVE('',#7406,#8120,#8122,.T.);
#8120 = VERTEX_POINT('',#8121);
#8121 = CARTESIAN_POINT('',(2.35,-0.84,0.725));
#8122 = CIRCLE('',#8123,0.1);
#8123 = AXIS2_PLACEMENT_3D('',#8124,#8125,#8126);
#8124 = CARTESIAN_POINT('',(2.25,-0.84,0.725));
#8125 = DIRECTION('',(-2.22044604925E-16,1.,0.));
#8126 = DIRECTION('',(4.440892098501E-15,9.860761315262E-31,1.));
#8127 = ORIENTED_EDGE('',*,*,#8128,.T.);
#8128 = EDGE_CURVE('',#8120,#8129,#8131,.T.);
#8129 = VERTEX_POINT('',#8130);
#8130 = CARTESIAN_POINT('',(2.35,-0.84,0.3));
#8131 = LINE('',#8132,#8133);
#8132 = CARTESIAN_POINT('',(2.35,-0.84,0.725));
#8133 = VECTOR('',#8134,1.);
#8134 = DIRECTION('',(1.044915787883E-15,2.320179133003E-31,-1.));
#8135 = ORIENTED_EDGE('',*,*,#8136,.T.);
#8136 = EDGE_CURVE('',#8129,#8137,#8139,.T.);
#8137 = VERTEX_POINT('',#8138);
#8138 = CARTESIAN_POINT('',(2.65,-0.84,5.551115123126E-17));
#8139 = CIRCLE('',#8140,0.3);
#8140 = AXIS2_PLACEMENT_3D('',#8141,#8142,#8143);
#8141 = CARTESIAN_POINT('',(2.65,-0.84,0.3));
#8142 = DIRECTION('',(2.22044604925E-16,-1.,0.));
#8143 = DIRECTION('',(-1.,-2.22044604925E-16,3.515706244646E-15));
#8144 = ORIENTED_EDGE('',*,*,#8145,.T.);
#8145 = EDGE_CURVE('',#8137,#8146,#8148,.T.);
#8146 = VERTEX_POINT('',#8147);
#8147 = CARTESIAN_POINT('',(3.,-0.84,5.551115123126E-17));
#8148 = LINE('',#8149,#8150);
#8149 = CARTESIAN_POINT('',(2.65,-0.84,5.551115123126E-17));
#8150 = VECTOR('',#8151,1.);
#8151 = DIRECTION('',(1.,2.22044604925E-16,0.));
#8152 = ORIENTED_EDGE('',*,*,#8153,.T.);
#8153 = EDGE_CURVE('',#8146,#8154,#8156,.T.);
#8154 = VERTEX_POINT('',#8155);
#8155 = CARTESIAN_POINT('',(3.,-0.84,0.2));
#8156 = LINE('',#8157,#8158);
#8157 = CARTESIAN_POINT('',(3.,-0.84,5.551115123126E-17));
#8158 = VECTOR('',#8159,1.);
#8159 = DIRECTION('',(0.,0.,1.));
#8160 = ORIENTED_EDGE('',*,*,#8161,.T.);
#8161 = EDGE_CURVE('',#8154,#8162,#8164,.T.);
#8162 = VERTEX_POINT('',#8163);
#8163 = CARTESIAN_POINT('',(2.65,-0.84,0.2));
#8164 = LINE('',#8165,#8166);
#8165 = CARTESIAN_POINT('',(3.,-0.84,0.2));
#8166 = VECTOR('',#8167,1.);
#8167 = DIRECTION('',(-1.,-2.22044604925E-16,0.));
#8168 = ORIENTED_EDGE('',*,*,#8169,.T.);
#8169 = EDGE_CURVE('',#8162,#8170,#8172,.T.);
#8170 = VERTEX_POINT('',#8171);
#8171 = CARTESIAN_POINT('',(2.55,-0.84,0.3));
#8172 = CIRCLE('',#8173,0.1);
#8173 = AXIS2_PLACEMENT_3D('',#8174,#8175,#8176);
#8174 = CARTESIAN_POINT('',(2.65,-0.84,0.3));
#8175 = DIRECTION('',(-2.22044604925E-16,1.,0.));
#8176 = DIRECTION('',(0.,0.,-1.));
#8177 = ORIENTED_EDGE('',*,*,#8178,.T.);
#8178 = EDGE_CURVE('',#8170,#8179,#8181,.T.);
#8179 = VERTEX_POINT('',#8180);
#8180 = CARTESIAN_POINT('',(2.55,-0.84,0.725));
#8181 = LINE('',#8182,#8183);
#8182 = CARTESIAN_POINT('',(2.55,-0.84,0.3));
#8183 = VECTOR('',#8184,1.);
#8184 = DIRECTION('',(0.,0.,1.));
#8185 = ORIENTED_EDGE('',*,*,#8186,.T.);
#8186 = EDGE_CURVE('',#8179,#8187,#8189,.T.);
#8187 = VERTEX_POINT('',#8188);
#8188 = CARTESIAN_POINT('',(2.25,-0.84,1.025));
#8189 = CIRCLE('',#8190,0.3);
#8190 = AXIS2_PLACEMENT_3D('',#8191,#8192,#8193);
#8191 = CARTESIAN_POINT('',(2.25,-0.84,0.725));
#8192 = DIRECTION('',(2.22044604925E-16,-1.,0.));
#8193 = DIRECTION('',(1.,2.22044604925E-16,3.700743415417E-16));
#8194 = ORIENTED_EDGE('',*,*,#8195,.T.);
#8195 = EDGE_CURVE('',#8187,#7335,#8196,.T.);
#8196 = LINE('',#8197,#8198);
#8197 = CARTESIAN_POINT('',(2.25,-0.84,1.025));
#8198 = VECTOR('',#8199,1.);
#8199 = DIRECTION('',(-1.,-2.22044604925E-16,0.));
#8200 = PLANE('',#8201);
#8201 = AXIS2_PLACEMENT_3D('',#8202,#8203,#8204);
#8202 = CARTESIAN_POINT('',(2.41578967201,-0.84,0.532659657565));
#8203 = DIRECTION('',(2.22044604925E-16,-1.,0.));
#8204 = DIRECTION('',(0.,0.,1.));
#8205 = ADVANCED_FACE('',(#8206),#8222,.F.);
#8206 = FACE_BOUND('',#8207,.F.);
#8207 = EDGE_LOOP('',(#8208,#8214,#8215,#8221));
#8208 = ORIENTED_EDGE('',*,*,#8209,.F.);
#8209 = EDGE_CURVE('',#7335,#7531,#8210,.T.);
#8210 = LINE('',#8211,#8212);
#8211 = CARTESIAN_POINT('',(2.25,-0.84,1.025));
#8212 = VECTOR('',#8213,1.);
#8213 = DIRECTION('',(-1.,-2.22044604925E-16,0.));
#8214 = ORIENTED_EDGE('',*,*,#7351,.T.);
#8215 = ORIENTED_EDGE('',*,*,#8216,.T.);
#8216 = EDGE_CURVE('',#7344,#7539,#8217,.T.);
#8217 = LINE('',#8218,#8219);
#8218 = CARTESIAN_POINT('',(2.25,-1.7,1.025));
#8219 = VECTOR('',#8220,1.);
#8220 = DIRECTION('',(-1.,-2.22044604925E-16,0.));
#8221 = ORIENTED_EDGE('',*,*,#7538,.F.);
#8222 = B_SPLINE_SURFACE_WITH_KNOTS('',1,1,(
    (#8223,#8224)
    ,(#8225,#8226
    )),.UNSPECIFIED.,.F.,.F.,.F.,(2,2),(2,2),(0.,4.55),(0.,1.),
  .PIECEWISE_BEZIER_KNOTS.);
#8223 = CARTESIAN_POINT('',(1.95,2.275,1.025));
#8224 = CARTESIAN_POINT('',(1.875,2.2375,1.025));
#8225 = CARTESIAN_POINT('',(1.95,-2.275,1.025));
#8226 = CARTESIAN_POINT('',(1.875,-2.2375,1.025));
#8227 = ADVANCED_FACE('',(#8228),#8247,.F.);
#8228 = FACE_BOUND('',#8229,.F.);
#8229 = EDGE_LOOP('',(#8230,#8231,#8240,#8246));
#8230 = ORIENTED_EDGE('',*,*,#7382,.T.);
#8231 = ORIENTED_EDGE('',*,*,#8232,.T.);
#8232 = EDGE_CURVE('',#7375,#8233,#8235,.T.);
#8233 = VERTEX_POINT('',#8234);
#8234 = CARTESIAN_POINT('',(2.35,0.43,0.725));
#8235 = CIRCLE('',#8236,0.1);
#8236 = AXIS2_PLACEMENT_3D('',#8237,#8238,#8239);
#8237 = CARTESIAN_POINT('',(2.25,0.43,0.725));
#8238 = DIRECTION('',(-2.22044604925E-16,1.,0.));
#8239 = DIRECTION('',(4.440892098501E-15,9.860761315262E-31,1.));
#8240 = ORIENTED_EDGE('',*,*,#8241,.F.);
#8241 = EDGE_CURVE('',#7610,#8233,#8242,.T.);
#8242 = LINE('',#8243,#8244);
#8243 = CARTESIAN_POINT('',(2.35,0.84,0.725));
#8244 = VECTOR('',#8245,1.);
#8245 = DIRECTION('',(2.22044604925E-16,-1.,0.));
#8246 = ORIENTED_EDGE('',*,*,#7609,.F.);
#8247 = CYLINDRICAL_SURFACE('',#8248,0.1);
#8248 = AXIS2_PLACEMENT_3D('',#8249,#8250,#8251);
#8249 = CARTESIAN_POINT('',(2.25,0.84,0.725));
#8250 = DIRECTION('',(-2.22044604925E-16,1.,0.));
#8251 = DIRECTION('',(4.440892098501E-15,9.860761315262E-31,1.));
#8252 = ADVANCED_FACE('',(#8253),#8331,.T.);
#8253 = FACE_BOUND('',#8254,.T.);
#8254 = EDGE_LOOP('',(#8255,#8256,#8257,#8258,#8266,#8275,#8283,#8291,
    #8299,#8308,#8316,#8325));
#8255 = ORIENTED_EDGE('',*,*,#7427,.F.);
#8256 = ORIENTED_EDGE('',*,*,#7374,.T.);
#8257 = ORIENTED_EDGE('',*,*,#8232,.T.);
#8258 = ORIENTED_EDGE('',*,*,#8259,.T.);
#8259 = EDGE_CURVE('',#8233,#8260,#8262,.T.);
#8260 = VERTEX_POINT('',#8261);
#8261 = CARTESIAN_POINT('',(2.35,0.43,0.3));
#8262 = LINE('',#8263,#8264);
#8263 = CARTESIAN_POINT('',(2.35,0.43,0.725));
#8264 = VECTOR('',#8265,1.);
#8265 = DIRECTION('',(1.044915787883E-15,2.320179133003E-31,-1.));
#8266 = ORIENTED_EDGE('',*,*,#8267,.T.);
#8267 = EDGE_CURVE('',#8260,#8268,#8270,.T.);
#8268 = VERTEX_POINT('',#8269);
#8269 = CARTESIAN_POINT('',(2.65,0.43,5.551115123126E-17));
#8270 = CIRCLE('',#8271,0.3);
#8271 = AXIS2_PLACEMENT_3D('',#8272,#8273,#8274);
#8272 = CARTESIAN_POINT('',(2.65,0.43,0.3));
#8273 = DIRECTION('',(2.22044604925E-16,-1.,0.));
#8274 = DIRECTION('',(-1.,-2.22044604925E-16,3.515706244646E-15));
#8275 = ORIENTED_EDGE('',*,*,#8276,.T.);
#8276 = EDGE_CURVE('',#8268,#8277,#8279,.T.);
#8277 = VERTEX_POINT('',#8278);
#8278 = CARTESIAN_POINT('',(3.,0.43,5.551115123126E-17));
#8279 = LINE('',#8280,#8281);
#8280 = CARTESIAN_POINT('',(2.65,0.43,5.551115123126E-17));
#8281 = VECTOR('',#8282,1.);
#8282 = DIRECTION('',(1.,2.22044604925E-16,0.));
#8283 = ORIENTED_EDGE('',*,*,#8284,.T.);
#8284 = EDGE_CURVE('',#8277,#8285,#8287,.T.);
#8285 = VERTEX_POINT('',#8286);
#8286 = CARTESIAN_POINT('',(3.,0.43,0.2));
#8287 = LINE('',#8288,#8289);
#8288 = CARTESIAN_POINT('',(3.,0.43,5.551115123126E-17));
#8289 = VECTOR('',#8290,1.);
#8290 = DIRECTION('',(0.,0.,1.));
#8291 = ORIENTED_EDGE('',*,*,#8292,.T.);
#8292 = EDGE_CURVE('',#8285,#8293,#8295,.T.);
#8293 = VERTEX_POINT('',#8294);
#8294 = CARTESIAN_POINT('',(2.65,0.43,0.2));
#8295 = LINE('',#8296,#8297);
#8296 = CARTESIAN_POINT('',(3.,0.43,0.2));
#8297 = VECTOR('',#8298,1.);
#8298 = DIRECTION('',(-1.,-2.22044604925E-16,0.));
#8299 = ORIENTED_EDGE('',*,*,#8300,.T.);
#8300 = EDGE_CURVE('',#8293,#8301,#8303,.T.);
#8301 = VERTEX_POINT('',#8302);
#8302 = CARTESIAN_POINT('',(2.55,0.43,0.3));
#8303 = CIRCLE('',#8304,0.1);
#8304 = AXIS2_PLACEMENT_3D('',#8305,#8306,#8307);
#8305 = CARTESIAN_POINT('',(2.65,0.43,0.3));
#8306 = DIRECTION('',(-2.22044604925E-16,1.,0.));
#8307 = DIRECTION('',(0.,0.,-1.));
#8308 = ORIENTED_EDGE('',*,*,#8309,.T.);
#8309 = EDGE_CURVE('',#8301,#8310,#8312,.T.);
#8310 = VERTEX_POINT('',#8311);
#8311 = CARTESIAN_POINT('',(2.55,0.43,0.725));
#8312 = LINE('',#8313,#8314);
#8313 = CARTESIAN_POINT('',(2.55,0.43,0.3));
#8314 = VECTOR('',#8315,1.);
#8315 = DIRECTION('',(0.,0.,1.));
#8316 = ORIENTED_EDGE('',*,*,#8317,.T.);
#8317 = EDGE_CURVE('',#8310,#8318,#8320,.T.);
#8318 = VERTEX_POINT('',#8319);
#8319 = CARTESIAN_POINT('',(2.25,0.43,1.025));
#8320 = CIRCLE('',#8321,0.3);
#8321 = AXIS2_PLACEMENT_3D('',#8322,#8323,#8324);
#8322 = CARTESIAN_POINT('',(2.25,0.43,0.725));
#8323 = DIRECTION('',(2.22044604925E-16,-1.,0.));
#8324 = DIRECTION('',(1.,2.22044604925E-16,3.700743415417E-16));
#8325 = ORIENTED_EDGE('',*,*,#8326,.T.);
#8326 = EDGE_CURVE('',#8318,#7428,#8327,.T.);
#8327 = LINE('',#8328,#8329);
#8328 = CARTESIAN_POINT('',(2.25,0.43,1.025));
#8329 = VECTOR('',#8330,1.);
#8330 = DIRECTION('',(-1.,-2.22044604925E-16,0.));
#8331 = PLANE('',#8332);
#8332 = AXIS2_PLACEMENT_3D('',#8333,#8334,#8335);
#8333 = CARTESIAN_POINT('',(2.41578967201,0.43,0.532659657565));
#8334 = DIRECTION('',(2.22044604925E-16,-1.,0.));
#8335 = DIRECTION('',(0.,0.,1.));
#8336 = ADVANCED_FACE('',(#8337),#8423,.F.);
#8337 = FACE_BOUND('',#8338,.F.);
#8338 = EDGE_LOOP('',(#8339,#8340,#8341,#8350,#8358,#8367,#8375,#8383,
    #8391,#8400,#8408,#8417));
#8339 = ORIENTED_EDGE('',*,*,#7436,.F.);
#8340 = ORIENTED_EDGE('',*,*,#7396,.T.);
#8341 = ORIENTED_EDGE('',*,*,#8342,.T.);
#8342 = EDGE_CURVE('',#7397,#8343,#8345,.T.);
#8343 = VERTEX_POINT('',#8344);
#8344 = CARTESIAN_POINT('',(2.35,-0.43,0.725));
#8345 = CIRCLE('',#8346,0.1);
#8346 = AXIS2_PLACEMENT_3D('',#8347,#8348,#8349);
#8347 = CARTESIAN_POINT('',(2.25,-0.43,0.725));
#8348 = DIRECTION('',(-2.22044604925E-16,1.,0.));
#8349 = DIRECTION('',(4.440892098501E-15,9.860761315262E-31,1.));
#8350 = ORIENTED_EDGE('',*,*,#8351,.T.);
#8351 = EDGE_CURVE('',#8343,#8352,#8354,.T.);
#8352 = VERTEX_POINT('',#8353);
#8353 = CARTESIAN_POINT('',(2.35,-0.43,0.3));
#8354 = LINE('',#8355,#8356);
#8355 = CARTESIAN_POINT('',(2.35,-0.43,0.725));
#8356 = VECTOR('',#8357,1.);
#8357 = DIRECTION('',(1.044915787883E-15,2.320179133003E-31,-1.));
#8358 = ORIENTED_EDGE('',*,*,#8359,.T.);
#8359 = EDGE_CURVE('',#8352,#8360,#8362,.T.);
#8360 = VERTEX_POINT('',#8361);
#8361 = CARTESIAN_POINT('',(2.65,-0.43,5.551115123126E-17));
#8362 = CIRCLE('',#8363,0.3);
#8363 = AXIS2_PLACEMENT_3D('',#8364,#8365,#8366);
#8364 = CARTESIAN_POINT('',(2.65,-0.43,0.3));
#8365 = DIRECTION('',(2.22044604925E-16,-1.,0.));
#8366 = DIRECTION('',(-1.,-2.22044604925E-16,3.515706244646E-15));
#8367 = ORIENTED_EDGE('',*,*,#8368,.T.);
#8368 = EDGE_CURVE('',#8360,#8369,#8371,.T.);
#8369 = VERTEX_POINT('',#8370);
#8370 = CARTESIAN_POINT('',(3.,-0.43,5.551115123126E-17));
#8371 = LINE('',#8372,#8373);
#8372 = CARTESIAN_POINT('',(2.65,-0.43,5.551115123126E-17));
#8373 = VECTOR('',#8374,1.);
#8374 = DIRECTION('',(1.,2.22044604925E-16,0.));
#8375 = ORIENTED_EDGE('',*,*,#8376,.T.);
#8376 = EDGE_CURVE('',#8369,#8377,#8379,.T.);
#8377 = VERTEX_POINT('',#8378);
#8378 = CARTESIAN_POINT('',(3.,-0.43,0.2));
#8379 = LINE('',#8380,#8381);
#8380 = CARTESIAN_POINT('',(3.,-0.43,5.551115123126E-17));
#8381 = VECTOR('',#8382,1.);
#8382 = DIRECTION('',(0.,0.,1.));
#8383 = ORIENTED_EDGE('',*,*,#8384,.T.);
#8384 = EDGE_CURVE('',#8377,#8385,#8387,.T.);
#8385 = VERTEX_POINT('',#8386);
#8386 = CARTESIAN_POINT('',(2.65,-0.43,0.2));
#8387 = LINE('',#8388,#8389);
#8388 = CARTESIAN_POINT('',(3.,-0.43,0.2));
#8389 = VECTOR('',#8390,1.);
#8390 = DIRECTION('',(-1.,-2.22044604925E-16,0.));
#8391 = ORIENTED_EDGE('',*,*,#8392,.T.);
#8392 = EDGE_CURVE('',#8385,#8393,#8395,.T.);
#8393 = VERTEX_POINT('',#8394);
#8394 = CARTESIAN_POINT('',(2.55,-0.43,0.3));
#8395 = CIRCLE('',#8396,0.1);
#8396 = AXIS2_PLACEMENT_3D('',#8397,#8398,#8399);
#8397 = CARTESIAN_POINT('',(2.65,-0.43,0.3));
#8398 = DIRECTION('',(-2.22044604925E-16,1.,0.));
#8399 = DIRECTION('',(0.,0.,-1.));
#8400 = ORIENTED_EDGE('',*,*,#8401,.T.);
#8401 = EDGE_CURVE('',#8393,#8402,#8404,.T.);
#8402 = VERTEX_POINT('',#8403);
#8403 = CARTESIAN_POINT('',(2.55,-0.43,0.725));
#8404 = LINE('',#8405,#8406);
#8405 = CARTESIAN_POINT('',(2.55,-0.43,0.3));
#8406 = VECTOR('',#8407,1.);
#8407 = DIRECTION('',(0.,0.,1.));
#8408 = ORIENTED_EDGE('',*,*,#8409,.T.);
#8409 = EDGE_CURVE('',#8402,#8410,#8412,.T.);
#8410 = VERTEX_POINT('',#8411);
#8411 = CARTESIAN_POINT('',(2.25,-0.43,1.025));
#8412 = CIRCLE('',#8413,0.3);
#8413 = AXIS2_PLACEMENT_3D('',#8414,#8415,#8416);
#8414 = CARTESIAN_POINT('',(2.25,-0.43,0.725));
#8415 = DIRECTION('',(2.22044604925E-16,-1.,0.));
#8416 = DIRECTION('',(1.,2.22044604925E-16,3.700743415417E-16));
#8417 = ORIENTED_EDGE('',*,*,#8418,.T.);
#8418 = EDGE_CURVE('',#8410,#7437,#8419,.T.);
#8419 = LINE('',#8420,#8421);
#8420 = CARTESIAN_POINT('',(2.25,-0.43,1.025));
#8421 = VECTOR('',#8422,1.);
#8422 = DIRECTION('',(-1.,-2.22044604925E-16,0.));
#8423 = PLANE('',#8424);
#8424 = AXIS2_PLACEMENT_3D('',#8425,#8426,#8427);
#8425 = CARTESIAN_POINT('',(2.41578967201,-0.43,0.532659657565));
#8426 = DIRECTION('',(2.22044604925E-16,-1.,0.));
#8427 = DIRECTION('',(0.,0.,1.));
#8428 = ADVANCED_FACE('',(#8429),#8440,.F.);
#8429 = FACE_BOUND('',#8430,.F.);
#8430 = EDGE_LOOP('',(#8431,#8432,#8433,#8439));
#8431 = ORIENTED_EDGE('',*,*,#7413,.T.);
#8432 = ORIENTED_EDGE('',*,*,#8119,.T.);
#8433 = ORIENTED_EDGE('',*,*,#8434,.F.);
#8434 = EDGE_CURVE('',#8343,#8120,#8435,.T.);
#8435 = LINE('',#8436,#8437);
#8436 = CARTESIAN_POINT('',(2.35,-0.43,0.725));
#8437 = VECTOR('',#8438,1.);
#8438 = DIRECTION('',(2.22044604925E-16,-1.,0.));
#8439 = ORIENTED_EDGE('',*,*,#8342,.F.);
#8440 = CYLINDRICAL_SURFACE('',#8441,0.1);
#8441 = AXIS2_PLACEMENT_3D('',#8442,#8443,#8444);
#8442 = CARTESIAN_POINT('',(2.25,-0.43,0.725));
#8443 = DIRECTION('',(-2.22044604925E-16,1.,0.));
#8444 = DIRECTION('',(4.440892098501E-15,9.860761315262E-31,1.));
#8445 = ADVANCED_FACE('',(#8446),#8462,.F.);
#8446 = FACE_BOUND('',#8447,.F.);
#8447 = EDGE_LOOP('',(#8448,#8454,#8455,#8461));
#8448 = ORIENTED_EDGE('',*,*,#8449,.F.);
#8449 = EDGE_CURVE('',#7428,#7515,#8450,.T.);
#8450 = LINE('',#8451,#8452);
#8451 = CARTESIAN_POINT('',(2.25,0.43,1.025));
#8452 = VECTOR('',#8453,1.);
#8453 = DIRECTION('',(-1.,-2.22044604925E-16,0.));
#8454 = ORIENTED_EDGE('',*,*,#7444,.T.);
#8455 = ORIENTED_EDGE('',*,*,#8456,.T.);
#8456 = EDGE_CURVE('',#7437,#7523,#8457,.T.);
#8457 = LINE('',#8458,#8459);
#8458 = CARTESIAN_POINT('',(2.25,-0.43,1.025));
#8459 = VECTOR('',#8460,1.);
#8460 = DIRECTION('',(-1.,-2.22044604925E-16,0.));
#8461 = ORIENTED_EDGE('',*,*,#7522,.F.);
#8462 = B_SPLINE_SURFACE_WITH_KNOTS('',1,1,(
    (#8463,#8464)
    ,(#8465,#8466
    )),.UNSPECIFIED.,.F.,.F.,.F.,(2,2),(2,2),(0.,4.55),(0.,1.),
  .PIECEWISE_BEZIER_KNOTS.);
#8463 = CARTESIAN_POINT('',(1.95,2.275,1.025));
#8464 = CARTESIAN_POINT('',(1.875,2.2375,1.025));
#8465 = CARTESIAN_POINT('',(1.95,-2.275,1.025));
#8466 = CARTESIAN_POINT('',(1.875,-2.2375,1.025));
#8467 = ADVANCED_FACE('',(#8468),#8485,.F.);
#8468 = FACE_BOUND('',#8469,.F.);
#8469 = EDGE_LOOP('',(#8470,#8471,#8472,#8480));
#8470 = ORIENTED_EDGE('',*,*,#7460,.T.);
#8471 = ORIENTED_EDGE('',*,*,#7481,.T.);
#8472 = ORIENTED_EDGE('',*,*,#8473,.F.);
#8473 = EDGE_CURVE('',#8474,#7482,#8476,.T.);
#8474 = VERTEX_POINT('',#8475);
#8475 = CARTESIAN_POINT('',(1.7375,2.375,1.025));
#8476 = LINE('',#8477,#8478);
#8477 = CARTESIAN_POINT('',(1.7375,2.375,1.025));
#8478 = VECTOR('',#8479,1.);
#8479 = DIRECTION('',(0.707106781187,-0.707106781187,0.));
#8480 = ORIENTED_EDGE('',*,*,#8481,.F.);
#8481 = EDGE_CURVE('',#7461,#8474,#8482,.T.);
#8482 = B_SPLINE_CURVE_WITH_KNOTS('',1,(#8483,#8484),.UNSPECIFIED.,.F.,
  .F.,(2,2),(0.,1.),.PIECEWISE_BEZIER_KNOTS.);
#8483 = CARTESIAN_POINT('',(1.775,2.45,1.025));
#8484 = CARTESIAN_POINT('',(1.7375,2.375,1.025));
#8485 = B_SPLINE_SURFACE_WITH_KNOTS('',1,1,(
    (#8486,#8487)
    ,(#8488,#8489
    )),.UNSPECIFIED.,.F.,.F.,.F.,(2,2),(2,2),(0.,0.247487373415),(0.,1.)
  ,.PIECEWISE_BEZIER_KNOTS.);
#8486 = CARTESIAN_POINT('',(1.775,2.45,1.025));
#8487 = CARTESIAN_POINT('',(1.7375,2.375,1.025));
#8488 = CARTESIAN_POINT('',(1.95,2.275,1.025));
#8489 = CARTESIAN_POINT('',(1.875,2.2375,1.025));
#8490 = ADVANCED_FACE('',(#8491),#8508,.F.);
#8491 = FACE_BOUND('',#8492,.F.);
#8492 = EDGE_LOOP('',(#8493,#8494,#8495,#8503));
#8493 = ORIENTED_EDGE('',*,*,#7701,.T.);
#8494 = ORIENTED_EDGE('',*,*,#7468,.T.);
#8495 = ORIENTED_EDGE('',*,*,#8496,.F.);
#8496 = EDGE_CURVE('',#8497,#7461,#8499,.T.);
#8497 = VERTEX_POINT('',#8498);
#8498 = CARTESIAN_POINT('',(-1.775,2.45,1.025));
#8499 = LINE('',#8500,#8501);
#8500 = CARTESIAN_POINT('',(-1.775,2.45,1.025));
#8501 = VECTOR('',#8502,1.);
#8502 = DIRECTION('',(1.,2.22044604925E-16,0.));
#8503 = ORIENTED_EDGE('',*,*,#8504,.F.);
#8504 = EDGE_CURVE('',#7702,#8497,#8505,.T.);
#8505 = B_SPLINE_CURVE_WITH_KNOTS('',1,(#8506,#8507),.UNSPECIFIED.,.F.,
  .F.,(2,2),(0.,1.),.PIECEWISE_BEZIER_KNOTS.);
#8506 = CARTESIAN_POINT('',(-1.775,2.45,0.825));
#8507 = CARTESIAN_POINT('',(-1.775,2.45,1.025));
#8508 = PLANE('',#8509);
#8509 = AXIS2_PLACEMENT_3D('',#8510,#8511,#8512);
#8510 = CARTESIAN_POINT('',(-1.775,2.45,1.025));
#8511 = DIRECTION('',(2.22044604925E-16,-1.,0.));
#8512 = DIRECTION('',(1.,2.22044604925E-16,0.));
#8513 = ADVANCED_FACE('',(#8514),#8531,.F.);
#8514 = FACE_BOUND('',#8515,.F.);
#8515 = EDGE_LOOP('',(#8516,#8517,#8518,#8526));
#8516 = ORIENTED_EDGE('',*,*,#8473,.T.);
#8517 = ORIENTED_EDGE('',*,*,#7577,.T.);
#8518 = ORIENTED_EDGE('',*,*,#8519,.F.);
#8519 = EDGE_CURVE('',#8520,#7570,#8522,.T.);
#8520 = VERTEX_POINT('',#8521);
#8521 = CARTESIAN_POINT('',(1.680085640382,2.260171280765,1.75));
#8522 = LINE('',#8523,#8524);
#8523 = CARTESIAN_POINT('',(1.680085640382,2.260171280765,1.75));
#8524 = VECTOR('',#8525,1.);
#8525 = DIRECTION('',(0.707106781187,-0.707106781187,0.));
#8526 = ORIENTED_EDGE('',*,*,#8527,.F.);
#8527 = EDGE_CURVE('',#8474,#8520,#8528,.T.);
#8528 = B_SPLINE_CURVE_WITH_KNOTS('',1,(#8529,#8530),.UNSPECIFIED.,.F.,
  .F.,(2,2),(0.,1.),.PIECEWISE_BEZIER_KNOTS.);
#8529 = CARTESIAN_POINT('',(1.7375,2.375,1.025));
#8530 = CARTESIAN_POINT('',(1.680085640382,2.260171280765,1.75));
#8531 = B_SPLINE_SURFACE_WITH_KNOTS('',1,1,(
    (#8532,#8533)
    ,(#8534,#8535
    )),.UNSPECIFIED.,.F.,.F.,.F.,(2,2),(2,2),(0.,0.194454364826),(0.,1.)
  ,.PIECEWISE_BEZIER_KNOTS.);
#8532 = CARTESIAN_POINT('',(1.7375,2.375,1.025));
#8533 = CARTESIAN_POINT('',(1.680085640382,2.260171280765,1.75));
#8534 = CARTESIAN_POINT('',(1.875,2.2375,1.025));
#8535 = CARTESIAN_POINT('',(1.760171280765,2.180085640382,1.75));
#8536 = ADVANCED_FACE('',(#8537,#8587),#8598,.F.);
#8537 = FACE_BOUND('',#8538,.F.);
#8538 = EDGE_LOOP('',(#8539,#8547,#8548,#8549,#8557,#8565,#8573,#8581));
#8539 = ORIENTED_EDGE('',*,*,#8540,.T.);
#8540 = EDGE_CURVE('',#8541,#8520,#8543,.T.);
#8541 = VERTEX_POINT('',#8542);
#8542 = CARTESIAN_POINT('',(-1.680085640382,2.260171280765,1.75));
#8543 = LINE('',#8544,#8545);
#8544 = CARTESIAN_POINT('',(-1.680085640382,2.260171280765,1.75));
#8545 = VECTOR('',#8546,1.);
#8546 = DIRECTION('',(1.,2.22044604925E-16,0.));
#8547 = ORIENTED_EDGE('',*,*,#8519,.T.);
#8548 = ORIENTED_EDGE('',*,*,#7569,.T.);
#8549 = ORIENTED_EDGE('',*,*,#8550,.T.);
#8550 = EDGE_CURVE('',#7563,#8551,#8553,.T.);
#8551 = VERTEX_POINT('',#8552);
#8552 = CARTESIAN_POINT('',(1.680085640382,-2.260171280765,1.75));
#8553 = LINE('',#8554,#8555);
#8554 = CARTESIAN_POINT('',(1.760171280765,-2.180085640382,1.75));
#8555 = VECTOR('',#8556,1.);
#8556 = DIRECTION('',(-0.707106781187,-0.707106781187,0.));
#8557 = ORIENTED_EDGE('',*,*,#8558,.T.);
#8558 = EDGE_CURVE('',#8551,#8559,#8561,.T.);
#8559 = VERTEX_POINT('',#8560);
#8560 = CARTESIAN_POINT('',(-1.680085640382,-2.260171280765,1.75));
#8561 = LINE('',#8562,#8563);
#8562 = CARTESIAN_POINT('',(1.680085640382,-2.260171280765,1.75));
#8563 = VECTOR('',#8564,1.);
#8564 = DIRECTION('',(-1.,-2.22044604925E-16,0.));
#8565 = ORIENTED_EDGE('',*,*,#8566,.T.);
#8566 = EDGE_CURVE('',#8559,#8567,#8569,.T.);
#8567 = VERTEX_POINT('',#8568);
#8568 = CARTESIAN_POINT('',(-1.760171280765,-2.180085640382,1.75));
#8569 = LINE('',#8570,#8571);
#8570 = CARTESIAN_POINT('',(-1.680085640382,-2.260171280765,1.75));
#8571 = VECTOR('',#8572,1.);
#8572 = DIRECTION('',(-0.707106781187,0.707106781187,0.));
#8573 = ORIENTED_EDGE('',*,*,#8574,.T.);
#8574 = EDGE_CURVE('',#8567,#8575,#8577,.T.);
#8575 = VERTEX_POINT('',#8576);
#8576 = CARTESIAN_POINT('',(-1.760171280765,2.180085640382,1.75));
#8577 = LINE('',#8578,#8579);
#8578 = CARTESIAN_POINT('',(-1.760171280765,-2.180085640382,1.75));
#8579 = VECTOR('',#8580,1.);
#8580 = DIRECTION('',(-2.22044604925E-16,1.,0.));
#8581 = ORIENTED_EDGE('',*,*,#8582,.T.);
#8582 = EDGE_CURVE('',#8575,#8541,#8583,.T.);
#8583 = LINE('',#8584,#8585);
#8584 = CARTESIAN_POINT('',(-1.760171280765,2.180085640382,1.75));
#8585 = VECTOR('',#8586,1.);
#8586 = DIRECTION('',(0.707106781187,0.707106781187,0.));
#8587 = FACE_BOUND('',#8588,.F.);
#8588 = EDGE_LOOP('',(#8589));
#8589 = ORIENTED_EDGE('',*,*,#8590,.T.);
#8590 = EDGE_CURVE('',#8591,#8591,#8593,.T.);
#8591 = VERTEX_POINT('',#8592);
#8592 = CARTESIAN_POINT('',(-1.110171280765,1.310171280765,1.75));
#8593 = CIRCLE('',#8594,0.3);
#8594 = AXIS2_PLACEMENT_3D('',#8595,#8596,#8597);
#8595 = CARTESIAN_POINT('',(-1.110171280765,1.610171280765,1.75));
#8596 = DIRECTION('',(-0.,0.,1.));
#8597 = DIRECTION('',(2.22044604925E-16,-1.,0.));
#8598 = PLANE('',#8599);
#8599 = AXIS2_PLACEMENT_3D('',#8600,#8601,#8602);
#8600 = CARTESIAN_POINT('',(-1.680085640382,2.260171280765,1.75));
#8601 = DIRECTION('',(0.,0.,-1.));
#8602 = DIRECTION('',(0.596575959062,-0.802556617983,0.));
#8603 = ADVANCED_FACE('',(#8604),#8621,.F.);
#8604 = FACE_BOUND('',#8605,.F.);
#8605 = EDGE_LOOP('',(#8606,#8614,#8619,#8620));
#8606 = ORIENTED_EDGE('',*,*,#8607,.T.);
#8607 = EDGE_CURVE('',#7555,#8608,#8610,.T.);
#8608 = VERTEX_POINT('',#8609);
#8609 = CARTESIAN_POINT('',(1.7375,-2.375,1.025));
#8610 = LINE('',#8611,#8612);
#8611 = CARTESIAN_POINT('',(1.875,-2.2375,1.025));
#8612 = VECTOR('',#8613,1.);
#8613 = DIRECTION('',(-0.707106781187,-0.707106781187,0.));
#8614 = ORIENTED_EDGE('',*,*,#8615,.T.);
#8615 = EDGE_CURVE('',#8608,#8551,#8616,.T.);
#8616 = B_SPLINE_CURVE_WITH_KNOTS('',1,(#8617,#8618),.UNSPECIFIED.,.F.,
  .F.,(2,2),(0.,1.),.PIECEWISE_BEZIER_KNOTS.);
#8617 = CARTESIAN_POINT('',(1.7375,-2.375,1.025));
#8618 = CARTESIAN_POINT('',(1.680085640382,-2.260171280765,1.75));
#8619 = ORIENTED_EDGE('',*,*,#8550,.F.);
#8620 = ORIENTED_EDGE('',*,*,#7562,.F.);
#8621 = B_SPLINE_SURFACE_WITH_KNOTS('',1,1,(
    (#8622,#8623)
    ,(#8624,#8625
    )),.UNSPECIFIED.,.F.,.F.,.F.,(2,2),(2,2),(0.,0.194454364826),(0.,1.)
  ,.PIECEWISE_BEZIER_KNOTS.);
#8622 = CARTESIAN_POINT('',(1.875,-2.2375,1.025));
#8623 = CARTESIAN_POINT('',(1.760171280765,-2.180085640382,1.75));
#8624 = CARTESIAN_POINT('',(1.7375,-2.375,1.025));
#8625 = CARTESIAN_POINT('',(1.680085640382,-2.260171280765,1.75));
#8626 = ADVANCED_FACE('',(#8627),#8640,.F.);
#8627 = FACE_BOUND('',#8628,.F.);
#8628 = EDGE_LOOP('',(#8629,#8630,#8636,#8637,#8638,#8639));
#8629 = ORIENTED_EDGE('',*,*,#7685,.F.);
#8630 = ORIENTED_EDGE('',*,*,#8631,.T.);
#8631 = EDGE_CURVE('',#7677,#8318,#8632,.T.);
#8632 = LINE('',#8633,#8634);
#8633 = CARTESIAN_POINT('',(2.25,0.84,1.025));
#8634 = VECTOR('',#8635,1.);
#8635 = DIRECTION('',(2.22044604925E-16,-1.,0.));
#8636 = ORIENTED_EDGE('',*,*,#8326,.T.);
#8637 = ORIENTED_EDGE('',*,*,#8449,.T.);
#8638 = ORIENTED_EDGE('',*,*,#7514,.F.);
#8639 = ORIENTED_EDGE('',*,*,#7592,.F.);
#8640 = PLANE('',#8641);
#8641 = AXIS2_PLACEMENT_3D('',#8642,#8643,#8644);
#8642 = CARTESIAN_POINT('',(2.25,0.84,1.025));
#8643 = DIRECTION('',(0.,0.,-1.));
#8644 = DIRECTION('',(-1.,-2.22044604925E-16,-0.));
#8645 = ADVANCED_FACE('',(#8646),#8659,.F.);
#8646 = FACE_BOUND('',#8647,.F.);
#8647 = EDGE_LOOP('',(#8648,#8649,#8655,#8656,#8657,#8658));
#8648 = ORIENTED_EDGE('',*,*,#8086,.F.);
#8649 = ORIENTED_EDGE('',*,*,#8650,.T.);
#8650 = EDGE_CURVE('',#8078,#7965,#8651,.T.);
#8651 = LINE('',#8652,#8653);
#8652 = CARTESIAN_POINT('',(2.25,-1.7,1.025));
#8653 = VECTOR('',#8654,1.);
#8654 = DIRECTION('',(2.22044604925E-16,-1.,0.));
#8655 = ORIENTED_EDGE('',*,*,#7973,.T.);
#8656 = ORIENTED_EDGE('',*,*,#7987,.T.);
#8657 = ORIENTED_EDGE('',*,*,#7546,.F.);
#8658 = ORIENTED_EDGE('',*,*,#8216,.F.);
#8659 = PLANE('',#8660);
#8660 = AXIS2_PLACEMENT_3D('',#8661,#8662,#8663);
#8661 = CARTESIAN_POINT('',(2.25,-1.7,1.025));
#8662 = DIRECTION('',(0.,0.,-1.));
#8663 = DIRECTION('',(-1.,-2.22044604925E-16,-0.));
#8664 = ADVANCED_FACE('',(#8665),#8678,.F.);
#8665 = FACE_BOUND('',#8666,.F.);
#8666 = EDGE_LOOP('',(#8667,#8668,#8674,#8675,#8676,#8677));
#8667 = ORIENTED_EDGE('',*,*,#8418,.F.);
#8668 = ORIENTED_EDGE('',*,*,#8669,.T.);
#8669 = EDGE_CURVE('',#8410,#8187,#8670,.T.);
#8670 = LINE('',#8671,#8672);
#8671 = CARTESIAN_POINT('',(2.25,-0.43,1.025));
#8672 = VECTOR('',#8673,1.);
#8673 = DIRECTION('',(2.22044604925E-16,-1.,0.));
#8674 = ORIENTED_EDGE('',*,*,#8195,.T.);
#8675 = ORIENTED_EDGE('',*,*,#8209,.T.);
#8676 = ORIENTED_EDGE('',*,*,#7530,.F.);
#8677 = ORIENTED_EDGE('',*,*,#8456,.F.);
#8678 = PLANE('',#8679);
#8679 = AXIS2_PLACEMENT_3D('',#8680,#8681,#8682);
#8680 = CARTESIAN_POINT('',(2.25,-0.43,1.025));
#8681 = DIRECTION('',(0.,0.,-1.));
#8682 = DIRECTION('',(-1.,-2.22044604925E-16,-0.));
#8683 = ADVANCED_FACE('',(#8684),#8695,.T.);
#8684 = FACE_BOUND('',#8685,.T.);
#8685 = EDGE_LOOP('',(#8686,#8687,#8688,#8689));
#8686 = ORIENTED_EDGE('',*,*,#7676,.T.);
#8687 = ORIENTED_EDGE('',*,*,#8631,.T.);
#8688 = ORIENTED_EDGE('',*,*,#8317,.F.);
#8689 = ORIENTED_EDGE('',*,*,#8690,.F.);
#8690 = EDGE_CURVE('',#7669,#8310,#8691,.T.);
#8691 = LINE('',#8692,#8693);
#8692 = CARTESIAN_POINT('',(2.55,0.84,0.725));
#8693 = VECTOR('',#8694,1.);
#8694 = DIRECTION('',(2.22044604925E-16,-1.,0.));
#8695 = CYLINDRICAL_SURFACE('',#8696,0.3);
#8696 = AXIS2_PLACEMENT_3D('',#8697,#8698,#8699);
#8697 = CARTESIAN_POINT('',(2.25,0.84,0.725));
#8698 = DIRECTION('',(-2.22044604925E-16,1.,-0.));
#8699 = DIRECTION('',(1.,2.22044604925E-16,3.700743415417E-16));
#8700 = ADVANCED_FACE('',(#8701),#8712,.F.);
#8701 = FACE_BOUND('',#8702,.F.);
#8702 = EDGE_LOOP('',(#8703,#8709,#8710,#8711));
#8703 = ORIENTED_EDGE('',*,*,#8704,.T.);
#8704 = EDGE_CURVE('',#7660,#8301,#8705,.T.);
#8705 = LINE('',#8706,#8707);
#8706 = CARTESIAN_POINT('',(2.55,0.84,0.3));
#8707 = VECTOR('',#8708,1.);
#8708 = DIRECTION('',(2.22044604925E-16,-1.,0.));
#8709 = ORIENTED_EDGE('',*,*,#8309,.T.);
#8710 = ORIENTED_EDGE('',*,*,#8690,.F.);
#8711 = ORIENTED_EDGE('',*,*,#7668,.F.);
#8712 = PLANE('',#8713);
#8713 = AXIS2_PLACEMENT_3D('',#8714,#8715,#8716);
#8714 = CARTESIAN_POINT('',(2.55,0.84,0.3));
#8715 = DIRECTION('',(-1.,-2.22044604925E-16,0.));
#8716 = DIRECTION('',(0.,0.,1.));
#8717 = ADVANCED_FACE('',(#8718),#8729,.F.);
#8718 = FACE_BOUND('',#8719,.F.);
#8719 = EDGE_LOOP('',(#8720,#8726,#8727,#8728));
#8720 = ORIENTED_EDGE('',*,*,#8721,.T.);
#8721 = EDGE_CURVE('',#7652,#8293,#8722,.T.);
#8722 = LINE('',#8723,#8724);
#8723 = CARTESIAN_POINT('',(2.65,0.84,0.2));
#8724 = VECTOR('',#8725,1.);
#8725 = DIRECTION('',(2.22044604925E-16,-1.,0.));
#8726 = ORIENTED_EDGE('',*,*,#8300,.T.);
#8727 = ORIENTED_EDGE('',*,*,#8704,.F.);
#8728 = ORIENTED_EDGE('',*,*,#7659,.F.);
#8729 = CYLINDRICAL_SURFACE('',#8730,0.1);
#8730 = AXIS2_PLACEMENT_3D('',#8731,#8732,#8733);
#8731 = CARTESIAN_POINT('',(2.65,0.84,0.3));
#8732 = DIRECTION('',(-2.22044604925E-16,1.,0.));
#8733 = DIRECTION('',(0.,0.,-1.));
#8734 = ADVANCED_FACE('',(#8735),#8746,.F.);
#8735 = FACE_BOUND('',#8736,.F.);
#8736 = EDGE_LOOP('',(#8737,#8743,#8744,#8745));
#8737 = ORIENTED_EDGE('',*,*,#8738,.T.);
#8738 = EDGE_CURVE('',#7644,#8285,#8739,.T.);
#8739 = LINE('',#8740,#8741);
#8740 = CARTESIAN_POINT('',(3.,0.84,0.2));
#8741 = VECTOR('',#8742,1.);
#8742 = DIRECTION('',(2.22044604925E-16,-1.,0.));
#8743 = ORIENTED_EDGE('',*,*,#8292,.T.);
#8744 = ORIENTED_EDGE('',*,*,#8721,.F.);
#8745 = ORIENTED_EDGE('',*,*,#7651,.F.);
#8746 = PLANE('',#8747);
#8747 = AXIS2_PLACEMENT_3D('',#8748,#8749,#8750);
#8748 = CARTESIAN_POINT('',(3.,0.84,0.2));
#8749 = DIRECTION('',(0.,0.,-1.));
#8750 = DIRECTION('',(-1.,-2.22044604925E-16,-0.));
#8751 = ADVANCED_FACE('',(#8752),#8763,.F.);
#8752 = FACE_BOUND('',#8753,.F.);
#8753 = EDGE_LOOP('',(#8754,#8760,#8761,#8762));
#8754 = ORIENTED_EDGE('',*,*,#8755,.T.);
#8755 = EDGE_CURVE('',#7636,#8277,#8756,.T.);
#8756 = LINE('',#8757,#8758);
#8757 = CARTESIAN_POINT('',(3.,0.84,5.551115123126E-17));
#8758 = VECTOR('',#8759,1.);
#8759 = DIRECTION('',(2.22044604925E-16,-1.,0.));
#8760 = ORIENTED_EDGE('',*,*,#8284,.T.);
#8761 = ORIENTED_EDGE('',*,*,#8738,.F.);
#8762 = ORIENTED_EDGE('',*,*,#7643,.F.);
#8763 = PLANE('',#8764);
#8764 = AXIS2_PLACEMENT_3D('',#8765,#8766,#8767);
#8765 = CARTESIAN_POINT('',(3.,0.84,5.551115123126E-17));
#8766 = DIRECTION('',(-1.,-2.22044604925E-16,0.));
#8767 = DIRECTION('',(0.,0.,1.));
#8768 = ADVANCED_FACE('',(#8769),#8780,.F.);
#8769 = FACE_BOUND('',#8770,.F.);
#8770 = EDGE_LOOP('',(#8771,#8777,#8778,#8779));
#8771 = ORIENTED_EDGE('',*,*,#8772,.T.);
#8772 = EDGE_CURVE('',#7627,#8268,#8773,.T.);
#8773 = LINE('',#8774,#8775);
#8774 = CARTESIAN_POINT('',(2.65,0.84,5.551115123126E-17));
#8775 = VECTOR('',#8776,1.);
#8776 = DIRECTION('',(2.22044604925E-16,-1.,0.));
#8777 = ORIENTED_EDGE('',*,*,#8276,.T.);
#8778 = ORIENTED_EDGE('',*,*,#8755,.F.);
#8779 = ORIENTED_EDGE('',*,*,#7635,.F.);
#8780 = PLANE('',#8781);
#8781 = AXIS2_PLACEMENT_3D('',#8782,#8783,#8784);
#8782 = CARTESIAN_POINT('',(2.65,0.84,5.551115123126E-17));
#8783 = DIRECTION('',(0.,0.,1.));
#8784 = DIRECTION('',(1.,2.22044604925E-16,-0.));
#8785 = ADVANCED_FACE('',(#8786),#8797,.T.);
#8786 = FACE_BOUND('',#8787,.T.);
#8787 = EDGE_LOOP('',(#8788,#8789,#8790,#8791));
#8788 = ORIENTED_EDGE('',*,*,#7626,.T.);
#8789 = ORIENTED_EDGE('',*,*,#8772,.T.);
#8790 = ORIENTED_EDGE('',*,*,#8267,.F.);
#8791 = ORIENTED_EDGE('',*,*,#8792,.F.);
#8792 = EDGE_CURVE('',#7619,#8260,#8793,.T.);
#8793 = LINE('',#8794,#8795);
#8794 = CARTESIAN_POINT('',(2.35,0.84,0.3));
#8795 = VECTOR('',#8796,1.);
#8796 = DIRECTION('',(2.22044604925E-16,-1.,0.));
#8797 = CYLINDRICAL_SURFACE('',#8798,0.3);
#8798 = AXIS2_PLACEMENT_3D('',#8799,#8800,#8801);
#8799 = CARTESIAN_POINT('',(2.65,0.84,0.3));
#8800 = DIRECTION('',(-2.22044604925E-16,1.,-0.));
#8801 = DIRECTION('',(-1.,-2.22044604925E-16,3.515706244646E-15));
#8802 = ADVANCED_FACE('',(#8803),#8809,.F.);
#8803 = FACE_BOUND('',#8804,.F.);
#8804 = EDGE_LOOP('',(#8805,#8806,#8807,#8808));
#8805 = ORIENTED_EDGE('',*,*,#8241,.T.);
#8806 = ORIENTED_EDGE('',*,*,#8259,.T.);
#8807 = ORIENTED_EDGE('',*,*,#8792,.F.);
#8808 = ORIENTED_EDGE('',*,*,#7618,.F.);
#8809 = PLANE('',#8810);
#8810 = AXIS2_PLACEMENT_3D('',#8811,#8812,#8813);
#8811 = CARTESIAN_POINT('',(2.35,0.84,0.725));
#8812 = DIRECTION('',(1.,2.22044604925E-16,1.044915787883E-15));
#8813 = DIRECTION('',(1.044915787883E-15,2.320179133003E-31,-1.));
#8814 = ADVANCED_FACE('',(#8815),#8832,.F.);
#8815 = FACE_BOUND('',#8816,.F.);
#8816 = EDGE_LOOP('',(#8817,#8818,#8825,#8831));
#8817 = ORIENTED_EDGE('',*,*,#7730,.T.);
#8818 = ORIENTED_EDGE('',*,*,#8819,.T.);
#8819 = EDGE_CURVE('',#7724,#8820,#8822,.T.);
#8820 = VERTEX_POINT('',#8821);
#8821 = CARTESIAN_POINT('',(-1.775,-2.45,1.025));
#8822 = B_SPLINE_CURVE_WITH_KNOTS('',1,(#8823,#8824),.UNSPECIFIED.,.F.,
  .F.,(2,2),(0.,1.),.PIECEWISE_BEZIER_KNOTS.);
#8823 = CARTESIAN_POINT('',(-1.775,-2.45,0.825));
#8824 = CARTESIAN_POINT('',(-1.775,-2.45,1.025));
#8825 = ORIENTED_EDGE('',*,*,#8826,.F.);
#8826 = EDGE_CURVE('',#7874,#8820,#8827,.T.);
#8827 = LINE('',#8828,#8829);
#8828 = CARTESIAN_POINT('',(1.775,-2.45,1.025));
#8829 = VECTOR('',#8830,1.);
#8830 = DIRECTION('',(-1.,-2.22044604925E-16,0.));
#8831 = ORIENTED_EDGE('',*,*,#7873,.F.);
#8832 = PLANE('',#8833);
#8833 = AXIS2_PLACEMENT_3D('',#8834,#8835,#8836);
#8834 = CARTESIAN_POINT('',(1.775,-2.45,1.025));
#8835 = DIRECTION('',(-2.22044604925E-16,1.,0.));
#8836 = DIRECTION('',(-1.,-2.22044604925E-16,0.));
#8837 = ADVANCED_FACE('',(#8838),#8855,.F.);
#8838 = FACE_BOUND('',#8839,.F.);
#8839 = EDGE_LOOP('',(#8840,#8841,#8848,#8854));
#8840 = ORIENTED_EDGE('',*,*,#7753,.T.);
#8841 = ORIENTED_EDGE('',*,*,#8842,.T.);
#8842 = EDGE_CURVE('',#7747,#8843,#8845,.T.);
#8843 = VERTEX_POINT('',#8844);
#8844 = CARTESIAN_POINT('',(-1.95,-2.275,1.025));
#8845 = B_SPLINE_CURVE_WITH_KNOTS('',1,(#8846,#8847),.UNSPECIFIED.,.F.,
  .F.,(2,2),(0.,1.),.PIECEWISE_BEZIER_KNOTS.);
#8846 = CARTESIAN_POINT('',(-1.95,-2.275,0.825));
#8847 = CARTESIAN_POINT('',(-1.95,-2.275,1.025));
#8848 = ORIENTED_EDGE('',*,*,#8849,.F.);
#8849 = EDGE_CURVE('',#8820,#8843,#8850,.T.);
#8850 = LINE('',#8851,#8852);
#8851 = CARTESIAN_POINT('',(-1.775,-2.45,1.025));
#8852 = VECTOR('',#8853,1.);
#8853 = DIRECTION('',(-0.707106781187,0.707106781187,0.));
#8854 = ORIENTED_EDGE('',*,*,#8819,.F.);
#8855 = PLANE('',#8856);
#8856 = AXIS2_PLACEMENT_3D('',#8857,#8858,#8859);
#8857 = CARTESIAN_POINT('',(-1.775,-2.45,1.025));
#8858 = DIRECTION('',(0.707106781187,0.707106781187,0.));
#8859 = DIRECTION('',(-0.707106781187,0.707106781187,0.));
#8860 = ADVANCED_FACE('',(#8861),#8879,.F.);
#8861 = FACE_BOUND('',#8862,.F.);
#8862 = EDGE_LOOP('',(#8863,#8864,#8865,#8873));
#8863 = ORIENTED_EDGE('',*,*,#8842,.F.);
#8864 = ORIENTED_EDGE('',*,*,#7840,.T.);
#8865 = ORIENTED_EDGE('',*,*,#8866,.T.);
#8866 = EDGE_CURVE('',#7833,#8867,#8869,.T.);
#8867 = VERTEX_POINT('',#8868);
#8868 = CARTESIAN_POINT('',(-1.95,-2.11,1.025));
#8869 = LINE('',#8870,#8871);
#8870 = CARTESIAN_POINT('',(-1.95,-2.11,0.778829828783));
#8871 = VECTOR('',#8872,1.);
#8872 = DIRECTION('',(0.,0.,1.));
#8873 = ORIENTED_EDGE('',*,*,#8874,.F.);
#8874 = EDGE_CURVE('',#8843,#8867,#8875,.T.);
#8875 = LINE('',#8876,#8877);
#8876 = CARTESIAN_POINT('',(-1.95,-2.275,1.025));
#8877 = VECTOR('',#8878,1.);
#8878 = DIRECTION('',(-2.22044604925E-16,1.,0.));
#8879 = PLANE('',#8880);
#8880 = AXIS2_PLACEMENT_3D('',#8881,#8882,#8883);
#8881 = CARTESIAN_POINT('',(-1.95,-2.275,1.025));
#8882 = DIRECTION('',(1.,2.22044604925E-16,0.));
#8883 = DIRECTION('',(-2.22044604925E-16,1.,0.));
#8884 = ADVANCED_FACE('',(#8885),#8909,.F.);
#8885 = FACE_BOUND('',#8886,.F.);
#8886 = EDGE_LOOP('',(#8887,#8895,#8896,#8903));
#8887 = ORIENTED_EDGE('',*,*,#8888,.F.);
#8888 = EDGE_CURVE('',#7777,#8889,#8891,.T.);
#8889 = VERTEX_POINT('',#8890);
#8890 = CARTESIAN_POINT('',(-1.95,2.11,1.025));
#8891 = LINE('',#8892,#8893);
#8892 = CARTESIAN_POINT('',(-1.95,2.11,0.778829828783));
#8893 = VECTOR('',#8894,1.);
#8894 = DIRECTION('',(0.,0.,1.));
#8895 = ORIENTED_EDGE('',*,*,#7776,.T.);
#8896 = ORIENTED_EDGE('',*,*,#8897,.T.);
#8897 = EDGE_CURVE('',#7770,#8898,#8900,.T.);
#8898 = VERTEX_POINT('',#8899);
#8899 = CARTESIAN_POINT('',(-1.95,2.275,1.025));
#8900 = B_SPLINE_CURVE_WITH_KNOTS('',1,(#8901,#8902),.UNSPECIFIED.,.F.,
  .F.,(2,2),(0.,1.),.PIECEWISE_BEZIER_KNOTS.);
#8901 = CARTESIAN_POINT('',(-1.95,2.275,0.825));
#8902 = CARTESIAN_POINT('',(-1.95,2.275,1.025));
#8903 = ORIENTED_EDGE('',*,*,#8904,.F.);
#8904 = EDGE_CURVE('',#8889,#8898,#8905,.T.);
#8905 = LINE('',#8906,#8907);
#8906 = CARTESIAN_POINT('',(-1.95,-2.275,1.025));
#8907 = VECTOR('',#8908,1.);
#8908 = DIRECTION('',(-2.22044604925E-16,1.,0.));
#8909 = PLANE('',#8910);
#8910 = AXIS2_PLACEMENT_3D('',#8911,#8912,#8913);
#8911 = CARTESIAN_POINT('',(-1.95,-2.275,1.025));
#8912 = DIRECTION('',(1.,2.22044604925E-16,0.));
#8913 = DIRECTION('',(-2.22044604925E-16,1.,0.));
#8914 = ADVANCED_FACE('',(#8915),#8940,.F.);
#8915 = FACE_BOUND('',#8916,.F.);
#8916 = EDGE_LOOP('',(#8917,#8925,#8926,#8934));
#8917 = ORIENTED_EDGE('',*,*,#8918,.F.);
#8918 = EDGE_CURVE('',#7833,#8919,#8921,.T.);
#8919 = VERTEX_POINT('',#8920);
#8920 = CARTESIAN_POINT('',(-2.25,-2.11,0.825));
#8921 = LINE('',#8922,#8923);
#8922 = CARTESIAN_POINT('',(-1.8,-2.11,0.825));
#8923 = VECTOR('',#8924,1.);
#8924 = DIRECTION('',(-1.,-9.95799250103E-17,0.));
#8925 = ORIENTED_EDGE('',*,*,#7832,.T.);
#8926 = ORIENTED_EDGE('',*,*,#8927,.T.);
#8927 = EDGE_CURVE('',#7825,#8928,#8930,.T.);
#8928 = VERTEX_POINT('',#8929);
#8929 = CARTESIAN_POINT('',(-2.25,-1.7,0.825));
#8930 = LINE('',#8931,#8932);
#8931 = CARTESIAN_POINT('',(-1.8,-1.7,0.825));
#8932 = VECTOR('',#8933,1.);
#8933 = DIRECTION('',(-1.,-9.95799250103E-17,0.));
#8934 = ORIENTED_EDGE('',*,*,#8935,.F.);
#8935 = EDGE_CURVE('',#8919,#8928,#8936,.T.);
#8936 = LINE('',#8937,#8938);
#8937 = CARTESIAN_POINT('',(-2.25,-2.11,0.825));
#8938 = VECTOR('',#8939,1.);
#8939 = DIRECTION('',(-9.95799250103E-17,1.,0.));
#8940 = PLANE('',#8941);
#8941 = AXIS2_PLACEMENT_3D('',#8942,#8943,#8944);
#8942 = CARTESIAN_POINT('',(-1.8,-2.11,0.825));
#8943 = DIRECTION('',(0.,0.,1.));
#8944 = DIRECTION('',(-1.,-9.95799250103E-17,0.));
#8945 = ADVANCED_FACE('',(#8946),#8971,.F.);
#8946 = FACE_BOUND('',#8947,.F.);
#8947 = EDGE_LOOP('',(#8948,#8956,#8957,#8965));
#8948 = ORIENTED_EDGE('',*,*,#8949,.F.);
#8949 = EDGE_CURVE('',#7785,#8950,#8952,.T.);
#8950 = VERTEX_POINT('',#8951);
#8951 = CARTESIAN_POINT('',(-2.25,1.7,0.825));
#8952 = LINE('',#8953,#8954);
#8953 = CARTESIAN_POINT('',(-1.8,1.7,0.825));
#8954 = VECTOR('',#8955,1.);
#8955 = DIRECTION('',(-1.,-9.95799250103E-17,0.));
#8956 = ORIENTED_EDGE('',*,*,#7784,.T.);
#8957 = ORIENTED_EDGE('',*,*,#8958,.T.);
#8958 = EDGE_CURVE('',#7777,#8959,#8961,.T.);
#8959 = VERTEX_POINT('',#8960);
#8960 = CARTESIAN_POINT('',(-2.25,2.11,0.825));
#8961 = LINE('',#8962,#8963);
#8962 = CARTESIAN_POINT('',(-1.8,2.11,0.825));
#8963 = VECTOR('',#8964,1.);
#8964 = DIRECTION('',(-1.,-9.95799250103E-17,0.));
#8965 = ORIENTED_EDGE('',*,*,#8966,.F.);
#8966 = EDGE_CURVE('',#8950,#8959,#8967,.T.);
#8967 = LINE('',#8968,#8969);
#8968 = CARTESIAN_POINT('',(-2.25,1.7,0.825));
#8969 = VECTOR('',#8970,1.);
#8970 = DIRECTION('',(-9.95799250103E-17,1.,0.));
#8971 = PLANE('',#8972);
#8972 = AXIS2_PLACEMENT_3D('',#8973,#8974,#8975);
#8973 = CARTESIAN_POINT('',(-1.8,1.7,0.825));
#8974 = DIRECTION('',(0.,0.,1.));
#8975 = DIRECTION('',(-1.,-9.95799250103E-17,0.));
#8976 = ADVANCED_FACE('',(#8977),#9002,.F.);
#8977 = FACE_BOUND('',#8978,.F.);
#8978 = EDGE_LOOP('',(#8979,#8987,#8988,#8996));
#8979 = ORIENTED_EDGE('',*,*,#8980,.F.);
#8980 = EDGE_CURVE('',#7825,#8981,#8983,.T.);
#8981 = VERTEX_POINT('',#8982);
#8982 = CARTESIAN_POINT('',(-1.95,-1.7,1.025));
#8983 = LINE('',#8984,#8985);
#8984 = CARTESIAN_POINT('',(-1.95,-1.7,0.778829828783));
#8985 = VECTOR('',#8986,1.);
#8986 = DIRECTION('',(0.,0.,1.));
#8987 = ORIENTED_EDGE('',*,*,#7824,.T.);
#8988 = ORIENTED_EDGE('',*,*,#8989,.T.);
#8989 = EDGE_CURVE('',#7817,#8990,#8992,.T.);
#8990 = VERTEX_POINT('',#8991);
#8991 = CARTESIAN_POINT('',(-1.95,-0.84,1.025));
#8992 = LINE('',#8993,#8994);
#8993 = CARTESIAN_POINT('',(-1.95,-0.84,0.778829828783));
#8994 = VECTOR('',#8995,1.);
#8995 = DIRECTION('',(0.,0.,1.));
#8996 = ORIENTED_EDGE('',*,*,#8997,.F.);
#8997 = EDGE_CURVE('',#8981,#8990,#8998,.T.);
#8998 = LINE('',#8999,#9000);
#8999 = CARTESIAN_POINT('',(-1.95,-2.275,1.025));
#9000 = VECTOR('',#9001,1.);
#9001 = DIRECTION('',(-2.22044604925E-16,1.,0.));
#9002 = PLANE('',#9003);
#9003 = AXIS2_PLACEMENT_3D('',#9004,#9005,#9006);
#9004 = CARTESIAN_POINT('',(-1.95,-2.275,1.025));
#9005 = DIRECTION('',(1.,2.22044604925E-16,0.));
#9006 = DIRECTION('',(-2.22044604925E-16,1.,0.));
#9007 = ADVANCED_FACE('',(#9008),#9033,.F.);
#9008 = FACE_BOUND('',#9009,.F.);
#9009 = EDGE_LOOP('',(#9010,#9018,#9019,#9027));
#9010 = ORIENTED_EDGE('',*,*,#9011,.F.);
#9011 = EDGE_CURVE('',#7793,#9012,#9014,.T.);
#9012 = VERTEX_POINT('',#9013);
#9013 = CARTESIAN_POINT('',(-1.95,0.84,1.025));
#9014 = LINE('',#9015,#9016);
#9015 = CARTESIAN_POINT('',(-1.95,0.84,0.778829828783));
#9016 = VECTOR('',#9017,1.);
#9017 = DIRECTION('',(0.,0.,1.));
#9018 = ORIENTED_EDGE('',*,*,#7792,.T.);
#9019 = ORIENTED_EDGE('',*,*,#9020,.T.);
#9020 = EDGE_CURVE('',#7785,#9021,#9023,.T.);
#9021 = VERTEX_POINT('',#9022);
#9022 = CARTESIAN_POINT('',(-1.95,1.7,1.025));
#9023 = LINE('',#9024,#9025);
#9024 = CARTESIAN_POINT('',(-1.95,1.7,0.778829828783));
#9025 = VECTOR('',#9026,1.);
#9026 = DIRECTION('',(0.,0.,1.));
#9027 = ORIENTED_EDGE('',*,*,#9028,.F.);
#9028 = EDGE_CURVE('',#9012,#9021,#9029,.T.);
#9029 = LINE('',#9030,#9031);
#9030 = CARTESIAN_POINT('',(-1.95,-2.275,1.025));
#9031 = VECTOR('',#9032,1.);
#9032 = DIRECTION('',(-2.22044604925E-16,1.,0.));
#9033 = PLANE('',#9034);
#9034 = AXIS2_PLACEMENT_3D('',#9035,#9036,#9037);
#9035 = CARTESIAN_POINT('',(-1.95,-2.275,1.025));
#9036 = DIRECTION('',(1.,2.22044604925E-16,0.));
#9037 = DIRECTION('',(-2.22044604925E-16,1.,0.));
#9038 = ADVANCED_FACE('',(#9039),#9064,.F.);
#9039 = FACE_BOUND('',#9040,.F.);
#9040 = EDGE_LOOP('',(#9041,#9049,#9050,#9058));
#9041 = ORIENTED_EDGE('',*,*,#9042,.F.);
#9042 = EDGE_CURVE('',#7817,#9043,#9045,.T.);
#9043 = VERTEX_POINT('',#9044);
#9044 = CARTESIAN_POINT('',(-2.25,-0.84,0.825));
#9045 = LINE('',#9046,#9047);
#9046 = CARTESIAN_POINT('',(-1.8,-0.84,0.825));
#9047 = VECTOR('',#9048,1.);
#9048 = DIRECTION('',(-1.,-9.95799250103E-17,0.));
#9049 = ORIENTED_EDGE('',*,*,#7816,.T.);
#9050 = ORIENTED_EDGE('',*,*,#9051,.T.);
#9051 = EDGE_CURVE('',#7809,#9052,#9054,.T.);
#9052 = VERTEX_POINT('',#9053);
#9053 = CARTESIAN_POINT('',(-2.25,-0.43,0.825));
#9054 = LINE('',#9055,#9056);
#9055 = CARTESIAN_POINT('',(-1.8,-0.43,0.825));
#9056 = VECTOR('',#9057,1.);
#9057 = DIRECTION('',(-1.,-9.95799250103E-17,0.));
#9058 = ORIENTED_EDGE('',*,*,#9059,.F.);
#9059 = EDGE_CURVE('',#9043,#9052,#9060,.T.);
#9060 = LINE('',#9061,#9062);
#9061 = CARTESIAN_POINT('',(-2.25,-0.84,0.825));
#9062 = VECTOR('',#9063,1.);
#9063 = DIRECTION('',(-9.95799250103E-17,1.,0.));
#9064 = PLANE('',#9065);
#9065 = AXIS2_PLACEMENT_3D('',#9066,#9067,#9068);
#9066 = CARTESIAN_POINT('',(-1.8,-0.84,0.825));
#9067 = DIRECTION('',(0.,0.,1.));
#9068 = DIRECTION('',(-1.,-9.95799250103E-17,0.));
#9069 = ADVANCED_FACE('',(#9070),#9095,.F.);
#9070 = FACE_BOUND('',#9071,.F.);
#9071 = EDGE_LOOP('',(#9072,#9080,#9081,#9089));
#9072 = ORIENTED_EDGE('',*,*,#9073,.F.);
#9073 = EDGE_CURVE('',#7801,#9074,#9076,.T.);
#9074 = VERTEX_POINT('',#9075);
#9075 = CARTESIAN_POINT('',(-2.25,0.43,0.825));
#9076 = LINE('',#9077,#9078);
#9077 = CARTESIAN_POINT('',(-1.8,0.43,0.825));
#9078 = VECTOR('',#9079,1.);
#9079 = DIRECTION('',(-1.,-9.95799250103E-17,0.));
#9080 = ORIENTED_EDGE('',*,*,#7800,.T.);
#9081 = ORIENTED_EDGE('',*,*,#9082,.T.);
#9082 = EDGE_CURVE('',#7793,#9083,#9085,.T.);
#9083 = VERTEX_POINT('',#9084);
#9084 = CARTESIAN_POINT('',(-2.25,0.84,0.825));
#9085 = LINE('',#9086,#9087);
#9086 = CARTESIAN_POINT('',(-1.8,0.84,0.825));
#9087 = VECTOR('',#9088,1.);
#9088 = DIRECTION('',(-1.,-9.95799250103E-17,0.));
#9089 = ORIENTED_EDGE('',*,*,#9090,.F.);
#9090 = EDGE_CURVE('',#9074,#9083,#9091,.T.);
#9091 = LINE('',#9092,#9093);
#9092 = CARTESIAN_POINT('',(-2.25,0.43,0.825));
#9093 = VECTOR('',#9094,1.);
#9094 = DIRECTION('',(-9.95799250103E-17,1.,0.));
#9095 = PLANE('',#9096);
#9096 = AXIS2_PLACEMENT_3D('',#9097,#9098,#9099);
#9097 = CARTESIAN_POINT('',(-1.8,0.43,0.825));
#9098 = DIRECTION('',(0.,0.,1.));
#9099 = DIRECTION('',(-1.,-9.95799250103E-17,0.));
#9100 = ADVANCED_FACE('',(#9101),#9126,.F.);
#9101 = FACE_BOUND('',#9102,.F.);
#9102 = EDGE_LOOP('',(#9103,#9111,#9112,#9120));
#9103 = ORIENTED_EDGE('',*,*,#9104,.F.);
#9104 = EDGE_CURVE('',#7809,#9105,#9107,.T.);
#9105 = VERTEX_POINT('',#9106);
#9106 = CARTESIAN_POINT('',(-1.95,-0.43,1.025));
#9107 = LINE('',#9108,#9109);
#9108 = CARTESIAN_POINT('',(-1.95,-0.43,0.778829828783));
#9109 = VECTOR('',#9110,1.);
#9110 = DIRECTION('',(0.,0.,1.));
#9111 = ORIENTED_EDGE('',*,*,#7808,.T.);
#9112 = ORIENTED_EDGE('',*,*,#9113,.T.);
#9113 = EDGE_CURVE('',#7801,#9114,#9116,.T.);
#9114 = VERTEX_POINT('',#9115);
#9115 = CARTESIAN_POINT('',(-1.95,0.43,1.025));
#9116 = LINE('',#9117,#9118);
#9117 = CARTESIAN_POINT('',(-1.95,0.43,0.778829828783));
#9118 = VECTOR('',#9119,1.);
#9119 = DIRECTION('',(0.,0.,1.));
#9120 = ORIENTED_EDGE('',*,*,#9121,.F.);
#9121 = EDGE_CURVE('',#9105,#9114,#9122,.T.);
#9122 = LINE('',#9123,#9124);
#9123 = CARTESIAN_POINT('',(-1.95,-2.275,1.025));
#9124 = VECTOR('',#9125,1.);
#9125 = DIRECTION('',(-2.22044604925E-16,1.,0.));
#9126 = PLANE('',#9127);
#9127 = AXIS2_PLACEMENT_3D('',#9128,#9129,#9130);
#9128 = CARTESIAN_POINT('',(-1.95,-2.275,1.025));
#9129 = DIRECTION('',(1.,2.22044604925E-16,0.));
#9130 = DIRECTION('',(-2.22044604925E-16,1.,0.));
#9131 = ADVANCED_FACE('',(#9132),#9143,.F.);
#9132 = FACE_BOUND('',#9133,.F.);
#9133 = EDGE_LOOP('',(#9134,#9135,#9136,#9142));
#9134 = ORIENTED_EDGE('',*,*,#7857,.T.);
#9135 = ORIENTED_EDGE('',*,*,#8504,.T.);
#9136 = ORIENTED_EDGE('',*,*,#9137,.F.);
#9137 = EDGE_CURVE('',#8898,#8497,#9138,.T.);
#9138 = LINE('',#9139,#9140);
#9139 = CARTESIAN_POINT('',(-1.95,2.275,1.025));
#9140 = VECTOR('',#9141,1.);
#9141 = DIRECTION('',(0.707106781187,0.707106781187,0.));
#9142 = ORIENTED_EDGE('',*,*,#8897,.F.);
#9143 = PLANE('',#9144);
#9144 = AXIS2_PLACEMENT_3D('',#9145,#9146,#9147);
#9145 = CARTESIAN_POINT('',(-1.95,2.275,1.025));
#9146 = DIRECTION('',(0.707106781187,-0.707106781187,0.));
#9147 = DIRECTION('',(0.707106781187,0.707106781187,0.));
#9148 = ADVANCED_FACE('',(#9149),#9159,.F.);
#9149 = FACE_BOUND('',#9150,.F.);
#9150 = EDGE_LOOP('',(#9151,#9152,#9157,#9158));
#9151 = ORIENTED_EDGE('',*,*,#7880,.T.);
#9152 = ORIENTED_EDGE('',*,*,#9153,.T.);
#9153 = EDGE_CURVE('',#7874,#8608,#9154,.T.);
#9154 = B_SPLINE_CURVE_WITH_KNOTS('',1,(#9155,#9156),.UNSPECIFIED.,.F.,
  .F.,(2,2),(0.,1.),.PIECEWISE_BEZIER_KNOTS.);
#9155 = CARTESIAN_POINT('',(1.775,-2.45,1.025));
#9156 = CARTESIAN_POINT('',(1.7375,-2.375,1.025));
#9157 = ORIENTED_EDGE('',*,*,#8607,.F.);
#9158 = ORIENTED_EDGE('',*,*,#7994,.F.);
#9159 = B_SPLINE_SURFACE_WITH_KNOTS('',1,1,(
    (#9160,#9161)
    ,(#9162,#9163
    )),.UNSPECIFIED.,.F.,.F.,.F.,(2,2),(2,2),(0.,0.247487373415),(0.,1.)
  ,.PIECEWISE_BEZIER_KNOTS.);
#9160 = CARTESIAN_POINT('',(1.95,-2.275,1.025));
#9161 = CARTESIAN_POINT('',(1.875,-2.2375,1.025));
#9162 = CARTESIAN_POINT('',(1.775,-2.45,1.025));
#9163 = CARTESIAN_POINT('',(1.7375,-2.375,1.025));
#9164 = ADVANCED_FACE('',(#9165),#9176,.T.);
#9165 = FACE_BOUND('',#9166,.T.);
#9166 = EDGE_LOOP('',(#9167,#9168,#9169,#9170));
#9167 = ORIENTED_EDGE('',*,*,#8077,.T.);
#9168 = ORIENTED_EDGE('',*,*,#8650,.T.);
#9169 = ORIENTED_EDGE('',*,*,#7964,.F.);
#9170 = ORIENTED_EDGE('',*,*,#9171,.F.);
#9171 = EDGE_CURVE('',#8070,#7957,#9172,.T.);
#9172 = LINE('',#9173,#9174);
#9173 = CARTESIAN_POINT('',(2.55,-1.7,0.725));
#9174 = VECTOR('',#9175,1.);
#9175 = DIRECTION('',(2.22044604925E-16,-1.,0.));
#9176 = CYLINDRICAL_SURFACE('',#9177,0.3);
#9177 = AXIS2_PLACEMENT_3D('',#9178,#9179,#9180);
#9178 = CARTESIAN_POINT('',(2.25,-1.7,0.725));
#9179 = DIRECTION('',(-2.22044604925E-16,1.,-0.));
#9180 = DIRECTION('',(1.,2.22044604925E-16,3.700743415417E-16));
#9181 = ADVANCED_FACE('',(#9182),#9193,.F.);
#9182 = FACE_BOUND('',#9183,.F.);
#9183 = EDGE_LOOP('',(#9184,#9190,#9191,#9192));
#9184 = ORIENTED_EDGE('',*,*,#9185,.T.);
#9185 = EDGE_CURVE('',#8061,#7948,#9186,.T.);
#9186 = LINE('',#9187,#9188);
#9187 = CARTESIAN_POINT('',(2.55,-1.7,0.3));
#9188 = VECTOR('',#9189,1.);
#9189 = DIRECTION('',(2.22044604925E-16,-1.,0.));
#9190 = ORIENTED_EDGE('',*,*,#7956,.T.);
#9191 = ORIENTED_EDGE('',*,*,#9171,.F.);
#9192 = ORIENTED_EDGE('',*,*,#8069,.F.);
#9193 = PLANE('',#9194);
#9194 = AXIS2_PLACEMENT_3D('',#9195,#9196,#9197);
#9195 = CARTESIAN_POINT('',(2.55,-1.7,0.3));
#9196 = DIRECTION('',(-1.,-2.22044604925E-16,0.));
#9197 = DIRECTION('',(0.,0.,1.));
#9198 = ADVANCED_FACE('',(#9199),#9210,.F.);
#9199 = FACE_BOUND('',#9200,.F.);
#9200 = EDGE_LOOP('',(#9201,#9207,#9208,#9209));
#9201 = ORIENTED_EDGE('',*,*,#9202,.T.);
#9202 = EDGE_CURVE('',#8053,#7940,#9203,.T.);
#9203 = LINE('',#9204,#9205);
#9204 = CARTESIAN_POINT('',(2.65,-1.7,0.2));
#9205 = VECTOR('',#9206,1.);
#9206 = DIRECTION('',(2.22044604925E-16,-1.,0.));
#9207 = ORIENTED_EDGE('',*,*,#7947,.T.);
#9208 = ORIENTED_EDGE('',*,*,#9185,.F.);
#9209 = ORIENTED_EDGE('',*,*,#8060,.F.);
#9210 = CYLINDRICAL_SURFACE('',#9211,0.1);
#9211 = AXIS2_PLACEMENT_3D('',#9212,#9213,#9214);
#9212 = CARTESIAN_POINT('',(2.65,-1.7,0.3));
#9213 = DIRECTION('',(-2.22044604925E-16,1.,0.));
#9214 = DIRECTION('',(0.,0.,-1.));
#9215 = ADVANCED_FACE('',(#9216),#9227,.F.);
#9216 = FACE_BOUND('',#9217,.F.);
#9217 = EDGE_LOOP('',(#9218,#9224,#9225,#9226));
#9218 = ORIENTED_EDGE('',*,*,#9219,.T.);
#9219 = EDGE_CURVE('',#8045,#7932,#9220,.T.);
#9220 = LINE('',#9221,#9222);
#9221 = CARTESIAN_POINT('',(3.,-1.7,0.2));
#9222 = VECTOR('',#9223,1.);
#9223 = DIRECTION('',(2.22044604925E-16,-1.,0.));
#9224 = ORIENTED_EDGE('',*,*,#7939,.T.);
#9225 = ORIENTED_EDGE('',*,*,#9202,.F.);
#9226 = ORIENTED_EDGE('',*,*,#8052,.F.);
#9227 = PLANE('',#9228);
#9228 = AXIS2_PLACEMENT_3D('',#9229,#9230,#9231);
#9229 = CARTESIAN_POINT('',(3.,-1.7,0.2));
#9230 = DIRECTION('',(0.,0.,-1.));
#9231 = DIRECTION('',(-1.,-2.22044604925E-16,-0.));
#9232 = ADVANCED_FACE('',(#9233),#9244,.F.);
#9233 = FACE_BOUND('',#9234,.F.);
#9234 = EDGE_LOOP('',(#9235,#9241,#9242,#9243));
#9235 = ORIENTED_EDGE('',*,*,#9236,.T.);
#9236 = EDGE_CURVE('',#8037,#7924,#9237,.T.);
#9237 = LINE('',#9238,#9239);
#9238 = CARTESIAN_POINT('',(3.,-1.7,5.551115123126E-17));
#9239 = VECTOR('',#9240,1.);
#9240 = DIRECTION('',(2.22044604925E-16,-1.,0.));
#9241 = ORIENTED_EDGE('',*,*,#7931,.T.);
#9242 = ORIENTED_EDGE('',*,*,#9219,.F.);
#9243 = ORIENTED_EDGE('',*,*,#8044,.F.);
#9244 = PLANE('',#9245);
#9245 = AXIS2_PLACEMENT_3D('',#9246,#9247,#9248);
#9246 = CARTESIAN_POINT('',(3.,-1.7,5.551115123126E-17));
#9247 = DIRECTION('',(-1.,-2.22044604925E-16,0.));
#9248 = DIRECTION('',(0.,0.,1.));
#9249 = ADVANCED_FACE('',(#9250),#9261,.F.);
#9250 = FACE_BOUND('',#9251,.F.);
#9251 = EDGE_LOOP('',(#9252,#9258,#9259,#9260));
#9252 = ORIENTED_EDGE('',*,*,#9253,.T.);
#9253 = EDGE_CURVE('',#8028,#7915,#9254,.T.);
#9254 = LINE('',#9255,#9256);
#9255 = CARTESIAN_POINT('',(2.65,-1.7,5.551115123126E-17));
#9256 = VECTOR('',#9257,1.);
#9257 = DIRECTION('',(2.22044604925E-16,-1.,0.));
#9258 = ORIENTED_EDGE('',*,*,#7923,.T.);
#9259 = ORIENTED_EDGE('',*,*,#9236,.F.);
#9260 = ORIENTED_EDGE('',*,*,#8036,.F.);
#9261 = PLANE('',#9262);
#9262 = AXIS2_PLACEMENT_3D('',#9263,#9264,#9265);
#9263 = CARTESIAN_POINT('',(2.65,-1.7,5.551115123126E-17));
#9264 = DIRECTION('',(0.,0.,1.));
#9265 = DIRECTION('',(1.,2.22044604925E-16,-0.));
#9266 = ADVANCED_FACE('',(#9267),#9278,.T.);
#9267 = FACE_BOUND('',#9268,.T.);
#9268 = EDGE_LOOP('',(#9269,#9270,#9271,#9272));
#9269 = ORIENTED_EDGE('',*,*,#8027,.T.);
#9270 = ORIENTED_EDGE('',*,*,#9253,.T.);
#9271 = ORIENTED_EDGE('',*,*,#7914,.F.);
#9272 = ORIENTED_EDGE('',*,*,#9273,.F.);
#9273 = EDGE_CURVE('',#8020,#7907,#9274,.T.);
#9274 = LINE('',#9275,#9276);
#9275 = CARTESIAN_POINT('',(2.35,-1.7,0.3));
#9276 = VECTOR('',#9277,1.);
#9277 = DIRECTION('',(2.22044604925E-16,-1.,0.));
#9278 = CYLINDRICAL_SURFACE('',#9279,0.3);
#9279 = AXIS2_PLACEMENT_3D('',#9280,#9281,#9282);
#9280 = CARTESIAN_POINT('',(2.65,-1.7,0.3));
#9281 = DIRECTION('',(-2.22044604925E-16,1.,-0.));
#9282 = DIRECTION('',(-1.,-2.22044604925E-16,3.515706244646E-15));
#9283 = ADVANCED_FACE('',(#9284),#9290,.F.);
#9284 = FACE_BOUND('',#9285,.F.);
#9285 = EDGE_LOOP('',(#9286,#9287,#9288,#9289));
#9286 = ORIENTED_EDGE('',*,*,#8102,.T.);
#9287 = ORIENTED_EDGE('',*,*,#7906,.T.);
#9288 = ORIENTED_EDGE('',*,*,#9273,.F.);
#9289 = ORIENTED_EDGE('',*,*,#8019,.F.);
#9290 = PLANE('',#9291);
#9291 = AXIS2_PLACEMENT_3D('',#9292,#9293,#9294);
#9292 = CARTESIAN_POINT('',(2.35,-1.7,0.725));
#9293 = DIRECTION('',(1.,2.22044604925E-16,1.044915787883E-15));
#9294 = DIRECTION('',(1.044915787883E-15,2.320179133003E-31,-1.));
#9295 = ADVANCED_FACE('',(#9296),#9307,.T.);
#9296 = FACE_BOUND('',#9297,.T.);
#9297 = EDGE_LOOP('',(#9298,#9299,#9300,#9301));
#9298 = ORIENTED_EDGE('',*,*,#8409,.T.);
#9299 = ORIENTED_EDGE('',*,*,#8669,.T.);
#9300 = ORIENTED_EDGE('',*,*,#8186,.F.);
#9301 = ORIENTED_EDGE('',*,*,#9302,.F.);
#9302 = EDGE_CURVE('',#8402,#8179,#9303,.T.);
#9303 = LINE('',#9304,#9305);
#9304 = CARTESIAN_POINT('',(2.55,-0.43,0.725));
#9305 = VECTOR('',#9306,1.);
#9306 = DIRECTION('',(2.22044604925E-16,-1.,0.));
#9307 = CYLINDRICAL_SURFACE('',#9308,0.3);
#9308 = AXIS2_PLACEMENT_3D('',#9309,#9310,#9311);
#9309 = CARTESIAN_POINT('',(2.25,-0.43,0.725));
#9310 = DIRECTION('',(-2.22044604925E-16,1.,-0.));
#9311 = DIRECTION('',(1.,2.22044604925E-16,3.700743415417E-16));
#9312 = ADVANCED_FACE('',(#9313),#9324,.F.);
#9313 = FACE_BOUND('',#9314,.F.);
#9314 = EDGE_LOOP('',(#9315,#9321,#9322,#9323));
#9315 = ORIENTED_EDGE('',*,*,#9316,.T.);
#9316 = EDGE_CURVE('',#8393,#8170,#9317,.T.);
#9317 = LINE('',#9318,#9319);
#9318 = CARTESIAN_POINT('',(2.55,-0.43,0.3));
#9319 = VECTOR('',#9320,1.);
#9320 = DIRECTION('',(2.22044604925E-16,-1.,0.));
#9321 = ORIENTED_EDGE('',*,*,#8178,.T.);
#9322 = ORIENTED_EDGE('',*,*,#9302,.F.);
#9323 = ORIENTED_EDGE('',*,*,#8401,.F.);
#9324 = PLANE('',#9325);
#9325 = AXIS2_PLACEMENT_3D('',#9326,#9327,#9328);
#9326 = CARTESIAN_POINT('',(2.55,-0.43,0.3));
#9327 = DIRECTION('',(-1.,-2.22044604925E-16,0.));
#9328 = DIRECTION('',(0.,0.,1.));
#9329 = ADVANCED_FACE('',(#9330),#9341,.F.);
#9330 = FACE_BOUND('',#9331,.F.);
#9331 = EDGE_LOOP('',(#9332,#9338,#9339,#9340));
#9332 = ORIENTED_EDGE('',*,*,#9333,.T.);
#9333 = EDGE_CURVE('',#8385,#8162,#9334,.T.);
#9334 = LINE('',#9335,#9336);
#9335 = CARTESIAN_POINT('',(2.65,-0.43,0.2));
#9336 = VECTOR('',#9337,1.);
#9337 = DIRECTION('',(2.22044604925E-16,-1.,0.));
#9338 = ORIENTED_EDGE('',*,*,#8169,.T.);
#9339 = ORIENTED_EDGE('',*,*,#9316,.F.);
#9340 = ORIENTED_EDGE('',*,*,#8392,.F.);
#9341 = CYLINDRICAL_SURFACE('',#9342,0.1);
#9342 = AXIS2_PLACEMENT_3D('',#9343,#9344,#9345);
#9343 = CARTESIAN_POINT('',(2.65,-0.43,0.3));
#9344 = DIRECTION('',(-2.22044604925E-16,1.,0.));
#9345 = DIRECTION('',(0.,0.,-1.));
#9346 = ADVANCED_FACE('',(#9347),#9358,.F.);
#9347 = FACE_BOUND('',#9348,.F.);
#9348 = EDGE_LOOP('',(#9349,#9355,#9356,#9357));
#9349 = ORIENTED_EDGE('',*,*,#9350,.T.);
#9350 = EDGE_CURVE('',#8377,#8154,#9351,.T.);
#9351 = LINE('',#9352,#9353);
#9352 = CARTESIAN_POINT('',(3.,-0.43,0.2));
#9353 = VECTOR('',#9354,1.);
#9354 = DIRECTION('',(2.22044604925E-16,-1.,0.));
#9355 = ORIENTED_EDGE('',*,*,#8161,.T.);
#9356 = ORIENTED_EDGE('',*,*,#9333,.F.);
#9357 = ORIENTED_EDGE('',*,*,#8384,.F.);
#9358 = PLANE('',#9359);
#9359 = AXIS2_PLACEMENT_3D('',#9360,#9361,#9362);
#9360 = CARTESIAN_POINT('',(3.,-0.43,0.2));
#9361 = DIRECTION('',(0.,0.,-1.));
#9362 = DIRECTION('',(-1.,-2.22044604925E-16,-0.));
#9363 = ADVANCED_FACE('',(#9364),#9375,.F.);
#9364 = FACE_BOUND('',#9365,.F.);
#9365 = EDGE_LOOP('',(#9366,#9372,#9373,#9374));
#9366 = ORIENTED_EDGE('',*,*,#9367,.T.);
#9367 = EDGE_CURVE('',#8369,#8146,#9368,.T.);
#9368 = LINE('',#9369,#9370);
#9369 = CARTESIAN_POINT('',(3.,-0.43,5.551115123126E-17));
#9370 = VECTOR('',#9371,1.);
#9371 = DIRECTION('',(2.22044604925E-16,-1.,0.));
#9372 = ORIENTED_EDGE('',*,*,#8153,.T.);
#9373 = ORIENTED_EDGE('',*,*,#9350,.F.);
#9374 = ORIENTED_EDGE('',*,*,#8376,.F.);
#9375 = PLANE('',#9376);
#9376 = AXIS2_PLACEMENT_3D('',#9377,#9378,#9379);
#9377 = CARTESIAN_POINT('',(3.,-0.43,5.551115123126E-17));
#9378 = DIRECTION('',(-1.,-2.22044604925E-16,0.));
#9379 = DIRECTION('',(0.,0.,1.));
#9380 = ADVANCED_FACE('',(#9381),#9392,.F.);
#9381 = FACE_BOUND('',#9382,.F.);
#9382 = EDGE_LOOP('',(#9383,#9389,#9390,#9391));
#9383 = ORIENTED_EDGE('',*,*,#9384,.T.);
#9384 = EDGE_CURVE('',#8360,#8137,#9385,.T.);
#9385 = LINE('',#9386,#9387);
#9386 = CARTESIAN_POINT('',(2.65,-0.43,5.551115123126E-17));
#9387 = VECTOR('',#9388,1.);
#9388 = DIRECTION('',(2.22044604925E-16,-1.,0.));
#9389 = ORIENTED_EDGE('',*,*,#8145,.T.);
#9390 = ORIENTED_EDGE('',*,*,#9367,.F.);
#9391 = ORIENTED_EDGE('',*,*,#8368,.F.);
#9392 = PLANE('',#9393);
#9393 = AXIS2_PLACEMENT_3D('',#9394,#9395,#9396);
#9394 = CARTESIAN_POINT('',(2.65,-0.43,5.551115123126E-17));
#9395 = DIRECTION('',(0.,0.,1.));
#9396 = DIRECTION('',(1.,2.22044604925E-16,-0.));
#9397 = ADVANCED_FACE('',(#9398),#9409,.T.);
#9398 = FACE_BOUND('',#9399,.T.);
#9399 = EDGE_LOOP('',(#9400,#9401,#9402,#9403));
#9400 = ORIENTED_EDGE('',*,*,#8359,.T.);
#9401 = ORIENTED_EDGE('',*,*,#9384,.T.);
#9402 = ORIENTED_EDGE('',*,*,#8136,.F.);
#9403 = ORIENTED_EDGE('',*,*,#9404,.F.);
#9404 = EDGE_CURVE('',#8352,#8129,#9405,.T.);
#9405 = LINE('',#9406,#9407);
#9406 = CARTESIAN_POINT('',(2.35,-0.43,0.3));
#9407 = VECTOR('',#9408,1.);
#9408 = DIRECTION('',(2.22044604925E-16,-1.,0.));
#9409 = CYLINDRICAL_SURFACE('',#9410,0.3);
#9410 = AXIS2_PLACEMENT_3D('',#9411,#9412,#9413);
#9411 = CARTESIAN_POINT('',(2.65,-0.43,0.3));
#9412 = DIRECTION('',(-2.22044604925E-16,1.,-0.));
#9413 = DIRECTION('',(-1.,-2.22044604925E-16,3.515706244646E-15));
#9414 = ADVANCED_FACE('',(#9415),#9421,.F.);
#9415 = FACE_BOUND('',#9416,.F.);
#9416 = EDGE_LOOP('',(#9417,#9418,#9419,#9420));
#9417 = ORIENTED_EDGE('',*,*,#8434,.T.);
#9418 = ORIENTED_EDGE('',*,*,#8128,.T.);
#9419 = ORIENTED_EDGE('',*,*,#9404,.F.);
#9420 = ORIENTED_EDGE('',*,*,#8351,.F.);
#9421 = PLANE('',#9422);
#9422 = AXIS2_PLACEMENT_3D('',#9423,#9424,#9425);
#9423 = CARTESIAN_POINT('',(2.35,-0.43,0.725));
#9424 = DIRECTION('',(1.,2.22044604925E-16,1.044915787883E-15));
#9425 = DIRECTION('',(1.044915787883E-15,2.320179133003E-31,-1.));
#9426 = ADVANCED_FACE('',(#9427),#9444,.F.);
#9427 = FACE_BOUND('',#9428,.F.);
#9428 = EDGE_LOOP('',(#9429,#9430,#9431,#9439));
#9429 = ORIENTED_EDGE('',*,*,#8496,.T.);
#9430 = ORIENTED_EDGE('',*,*,#8481,.T.);
#9431 = ORIENTED_EDGE('',*,*,#9432,.F.);
#9432 = EDGE_CURVE('',#9433,#8474,#9435,.T.);
#9433 = VERTEX_POINT('',#9434);
#9434 = CARTESIAN_POINT('',(-1.7375,2.375,1.025));
#9435 = LINE('',#9436,#9437);
#9436 = CARTESIAN_POINT('',(-1.7375,2.375,1.025));
#9437 = VECTOR('',#9438,1.);
#9438 = DIRECTION('',(1.,2.22044604925E-16,0.));
#9439 = ORIENTED_EDGE('',*,*,#9440,.F.);
#9440 = EDGE_CURVE('',#8497,#9433,#9441,.T.);
#9441 = B_SPLINE_CURVE_WITH_KNOTS('',1,(#9442,#9443),.UNSPECIFIED.,.F.,
  .F.,(2,2),(0.,1.),.PIECEWISE_BEZIER_KNOTS.);
#9442 = CARTESIAN_POINT('',(-1.775,2.45,1.025));
#9443 = CARTESIAN_POINT('',(-1.7375,2.375,1.025));
#9444 = B_SPLINE_SURFACE_WITH_KNOTS('',1,1,(
    (#9445,#9446)
    ,(#9447,#9448
    )),.UNSPECIFIED.,.F.,.F.,.F.,(2,2),(2,2),(0.,3.55),(0.,1.),
  .PIECEWISE_BEZIER_KNOTS.);
#9445 = CARTESIAN_POINT('',(-1.775,2.45,1.025));
#9446 = CARTESIAN_POINT('',(-1.7375,2.375,1.025));
#9447 = CARTESIAN_POINT('',(1.775,2.45,1.025));
#9448 = CARTESIAN_POINT('',(1.7375,2.375,1.025));
#9449 = ADVANCED_FACE('',(#9450),#9460,.F.);
#9450 = FACE_BOUND('',#9451,.F.);
#9451 = EDGE_LOOP('',(#9452,#9453,#9454,#9455));
#9452 = ORIENTED_EDGE('',*,*,#9432,.T.);
#9453 = ORIENTED_EDGE('',*,*,#8527,.T.);
#9454 = ORIENTED_EDGE('',*,*,#8540,.F.);
#9455 = ORIENTED_EDGE('',*,*,#9456,.F.);
#9456 = EDGE_CURVE('',#9433,#8541,#9457,.T.);
#9457 = B_SPLINE_CURVE_WITH_KNOTS('',1,(#9458,#9459),.UNSPECIFIED.,.F.,
  .F.,(2,2),(0.,1.),.PIECEWISE_BEZIER_KNOTS.);
#9458 = CARTESIAN_POINT('',(-1.7375,2.375,1.025));
#9459 = CARTESIAN_POINT('',(-1.680085640382,2.260171280765,1.75));
#9460 = B_SPLINE_SURFACE_WITH_KNOTS('',1,1,(
    (#9461,#9462)
    ,(#9463,#9464
    )),.UNSPECIFIED.,.F.,.F.,.F.,(2,2),(2,2),(0.,3.475),(0.,1.),
  .PIECEWISE_BEZIER_KNOTS.);
#9461 = CARTESIAN_POINT('',(-1.7375,2.375,1.025));
#9462 = CARTESIAN_POINT('',(-1.680085640382,2.260171280765,1.75));
#9463 = CARTESIAN_POINT('',(1.7375,2.375,1.025));
#9464 = CARTESIAN_POINT('',(1.680085640382,2.260171280765,1.75));
#9465 = ADVANCED_FACE('',(#9466),#9483,.F.);
#9466 = FACE_BOUND('',#9467,.F.);
#9467 = EDGE_LOOP('',(#9468,#9476,#9477,#9478));
#9468 = ORIENTED_EDGE('',*,*,#9469,.T.);
#9469 = EDGE_CURVE('',#9470,#9433,#9472,.T.);
#9470 = VERTEX_POINT('',#9471);
#9471 = CARTESIAN_POINT('',(-1.875,2.2375,1.025));
#9472 = LINE('',#9473,#9474);
#9473 = CARTESIAN_POINT('',(-1.875,2.2375,1.025));
#9474 = VECTOR('',#9475,1.);
#9475 = DIRECTION('',(0.707106781187,0.707106781187,0.));
#9476 = ORIENTED_EDGE('',*,*,#9456,.T.);
#9477 = ORIENTED_EDGE('',*,*,#8582,.F.);
#9478 = ORIENTED_EDGE('',*,*,#9479,.F.);
#9479 = EDGE_CURVE('',#9470,#8575,#9480,.T.);
#9480 = B_SPLINE_CURVE_WITH_KNOTS('',1,(#9481,#9482),.UNSPECIFIED.,.F.,
  .F.,(2,2),(0.,1.),.PIECEWISE_BEZIER_KNOTS.);
#9481 = CARTESIAN_POINT('',(-1.875,2.2375,1.025));
#9482 = CARTESIAN_POINT('',(-1.760171280765,2.180085640382,1.75));
#9483 = B_SPLINE_SURFACE_WITH_KNOTS('',1,1,(
    (#9484,#9485)
    ,(#9486,#9487
    )),.UNSPECIFIED.,.F.,.F.,.F.,(2,2),(2,2),(0.,0.194454364826),(0.,1.)
  ,.PIECEWISE_BEZIER_KNOTS.);
#9484 = CARTESIAN_POINT('',(-1.875,2.2375,1.025));
#9485 = CARTESIAN_POINT('',(-1.760171280765,2.180085640382,1.75));
#9486 = CARTESIAN_POINT('',(-1.7375,2.375,1.025));
#9487 = CARTESIAN_POINT('',(-1.680085640382,2.260171280765,1.75));
#9488 = ADVANCED_FACE('',(#9489),#9570,.F.);
#9489 = FACE_BOUND('',#9490,.F.);
#9490 = EDGE_LOOP('',(#9491,#9501,#9509,#9517,#9525,#9533,#9541,#9549,
    #9557,#9563,#9564,#9565));
#9491 = ORIENTED_EDGE('',*,*,#9492,.T.);
#9492 = EDGE_CURVE('',#9493,#9495,#9497,.T.);
#9493 = VERTEX_POINT('',#9494);
#9494 = CARTESIAN_POINT('',(-1.875,-2.2375,1.025));
#9495 = VERTEX_POINT('',#9496);
#9496 = CARTESIAN_POINT('',(-1.875,-2.11,1.025));
#9497 = LINE('',#9498,#9499);
#9498 = CARTESIAN_POINT('',(-1.875,-2.2375,1.025));
#9499 = VECTOR('',#9500,1.);
#9500 = DIRECTION('',(-2.22044604925E-16,1.,0.));
#9501 = ORIENTED_EDGE('',*,*,#9502,.T.);
#9502 = EDGE_CURVE('',#9495,#9503,#9505,.T.);
#9503 = VERTEX_POINT('',#9504);
#9504 = CARTESIAN_POINT('',(-1.875,-1.7,1.025));
#9505 = LINE('',#9506,#9507);
#9506 = CARTESIAN_POINT('',(-1.875,-2.2375,1.025));
#9507 = VECTOR('',#9508,1.);
#9508 = DIRECTION('',(-2.22044604925E-16,1.,0.));
#9509 = ORIENTED_EDGE('',*,*,#9510,.T.);
#9510 = EDGE_CURVE('',#9503,#9511,#9513,.T.);
#9511 = VERTEX_POINT('',#9512);
#9512 = CARTESIAN_POINT('',(-1.875,-0.84,1.025));
#9513 = LINE('',#9514,#9515);
#9514 = CARTESIAN_POINT('',(-1.875,-2.2375,1.025));
#9515 = VECTOR('',#9516,1.);
#9516 = DIRECTION('',(-2.22044604925E-16,1.,0.));
#9517 = ORIENTED_EDGE('',*,*,#9518,.T.);
#9518 = EDGE_CURVE('',#9511,#9519,#9521,.T.);
#9519 = VERTEX_POINT('',#9520);
#9520 = CARTESIAN_POINT('',(-1.875,-0.43,1.025));
#9521 = LINE('',#9522,#9523);
#9522 = CARTESIAN_POINT('',(-1.875,-2.2375,1.025));
#9523 = VECTOR('',#9524,1.);
#9524 = DIRECTION('',(-2.22044604925E-16,1.,0.));
#9525 = ORIENTED_EDGE('',*,*,#9526,.T.);
#9526 = EDGE_CURVE('',#9519,#9527,#9529,.T.);
#9527 = VERTEX_POINT('',#9528);
#9528 = CARTESIAN_POINT('',(-1.875,0.43,1.025));
#9529 = LINE('',#9530,#9531);
#9530 = CARTESIAN_POINT('',(-1.875,-2.2375,1.025));
#9531 = VECTOR('',#9532,1.);
#9532 = DIRECTION('',(-2.22044604925E-16,1.,0.));
#9533 = ORIENTED_EDGE('',*,*,#9534,.T.);
#9534 = EDGE_CURVE('',#9527,#9535,#9537,.T.);
#9535 = VERTEX_POINT('',#9536);
#9536 = CARTESIAN_POINT('',(-1.875,0.84,1.025));
#9537 = LINE('',#9538,#9539);
#9538 = CARTESIAN_POINT('',(-1.875,-2.2375,1.025));
#9539 = VECTOR('',#9540,1.);
#9540 = DIRECTION('',(-2.22044604925E-16,1.,0.));
#9541 = ORIENTED_EDGE('',*,*,#9542,.T.);
#9542 = EDGE_CURVE('',#9535,#9543,#9545,.T.);
#9543 = VERTEX_POINT('',#9544);
#9544 = CARTESIAN_POINT('',(-1.875,1.7,1.025));
#9545 = LINE('',#9546,#9547);
#9546 = CARTESIAN_POINT('',(-1.875,-2.2375,1.025));
#9547 = VECTOR('',#9548,1.);
#9548 = DIRECTION('',(-2.22044604925E-16,1.,0.));
#9549 = ORIENTED_EDGE('',*,*,#9550,.T.);
#9550 = EDGE_CURVE('',#9543,#9551,#9553,.T.);
#9551 = VERTEX_POINT('',#9552);
#9552 = CARTESIAN_POINT('',(-1.875,2.11,1.025));
#9553 = LINE('',#9554,#9555);
#9554 = CARTESIAN_POINT('',(-1.875,-2.2375,1.025));
#9555 = VECTOR('',#9556,1.);
#9556 = DIRECTION('',(-2.22044604925E-16,1.,0.));
#9557 = ORIENTED_EDGE('',*,*,#9558,.T.);
#9558 = EDGE_CURVE('',#9551,#9470,#9559,.T.);
#9559 = LINE('',#9560,#9561);
#9560 = CARTESIAN_POINT('',(-1.875,-2.2375,1.025));
#9561 = VECTOR('',#9562,1.);
#9562 = DIRECTION('',(-2.22044604925E-16,1.,0.));
#9563 = ORIENTED_EDGE('',*,*,#9479,.T.);
#9564 = ORIENTED_EDGE('',*,*,#8574,.F.);
#9565 = ORIENTED_EDGE('',*,*,#9566,.F.);
#9566 = EDGE_CURVE('',#9493,#8567,#9567,.T.);
#9567 = B_SPLINE_CURVE_WITH_KNOTS('',1,(#9568,#9569),.UNSPECIFIED.,.F.,
  .F.,(2,2),(0.,1.),.PIECEWISE_BEZIER_KNOTS.);
#9568 = CARTESIAN_POINT('',(-1.875,-2.2375,1.025));
#9569 = CARTESIAN_POINT('',(-1.760171280765,-2.180085640382,1.75));
#9570 = B_SPLINE_SURFACE_WITH_KNOTS('',1,1,(
    (#9571,#9572)
    ,(#9573,#9574
    )),.UNSPECIFIED.,.F.,.F.,.F.,(2,2),(2,2),(0.,4.475),(0.,1.),
  .PIECEWISE_BEZIER_KNOTS.);
#9571 = CARTESIAN_POINT('',(-1.875,-2.2375,1.025));
#9572 = CARTESIAN_POINT('',(-1.760171280765,-2.180085640382,1.75));
#9573 = CARTESIAN_POINT('',(-1.875,2.2375,1.025));
#9574 = CARTESIAN_POINT('',(-1.760171280765,2.180085640382,1.75));
#9575 = ADVANCED_FACE('',(#9576),#9593,.F.);
#9576 = FACE_BOUND('',#9577,.F.);
#9577 = EDGE_LOOP('',(#9578,#9586,#9587,#9588));
#9578 = ORIENTED_EDGE('',*,*,#9579,.T.);
#9579 = EDGE_CURVE('',#9580,#9493,#9582,.T.);
#9580 = VERTEX_POINT('',#9581);
#9581 = CARTESIAN_POINT('',(-1.7375,-2.375,1.025));
#9582 = LINE('',#9583,#9584);
#9583 = CARTESIAN_POINT('',(-1.7375,-2.375,1.025));
#9584 = VECTOR('',#9585,1.);
#9585 = DIRECTION('',(-0.707106781187,0.707106781187,0.));
#9586 = ORIENTED_EDGE('',*,*,#9566,.T.);
#9587 = ORIENTED_EDGE('',*,*,#8566,.F.);
#9588 = ORIENTED_EDGE('',*,*,#9589,.F.);
#9589 = EDGE_CURVE('',#9580,#8559,#9590,.T.);
#9590 = B_SPLINE_CURVE_WITH_KNOTS('',1,(#9591,#9592),.UNSPECIFIED.,.F.,
  .F.,(2,2),(0.,1.),.PIECEWISE_BEZIER_KNOTS.);
#9591 = CARTESIAN_POINT('',(-1.7375,-2.375,1.025));
#9592 = CARTESIAN_POINT('',(-1.680085640382,-2.260171280765,1.75));
#9593 = B_SPLINE_SURFACE_WITH_KNOTS('',1,1,(
    (#9594,#9595)
    ,(#9596,#9597
    )),.UNSPECIFIED.,.F.,.F.,.F.,(2,2),(2,2),(0.,0.194454364826),(0.,1.)
  ,.PIECEWISE_BEZIER_KNOTS.);
#9594 = CARTESIAN_POINT('',(-1.7375,-2.375,1.025));
#9595 = CARTESIAN_POINT('',(-1.680085640382,-2.260171280765,1.75));
#9596 = CARTESIAN_POINT('',(-1.875,-2.2375,1.025));
#9597 = CARTESIAN_POINT('',(-1.760171280765,-2.180085640382,1.75));
#9598 = ADVANCED_FACE('',(#9599),#9610,.F.);
#9599 = FACE_BOUND('',#9600,.F.);
#9600 = EDGE_LOOP('',(#9601,#9607,#9608,#9609));
#9601 = ORIENTED_EDGE('',*,*,#9602,.T.);
#9602 = EDGE_CURVE('',#8608,#9580,#9603,.T.);
#9603 = LINE('',#9604,#9605);
#9604 = CARTESIAN_POINT('',(1.7375,-2.375,1.025));
#9605 = VECTOR('',#9606,1.);
#9606 = DIRECTION('',(-1.,-2.22044604925E-16,0.));
#9607 = ORIENTED_EDGE('',*,*,#9589,.T.);
#9608 = ORIENTED_EDGE('',*,*,#8558,.F.);
#9609 = ORIENTED_EDGE('',*,*,#8615,.F.);
#9610 = B_SPLINE_SURFACE_WITH_KNOTS('',1,1,(
    (#9611,#9612)
    ,(#9613,#9614
    )),.UNSPECIFIED.,.F.,.F.,.F.,(2,2),(2,2),(0.,3.475),(0.,1.),
  .PIECEWISE_BEZIER_KNOTS.);
#9611 = CARTESIAN_POINT('',(1.7375,-2.375,1.025));
#9612 = CARTESIAN_POINT('',(1.680085640382,-2.260171280765,1.75));
#9613 = CARTESIAN_POINT('',(-1.7375,-2.375,1.025));
#9614 = CARTESIAN_POINT('',(-1.680085640382,-2.260171280765,1.75));
#9615 = ADVANCED_FACE('',(#9616),#9635,.F.);
#9616 = FACE_BOUND('',#9617,.F.);
#9617 = EDGE_LOOP('',(#9618,#9627,#9633,#9634));
#9618 = ORIENTED_EDGE('',*,*,#9619,.T.);
#9619 = EDGE_CURVE('',#9620,#9620,#9622,.T.);
#9620 = VERTEX_POINT('',#9621);
#9621 = CARTESIAN_POINT('',(-1.110171280765,1.310171280765,1.7));
#9622 = CIRCLE('',#9623,0.3);
#9623 = AXIS2_PLACEMENT_3D('',#9624,#9625,#9626);
#9624 = CARTESIAN_POINT('',(-1.110171280765,1.610171280765,1.7));
#9625 = DIRECTION('',(-0.,0.,1.));
#9626 = DIRECTION('',(2.22044604925E-16,-1.,0.));
#9627 = ORIENTED_EDGE('',*,*,#9628,.F.);
#9628 = EDGE_CURVE('',#8591,#9620,#9629,.T.);
#9629 = LINE('',#9630,#9631);
#9630 = CARTESIAN_POINT('',(-1.110171280765,1.310171280765,1.75));
#9631 = VECTOR('',#9632,1.);
#9632 = DIRECTION('',(0.,-0.,-1.));
#9633 = ORIENTED_EDGE('',*,*,#8590,.F.);
#9634 = ORIENTED_EDGE('',*,*,#9628,.T.);
#9635 = CYLINDRICAL_SURFACE('',#9636,0.3);
#9636 = AXIS2_PLACEMENT_3D('',#9637,#9638,#9639);
#9637 = CARTESIAN_POINT('',(-1.110171280765,1.610171280765,1.75));
#9638 = DIRECTION('',(-0.,0.,-1.));
#9639 = DIRECTION('',(2.22044604925E-16,-1.,-0.));
#9640 = ADVANCED_FACE('',(#9641),#9651,.F.);
#9641 = FACE_BOUND('',#9642,.F.);
#9642 = EDGE_LOOP('',(#9643,#9644,#9649,#9650));
#9643 = ORIENTED_EDGE('',*,*,#8826,.T.);
#9644 = ORIENTED_EDGE('',*,*,#9645,.T.);
#9645 = EDGE_CURVE('',#8820,#9580,#9646,.T.);
#9646 = B_SPLINE_CURVE_WITH_KNOTS('',1,(#9647,#9648),.UNSPECIFIED.,.F.,
  .F.,(2,2),(0.,1.),.PIECEWISE_BEZIER_KNOTS.);
#9647 = CARTESIAN_POINT('',(-1.775,-2.45,1.025));
#9648 = CARTESIAN_POINT('',(-1.7375,-2.375,1.025));
#9649 = ORIENTED_EDGE('',*,*,#9602,.F.);
#9650 = ORIENTED_EDGE('',*,*,#9153,.F.);
#9651 = B_SPLINE_SURFACE_WITH_KNOTS('',1,1,(
    (#9652,#9653)
    ,(#9654,#9655
    )),.UNSPECIFIED.,.F.,.F.,.F.,(2,2),(2,2),(0.,3.55),(0.,1.),
  .PIECEWISE_BEZIER_KNOTS.);
#9652 = CARTESIAN_POINT('',(1.775,-2.45,1.025));
#9653 = CARTESIAN_POINT('',(1.7375,-2.375,1.025));
#9654 = CARTESIAN_POINT('',(-1.775,-2.45,1.025));
#9655 = CARTESIAN_POINT('',(-1.7375,-2.375,1.025));
#9656 = ADVANCED_FACE('',(#9657),#9667,.F.);
#9657 = FACE_BOUND('',#9658,.F.);
#9658 = EDGE_LOOP('',(#9659,#9660,#9665,#9666));
#9659 = ORIENTED_EDGE('',*,*,#8849,.T.);
#9660 = ORIENTED_EDGE('',*,*,#9661,.T.);
#9661 = EDGE_CURVE('',#8843,#9493,#9662,.T.);
#9662 = B_SPLINE_CURVE_WITH_KNOTS('',1,(#9663,#9664),.UNSPECIFIED.,.F.,
  .F.,(2,2),(0.,1.),.PIECEWISE_BEZIER_KNOTS.);
#9663 = CARTESIAN_POINT('',(-1.95,-2.275,1.025));
#9664 = CARTESIAN_POINT('',(-1.875,-2.2375,1.025));
#9665 = ORIENTED_EDGE('',*,*,#9579,.F.);
#9666 = ORIENTED_EDGE('',*,*,#9645,.F.);
#9667 = B_SPLINE_SURFACE_WITH_KNOTS('',1,1,(
    (#9668,#9669)
    ,(#9670,#9671
    )),.UNSPECIFIED.,.F.,.F.,.F.,(2,2),(2,2),(0.,0.247487373415),(0.,1.)
  ,.PIECEWISE_BEZIER_KNOTS.);
#9668 = CARTESIAN_POINT('',(-1.775,-2.45,1.025));
#9669 = CARTESIAN_POINT('',(-1.7375,-2.375,1.025));
#9670 = CARTESIAN_POINT('',(-1.95,-2.275,1.025));
#9671 = CARTESIAN_POINT('',(-1.875,-2.2375,1.025));
#9672 = ADVANCED_FACE('',(#9673),#9684,.F.);
#9673 = FACE_BOUND('',#9674,.F.);
#9674 = EDGE_LOOP('',(#9675,#9676,#9677,#9683));
#9675 = ORIENTED_EDGE('',*,*,#9661,.F.);
#9676 = ORIENTED_EDGE('',*,*,#8874,.T.);
#9677 = ORIENTED_EDGE('',*,*,#9678,.T.);
#9678 = EDGE_CURVE('',#8867,#9495,#9679,.T.);
#9679 = LINE('',#9680,#9681);
#9680 = CARTESIAN_POINT('',(-2.25,-2.11,1.025));
#9681 = VECTOR('',#9682,1.);
#9682 = DIRECTION('',(1.,9.95799250103E-17,0.));
#9683 = ORIENTED_EDGE('',*,*,#9492,.F.);
#9684 = B_SPLINE_SURFACE_WITH_KNOTS('',1,1,(
    (#9685,#9686)
    ,(#9687,#9688
    )),.UNSPECIFIED.,.F.,.F.,.F.,(2,2),(2,2),(0.,4.55),(0.,1.),
  .PIECEWISE_BEZIER_KNOTS.);
#9685 = CARTESIAN_POINT('',(-1.95,-2.275,1.025));
#9686 = CARTESIAN_POINT('',(-1.875,-2.2375,1.025));
#9687 = CARTESIAN_POINT('',(-1.95,2.275,1.025));
#9688 = CARTESIAN_POINT('',(-1.875,2.2375,1.025));
#9689 = ADVANCED_FACE('',(#9690),#9776,.F.);
#9690 = FACE_BOUND('',#9691,.F.);
#9691 = EDGE_LOOP('',(#9692,#9693,#9694,#9703,#9711,#9720,#9728,#9736,
    #9744,#9753,#9761,#9770));
#9692 = ORIENTED_EDGE('',*,*,#8866,.F.);
#9693 = ORIENTED_EDGE('',*,*,#8918,.T.);
#9694 = ORIENTED_EDGE('',*,*,#9695,.T.);
#9695 = EDGE_CURVE('',#8919,#9696,#9698,.T.);
#9696 = VERTEX_POINT('',#9697);
#9697 = CARTESIAN_POINT('',(-2.35,-2.11,0.725));
#9698 = CIRCLE('',#9699,0.1);
#9699 = AXIS2_PLACEMENT_3D('',#9700,#9701,#9702);
#9700 = CARTESIAN_POINT('',(-2.25,-2.11,0.725));
#9701 = DIRECTION('',(9.95799250103E-17,-1.,0.));
#9702 = DIRECTION('',(-4.440892098501E-15,-4.422237021476E-31,1.));
#9703 = ORIENTED_EDGE('',*,*,#9704,.T.);
#9704 = EDGE_CURVE('',#9696,#9705,#9707,.T.);
#9705 = VERTEX_POINT('',#9706);
#9706 = CARTESIAN_POINT('',(-2.35,-2.11,0.3));
#9707 = LINE('',#9708,#9709);
#9708 = CARTESIAN_POINT('',(-2.35,-2.11,0.725));
#9709 = VECTOR('',#9710,1.);
#9710 = DIRECTION('',(-1.044915787883E-15,-1.040526357994E-31,-1.));
#9711 = ORIENTED_EDGE('',*,*,#9712,.T.);
#9712 = EDGE_CURVE('',#9705,#9713,#9715,.T.);
#9713 = VERTEX_POINT('',#9714);
#9714 = CARTESIAN_POINT('',(-2.65,-2.11,5.551115123126E-17));
#9715 = CIRCLE('',#9716,0.3);
#9716 = AXIS2_PLACEMENT_3D('',#9717,#9718,#9719);
#9717 = CARTESIAN_POINT('',(-2.65,-2.11,0.3));
#9718 = DIRECTION('',(-9.95799250103E-17,1.,0.));
#9719 = DIRECTION('',(1.,9.95799250103E-17,3.515706244646E-15));
#9720 = ORIENTED_EDGE('',*,*,#9721,.T.);
#9721 = EDGE_CURVE('',#9713,#9722,#9724,.T.);
#9722 = VERTEX_POINT('',#9723);
#9723 = CARTESIAN_POINT('',(-3.,-2.11,5.551115123126E-17));
#9724 = LINE('',#9725,#9726);
#9725 = CARTESIAN_POINT('',(-2.65,-2.11,5.551115123126E-17));
#9726 = VECTOR('',#9727,1.);
#9727 = DIRECTION('',(-1.,-9.95799250103E-17,0.));
#9728 = ORIENTED_EDGE('',*,*,#9729,.T.);
#9729 = EDGE_CURVE('',#9722,#9730,#9732,.T.);
#9730 = VERTEX_POINT('',#9731);
#9731 = CARTESIAN_POINT('',(-3.,-2.11,0.2));
#9732 = LINE('',#9733,#9734);
#9733 = CARTESIAN_POINT('',(-3.,-2.11,5.551115123126E-17));
#9734 = VECTOR('',#9735,1.);
#9735 = DIRECTION('',(0.,0.,1.));
#9736 = ORIENTED_EDGE('',*,*,#9737,.T.);
#9737 = EDGE_CURVE('',#9730,#9738,#9740,.T.);
#9738 = VERTEX_POINT('',#9739);
#9739 = CARTESIAN_POINT('',(-2.65,-2.11,0.2));
#9740 = LINE('',#9741,#9742);
#9741 = CARTESIAN_POINT('',(-3.,-2.11,0.2));
#9742 = VECTOR('',#9743,1.);
#9743 = DIRECTION('',(1.,9.95799250103E-17,0.));
#9744 = ORIENTED_EDGE('',*,*,#9745,.T.);
#9745 = EDGE_CURVE('',#9738,#9746,#9748,.T.);
#9746 = VERTEX_POINT('',#9747);
#9747 = CARTESIAN_POINT('',(-2.55,-2.11,0.3));
#9748 = CIRCLE('',#9749,0.1);
#9749 = AXIS2_PLACEMENT_3D('',#9750,#9751,#9752);
#9750 = CARTESIAN_POINT('',(-2.65,-2.11,0.3));
#9751 = DIRECTION('',(9.95799250103E-17,-1.,-0.));
#9752 = DIRECTION('',(-0.,0.,-1.));
#9753 = ORIENTED_EDGE('',*,*,#9754,.T.);
#9754 = EDGE_CURVE('',#9746,#9755,#9757,.T.);
#9755 = VERTEX_POINT('',#9756);
#9756 = CARTESIAN_POINT('',(-2.55,-2.11,0.725));
#9757 = LINE('',#9758,#9759);
#9758 = CARTESIAN_POINT('',(-2.55,-2.11,0.3));
#9759 = VECTOR('',#9760,1.);
#9760 = DIRECTION('',(0.,0.,1.));
#9761 = ORIENTED_EDGE('',*,*,#9762,.T.);
#9762 = EDGE_CURVE('',#9755,#9763,#9765,.T.);
#9763 = VERTEX_POINT('',#9764);
#9764 = CARTESIAN_POINT('',(-2.25,-2.11,1.025));
#9765 = CIRCLE('',#9766,0.3);
#9766 = AXIS2_PLACEMENT_3D('',#9767,#9768,#9769);
#9767 = CARTESIAN_POINT('',(-2.25,-2.11,0.725));
#9768 = DIRECTION('',(-9.95799250103E-17,1.,0.));
#9769 = DIRECTION('',(-1.,-9.95799250103E-17,3.700743415417E-16));
#9770 = ORIENTED_EDGE('',*,*,#9771,.T.);
#9771 = EDGE_CURVE('',#9763,#8867,#9772,.T.);
#9772 = LINE('',#9773,#9774);
#9773 = CARTESIAN_POINT('',(-2.25,-2.11,1.025));
#9774 = VECTOR('',#9775,1.);
#9775 = DIRECTION('',(1.,9.95799250103E-17,0.));
#9776 = PLANE('',#9777);
#9777 = AXIS2_PLACEMENT_3D('',#9778,#9779,#9780);
#9778 = CARTESIAN_POINT('',(-2.41578967201,-2.11,0.532659657565));
#9779 = DIRECTION('',(-9.95799250103E-17,1.,0.));
#9780 = DIRECTION('',(0.,0.,1.));
#9781 = ADVANCED_FACE('',(#9782),#9868,.T.);
#9782 = FACE_BOUND('',#9783,.T.);
#9783 = EDGE_LOOP('',(#9784,#9785,#9786,#9795,#9803,#9812,#9820,#9828,
    #9836,#9845,#9853,#9862));
#9784 = ORIENTED_EDGE('',*,*,#8888,.F.);
#9785 = ORIENTED_EDGE('',*,*,#8958,.T.);
#9786 = ORIENTED_EDGE('',*,*,#9787,.T.);
#9787 = EDGE_CURVE('',#8959,#9788,#9790,.T.);
#9788 = VERTEX_POINT('',#9789);
#9789 = CARTESIAN_POINT('',(-2.35,2.11,0.725));
#9790 = CIRCLE('',#9791,0.1);
#9791 = AXIS2_PLACEMENT_3D('',#9792,#9793,#9794);
#9792 = CARTESIAN_POINT('',(-2.25,2.11,0.725));
#9793 = DIRECTION('',(9.95799250103E-17,-1.,0.));
#9794 = DIRECTION('',(-4.440892098501E-15,-4.422237021476E-31,1.));
#9795 = ORIENTED_EDGE('',*,*,#9796,.T.);
#9796 = EDGE_CURVE('',#9788,#9797,#9799,.T.);
#9797 = VERTEX_POINT('',#9798);
#9798 = CARTESIAN_POINT('',(-2.35,2.11,0.3));
#9799 = LINE('',#9800,#9801);
#9800 = CARTESIAN_POINT('',(-2.35,2.11,0.725));
#9801 = VECTOR('',#9802,1.);
#9802 = DIRECTION('',(-1.044915787883E-15,-1.040526357994E-31,-1.));
#9803 = ORIENTED_EDGE('',*,*,#9804,.T.);
#9804 = EDGE_CURVE('',#9797,#9805,#9807,.T.);
#9805 = VERTEX_POINT('',#9806);
#9806 = CARTESIAN_POINT('',(-2.65,2.11,5.551115123126E-17));
#9807 = CIRCLE('',#9808,0.3);
#9808 = AXIS2_PLACEMENT_3D('',#9809,#9810,#9811);
#9809 = CARTESIAN_POINT('',(-2.65,2.11,0.3));
#9810 = DIRECTION('',(-9.95799250103E-17,1.,0.));
#9811 = DIRECTION('',(1.,9.95799250103E-17,3.515706244646E-15));
#9812 = ORIENTED_EDGE('',*,*,#9813,.T.);
#9813 = EDGE_CURVE('',#9805,#9814,#9816,.T.);
#9814 = VERTEX_POINT('',#9815);
#9815 = CARTESIAN_POINT('',(-3.,2.11,5.551115123126E-17));
#9816 = LINE('',#9817,#9818);
#9817 = CARTESIAN_POINT('',(-2.65,2.11,5.551115123126E-17));
#9818 = VECTOR('',#9819,1.);
#9819 = DIRECTION('',(-1.,-9.95799250103E-17,0.));
#9820 = ORIENTED_EDGE('',*,*,#9821,.T.);
#9821 = EDGE_CURVE('',#9814,#9822,#9824,.T.);
#9822 = VERTEX_POINT('',#9823);
#9823 = CARTESIAN_POINT('',(-3.,2.11,0.2));
#9824 = LINE('',#9825,#9826);
#9825 = CARTESIAN_POINT('',(-3.,2.11,5.551115123126E-17));
#9826 = VECTOR('',#9827,1.);
#9827 = DIRECTION('',(0.,0.,1.));
#9828 = ORIENTED_EDGE('',*,*,#9829,.T.);
#9829 = EDGE_CURVE('',#9822,#9830,#9832,.T.);
#9830 = VERTEX_POINT('',#9831);
#9831 = CARTESIAN_POINT('',(-2.65,2.11,0.2));
#9832 = LINE('',#9833,#9834);
#9833 = CARTESIAN_POINT('',(-3.,2.11,0.2));
#9834 = VECTOR('',#9835,1.);
#9835 = DIRECTION('',(1.,9.95799250103E-17,0.));
#9836 = ORIENTED_EDGE('',*,*,#9837,.T.);
#9837 = EDGE_CURVE('',#9830,#9838,#9840,.T.);
#9838 = VERTEX_POINT('',#9839);
#9839 = CARTESIAN_POINT('',(-2.55,2.11,0.3));
#9840 = CIRCLE('',#9841,0.1);
#9841 = AXIS2_PLACEMENT_3D('',#9842,#9843,#9844);
#9842 = CARTESIAN_POINT('',(-2.65,2.11,0.3));
#9843 = DIRECTION('',(9.95799250103E-17,-1.,-0.));
#9844 = DIRECTION('',(-0.,0.,-1.));
#9845 = ORIENTED_EDGE('',*,*,#9846,.T.);
#9846 = EDGE_CURVE('',#9838,#9847,#9849,.T.);
#9847 = VERTEX_POINT('',#9848);
#9848 = CARTESIAN_POINT('',(-2.55,2.11,0.725));
#9849 = LINE('',#9850,#9851);
#9850 = CARTESIAN_POINT('',(-2.55,2.11,0.3));
#9851 = VECTOR('',#9852,1.);
#9852 = DIRECTION('',(0.,0.,1.));
#9853 = ORIENTED_EDGE('',*,*,#9854,.T.);
#9854 = EDGE_CURVE('',#9847,#9855,#9857,.T.);
#9855 = VERTEX_POINT('',#9856);
#9856 = CARTESIAN_POINT('',(-2.25,2.11,1.025));
#9857 = CIRCLE('',#9858,0.3);
#9858 = AXIS2_PLACEMENT_3D('',#9859,#9860,#9861);
#9859 = CARTESIAN_POINT('',(-2.25,2.11,0.725));
#9860 = DIRECTION('',(-9.95799250103E-17,1.,0.));
#9861 = DIRECTION('',(-1.,-9.95799250103E-17,3.700743415417E-16));
#9862 = ORIENTED_EDGE('',*,*,#9863,.T.);
#9863 = EDGE_CURVE('',#9855,#8889,#9864,.T.);
#9864 = LINE('',#9865,#9866);
#9865 = CARTESIAN_POINT('',(-2.25,2.11,1.025));
#9866 = VECTOR('',#9867,1.);
#9867 = DIRECTION('',(1.,9.95799250103E-17,0.));
#9868 = PLANE('',#9869);
#9869 = AXIS2_PLACEMENT_3D('',#9870,#9871,#9872);
#9870 = CARTESIAN_POINT('',(-2.41578967201,2.11,0.532659657565));
#9871 = DIRECTION('',(-9.95799250103E-17,1.,0.));
#9872 = DIRECTION('',(0.,0.,1.));
#9873 = ADVANCED_FACE('',(#9874),#9889,.F.);
#9874 = FACE_BOUND('',#9875,.F.);
#9875 = EDGE_LOOP('',(#9876,#9882,#9883,#9888));
#9876 = ORIENTED_EDGE('',*,*,#9877,.F.);
#9877 = EDGE_CURVE('',#8889,#9551,#9878,.T.);
#9878 = LINE('',#9879,#9880);
#9879 = CARTESIAN_POINT('',(-2.25,2.11,1.025));
#9880 = VECTOR('',#9881,1.);
#9881 = DIRECTION('',(1.,9.95799250103E-17,0.));
#9882 = ORIENTED_EDGE('',*,*,#8904,.T.);
#9883 = ORIENTED_EDGE('',*,*,#9884,.T.);
#9884 = EDGE_CURVE('',#8898,#9470,#9885,.T.);
#9885 = B_SPLINE_CURVE_WITH_KNOTS('',1,(#9886,#9887),.UNSPECIFIED.,.F.,
  .F.,(2,2),(0.,1.),.PIECEWISE_BEZIER_KNOTS.);
#9886 = CARTESIAN_POINT('',(-1.95,2.275,1.025));
#9887 = CARTESIAN_POINT('',(-1.875,2.2375,1.025));
#9888 = ORIENTED_EDGE('',*,*,#9558,.F.);
#9889 = B_SPLINE_SURFACE_WITH_KNOTS('',1,1,(
    (#9890,#9891)
    ,(#9892,#9893
    )),.UNSPECIFIED.,.F.,.F.,.F.,(2,2),(2,2),(0.,4.55),(0.,1.),
  .PIECEWISE_BEZIER_KNOTS.);
#9890 = CARTESIAN_POINT('',(-1.95,-2.275,1.025));
#9891 = CARTESIAN_POINT('',(-1.875,-2.2375,1.025));
#9892 = CARTESIAN_POINT('',(-1.95,2.275,1.025));
#9893 = CARTESIAN_POINT('',(-1.875,2.2375,1.025));
#9894 = ADVANCED_FACE('',(#9895),#9914,.F.);
#9895 = FACE_BOUND('',#9896,.F.);
#9896 = EDGE_LOOP('',(#9897,#9898,#9907,#9913));
#9897 = ORIENTED_EDGE('',*,*,#8935,.T.);
#9898 = ORIENTED_EDGE('',*,*,#9899,.T.);
#9899 = EDGE_CURVE('',#8928,#9900,#9902,.T.);
#9900 = VERTEX_POINT('',#9901);
#9901 = CARTESIAN_POINT('',(-2.35,-1.7,0.725));
#9902 = CIRCLE('',#9903,0.1);
#9903 = AXIS2_PLACEMENT_3D('',#9904,#9905,#9906);
#9904 = CARTESIAN_POINT('',(-2.25,-1.7,0.725));
#9905 = DIRECTION('',(9.95799250103E-17,-1.,0.));
#9906 = DIRECTION('',(-4.440892098501E-15,-4.422237021476E-31,1.));
#9907 = ORIENTED_EDGE('',*,*,#9908,.F.);
#9908 = EDGE_CURVE('',#9696,#9900,#9909,.T.);
#9909 = LINE('',#9910,#9911);
#9910 = CARTESIAN_POINT('',(-2.35,-2.11,0.725));
#9911 = VECTOR('',#9912,1.);
#9912 = DIRECTION('',(-9.95799250103E-17,1.,0.));
#9913 = ORIENTED_EDGE('',*,*,#9695,.F.);
#9914 = CYLINDRICAL_SURFACE('',#9915,0.1);
#9915 = AXIS2_PLACEMENT_3D('',#9916,#9917,#9918);
#9916 = CARTESIAN_POINT('',(-2.25,-2.11,0.725));
#9917 = DIRECTION('',(9.95799250103E-17,-1.,0.));
#9918 = DIRECTION('',(-4.440892098501E-15,-4.422237021476E-31,1.));
#9919 = ADVANCED_FACE('',(#9920),#9998,.T.);
#9920 = FACE_BOUND('',#9921,.T.);
#9921 = EDGE_LOOP('',(#9922,#9923,#9924,#9925,#9933,#9942,#9950,#9958,
    #9966,#9975,#9983,#9992));
#9922 = ORIENTED_EDGE('',*,*,#8980,.F.);
#9923 = ORIENTED_EDGE('',*,*,#8927,.T.);
#9924 = ORIENTED_EDGE('',*,*,#9899,.T.);
#9925 = ORIENTED_EDGE('',*,*,#9926,.T.);
#9926 = EDGE_CURVE('',#9900,#9927,#9929,.T.);
#9927 = VERTEX_POINT('',#9928);
#9928 = CARTESIAN_POINT('',(-2.35,-1.7,0.3));
#9929 = LINE('',#9930,#9931);
#9930 = CARTESIAN_POINT('',(-2.35,-1.7,0.725));
#9931 = VECTOR('',#9932,1.);
#9932 = DIRECTION('',(-1.044915787883E-15,-1.040526357994E-31,-1.));
#9933 = ORIENTED_EDGE('',*,*,#9934,.T.);
#9934 = EDGE_CURVE('',#9927,#9935,#9937,.T.);
#9935 = VERTEX_POINT('',#9936);
#9936 = CARTESIAN_POINT('',(-2.65,-1.7,5.551115123126E-17));
#9937 = CIRCLE('',#9938,0.3);
#9938 = AXIS2_PLACEMENT_3D('',#9939,#9940,#9941);
#9939 = CARTESIAN_POINT('',(-2.65,-1.7,0.3));
#9940 = DIRECTION('',(-9.95799250103E-17,1.,0.));
#9941 = DIRECTION('',(1.,9.95799250103E-17,3.515706244646E-15));
#9942 = ORIENTED_EDGE('',*,*,#9943,.T.);
#9943 = EDGE_CURVE('',#9935,#9944,#9946,.T.);
#9944 = VERTEX_POINT('',#9945);
#9945 = CARTESIAN_POINT('',(-3.,-1.7,5.551115123126E-17));
#9946 = LINE('',#9947,#9948);
#9947 = CARTESIAN_POINT('',(-2.65,-1.7,5.551115123126E-17));
#9948 = VECTOR('',#9949,1.);
#9949 = DIRECTION('',(-1.,-9.95799250103E-17,0.));
#9950 = ORIENTED_EDGE('',*,*,#9951,.T.);
#9951 = EDGE_CURVE('',#9944,#9952,#9954,.T.);
#9952 = VERTEX_POINT('',#9953);
#9953 = CARTESIAN_POINT('',(-3.,-1.7,0.2));
#9954 = LINE('',#9955,#9956);
#9955 = CARTESIAN_POINT('',(-3.,-1.7,5.551115123126E-17));
#9956 = VECTOR('',#9957,1.);
#9957 = DIRECTION('',(0.,0.,1.));
#9958 = ORIENTED_EDGE('',*,*,#9959,.T.);
#9959 = EDGE_CURVE('',#9952,#9960,#9962,.T.);
#9960 = VERTEX_POINT('',#9961);
#9961 = CARTESIAN_POINT('',(-2.65,-1.7,0.2));
#9962 = LINE('',#9963,#9964);
#9963 = CARTESIAN_POINT('',(-3.,-1.7,0.2));
#9964 = VECTOR('',#9965,1.);
#9965 = DIRECTION('',(1.,9.95799250103E-17,0.));
#9966 = ORIENTED_EDGE('',*,*,#9967,.T.);
#9967 = EDGE_CURVE('',#9960,#9968,#9970,.T.);
#9968 = VERTEX_POINT('',#9969);
#9969 = CARTESIAN_POINT('',(-2.55,-1.7,0.3));
#9970 = CIRCLE('',#9971,0.1);
#9971 = AXIS2_PLACEMENT_3D('',#9972,#9973,#9974);
#9972 = CARTESIAN_POINT('',(-2.65,-1.7,0.3));
#9973 = DIRECTION('',(9.95799250103E-17,-1.,-0.));
#9974 = DIRECTION('',(-0.,0.,-1.));
#9975 = ORIENTED_EDGE('',*,*,#9976,.T.);
#9976 = EDGE_CURVE('',#9968,#9977,#9979,.T.);
#9977 = VERTEX_POINT('',#9978);
#9978 = CARTESIAN_POINT('',(-2.55,-1.7,0.725));
#9979 = LINE('',#9980,#9981);
#9980 = CARTESIAN_POINT('',(-2.55,-1.7,0.3));
#9981 = VECTOR('',#9982,1.);
#9982 = DIRECTION('',(0.,0.,1.));
#9983 = ORIENTED_EDGE('',*,*,#9984,.T.);
#9984 = EDGE_CURVE('',#9977,#9985,#9987,.T.);
#9985 = VERTEX_POINT('',#9986);
#9986 = CARTESIAN_POINT('',(-2.25,-1.7,1.025));
#9987 = CIRCLE('',#9988,0.3);
#9988 = AXIS2_PLACEMENT_3D('',#9989,#9990,#9991);
#9989 = CARTESIAN_POINT('',(-2.25,-1.7,0.725));
#9990 = DIRECTION('',(-9.95799250103E-17,1.,0.));
#9991 = DIRECTION('',(-1.,-9.95799250103E-17,3.700743415417E-16));
#9992 = ORIENTED_EDGE('',*,*,#9993,.T.);
#9993 = EDGE_CURVE('',#9985,#8981,#9994,.T.);
#9994 = LINE('',#9995,#9996);
#9995 = CARTESIAN_POINT('',(-2.25,-1.7,1.025));
#9996 = VECTOR('',#9997,1.);
#9997 = DIRECTION('',(1.,9.95799250103E-17,0.));
#9998 = PLANE('',#9999);
#9999 = AXIS2_PLACEMENT_3D('',#10000,#10001,#10002);
#10000 = CARTESIAN_POINT('',(-2.41578967201,-1.7,0.532659657565));
#10001 = DIRECTION('',(-9.95799250103E-17,1.,0.));
#10002 = DIRECTION('',(0.,0.,1.));
#10003 = ADVANCED_FACE('',(#10004),#10090,.F.);
#10004 = FACE_BOUND('',#10005,.F.);
#10005 = EDGE_LOOP('',(#10006,#10007,#10008,#10017,#10025,#10034,#10042,
    #10050,#10058,#10067,#10075,#10084));
#10006 = ORIENTED_EDGE('',*,*,#9020,.F.);
#10007 = ORIENTED_EDGE('',*,*,#8949,.T.);
#10008 = ORIENTED_EDGE('',*,*,#10009,.T.);
#10009 = EDGE_CURVE('',#8950,#10010,#10012,.T.);
#10010 = VERTEX_POINT('',#10011);
#10011 = CARTESIAN_POINT('',(-2.35,1.7,0.725));
#10012 = CIRCLE('',#10013,0.1);
#10013 = AXIS2_PLACEMENT_3D('',#10014,#10015,#10016);
#10014 = CARTESIAN_POINT('',(-2.25,1.7,0.725));
#10015 = DIRECTION('',(9.95799250103E-17,-1.,0.));
#10016 = DIRECTION('',(-4.440892098501E-15,-4.422237021476E-31,1.));
#10017 = ORIENTED_EDGE('',*,*,#10018,.T.);
#10018 = EDGE_CURVE('',#10010,#10019,#10021,.T.);
#10019 = VERTEX_POINT('',#10020);
#10020 = CARTESIAN_POINT('',(-2.35,1.7,0.3));
#10021 = LINE('',#10022,#10023);
#10022 = CARTESIAN_POINT('',(-2.35,1.7,0.725));
#10023 = VECTOR('',#10024,1.);
#10024 = DIRECTION('',(-1.044915787883E-15,-1.040526357994E-31,-1.));
#10025 = ORIENTED_EDGE('',*,*,#10026,.T.);
#10026 = EDGE_CURVE('',#10019,#10027,#10029,.T.);
#10027 = VERTEX_POINT('',#10028);
#10028 = CARTESIAN_POINT('',(-2.65,1.7,5.551115123126E-17));
#10029 = CIRCLE('',#10030,0.3);
#10030 = AXIS2_PLACEMENT_3D('',#10031,#10032,#10033);
#10031 = CARTESIAN_POINT('',(-2.65,1.7,0.3));
#10032 = DIRECTION('',(-9.95799250103E-17,1.,0.));
#10033 = DIRECTION('',(1.,9.95799250103E-17,3.515706244646E-15));
#10034 = ORIENTED_EDGE('',*,*,#10035,.T.);
#10035 = EDGE_CURVE('',#10027,#10036,#10038,.T.);
#10036 = VERTEX_POINT('',#10037);
#10037 = CARTESIAN_POINT('',(-3.,1.7,5.551115123126E-17));
#10038 = LINE('',#10039,#10040);
#10039 = CARTESIAN_POINT('',(-2.65,1.7,5.551115123126E-17));
#10040 = VECTOR('',#10041,1.);
#10041 = DIRECTION('',(-1.,-9.95799250103E-17,0.));
#10042 = ORIENTED_EDGE('',*,*,#10043,.T.);
#10043 = EDGE_CURVE('',#10036,#10044,#10046,.T.);
#10044 = VERTEX_POINT('',#10045);
#10045 = CARTESIAN_POINT('',(-3.,1.7,0.2));
#10046 = LINE('',#10047,#10048);
#10047 = CARTESIAN_POINT('',(-3.,1.7,5.551115123126E-17));
#10048 = VECTOR('',#10049,1.);
#10049 = DIRECTION('',(0.,0.,1.));
#10050 = ORIENTED_EDGE('',*,*,#10051,.T.);
#10051 = EDGE_CURVE('',#10044,#10052,#10054,.T.);
#10052 = VERTEX_POINT('',#10053);
#10053 = CARTESIAN_POINT('',(-2.65,1.7,0.2));
#10054 = LINE('',#10055,#10056);
#10055 = CARTESIAN_POINT('',(-3.,1.7,0.2));
#10056 = VECTOR('',#10057,1.);
#10057 = DIRECTION('',(1.,9.95799250103E-17,0.));
#10058 = ORIENTED_EDGE('',*,*,#10059,.T.);
#10059 = EDGE_CURVE('',#10052,#10060,#10062,.T.);
#10060 = VERTEX_POINT('',#10061);
#10061 = CARTESIAN_POINT('',(-2.55,1.7,0.3));
#10062 = CIRCLE('',#10063,0.1);
#10063 = AXIS2_PLACEMENT_3D('',#10064,#10065,#10066);
#10064 = CARTESIAN_POINT('',(-2.65,1.7,0.3));
#10065 = DIRECTION('',(9.95799250103E-17,-1.,-0.));
#10066 = DIRECTION('',(-0.,0.,-1.));
#10067 = ORIENTED_EDGE('',*,*,#10068,.T.);
#10068 = EDGE_CURVE('',#10060,#10069,#10071,.T.);
#10069 = VERTEX_POINT('',#10070);
#10070 = CARTESIAN_POINT('',(-2.55,1.7,0.725));
#10071 = LINE('',#10072,#10073);
#10072 = CARTESIAN_POINT('',(-2.55,1.7,0.3));
#10073 = VECTOR('',#10074,1.);
#10074 = DIRECTION('',(0.,0.,1.));
#10075 = ORIENTED_EDGE('',*,*,#10076,.T.);
#10076 = EDGE_CURVE('',#10069,#10077,#10079,.T.);
#10077 = VERTEX_POINT('',#10078);
#10078 = CARTESIAN_POINT('',(-2.25,1.7,1.025));
#10079 = CIRCLE('',#10080,0.3);
#10080 = AXIS2_PLACEMENT_3D('',#10081,#10082,#10083);
#10081 = CARTESIAN_POINT('',(-2.25,1.7,0.725));
#10082 = DIRECTION('',(-9.95799250103E-17,1.,0.));
#10083 = DIRECTION('',(-1.,-9.95799250103E-17,3.700743415417E-16));
#10084 = ORIENTED_EDGE('',*,*,#10085,.T.);
#10085 = EDGE_CURVE('',#10077,#9021,#10086,.T.);
#10086 = LINE('',#10087,#10088);
#10087 = CARTESIAN_POINT('',(-2.25,1.7,1.025));
#10088 = VECTOR('',#10089,1.);
#10089 = DIRECTION('',(1.,9.95799250103E-17,0.));
#10090 = PLANE('',#10091);
#10091 = AXIS2_PLACEMENT_3D('',#10092,#10093,#10094);
#10092 = CARTESIAN_POINT('',(-2.41578967201,1.7,0.532659657565));
#10093 = DIRECTION('',(-9.95799250103E-17,1.,0.));
#10094 = DIRECTION('',(0.,0.,1.));
#10095 = ADVANCED_FACE('',(#10096),#10107,.F.);
#10096 = FACE_BOUND('',#10097,.F.);
#10097 = EDGE_LOOP('',(#10098,#10099,#10100,#10106));
#10098 = ORIENTED_EDGE('',*,*,#8966,.T.);
#10099 = ORIENTED_EDGE('',*,*,#9787,.T.);
#10100 = ORIENTED_EDGE('',*,*,#10101,.F.);
#10101 = EDGE_CURVE('',#10010,#9788,#10102,.T.);
#10102 = LINE('',#10103,#10104);
#10103 = CARTESIAN_POINT('',(-2.35,1.7,0.725));
#10104 = VECTOR('',#10105,1.);
#10105 = DIRECTION('',(-9.95799250103E-17,1.,0.));
#10106 = ORIENTED_EDGE('',*,*,#10009,.F.);
#10107 = CYLINDRICAL_SURFACE('',#10108,0.1);
#10108 = AXIS2_PLACEMENT_3D('',#10109,#10110,#10111);
#10109 = CARTESIAN_POINT('',(-2.25,1.7,0.725));
#10110 = DIRECTION('',(9.95799250103E-17,-1.,0.));
#10111 = DIRECTION('',(-4.440892098501E-15,-4.422237021476E-31,1.));
#10112 = ADVANCED_FACE('',(#10113),#10129,.F.);
#10113 = FACE_BOUND('',#10114,.F.);
#10114 = EDGE_LOOP('',(#10115,#10121,#10122,#10128));
#10115 = ORIENTED_EDGE('',*,*,#10116,.F.);
#10116 = EDGE_CURVE('',#8981,#9503,#10117,.T.);
#10117 = LINE('',#10118,#10119);
#10118 = CARTESIAN_POINT('',(-2.25,-1.7,1.025));
#10119 = VECTOR('',#10120,1.);
#10120 = DIRECTION('',(1.,9.95799250103E-17,0.));
#10121 = ORIENTED_EDGE('',*,*,#8997,.T.);
#10122 = ORIENTED_EDGE('',*,*,#10123,.T.);
#10123 = EDGE_CURVE('',#8990,#9511,#10124,.T.);
#10124 = LINE('',#10125,#10126);
#10125 = CARTESIAN_POINT('',(-2.25,-0.84,1.025));
#10126 = VECTOR('',#10127,1.);
#10127 = DIRECTION('',(1.,9.95799250103E-17,0.));
#10128 = ORIENTED_EDGE('',*,*,#9510,.F.);
#10129 = B_SPLINE_SURFACE_WITH_KNOTS('',1,1,(
    (#10130,#10131)
    ,(#10132,#10133
    )),.UNSPECIFIED.,.F.,.F.,.F.,(2,2),(2,2),(0.,4.55),(0.,1.),
  .PIECEWISE_BEZIER_KNOTS.);
#10130 = CARTESIAN_POINT('',(-1.95,-2.275,1.025));
#10131 = CARTESIAN_POINT('',(-1.875,-2.2375,1.025));
#10132 = CARTESIAN_POINT('',(-1.95,2.275,1.025));
#10133 = CARTESIAN_POINT('',(-1.875,2.2375,1.025));
#10134 = ADVANCED_FACE('',(#10135),#10221,.F.);
#10135 = FACE_BOUND('',#10136,.F.);
#10136 = EDGE_LOOP('',(#10137,#10138,#10139,#10148,#10156,#10165,#10173,
    #10181,#10189,#10198,#10206,#10215));
#10137 = ORIENTED_EDGE('',*,*,#8989,.F.);
#10138 = ORIENTED_EDGE('',*,*,#9042,.T.);
#10139 = ORIENTED_EDGE('',*,*,#10140,.T.);
#10140 = EDGE_CURVE('',#9043,#10141,#10143,.T.);
#10141 = VERTEX_POINT('',#10142);
#10142 = CARTESIAN_POINT('',(-2.35,-0.84,0.725));
#10143 = CIRCLE('',#10144,0.1);
#10144 = AXIS2_PLACEMENT_3D('',#10145,#10146,#10147);
#10145 = CARTESIAN_POINT('',(-2.25,-0.84,0.725));
#10146 = DIRECTION('',(9.95799250103E-17,-1.,0.));
#10147 = DIRECTION('',(-4.440892098501E-15,-4.422237021476E-31,1.));
#10148 = ORIENTED_EDGE('',*,*,#10149,.T.);
#10149 = EDGE_CURVE('',#10141,#10150,#10152,.T.);
#10150 = VERTEX_POINT('',#10151);
#10151 = CARTESIAN_POINT('',(-2.35,-0.84,0.3));
#10152 = LINE('',#10153,#10154);
#10153 = CARTESIAN_POINT('',(-2.35,-0.84,0.725));
#10154 = VECTOR('',#10155,1.);
#10155 = DIRECTION('',(-1.044915787883E-15,-1.040526357994E-31,-1.));
#10156 = ORIENTED_EDGE('',*,*,#10157,.T.);
#10157 = EDGE_CURVE('',#10150,#10158,#10160,.T.);
#10158 = VERTEX_POINT('',#10159);
#10159 = CARTESIAN_POINT('',(-2.65,-0.84,5.551115123126E-17));
#10160 = CIRCLE('',#10161,0.3);
#10161 = AXIS2_PLACEMENT_3D('',#10162,#10163,#10164);
#10162 = CARTESIAN_POINT('',(-2.65,-0.84,0.3));
#10163 = DIRECTION('',(-9.95799250103E-17,1.,0.));
#10164 = DIRECTION('',(1.,9.95799250103E-17,3.515706244646E-15));
#10165 = ORIENTED_EDGE('',*,*,#10166,.T.);
#10166 = EDGE_CURVE('',#10158,#10167,#10169,.T.);
#10167 = VERTEX_POINT('',#10168);
#10168 = CARTESIAN_POINT('',(-3.,-0.84,5.551115123126E-17));
#10169 = LINE('',#10170,#10171);
#10170 = CARTESIAN_POINT('',(-2.65,-0.84,5.551115123126E-17));
#10171 = VECTOR('',#10172,1.);
#10172 = DIRECTION('',(-1.,-9.95799250103E-17,0.));
#10173 = ORIENTED_EDGE('',*,*,#10174,.T.);
#10174 = EDGE_CURVE('',#10167,#10175,#10177,.T.);
#10175 = VERTEX_POINT('',#10176);
#10176 = CARTESIAN_POINT('',(-3.,-0.84,0.2));
#10177 = LINE('',#10178,#10179);
#10178 = CARTESIAN_POINT('',(-3.,-0.84,5.551115123126E-17));
#10179 = VECTOR('',#10180,1.);
#10180 = DIRECTION('',(0.,0.,1.));
#10181 = ORIENTED_EDGE('',*,*,#10182,.T.);
#10182 = EDGE_CURVE('',#10175,#10183,#10185,.T.);
#10183 = VERTEX_POINT('',#10184);
#10184 = CARTESIAN_POINT('',(-2.65,-0.84,0.2));
#10185 = LINE('',#10186,#10187);
#10186 = CARTESIAN_POINT('',(-3.,-0.84,0.2));
#10187 = VECTOR('',#10188,1.);
#10188 = DIRECTION('',(1.,9.95799250103E-17,0.));
#10189 = ORIENTED_EDGE('',*,*,#10190,.T.);
#10190 = EDGE_CURVE('',#10183,#10191,#10193,.T.);
#10191 = VERTEX_POINT('',#10192);
#10192 = CARTESIAN_POINT('',(-2.55,-0.84,0.3));
#10193 = CIRCLE('',#10194,0.1);
#10194 = AXIS2_PLACEMENT_3D('',#10195,#10196,#10197);
#10195 = CARTESIAN_POINT('',(-2.65,-0.84,0.3));
#10196 = DIRECTION('',(9.95799250103E-17,-1.,-0.));
#10197 = DIRECTION('',(-0.,0.,-1.));
#10198 = ORIENTED_EDGE('',*,*,#10199,.T.);
#10199 = EDGE_CURVE('',#10191,#10200,#10202,.T.);
#10200 = VERTEX_POINT('',#10201);
#10201 = CARTESIAN_POINT('',(-2.55,-0.84,0.725));
#10202 = LINE('',#10203,#10204);
#10203 = CARTESIAN_POINT('',(-2.55,-0.84,0.3));
#10204 = VECTOR('',#10205,1.);
#10205 = DIRECTION('',(0.,0.,1.));
#10206 = ORIENTED_EDGE('',*,*,#10207,.T.);
#10207 = EDGE_CURVE('',#10200,#10208,#10210,.T.);
#10208 = VERTEX_POINT('',#10209);
#10209 = CARTESIAN_POINT('',(-2.25,-0.84,1.025));
#10210 = CIRCLE('',#10211,0.3);
#10211 = AXIS2_PLACEMENT_3D('',#10212,#10213,#10214);
#10212 = CARTESIAN_POINT('',(-2.25,-0.84,0.725));
#10213 = DIRECTION('',(-9.95799250103E-17,1.,0.));
#10214 = DIRECTION('',(-1.,-9.95799250103E-17,3.700743415417E-16));
#10215 = ORIENTED_EDGE('',*,*,#10216,.T.);
#10216 = EDGE_CURVE('',#10208,#8990,#10217,.T.);
#10217 = LINE('',#10218,#10219);
#10218 = CARTESIAN_POINT('',(-2.25,-0.84,1.025));
#10219 = VECTOR('',#10220,1.);
#10220 = DIRECTION('',(1.,9.95799250103E-17,0.));
#10221 = PLANE('',#10222);
#10222 = AXIS2_PLACEMENT_3D('',#10223,#10224,#10225);
#10223 = CARTESIAN_POINT('',(-2.41578967201,-0.84,0.532659657565));
#10224 = DIRECTION('',(-9.95799250103E-17,1.,0.));
#10225 = DIRECTION('',(0.,0.,1.));
#10226 = ADVANCED_FACE('',(#10227),#10313,.T.);
#10227 = FACE_BOUND('',#10228,.T.);
#10228 = EDGE_LOOP('',(#10229,#10230,#10231,#10240,#10248,#10257,#10265,
    #10273,#10281,#10290,#10298,#10307));
#10229 = ORIENTED_EDGE('',*,*,#9011,.F.);
#10230 = ORIENTED_EDGE('',*,*,#9082,.T.);
#10231 = ORIENTED_EDGE('',*,*,#10232,.T.);
#10232 = EDGE_CURVE('',#9083,#10233,#10235,.T.);
#10233 = VERTEX_POINT('',#10234);
#10234 = CARTESIAN_POINT('',(-2.35,0.84,0.725));
#10235 = CIRCLE('',#10236,0.1);
#10236 = AXIS2_PLACEMENT_3D('',#10237,#10238,#10239);
#10237 = CARTESIAN_POINT('',(-2.25,0.84,0.725));
#10238 = DIRECTION('',(9.95799250103E-17,-1.,0.));
#10239 = DIRECTION('',(-4.440892098501E-15,-4.422237021476E-31,1.));
#10240 = ORIENTED_EDGE('',*,*,#10241,.T.);
#10241 = EDGE_CURVE('',#10233,#10242,#10244,.T.);
#10242 = VERTEX_POINT('',#10243);
#10243 = CARTESIAN_POINT('',(-2.35,0.84,0.3));
#10244 = LINE('',#10245,#10246);
#10245 = CARTESIAN_POINT('',(-2.35,0.84,0.725));
#10246 = VECTOR('',#10247,1.);
#10247 = DIRECTION('',(-1.044915787883E-15,-1.040526357994E-31,-1.));
#10248 = ORIENTED_EDGE('',*,*,#10249,.T.);
#10249 = EDGE_CURVE('',#10242,#10250,#10252,.T.);
#10250 = VERTEX_POINT('',#10251);
#10251 = CARTESIAN_POINT('',(-2.65,0.84,5.551115123126E-17));
#10252 = CIRCLE('',#10253,0.3);
#10253 = AXIS2_PLACEMENT_3D('',#10254,#10255,#10256);
#10254 = CARTESIAN_POINT('',(-2.65,0.84,0.3));
#10255 = DIRECTION('',(-9.95799250103E-17,1.,0.));
#10256 = DIRECTION('',(1.,9.95799250103E-17,3.515706244646E-15));
#10257 = ORIENTED_EDGE('',*,*,#10258,.T.);
#10258 = EDGE_CURVE('',#10250,#10259,#10261,.T.);
#10259 = VERTEX_POINT('',#10260);
#10260 = CARTESIAN_POINT('',(-3.,0.84,5.551115123126E-17));
#10261 = LINE('',#10262,#10263);
#10262 = CARTESIAN_POINT('',(-2.65,0.84,5.551115123126E-17));
#10263 = VECTOR('',#10264,1.);
#10264 = DIRECTION('',(-1.,-9.95799250103E-17,0.));
#10265 = ORIENTED_EDGE('',*,*,#10266,.T.);
#10266 = EDGE_CURVE('',#10259,#10267,#10269,.T.);
#10267 = VERTEX_POINT('',#10268);
#10268 = CARTESIAN_POINT('',(-3.,0.84,0.2));
#10269 = LINE('',#10270,#10271);
#10270 = CARTESIAN_POINT('',(-3.,0.84,5.551115123126E-17));
#10271 = VECTOR('',#10272,1.);
#10272 = DIRECTION('',(0.,0.,1.));
#10273 = ORIENTED_EDGE('',*,*,#10274,.T.);
#10274 = EDGE_CURVE('',#10267,#10275,#10277,.T.);
#10275 = VERTEX_POINT('',#10276);
#10276 = CARTESIAN_POINT('',(-2.65,0.84,0.2));
#10277 = LINE('',#10278,#10279);
#10278 = CARTESIAN_POINT('',(-3.,0.84,0.2));
#10279 = VECTOR('',#10280,1.);
#10280 = DIRECTION('',(1.,9.95799250103E-17,0.));
#10281 = ORIENTED_EDGE('',*,*,#10282,.T.);
#10282 = EDGE_CURVE('',#10275,#10283,#10285,.T.);
#10283 = VERTEX_POINT('',#10284);
#10284 = CARTESIAN_POINT('',(-2.55,0.84,0.3));
#10285 = CIRCLE('',#10286,0.1);
#10286 = AXIS2_PLACEMENT_3D('',#10287,#10288,#10289);
#10287 = CARTESIAN_POINT('',(-2.65,0.84,0.3));
#10288 = DIRECTION('',(9.95799250103E-17,-1.,-0.));
#10289 = DIRECTION('',(-0.,0.,-1.));
#10290 = ORIENTED_EDGE('',*,*,#10291,.T.);
#10291 = EDGE_CURVE('',#10283,#10292,#10294,.T.);
#10292 = VERTEX_POINT('',#10293);
#10293 = CARTESIAN_POINT('',(-2.55,0.84,0.725));
#10294 = LINE('',#10295,#10296);
#10295 = CARTESIAN_POINT('',(-2.55,0.84,0.3));
#10296 = VECTOR('',#10297,1.);
#10297 = DIRECTION('',(0.,0.,1.));
#10298 = ORIENTED_EDGE('',*,*,#10299,.T.);
#10299 = EDGE_CURVE('',#10292,#10300,#10302,.T.);
#10300 = VERTEX_POINT('',#10301);
#10301 = CARTESIAN_POINT('',(-2.25,0.84,1.025));
#10302 = CIRCLE('',#10303,0.3);
#10303 = AXIS2_PLACEMENT_3D('',#10304,#10305,#10306);
#10304 = CARTESIAN_POINT('',(-2.25,0.84,0.725));
#10305 = DIRECTION('',(-9.95799250103E-17,1.,0.));
#10306 = DIRECTION('',(-1.,-9.95799250103E-17,3.700743415417E-16));
#10307 = ORIENTED_EDGE('',*,*,#10308,.T.);
#10308 = EDGE_CURVE('',#10300,#9012,#10309,.T.);
#10309 = LINE('',#10310,#10311);
#10310 = CARTESIAN_POINT('',(-2.25,0.84,1.025));
#10311 = VECTOR('',#10312,1.);
#10312 = DIRECTION('',(1.,9.95799250103E-17,0.));
#10313 = PLANE('',#10314);
#10314 = AXIS2_PLACEMENT_3D('',#10315,#10316,#10317);
#10315 = CARTESIAN_POINT('',(-2.41578967201,0.84,0.532659657565));
#10316 = DIRECTION('',(-9.95799250103E-17,1.,0.));
#10317 = DIRECTION('',(0.,0.,1.));
#10318 = ADVANCED_FACE('',(#10319),#10335,.F.);
#10319 = FACE_BOUND('',#10320,.F.);
#10320 = EDGE_LOOP('',(#10321,#10327,#10328,#10334));
#10321 = ORIENTED_EDGE('',*,*,#10322,.F.);
#10322 = EDGE_CURVE('',#9012,#9535,#10323,.T.);
#10323 = LINE('',#10324,#10325);
#10324 = CARTESIAN_POINT('',(-2.25,0.84,1.025));
#10325 = VECTOR('',#10326,1.);
#10326 = DIRECTION('',(1.,9.95799250103E-17,0.));
#10327 = ORIENTED_EDGE('',*,*,#9028,.T.);
#10328 = ORIENTED_EDGE('',*,*,#10329,.T.);
#10329 = EDGE_CURVE('',#9021,#9543,#10330,.T.);
#10330 = LINE('',#10331,#10332);
#10331 = CARTESIAN_POINT('',(-2.25,1.7,1.025));
#10332 = VECTOR('',#10333,1.);
#10333 = DIRECTION('',(1.,9.95799250103E-17,0.));
#10334 = ORIENTED_EDGE('',*,*,#9542,.F.);
#10335 = B_SPLINE_SURFACE_WITH_KNOTS('',1,1,(
    (#10336,#10337)
    ,(#10338,#10339
    )),.UNSPECIFIED.,.F.,.F.,.F.,(2,2),(2,2),(0.,4.55),(0.,1.),
  .PIECEWISE_BEZIER_KNOTS.);
#10336 = CARTESIAN_POINT('',(-1.95,-2.275,1.025));
#10337 = CARTESIAN_POINT('',(-1.875,-2.2375,1.025));
#10338 = CARTESIAN_POINT('',(-1.95,2.275,1.025));
#10339 = CARTESIAN_POINT('',(-1.875,2.2375,1.025));
#10340 = ADVANCED_FACE('',(#10341),#10360,.F.);
#10341 = FACE_BOUND('',#10342,.F.);
#10342 = EDGE_LOOP('',(#10343,#10344,#10353,#10359));
#10343 = ORIENTED_EDGE('',*,*,#9059,.T.);
#10344 = ORIENTED_EDGE('',*,*,#10345,.T.);
#10345 = EDGE_CURVE('',#9052,#10346,#10348,.T.);
#10346 = VERTEX_POINT('',#10347);
#10347 = CARTESIAN_POINT('',(-2.35,-0.43,0.725));
#10348 = CIRCLE('',#10349,0.1);
#10349 = AXIS2_PLACEMENT_3D('',#10350,#10351,#10352);
#10350 = CARTESIAN_POINT('',(-2.25,-0.43,0.725));
#10351 = DIRECTION('',(9.95799250103E-17,-1.,0.));
#10352 = DIRECTION('',(-4.440892098501E-15,-4.422237021476E-31,1.));
#10353 = ORIENTED_EDGE('',*,*,#10354,.F.);
#10354 = EDGE_CURVE('',#10141,#10346,#10355,.T.);
#10355 = LINE('',#10356,#10357);
#10356 = CARTESIAN_POINT('',(-2.35,-0.84,0.725));
#10357 = VECTOR('',#10358,1.);
#10358 = DIRECTION('',(-9.95799250103E-17,1.,0.));
#10359 = ORIENTED_EDGE('',*,*,#10140,.F.);
#10360 = CYLINDRICAL_SURFACE('',#10361,0.1);
#10361 = AXIS2_PLACEMENT_3D('',#10362,#10363,#10364);
#10362 = CARTESIAN_POINT('',(-2.25,-0.84,0.725));
#10363 = DIRECTION('',(9.95799250103E-17,-1.,0.));
#10364 = DIRECTION('',(-4.440892098501E-15,-4.422237021476E-31,1.));
#10365 = ADVANCED_FACE('',(#10366),#10444,.T.);
#10366 = FACE_BOUND('',#10367,.T.);
#10367 = EDGE_LOOP('',(#10368,#10369,#10370,#10371,#10379,#10388,#10396,
    #10404,#10412,#10421,#10429,#10438));
#10368 = ORIENTED_EDGE('',*,*,#9104,.F.);
#10369 = ORIENTED_EDGE('',*,*,#9051,.T.);
#10370 = ORIENTED_EDGE('',*,*,#10345,.T.);
#10371 = ORIENTED_EDGE('',*,*,#10372,.T.);
#10372 = EDGE_CURVE('',#10346,#10373,#10375,.T.);
#10373 = VERTEX_POINT('',#10374);
#10374 = CARTESIAN_POINT('',(-2.35,-0.43,0.3));
#10375 = LINE('',#10376,#10377);
#10376 = CARTESIAN_POINT('',(-2.35,-0.43,0.725));
#10377 = VECTOR('',#10378,1.);
#10378 = DIRECTION('',(-1.044915787883E-15,-1.040526357994E-31,-1.));
#10379 = ORIENTED_EDGE('',*,*,#10380,.T.);
#10380 = EDGE_CURVE('',#10373,#10381,#10383,.T.);
#10381 = VERTEX_POINT('',#10382);
#10382 = CARTESIAN_POINT('',(-2.65,-0.43,5.551115123126E-17));
#10383 = CIRCLE('',#10384,0.3);
#10384 = AXIS2_PLACEMENT_3D('',#10385,#10386,#10387);
#10385 = CARTESIAN_POINT('',(-2.65,-0.43,0.3));
#10386 = DIRECTION('',(-9.95799250103E-17,1.,0.));
#10387 = DIRECTION('',(1.,9.95799250103E-17,3.515706244646E-15));
#10388 = ORIENTED_EDGE('',*,*,#10389,.T.);
#10389 = EDGE_CURVE('',#10381,#10390,#10392,.T.);
#10390 = VERTEX_POINT('',#10391);
#10391 = CARTESIAN_POINT('',(-3.,-0.43,5.551115123126E-17));
#10392 = LINE('',#10393,#10394);
#10393 = CARTESIAN_POINT('',(-2.65,-0.43,5.551115123126E-17));
#10394 = VECTOR('',#10395,1.);
#10395 = DIRECTION('',(-1.,-9.95799250103E-17,0.));
#10396 = ORIENTED_EDGE('',*,*,#10397,.T.);
#10397 = EDGE_CURVE('',#10390,#10398,#10400,.T.);
#10398 = VERTEX_POINT('',#10399);
#10399 = CARTESIAN_POINT('',(-3.,-0.43,0.2));
#10400 = LINE('',#10401,#10402);
#10401 = CARTESIAN_POINT('',(-3.,-0.43,5.551115123126E-17));
#10402 = VECTOR('',#10403,1.);
#10403 = DIRECTION('',(0.,0.,1.));
#10404 = ORIENTED_EDGE('',*,*,#10405,.T.);
#10405 = EDGE_CURVE('',#10398,#10406,#10408,.T.);
#10406 = VERTEX_POINT('',#10407);
#10407 = CARTESIAN_POINT('',(-2.65,-0.43,0.2));
#10408 = LINE('',#10409,#10410);
#10409 = CARTESIAN_POINT('',(-3.,-0.43,0.2));
#10410 = VECTOR('',#10411,1.);
#10411 = DIRECTION('',(1.,9.95799250103E-17,0.));
#10412 = ORIENTED_EDGE('',*,*,#10413,.T.);
#10413 = EDGE_CURVE('',#10406,#10414,#10416,.T.);
#10414 = VERTEX_POINT('',#10415);
#10415 = CARTESIAN_POINT('',(-2.55,-0.43,0.3));
#10416 = CIRCLE('',#10417,0.1);
#10417 = AXIS2_PLACEMENT_3D('',#10418,#10419,#10420);
#10418 = CARTESIAN_POINT('',(-2.65,-0.43,0.3));
#10419 = DIRECTION('',(9.95799250103E-17,-1.,-0.));
#10420 = DIRECTION('',(-0.,0.,-1.));
#10421 = ORIENTED_EDGE('',*,*,#10422,.T.);
#10422 = EDGE_CURVE('',#10414,#10423,#10425,.T.);
#10423 = VERTEX_POINT('',#10424);
#10424 = CARTESIAN_POINT('',(-2.55,-0.43,0.725));
#10425 = LINE('',#10426,#10427);
#10426 = CARTESIAN_POINT('',(-2.55,-0.43,0.3));
#10427 = VECTOR('',#10428,1.);
#10428 = DIRECTION('',(0.,0.,1.));
#10429 = ORIENTED_EDGE('',*,*,#10430,.T.);
#10430 = EDGE_CURVE('',#10423,#10431,#10433,.T.);
#10431 = VERTEX_POINT('',#10432);
#10432 = CARTESIAN_POINT('',(-2.25,-0.43,1.025));
#10433 = CIRCLE('',#10434,0.3);
#10434 = AXIS2_PLACEMENT_3D('',#10435,#10436,#10437);
#10435 = CARTESIAN_POINT('',(-2.25,-0.43,0.725));
#10436 = DIRECTION('',(-9.95799250103E-17,1.,0.));
#10437 = DIRECTION('',(-1.,-9.95799250103E-17,3.700743415417E-16));
#10438 = ORIENTED_EDGE('',*,*,#10439,.T.);
#10439 = EDGE_CURVE('',#10431,#9105,#10440,.T.);
#10440 = LINE('',#10441,#10442);
#10441 = CARTESIAN_POINT('',(-2.25,-0.43,1.025));
#10442 = VECTOR('',#10443,1.);
#10443 = DIRECTION('',(1.,9.95799250103E-17,0.));
#10444 = PLANE('',#10445);
#10445 = AXIS2_PLACEMENT_3D('',#10446,#10447,#10448);
#10446 = CARTESIAN_POINT('',(-2.41578967201,-0.43,0.532659657565));
#10447 = DIRECTION('',(-9.95799250103E-17,1.,0.));
#10448 = DIRECTION('',(0.,0.,1.));
#10449 = ADVANCED_FACE('',(#10450),#10536,.F.);
#10450 = FACE_BOUND('',#10451,.F.);
#10451 = EDGE_LOOP('',(#10452,#10453,#10454,#10463,#10471,#10480,#10488,
    #10496,#10504,#10513,#10521,#10530));
#10452 = ORIENTED_EDGE('',*,*,#9113,.F.);
#10453 = ORIENTED_EDGE('',*,*,#9073,.T.);
#10454 = ORIENTED_EDGE('',*,*,#10455,.T.);
#10455 = EDGE_CURVE('',#9074,#10456,#10458,.T.);
#10456 = VERTEX_POINT('',#10457);
#10457 = CARTESIAN_POINT('',(-2.35,0.43,0.725));
#10458 = CIRCLE('',#10459,0.1);
#10459 = AXIS2_PLACEMENT_3D('',#10460,#10461,#10462);
#10460 = CARTESIAN_POINT('',(-2.25,0.43,0.725));
#10461 = DIRECTION('',(9.95799250103E-17,-1.,0.));
#10462 = DIRECTION('',(-4.440892098501E-15,-4.422237021476E-31,1.));
#10463 = ORIENTED_EDGE('',*,*,#10464,.T.);
#10464 = EDGE_CURVE('',#10456,#10465,#10467,.T.);
#10465 = VERTEX_POINT('',#10466);
#10466 = CARTESIAN_POINT('',(-2.35,0.43,0.3));
#10467 = LINE('',#10468,#10469);
#10468 = CARTESIAN_POINT('',(-2.35,0.43,0.725));
#10469 = VECTOR('',#10470,1.);
#10470 = DIRECTION('',(-1.044915787883E-15,-1.040526357994E-31,-1.));
#10471 = ORIENTED_EDGE('',*,*,#10472,.T.);
#10472 = EDGE_CURVE('',#10465,#10473,#10475,.T.);
#10473 = VERTEX_POINT('',#10474);
#10474 = CARTESIAN_POINT('',(-2.65,0.43,5.551115123126E-17));
#10475 = CIRCLE('',#10476,0.3);
#10476 = AXIS2_PLACEMENT_3D('',#10477,#10478,#10479);
#10477 = CARTESIAN_POINT('',(-2.65,0.43,0.3));
#10478 = DIRECTION('',(-9.95799250103E-17,1.,0.));
#10479 = DIRECTION('',(1.,9.95799250103E-17,3.515706244646E-15));
#10480 = ORIENTED_EDGE('',*,*,#10481,.T.);
#10481 = EDGE_CURVE('',#10473,#10482,#10484,.T.);
#10482 = VERTEX_POINT('',#10483);
#10483 = CARTESIAN_POINT('',(-3.,0.43,5.551115123126E-17));
#10484 = LINE('',#10485,#10486);
#10485 = CARTESIAN_POINT('',(-2.65,0.43,5.551115123126E-17));
#10486 = VECTOR('',#10487,1.);
#10487 = DIRECTION('',(-1.,-9.95799250103E-17,0.));
#10488 = ORIENTED_EDGE('',*,*,#10489,.T.);
#10489 = EDGE_CURVE('',#10482,#10490,#10492,.T.);
#10490 = VERTEX_POINT('',#10491);
#10491 = CARTESIAN_POINT('',(-3.,0.43,0.2));
#10492 = LINE('',#10493,#10494);
#10493 = CARTESIAN_POINT('',(-3.,0.43,5.551115123126E-17));
#10494 = VECTOR('',#10495,1.);
#10495 = DIRECTION('',(0.,0.,1.));
#10496 = ORIENTED_EDGE('',*,*,#10497,.T.);
#10497 = EDGE_CURVE('',#10490,#10498,#10500,.T.);
#10498 = VERTEX_POINT('',#10499);
#10499 = CARTESIAN_POINT('',(-2.65,0.43,0.2));
#10500 = LINE('',#10501,#10502);
#10501 = CARTESIAN_POINT('',(-3.,0.43,0.2));
#10502 = VECTOR('',#10503,1.);
#10503 = DIRECTION('',(1.,9.95799250103E-17,0.));
#10504 = ORIENTED_EDGE('',*,*,#10505,.T.);
#10505 = EDGE_CURVE('',#10498,#10506,#10508,.T.);
#10506 = VERTEX_POINT('',#10507);
#10507 = CARTESIAN_POINT('',(-2.55,0.43,0.3));
#10508 = CIRCLE('',#10509,0.1);
#10509 = AXIS2_PLACEMENT_3D('',#10510,#10511,#10512);
#10510 = CARTESIAN_POINT('',(-2.65,0.43,0.3));
#10511 = DIRECTION('',(9.95799250103E-17,-1.,-0.));
#10512 = DIRECTION('',(-0.,0.,-1.));
#10513 = ORIENTED_EDGE('',*,*,#10514,.T.);
#10514 = EDGE_CURVE('',#10506,#10515,#10517,.T.);
#10515 = VERTEX_POINT('',#10516);
#10516 = CARTESIAN_POINT('',(-2.55,0.43,0.725));
#10517 = LINE('',#10518,#10519);
#10518 = CARTESIAN_POINT('',(-2.55,0.43,0.3));
#10519 = VECTOR('',#10520,1.);
#10520 = DIRECTION('',(0.,0.,1.));
#10521 = ORIENTED_EDGE('',*,*,#10522,.T.);
#10522 = EDGE_CURVE('',#10515,#10523,#10525,.T.);
#10523 = VERTEX_POINT('',#10524);
#10524 = CARTESIAN_POINT('',(-2.25,0.43,1.025));
#10525 = CIRCLE('',#10526,0.3);
#10526 = AXIS2_PLACEMENT_3D('',#10527,#10528,#10529);
#10527 = CARTESIAN_POINT('',(-2.25,0.43,0.725));
#10528 = DIRECTION('',(-9.95799250103E-17,1.,0.));
#10529 = DIRECTION('',(-1.,-9.95799250103E-17,3.700743415417E-16));
#10530 = ORIENTED_EDGE('',*,*,#10531,.T.);
#10531 = EDGE_CURVE('',#10523,#9114,#10532,.T.);
#10532 = LINE('',#10533,#10534);
#10533 = CARTESIAN_POINT('',(-2.25,0.43,1.025));
#10534 = VECTOR('',#10535,1.);
#10535 = DIRECTION('',(1.,9.95799250103E-17,0.));
#10536 = PLANE('',#10537);
#10537 = AXIS2_PLACEMENT_3D('',#10538,#10539,#10540);
#10538 = CARTESIAN_POINT('',(-2.41578967201,0.43,0.532659657565));
#10539 = DIRECTION('',(-9.95799250103E-17,1.,0.));
#10540 = DIRECTION('',(0.,0.,1.));
#10541 = ADVANCED_FACE('',(#10542),#10553,.F.);
#10542 = FACE_BOUND('',#10543,.F.);
#10543 = EDGE_LOOP('',(#10544,#10545,#10546,#10552));
#10544 = ORIENTED_EDGE('',*,*,#9090,.T.);
#10545 = ORIENTED_EDGE('',*,*,#10232,.T.);
#10546 = ORIENTED_EDGE('',*,*,#10547,.F.);
#10547 = EDGE_CURVE('',#10456,#10233,#10548,.T.);
#10548 = LINE('',#10549,#10550);
#10549 = CARTESIAN_POINT('',(-2.35,0.43,0.725));
#10550 = VECTOR('',#10551,1.);
#10551 = DIRECTION('',(-9.95799250103E-17,1.,0.));
#10552 = ORIENTED_EDGE('',*,*,#10455,.F.);
#10553 = CYLINDRICAL_SURFACE('',#10554,0.1);
#10554 = AXIS2_PLACEMENT_3D('',#10555,#10556,#10557);
#10555 = CARTESIAN_POINT('',(-2.25,0.43,0.725));
#10556 = DIRECTION('',(9.95799250103E-17,-1.,0.));
#10557 = DIRECTION('',(-4.440892098501E-15,-4.422237021476E-31,1.));
#10558 = ADVANCED_FACE('',(#10559),#10575,.F.);
#10559 = FACE_BOUND('',#10560,.F.);
#10560 = EDGE_LOOP('',(#10561,#10567,#10568,#10574));
#10561 = ORIENTED_EDGE('',*,*,#10562,.F.);
#10562 = EDGE_CURVE('',#9105,#9519,#10563,.T.);
#10563 = LINE('',#10564,#10565);
#10564 = CARTESIAN_POINT('',(-2.25,-0.43,1.025));
#10565 = VECTOR('',#10566,1.);
#10566 = DIRECTION('',(1.,9.95799250103E-17,0.));
#10567 = ORIENTED_EDGE('',*,*,#9121,.T.);
#10568 = ORIENTED_EDGE('',*,*,#10569,.T.);
#10569 = EDGE_CURVE('',#9114,#9527,#10570,.T.);
#10570 = LINE('',#10571,#10572);
#10571 = CARTESIAN_POINT('',(-2.25,0.43,1.025));
#10572 = VECTOR('',#10573,1.);
#10573 = DIRECTION('',(1.,9.95799250103E-17,0.));
#10574 = ORIENTED_EDGE('',*,*,#9526,.F.);
#10575 = B_SPLINE_SURFACE_WITH_KNOTS('',1,1,(
    (#10576,#10577)
    ,(#10578,#10579
    )),.UNSPECIFIED.,.F.,.F.,.F.,(2,2),(2,2),(0.,4.55),(0.,1.),
  .PIECEWISE_BEZIER_KNOTS.);
#10576 = CARTESIAN_POINT('',(-1.95,-2.275,1.025));
#10577 = CARTESIAN_POINT('',(-1.875,-2.2375,1.025));
#10578 = CARTESIAN_POINT('',(-1.95,2.275,1.025));
#10579 = CARTESIAN_POINT('',(-1.875,2.2375,1.025));
#10580 = ADVANCED_FACE('',(#10581),#10587,.F.);
#10581 = FACE_BOUND('',#10582,.F.);
#10582 = EDGE_LOOP('',(#10583,#10584,#10585,#10586));
#10583 = ORIENTED_EDGE('',*,*,#9137,.T.);
#10584 = ORIENTED_EDGE('',*,*,#9440,.T.);
#10585 = ORIENTED_EDGE('',*,*,#9469,.F.);
#10586 = ORIENTED_EDGE('',*,*,#9884,.F.);
#10587 = B_SPLINE_SURFACE_WITH_KNOTS('',1,1,(
    (#10588,#10589)
    ,(#10590,#10591
    )),.UNSPECIFIED.,.F.,.F.,.F.,(2,2),(2,2),(0.,0.247487373415),(0.,1.)
  ,.PIECEWISE_BEZIER_KNOTS.);
#10588 = CARTESIAN_POINT('',(-1.95,2.275,1.025));
#10589 = CARTESIAN_POINT('',(-1.875,2.2375,1.025));
#10590 = CARTESIAN_POINT('',(-1.775,2.45,1.025));
#10591 = CARTESIAN_POINT('',(-1.7375,2.375,1.025));
#10592 = ADVANCED_FACE('',(#10593),#10606,.F.);
#10593 = FACE_BOUND('',#10594,.F.);
#10594 = EDGE_LOOP('',(#10595,#10596,#10602,#10603,#10604,#10605));
#10595 = ORIENTED_EDGE('',*,*,#9771,.F.);
#10596 = ORIENTED_EDGE('',*,*,#10597,.T.);
#10597 = EDGE_CURVE('',#9763,#9985,#10598,.T.);
#10598 = LINE('',#10599,#10600);
#10599 = CARTESIAN_POINT('',(-2.25,-2.11,1.025));
#10600 = VECTOR('',#10601,1.);
#10601 = DIRECTION('',(-9.95799250103E-17,1.,0.));
#10602 = ORIENTED_EDGE('',*,*,#9993,.T.);
#10603 = ORIENTED_EDGE('',*,*,#10116,.T.);
#10604 = ORIENTED_EDGE('',*,*,#9502,.F.);
#10605 = ORIENTED_EDGE('',*,*,#9678,.F.);
#10606 = PLANE('',#10607);
#10607 = AXIS2_PLACEMENT_3D('',#10608,#10609,#10610);
#10608 = CARTESIAN_POINT('',(-2.25,-2.11,1.025));
#10609 = DIRECTION('',(-0.,0.,-1.));
#10610 = DIRECTION('',(1.,9.95799250103E-17,0.));
#10611 = ADVANCED_FACE('',(#10612),#10625,.F.);
#10612 = FACE_BOUND('',#10613,.F.);
#10613 = EDGE_LOOP('',(#10614,#10615,#10621,#10622,#10623,#10624));
#10614 = ORIENTED_EDGE('',*,*,#10216,.F.);
#10615 = ORIENTED_EDGE('',*,*,#10616,.T.);
#10616 = EDGE_CURVE('',#10208,#10431,#10617,.T.);
#10617 = LINE('',#10618,#10619);
#10618 = CARTESIAN_POINT('',(-2.25,-0.84,1.025));
#10619 = VECTOR('',#10620,1.);
#10620 = DIRECTION('',(-9.95799250103E-17,1.,0.));
#10621 = ORIENTED_EDGE('',*,*,#10439,.T.);
#10622 = ORIENTED_EDGE('',*,*,#10562,.T.);
#10623 = ORIENTED_EDGE('',*,*,#9518,.F.);
#10624 = ORIENTED_EDGE('',*,*,#10123,.F.);
#10625 = PLANE('',#10626);
#10626 = AXIS2_PLACEMENT_3D('',#10627,#10628,#10629);
#10627 = CARTESIAN_POINT('',(-2.25,-0.84,1.025));
#10628 = DIRECTION('',(-0.,0.,-1.));
#10629 = DIRECTION('',(1.,9.95799250103E-17,0.));
#10630 = ADVANCED_FACE('',(#10631),#10644,.F.);
#10631 = FACE_BOUND('',#10632,.F.);
#10632 = EDGE_LOOP('',(#10633,#10634,#10640,#10641,#10642,#10643));
#10633 = ORIENTED_EDGE('',*,*,#10085,.F.);
#10634 = ORIENTED_EDGE('',*,*,#10635,.T.);
#10635 = EDGE_CURVE('',#10077,#9855,#10636,.T.);
#10636 = LINE('',#10637,#10638);
#10637 = CARTESIAN_POINT('',(-2.25,1.7,1.025));
#10638 = VECTOR('',#10639,1.);
#10639 = DIRECTION('',(-9.95799250103E-17,1.,0.));
#10640 = ORIENTED_EDGE('',*,*,#9863,.T.);
#10641 = ORIENTED_EDGE('',*,*,#9877,.T.);
#10642 = ORIENTED_EDGE('',*,*,#9550,.F.);
#10643 = ORIENTED_EDGE('',*,*,#10329,.F.);
#10644 = PLANE('',#10645);
#10645 = AXIS2_PLACEMENT_3D('',#10646,#10647,#10648);
#10646 = CARTESIAN_POINT('',(-2.25,1.7,1.025));
#10647 = DIRECTION('',(-0.,0.,-1.));
#10648 = DIRECTION('',(1.,9.95799250103E-17,0.));
#10649 = ADVANCED_FACE('',(#10650),#10663,.F.);
#10650 = FACE_BOUND('',#10651,.F.);
#10651 = EDGE_LOOP('',(#10652,#10653,#10659,#10660,#10661,#10662));
#10652 = ORIENTED_EDGE('',*,*,#10531,.F.);
#10653 = ORIENTED_EDGE('',*,*,#10654,.T.);
#10654 = EDGE_CURVE('',#10523,#10300,#10655,.T.);
#10655 = LINE('',#10656,#10657);
#10656 = CARTESIAN_POINT('',(-2.25,0.43,1.025));
#10657 = VECTOR('',#10658,1.);
#10658 = DIRECTION('',(-9.95799250103E-17,1.,0.));
#10659 = ORIENTED_EDGE('',*,*,#10308,.T.);
#10660 = ORIENTED_EDGE('',*,*,#10322,.T.);
#10661 = ORIENTED_EDGE('',*,*,#9534,.F.);
#10662 = ORIENTED_EDGE('',*,*,#10569,.F.);
#10663 = PLANE('',#10664);
#10664 = AXIS2_PLACEMENT_3D('',#10665,#10666,#10667);
#10665 = CARTESIAN_POINT('',(-2.25,0.43,1.025));
#10666 = DIRECTION('',(-0.,0.,-1.));
#10667 = DIRECTION('',(1.,9.95799250103E-17,0.));
#10668 = ADVANCED_FACE('',(#10669),#10672,.T.);
#10669 = FACE_BOUND('',#10670,.T.);
#10670 = EDGE_LOOP('',(#10671));
#10671 = ORIENTED_EDGE('',*,*,#9619,.T.);
#10672 = PLANE('',#10673);
#10673 = AXIS2_PLACEMENT_3D('',#10674,#10675,#10676);
#10674 = CARTESIAN_POINT('',(-1.110171280765,1.610171280765,1.7));
#10675 = DIRECTION('',(0.,0.,1.));
#10676 = DIRECTION('',(2.22044604925E-16,-1.,0.));
#10677 = ADVANCED_FACE('',(#10678),#10689,.T.);
#10678 = FACE_BOUND('',#10679,.T.);
#10679 = EDGE_LOOP('',(#10680,#10681,#10682,#10683));
#10680 = ORIENTED_EDGE('',*,*,#9762,.T.);
#10681 = ORIENTED_EDGE('',*,*,#10597,.T.);
#10682 = ORIENTED_EDGE('',*,*,#9984,.F.);
#10683 = ORIENTED_EDGE('',*,*,#10684,.F.);
#10684 = EDGE_CURVE('',#9755,#9977,#10685,.T.);
#10685 = LINE('',#10686,#10687);
#10686 = CARTESIAN_POINT('',(-2.55,-2.11,0.725));
#10687 = VECTOR('',#10688,1.);
#10688 = DIRECTION('',(-9.95799250103E-17,1.,0.));
#10689 = CYLINDRICAL_SURFACE('',#10690,0.3);
#10690 = AXIS2_PLACEMENT_3D('',#10691,#10692,#10693);
#10691 = CARTESIAN_POINT('',(-2.25,-2.11,0.725));
#10692 = DIRECTION('',(9.95799250103E-17,-1.,-0.));
#10693 = DIRECTION('',(-1.,-9.95799250103E-17,3.700743415417E-16));
#10694 = ADVANCED_FACE('',(#10695),#10706,.F.);
#10695 = FACE_BOUND('',#10696,.F.);
#10696 = EDGE_LOOP('',(#10697,#10703,#10704,#10705));
#10697 = ORIENTED_EDGE('',*,*,#10698,.T.);
#10698 = EDGE_CURVE('',#9746,#9968,#10699,.T.);
#10699 = LINE('',#10700,#10701);
#10700 = CARTESIAN_POINT('',(-2.55,-2.11,0.3));
#10701 = VECTOR('',#10702,1.);
#10702 = DIRECTION('',(-9.95799250103E-17,1.,0.));
#10703 = ORIENTED_EDGE('',*,*,#9976,.T.);
#10704 = ORIENTED_EDGE('',*,*,#10684,.F.);
#10705 = ORIENTED_EDGE('',*,*,#9754,.F.);
#10706 = PLANE('',#10707);
#10707 = AXIS2_PLACEMENT_3D('',#10708,#10709,#10710);
#10708 = CARTESIAN_POINT('',(-2.55,-2.11,0.3));
#10709 = DIRECTION('',(1.,9.95799250103E-17,0.));
#10710 = DIRECTION('',(0.,-0.,1.));
#10711 = ADVANCED_FACE('',(#10712),#10723,.F.);
#10712 = FACE_BOUND('',#10713,.F.);
#10713 = EDGE_LOOP('',(#10714,#10720,#10721,#10722));
#10714 = ORIENTED_EDGE('',*,*,#10715,.T.);
#10715 = EDGE_CURVE('',#9738,#9960,#10716,.T.);
#10716 = LINE('',#10717,#10718);
#10717 = CARTESIAN_POINT('',(-2.65,-2.11,0.2));
#10718 = VECTOR('',#10719,1.);
#10719 = DIRECTION('',(-9.95799250103E-17,1.,0.));
#10720 = ORIENTED_EDGE('',*,*,#9967,.T.);
#10721 = ORIENTED_EDGE('',*,*,#10698,.F.);
#10722 = ORIENTED_EDGE('',*,*,#9745,.F.);
#10723 = CYLINDRICAL_SURFACE('',#10724,0.1);
#10724 = AXIS2_PLACEMENT_3D('',#10725,#10726,#10727);
#10725 = CARTESIAN_POINT('',(-2.65,-2.11,0.3));
#10726 = DIRECTION('',(9.95799250103E-17,-1.,0.));
#10727 = DIRECTION('',(0.,-0.,-1.));
#10728 = ADVANCED_FACE('',(#10729),#10740,.F.);
#10729 = FACE_BOUND('',#10730,.F.);
#10730 = EDGE_LOOP('',(#10731,#10737,#10738,#10739));
#10731 = ORIENTED_EDGE('',*,*,#10732,.T.);
#10732 = EDGE_CURVE('',#9730,#9952,#10733,.T.);
#10733 = LINE('',#10734,#10735);
#10734 = CARTESIAN_POINT('',(-3.,-2.11,0.2));
#10735 = VECTOR('',#10736,1.);
#10736 = DIRECTION('',(-9.95799250103E-17,1.,0.));
#10737 = ORIENTED_EDGE('',*,*,#9959,.T.);
#10738 = ORIENTED_EDGE('',*,*,#10715,.F.);
#10739 = ORIENTED_EDGE('',*,*,#9737,.F.);
#10740 = PLANE('',#10741);
#10741 = AXIS2_PLACEMENT_3D('',#10742,#10743,#10744);
#10742 = CARTESIAN_POINT('',(-3.,-2.11,0.2));
#10743 = DIRECTION('',(-0.,0.,-1.));
#10744 = DIRECTION('',(1.,9.95799250103E-17,0.));
#10745 = ADVANCED_FACE('',(#10746),#10757,.F.);
#10746 = FACE_BOUND('',#10747,.F.);
#10747 = EDGE_LOOP('',(#10748,#10754,#10755,#10756));
#10748 = ORIENTED_EDGE('',*,*,#10749,.T.);
#10749 = EDGE_CURVE('',#9722,#9944,#10750,.T.);
#10750 = LINE('',#10751,#10752);
#10751 = CARTESIAN_POINT('',(-3.,-2.11,5.551115123126E-17));
#10752 = VECTOR('',#10753,1.);
#10753 = DIRECTION('',(-9.95799250103E-17,1.,0.));
#10754 = ORIENTED_EDGE('',*,*,#9951,.T.);
#10755 = ORIENTED_EDGE('',*,*,#10732,.F.);
#10756 = ORIENTED_EDGE('',*,*,#9729,.F.);
#10757 = PLANE('',#10758);
#10758 = AXIS2_PLACEMENT_3D('',#10759,#10760,#10761);
#10759 = CARTESIAN_POINT('',(-3.,-2.11,5.551115123126E-17));
#10760 = DIRECTION('',(1.,9.95799250103E-17,0.));
#10761 = DIRECTION('',(0.,-0.,1.));
#10762 = ADVANCED_FACE('',(#10763),#10774,.F.);
#10763 = FACE_BOUND('',#10764,.F.);
#10764 = EDGE_LOOP('',(#10765,#10771,#10772,#10773));
#10765 = ORIENTED_EDGE('',*,*,#10766,.T.);
#10766 = EDGE_CURVE('',#9713,#9935,#10767,.T.);
#10767 = LINE('',#10768,#10769);
#10768 = CARTESIAN_POINT('',(-2.65,-2.11,5.551115123126E-17));
#10769 = VECTOR('',#10770,1.);
#10770 = DIRECTION('',(-9.95799250103E-17,1.,0.));
#10771 = ORIENTED_EDGE('',*,*,#9943,.T.);
#10772 = ORIENTED_EDGE('',*,*,#10749,.F.);
#10773 = ORIENTED_EDGE('',*,*,#9721,.F.);
#10774 = PLANE('',#10775);
#10775 = AXIS2_PLACEMENT_3D('',#10776,#10777,#10778);
#10776 = CARTESIAN_POINT('',(-2.65,-2.11,5.551115123126E-17));
#10777 = DIRECTION('',(0.,0.,1.));
#10778 = DIRECTION('',(-1.,-9.95799250103E-17,0.));
#10779 = ADVANCED_FACE('',(#10780),#10791,.T.);
#10780 = FACE_BOUND('',#10781,.T.);
#10781 = EDGE_LOOP('',(#10782,#10783,#10784,#10785));
#10782 = ORIENTED_EDGE('',*,*,#9712,.T.);
#10783 = ORIENTED_EDGE('',*,*,#10766,.T.);
#10784 = ORIENTED_EDGE('',*,*,#9934,.F.);
#10785 = ORIENTED_EDGE('',*,*,#10786,.F.);
#10786 = EDGE_CURVE('',#9705,#9927,#10787,.T.);
#10787 = LINE('',#10788,#10789);
#10788 = CARTESIAN_POINT('',(-2.35,-2.11,0.3));
#10789 = VECTOR('',#10790,1.);
#10790 = DIRECTION('',(-9.95799250103E-17,1.,0.));
#10791 = CYLINDRICAL_SURFACE('',#10792,0.3);
#10792 = AXIS2_PLACEMENT_3D('',#10793,#10794,#10795);
#10793 = CARTESIAN_POINT('',(-2.65,-2.11,0.3));
#10794 = DIRECTION('',(9.95799250103E-17,-1.,-0.));
#10795 = DIRECTION('',(1.,9.95799250103E-17,3.515706244646E-15));
#10796 = ADVANCED_FACE('',(#10797),#10803,.F.);
#10797 = FACE_BOUND('',#10798,.F.);
#10798 = EDGE_LOOP('',(#10799,#10800,#10801,#10802));
#10799 = ORIENTED_EDGE('',*,*,#9908,.T.);
#10800 = ORIENTED_EDGE('',*,*,#9926,.T.);
#10801 = ORIENTED_EDGE('',*,*,#10786,.F.);
#10802 = ORIENTED_EDGE('',*,*,#9704,.F.);
#10803 = PLANE('',#10804);
#10804 = AXIS2_PLACEMENT_3D('',#10805,#10806,#10807);
#10805 = CARTESIAN_POINT('',(-2.35,-2.11,0.725));
#10806 = DIRECTION('',(-1.,-9.95799250103E-17,1.044915787883E-15));
#10807 = DIRECTION('',(-1.044915787883E-15,-1.040526357994E-31,-1.));
#10808 = ADVANCED_FACE('',(#10809),#10820,.T.);
#10809 = FACE_BOUND('',#10810,.T.);
#10810 = EDGE_LOOP('',(#10811,#10812,#10813,#10814));
#10811 = ORIENTED_EDGE('',*,*,#10076,.T.);
#10812 = ORIENTED_EDGE('',*,*,#10635,.T.);
#10813 = ORIENTED_EDGE('',*,*,#9854,.F.);
#10814 = ORIENTED_EDGE('',*,*,#10815,.F.);
#10815 = EDGE_CURVE('',#10069,#9847,#10816,.T.);
#10816 = LINE('',#10817,#10818);
#10817 = CARTESIAN_POINT('',(-2.55,1.7,0.725));
#10818 = VECTOR('',#10819,1.);
#10819 = DIRECTION('',(-9.95799250103E-17,1.,0.));
#10820 = CYLINDRICAL_SURFACE('',#10821,0.3);
#10821 = AXIS2_PLACEMENT_3D('',#10822,#10823,#10824);
#10822 = CARTESIAN_POINT('',(-2.25,1.7,0.725));
#10823 = DIRECTION('',(9.95799250103E-17,-1.,-0.));
#10824 = DIRECTION('',(-1.,-9.95799250103E-17,3.700743415417E-16));
#10825 = ADVANCED_FACE('',(#10826),#10837,.F.);
#10826 = FACE_BOUND('',#10827,.F.);
#10827 = EDGE_LOOP('',(#10828,#10834,#10835,#10836));
#10828 = ORIENTED_EDGE('',*,*,#10829,.T.);
#10829 = EDGE_CURVE('',#10060,#9838,#10830,.T.);
#10830 = LINE('',#10831,#10832);
#10831 = CARTESIAN_POINT('',(-2.55,1.7,0.3));
#10832 = VECTOR('',#10833,1.);
#10833 = DIRECTION('',(-9.95799250103E-17,1.,0.));
#10834 = ORIENTED_EDGE('',*,*,#9846,.T.);
#10835 = ORIENTED_EDGE('',*,*,#10815,.F.);
#10836 = ORIENTED_EDGE('',*,*,#10068,.F.);
#10837 = PLANE('',#10838);
#10838 = AXIS2_PLACEMENT_3D('',#10839,#10840,#10841);
#10839 = CARTESIAN_POINT('',(-2.55,1.7,0.3));
#10840 = DIRECTION('',(1.,9.95799250103E-17,0.));
#10841 = DIRECTION('',(0.,-0.,1.));
#10842 = ADVANCED_FACE('',(#10843),#10854,.F.);
#10843 = FACE_BOUND('',#10844,.F.);
#10844 = EDGE_LOOP('',(#10845,#10851,#10852,#10853));
#10845 = ORIENTED_EDGE('',*,*,#10846,.T.);
#10846 = EDGE_CURVE('',#10052,#9830,#10847,.T.);
#10847 = LINE('',#10848,#10849);
#10848 = CARTESIAN_POINT('',(-2.65,1.7,0.2));
#10849 = VECTOR('',#10850,1.);
#10850 = DIRECTION('',(-9.95799250103E-17,1.,0.));
#10851 = ORIENTED_EDGE('',*,*,#9837,.T.);
#10852 = ORIENTED_EDGE('',*,*,#10829,.F.);
#10853 = ORIENTED_EDGE('',*,*,#10059,.F.);
#10854 = CYLINDRICAL_SURFACE('',#10855,0.1);
#10855 = AXIS2_PLACEMENT_3D('',#10856,#10857,#10858);
#10856 = CARTESIAN_POINT('',(-2.65,1.7,0.3));
#10857 = DIRECTION('',(9.95799250103E-17,-1.,0.));
#10858 = DIRECTION('',(0.,-0.,-1.));
#10859 = ADVANCED_FACE('',(#10860),#10871,.F.);
#10860 = FACE_BOUND('',#10861,.F.);
#10861 = EDGE_LOOP('',(#10862,#10868,#10869,#10870));
#10862 = ORIENTED_EDGE('',*,*,#10863,.T.);
#10863 = EDGE_CURVE('',#10044,#9822,#10864,.T.);
#10864 = LINE('',#10865,#10866);
#10865 = CARTESIAN_POINT('',(-3.,1.7,0.2));
#10866 = VECTOR('',#10867,1.);
#10867 = DIRECTION('',(-9.95799250103E-17,1.,0.));
#10868 = ORIENTED_EDGE('',*,*,#9829,.T.);
#10869 = ORIENTED_EDGE('',*,*,#10846,.F.);
#10870 = ORIENTED_EDGE('',*,*,#10051,.F.);
#10871 = PLANE('',#10872);
#10872 = AXIS2_PLACEMENT_3D('',#10873,#10874,#10875);
#10873 = CARTESIAN_POINT('',(-3.,1.7,0.2));
#10874 = DIRECTION('',(-0.,0.,-1.));
#10875 = DIRECTION('',(1.,9.95799250103E-17,0.));
#10876 = ADVANCED_FACE('',(#10877),#10888,.F.);
#10877 = FACE_BOUND('',#10878,.F.);
#10878 = EDGE_LOOP('',(#10879,#10885,#10886,#10887));
#10879 = ORIENTED_EDGE('',*,*,#10880,.T.);
#10880 = EDGE_CURVE('',#10036,#9814,#10881,.T.);
#10881 = LINE('',#10882,#10883);
#10882 = CARTESIAN_POINT('',(-3.,1.7,5.551115123126E-17));
#10883 = VECTOR('',#10884,1.);
#10884 = DIRECTION('',(-9.95799250103E-17,1.,0.));
#10885 = ORIENTED_EDGE('',*,*,#9821,.T.);
#10886 = ORIENTED_EDGE('',*,*,#10863,.F.);
#10887 = ORIENTED_EDGE('',*,*,#10043,.F.);
#10888 = PLANE('',#10889);
#10889 = AXIS2_PLACEMENT_3D('',#10890,#10891,#10892);
#10890 = CARTESIAN_POINT('',(-3.,1.7,5.551115123126E-17));
#10891 = DIRECTION('',(1.,9.95799250103E-17,0.));
#10892 = DIRECTION('',(0.,-0.,1.));
#10893 = ADVANCED_FACE('',(#10894),#10905,.F.);
#10894 = FACE_BOUND('',#10895,.F.);
#10895 = EDGE_LOOP('',(#10896,#10902,#10903,#10904));
#10896 = ORIENTED_EDGE('',*,*,#10897,.T.);
#10897 = EDGE_CURVE('',#10027,#9805,#10898,.T.);
#10898 = LINE('',#10899,#10900);
#10899 = CARTESIAN_POINT('',(-2.65,1.7,5.551115123126E-17));
#10900 = VECTOR('',#10901,1.);
#10901 = DIRECTION('',(-9.95799250103E-17,1.,0.));
#10902 = ORIENTED_EDGE('',*,*,#9813,.T.);
#10903 = ORIENTED_EDGE('',*,*,#10880,.F.);
#10904 = ORIENTED_EDGE('',*,*,#10035,.F.);
#10905 = PLANE('',#10906);
#10906 = AXIS2_PLACEMENT_3D('',#10907,#10908,#10909);
#10907 = CARTESIAN_POINT('',(-2.65,1.7,5.551115123126E-17));
#10908 = DIRECTION('',(0.,0.,1.));
#10909 = DIRECTION('',(-1.,-9.95799250103E-17,0.));
#10910 = ADVANCED_FACE('',(#10911),#10922,.T.);
#10911 = FACE_BOUND('',#10912,.T.);
#10912 = EDGE_LOOP('',(#10913,#10914,#10915,#10916));
#10913 = ORIENTED_EDGE('',*,*,#10026,.T.);
#10914 = ORIENTED_EDGE('',*,*,#10897,.T.);
#10915 = ORIENTED_EDGE('',*,*,#9804,.F.);
#10916 = ORIENTED_EDGE('',*,*,#10917,.F.);
#10917 = EDGE_CURVE('',#10019,#9797,#10918,.T.);
#10918 = LINE('',#10919,#10920);
#10919 = CARTESIAN_POINT('',(-2.35,1.7,0.3));
#10920 = VECTOR('',#10921,1.);
#10921 = DIRECTION('',(-9.95799250103E-17,1.,0.));
#10922 = CYLINDRICAL_SURFACE('',#10923,0.3);
#10923 = AXIS2_PLACEMENT_3D('',#10924,#10925,#10926);
#10924 = CARTESIAN_POINT('',(-2.65,1.7,0.3));
#10925 = DIRECTION('',(9.95799250103E-17,-1.,-0.));
#10926 = DIRECTION('',(1.,9.95799250103E-17,3.515706244646E-15));
#10927 = ADVANCED_FACE('',(#10928),#10934,.F.);
#10928 = FACE_BOUND('',#10929,.F.);
#10929 = EDGE_LOOP('',(#10930,#10931,#10932,#10933));
#10930 = ORIENTED_EDGE('',*,*,#10101,.T.);
#10931 = ORIENTED_EDGE('',*,*,#9796,.T.);
#10932 = ORIENTED_EDGE('',*,*,#10917,.F.);
#10933 = ORIENTED_EDGE('',*,*,#10018,.F.);
#10934 = PLANE('',#10935);
#10935 = AXIS2_PLACEMENT_3D('',#10936,#10937,#10938);
#10936 = CARTESIAN_POINT('',(-2.35,1.7,0.725));
#10937 = DIRECTION('',(-1.,-9.95799250103E-17,1.044915787883E-15));
#10938 = DIRECTION('',(-1.044915787883E-15,-1.040526357994E-31,-1.));
#10939 = ADVANCED_FACE('',(#10940),#10951,.T.);
#10940 = FACE_BOUND('',#10941,.T.);
#10941 = EDGE_LOOP('',(#10942,#10943,#10944,#10945));
#10942 = ORIENTED_EDGE('',*,*,#10207,.T.);
#10943 = ORIENTED_EDGE('',*,*,#10616,.T.);
#10944 = ORIENTED_EDGE('',*,*,#10430,.F.);
#10945 = ORIENTED_EDGE('',*,*,#10946,.F.);
#10946 = EDGE_CURVE('',#10200,#10423,#10947,.T.);
#10947 = LINE('',#10948,#10949);
#10948 = CARTESIAN_POINT('',(-2.55,-0.84,0.725));
#10949 = VECTOR('',#10950,1.);
#10950 = DIRECTION('',(-9.95799250103E-17,1.,0.));
#10951 = CYLINDRICAL_SURFACE('',#10952,0.3);
#10952 = AXIS2_PLACEMENT_3D('',#10953,#10954,#10955);
#10953 = CARTESIAN_POINT('',(-2.25,-0.84,0.725));
#10954 = DIRECTION('',(9.95799250103E-17,-1.,-0.));
#10955 = DIRECTION('',(-1.,-9.95799250103E-17,3.700743415417E-16));
#10956 = ADVANCED_FACE('',(#10957),#10968,.F.);
#10957 = FACE_BOUND('',#10958,.F.);
#10958 = EDGE_LOOP('',(#10959,#10965,#10966,#10967));
#10959 = ORIENTED_EDGE('',*,*,#10960,.T.);
#10960 = EDGE_CURVE('',#10191,#10414,#10961,.T.);
#10961 = LINE('',#10962,#10963);
#10962 = CARTESIAN_POINT('',(-2.55,-0.84,0.3));
#10963 = VECTOR('',#10964,1.);
#10964 = DIRECTION('',(-9.95799250103E-17,1.,0.));
#10965 = ORIENTED_EDGE('',*,*,#10422,.T.);
#10966 = ORIENTED_EDGE('',*,*,#10946,.F.);
#10967 = ORIENTED_EDGE('',*,*,#10199,.F.);
#10968 = PLANE('',#10969);
#10969 = AXIS2_PLACEMENT_3D('',#10970,#10971,#10972);
#10970 = CARTESIAN_POINT('',(-2.55,-0.84,0.3));
#10971 = DIRECTION('',(1.,9.95799250103E-17,0.));
#10972 = DIRECTION('',(0.,-0.,1.));
#10973 = ADVANCED_FACE('',(#10974),#10985,.F.);
#10974 = FACE_BOUND('',#10975,.F.);
#10975 = EDGE_LOOP('',(#10976,#10982,#10983,#10984));
#10976 = ORIENTED_EDGE('',*,*,#10977,.T.);
#10977 = EDGE_CURVE('',#10183,#10406,#10978,.T.);
#10978 = LINE('',#10979,#10980);
#10979 = CARTESIAN_POINT('',(-2.65,-0.84,0.2));
#10980 = VECTOR('',#10981,1.);
#10981 = DIRECTION('',(-9.95799250103E-17,1.,0.));
#10982 = ORIENTED_EDGE('',*,*,#10413,.T.);
#10983 = ORIENTED_EDGE('',*,*,#10960,.F.);
#10984 = ORIENTED_EDGE('',*,*,#10190,.F.);
#10985 = CYLINDRICAL_SURFACE('',#10986,0.1);
#10986 = AXIS2_PLACEMENT_3D('',#10987,#10988,#10989);
#10987 = CARTESIAN_POINT('',(-2.65,-0.84,0.3));
#10988 = DIRECTION('',(9.95799250103E-17,-1.,0.));
#10989 = DIRECTION('',(0.,-0.,-1.));
#10990 = ADVANCED_FACE('',(#10991),#11002,.F.);
#10991 = FACE_BOUND('',#10992,.F.);
#10992 = EDGE_LOOP('',(#10993,#10999,#11000,#11001));
#10993 = ORIENTED_EDGE('',*,*,#10994,.T.);
#10994 = EDGE_CURVE('',#10175,#10398,#10995,.T.);
#10995 = LINE('',#10996,#10997);
#10996 = CARTESIAN_POINT('',(-3.,-0.84,0.2));
#10997 = VECTOR('',#10998,1.);
#10998 = DIRECTION('',(-9.95799250103E-17,1.,0.));
#10999 = ORIENTED_EDGE('',*,*,#10405,.T.);
#11000 = ORIENTED_EDGE('',*,*,#10977,.F.);
#11001 = ORIENTED_EDGE('',*,*,#10182,.F.);
#11002 = PLANE('',#11003);
#11003 = AXIS2_PLACEMENT_3D('',#11004,#11005,#11006);
#11004 = CARTESIAN_POINT('',(-3.,-0.84,0.2));
#11005 = DIRECTION('',(-0.,0.,-1.));
#11006 = DIRECTION('',(1.,9.95799250103E-17,0.));
#11007 = ADVANCED_FACE('',(#11008),#11019,.F.);
#11008 = FACE_BOUND('',#11009,.F.);
#11009 = EDGE_LOOP('',(#11010,#11016,#11017,#11018));
#11010 = ORIENTED_EDGE('',*,*,#11011,.T.);
#11011 = EDGE_CURVE('',#10167,#10390,#11012,.T.);
#11012 = LINE('',#11013,#11014);
#11013 = CARTESIAN_POINT('',(-3.,-0.84,5.551115123126E-17));
#11014 = VECTOR('',#11015,1.);
#11015 = DIRECTION('',(-9.95799250103E-17,1.,0.));
#11016 = ORIENTED_EDGE('',*,*,#10397,.T.);
#11017 = ORIENTED_EDGE('',*,*,#10994,.F.);
#11018 = ORIENTED_EDGE('',*,*,#10174,.F.);
#11019 = PLANE('',#11020);
#11020 = AXIS2_PLACEMENT_3D('',#11021,#11022,#11023);
#11021 = CARTESIAN_POINT('',(-3.,-0.84,5.551115123126E-17));
#11022 = DIRECTION('',(1.,9.95799250103E-17,0.));
#11023 = DIRECTION('',(0.,-0.,1.));
#11024 = ADVANCED_FACE('',(#11025),#11036,.F.);
#11025 = FACE_BOUND('',#11026,.F.);
#11026 = EDGE_LOOP('',(#11027,#11033,#11034,#11035));
#11027 = ORIENTED_EDGE('',*,*,#11028,.T.);
#11028 = EDGE_CURVE('',#10158,#10381,#11029,.T.);
#11029 = LINE('',#11030,#11031);
#11030 = CARTESIAN_POINT('',(-2.65,-0.84,5.551115123126E-17));
#11031 = VECTOR('',#11032,1.);
#11032 = DIRECTION('',(-9.95799250103E-17,1.,0.));
#11033 = ORIENTED_EDGE('',*,*,#10389,.T.);
#11034 = ORIENTED_EDGE('',*,*,#11011,.F.);
#11035 = ORIENTED_EDGE('',*,*,#10166,.F.);
#11036 = PLANE('',#11037);
#11037 = AXIS2_PLACEMENT_3D('',#11038,#11039,#11040);
#11038 = CARTESIAN_POINT('',(-2.65,-0.84,5.551115123126E-17));
#11039 = DIRECTION('',(0.,0.,1.));
#11040 = DIRECTION('',(-1.,-9.95799250103E-17,0.));
#11041 = ADVANCED_FACE('',(#11042),#11053,.T.);
#11042 = FACE_BOUND('',#11043,.T.);
#11043 = EDGE_LOOP('',(#11044,#11045,#11046,#11047));
#11044 = ORIENTED_EDGE('',*,*,#10157,.T.);
#11045 = ORIENTED_EDGE('',*,*,#11028,.T.);
#11046 = ORIENTED_EDGE('',*,*,#10380,.F.);
#11047 = ORIENTED_EDGE('',*,*,#11048,.F.);
#11048 = EDGE_CURVE('',#10150,#10373,#11049,.T.);
#11049 = LINE('',#11050,#11051);
#11050 = CARTESIAN_POINT('',(-2.35,-0.84,0.3));
#11051 = VECTOR('',#11052,1.);
#11052 = DIRECTION('',(-9.95799250103E-17,1.,0.));
#11053 = CYLINDRICAL_SURFACE('',#11054,0.3);
#11054 = AXIS2_PLACEMENT_3D('',#11055,#11056,#11057);
#11055 = CARTESIAN_POINT('',(-2.65,-0.84,0.3));
#11056 = DIRECTION('',(9.95799250103E-17,-1.,-0.));
#11057 = DIRECTION('',(1.,9.95799250103E-17,3.515706244646E-15));
#11058 = ADVANCED_FACE('',(#11059),#11065,.F.);
#11059 = FACE_BOUND('',#11060,.F.);
#11060 = EDGE_LOOP('',(#11061,#11062,#11063,#11064));
#11061 = ORIENTED_EDGE('',*,*,#10354,.T.);
#11062 = ORIENTED_EDGE('',*,*,#10372,.T.);
#11063 = ORIENTED_EDGE('',*,*,#11048,.F.);
#11064 = ORIENTED_EDGE('',*,*,#10149,.F.);
#11065 = PLANE('',#11066);
#11066 = AXIS2_PLACEMENT_3D('',#11067,#11068,#11069);
#11067 = CARTESIAN_POINT('',(-2.35,-0.84,0.725));
#11068 = DIRECTION('',(-1.,-9.95799250103E-17,1.044915787883E-15));
#11069 = DIRECTION('',(-1.044915787883E-15,-1.040526357994E-31,-1.));
#11070 = ADVANCED_FACE('',(#11071),#11082,.T.);
#11071 = FACE_BOUND('',#11072,.T.);
#11072 = EDGE_LOOP('',(#11073,#11074,#11075,#11076));
#11073 = ORIENTED_EDGE('',*,*,#10522,.T.);
#11074 = ORIENTED_EDGE('',*,*,#10654,.T.);
#11075 = ORIENTED_EDGE('',*,*,#10299,.F.);
#11076 = ORIENTED_EDGE('',*,*,#11077,.F.);
#11077 = EDGE_CURVE('',#10515,#10292,#11078,.T.);
#11078 = LINE('',#11079,#11080);
#11079 = CARTESIAN_POINT('',(-2.55,0.43,0.725));
#11080 = VECTOR('',#11081,1.);
#11081 = DIRECTION('',(-9.95799250103E-17,1.,0.));
#11082 = CYLINDRICAL_SURFACE('',#11083,0.3);
#11083 = AXIS2_PLACEMENT_3D('',#11084,#11085,#11086);
#11084 = CARTESIAN_POINT('',(-2.25,0.43,0.725));
#11085 = DIRECTION('',(9.95799250103E-17,-1.,-0.));
#11086 = DIRECTION('',(-1.,-9.95799250103E-17,3.700743415417E-16));
#11087 = ADVANCED_FACE('',(#11088),#11099,.F.);
#11088 = FACE_BOUND('',#11089,.F.);
#11089 = EDGE_LOOP('',(#11090,#11096,#11097,#11098));
#11090 = ORIENTED_EDGE('',*,*,#11091,.T.);
#11091 = EDGE_CURVE('',#10506,#10283,#11092,.T.);
#11092 = LINE('',#11093,#11094);
#11093 = CARTESIAN_POINT('',(-2.55,0.43,0.3));
#11094 = VECTOR('',#11095,1.);
#11095 = DIRECTION('',(-9.95799250103E-17,1.,0.));
#11096 = ORIENTED_EDGE('',*,*,#10291,.T.);
#11097 = ORIENTED_EDGE('',*,*,#11077,.F.);
#11098 = ORIENTED_EDGE('',*,*,#10514,.F.);
#11099 = PLANE('',#11100);
#11100 = AXIS2_PLACEMENT_3D('',#11101,#11102,#11103);
#11101 = CARTESIAN_POINT('',(-2.55,0.43,0.3));
#11102 = DIRECTION('',(1.,9.95799250103E-17,0.));
#11103 = DIRECTION('',(0.,-0.,1.));
#11104 = ADVANCED_FACE('',(#11105),#11116,.F.);
#11105 = FACE_BOUND('',#11106,.F.);
#11106 = EDGE_LOOP('',(#11107,#11113,#11114,#11115));
#11107 = ORIENTED_EDGE('',*,*,#11108,.T.);
#11108 = EDGE_CURVE('',#10498,#10275,#11109,.T.);
#11109 = LINE('',#11110,#11111);
#11110 = CARTESIAN_POINT('',(-2.65,0.43,0.2));
#11111 = VECTOR('',#11112,1.);
#11112 = DIRECTION('',(-9.95799250103E-17,1.,0.));
#11113 = ORIENTED_EDGE('',*,*,#10282,.T.);
#11114 = ORIENTED_EDGE('',*,*,#11091,.F.);
#11115 = ORIENTED_EDGE('',*,*,#10505,.F.);
#11116 = CYLINDRICAL_SURFACE('',#11117,0.1);
#11117 = AXIS2_PLACEMENT_3D('',#11118,#11119,#11120);
#11118 = CARTESIAN_POINT('',(-2.65,0.43,0.3));
#11119 = DIRECTION('',(9.95799250103E-17,-1.,0.));
#11120 = DIRECTION('',(0.,-0.,-1.));
#11121 = ADVANCED_FACE('',(#11122),#11133,.F.);
#11122 = FACE_BOUND('',#11123,.F.);
#11123 = EDGE_LOOP('',(#11124,#11130,#11131,#11132));
#11124 = ORIENTED_EDGE('',*,*,#11125,.T.);
#11125 = EDGE_CURVE('',#10490,#10267,#11126,.T.);
#11126 = LINE('',#11127,#11128);
#11127 = CARTESIAN_POINT('',(-3.,0.43,0.2));
#11128 = VECTOR('',#11129,1.);
#11129 = DIRECTION('',(-9.95799250103E-17,1.,0.));
#11130 = ORIENTED_EDGE('',*,*,#10274,.T.);
#11131 = ORIENTED_EDGE('',*,*,#11108,.F.);
#11132 = ORIENTED_EDGE('',*,*,#10497,.F.);
#11133 = PLANE('',#11134);
#11134 = AXIS2_PLACEMENT_3D('',#11135,#11136,#11137);
#11135 = CARTESIAN_POINT('',(-3.,0.43,0.2));
#11136 = DIRECTION('',(-0.,0.,-1.));
#11137 = DIRECTION('',(1.,9.95799250103E-17,0.));
#11138 = ADVANCED_FACE('',(#11139),#11150,.F.);
#11139 = FACE_BOUND('',#11140,.F.);
#11140 = EDGE_LOOP('',(#11141,#11147,#11148,#11149));
#11141 = ORIENTED_EDGE('',*,*,#11142,.T.);
#11142 = EDGE_CURVE('',#10482,#10259,#11143,.T.);
#11143 = LINE('',#11144,#11145);
#11144 = CARTESIAN_POINT('',(-3.,0.43,5.551115123126E-17));
#11145 = VECTOR('',#11146,1.);
#11146 = DIRECTION('',(-9.95799250103E-17,1.,0.));
#11147 = ORIENTED_EDGE('',*,*,#10266,.T.);
#11148 = ORIENTED_EDGE('',*,*,#11125,.F.);
#11149 = ORIENTED_EDGE('',*,*,#10489,.F.);
#11150 = PLANE('',#11151);
#11151 = AXIS2_PLACEMENT_3D('',#11152,#11153,#11154);
#11152 = CARTESIAN_POINT('',(-3.,0.43,5.551115123126E-17));
#11153 = DIRECTION('',(1.,9.95799250103E-17,0.));
#11154 = DIRECTION('',(0.,-0.,1.));
#11155 = ADVANCED_FACE('',(#11156),#11167,.F.);
#11156 = FACE_BOUND('',#11157,.F.);
#11157 = EDGE_LOOP('',(#11158,#11164,#11165,#11166));
#11158 = ORIENTED_EDGE('',*,*,#11159,.T.);
#11159 = EDGE_CURVE('',#10473,#10250,#11160,.T.);
#11160 = LINE('',#11161,#11162);
#11161 = CARTESIAN_POINT('',(-2.65,0.43,5.551115123126E-17));
#11162 = VECTOR('',#11163,1.);
#11163 = DIRECTION('',(-9.95799250103E-17,1.,0.));
#11164 = ORIENTED_EDGE('',*,*,#10258,.T.);
#11165 = ORIENTED_EDGE('',*,*,#11142,.F.);
#11166 = ORIENTED_EDGE('',*,*,#10481,.F.);
#11167 = PLANE('',#11168);
#11168 = AXIS2_PLACEMENT_3D('',#11169,#11170,#11171);
#11169 = CARTESIAN_POINT('',(-2.65,0.43,5.551115123126E-17));
#11170 = DIRECTION('',(0.,0.,1.));
#11171 = DIRECTION('',(-1.,-9.95799250103E-17,0.));
#11172 = ADVANCED_FACE('',(#11173),#11184,.T.);
#11173 = FACE_BOUND('',#11174,.T.);
#11174 = EDGE_LOOP('',(#11175,#11176,#11177,#11178));
#11175 = ORIENTED_EDGE('',*,*,#10472,.T.);
#11176 = ORIENTED_EDGE('',*,*,#11159,.T.);
#11177 = ORIENTED_EDGE('',*,*,#10249,.F.);
#11178 = ORIENTED_EDGE('',*,*,#11179,.F.);
#11179 = EDGE_CURVE('',#10465,#10242,#11180,.T.);
#11180 = LINE('',#11181,#11182);
#11181 = CARTESIAN_POINT('',(-2.35,0.43,0.3));
#11182 = VECTOR('',#11183,1.);
#11183 = DIRECTION('',(-9.95799250103E-17,1.,0.));
#11184 = CYLINDRICAL_SURFACE('',#11185,0.3);
#11185 = AXIS2_PLACEMENT_3D('',#11186,#11187,#11188);
#11186 = CARTESIAN_POINT('',(-2.65,0.43,0.3));
#11187 = DIRECTION('',(9.95799250103E-17,-1.,-0.));
#11188 = DIRECTION('',(1.,9.95799250103E-17,3.515706244646E-15));
#11189 = ADVANCED_FACE('',(#11190),#11196,.F.);
#11190 = FACE_BOUND('',#11191,.F.);
#11191 = EDGE_LOOP('',(#11192,#11193,#11194,#11195));
#11192 = ORIENTED_EDGE('',*,*,#10547,.T.);
#11193 = ORIENTED_EDGE('',*,*,#10241,.T.);
#11194 = ORIENTED_EDGE('',*,*,#11179,.F.);
#11195 = ORIENTED_EDGE('',*,*,#10464,.F.);
#11196 = PLANE('',#11197);
#11197 = AXIS2_PLACEMENT_3D('',#11198,#11199,#11200);
#11198 = CARTESIAN_POINT('',(-2.35,0.43,0.725));
#11199 = DIRECTION('',(-1.,-9.95799250103E-17,1.044915787883E-15));
#11200 = DIRECTION('',(-1.044915787883E-15,-1.040526357994E-31,-1.));
#11201 = ( GEOMETRIC_REPRESENTATION_CONTEXT(3) 
GLOBAL_UNCERTAINTY_ASSIGNED_CONTEXT((#11205)) 
GLOBAL_UNIT_ASSIGNED_CONTEXT((#11202,#11203,#11204)) 
REPRESENTATION_CONTEXT('Context #1',
  '3D Context with UNIT and UNCERTAINTY') );
#11202 = ( LENGTH_UNIT() NAMED_UNIT(*) SI_UNIT(.MILLI.,.METRE.) );
#11203 = ( NAMED_UNIT(*) PLANE_ANGLE_UNIT() SI_UNIT($,.RADIAN.) );
#11204 = ( NAMED_UNIT(*) SI_UNIT($,.STERADIAN.) SOLID_ANGLE_UNIT() );
#11205 = UNCERTAINTY_MEASURE_WITH_UNIT(LENGTH_MEASURE(2.E-06),#11202,
  'distance_accuracy_value','confusion accuracy');
#11206 = CONTEXT_DEPENDENT_SHAPE_REPRESENTATION(#11207,#11209);
#11207 = ( REPRESENTATION_RELATIONSHIP('','',#6593,#6570) 
REPRESENTATION_RELATIONSHIP_WITH_TRANSFORMATION(#11208) 
SHAPE_REPRESENTATION_RELATIONSHIP() );
#11208 = ITEM_DEFINED_TRANSFORMATION('','',#11,#6571);
#11209 = PRODUCT_DEFINITION_SHAPE('Placement','Placement of an item',
  #11210);
#11210 = NEXT_ASSEMBLY_USAGE_OCCURRENCE('12','=>[0:1:1:11]','',#6565,
  #6588,$);
#11211 = PRODUCT_RELATED_PRODUCT_CATEGORY('part',$,(#6590));
#11212 = CONTEXT_DEPENDENT_SHAPE_REPRESENTATION(#11213,#11215);
#11213 = ( REPRESENTATION_RELATIONSHIP('','',#3335,#10) 
REPRESENTATION_RELATIONSHIP_WITH_TRANSFORMATION(#11214) 
SHAPE_REPRESENTATION_RELATIONSHIP() );
#11214 = ITEM_DEFINED_TRANSFORMATION('','',#11,#47);
#11215 = PRODUCT_DEFINITION_SHAPE('Placement','Placement of an item',
  #11216);
#11216 = NEXT_ASSEMBLY_USAGE_OCCURRENCE('14','R5','',#5,#3330,$);
#11217 = CONTEXT_DEPENDENT_SHAPE_REPRESENTATION(#11218,#11220);
#11218 = ( REPRESENTATION_RELATIONSHIP('','',#3335,#10) 
REPRESENTATION_RELATIONSHIP_WITH_TRANSFORMATION(#11219) 
SHAPE_REPRESENTATION_RELATIONSHIP() );
#11219 = ITEM_DEFINED_TRANSFORMATION('','',#11,#51);
#11220 = PRODUCT_DEFINITION_SHAPE('Placement','Placement of an item',
  #11221);
#11221 = NEXT_ASSEMBLY_USAGE_OCCURRENCE('15','R2','',#5,#3330,$);
#11222 = SHAPE_DEFINITION_REPRESENTATION(#11223,#11229);
#11223 = PRODUCT_DEFINITION_SHAPE('','',#11224);
#11224 = PRODUCT_DEFINITION('design','',#11225,#11228);
#11225 = PRODUCT_DEFINITION_FORMATION('','',#11226);
#11226 = PRODUCT('LED_0805_2012Metric','LED_0805_2012Metric','',(#11227)
  );
#11227 = PRODUCT_CONTEXT('',#2,'mechanical');
#11228 = PRODUCT_DEFINITION_CONTEXT('part definition',#2,'design');
#11229 = SHAPE_REPRESENTATION('',(#11,#11230),#11234);
#11230 = AXIS2_PLACEMENT_3D('',#11231,#11232,#11233);
#11231 = CARTESIAN_POINT('',(0.,0.,0.));
#11232 = DIRECTION('',(0.,0.,1.));
#11233 = DIRECTION('',(1.,0.,-0.));
#11234 = ( GEOMETRIC_REPRESENTATION_CONTEXT(3) 
GLOBAL_UNCERTAINTY_ASSIGNED_CONTEXT((#11238)) 
GLOBAL_UNIT_ASSIGNED_CONTEXT((#11235,#11236,#11237)) 
REPRESENTATION_CONTEXT('Context #1',
  '3D Context with UNIT and UNCERTAINTY') );
#11235 = ( LENGTH_UNIT() NAMED_UNIT(*) SI_UNIT(.MILLI.,.METRE.) );
#11236 = ( NAMED_UNIT(*) PLANE_ANGLE_UNIT() SI_UNIT($,.RADIAN.) );
#11237 = ( NAMED_UNIT(*) SI_UNIT($,.STERADIAN.) SOLID_ANGLE_UNIT() );
#11238 = UNCERTAINTY_MEASURE_WITH_UNIT(LENGTH_MEASURE(1.E-07),#11235,
  'distance_accuracy_value','confusion accuracy');
#11239 = CONTEXT_DEPENDENT_SHAPE_REPRESENTATION(#11240,#11242);
#11240 = ( REPRESENTATION_RELATIONSHIP('','',#11229,#10) 
REPRESENTATION_RELATIONSHIP_WITH_TRANSFORMATION(#11241) 
SHAPE_REPRESENTATION_RELATIONSHIP() );
#11241 = ITEM_DEFINED_TRANSFORMATION('','',#11,#55);
#11242 = PRODUCT_DEFINITION_SHAPE('Placement','Placement of an item',
  #11243);
#11243 = NEXT_ASSEMBLY_USAGE_OCCURRENCE('17','D2','',#5,#11224,$);
#11244 = PRODUCT_RELATED_PRODUCT_CATEGORY('part',$,(#11226));
#11245 = SHAPE_DEFINITION_REPRESENTATION(#11246,#11252);
#11246 = PRODUCT_DEFINITION_SHAPE('','',#11247);
#11247 = PRODUCT_DEFINITION('design','',#11248,#11251);
#11248 = PRODUCT_DEFINITION_FORMATION('','',#11249);
#11249 = PRODUCT('LED_0805_2012Metric','LED_0805_2012Metric','',(#11250)
  );
#11250 = PRODUCT_CONTEXT('',#2,'mechanical');
#11251 = PRODUCT_DEFINITION_CONTEXT('part definition',#2,'design');
#11252 = ADVANCED_BREP_SHAPE_REPRESENTATION('',(#11,#11253),#12776);
#11253 = MANIFOLD_SOLID_BREP('',#11254);
#11254 = CLOSED_SHELL('',(#11255,#11295,#11342,#11421,#11445,#11485,
    #11516,#11533,#11566,#11590,#11657,#11778,#11845,#11869,#11900,
    #11933,#11989,#12013,#12037,#12061,#12094,#12106,#12169,#12194,
    #12211,#12235,#12253,#12271,#12289,#12306,#12323,#12354,#12379,
    #12404,#12428,#12445,#12476,#12500,#12517,#12545,#12570,#12594,
    #12619,#12666,#12683,#12695,#12717,#12729,#12747,#12765));
#11255 = ADVANCED_FACE('',(#11256),#11290,.F.);
#11256 = FACE_BOUND('',#11257,.F.);
#11257 = EDGE_LOOP('',(#11258,#11268,#11276,#11284));
#11258 = ORIENTED_EDGE('',*,*,#11259,.T.);
#11259 = EDGE_CURVE('',#11260,#11262,#11264,.T.);
#11260 = VERTEX_POINT('',#11261);
#11261 = CARTESIAN_POINT('',(-0.65,-0.625,0.465));
#11262 = VERTEX_POINT('',#11263);
#11263 = CARTESIAN_POINT('',(-0.585,-0.625,1.1));
#11264 = LINE('',#11265,#11266);
#11265 = CARTESIAN_POINT('',(-0.65,-0.625,0.465));
#11266 = VECTOR('',#11267,1.);
#11267 = DIRECTION('',(0.101830105936,0.,0.994801804142));
#11268 = ORIENTED_EDGE('',*,*,#11269,.T.);
#11269 = EDGE_CURVE('',#11262,#11270,#11272,.T.);
#11270 = VERTEX_POINT('',#11271);
#11271 = CARTESIAN_POINT('',(0.585,-0.625,1.1));
#11272 = LINE('',#11273,#11274);
#11273 = CARTESIAN_POINT('',(-0.585,-0.625,1.1));
#11274 = VECTOR('',#11275,1.);
#11275 = DIRECTION('',(1.,0.,0.));
#11276 = ORIENTED_EDGE('',*,*,#11277,.T.);
#11277 = EDGE_CURVE('',#11270,#11278,#11280,.T.);
#11278 = VERTEX_POINT('',#11279);
#11279 = CARTESIAN_POINT('',(0.65,-0.625,0.465));
#11280 = LINE('',#11281,#11282);
#11281 = CARTESIAN_POINT('',(0.585,-0.625,1.1));
#11282 = VECTOR('',#11283,1.);
#11283 = DIRECTION('',(0.101830105936,0.,-0.994801804142));
#11284 = ORIENTED_EDGE('',*,*,#11285,.T.);
#11285 = EDGE_CURVE('',#11278,#11260,#11286,.T.);
#11286 = LINE('',#11287,#11288);
#11287 = CARTESIAN_POINT('',(0.65,-0.625,0.465));
#11288 = VECTOR('',#11289,1.);
#11289 = DIRECTION('',(-1.,0.,-4.270088556251E-17));
#11290 = PLANE('',#11291);
#11291 = AXIS2_PLACEMENT_3D('',#11292,#11293,#11294);
#11292 = CARTESIAN_POINT('',(1.481626402817E-17,-0.625,0.771483451357));
#11293 = DIRECTION('',(-5.57234551408E-33,1.,3.18580557984E-32));
#11294 = DIRECTION('',(0.,-3.18580557984E-32,1.));
#11295 = ADVANCED_FACE('',(#11296),#11337,.T.);
#11296 = FACE_BOUND('',#11297,.T.);
#11297 = EDGE_LOOP('',(#11298,#11308,#11316,#11322,#11323,#11331));
#11298 = ORIENTED_EDGE('',*,*,#11299,.T.);
#11299 = EDGE_CURVE('',#11300,#11302,#11304,.T.);
#11300 = VERTEX_POINT('',#11301);
#11301 = CARTESIAN_POINT('',(-0.65,0.625,0.465));
#11302 = VERTEX_POINT('',#11303);
#11303 = CARTESIAN_POINT('',(-0.65,0.46875,0.465));
#11304 = LINE('',#11305,#11306);
#11305 = CARTESIAN_POINT('',(-0.65,0.625,0.465));
#11306 = VECTOR('',#11307,1.);
#11307 = DIRECTION('',(0.,-1.,0.));
#11308 = ORIENTED_EDGE('',*,*,#11309,.F.);
#11309 = EDGE_CURVE('',#11310,#11302,#11312,.T.);
#11310 = VERTEX_POINT('',#11311);
#11311 = CARTESIAN_POINT('',(-0.65,-0.46875,0.465));
#11312 = LINE('',#11313,#11314);
#11313 = CARTESIAN_POINT('',(-0.65,-0.625,0.465));
#11314 = VECTOR('',#11315,1.);
#11315 = DIRECTION('',(0.,1.,0.));
#11316 = ORIENTED_EDGE('',*,*,#11317,.T.);
#11317 = EDGE_CURVE('',#11310,#11260,#11318,.T.);
#11318 = LINE('',#11319,#11320);
#11319 = CARTESIAN_POINT('',(-0.65,0.625,0.465));
#11320 = VECTOR('',#11321,1.);
#11321 = DIRECTION('',(0.,-1.,0.));
#11322 = ORIENTED_EDGE('',*,*,#11259,.T.);
#11323 = ORIENTED_EDGE('',*,*,#11324,.F.);
#11324 = EDGE_CURVE('',#11325,#11262,#11327,.T.);
#11325 = VERTEX_POINT('',#11326);
#11326 = CARTESIAN_POINT('',(-0.585,0.625,1.1));
#11327 = LINE('',#11328,#11329);
#11328 = CARTESIAN_POINT('',(-0.585,0.625,1.1));
#11329 = VECTOR('',#11330,1.);
#11330 = DIRECTION('',(0.,-1.,0.));
#11331 = ORIENTED_EDGE('',*,*,#11332,.F.);
#11332 = EDGE_CURVE('',#11300,#11325,#11333,.T.);
#11333 = LINE('',#11334,#11335);
#11334 = CARTESIAN_POINT('',(-0.65,0.625,0.465));
#11335 = VECTOR('',#11336,1.);
#11336 = DIRECTION('',(0.101830105936,0.,0.994801804142));
#11337 = PLANE('',#11338);
#11338 = AXIS2_PLACEMENT_3D('',#11339,#11340,#11341);
#11339 = CARTESIAN_POINT('',(-0.65,0.625,0.465));
#11340 = DIRECTION('',(-0.994801804142,0.,0.101830105936));
#11341 = DIRECTION('',(0.101830105936,0.,0.994801804142));
#11342 = ADVANCED_FACE('',(#11343),#11416,.F.);
#11343 = FACE_BOUND('',#11344,.F.);
#11344 = EDGE_LOOP('',(#11345,#11355,#11363,#11371,#11377,#11378,#11386,
    #11394,#11402,#11410));
#11345 = ORIENTED_EDGE('',*,*,#11346,.F.);
#11346 = EDGE_CURVE('',#11347,#11349,#11351,.T.);
#11347 = VERTEX_POINT('',#11348);
#11348 = CARTESIAN_POINT('',(-0.965,-0.625,3.5E-02));
#11349 = VERTEX_POINT('',#11350);
#11350 = CARTESIAN_POINT('',(-0.9125,-0.625,3.5E-02));
#11351 = LINE('',#11352,#11353);
#11352 = CARTESIAN_POINT('',(-0.965,-0.625,3.5E-02));
#11353 = VECTOR('',#11354,1.);
#11354 = DIRECTION('',(1.,0.,0.));
#11355 = ORIENTED_EDGE('',*,*,#11356,.T.);
#11356 = EDGE_CURVE('',#11347,#11357,#11359,.T.);
#11357 = VERTEX_POINT('',#11358);
#11358 = CARTESIAN_POINT('',(-0.965,-0.625,0.465));
#11359 = LINE('',#11360,#11361);
#11360 = CARTESIAN_POINT('',(-0.965,-0.625,3.5E-02));
#11361 = VECTOR('',#11362,1.);
#11362 = DIRECTION('',(0.,0.,1.));
#11363 = ORIENTED_EDGE('',*,*,#11364,.T.);
#11364 = EDGE_CURVE('',#11357,#11365,#11367,.T.);
#11365 = VERTEX_POINT('',#11366);
#11366 = CARTESIAN_POINT('',(-0.9125,-0.625,0.465));
#11367 = LINE('',#11368,#11369);
#11368 = CARTESIAN_POINT('',(-0.965,-0.625,0.465));
#11369 = VECTOR('',#11370,1.);
#11370 = DIRECTION('',(1.,0.,0.));
#11371 = ORIENTED_EDGE('',*,*,#11372,.T.);
#11372 = EDGE_CURVE('',#11365,#11260,#11373,.T.);
#11373 = LINE('',#11374,#11375);
#11374 = CARTESIAN_POINT('',(-0.965,-0.625,0.465));
#11375 = VECTOR('',#11376,1.);
#11376 = DIRECTION('',(1.,0.,0.));
#11377 = ORIENTED_EDGE('',*,*,#11285,.F.);
#11378 = ORIENTED_EDGE('',*,*,#11379,.T.);
#11379 = EDGE_CURVE('',#11278,#11380,#11382,.T.);
#11380 = VERTEX_POINT('',#11381);
#11381 = CARTESIAN_POINT('',(0.9125,-0.625,0.465));
#11382 = LINE('',#11383,#11384);
#11383 = CARTESIAN_POINT('',(-0.965,-0.625,0.465));
#11384 = VECTOR('',#11385,1.);
#11385 = DIRECTION('',(1.,0.,0.));
#11386 = ORIENTED_EDGE('',*,*,#11387,.T.);
#11387 = EDGE_CURVE('',#11380,#11388,#11390,.T.);
#11388 = VERTEX_POINT('',#11389);
#11389 = CARTESIAN_POINT('',(0.965,-0.625,0.465));
#11390 = LINE('',#11391,#11392);
#11391 = CARTESIAN_POINT('',(-0.965,-0.625,0.465));
#11392 = VECTOR('',#11393,1.);
#11393 = DIRECTION('',(1.,0.,0.));
#11394 = ORIENTED_EDGE('',*,*,#11395,.F.);
#11395 = EDGE_CURVE('',#11396,#11388,#11398,.T.);
#11396 = VERTEX_POINT('',#11397);
#11397 = CARTESIAN_POINT('',(0.965,-0.625,3.5E-02));
#11398 = LINE('',#11399,#11400);
#11399 = CARTESIAN_POINT('',(0.965,-0.625,3.5E-02));
#11400 = VECTOR('',#11401,1.);
#11401 = DIRECTION('',(0.,0.,1.));
#11402 = ORIENTED_EDGE('',*,*,#11403,.F.);
#11403 = EDGE_CURVE('',#11404,#11396,#11406,.T.);
#11404 = VERTEX_POINT('',#11405);
#11405 = CARTESIAN_POINT('',(0.9125,-0.625,3.5E-02));
#11406 = LINE('',#11407,#11408);
#11407 = CARTESIAN_POINT('',(-0.965,-0.625,3.5E-02));
#11408 = VECTOR('',#11409,1.);
#11409 = DIRECTION('',(1.,0.,0.));
#11410 = ORIENTED_EDGE('',*,*,#11411,.F.);
#11411 = EDGE_CURVE('',#11349,#11404,#11412,.T.);
#11412 = LINE('',#11413,#11414);
#11413 = CARTESIAN_POINT('',(-0.965,-0.625,3.5E-02));
#11414 = VECTOR('',#11415,1.);
#11415 = DIRECTION('',(1.,0.,0.));
#11416 = PLANE('',#11417);
#11417 = AXIS2_PLACEMENT_3D('',#11418,#11419,#11420);
#11418 = CARTESIAN_POINT('',(-0.965,-0.625,3.5E-02));
#11419 = DIRECTION('',(0.,1.,0.));
#11420 = DIRECTION('',(0.,-0.,1.));
#11421 = ADVANCED_FACE('',(#11422),#11440,.T.);
#11422 = FACE_BOUND('',#11423,.T.);
#11423 = EDGE_LOOP('',(#11424,#11425,#11426,#11434));
#11424 = ORIENTED_EDGE('',*,*,#11324,.T.);
#11425 = ORIENTED_EDGE('',*,*,#11269,.T.);
#11426 = ORIENTED_EDGE('',*,*,#11427,.F.);
#11427 = EDGE_CURVE('',#11428,#11270,#11430,.T.);
#11428 = VERTEX_POINT('',#11429);
#11429 = CARTESIAN_POINT('',(0.585,0.625,1.1));
#11430 = LINE('',#11431,#11432);
#11431 = CARTESIAN_POINT('',(0.585,0.625,1.1));
#11432 = VECTOR('',#11433,1.);
#11433 = DIRECTION('',(0.,-1.,0.));
#11434 = ORIENTED_EDGE('',*,*,#11435,.F.);
#11435 = EDGE_CURVE('',#11325,#11428,#11436,.T.);
#11436 = LINE('',#11437,#11438);
#11437 = CARTESIAN_POINT('',(-0.585,0.625,1.1));
#11438 = VECTOR('',#11439,1.);
#11439 = DIRECTION('',(1.,0.,0.));
#11440 = PLANE('',#11441);
#11441 = AXIS2_PLACEMENT_3D('',#11442,#11443,#11444);
#11442 = CARTESIAN_POINT('',(-0.585,0.625,1.1));
#11443 = DIRECTION('',(0.,0.,1.));
#11444 = DIRECTION('',(1.,0.,-0.));
#11445 = ADVANCED_FACE('',(#11446),#11480,.T.);
#11446 = FACE_BOUND('',#11447,.T.);
#11447 = EDGE_LOOP('',(#11448,#11449,#11450,#11458,#11466,#11474));
#11448 = ORIENTED_EDGE('',*,*,#11427,.T.);
#11449 = ORIENTED_EDGE('',*,*,#11277,.T.);
#11450 = ORIENTED_EDGE('',*,*,#11451,.F.);
#11451 = EDGE_CURVE('',#11452,#11278,#11454,.T.);
#11452 = VERTEX_POINT('',#11453);
#11453 = CARTESIAN_POINT('',(0.65,-0.46875,0.465));
#11454 = LINE('',#11455,#11456);
#11455 = CARTESIAN_POINT('',(0.65,0.625,0.465));
#11456 = VECTOR('',#11457,1.);
#11457 = DIRECTION('',(0.,-1.,0.));
#11458 = ORIENTED_EDGE('',*,*,#11459,.F.);
#11459 = EDGE_CURVE('',#11460,#11452,#11462,.T.);
#11460 = VERTEX_POINT('',#11461);
#11461 = CARTESIAN_POINT('',(0.65,0.46875,0.465));
#11462 = LINE('',#11463,#11464);
#11463 = CARTESIAN_POINT('',(0.65,0.625,0.465));
#11464 = VECTOR('',#11465,1.);
#11465 = DIRECTION('',(0.,-1.,0.));
#11466 = ORIENTED_EDGE('',*,*,#11467,.F.);
#11467 = EDGE_CURVE('',#11468,#11460,#11470,.T.);
#11468 = VERTEX_POINT('',#11469);
#11469 = CARTESIAN_POINT('',(0.65,0.625,0.465));
#11470 = LINE('',#11471,#11472);
#11471 = CARTESIAN_POINT('',(0.65,0.625,0.465));
#11472 = VECTOR('',#11473,1.);
#11473 = DIRECTION('',(0.,-1.,0.));
#11474 = ORIENTED_EDGE('',*,*,#11475,.F.);
#11475 = EDGE_CURVE('',#11428,#11468,#11476,.T.);
#11476 = LINE('',#11477,#11478);
#11477 = CARTESIAN_POINT('',(0.585,0.625,1.1));
#11478 = VECTOR('',#11479,1.);
#11479 = DIRECTION('',(0.101830105936,0.,-0.994801804142));
#11480 = PLANE('',#11481);
#11481 = AXIS2_PLACEMENT_3D('',#11482,#11483,#11484);
#11482 = CARTESIAN_POINT('',(0.585,0.625,1.1));
#11483 = DIRECTION('',(0.994801804142,0.,0.101830105936));
#11484 = DIRECTION('',(0.101830105936,0.,-0.994801804142));
#11485 = ADVANCED_FACE('',(#11486),#11511,.T.);
#11486 = FACE_BOUND('',#11487,.T.);
#11487 = EDGE_LOOP('',(#11488,#11496,#11504,#11510));
#11488 = ORIENTED_EDGE('',*,*,#11489,.F.);
#11489 = EDGE_CURVE('',#11490,#11300,#11492,.T.);
#11490 = VERTEX_POINT('',#11491);
#11491 = CARTESIAN_POINT('',(-0.9125,0.625,0.465));
#11492 = LINE('',#11493,#11494);
#11493 = CARTESIAN_POINT('',(-0.965,0.625,0.465));
#11494 = VECTOR('',#11495,1.);
#11495 = DIRECTION('',(1.,0.,0.));
#11496 = ORIENTED_EDGE('',*,*,#11497,.F.);
#11497 = EDGE_CURVE('',#11498,#11490,#11500,.T.);
#11498 = VERTEX_POINT('',#11499);
#11499 = CARTESIAN_POINT('',(-0.9125,0.46875,0.465));
#11500 = LINE('',#11501,#11502);
#11501 = CARTESIAN_POINT('',(-0.9125,7.8125E-02,0.465));
#11502 = VECTOR('',#11503,1.);
#11503 = DIRECTION('',(0.,1.,0.));
#11504 = ORIENTED_EDGE('',*,*,#11505,.F.);
#11505 = EDGE_CURVE('',#11302,#11498,#11506,.T.);
#11506 = LINE('',#11507,#11508);
#11507 = CARTESIAN_POINT('',(-0.93875,0.46875,0.465));
#11508 = VECTOR('',#11509,1.);
#11509 = DIRECTION('',(-1.,0.,0.));
#11510 = ORIENTED_EDGE('',*,*,#11299,.F.);
#11511 = PLANE('',#11512);
#11512 = AXIS2_PLACEMENT_3D('',#11513,#11514,#11515);
#11513 = CARTESIAN_POINT('',(-0.965,-0.625,0.465));
#11514 = DIRECTION('',(0.,0.,1.));
#11515 = DIRECTION('',(1.,0.,-0.));
#11516 = ADVANCED_FACE('',(#11517),#11528,.T.);
#11517 = FACE_BOUND('',#11518,.T.);
#11518 = EDGE_LOOP('',(#11519,#11520,#11521,#11522));
#11519 = ORIENTED_EDGE('',*,*,#11332,.T.);
#11520 = ORIENTED_EDGE('',*,*,#11435,.T.);
#11521 = ORIENTED_EDGE('',*,*,#11475,.T.);
#11522 = ORIENTED_EDGE('',*,*,#11523,.T.);
#11523 = EDGE_CURVE('',#11468,#11300,#11524,.T.);
#11524 = LINE('',#11525,#11526);
#11525 = CARTESIAN_POINT('',(0.65,0.625,0.465));
#11526 = VECTOR('',#11527,1.);
#11527 = DIRECTION('',(-1.,0.,-4.270088556251E-17));
#11528 = PLANE('',#11529);
#11529 = AXIS2_PLACEMENT_3D('',#11530,#11531,#11532);
#11530 = CARTESIAN_POINT('',(1.481626402817E-17,0.625,0.771483451357));
#11531 = DIRECTION('',(-5.57234551408E-33,1.,3.18580557984E-32));
#11532 = DIRECTION('',(0.,-3.18580557984E-32,1.));
#11533 = ADVANCED_FACE('',(#11534),#11561,.T.);
#11534 = FACE_BOUND('',#11535,.T.);
#11535 = EDGE_LOOP('',(#11536,#11545,#11553,#11560));
#11536 = ORIENTED_EDGE('',*,*,#11537,.F.);
#11537 = EDGE_CURVE('',#11538,#11302,#11540,.T.);
#11538 = VERTEX_POINT('',#11539);
#11539 = CARTESIAN_POINT('',(-0.685,0.46875,0.5));
#11540 = CIRCLE('',#11541,3.5E-02);
#11541 = AXIS2_PLACEMENT_3D('',#11542,#11543,#11544);
#11542 = CARTESIAN_POINT('',(-0.685,0.46875,0.465));
#11543 = DIRECTION('',(-0.,1.,0.));
#11544 = DIRECTION('',(1.,0.,0.));
#11545 = ORIENTED_EDGE('',*,*,#11546,.F.);
#11546 = EDGE_CURVE('',#11547,#11538,#11549,.T.);
#11547 = VERTEX_POINT('',#11548);
#11548 = CARTESIAN_POINT('',(-0.685,-0.46875,0.5));
#11549 = LINE('',#11550,#11551);
#11550 = CARTESIAN_POINT('',(-0.685,-0.625,0.5));
#11551 = VECTOR('',#11552,1.);
#11552 = DIRECTION('',(0.,1.,0.));
#11553 = ORIENTED_EDGE('',*,*,#11554,.T.);
#11554 = EDGE_CURVE('',#11547,#11310,#11555,.T.);
#11555 = CIRCLE('',#11556,3.5E-02);
#11556 = AXIS2_PLACEMENT_3D('',#11557,#11558,#11559);
#11557 = CARTESIAN_POINT('',(-0.685,-0.46875,0.465));
#11558 = DIRECTION('',(-0.,1.,0.));
#11559 = DIRECTION('',(1.,0.,0.));
#11560 = ORIENTED_EDGE('',*,*,#11309,.T.);
#11561 = CYLINDRICAL_SURFACE('',#11562,3.5E-02);
#11562 = AXIS2_PLACEMENT_3D('',#11563,#11564,#11565);
#11563 = CARTESIAN_POINT('',(-0.685,-0.625,0.465));
#11564 = DIRECTION('',(0.,1.,0.));
#11565 = DIRECTION('',(1.,0.,0.));
#11566 = ADVANCED_FACE('',(#11567),#11585,.T.);
#11567 = FACE_BOUND('',#11568,.T.);
#11568 = EDGE_LOOP('',(#11569,#11577,#11578,#11579));
#11569 = ORIENTED_EDGE('',*,*,#11570,.F.);
#11570 = EDGE_CURVE('',#11365,#11571,#11573,.T.);
#11571 = VERTEX_POINT('',#11572);
#11572 = CARTESIAN_POINT('',(-0.9125,-0.46875,0.465));
#11573 = LINE('',#11574,#11575);
#11574 = CARTESIAN_POINT('',(-0.9125,-0.546875,0.465));
#11575 = VECTOR('',#11576,1.);
#11576 = DIRECTION('',(0.,1.,0.));
#11577 = ORIENTED_EDGE('',*,*,#11372,.T.);
#11578 = ORIENTED_EDGE('',*,*,#11317,.F.);
#11579 = ORIENTED_EDGE('',*,*,#11580,.F.);
#11580 = EDGE_CURVE('',#11571,#11310,#11581,.T.);
#11581 = LINE('',#11582,#11583);
#11582 = CARTESIAN_POINT('',(-2.625E-02,-0.46875,0.465));
#11583 = VECTOR('',#11584,1.);
#11584 = DIRECTION('',(1.,0.,0.));
#11585 = PLANE('',#11586);
#11586 = AXIS2_PLACEMENT_3D('',#11587,#11588,#11589);
#11587 = CARTESIAN_POINT('',(-0.965,-0.625,0.465));
#11588 = DIRECTION('',(0.,0.,1.));
#11589 = DIRECTION('',(1.,0.,-0.));
#11590 = ADVANCED_FACE('',(#11591),#11652,.F.);
#11591 = FACE_BOUND('',#11592,.F.);
#11592 = EDGE_LOOP('',(#11593,#11603,#11612,#11620,#11629,#11637,#11643,
    #11644,#11645,#11646));
#11593 = ORIENTED_EDGE('',*,*,#11594,.F.);
#11594 = EDGE_CURVE('',#11595,#11597,#11599,.T.);
#11595 = VERTEX_POINT('',#11596);
#11596 = CARTESIAN_POINT('',(-0.965,-0.625,-6.938893903907E-18));
#11597 = VERTEX_POINT('',#11598);
#11598 = CARTESIAN_POINT('',(-0.9125,-0.625,0.));
#11599 = LINE('',#11600,#11601);
#11600 = CARTESIAN_POINT('',(-1.,-0.625,0.));
#11601 = VECTOR('',#11602,1.);
#11602 = DIRECTION('',(1.,0.,0.));
#11603 = ORIENTED_EDGE('',*,*,#11604,.F.);
#11604 = EDGE_CURVE('',#11605,#11595,#11607,.T.);
#11605 = VERTEX_POINT('',#11606);
#11606 = CARTESIAN_POINT('',(-1.,-0.625,3.5E-02));
#11607 = CIRCLE('',#11608,3.5E-02);
#11608 = AXIS2_PLACEMENT_3D('',#11609,#11610,#11611);
#11609 = CARTESIAN_POINT('',(-0.965,-0.625,3.5E-02));
#11610 = DIRECTION('',(0.,-1.,0.));
#11611 = DIRECTION('',(0.,0.,1.));
#11612 = ORIENTED_EDGE('',*,*,#11613,.T.);
#11613 = EDGE_CURVE('',#11605,#11614,#11616,.T.);
#11614 = VERTEX_POINT('',#11615);
#11615 = CARTESIAN_POINT('',(-1.,-0.625,0.465));
#11616 = LINE('',#11617,#11618);
#11617 = CARTESIAN_POINT('',(-1.,-0.625,0.));
#11618 = VECTOR('',#11619,1.);
#11619 = DIRECTION('',(0.,0.,1.));
#11620 = ORIENTED_EDGE('',*,*,#11621,.T.);
#11621 = EDGE_CURVE('',#11614,#11622,#11624,.T.);
#11622 = VERTEX_POINT('',#11623);
#11623 = CARTESIAN_POINT('',(-0.965,-0.625,0.5));
#11624 = CIRCLE('',#11625,3.5E-02);
#11625 = AXIS2_PLACEMENT_3D('',#11626,#11627,#11628);
#11626 = CARTESIAN_POINT('',(-0.965,-0.625,0.465));
#11627 = DIRECTION('',(0.,1.,0.));
#11628 = DIRECTION('',(0.,-0.,1.));
#11629 = ORIENTED_EDGE('',*,*,#11630,.T.);
#11630 = EDGE_CURVE('',#11622,#11631,#11633,.T.);
#11631 = VERTEX_POINT('',#11632);
#11632 = CARTESIAN_POINT('',(-0.9125,-0.625,0.5));
#11633 = LINE('',#11634,#11635);
#11634 = CARTESIAN_POINT('',(-1.,-0.625,0.5));
#11635 = VECTOR('',#11636,1.);
#11636 = DIRECTION('',(1.,0.,0.));
#11637 = ORIENTED_EDGE('',*,*,#11638,.F.);
#11638 = EDGE_CURVE('',#11365,#11631,#11639,.T.);
#11639 = LINE('',#11640,#11641);
#11640 = CARTESIAN_POINT('',(-0.9125,-0.625,0.375));
#11641 = VECTOR('',#11642,1.);
#11642 = DIRECTION('',(0.,0.,1.));
#11643 = ORIENTED_EDGE('',*,*,#11364,.F.);
#11644 = ORIENTED_EDGE('',*,*,#11356,.F.);
#11645 = ORIENTED_EDGE('',*,*,#11346,.T.);
#11646 = ORIENTED_EDGE('',*,*,#11647,.F.);
#11647 = EDGE_CURVE('',#11597,#11349,#11648,.T.);
#11648 = LINE('',#11649,#11650);
#11649 = CARTESIAN_POINT('',(-0.9125,-0.625,0.375));
#11650 = VECTOR('',#11651,1.);
#11651 = DIRECTION('',(0.,0.,1.));
#11652 = PLANE('',#11653);
#11653 = AXIS2_PLACEMENT_3D('',#11654,#11655,#11656);
#11654 = CARTESIAN_POINT('',(-1.,-0.625,0.));
#11655 = DIRECTION('',(0.,1.,0.));
#11656 = DIRECTION('',(0.,-0.,1.));
#11657 = ADVANCED_FACE('',(#11658,#11747),#11773,.F.);
#11658 = FACE_BOUND('',#11659,.F.);
#11659 = EDGE_LOOP('',(#11660,#11668,#11669,#11677,#11685,#11693,#11701,
    #11709,#11717,#11725,#11733,#11741));
#11660 = ORIENTED_EDGE('',*,*,#11661,.F.);
#11661 = EDGE_CURVE('',#11349,#11662,#11664,.T.);
#11662 = VERTEX_POINT('',#11663);
#11663 = CARTESIAN_POINT('',(-0.9125,-0.46875,3.5E-02));
#11664 = LINE('',#11665,#11666);
#11665 = CARTESIAN_POINT('',(-0.9125,-0.546875,3.5E-02));
#11666 = VECTOR('',#11667,1.);
#11667 = DIRECTION('',(0.,1.,0.));
#11668 = ORIENTED_EDGE('',*,*,#11411,.T.);
#11669 = ORIENTED_EDGE('',*,*,#11670,.F.);
#11670 = EDGE_CURVE('',#11671,#11404,#11673,.T.);
#11671 = VERTEX_POINT('',#11672);
#11672 = CARTESIAN_POINT('',(0.9125,-0.46875,3.5E-02));
#11673 = LINE('',#11674,#11675);
#11674 = CARTESIAN_POINT('',(0.9125,-0.703125,3.5E-02));
#11675 = VECTOR('',#11676,1.);
#11676 = DIRECTION('',(0.,-1.,0.));
#11677 = ORIENTED_EDGE('',*,*,#11678,.F.);
#11678 = EDGE_CURVE('',#11679,#11671,#11681,.T.);
#11679 = VERTEX_POINT('',#11680);
#11680 = CARTESIAN_POINT('',(0.65,-0.46875,3.5E-02));
#11681 = LINE('',#11682,#11683);
#11682 = CARTESIAN_POINT('',(-2.625E-02,-0.46875,3.5E-02));
#11683 = VECTOR('',#11684,1.);
#11684 = DIRECTION('',(1.,0.,0.));
#11685 = ORIENTED_EDGE('',*,*,#11686,.T.);
#11686 = EDGE_CURVE('',#11679,#11687,#11689,.T.);
#11687 = VERTEX_POINT('',#11688);
#11688 = CARTESIAN_POINT('',(0.65,0.46875,3.5E-02));
#11689 = LINE('',#11690,#11691);
#11690 = CARTESIAN_POINT('',(0.65,-0.625,3.5E-02));
#11691 = VECTOR('',#11692,1.);
#11692 = DIRECTION('',(0.,1.,0.));
#11693 = ORIENTED_EDGE('',*,*,#11694,.F.);
#11694 = EDGE_CURVE('',#11695,#11687,#11697,.T.);
#11695 = VERTEX_POINT('',#11696);
#11696 = CARTESIAN_POINT('',(0.9125,0.46875,3.5E-02));
#11697 = LINE('',#11698,#11699);
#11698 = CARTESIAN_POINT('',(-0.93875,0.46875,3.5E-02));
#11699 = VECTOR('',#11700,1.);
#11700 = DIRECTION('',(-1.,0.,0.));
#11701 = ORIENTED_EDGE('',*,*,#11702,.F.);
#11702 = EDGE_CURVE('',#11703,#11695,#11705,.T.);
#11703 = VERTEX_POINT('',#11704);
#11704 = CARTESIAN_POINT('',(0.9125,0.625,3.5E-02));
#11705 = LINE('',#11706,#11707);
#11706 = CARTESIAN_POINT('',(0.9125,-7.8125E-02,3.5E-02));
#11707 = VECTOR('',#11708,1.);
#11708 = DIRECTION('',(0.,-1.,0.));
#11709 = ORIENTED_EDGE('',*,*,#11710,.F.);
#11710 = EDGE_CURVE('',#11711,#11703,#11713,.T.);
#11711 = VERTEX_POINT('',#11712);
#11712 = CARTESIAN_POINT('',(-0.9125,0.625,3.5E-02));
#11713 = LINE('',#11714,#11715);
#11714 = CARTESIAN_POINT('',(-0.965,0.625,3.5E-02));
#11715 = VECTOR('',#11716,1.);
#11716 = DIRECTION('',(1.,0.,0.));
#11717 = ORIENTED_EDGE('',*,*,#11718,.F.);
#11718 = EDGE_CURVE('',#11719,#11711,#11721,.T.);
#11719 = VERTEX_POINT('',#11720);
#11720 = CARTESIAN_POINT('',(-0.9125,0.46875,3.5E-02));
#11721 = LINE('',#11722,#11723);
#11722 = CARTESIAN_POINT('',(-0.9125,7.8125E-02,3.5E-02));
#11723 = VECTOR('',#11724,1.);
#11724 = DIRECTION('',(0.,1.,0.));
#11725 = ORIENTED_EDGE('',*,*,#11726,.F.);
#11726 = EDGE_CURVE('',#11727,#11719,#11729,.T.);
#11727 = VERTEX_POINT('',#11728);
#11728 = CARTESIAN_POINT('',(-0.65,0.46875,3.5E-02));
#11729 = LINE('',#11730,#11731);
#11730 = CARTESIAN_POINT('',(-0.93875,0.46875,3.5E-02));
#11731 = VECTOR('',#11732,1.);
#11732 = DIRECTION('',(-1.,0.,0.));
#11733 = ORIENTED_EDGE('',*,*,#11734,.F.);
#11734 = EDGE_CURVE('',#11735,#11727,#11737,.T.);
#11735 = VERTEX_POINT('',#11736);
#11736 = CARTESIAN_POINT('',(-0.65,-0.46875,3.5E-02));
#11737 = LINE('',#11738,#11739);
#11738 = CARTESIAN_POINT('',(-0.65,-0.625,3.5E-02));
#11739 = VECTOR('',#11740,1.);
#11740 = DIRECTION('',(0.,1.,0.));
#11741 = ORIENTED_EDGE('',*,*,#11742,.F.);
#11742 = EDGE_CURVE('',#11662,#11735,#11743,.T.);
#11743 = LINE('',#11744,#11745);
#11744 = CARTESIAN_POINT('',(-2.625E-02,-0.46875,3.5E-02));
#11745 = VECTOR('',#11746,1.);
#11746 = DIRECTION('',(1.,0.,0.));
#11747 = FACE_BOUND('',#11748,.F.);
#11748 = EDGE_LOOP('',(#11749,#11759,#11767));
#11749 = ORIENTED_EDGE('',*,*,#11750,.T.);
#11750 = EDGE_CURVE('',#11751,#11753,#11755,.T.);
#11751 = VERTEX_POINT('',#11752);
#11752 = CARTESIAN_POINT('',(0.433012701892,0.5,3.5E-02));
#11753 = VERTEX_POINT('',#11754);
#11754 = CARTESIAN_POINT('',(0.433012701892,-0.5,3.5E-02));
#11755 = LINE('',#11756,#11757);
#11756 = CARTESIAN_POINT('',(0.433012701892,0.5,3.5E-02));
#11757 = VECTOR('',#11758,1.);
#11758 = DIRECTION('',(0.,-1.,0.));
#11759 = ORIENTED_EDGE('',*,*,#11760,.T.);
#11760 = EDGE_CURVE('',#11753,#11761,#11763,.T.);
#11761 = VERTEX_POINT('',#11762);
#11762 = CARTESIAN_POINT('',(-0.433012701892,0.,3.5E-02));
#11763 = LINE('',#11764,#11765);
#11764 = CARTESIAN_POINT('',(0.433012701892,-0.5,3.5E-02));
#11765 = VECTOR('',#11766,1.);
#11766 = DIRECTION('',(-0.866025403784,0.5,0.));
#11767 = ORIENTED_EDGE('',*,*,#11768,.T.);
#11768 = EDGE_CURVE('',#11761,#11751,#11769,.T.);
#11769 = LINE('',#11770,#11771);
#11770 = CARTESIAN_POINT('',(-0.433012701892,0.,3.5E-02));
#11771 = VECTOR('',#11772,1.);
#11772 = DIRECTION('',(0.866025403784,0.5,0.));
#11773 = PLANE('',#11774);
#11774 = AXIS2_PLACEMENT_3D('',#11775,#11776,#11777);
#11775 = CARTESIAN_POINT('',(-0.965,-0.625,3.5E-02));
#11776 = DIRECTION('',(0.,0.,1.));
#11777 = DIRECTION('',(1.,0.,-0.));
#11778 = ADVANCED_FACE('',(#11779),#11840,.F.);
#11779 = FACE_BOUND('',#11780,.F.);
#11780 = EDGE_LOOP('',(#11781,#11791,#11797,#11798,#11799,#11800,#11808,
    #11816,#11825,#11833));
#11781 = ORIENTED_EDGE('',*,*,#11782,.F.);
#11782 = EDGE_CURVE('',#11783,#11785,#11787,.T.);
#11783 = VERTEX_POINT('',#11784);
#11784 = CARTESIAN_POINT('',(0.9125,-0.625,0.));
#11785 = VERTEX_POINT('',#11786);
#11786 = CARTESIAN_POINT('',(0.965,-0.625,-6.938893903907E-18));
#11787 = LINE('',#11788,#11789);
#11788 = CARTESIAN_POINT('',(0.65,-0.625,0.));
#11789 = VECTOR('',#11790,1.);
#11790 = DIRECTION('',(1.,0.,0.));
#11791 = ORIENTED_EDGE('',*,*,#11792,.F.);
#11792 = EDGE_CURVE('',#11404,#11783,#11793,.T.);
#11793 = LINE('',#11794,#11795);
#11794 = CARTESIAN_POINT('',(0.9125,-0.625,0.375));
#11795 = VECTOR('',#11796,1.);
#11796 = DIRECTION('',(0.,0.,-1.));
#11797 = ORIENTED_EDGE('',*,*,#11403,.T.);
#11798 = ORIENTED_EDGE('',*,*,#11395,.T.);
#11799 = ORIENTED_EDGE('',*,*,#11387,.F.);
#11800 = ORIENTED_EDGE('',*,*,#11801,.F.);
#11801 = EDGE_CURVE('',#11802,#11380,#11804,.T.);
#11802 = VERTEX_POINT('',#11803);
#11803 = CARTESIAN_POINT('',(0.9125,-0.625,0.5));
#11804 = LINE('',#11805,#11806);
#11805 = CARTESIAN_POINT('',(0.9125,-0.625,0.375));
#11806 = VECTOR('',#11807,1.);
#11807 = DIRECTION('',(0.,0.,-1.));
#11808 = ORIENTED_EDGE('',*,*,#11809,.T.);
#11809 = EDGE_CURVE('',#11802,#11810,#11812,.T.);
#11810 = VERTEX_POINT('',#11811);
#11811 = CARTESIAN_POINT('',(0.965,-0.625,0.5));
#11812 = LINE('',#11813,#11814);
#11813 = CARTESIAN_POINT('',(0.65,-0.625,0.5));
#11814 = VECTOR('',#11815,1.);
#11815 = DIRECTION('',(1.,0.,0.));
#11816 = ORIENTED_EDGE('',*,*,#11817,.F.);
#11817 = EDGE_CURVE('',#11818,#11810,#11820,.T.);
#11818 = VERTEX_POINT('',#11819);
#11819 = CARTESIAN_POINT('',(1.,-0.625,0.465));
#11820 = CIRCLE('',#11821,3.5E-02);
#11821 = AXIS2_PLACEMENT_3D('',#11822,#11823,#11824);
#11822 = CARTESIAN_POINT('',(0.965,-0.625,0.465));
#11823 = DIRECTION('',(0.,-1.,0.));
#11824 = DIRECTION('',(0.,0.,1.));
#11825 = ORIENTED_EDGE('',*,*,#11826,.F.);
#11826 = EDGE_CURVE('',#11827,#11818,#11829,.T.);
#11827 = VERTEX_POINT('',#11828);
#11828 = CARTESIAN_POINT('',(1.,-0.625,3.5E-02));
#11829 = LINE('',#11830,#11831);
#11830 = CARTESIAN_POINT('',(1.,-0.625,0.));
#11831 = VECTOR('',#11832,1.);
#11832 = DIRECTION('',(0.,0.,1.));
#11833 = ORIENTED_EDGE('',*,*,#11834,.T.);
#11834 = EDGE_CURVE('',#11827,#11785,#11835,.T.);
#11835 = CIRCLE('',#11836,3.5E-02);
#11836 = AXIS2_PLACEMENT_3D('',#11837,#11838,#11839);
#11837 = CARTESIAN_POINT('',(0.965,-0.625,3.5E-02));
#11838 = DIRECTION('',(0.,1.,0.));
#11839 = DIRECTION('',(0.,-0.,1.));
#11840 = PLANE('',#11841);
#11841 = AXIS2_PLACEMENT_3D('',#11842,#11843,#11844);
#11842 = CARTESIAN_POINT('',(0.65,-0.625,0.));
#11843 = DIRECTION('',(0.,1.,0.));
#11844 = DIRECTION('',(0.,-0.,1.));
#11845 = ADVANCED_FACE('',(#11846),#11864,.T.);
#11846 = FACE_BOUND('',#11847,.T.);
#11847 = EDGE_LOOP('',(#11848,#11856,#11857,#11858));
#11848 = ORIENTED_EDGE('',*,*,#11849,.F.);
#11849 = EDGE_CURVE('',#11452,#11850,#11852,.T.);
#11850 = VERTEX_POINT('',#11851);
#11851 = CARTESIAN_POINT('',(0.9125,-0.46875,0.465));
#11852 = LINE('',#11853,#11854);
#11853 = CARTESIAN_POINT('',(-2.625E-02,-0.46875,0.465));
#11854 = VECTOR('',#11855,1.);
#11855 = DIRECTION('',(1.,0.,0.));
#11856 = ORIENTED_EDGE('',*,*,#11451,.T.);
#11857 = ORIENTED_EDGE('',*,*,#11379,.T.);
#11858 = ORIENTED_EDGE('',*,*,#11859,.F.);
#11859 = EDGE_CURVE('',#11850,#11380,#11860,.T.);
#11860 = LINE('',#11861,#11862);
#11861 = CARTESIAN_POINT('',(0.9125,-0.703125,0.465));
#11862 = VECTOR('',#11863,1.);
#11863 = DIRECTION('',(0.,-1.,0.));
#11864 = PLANE('',#11865);
#11865 = AXIS2_PLACEMENT_3D('',#11866,#11867,#11868);
#11866 = CARTESIAN_POINT('',(-0.965,-0.625,0.465));
#11867 = DIRECTION('',(0.,0.,1.));
#11868 = DIRECTION('',(1.,0.,-0.));
#11869 = ADVANCED_FACE('',(#11870),#11895,.T.);
#11870 = FACE_BOUND('',#11871,.T.);
#11871 = EDGE_LOOP('',(#11872,#11880,#11881,#11889));
#11872 = ORIENTED_EDGE('',*,*,#11873,.F.);
#11873 = EDGE_CURVE('',#11468,#11874,#11876,.T.);
#11874 = VERTEX_POINT('',#11875);
#11875 = CARTESIAN_POINT('',(0.9125,0.625,0.465));
#11876 = LINE('',#11877,#11878);
#11877 = CARTESIAN_POINT('',(-0.965,0.625,0.465));
#11878 = VECTOR('',#11879,1.);
#11879 = DIRECTION('',(1.,0.,0.));
#11880 = ORIENTED_EDGE('',*,*,#11467,.T.);
#11881 = ORIENTED_EDGE('',*,*,#11882,.F.);
#11882 = EDGE_CURVE('',#11883,#11460,#11885,.T.);
#11883 = VERTEX_POINT('',#11884);
#11884 = CARTESIAN_POINT('',(0.9125,0.46875,0.465));
#11885 = LINE('',#11886,#11887);
#11886 = CARTESIAN_POINT('',(-0.93875,0.46875,0.465));
#11887 = VECTOR('',#11888,1.);
#11888 = DIRECTION('',(-1.,0.,0.));
#11889 = ORIENTED_EDGE('',*,*,#11890,.F.);
#11890 = EDGE_CURVE('',#11874,#11883,#11891,.T.);
#11891 = LINE('',#11892,#11893);
#11892 = CARTESIAN_POINT('',(0.9125,-7.8125E-02,0.465));
#11893 = VECTOR('',#11894,1.);
#11894 = DIRECTION('',(0.,-1.,0.));
#11895 = PLANE('',#11896);
#11896 = AXIS2_PLACEMENT_3D('',#11897,#11898,#11899);
#11897 = CARTESIAN_POINT('',(-0.965,-0.625,0.465));
#11898 = DIRECTION('',(0.,0.,1.));
#11899 = DIRECTION('',(1.,0.,-0.));
#11900 = ADVANCED_FACE('',(#11901),#11928,.T.);
#11901 = FACE_BOUND('',#11902,.T.);
#11902 = EDGE_LOOP('',(#11903,#11904,#11913,#11921));
#11903 = ORIENTED_EDGE('',*,*,#11459,.T.);
#11904 = ORIENTED_EDGE('',*,*,#11905,.T.);
#11905 = EDGE_CURVE('',#11452,#11906,#11908,.T.);
#11906 = VERTEX_POINT('',#11907);
#11907 = CARTESIAN_POINT('',(0.685,-0.46875,0.5));
#11908 = CIRCLE('',#11909,3.5E-02);
#11909 = AXIS2_PLACEMENT_3D('',#11910,#11911,#11912);
#11910 = CARTESIAN_POINT('',(0.685,-0.46875,0.465));
#11911 = DIRECTION('',(0.,1.,-0.));
#11912 = DIRECTION('',(-1.,0.,0.));
#11913 = ORIENTED_EDGE('',*,*,#11914,.T.);
#11914 = EDGE_CURVE('',#11906,#11915,#11917,.T.);
#11915 = VERTEX_POINT('',#11916);
#11916 = CARTESIAN_POINT('',(0.685,0.46875,0.5));
#11917 = LINE('',#11918,#11919);
#11918 = CARTESIAN_POINT('',(0.685,-0.625,0.5));
#11919 = VECTOR('',#11920,1.);
#11920 = DIRECTION('',(0.,1.,0.));
#11921 = ORIENTED_EDGE('',*,*,#11922,.F.);
#11922 = EDGE_CURVE('',#11460,#11915,#11923,.T.);
#11923 = CIRCLE('',#11924,3.5E-02);
#11924 = AXIS2_PLACEMENT_3D('',#11925,#11926,#11927);
#11925 = CARTESIAN_POINT('',(0.685,0.46875,0.465));
#11926 = DIRECTION('',(0.,1.,-0.));
#11927 = DIRECTION('',(-1.,0.,0.));
#11928 = CYLINDRICAL_SURFACE('',#11929,3.5E-02);
#11929 = AXIS2_PLACEMENT_3D('',#11930,#11931,#11932);
#11930 = CARTESIAN_POINT('',(0.685,-0.625,0.465));
#11931 = DIRECTION('',(0.,1.,0.));
#11932 = DIRECTION('',(-1.,0.,0.));
#11933 = ADVANCED_FACE('',(#11934),#11984,.T.);
#11934 = FACE_BOUND('',#11935,.T.);
#11935 = EDGE_LOOP('',(#11936,#11944,#11952,#11958,#11959,#11960,#11961,
    #11969,#11977,#11983));
#11936 = ORIENTED_EDGE('',*,*,#11937,.F.);
#11937 = EDGE_CURVE('',#11938,#11711,#11940,.T.);
#11938 = VERTEX_POINT('',#11939);
#11939 = CARTESIAN_POINT('',(-0.965,0.625,3.5E-02));
#11940 = LINE('',#11941,#11942);
#11941 = CARTESIAN_POINT('',(-0.965,0.625,3.5E-02));
#11942 = VECTOR('',#11943,1.);
#11943 = DIRECTION('',(1.,0.,0.));
#11944 = ORIENTED_EDGE('',*,*,#11945,.T.);
#11945 = EDGE_CURVE('',#11938,#11946,#11948,.T.);
#11946 = VERTEX_POINT('',#11947);
#11947 = CARTESIAN_POINT('',(-0.965,0.625,0.465));
#11948 = LINE('',#11949,#11950);
#11949 = CARTESIAN_POINT('',(-0.965,0.625,3.5E-02));
#11950 = VECTOR('',#11951,1.);
#11951 = DIRECTION('',(0.,0.,1.));
#11952 = ORIENTED_EDGE('',*,*,#11953,.T.);
#11953 = EDGE_CURVE('',#11946,#11490,#11954,.T.);
#11954 = LINE('',#11955,#11956);
#11955 = CARTESIAN_POINT('',(-0.965,0.625,0.465));
#11956 = VECTOR('',#11957,1.);
#11957 = DIRECTION('',(1.,0.,0.));
#11958 = ORIENTED_EDGE('',*,*,#11489,.T.);
#11959 = ORIENTED_EDGE('',*,*,#11523,.F.);
#11960 = ORIENTED_EDGE('',*,*,#11873,.T.);
#11961 = ORIENTED_EDGE('',*,*,#11962,.T.);
#11962 = EDGE_CURVE('',#11874,#11963,#11965,.T.);
#11963 = VERTEX_POINT('',#11964);
#11964 = CARTESIAN_POINT('',(0.965,0.625,0.465));
#11965 = LINE('',#11966,#11967);
#11966 = CARTESIAN_POINT('',(-0.965,0.625,0.465));
#11967 = VECTOR('',#11968,1.);
#11968 = DIRECTION('',(1.,0.,0.));
#11969 = ORIENTED_EDGE('',*,*,#11970,.F.);
#11970 = EDGE_CURVE('',#11971,#11963,#11973,.T.);
#11971 = VERTEX_POINT('',#11972);
#11972 = CARTESIAN_POINT('',(0.965,0.625,3.5E-02));
#11973 = LINE('',#11974,#11975);
#11974 = CARTESIAN_POINT('',(0.965,0.625,3.5E-02));
#11975 = VECTOR('',#11976,1.);
#11976 = DIRECTION('',(0.,0.,1.));
#11977 = ORIENTED_EDGE('',*,*,#11978,.F.);
#11978 = EDGE_CURVE('',#11703,#11971,#11979,.T.);
#11979 = LINE('',#11980,#11981);
#11980 = CARTESIAN_POINT('',(-0.965,0.625,3.5E-02));
#11981 = VECTOR('',#11982,1.);
#11982 = DIRECTION('',(1.,0.,0.));
#11983 = ORIENTED_EDGE('',*,*,#11710,.F.);
#11984 = PLANE('',#11985);
#11985 = AXIS2_PLACEMENT_3D('',#11986,#11987,#11988);
#11986 = CARTESIAN_POINT('',(-0.965,0.625,3.5E-02));
#11987 = DIRECTION('',(0.,1.,0.));
#11988 = DIRECTION('',(0.,-0.,1.));
#11989 = ADVANCED_FACE('',(#11990),#12008,.F.);
#11990 = FACE_BOUND('',#11991,.F.);
#11991 = EDGE_LOOP('',(#11992,#12000,#12006,#12007));
#11992 = ORIENTED_EDGE('',*,*,#11993,.F.);
#11993 = EDGE_CURVE('',#11994,#11538,#11996,.T.);
#11994 = VERTEX_POINT('',#11995);
#11995 = CARTESIAN_POINT('',(-0.9125,0.46875,0.5));
#11996 = LINE('',#11997,#11998);
#11997 = CARTESIAN_POINT('',(-0.95625,0.46875,0.5));
#11998 = VECTOR('',#11999,1.);
#11999 = DIRECTION('',(1.,0.,0.));
#12000 = ORIENTED_EDGE('',*,*,#12001,.T.);
#12001 = EDGE_CURVE('',#11994,#11498,#12002,.T.);
#12002 = LINE('',#12003,#12004);
#12003 = CARTESIAN_POINT('',(-0.9125,0.46875,0.75));
#12004 = VECTOR('',#12005,1.);
#12005 = DIRECTION('',(-0.,-0.,-1.));
#12006 = ORIENTED_EDGE('',*,*,#11505,.F.);
#12007 = ORIENTED_EDGE('',*,*,#11537,.F.);
#12008 = PLANE('',#12009);
#12009 = AXIS2_PLACEMENT_3D('',#12010,#12011,#12012);
#12010 = CARTESIAN_POINT('',(-0.9125,0.46875,0.75));
#12011 = DIRECTION('',(0.,-1.,0.));
#12012 = DIRECTION('',(1.,0.,0.));
#12013 = ADVANCED_FACE('',(#12014),#12032,.F.);
#12014 = FACE_BOUND('',#12015,.F.);
#12015 = EDGE_LOOP('',(#12016,#12017,#12025,#12031));
#12016 = ORIENTED_EDGE('',*,*,#12001,.F.);
#12017 = ORIENTED_EDGE('',*,*,#12018,.F.);
#12018 = EDGE_CURVE('',#12019,#11994,#12021,.T.);
#12019 = VERTEX_POINT('',#12020);
#12020 = CARTESIAN_POINT('',(-0.9125,0.625,0.5));
#12021 = LINE('',#12022,#12023);
#12022 = CARTESIAN_POINT('',(-0.9125,7.8125E-02,0.5));
#12023 = VECTOR('',#12024,1.);
#12024 = DIRECTION('',(0.,-1.,0.));
#12025 = ORIENTED_EDGE('',*,*,#12026,.F.);
#12026 = EDGE_CURVE('',#11490,#12019,#12027,.T.);
#12027 = LINE('',#12028,#12029);
#12028 = CARTESIAN_POINT('',(-0.9125,0.625,0.375));
#12029 = VECTOR('',#12030,1.);
#12030 = DIRECTION('',(0.,0.,1.));
#12031 = ORIENTED_EDGE('',*,*,#11497,.F.);
#12032 = PLANE('',#12033);
#12033 = AXIS2_PLACEMENT_3D('',#12034,#12035,#12036);
#12034 = CARTESIAN_POINT('',(-0.9125,0.78125,0.75));
#12035 = DIRECTION('',(-1.,0.,0.));
#12036 = DIRECTION('',(0.,-1.,0.));
#12037 = ADVANCED_FACE('',(#12038),#12056,.F.);
#12038 = FACE_BOUND('',#12039,.F.);
#12039 = EDGE_LOOP('',(#12040,#12048,#12054,#12055));
#12040 = ORIENTED_EDGE('',*,*,#12041,.F.);
#12041 = EDGE_CURVE('',#12042,#11571,#12044,.T.);
#12042 = VERTEX_POINT('',#12043);
#12043 = CARTESIAN_POINT('',(-0.9125,-0.46875,0.5));
#12044 = LINE('',#12045,#12046);
#12045 = CARTESIAN_POINT('',(-0.9125,-0.46875,0.75));
#12046 = VECTOR('',#12047,1.);
#12047 = DIRECTION('',(-0.,-0.,-1.));
#12048 = ORIENTED_EDGE('',*,*,#12049,.F.);
#12049 = EDGE_CURVE('',#11547,#12042,#12050,.T.);
#12050 = LINE('',#12051,#12052);
#12051 = CARTESIAN_POINT('',(-4.375E-02,-0.46875,0.5));
#12052 = VECTOR('',#12053,1.);
#12053 = DIRECTION('',(-1.,0.,0.));
#12054 = ORIENTED_EDGE('',*,*,#11554,.T.);
#12055 = ORIENTED_EDGE('',*,*,#11580,.F.);
#12056 = PLANE('',#12057);
#12057 = AXIS2_PLACEMENT_3D('',#12058,#12059,#12060);
#12058 = CARTESIAN_POINT('',(0.9125,-0.46875,0.75));
#12059 = DIRECTION('',(0.,1.,0.));
#12060 = DIRECTION('',(-1.,0.,0.));
#12061 = ADVANCED_FACE('',(#12062),#12089,.T.);
#12062 = FACE_BOUND('',#12063,.T.);
#12063 = EDGE_LOOP('',(#12064,#12072,#12078,#12079,#12085,#12086,#12087,
    #12088));
#12064 = ORIENTED_EDGE('',*,*,#12065,.F.);
#12065 = EDGE_CURVE('',#12066,#12019,#12068,.T.);
#12066 = VERTEX_POINT('',#12067);
#12067 = CARTESIAN_POINT('',(-0.965,0.625,0.5));
#12068 = LINE('',#12069,#12070);
#12069 = CARTESIAN_POINT('',(-1.,0.625,0.5));
#12070 = VECTOR('',#12071,1.);
#12071 = DIRECTION('',(1.,0.,0.));
#12072 = ORIENTED_EDGE('',*,*,#12073,.F.);
#12073 = EDGE_CURVE('',#11622,#12066,#12074,.T.);
#12074 = LINE('',#12075,#12076);
#12075 = CARTESIAN_POINT('',(-0.965,-0.625,0.5));
#12076 = VECTOR('',#12077,1.);
#12077 = DIRECTION('',(0.,1.,0.));
#12078 = ORIENTED_EDGE('',*,*,#11630,.T.);
#12079 = ORIENTED_EDGE('',*,*,#12080,.F.);
#12080 = EDGE_CURVE('',#12042,#11631,#12081,.T.);
#12081 = LINE('',#12082,#12083);
#12082 = CARTESIAN_POINT('',(-0.9125,-0.546875,0.5));
#12083 = VECTOR('',#12084,1.);
#12084 = DIRECTION('',(0.,-1.,0.));
#12085 = ORIENTED_EDGE('',*,*,#12049,.F.);
#12086 = ORIENTED_EDGE('',*,*,#11546,.T.);
#12087 = ORIENTED_EDGE('',*,*,#11993,.F.);
#12088 = ORIENTED_EDGE('',*,*,#12018,.F.);
#12089 = PLANE('',#12090);
#12090 = AXIS2_PLACEMENT_3D('',#12091,#12092,#12093);
#12091 = CARTESIAN_POINT('',(-1.,-0.625,0.5));
#12092 = DIRECTION('',(0.,0.,1.));
#12093 = DIRECTION('',(1.,0.,-0.));
#12094 = ADVANCED_FACE('',(#12095),#12101,.F.);
#12095 = FACE_BOUND('',#12096,.F.);
#12096 = EDGE_LOOP('',(#12097,#12098,#12099,#12100));
#12097 = ORIENTED_EDGE('',*,*,#12080,.F.);
#12098 = ORIENTED_EDGE('',*,*,#12041,.T.);
#12099 = ORIENTED_EDGE('',*,*,#11570,.F.);
#12100 = ORIENTED_EDGE('',*,*,#11638,.T.);
#12101 = PLANE('',#12102);
#12102 = AXIS2_PLACEMENT_3D('',#12103,#12104,#12105);
#12103 = CARTESIAN_POINT('',(-0.9125,-0.46875,0.75));
#12104 = DIRECTION('',(-1.,0.,0.));
#12105 = DIRECTION('',(0.,-1.,0.));
#12106 = ADVANCED_FACE('',(#12107),#12164,.F.);
#12107 = FACE_BOUND('',#12108,.F.);
#12108 = EDGE_LOOP('',(#12109,#12119,#12125,#12126,#12134,#12142,#12150,
    #12158));
#12109 = ORIENTED_EDGE('',*,*,#12110,.F.);
#12110 = EDGE_CURVE('',#12111,#12113,#12115,.T.);
#12111 = VERTEX_POINT('',#12112);
#12112 = CARTESIAN_POINT('',(-0.965,0.625,-6.938893903907E-18));
#12113 = VERTEX_POINT('',#12114);
#12114 = CARTESIAN_POINT('',(-0.9125,0.625,0.));
#12115 = LINE('',#12116,#12117);
#12116 = CARTESIAN_POINT('',(-1.,0.625,0.));
#12117 = VECTOR('',#12118,1.);
#12118 = DIRECTION('',(1.,0.,0.));
#12119 = ORIENTED_EDGE('',*,*,#12120,.F.);
#12120 = EDGE_CURVE('',#11595,#12111,#12121,.T.);
#12121 = LINE('',#12122,#12123);
#12122 = CARTESIAN_POINT('',(-0.965,-0.625,-6.938893903907E-18));
#12123 = VECTOR('',#12124,1.);
#12124 = DIRECTION('',(0.,1.,0.));
#12125 = ORIENTED_EDGE('',*,*,#11594,.T.);
#12126 = ORIENTED_EDGE('',*,*,#12127,.F.);
#12127 = EDGE_CURVE('',#12128,#11597,#12130,.T.);
#12128 = VERTEX_POINT('',#12129);
#12129 = CARTESIAN_POINT('',(-0.9125,-0.46875,0.));
#12130 = LINE('',#12131,#12132);
#12131 = CARTESIAN_POINT('',(-0.9125,-0.546875,0.));
#12132 = VECTOR('',#12133,1.);
#12133 = DIRECTION('',(0.,-1.,0.));
#12134 = ORIENTED_EDGE('',*,*,#12135,.F.);
#12135 = EDGE_CURVE('',#12136,#12128,#12138,.T.);
#12136 = VERTEX_POINT('',#12137);
#12137 = CARTESIAN_POINT('',(-0.685,-0.46875,-6.938893903907E-18));
#12138 = LINE('',#12139,#12140);
#12139 = CARTESIAN_POINT('',(-4.375E-02,-0.46875,0.));
#12140 = VECTOR('',#12141,1.);
#12141 = DIRECTION('',(-1.,0.,0.));
#12142 = ORIENTED_EDGE('',*,*,#12143,.T.);
#12143 = EDGE_CURVE('',#12136,#12144,#12146,.T.);
#12144 = VERTEX_POINT('',#12145);
#12145 = CARTESIAN_POINT('',(-0.685,0.46875,-6.938893903907E-18));
#12146 = LINE('',#12147,#12148);
#12147 = CARTESIAN_POINT('',(-0.685,-0.625,-6.938893903907E-18));
#12148 = VECTOR('',#12149,1.);
#12149 = DIRECTION('',(0.,1.,0.));
#12150 = ORIENTED_EDGE('',*,*,#12151,.F.);
#12151 = EDGE_CURVE('',#12152,#12144,#12154,.T.);
#12152 = VERTEX_POINT('',#12153);
#12153 = CARTESIAN_POINT('',(-0.9125,0.46875,0.));
#12154 = LINE('',#12155,#12156);
#12155 = CARTESIAN_POINT('',(-0.95625,0.46875,0.));
#12156 = VECTOR('',#12157,1.);
#12157 = DIRECTION('',(1.,0.,0.));
#12158 = ORIENTED_EDGE('',*,*,#12159,.F.);
#12159 = EDGE_CURVE('',#12113,#12152,#12160,.T.);
#12160 = LINE('',#12161,#12162);
#12161 = CARTESIAN_POINT('',(-0.9125,7.8125E-02,0.));
#12162 = VECTOR('',#12163,1.);
#12163 = DIRECTION('',(0.,-1.,0.));
#12164 = PLANE('',#12165);
#12165 = AXIS2_PLACEMENT_3D('',#12166,#12167,#12168);
#12166 = CARTESIAN_POINT('',(-1.,-0.625,0.));
#12167 = DIRECTION('',(0.,0.,1.));
#12168 = DIRECTION('',(1.,0.,-0.));
#12169 = ADVANCED_FACE('',(#12170),#12189,.T.);
#12170 = FACE_BOUND('',#12171,.T.);
#12171 = EDGE_LOOP('',(#12172,#12180,#12187,#12188));
#12172 = ORIENTED_EDGE('',*,*,#12173,.T.);
#12173 = EDGE_CURVE('',#11605,#12174,#12176,.T.);
#12174 = VERTEX_POINT('',#12175);
#12175 = CARTESIAN_POINT('',(-1.,0.625,3.5E-02));
#12176 = LINE('',#12177,#12178);
#12177 = CARTESIAN_POINT('',(-1.,-0.625,3.5E-02));
#12178 = VECTOR('',#12179,1.);
#12179 = DIRECTION('',(0.,1.,0.));
#12180 = ORIENTED_EDGE('',*,*,#12181,.T.);
#12181 = EDGE_CURVE('',#12174,#12111,#12182,.T.);
#12182 = CIRCLE('',#12183,3.5E-02);
#12183 = AXIS2_PLACEMENT_3D('',#12184,#12185,#12186);
#12184 = CARTESIAN_POINT('',(-0.965,0.625,3.5E-02));
#12185 = DIRECTION('',(0.,-1.,0.));
#12186 = DIRECTION('',(0.,0.,1.));
#12187 = ORIENTED_EDGE('',*,*,#12120,.F.);
#12188 = ORIENTED_EDGE('',*,*,#11604,.F.);
#12189 = CYLINDRICAL_SURFACE('',#12190,3.5E-02);
#12190 = AXIS2_PLACEMENT_3D('',#12191,#12192,#12193);
#12191 = CARTESIAN_POINT('',(-0.965,-0.625,3.5E-02));
#12192 = DIRECTION('',(0.,1.,0.));
#12193 = DIRECTION('',(-1.,0.,0.));
#12194 = ADVANCED_FACE('',(#12195),#12206,.F.);
#12195 = FACE_BOUND('',#12196,.F.);
#12196 = EDGE_LOOP('',(#12197,#12198,#12204,#12205));
#12197 = ORIENTED_EDGE('',*,*,#11661,.T.);
#12198 = ORIENTED_EDGE('',*,*,#12199,.T.);
#12199 = EDGE_CURVE('',#11662,#12128,#12200,.T.);
#12200 = LINE('',#12201,#12202);
#12201 = CARTESIAN_POINT('',(-0.9125,-0.46875,0.75));
#12202 = VECTOR('',#12203,1.);
#12203 = DIRECTION('',(-0.,-0.,-1.));
#12204 = ORIENTED_EDGE('',*,*,#12127,.T.);
#12205 = ORIENTED_EDGE('',*,*,#11647,.T.);
#12206 = PLANE('',#12207);
#12207 = AXIS2_PLACEMENT_3D('',#12208,#12209,#12210);
#12208 = CARTESIAN_POINT('',(-0.9125,-0.46875,0.75));
#12209 = DIRECTION('',(-1.,0.,0.));
#12210 = DIRECTION('',(0.,-1.,0.));
#12211 = ADVANCED_FACE('',(#12212),#12230,.F.);
#12212 = FACE_BOUND('',#12213,.F.);
#12213 = EDGE_LOOP('',(#12214,#12215,#12216,#12224));
#12214 = ORIENTED_EDGE('',*,*,#11613,.F.);
#12215 = ORIENTED_EDGE('',*,*,#12173,.T.);
#12216 = ORIENTED_EDGE('',*,*,#12217,.T.);
#12217 = EDGE_CURVE('',#12174,#12218,#12220,.T.);
#12218 = VERTEX_POINT('',#12219);
#12219 = CARTESIAN_POINT('',(-1.,0.625,0.465));
#12220 = LINE('',#12221,#12222);
#12221 = CARTESIAN_POINT('',(-1.,0.625,0.));
#12222 = VECTOR('',#12223,1.);
#12223 = DIRECTION('',(0.,0.,1.));
#12224 = ORIENTED_EDGE('',*,*,#12225,.F.);
#12225 = EDGE_CURVE('',#11614,#12218,#12226,.T.);
#12226 = LINE('',#12227,#12228);
#12227 = CARTESIAN_POINT('',(-1.,-0.625,0.465));
#12228 = VECTOR('',#12229,1.);
#12229 = DIRECTION('',(0.,1.,0.));
#12230 = PLANE('',#12231);
#12231 = AXIS2_PLACEMENT_3D('',#12232,#12233,#12234);
#12232 = CARTESIAN_POINT('',(-1.,-0.625,0.));
#12233 = DIRECTION('',(1.,0.,0.));
#12234 = DIRECTION('',(0.,0.,1.));
#12235 = ADVANCED_FACE('',(#12236),#12248,.T.);
#12236 = FACE_BOUND('',#12237,.T.);
#12237 = EDGE_LOOP('',(#12238,#12239,#12240,#12247));
#12238 = ORIENTED_EDGE('',*,*,#11621,.T.);
#12239 = ORIENTED_EDGE('',*,*,#12073,.T.);
#12240 = ORIENTED_EDGE('',*,*,#12241,.F.);
#12241 = EDGE_CURVE('',#12218,#12066,#12242,.T.);
#12242 = CIRCLE('',#12243,3.5E-02);
#12243 = AXIS2_PLACEMENT_3D('',#12244,#12245,#12246);
#12244 = CARTESIAN_POINT('',(-0.965,0.625,0.465));
#12245 = DIRECTION('',(0.,1.,0.));
#12246 = DIRECTION('',(0.,-0.,1.));
#12247 = ORIENTED_EDGE('',*,*,#12225,.F.);
#12248 = CYLINDRICAL_SURFACE('',#12249,3.5E-02);
#12249 = AXIS2_PLACEMENT_3D('',#12250,#12251,#12252);
#12250 = CARTESIAN_POINT('',(-0.965,-0.625,0.465));
#12251 = DIRECTION('',(0.,1.,0.));
#12252 = DIRECTION('',(-1.,0.,0.));
#12253 = ADVANCED_FACE('',(#12254),#12266,.F.);
#12254 = FACE_BOUND('',#12255,.F.);
#12255 = EDGE_LOOP('',(#12256,#12257,#12258,#12265));
#12256 = ORIENTED_EDGE('',*,*,#12199,.F.);
#12257 = ORIENTED_EDGE('',*,*,#11742,.T.);
#12258 = ORIENTED_EDGE('',*,*,#12259,.T.);
#12259 = EDGE_CURVE('',#11735,#12136,#12260,.T.);
#12260 = CIRCLE('',#12261,3.5E-02);
#12261 = AXIS2_PLACEMENT_3D('',#12262,#12263,#12264);
#12262 = CARTESIAN_POINT('',(-0.685,-0.46875,3.5E-02));
#12263 = DIRECTION('',(-0.,1.,0.));
#12264 = DIRECTION('',(1.,0.,0.));
#12265 = ORIENTED_EDGE('',*,*,#12135,.T.);
#12266 = PLANE('',#12267);
#12267 = AXIS2_PLACEMENT_3D('',#12268,#12269,#12270);
#12268 = CARTESIAN_POINT('',(0.9125,-0.46875,0.75));
#12269 = DIRECTION('',(0.,1.,0.));
#12270 = DIRECTION('',(-1.,0.,0.));
#12271 = ADVANCED_FACE('',(#12272),#12284,.T.);
#12272 = FACE_BOUND('',#12273,.T.);
#12273 = EDGE_LOOP('',(#12274,#12275,#12276,#12277));
#12274 = ORIENTED_EDGE('',*,*,#11734,.F.);
#12275 = ORIENTED_EDGE('',*,*,#12259,.T.);
#12276 = ORIENTED_EDGE('',*,*,#12143,.T.);
#12277 = ORIENTED_EDGE('',*,*,#12278,.F.);
#12278 = EDGE_CURVE('',#11727,#12144,#12279,.T.);
#12279 = CIRCLE('',#12280,3.5E-02);
#12280 = AXIS2_PLACEMENT_3D('',#12281,#12282,#12283);
#12281 = CARTESIAN_POINT('',(-0.685,0.46875,3.5E-02));
#12282 = DIRECTION('',(-0.,1.,0.));
#12283 = DIRECTION('',(1.,0.,0.));
#12284 = CYLINDRICAL_SURFACE('',#12285,3.5E-02);
#12285 = AXIS2_PLACEMENT_3D('',#12286,#12287,#12288);
#12286 = CARTESIAN_POINT('',(-0.685,-0.625,3.5E-02));
#12287 = DIRECTION('',(0.,1.,0.));
#12288 = DIRECTION('',(1.,0.,0.));
#12289 = ADVANCED_FACE('',(#12290),#12301,.F.);
#12290 = FACE_BOUND('',#12291,.F.);
#12291 = EDGE_LOOP('',(#12292,#12293,#12299,#12300));
#12292 = ORIENTED_EDGE('',*,*,#11726,.T.);
#12293 = ORIENTED_EDGE('',*,*,#12294,.T.);
#12294 = EDGE_CURVE('',#11719,#12152,#12295,.T.);
#12295 = LINE('',#12296,#12297);
#12296 = CARTESIAN_POINT('',(-0.9125,0.46875,0.75));
#12297 = VECTOR('',#12298,1.);
#12298 = DIRECTION('',(-0.,-0.,-1.));
#12299 = ORIENTED_EDGE('',*,*,#12151,.T.);
#12300 = ORIENTED_EDGE('',*,*,#12278,.F.);
#12301 = PLANE('',#12302);
#12302 = AXIS2_PLACEMENT_3D('',#12303,#12304,#12305);
#12303 = CARTESIAN_POINT('',(-0.9125,0.46875,0.75));
#12304 = DIRECTION('',(0.,-1.,0.));
#12305 = DIRECTION('',(1.,0.,0.));
#12306 = ADVANCED_FACE('',(#12307),#12318,.F.);
#12307 = FACE_BOUND('',#12308,.F.);
#12308 = EDGE_LOOP('',(#12309,#12310,#12311,#12317));
#12309 = ORIENTED_EDGE('',*,*,#12294,.F.);
#12310 = ORIENTED_EDGE('',*,*,#11718,.T.);
#12311 = ORIENTED_EDGE('',*,*,#12312,.F.);
#12312 = EDGE_CURVE('',#12113,#11711,#12313,.T.);
#12313 = LINE('',#12314,#12315);
#12314 = CARTESIAN_POINT('',(-0.9125,0.625,0.375));
#12315 = VECTOR('',#12316,1.);
#12316 = DIRECTION('',(0.,0.,1.));
#12317 = ORIENTED_EDGE('',*,*,#12159,.T.);
#12318 = PLANE('',#12319);
#12319 = AXIS2_PLACEMENT_3D('',#12320,#12321,#12322);
#12320 = CARTESIAN_POINT('',(-0.9125,0.78125,0.75));
#12321 = DIRECTION('',(-1.,0.,0.));
#12322 = DIRECTION('',(0.,-1.,0.));
#12323 = ADVANCED_FACE('',(#12324),#12349,.F.);
#12324 = FACE_BOUND('',#12325,.F.);
#12325 = EDGE_LOOP('',(#12326,#12327,#12335,#12343));
#12326 = ORIENTED_EDGE('',*,*,#11702,.T.);
#12327 = ORIENTED_EDGE('',*,*,#12328,.T.);
#12328 = EDGE_CURVE('',#11695,#12329,#12331,.T.);
#12329 = VERTEX_POINT('',#12330);
#12330 = CARTESIAN_POINT('',(0.9125,0.46875,0.));
#12331 = LINE('',#12332,#12333);
#12332 = CARTESIAN_POINT('',(0.9125,0.46875,0.75));
#12333 = VECTOR('',#12334,1.);
#12334 = DIRECTION('',(-0.,-0.,-1.));
#12335 = ORIENTED_EDGE('',*,*,#12336,.T.);
#12336 = EDGE_CURVE('',#12329,#12337,#12339,.T.);
#12337 = VERTEX_POINT('',#12338);
#12338 = CARTESIAN_POINT('',(0.9125,0.625,0.));
#12339 = LINE('',#12340,#12341);
#12340 = CARTESIAN_POINT('',(0.9125,-7.8125E-02,0.));
#12341 = VECTOR('',#12342,1.);
#12342 = DIRECTION('',(0.,1.,0.));
#12343 = ORIENTED_EDGE('',*,*,#12344,.F.);
#12344 = EDGE_CURVE('',#11703,#12337,#12345,.T.);
#12345 = LINE('',#12346,#12347);
#12346 = CARTESIAN_POINT('',(0.9125,0.625,0.375));
#12347 = VECTOR('',#12348,1.);
#12348 = DIRECTION('',(0.,0.,-1.));
#12349 = PLANE('',#12350);
#12350 = AXIS2_PLACEMENT_3D('',#12351,#12352,#12353);
#12351 = CARTESIAN_POINT('',(0.9125,0.46875,0.75));
#12352 = DIRECTION('',(1.,0.,0.));
#12353 = DIRECTION('',(-0.,1.,0.));
#12354 = ADVANCED_FACE('',(#12355),#12374,.F.);
#12355 = FACE_BOUND('',#12356,.F.);
#12356 = EDGE_LOOP('',(#12357,#12358,#12359,#12368));
#12357 = ORIENTED_EDGE('',*,*,#12328,.F.);
#12358 = ORIENTED_EDGE('',*,*,#11694,.T.);
#12359 = ORIENTED_EDGE('',*,*,#12360,.F.);
#12360 = EDGE_CURVE('',#12361,#11687,#12363,.T.);
#12361 = VERTEX_POINT('',#12362);
#12362 = CARTESIAN_POINT('',(0.685,0.46875,-6.938893903907E-18));
#12363 = CIRCLE('',#12364,3.5E-02);
#12364 = AXIS2_PLACEMENT_3D('',#12365,#12366,#12367);
#12365 = CARTESIAN_POINT('',(0.685,0.46875,3.5E-02));
#12366 = DIRECTION('',(0.,1.,-0.));
#12367 = DIRECTION('',(-1.,0.,0.));
#12368 = ORIENTED_EDGE('',*,*,#12369,.T.);
#12369 = EDGE_CURVE('',#12361,#12329,#12370,.T.);
#12370 = LINE('',#12371,#12372);
#12371 = CARTESIAN_POINT('',(-0.13125,0.46875,0.));
#12372 = VECTOR('',#12373,1.);
#12373 = DIRECTION('',(1.,0.,0.));
#12374 = PLANE('',#12375);
#12375 = AXIS2_PLACEMENT_3D('',#12376,#12377,#12378);
#12376 = CARTESIAN_POINT('',(-0.9125,0.46875,0.75));
#12377 = DIRECTION('',(0.,-1.,0.));
#12378 = DIRECTION('',(1.,0.,0.));
#12379 = ADVANCED_FACE('',(#12380),#12399,.T.);
#12380 = FACE_BOUND('',#12381,.T.);
#12381 = EDGE_LOOP('',(#12382,#12383,#12391,#12398));
#12382 = ORIENTED_EDGE('',*,*,#12360,.F.);
#12383 = ORIENTED_EDGE('',*,*,#12384,.F.);
#12384 = EDGE_CURVE('',#12385,#12361,#12387,.T.);
#12385 = VERTEX_POINT('',#12386);
#12386 = CARTESIAN_POINT('',(0.685,-0.46875,-6.938893903907E-18));
#12387 = LINE('',#12388,#12389);
#12388 = CARTESIAN_POINT('',(0.685,-0.625,-6.938893903907E-18));
#12389 = VECTOR('',#12390,1.);
#12390 = DIRECTION('',(0.,1.,0.));
#12391 = ORIENTED_EDGE('',*,*,#12392,.T.);
#12392 = EDGE_CURVE('',#12385,#11679,#12393,.T.);
#12393 = CIRCLE('',#12394,3.5E-02);
#12394 = AXIS2_PLACEMENT_3D('',#12395,#12396,#12397);
#12395 = CARTESIAN_POINT('',(0.685,-0.46875,3.5E-02));
#12396 = DIRECTION('',(0.,1.,-0.));
#12397 = DIRECTION('',(-1.,0.,0.));
#12398 = ORIENTED_EDGE('',*,*,#11686,.T.);
#12399 = CYLINDRICAL_SURFACE('',#12400,3.5E-02);
#12400 = AXIS2_PLACEMENT_3D('',#12401,#12402,#12403);
#12401 = CARTESIAN_POINT('',(0.685,-0.625,3.5E-02));
#12402 = DIRECTION('',(0.,1.,0.));
#12403 = DIRECTION('',(-1.,0.,0.));
#12404 = ADVANCED_FACE('',(#12405),#12423,.F.);
#12405 = FACE_BOUND('',#12406,.F.);
#12406 = EDGE_LOOP('',(#12407,#12408,#12416,#12422));
#12407 = ORIENTED_EDGE('',*,*,#11678,.T.);
#12408 = ORIENTED_EDGE('',*,*,#12409,.T.);
#12409 = EDGE_CURVE('',#11671,#12410,#12412,.T.);
#12410 = VERTEX_POINT('',#12411);
#12411 = CARTESIAN_POINT('',(0.9125,-0.46875,0.));
#12412 = LINE('',#12413,#12414);
#12413 = CARTESIAN_POINT('',(0.9125,-0.46875,0.75));
#12414 = VECTOR('',#12415,1.);
#12415 = DIRECTION('',(-0.,-0.,-1.));
#12416 = ORIENTED_EDGE('',*,*,#12417,.T.);
#12417 = EDGE_CURVE('',#12410,#12385,#12418,.T.);
#12418 = LINE('',#12419,#12420);
#12419 = CARTESIAN_POINT('',(0.78125,-0.46875,0.));
#12420 = VECTOR('',#12421,1.);
#12421 = DIRECTION('',(-1.,0.,0.));
#12422 = ORIENTED_EDGE('',*,*,#12392,.T.);
#12423 = PLANE('',#12424);
#12424 = AXIS2_PLACEMENT_3D('',#12425,#12426,#12427);
#12425 = CARTESIAN_POINT('',(0.9125,-0.46875,0.75));
#12426 = DIRECTION('',(0.,1.,0.));
#12427 = DIRECTION('',(-1.,0.,0.));
#12428 = ADVANCED_FACE('',(#12429),#12440,.F.);
#12429 = FACE_BOUND('',#12430,.F.);
#12430 = EDGE_LOOP('',(#12431,#12432,#12433,#12434));
#12431 = ORIENTED_EDGE('',*,*,#12409,.F.);
#12432 = ORIENTED_EDGE('',*,*,#11670,.T.);
#12433 = ORIENTED_EDGE('',*,*,#11792,.T.);
#12434 = ORIENTED_EDGE('',*,*,#12435,.T.);
#12435 = EDGE_CURVE('',#11783,#12410,#12436,.T.);
#12436 = LINE('',#12437,#12438);
#12437 = CARTESIAN_POINT('',(0.9125,-0.703125,0.));
#12438 = VECTOR('',#12439,1.);
#12439 = DIRECTION('',(0.,1.,0.));
#12440 = PLANE('',#12441);
#12441 = AXIS2_PLACEMENT_3D('',#12442,#12443,#12444);
#12442 = CARTESIAN_POINT('',(0.9125,-0.78125,0.75));
#12443 = DIRECTION('',(1.,0.,0.));
#12444 = DIRECTION('',(-0.,1.,0.));
#12445 = ADVANCED_FACE('',(#12446),#12471,.T.);
#12446 = FACE_BOUND('',#12447,.T.);
#12447 = EDGE_LOOP('',(#12448,#12456,#12457,#12465));
#12448 = ORIENTED_EDGE('',*,*,#12449,.T.);
#12449 = EDGE_CURVE('',#12450,#11751,#12452,.T.);
#12450 = VERTEX_POINT('',#12451);
#12451 = CARTESIAN_POINT('',(0.433012701892,0.5,1.75E-02));
#12452 = LINE('',#12453,#12454);
#12453 = CARTESIAN_POINT('',(0.433012701892,0.5,1.75E-02));
#12454 = VECTOR('',#12455,1.);
#12455 = DIRECTION('',(0.,0.,1.));
#12456 = ORIENTED_EDGE('',*,*,#11750,.T.);
#12457 = ORIENTED_EDGE('',*,*,#12458,.F.);
#12458 = EDGE_CURVE('',#12459,#11753,#12461,.T.);
#12459 = VERTEX_POINT('',#12460);
#12460 = CARTESIAN_POINT('',(0.433012701892,-0.5,1.75E-02));
#12461 = LINE('',#12462,#12463);
#12462 = CARTESIAN_POINT('',(0.433012701892,-0.5,1.75E-02));
#12463 = VECTOR('',#12464,1.);
#12464 = DIRECTION('',(0.,0.,1.));
#12465 = ORIENTED_EDGE('',*,*,#12466,.F.);
#12466 = EDGE_CURVE('',#12450,#12459,#12467,.T.);
#12467 = LINE('',#12468,#12469);
#12468 = CARTESIAN_POINT('',(0.433012701892,0.5,1.75E-02));
#12469 = VECTOR('',#12470,1.);
#12470 = DIRECTION('',(0.,-1.,0.));
#12471 = PLANE('',#12472);
#12472 = AXIS2_PLACEMENT_3D('',#12473,#12474,#12475);
#12473 = CARTESIAN_POINT('',(0.433012701892,0.5,1.75E-02));
#12474 = DIRECTION('',(1.,0.,0.));
#12475 = DIRECTION('',(0.,-1.,0.));
#12476 = ADVANCED_FACE('',(#12477),#12495,.T.);
#12477 = FACE_BOUND('',#12478,.T.);
#12478 = EDGE_LOOP('',(#12479,#12487,#12488,#12489));
#12479 = ORIENTED_EDGE('',*,*,#12480,.T.);
#12480 = EDGE_CURVE('',#12481,#11761,#12483,.T.);
#12481 = VERTEX_POINT('',#12482);
#12482 = CARTESIAN_POINT('',(-0.433012701892,0.,1.75E-02));
#12483 = LINE('',#12484,#12485);
#12484 = CARTESIAN_POINT('',(-0.433012701892,0.,1.75E-02));
#12485 = VECTOR('',#12486,1.);
#12486 = DIRECTION('',(0.,0.,1.));
#12487 = ORIENTED_EDGE('',*,*,#11768,.T.);
#12488 = ORIENTED_EDGE('',*,*,#12449,.F.);
#12489 = ORIENTED_EDGE('',*,*,#12490,.F.);
#12490 = EDGE_CURVE('',#12481,#12450,#12491,.T.);
#12491 = LINE('',#12492,#12493);
#12492 = CARTESIAN_POINT('',(-0.433012701892,0.,1.75E-02));
#12493 = VECTOR('',#12494,1.);
#12494 = DIRECTION('',(0.866025403784,0.5,0.));
#12495 = PLANE('',#12496);
#12496 = AXIS2_PLACEMENT_3D('',#12497,#12498,#12499);
#12497 = CARTESIAN_POINT('',(-0.433012701892,0.,1.75E-02));
#12498 = DIRECTION('',(-0.5,0.866025403784,0.));
#12499 = DIRECTION('',(0.866025403784,0.5,0.));
#12500 = ADVANCED_FACE('',(#12501),#12512,.T.);
#12501 = FACE_BOUND('',#12502,.T.);
#12502 = EDGE_LOOP('',(#12503,#12504,#12505,#12506));
#12503 = ORIENTED_EDGE('',*,*,#12458,.T.);
#12504 = ORIENTED_EDGE('',*,*,#11760,.T.);
#12505 = ORIENTED_EDGE('',*,*,#12480,.F.);
#12506 = ORIENTED_EDGE('',*,*,#12507,.F.);
#12507 = EDGE_CURVE('',#12459,#12481,#12508,.T.);
#12508 = LINE('',#12509,#12510);
#12509 = CARTESIAN_POINT('',(0.433012701892,-0.5,1.75E-02));
#12510 = VECTOR('',#12511,1.);
#12511 = DIRECTION('',(-0.866025403784,0.5,0.));
#12512 = PLANE('',#12513);
#12513 = AXIS2_PLACEMENT_3D('',#12514,#12515,#12516);
#12514 = CARTESIAN_POINT('',(0.433012701892,-0.5,1.75E-02));
#12515 = DIRECTION('',(-0.5,-0.866025403784,0.));
#12516 = DIRECTION('',(-0.866025403784,0.5,0.));
#12517 = ADVANCED_FACE('',(#12518),#12540,.F.);
#12518 = FACE_BOUND('',#12519,.F.);
#12519 = EDGE_LOOP('',(#12520,#12528,#12529,#12530,#12531,#12532,#12533,
    #12534));
#12520 = ORIENTED_EDGE('',*,*,#12521,.F.);
#12521 = EDGE_CURVE('',#12337,#12522,#12524,.T.);
#12522 = VERTEX_POINT('',#12523);
#12523 = CARTESIAN_POINT('',(0.965,0.625,-6.938893903907E-18));
#12524 = LINE('',#12525,#12526);
#12525 = CARTESIAN_POINT('',(0.65,0.625,0.));
#12526 = VECTOR('',#12527,1.);
#12527 = DIRECTION('',(1.,0.,0.));
#12528 = ORIENTED_EDGE('',*,*,#12336,.F.);
#12529 = ORIENTED_EDGE('',*,*,#12369,.F.);
#12530 = ORIENTED_EDGE('',*,*,#12384,.F.);
#12531 = ORIENTED_EDGE('',*,*,#12417,.F.);
#12532 = ORIENTED_EDGE('',*,*,#12435,.F.);
#12533 = ORIENTED_EDGE('',*,*,#11782,.T.);
#12534 = ORIENTED_EDGE('',*,*,#12535,.T.);
#12535 = EDGE_CURVE('',#11785,#12522,#12536,.T.);
#12536 = LINE('',#12537,#12538);
#12537 = CARTESIAN_POINT('',(0.965,-0.625,-6.938893903907E-18));
#12538 = VECTOR('',#12539,1.);
#12539 = DIRECTION('',(0.,1.,0.));
#12540 = PLANE('',#12541);
#12541 = AXIS2_PLACEMENT_3D('',#12542,#12543,#12544);
#12542 = CARTESIAN_POINT('',(0.65,-0.625,0.));
#12543 = DIRECTION('',(0.,0.,1.));
#12544 = DIRECTION('',(1.,0.,-0.));
#12545 = ADVANCED_FACE('',(#12546),#12565,.T.);
#12546 = FACE_BOUND('',#12547,.T.);
#12547 = EDGE_LOOP('',(#12548,#12549,#12550,#12559));
#12548 = ORIENTED_EDGE('',*,*,#11834,.T.);
#12549 = ORIENTED_EDGE('',*,*,#12535,.T.);
#12550 = ORIENTED_EDGE('',*,*,#12551,.F.);
#12551 = EDGE_CURVE('',#12552,#12522,#12554,.T.);
#12552 = VERTEX_POINT('',#12553);
#12553 = CARTESIAN_POINT('',(1.,0.625,3.5E-02));
#12554 = CIRCLE('',#12555,3.5E-02);
#12555 = AXIS2_PLACEMENT_3D('',#12556,#12557,#12558);
#12556 = CARTESIAN_POINT('',(0.965,0.625,3.5E-02));
#12557 = DIRECTION('',(0.,1.,0.));
#12558 = DIRECTION('',(0.,-0.,1.));
#12559 = ORIENTED_EDGE('',*,*,#12560,.F.);
#12560 = EDGE_CURVE('',#11827,#12552,#12561,.T.);
#12561 = LINE('',#12562,#12563);
#12562 = CARTESIAN_POINT('',(1.,-0.625,3.5E-02));
#12563 = VECTOR('',#12564,1.);
#12564 = DIRECTION('',(0.,1.,0.));
#12565 = CYLINDRICAL_SURFACE('',#12566,3.5E-02);
#12566 = AXIS2_PLACEMENT_3D('',#12567,#12568,#12569);
#12567 = CARTESIAN_POINT('',(0.965,-0.625,3.5E-02));
#12568 = DIRECTION('',(0.,1.,0.));
#12569 = DIRECTION('',(1.,0.,0.));
#12570 = ADVANCED_FACE('',(#12571),#12589,.T.);
#12571 = FACE_BOUND('',#12572,.T.);
#12572 = EDGE_LOOP('',(#12573,#12574,#12575,#12583));
#12573 = ORIENTED_EDGE('',*,*,#11826,.F.);
#12574 = ORIENTED_EDGE('',*,*,#12560,.T.);
#12575 = ORIENTED_EDGE('',*,*,#12576,.T.);
#12576 = EDGE_CURVE('',#12552,#12577,#12579,.T.);
#12577 = VERTEX_POINT('',#12578);
#12578 = CARTESIAN_POINT('',(1.,0.625,0.465));
#12579 = LINE('',#12580,#12581);
#12580 = CARTESIAN_POINT('',(1.,0.625,0.));
#12581 = VECTOR('',#12582,1.);
#12582 = DIRECTION('',(0.,0.,1.));
#12583 = ORIENTED_EDGE('',*,*,#12584,.F.);
#12584 = EDGE_CURVE('',#11818,#12577,#12585,.T.);
#12585 = LINE('',#12586,#12587);
#12586 = CARTESIAN_POINT('',(1.,-0.625,0.465));
#12587 = VECTOR('',#12588,1.);
#12588 = DIRECTION('',(0.,1.,0.));
#12589 = PLANE('',#12590);
#12590 = AXIS2_PLACEMENT_3D('',#12591,#12592,#12593);
#12591 = CARTESIAN_POINT('',(1.,-0.625,0.));
#12592 = DIRECTION('',(1.,0.,0.));
#12593 = DIRECTION('',(0.,0.,1.));
#12594 = ADVANCED_FACE('',(#12595),#12614,.T.);
#12595 = FACE_BOUND('',#12596,.T.);
#12596 = EDGE_LOOP('',(#12597,#12598,#12607,#12613));
#12597 = ORIENTED_EDGE('',*,*,#12584,.T.);
#12598 = ORIENTED_EDGE('',*,*,#12599,.T.);
#12599 = EDGE_CURVE('',#12577,#12600,#12602,.T.);
#12600 = VERTEX_POINT('',#12601);
#12601 = CARTESIAN_POINT('',(0.965,0.625,0.5));
#12602 = CIRCLE('',#12603,3.5E-02);
#12603 = AXIS2_PLACEMENT_3D('',#12604,#12605,#12606);
#12604 = CARTESIAN_POINT('',(0.965,0.625,0.465));
#12605 = DIRECTION('',(0.,-1.,0.));
#12606 = DIRECTION('',(0.,0.,1.));
#12607 = ORIENTED_EDGE('',*,*,#12608,.F.);
#12608 = EDGE_CURVE('',#11810,#12600,#12609,.T.);
#12609 = LINE('',#12610,#12611);
#12610 = CARTESIAN_POINT('',(0.965,-0.625,0.5));
#12611 = VECTOR('',#12612,1.);
#12612 = DIRECTION('',(0.,1.,0.));
#12613 = ORIENTED_EDGE('',*,*,#11817,.F.);
#12614 = CYLINDRICAL_SURFACE('',#12615,3.5E-02);
#12615 = AXIS2_PLACEMENT_3D('',#12616,#12617,#12618);
#12616 = CARTESIAN_POINT('',(0.965,-0.625,0.465));
#12617 = DIRECTION('',(0.,1.,0.));
#12618 = DIRECTION('',(1.,0.,0.));
#12619 = ADVANCED_FACE('',(#12620),#12661,.T.);
#12620 = FACE_BOUND('',#12621,.T.);
#12621 = EDGE_LOOP('',(#12622,#12630,#12638,#12644,#12645,#12653,#12659,
    #12660));
#12622 = ORIENTED_EDGE('',*,*,#12623,.F.);
#12623 = EDGE_CURVE('',#12624,#12600,#12626,.T.);
#12624 = VERTEX_POINT('',#12625);
#12625 = CARTESIAN_POINT('',(0.9125,0.625,0.5));
#12626 = LINE('',#12627,#12628);
#12627 = CARTESIAN_POINT('',(0.65,0.625,0.5));
#12628 = VECTOR('',#12629,1.);
#12629 = DIRECTION('',(1.,0.,0.));
#12630 = ORIENTED_EDGE('',*,*,#12631,.F.);
#12631 = EDGE_CURVE('',#12632,#12624,#12634,.T.);
#12632 = VERTEX_POINT('',#12633);
#12633 = CARTESIAN_POINT('',(0.9125,0.46875,0.5));
#12634 = LINE('',#12635,#12636);
#12635 = CARTESIAN_POINT('',(0.9125,-7.8125E-02,0.5));
#12636 = VECTOR('',#12637,1.);
#12637 = DIRECTION('',(0.,1.,0.));
#12638 = ORIENTED_EDGE('',*,*,#12639,.F.);
#12639 = EDGE_CURVE('',#11915,#12632,#12640,.T.);
#12640 = LINE('',#12641,#12642);
#12641 = CARTESIAN_POINT('',(-0.13125,0.46875,0.5));
#12642 = VECTOR('',#12643,1.);
#12643 = DIRECTION('',(1.,0.,0.));
#12644 = ORIENTED_EDGE('',*,*,#11914,.F.);
#12645 = ORIENTED_EDGE('',*,*,#12646,.F.);
#12646 = EDGE_CURVE('',#12647,#11906,#12649,.T.);
#12647 = VERTEX_POINT('',#12648);
#12648 = CARTESIAN_POINT('',(0.9125,-0.46875,0.5));
#12649 = LINE('',#12650,#12651);
#12650 = CARTESIAN_POINT('',(0.78125,-0.46875,0.5));
#12651 = VECTOR('',#12652,1.);
#12652 = DIRECTION('',(-1.,0.,0.));
#12653 = ORIENTED_EDGE('',*,*,#12654,.F.);
#12654 = EDGE_CURVE('',#11802,#12647,#12655,.T.);
#12655 = LINE('',#12656,#12657);
#12656 = CARTESIAN_POINT('',(0.9125,-0.703125,0.5));
#12657 = VECTOR('',#12658,1.);
#12658 = DIRECTION('',(0.,1.,0.));
#12659 = ORIENTED_EDGE('',*,*,#11809,.T.);
#12660 = ORIENTED_EDGE('',*,*,#12608,.T.);
#12661 = PLANE('',#12662);
#12662 = AXIS2_PLACEMENT_3D('',#12663,#12664,#12665);
#12663 = CARTESIAN_POINT('',(0.65,-0.625,0.5));
#12664 = DIRECTION('',(0.,0.,1.));
#12665 = DIRECTION('',(1.,0.,-0.));
#12666 = ADVANCED_FACE('',(#12667),#12678,.F.);
#12667 = FACE_BOUND('',#12668,.F.);
#12668 = EDGE_LOOP('',(#12669,#12675,#12676,#12677));
#12669 = ORIENTED_EDGE('',*,*,#12670,.F.);
#12670 = EDGE_CURVE('',#12647,#11850,#12671,.T.);
#12671 = LINE('',#12672,#12673);
#12672 = CARTESIAN_POINT('',(0.9125,-0.46875,0.75));
#12673 = VECTOR('',#12674,1.);
#12674 = DIRECTION('',(-0.,-0.,-1.));
#12675 = ORIENTED_EDGE('',*,*,#12654,.F.);
#12676 = ORIENTED_EDGE('',*,*,#11801,.T.);
#12677 = ORIENTED_EDGE('',*,*,#11859,.F.);
#12678 = PLANE('',#12679);
#12679 = AXIS2_PLACEMENT_3D('',#12680,#12681,#12682);
#12680 = CARTESIAN_POINT('',(0.9125,-0.78125,0.75));
#12681 = DIRECTION('',(1.,0.,0.));
#12682 = DIRECTION('',(-0.,1.,0.));
#12683 = ADVANCED_FACE('',(#12684),#12690,.F.);
#12684 = FACE_BOUND('',#12685,.F.);
#12685 = EDGE_LOOP('',(#12686,#12687,#12688,#12689));
#12686 = ORIENTED_EDGE('',*,*,#12646,.F.);
#12687 = ORIENTED_EDGE('',*,*,#12670,.T.);
#12688 = ORIENTED_EDGE('',*,*,#11849,.F.);
#12689 = ORIENTED_EDGE('',*,*,#11905,.T.);
#12690 = PLANE('',#12691);
#12691 = AXIS2_PLACEMENT_3D('',#12692,#12693,#12694);
#12692 = CARTESIAN_POINT('',(0.9125,-0.46875,0.75));
#12693 = DIRECTION('',(0.,1.,0.));
#12694 = DIRECTION('',(-1.,0.,0.));
#12695 = ADVANCED_FACE('',(#12696),#12712,.F.);
#12696 = FACE_BOUND('',#12697,.F.);
#12697 = EDGE_LOOP('',(#12698,#12699,#12705,#12706));
#12698 = ORIENTED_EDGE('',*,*,#12631,.F.);
#12699 = ORIENTED_EDGE('',*,*,#12700,.T.);
#12700 = EDGE_CURVE('',#12632,#11883,#12701,.T.);
#12701 = LINE('',#12702,#12703);
#12702 = CARTESIAN_POINT('',(0.9125,0.46875,0.75));
#12703 = VECTOR('',#12704,1.);
#12704 = DIRECTION('',(-0.,-0.,-1.));
#12705 = ORIENTED_EDGE('',*,*,#11890,.F.);
#12706 = ORIENTED_EDGE('',*,*,#12707,.F.);
#12707 = EDGE_CURVE('',#12624,#11874,#12708,.T.);
#12708 = LINE('',#12709,#12710);
#12709 = CARTESIAN_POINT('',(0.9125,0.625,0.375));
#12710 = VECTOR('',#12711,1.);
#12711 = DIRECTION('',(0.,0.,-1.));
#12712 = PLANE('',#12713);
#12713 = AXIS2_PLACEMENT_3D('',#12714,#12715,#12716);
#12714 = CARTESIAN_POINT('',(0.9125,0.46875,0.75));
#12715 = DIRECTION('',(1.,0.,0.));
#12716 = DIRECTION('',(-0.,1.,0.));
#12717 = ADVANCED_FACE('',(#12718),#12724,.F.);
#12718 = FACE_BOUND('',#12719,.F.);
#12719 = EDGE_LOOP('',(#12720,#12721,#12722,#12723));
#12720 = ORIENTED_EDGE('',*,*,#12700,.F.);
#12721 = ORIENTED_EDGE('',*,*,#12639,.F.);
#12722 = ORIENTED_EDGE('',*,*,#11922,.F.);
#12723 = ORIENTED_EDGE('',*,*,#11882,.F.);
#12724 = PLANE('',#12725);
#12725 = AXIS2_PLACEMENT_3D('',#12726,#12727,#12728);
#12726 = CARTESIAN_POINT('',(-0.9125,0.46875,0.75));
#12727 = DIRECTION('',(0.,-1.,0.));
#12728 = DIRECTION('',(1.,0.,0.));
#12729 = ADVANCED_FACE('',(#12730),#12742,.T.);
#12730 = FACE_BOUND('',#12731,.T.);
#12731 = EDGE_LOOP('',(#12732,#12733,#12734,#12735,#12736,#12737,#12738,
    #12739,#12740,#12741));
#12732 = ORIENTED_EDGE('',*,*,#12110,.F.);
#12733 = ORIENTED_EDGE('',*,*,#12181,.F.);
#12734 = ORIENTED_EDGE('',*,*,#12217,.T.);
#12735 = ORIENTED_EDGE('',*,*,#12241,.T.);
#12736 = ORIENTED_EDGE('',*,*,#12065,.T.);
#12737 = ORIENTED_EDGE('',*,*,#12026,.F.);
#12738 = ORIENTED_EDGE('',*,*,#11953,.F.);
#12739 = ORIENTED_EDGE('',*,*,#11945,.F.);
#12740 = ORIENTED_EDGE('',*,*,#11937,.T.);
#12741 = ORIENTED_EDGE('',*,*,#12312,.F.);
#12742 = PLANE('',#12743);
#12743 = AXIS2_PLACEMENT_3D('',#12744,#12745,#12746);
#12744 = CARTESIAN_POINT('',(-1.,0.625,0.));
#12745 = DIRECTION('',(0.,1.,0.));
#12746 = DIRECTION('',(0.,-0.,1.));
#12747 = ADVANCED_FACE('',(#12748),#12760,.T.);
#12748 = FACE_BOUND('',#12749,.T.);
#12749 = EDGE_LOOP('',(#12750,#12751,#12752,#12753,#12754,#12755,#12756,
    #12757,#12758,#12759));
#12750 = ORIENTED_EDGE('',*,*,#12521,.F.);
#12751 = ORIENTED_EDGE('',*,*,#12344,.F.);
#12752 = ORIENTED_EDGE('',*,*,#11978,.T.);
#12753 = ORIENTED_EDGE('',*,*,#11970,.T.);
#12754 = ORIENTED_EDGE('',*,*,#11962,.F.);
#12755 = ORIENTED_EDGE('',*,*,#12707,.F.);
#12756 = ORIENTED_EDGE('',*,*,#12623,.T.);
#12757 = ORIENTED_EDGE('',*,*,#12599,.F.);
#12758 = ORIENTED_EDGE('',*,*,#12576,.F.);
#12759 = ORIENTED_EDGE('',*,*,#12551,.T.);
#12760 = PLANE('',#12761);
#12761 = AXIS2_PLACEMENT_3D('',#12762,#12763,#12764);
#12762 = CARTESIAN_POINT('',(0.65,0.625,0.));
#12763 = DIRECTION('',(0.,1.,0.));
#12764 = DIRECTION('',(0.,-0.,1.));
#12765 = ADVANCED_FACE('',(#12766),#12771,.T.);
#12766 = FACE_BOUND('',#12767,.T.);
#12767 = EDGE_LOOP('',(#12768,#12769,#12770));
#12768 = ORIENTED_EDGE('',*,*,#12490,.T.);
#12769 = ORIENTED_EDGE('',*,*,#12466,.T.);
#12770 = ORIENTED_EDGE('',*,*,#12507,.T.);
#12771 = PLANE('',#12772);
#12772 = AXIS2_PLACEMENT_3D('',#12773,#12774,#12775);
#12773 = CARTESIAN_POINT('',(0.144337567297,9.251858538543E-18,1.75E-02)
  );
#12774 = DIRECTION('',(-0.,-0.,-1.));
#12775 = DIRECTION('',(-1.,0.,0.));
#12776 = ( GEOMETRIC_REPRESENTATION_CONTEXT(3) 
GLOBAL_UNCERTAINTY_ASSIGNED_CONTEXT((#12780)) 
GLOBAL_UNIT_ASSIGNED_CONTEXT((#12777,#12778,#12779)) 
REPRESENTATION_CONTEXT('Context #1',
  '3D Context with UNIT and UNCERTAINTY') );
#12777 = ( LENGTH_UNIT() NAMED_UNIT(*) SI_UNIT(.MILLI.,.METRE.) );
#12778 = ( NAMED_UNIT(*) PLANE_ANGLE_UNIT() SI_UNIT($,.RADIAN.) );
#12779 = ( NAMED_UNIT(*) SI_UNIT($,.STERADIAN.) SOLID_ANGLE_UNIT() );
#12780 = UNCERTAINTY_MEASURE_WITH_UNIT(LENGTH_MEASURE(1.E-07),#12777,
  'distance_accuracy_value','confusion accuracy');
#12781 = CONTEXT_DEPENDENT_SHAPE_REPRESENTATION(#12782,#12784);
#12782 = ( REPRESENTATION_RELATIONSHIP('','',#11252,#11229) 
REPRESENTATION_RELATIONSHIP_WITH_TRANSFORMATION(#12783) 
SHAPE_REPRESENTATION_RELATIONSHIP() );
#12783 = ITEM_DEFINED_TRANSFORMATION('','',#11,#11230);
#12784 = PRODUCT_DEFINITION_SHAPE('Placement','Placement of an item',
  #12785);
#12785 = NEXT_ASSEMBLY_USAGE_OCCURRENCE('16','=>[0:1:1:13]','',#11224,
  #11247,$);
#12786 = PRODUCT_RELATED_PRODUCT_CATEGORY('part',$,(#11249));
#12787 = CONTEXT_DEPENDENT_SHAPE_REPRESENTATION(#12788,#12790);
#12788 = ( REPRESENTATION_RELATIONSHIP('','',#3335,#10) 
REPRESENTATION_RELATIONSHIP_WITH_TRANSFORMATION(#12789) 
SHAPE_REPRESENTATION_RELATIONSHIP() );
#12789 = ITEM_DEFINED_TRANSFORMATION('','',#11,#59);
#12790 = PRODUCT_DEFINITION_SHAPE('Placement','Placement of an item',
  #12791);
#12791 = NEXT_ASSEMBLY_USAGE_OCCURRENCE('18','R6','',#5,#3330,$);
#12792 = CONTEXT_DEPENDENT_SHAPE_REPRESENTATION(#12793,#12795);
#12793 = ( REPRESENTATION_RELATIONSHIP('','',#11229,#10) 
REPRESENTATION_RELATIONSHIP_WITH_TRANSFORMATION(#12794) 
SHAPE_REPRESENTATION_RELATIONSHIP() );
#12794 = ITEM_DEFINED_TRANSFORMATION('','',#11,#63);
#12795 = PRODUCT_DEFINITION_SHAPE('Placement','Placement of an item',
  #12796);
#12796 = NEXT_ASSEMBLY_USAGE_OCCURRENCE('19','D1','',#5,#11224,$);
#12797 = CONTEXT_DEPENDENT_SHAPE_REPRESENTATION(#12798,#12800);
#12798 = ( REPRESENTATION_RELATIONSHIP('','',#3335,#10) 
REPRESENTATION_RELATIONSHIP_WITH_TRANSFORMATION(#12799) 
SHAPE_REPRESENTATION_RELATIONSHIP() );
#12799 = ITEM_DEFINED_TRANSFORMATION('','',#11,#67);
#12800 = PRODUCT_DEFINITION_SHAPE('Placement','Placement of an item',
  #12801);
#12801 = NEXT_ASSEMBLY_USAGE_OCCURRENCE('20','R4','',#5,#3330,$);
#12802 = SHAPE_DEFINITION_REPRESENTATION(#12803,#12809);
#12803 = PRODUCT_DEFINITION_SHAPE('','',#12804);
#12804 = PRODUCT_DEFINITION('design','',#12805,#12808);
#12805 = PRODUCT_DEFINITION_FORMATION('','',#12806);
#12806 = PRODUCT('techTaco_PCB','techTaco_PCB','',(#12807));
#12807 = PRODUCT_CONTEXT('',#2,'mechanical');
#12808 = PRODUCT_DEFINITION_CONTEXT('part definition',#2,'design');
#12809 = ADVANCED_BREP_SHAPE_REPRESENTATION('',(#11,#12810),#13311);
#12810 = MANIFOLD_SOLID_BREP('',#12811);
#12811 = CLOSED_SHELL('',(#12812,#12852,#12883,#12914,#13030,#13146,
    #13158,#13175,#13192,#13209,#13226,#13243,#13260,#13277,#13294));
#12812 = ADVANCED_FACE('',(#12813),#12847,.T.);
#12813 = FACE_BOUND('',#12814,.T.);
#12814 = EDGE_LOOP('',(#12815,#12825,#12833,#12841));
#12815 = ORIENTED_EDGE('',*,*,#12816,.T.);
#12816 = EDGE_CURVE('',#12817,#12819,#12821,.T.);
#12817 = VERTEX_POINT('',#12818);
#12818 = CARTESIAN_POINT('',(131.25,-106.75,0.));
#12819 = VERTEX_POINT('',#12820);
#12820 = CARTESIAN_POINT('',(131.25,-106.75,1.6));
#12821 = LINE('',#12822,#12823);
#12822 = CARTESIAN_POINT('',(131.25,-106.75,0.));
#12823 = VECTOR('',#12824,1.);
#12824 = DIRECTION('',(0.,0.,1.));
#12825 = ORIENTED_EDGE('',*,*,#12826,.T.);
#12826 = EDGE_CURVE('',#12819,#12827,#12829,.T.);
#12827 = VERTEX_POINT('',#12828);
#12828 = CARTESIAN_POINT('',(100.,-106.75,1.6));
#12829 = LINE('',#12830,#12831);
#12830 = CARTESIAN_POINT('',(131.25,-106.75,1.6));
#12831 = VECTOR('',#12832,1.);
#12832 = DIRECTION('',(-1.,0.,0.));
#12833 = ORIENTED_EDGE('',*,*,#12834,.F.);
#12834 = EDGE_CURVE('',#12835,#12827,#12837,.T.);
#12835 = VERTEX_POINT('',#12836);
#12836 = CARTESIAN_POINT('',(100.,-106.75,0.));
#12837 = LINE('',#12838,#12839);
#12838 = CARTESIAN_POINT('',(100.,-106.75,0.));
#12839 = VECTOR('',#12840,1.);
#12840 = DIRECTION('',(0.,0.,1.));
#12841 = ORIENTED_EDGE('',*,*,#12842,.F.);
#12842 = EDGE_CURVE('',#12817,#12835,#12843,.T.);
#12843 = LINE('',#12844,#12845);
#12844 = CARTESIAN_POINT('',(131.25,-106.75,0.));
#12845 = VECTOR('',#12846,1.);
#12846 = DIRECTION('',(-1.,0.,0.));
#12847 = PLANE('',#12848);
#12848 = AXIS2_PLACEMENT_3D('',#12849,#12850,#12851);
#12849 = CARTESIAN_POINT('',(131.25,-106.75,0.));
#12850 = DIRECTION('',(0.,-1.,0.));
#12851 = DIRECTION('',(-1.,0.,0.));
#12852 = ADVANCED_FACE('',(#12853),#12878,.T.);
#12853 = FACE_BOUND('',#12854,.T.);
#12854 = EDGE_LOOP('',(#12855,#12865,#12871,#12872));
#12855 = ORIENTED_EDGE('',*,*,#12856,.T.);
#12856 = EDGE_CURVE('',#12857,#12859,#12861,.T.);
#12857 = VERTEX_POINT('',#12858);
#12858 = CARTESIAN_POINT('',(131.25,-92.5,0.));
#12859 = VERTEX_POINT('',#12860);
#12860 = CARTESIAN_POINT('',(131.25,-92.5,1.6));
#12861 = LINE('',#12862,#12863);
#12862 = CARTESIAN_POINT('',(131.25,-92.5,0.));
#12863 = VECTOR('',#12864,1.);
#12864 = DIRECTION('',(0.,0.,1.));
#12865 = ORIENTED_EDGE('',*,*,#12866,.T.);
#12866 = EDGE_CURVE('',#12859,#12819,#12867,.T.);
#12867 = LINE('',#12868,#12869);
#12868 = CARTESIAN_POINT('',(131.25,-92.5,1.6));
#12869 = VECTOR('',#12870,1.);
#12870 = DIRECTION('',(0.,-1.,0.));
#12871 = ORIENTED_EDGE('',*,*,#12816,.F.);
#12872 = ORIENTED_EDGE('',*,*,#12873,.F.);
#12873 = EDGE_CURVE('',#12857,#12817,#12874,.T.);
#12874 = LINE('',#12875,#12876);
#12875 = CARTESIAN_POINT('',(131.25,-92.5,0.));
#12876 = VECTOR('',#12877,1.);
#12877 = DIRECTION('',(0.,-1.,0.));
#12878 = PLANE('',#12879);
#12879 = AXIS2_PLACEMENT_3D('',#12880,#12881,#12882);
#12880 = CARTESIAN_POINT('',(131.25,-92.5,0.));
#12881 = DIRECTION('',(1.,0.,-0.));
#12882 = DIRECTION('',(0.,-1.,0.));
#12883 = ADVANCED_FACE('',(#12884),#12909,.T.);
#12884 = FACE_BOUND('',#12885,.T.);
#12885 = EDGE_LOOP('',(#12886,#12887,#12895,#12903));
#12886 = ORIENTED_EDGE('',*,*,#12834,.T.);
#12887 = ORIENTED_EDGE('',*,*,#12888,.T.);
#12888 = EDGE_CURVE('',#12827,#12889,#12891,.T.);
#12889 = VERTEX_POINT('',#12890);
#12890 = CARTESIAN_POINT('',(100.,-92.5,1.6));
#12891 = LINE('',#12892,#12893);
#12892 = CARTESIAN_POINT('',(100.,-106.75,1.6));
#12893 = VECTOR('',#12894,1.);
#12894 = DIRECTION('',(0.,1.,0.));
#12895 = ORIENTED_EDGE('',*,*,#12896,.F.);
#12896 = EDGE_CURVE('',#12897,#12889,#12899,.T.);
#12897 = VERTEX_POINT('',#12898);
#12898 = CARTESIAN_POINT('',(100.,-92.5,0.));
#12899 = LINE('',#12900,#12901);
#12900 = CARTESIAN_POINT('',(100.,-92.5,0.));
#12901 = VECTOR('',#12902,1.);
#12902 = DIRECTION('',(0.,0.,1.));
#12903 = ORIENTED_EDGE('',*,*,#12904,.F.);
#12904 = EDGE_CURVE('',#12835,#12897,#12905,.T.);
#12905 = LINE('',#12906,#12907);
#12906 = CARTESIAN_POINT('',(100.,-106.75,0.));
#12907 = VECTOR('',#12908,1.);
#12908 = DIRECTION('',(0.,1.,0.));
#12909 = PLANE('',#12910);
#12910 = AXIS2_PLACEMENT_3D('',#12911,#12912,#12913);
#12911 = CARTESIAN_POINT('',(100.,-106.75,0.));
#12912 = DIRECTION('',(-1.,0.,0.));
#12913 = DIRECTION('',(0.,1.,0.));
#12914 = ADVANCED_FACE('',(#12915,#12926,#12937,#12948,#12959,#12970,
    #12981,#12992,#13003,#13014),#13025,.F.);
#12915 = FACE_BOUND('',#12916,.F.);
#12916 = EDGE_LOOP('',(#12917,#12918,#12919,#12925));
#12917 = ORIENTED_EDGE('',*,*,#12842,.F.);
#12918 = ORIENTED_EDGE('',*,*,#12873,.F.);
#12919 = ORIENTED_EDGE('',*,*,#12920,.F.);
#12920 = EDGE_CURVE('',#12897,#12857,#12921,.T.);
#12921 = LINE('',#12922,#12923);
#12922 = CARTESIAN_POINT('',(100.,-92.5,0.));
#12923 = VECTOR('',#12924,1.);
#12924 = DIRECTION('',(1.,0.,0.));
#12925 = ORIENTED_EDGE('',*,*,#12904,.F.);
#12926 = FACE_BOUND('',#12927,.F.);
#12927 = EDGE_LOOP('',(#12928));
#12928 = ORIENTED_EDGE('',*,*,#12929,.T.);
#12929 = EDGE_CURVE('',#12930,#12930,#12932,.T.);
#12930 = VERTEX_POINT('',#12931);
#12931 = CARTESIAN_POINT('',(102.,-105.15,0.));
#12932 = CIRCLE('',#12933,0.4);
#12933 = AXIS2_PLACEMENT_3D('',#12934,#12935,#12936);
#12934 = CARTESIAN_POINT('',(102.,-104.75,0.));
#12935 = DIRECTION('',(-0.,0.,-1.));
#12936 = DIRECTION('',(-0.,-1.,0.));
#12937 = FACE_BOUND('',#12938,.F.);
#12938 = EDGE_LOOP('',(#12939));
#12939 = ORIENTED_EDGE('',*,*,#12940,.T.);
#12940 = EDGE_CURVE('',#12941,#12941,#12943,.T.);
#12941 = VERTEX_POINT('',#12942);
#12942 = CARTESIAN_POINT('',(104.54,-105.15,0.));
#12943 = CIRCLE('',#12944,0.4);
#12944 = AXIS2_PLACEMENT_3D('',#12945,#12946,#12947);
#12945 = CARTESIAN_POINT('',(104.54,-104.75,0.));
#12946 = DIRECTION('',(-0.,0.,-1.));
#12947 = DIRECTION('',(3.5527136788E-14,-1.,-0.));
#12948 = FACE_BOUND('',#12949,.F.);
#12949 = EDGE_LOOP('',(#12950));
#12950 = ORIENTED_EDGE('',*,*,#12951,.T.);
#12951 = EDGE_CURVE('',#12952,#12952,#12954,.T.);
#12952 = VERTEX_POINT('',#12953);
#12953 = CARTESIAN_POINT('',(129.75,-103.87,0.));
#12954 = CIRCLE('',#12955,0.5);
#12955 = AXIS2_PLACEMENT_3D('',#12956,#12957,#12958);
#12956 = CARTESIAN_POINT('',(129.75,-103.37,0.));
#12957 = DIRECTION('',(-0.,0.,-1.));
#12958 = DIRECTION('',(-0.,-1.,0.));
#12959 = FACE_BOUND('',#12960,.F.);
#12960 = EDGE_LOOP('',(#12961));
#12961 = ORIENTED_EDGE('',*,*,#12962,.T.);
#12962 = EDGE_CURVE('',#12963,#12963,#12965,.T.);
#12963 = VERTEX_POINT('',#12964);
#12964 = CARTESIAN_POINT('',(129.75,-101.33,0.));
#12965 = CIRCLE('',#12966,0.5);
#12966 = AXIS2_PLACEMENT_3D('',#12967,#12968,#12969);
#12967 = CARTESIAN_POINT('',(129.75,-100.83,0.));
#12968 = DIRECTION('',(-0.,0.,-1.));
#12969 = DIRECTION('',(-0.,-1.,0.));
#12970 = FACE_BOUND('',#12971,.F.);
#12971 = EDGE_LOOP('',(#12972));
#12972 = ORIENTED_EDGE('',*,*,#12973,.T.);
#12973 = EDGE_CURVE('',#12974,#12974,#12976,.T.);
#12974 = VERTEX_POINT('',#12975);
#12975 = CARTESIAN_POINT('',(102.,-95.15,0.));
#12976 = CIRCLE('',#12977,0.4);
#12977 = AXIS2_PLACEMENT_3D('',#12978,#12979,#12980);
#12978 = CARTESIAN_POINT('',(102.,-94.75,0.));
#12979 = DIRECTION('',(-0.,0.,-1.));
#12980 = DIRECTION('',(-0.,-1.,0.));
#12981 = FACE_BOUND('',#12982,.F.);
#12982 = EDGE_LOOP('',(#12983));
#12983 = ORIENTED_EDGE('',*,*,#12984,.T.);
#12984 = EDGE_CURVE('',#12985,#12985,#12987,.T.);
#12985 = VERTEX_POINT('',#12986);
#12986 = CARTESIAN_POINT('',(104.54,-95.15,0.));
#12987 = CIRCLE('',#12988,0.4);
#12988 = AXIS2_PLACEMENT_3D('',#12989,#12990,#12991);
#12989 = CARTESIAN_POINT('',(104.54,-94.75,0.));
#12990 = DIRECTION('',(-0.,0.,-1.));
#12991 = DIRECTION('',(3.5527136788E-14,-1.,-0.));
#12992 = FACE_BOUND('',#12993,.F.);
#12993 = EDGE_LOOP('',(#12994));
#12994 = ORIENTED_EDGE('',*,*,#12995,.T.);
#12995 = EDGE_CURVE('',#12996,#12996,#12998,.T.);
#12996 = VERTEX_POINT('',#12997);
#12997 = CARTESIAN_POINT('',(124.25,-100.85,0.));
#12998 = CIRCLE('',#12999,1.35);
#12999 = AXIS2_PLACEMENT_3D('',#13000,#13001,#13002);
#13000 = CARTESIAN_POINT('',(124.25,-99.5,0.));
#13001 = DIRECTION('',(-0.,0.,-1.));
#13002 = DIRECTION('',(-0.,-1.,0.));
#13003 = FACE_BOUND('',#13004,.F.);
#13004 = EDGE_LOOP('',(#13005));
#13005 = ORIENTED_EDGE('',*,*,#13006,.T.);
#13006 = EDGE_CURVE('',#13007,#13007,#13009,.T.);
#13007 = VERTEX_POINT('',#13008);
#13008 = CARTESIAN_POINT('',(129.75,-98.79,0.));
#13009 = CIRCLE('',#13010,0.5);
#13010 = AXIS2_PLACEMENT_3D('',#13011,#13012,#13013);
#13011 = CARTESIAN_POINT('',(129.75,-98.29,0.));
#13012 = DIRECTION('',(-0.,0.,-1.));
#13013 = DIRECTION('',(-0.,-1.,0.));
#13014 = FACE_BOUND('',#13015,.F.);
#13015 = EDGE_LOOP('',(#13016));
#13016 = ORIENTED_EDGE('',*,*,#13017,.T.);
#13017 = EDGE_CURVE('',#13018,#13018,#13020,.T.);
#13018 = VERTEX_POINT('',#13019);
#13019 = CARTESIAN_POINT('',(129.75,-96.25,0.));
#13020 = CIRCLE('',#13021,0.5);
#13021 = AXIS2_PLACEMENT_3D('',#13022,#13023,#13024);
#13022 = CARTESIAN_POINT('',(129.75,-95.75,0.));
#13023 = DIRECTION('',(-0.,0.,-1.));
#13024 = DIRECTION('',(-0.,-1.,0.));
#13025 = PLANE('',#13026);
#13026 = AXIS2_PLACEMENT_3D('',#13027,#13028,#13029);
#13027 = CARTESIAN_POINT('',(0.,0.,0.));
#13028 = DIRECTION('',(0.,0.,1.));
#13029 = DIRECTION('',(1.,0.,-0.));
#13030 = ADVANCED_FACE('',(#13031,#13042,#13053,#13064,#13075,#13086,
    #13097,#13108,#13119,#13130),#13141,.T.);
#13031 = FACE_BOUND('',#13032,.T.);
#13032 = EDGE_LOOP('',(#13033,#13034,#13035,#13041));
#13033 = ORIENTED_EDGE('',*,*,#12826,.F.);
#13034 = ORIENTED_EDGE('',*,*,#12866,.F.);
#13035 = ORIENTED_EDGE('',*,*,#13036,.F.);
#13036 = EDGE_CURVE('',#12889,#12859,#13037,.T.);
#13037 = LINE('',#13038,#13039);
#13038 = CARTESIAN_POINT('',(100.,-92.5,1.6));
#13039 = VECTOR('',#13040,1.);
#13040 = DIRECTION('',(1.,0.,0.));
#13041 = ORIENTED_EDGE('',*,*,#12888,.F.);
#13042 = FACE_BOUND('',#13043,.T.);
#13043 = EDGE_LOOP('',(#13044));
#13044 = ORIENTED_EDGE('',*,*,#13045,.T.);
#13045 = EDGE_CURVE('',#13046,#13046,#13048,.T.);
#13046 = VERTEX_POINT('',#13047);
#13047 = CARTESIAN_POINT('',(102.,-105.15,1.6));
#13048 = CIRCLE('',#13049,0.4);
#13049 = AXIS2_PLACEMENT_3D('',#13050,#13051,#13052);
#13050 = CARTESIAN_POINT('',(102.,-104.75,1.6));
#13051 = DIRECTION('',(-0.,0.,-1.));
#13052 = DIRECTION('',(-0.,-1.,0.));
#13053 = FACE_BOUND('',#13054,.T.);
#13054 = EDGE_LOOP('',(#13055));
#13055 = ORIENTED_EDGE('',*,*,#13056,.T.);
#13056 = EDGE_CURVE('',#13057,#13057,#13059,.T.);
#13057 = VERTEX_POINT('',#13058);
#13058 = CARTESIAN_POINT('',(104.54,-105.15,1.6));
#13059 = CIRCLE('',#13060,0.4);
#13060 = AXIS2_PLACEMENT_3D('',#13061,#13062,#13063);
#13061 = CARTESIAN_POINT('',(104.54,-104.75,1.6));
#13062 = DIRECTION('',(-0.,0.,-1.));
#13063 = DIRECTION('',(3.5527136788E-14,-1.,-0.));
#13064 = FACE_BOUND('',#13065,.T.);
#13065 = EDGE_LOOP('',(#13066));
#13066 = ORIENTED_EDGE('',*,*,#13067,.T.);
#13067 = EDGE_CURVE('',#13068,#13068,#13070,.T.);
#13068 = VERTEX_POINT('',#13069);
#13069 = CARTESIAN_POINT('',(129.75,-103.87,1.6));
#13070 = CIRCLE('',#13071,0.5);
#13071 = AXIS2_PLACEMENT_3D('',#13072,#13073,#13074);
#13072 = CARTESIAN_POINT('',(129.75,-103.37,1.6));
#13073 = DIRECTION('',(-0.,0.,-1.));
#13074 = DIRECTION('',(-0.,-1.,0.));
#13075 = FACE_BOUND('',#13076,.T.);
#13076 = EDGE_LOOP('',(#13077));
#13077 = ORIENTED_EDGE('',*,*,#13078,.T.);
#13078 = EDGE_CURVE('',#13079,#13079,#13081,.T.);
#13079 = VERTEX_POINT('',#13080);
#13080 = CARTESIAN_POINT('',(129.75,-101.33,1.6));
#13081 = CIRCLE('',#13082,0.5);
#13082 = AXIS2_PLACEMENT_3D('',#13083,#13084,#13085);
#13083 = CARTESIAN_POINT('',(129.75,-100.83,1.6));
#13084 = DIRECTION('',(-0.,0.,-1.));
#13085 = DIRECTION('',(-0.,-1.,0.));
#13086 = FACE_BOUND('',#13087,.T.);
#13087 = EDGE_LOOP('',(#13088));
#13088 = ORIENTED_EDGE('',*,*,#13089,.T.);
#13089 = EDGE_CURVE('',#13090,#13090,#13092,.T.);
#13090 = VERTEX_POINT('',#13091);
#13091 = CARTESIAN_POINT('',(102.,-95.15,1.6));
#13092 = CIRCLE('',#13093,0.4);
#13093 = AXIS2_PLACEMENT_3D('',#13094,#13095,#13096);
#13094 = CARTESIAN_POINT('',(102.,-94.75,1.6));
#13095 = DIRECTION('',(-0.,0.,-1.));
#13096 = DIRECTION('',(-0.,-1.,0.));
#13097 = FACE_BOUND('',#13098,.T.);
#13098 = EDGE_LOOP('',(#13099));
#13099 = ORIENTED_EDGE('',*,*,#13100,.T.);
#13100 = EDGE_CURVE('',#13101,#13101,#13103,.T.);
#13101 = VERTEX_POINT('',#13102);
#13102 = CARTESIAN_POINT('',(104.54,-95.15,1.6));
#13103 = CIRCLE('',#13104,0.4);
#13104 = AXIS2_PLACEMENT_3D('',#13105,#13106,#13107);
#13105 = CARTESIAN_POINT('',(104.54,-94.75,1.6));
#13106 = DIRECTION('',(-0.,0.,-1.));
#13107 = DIRECTION('',(3.5527136788E-14,-1.,-0.));
#13108 = FACE_BOUND('',#13109,.T.);
#13109 = EDGE_LOOP('',(#13110));
#13110 = ORIENTED_EDGE('',*,*,#13111,.T.);
#13111 = EDGE_CURVE('',#13112,#13112,#13114,.T.);
#13112 = VERTEX_POINT('',#13113);
#13113 = CARTESIAN_POINT('',(124.25,-100.85,1.6));
#13114 = CIRCLE('',#13115,1.35);
#13115 = AXIS2_PLACEMENT_3D('',#13116,#13117,#13118);
#13116 = CARTESIAN_POINT('',(124.25,-99.5,1.6));
#13117 = DIRECTION('',(-0.,0.,-1.));
#13118 = DIRECTION('',(-0.,-1.,0.));
#13119 = FACE_BOUND('',#13120,.T.);
#13120 = EDGE_LOOP('',(#13121));
#13121 = ORIENTED_EDGE('',*,*,#13122,.T.);
#13122 = EDGE_CURVE('',#13123,#13123,#13125,.T.);
#13123 = VERTEX_POINT('',#13124);
#13124 = CARTESIAN_POINT('',(129.75,-98.79,1.6));
#13125 = CIRCLE('',#13126,0.5);
#13126 = AXIS2_PLACEMENT_3D('',#13127,#13128,#13129);
#13127 = CARTESIAN_POINT('',(129.75,-98.29,1.6));
#13128 = DIRECTION('',(-0.,0.,-1.));
#13129 = DIRECTION('',(-0.,-1.,0.));
#13130 = FACE_BOUND('',#13131,.T.);
#13131 = EDGE_LOOP('',(#13132));
#13132 = ORIENTED_EDGE('',*,*,#13133,.T.);
#13133 = EDGE_CURVE('',#13134,#13134,#13136,.T.);
#13134 = VERTEX_POINT('',#13135);
#13135 = CARTESIAN_POINT('',(129.75,-96.25,1.6));
#13136 = CIRCLE('',#13137,0.5);
#13137 = AXIS2_PLACEMENT_3D('',#13138,#13139,#13140);
#13138 = CARTESIAN_POINT('',(129.75,-95.75,1.6));
#13139 = DIRECTION('',(-0.,0.,-1.));
#13140 = DIRECTION('',(-0.,-1.,0.));
#13141 = PLANE('',#13142);
#13142 = AXIS2_PLACEMENT_3D('',#13143,#13144,#13145);
#13143 = CARTESIAN_POINT('',(0.,0.,1.6));
#13144 = DIRECTION('',(0.,0.,1.));
#13145 = DIRECTION('',(1.,0.,-0.));
#13146 = ADVANCED_FACE('',(#13147),#13153,.T.);
#13147 = FACE_BOUND('',#13148,.T.);
#13148 = EDGE_LOOP('',(#13149,#13150,#13151,#13152));
#13149 = ORIENTED_EDGE('',*,*,#12896,.T.);
#13150 = ORIENTED_EDGE('',*,*,#13036,.T.);
#13151 = ORIENTED_EDGE('',*,*,#12856,.F.);
#13152 = ORIENTED_EDGE('',*,*,#12920,.F.);
#13153 = PLANE('',#13154);
#13154 = AXIS2_PLACEMENT_3D('',#13155,#13156,#13157);
#13155 = CARTESIAN_POINT('',(100.,-92.5,0.));
#13156 = DIRECTION('',(0.,1.,0.));
#13157 = DIRECTION('',(1.,0.,0.));
#13158 = ADVANCED_FACE('',(#13159),#13170,.F.);
#13159 = FACE_BOUND('',#13160,.T.);
#13160 = EDGE_LOOP('',(#13161,#13162,#13168,#13169));
#13161 = ORIENTED_EDGE('',*,*,#12929,.T.);
#13162 = ORIENTED_EDGE('',*,*,#13163,.T.);
#13163 = EDGE_CURVE('',#12930,#13046,#13164,.T.);
#13164 = LINE('',#13165,#13166);
#13165 = CARTESIAN_POINT('',(102.,-105.15,-4.5E-02));
#13166 = VECTOR('',#13167,1.);
#13167 = DIRECTION('',(0.,0.,1.));
#13168 = ORIENTED_EDGE('',*,*,#13045,.F.);
#13169 = ORIENTED_EDGE('',*,*,#13163,.F.);
#13170 = CYLINDRICAL_SURFACE('',#13171,0.4);
#13171 = AXIS2_PLACEMENT_3D('',#13172,#13173,#13174);
#13172 = CARTESIAN_POINT('',(102.,-104.75,-4.5E-02));
#13173 = DIRECTION('',(-0.,-0.,-1.));
#13174 = DIRECTION('',(-0.,-1.,0.));
#13175 = ADVANCED_FACE('',(#13176),#13187,.F.);
#13176 = FACE_BOUND('',#13177,.T.);
#13177 = EDGE_LOOP('',(#13178,#13179,#13185,#13186));
#13178 = ORIENTED_EDGE('',*,*,#12940,.T.);
#13179 = ORIENTED_EDGE('',*,*,#13180,.T.);
#13180 = EDGE_CURVE('',#12941,#13057,#13181,.T.);
#13181 = LINE('',#13182,#13183);
#13182 = CARTESIAN_POINT('',(104.54,-105.15,-4.5E-02));
#13183 = VECTOR('',#13184,1.);
#13184 = DIRECTION('',(0.,0.,1.));
#13185 = ORIENTED_EDGE('',*,*,#13056,.F.);
#13186 = ORIENTED_EDGE('',*,*,#13180,.F.);
#13187 = CYLINDRICAL_SURFACE('',#13188,0.4);
#13188 = AXIS2_PLACEMENT_3D('',#13189,#13190,#13191);
#13189 = CARTESIAN_POINT('',(104.54,-104.75,-4.5E-02));
#13190 = DIRECTION('',(-0.,0.,-1.));
#13191 = DIRECTION('',(3.5527136788E-14,-1.,-0.));
#13192 = ADVANCED_FACE('',(#13193),#13204,.F.);
#13193 = FACE_BOUND('',#13194,.T.);
#13194 = EDGE_LOOP('',(#13195,#13196,#13202,#13203));
#13195 = ORIENTED_EDGE('',*,*,#12951,.T.);
#13196 = ORIENTED_EDGE('',*,*,#13197,.T.);
#13197 = EDGE_CURVE('',#12952,#13068,#13198,.T.);
#13198 = LINE('',#13199,#13200);
#13199 = CARTESIAN_POINT('',(129.75,-103.87,-4.5E-02));
#13200 = VECTOR('',#13201,1.);
#13201 = DIRECTION('',(0.,0.,1.));
#13202 = ORIENTED_EDGE('',*,*,#13067,.F.);
#13203 = ORIENTED_EDGE('',*,*,#13197,.F.);
#13204 = CYLINDRICAL_SURFACE('',#13205,0.5);
#13205 = AXIS2_PLACEMENT_3D('',#13206,#13207,#13208);
#13206 = CARTESIAN_POINT('',(129.75,-103.37,-4.5E-02));
#13207 = DIRECTION('',(-0.,-0.,-1.));
#13208 = DIRECTION('',(-0.,-1.,0.));
#13209 = ADVANCED_FACE('',(#13210),#13221,.F.);
#13210 = FACE_BOUND('',#13211,.T.);
#13211 = EDGE_LOOP('',(#13212,#13213,#13219,#13220));
#13212 = ORIENTED_EDGE('',*,*,#12962,.T.);
#13213 = ORIENTED_EDGE('',*,*,#13214,.T.);
#13214 = EDGE_CURVE('',#12963,#13079,#13215,.T.);
#13215 = LINE('',#13216,#13217);
#13216 = CARTESIAN_POINT('',(129.75,-101.33,-4.5E-02));
#13217 = VECTOR('',#13218,1.);
#13218 = DIRECTION('',(0.,0.,1.));
#13219 = ORIENTED_EDGE('',*,*,#13078,.F.);
#13220 = ORIENTED_EDGE('',*,*,#13214,.F.);
#13221 = CYLINDRICAL_SURFACE('',#13222,0.5);
#13222 = AXIS2_PLACEMENT_3D('',#13223,#13224,#13225);
#13223 = CARTESIAN_POINT('',(129.75,-100.83,-4.5E-02));
#13224 = DIRECTION('',(-0.,-0.,-1.));
#13225 = DIRECTION('',(-0.,-1.,0.));
#13226 = ADVANCED_FACE('',(#13227),#13238,.F.);
#13227 = FACE_BOUND('',#13228,.T.);
#13228 = EDGE_LOOP('',(#13229,#13230,#13236,#13237));
#13229 = ORIENTED_EDGE('',*,*,#12973,.T.);
#13230 = ORIENTED_EDGE('',*,*,#13231,.T.);
#13231 = EDGE_CURVE('',#12974,#13090,#13232,.T.);
#13232 = LINE('',#13233,#13234);
#13233 = CARTESIAN_POINT('',(102.,-95.15,-4.5E-02));
#13234 = VECTOR('',#13235,1.);
#13235 = DIRECTION('',(0.,0.,1.));
#13236 = ORIENTED_EDGE('',*,*,#13089,.F.);
#13237 = ORIENTED_EDGE('',*,*,#13231,.F.);
#13238 = CYLINDRICAL_SURFACE('',#13239,0.4);
#13239 = AXIS2_PLACEMENT_3D('',#13240,#13241,#13242);
#13240 = CARTESIAN_POINT('',(102.,-94.75,-4.5E-02));
#13241 = DIRECTION('',(-0.,-0.,-1.));
#13242 = DIRECTION('',(-0.,-1.,0.));
#13243 = ADVANCED_FACE('',(#13244),#13255,.F.);
#13244 = FACE_BOUND('',#13245,.T.);
#13245 = EDGE_LOOP('',(#13246,#13247,#13253,#13254));
#13246 = ORIENTED_EDGE('',*,*,#12984,.T.);
#13247 = ORIENTED_EDGE('',*,*,#13248,.T.);
#13248 = EDGE_CURVE('',#12985,#13101,#13249,.T.);
#13249 = LINE('',#13250,#13251);
#13250 = CARTESIAN_POINT('',(104.54,-95.15,-4.5E-02));
#13251 = VECTOR('',#13252,1.);
#13252 = DIRECTION('',(0.,0.,1.));
#13253 = ORIENTED_EDGE('',*,*,#13100,.F.);
#13254 = ORIENTED_EDGE('',*,*,#13248,.F.);
#13255 = CYLINDRICAL_SURFACE('',#13256,0.4);
#13256 = AXIS2_PLACEMENT_3D('',#13257,#13258,#13259);
#13257 = CARTESIAN_POINT('',(104.54,-94.75,-4.5E-02));
#13258 = DIRECTION('',(-0.,0.,-1.));
#13259 = DIRECTION('',(3.5527136788E-14,-1.,-0.));
#13260 = ADVANCED_FACE('',(#13261),#13272,.F.);
#13261 = FACE_BOUND('',#13262,.T.);
#13262 = EDGE_LOOP('',(#13263,#13264,#13270,#13271));
#13263 = ORIENTED_EDGE('',*,*,#12995,.T.);
#13264 = ORIENTED_EDGE('',*,*,#13265,.T.);
#13265 = EDGE_CURVE('',#12996,#13112,#13266,.T.);
#13266 = LINE('',#13267,#13268);
#13267 = CARTESIAN_POINT('',(124.25,-100.85,-4.5E-02));
#13268 = VECTOR('',#13269,1.);
#13269 = DIRECTION('',(0.,0.,1.));
#13270 = ORIENTED_EDGE('',*,*,#13111,.F.);
#13271 = ORIENTED_EDGE('',*,*,#13265,.F.);
#13272 = CYLINDRICAL_SURFACE('',#13273,1.35);
#13273 = AXIS2_PLACEMENT_3D('',#13274,#13275,#13276);
#13274 = CARTESIAN_POINT('',(124.25,-99.5,-4.5E-02));
#13275 = DIRECTION('',(-0.,-0.,-1.));
#13276 = DIRECTION('',(-0.,-1.,0.));
#13277 = ADVANCED_FACE('',(#13278),#13289,.F.);
#13278 = FACE_BOUND('',#13279,.T.);
#13279 = EDGE_LOOP('',(#13280,#13281,#13287,#13288));
#13280 = ORIENTED_EDGE('',*,*,#13006,.T.);
#13281 = ORIENTED_EDGE('',*,*,#13282,.T.);
#13282 = EDGE_CURVE('',#13007,#13123,#13283,.T.);
#13283 = LINE('',#13284,#13285);
#13284 = CARTESIAN_POINT('',(129.75,-98.79,-4.5E-02));
#13285 = VECTOR('',#13286,1.);
#13286 = DIRECTION('',(0.,0.,1.));
#13287 = ORIENTED_EDGE('',*,*,#13122,.F.);
#13288 = ORIENTED_EDGE('',*,*,#13282,.F.);
#13289 = CYLINDRICAL_SURFACE('',#13290,0.5);
#13290 = AXIS2_PLACEMENT_3D('',#13291,#13292,#13293);
#13291 = CARTESIAN_POINT('',(129.75,-98.29,-4.5E-02));
#13292 = DIRECTION('',(-0.,-0.,-1.));
#13293 = DIRECTION('',(-0.,-1.,0.));
#13294 = ADVANCED_FACE('',(#13295),#13306,.F.);
#13295 = FACE_BOUND('',#13296,.T.);
#13296 = EDGE_LOOP('',(#13297,#13298,#13304,#13305));
#13297 = ORIENTED_EDGE('',*,*,#13017,.T.);
#13298 = ORIENTED_EDGE('',*,*,#13299,.T.);
#13299 = EDGE_CURVE('',#13018,#13134,#13300,.T.);
#13300 = LINE('',#13301,#13302);
#13301 = CARTESIAN_POINT('',(129.75,-96.25,-4.5E-02));
#13302 = VECTOR('',#13303,1.);
#13303 = DIRECTION('',(0.,0.,1.));
#13304 = ORIENTED_EDGE('',*,*,#13133,.F.);
#13305 = ORIENTED_EDGE('',*,*,#13299,.F.);
#13306 = CYLINDRICAL_SURFACE('',#13307,0.5);
#13307 = AXIS2_PLACEMENT_3D('',#13308,#13309,#13310);
#13308 = CARTESIAN_POINT('',(129.75,-95.75,-4.5E-02));
#13309 = DIRECTION('',(-0.,-0.,-1.));
#13310 = DIRECTION('',(-0.,-1.,0.));
#13311 = ( GEOMETRIC_REPRESENTATION_CONTEXT(3) 
GLOBAL_UNCERTAINTY_ASSIGNED_CONTEXT((#13315)) 
GLOBAL_UNIT_ASSIGNED_CONTEXT((#13312,#13313,#13314)) 
REPRESENTATION_CONTEXT('Context #1',
  '3D Context with UNIT and UNCERTAINTY') );
#13312 = ( LENGTH_UNIT() NAMED_UNIT(*) SI_UNIT(.MILLI.,.METRE.) );
#13313 = ( NAMED_UNIT(*) PLANE_ANGLE_UNIT() SI_UNIT($,.RADIAN.) );
#13314 = ( NAMED_UNIT(*) SI_UNIT($,.STERADIAN.) SOLID_ANGLE_UNIT() );
#13315 = UNCERTAINTY_MEASURE_WITH_UNIT(LENGTH_MEASURE(1.E-07),#13312,
  'distance_accuracy_value','confusion accuracy');
#13316 = CONTEXT_DEPENDENT_SHAPE_REPRESENTATION(#13317,#13319);
#13317 = ( REPRESENTATION_RELATIONSHIP('','',#12809,#10) 
REPRESENTATION_RELATIONSHIP_WITH_TRANSFORMATION(#13318) 
SHAPE_REPRESENTATION_RELATIONSHIP() );
#13318 = ITEM_DEFINED_TRANSFORMATION('','',#11,#71);
#13319 = PRODUCT_DEFINITION_SHAPE('Placement','Placement of an item',
  #13320);
#13320 = NEXT_ASSEMBLY_USAGE_OCCURRENCE('21','=>[0:1:1:14]','',#5,#12804
  ,$);
#13321 = PRODUCT_RELATED_PRODUCT_CATEGORY('part',$,(#12806));
#13322 = MECHANICAL_DESIGN_GEOMETRIC_PRESENTATION_REPRESENTATION('',(
    #13323),#13311);
#13323 = STYLED_ITEM('color',(#13324),#12810);
#13324 = PRESENTATION_STYLE_ASSIGNMENT((#13325));
#13325 = SURFACE_STYLE_USAGE(.BOTH.,#13326);
#13326 = SURFACE_SIDE_STYLE('',(#13327));
#13327 = SURFACE_STYLE_FILL_AREA(#13328);
#13328 = FILL_AREA_STYLE('',(#13329));
#13329 = FILL_AREA_STYLE_COLOUR('',#13330);
#13330 = COLOUR_RGB('',0.313304153717,0.484529207832,0.410020903123);
#13331 = MECHANICAL_DESIGN_GEOMETRIC_PRESENTATION_REPRESENTATION('',(
    #13332,#13340,#13347,#13354,#13361,#13368,#13375,#13382,#13390,
    #13397,#13404,#13411,#13418,#13425,#13432,#13439,#13446,#13453,
    #13460,#13467,#13474,#13481,#13488,#13495,#13502,#13509,#13516,
    #13523,#13530,#13537,#13544,#13551,#13558,#13565,#13572,#13579,
    #13587,#13594,#13601,#13608,#13615,#13622,#13629,#13636,#13643,
    #13650,#13657,#13664,#13671,#13678),#12776);
#13332 = STYLED_ITEM('color',(#13333),#11255);
#13333 = PRESENTATION_STYLE_ASSIGNMENT((#13334));
#13334 = SURFACE_STYLE_USAGE(.BOTH.,#13335);
#13335 = SURFACE_SIDE_STYLE('',(#13336));
#13336 = SURFACE_STYLE_FILL_AREA(#13337);
#13337 = FILL_AREA_STYLE('',(#13338));
#13338 = FILL_AREA_STYLE_COLOUR('',#13339);
#13339 = COLOUR_RGB('',0.894999966383,0.890999961016,0.813000030345);
#13340 = STYLED_ITEM('color',(#13341),#11295);
#13341 = PRESENTATION_STYLE_ASSIGNMENT((#13342));
#13342 = SURFACE_STYLE_USAGE(.BOTH.,#13343);
#13343 = SURFACE_SIDE_STYLE('',(#13344));
#13344 = SURFACE_STYLE_FILL_AREA(#13345);
#13345 = FILL_AREA_STYLE('',(#13346));
#13346 = FILL_AREA_STYLE_COLOUR('',#13339);
#13347 = STYLED_ITEM('color',(#13348),#11342);
#13348 = PRESENTATION_STYLE_ASSIGNMENT((#13349));
#13349 = SURFACE_STYLE_USAGE(.BOTH.,#13350);
#13350 = SURFACE_SIDE_STYLE('',(#13351));
#13351 = SURFACE_STYLE_FILL_AREA(#13352);
#13352 = FILL_AREA_STYLE('',(#13353));
#13353 = FILL_AREA_STYLE_COLOUR('',#13339);
#13354 = STYLED_ITEM('color',(#13355),#11421);
#13355 = PRESENTATION_STYLE_ASSIGNMENT((#13356));
#13356 = SURFACE_STYLE_USAGE(.BOTH.,#13357);
#13357 = SURFACE_SIDE_STYLE('',(#13358));
#13358 = SURFACE_STYLE_FILL_AREA(#13359);
#13359 = FILL_AREA_STYLE('',(#13360));
#13360 = FILL_AREA_STYLE_COLOUR('',#13339);
#13361 = STYLED_ITEM('color',(#13362),#11445);
#13362 = PRESENTATION_STYLE_ASSIGNMENT((#13363));
#13363 = SURFACE_STYLE_USAGE(.BOTH.,#13364);
#13364 = SURFACE_SIDE_STYLE('',(#13365));
#13365 = SURFACE_STYLE_FILL_AREA(#13366);
#13366 = FILL_AREA_STYLE('',(#13367));
#13367 = FILL_AREA_STYLE_COLOUR('',#13339);
#13368 = STYLED_ITEM('color',(#13369),#11485);
#13369 = PRESENTATION_STYLE_ASSIGNMENT((#13370));
#13370 = SURFACE_STYLE_USAGE(.BOTH.,#13371);
#13371 = SURFACE_SIDE_STYLE('',(#13372));
#13372 = SURFACE_STYLE_FILL_AREA(#13373);
#13373 = FILL_AREA_STYLE('',(#13374));
#13374 = FILL_AREA_STYLE_COLOUR('',#13339);
#13375 = STYLED_ITEM('color',(#13376),#11516);
#13376 = PRESENTATION_STYLE_ASSIGNMENT((#13377));
#13377 = SURFACE_STYLE_USAGE(.BOTH.,#13378);
#13378 = SURFACE_SIDE_STYLE('',(#13379));
#13379 = SURFACE_STYLE_FILL_AREA(#13380);
#13380 = FILL_AREA_STYLE('',(#13381));
#13381 = FILL_AREA_STYLE_COLOUR('',#13339);
#13382 = STYLED_ITEM('color',(#13383),#11533);
#13383 = PRESENTATION_STYLE_ASSIGNMENT((#13384));
#13384 = SURFACE_STYLE_USAGE(.BOTH.,#13385);
#13385 = SURFACE_SIDE_STYLE('',(#13386));
#13386 = SURFACE_STYLE_FILL_AREA(#13387);
#13387 = FILL_AREA_STYLE('',(#13388));
#13388 = FILL_AREA_STYLE_COLOUR('',#13389);
#13389 = COLOUR_RGB('',0.859000020776,0.737999965183,0.495999988746);
#13390 = STYLED_ITEM('color',(#13391),#11566);
#13391 = PRESENTATION_STYLE_ASSIGNMENT((#13392));
#13392 = SURFACE_STYLE_USAGE(.BOTH.,#13393);
#13393 = SURFACE_SIDE_STYLE('',(#13394));
#13394 = SURFACE_STYLE_FILL_AREA(#13395);
#13395 = FILL_AREA_STYLE('',(#13396));
#13396 = FILL_AREA_STYLE_COLOUR('',#13339);
#13397 = STYLED_ITEM('color',(#13398),#11590);
#13398 = PRESENTATION_STYLE_ASSIGNMENT((#13399));
#13399 = SURFACE_STYLE_USAGE(.BOTH.,#13400);
#13400 = SURFACE_SIDE_STYLE('',(#13401));
#13401 = SURFACE_STYLE_FILL_AREA(#13402);
#13402 = FILL_AREA_STYLE('',(#13403));
#13403 = FILL_AREA_STYLE_COLOUR('',#13389);
#13404 = STYLED_ITEM('color',(#13405),#11657);
#13405 = PRESENTATION_STYLE_ASSIGNMENT((#13406));
#13406 = SURFACE_STYLE_USAGE(.BOTH.,#13407);
#13407 = SURFACE_SIDE_STYLE('',(#13408));
#13408 = SURFACE_STYLE_FILL_AREA(#13409);
#13409 = FILL_AREA_STYLE('',(#13410));
#13410 = FILL_AREA_STYLE_COLOUR('',#13339);
#13411 = STYLED_ITEM('color',(#13412),#11778);
#13412 = PRESENTATION_STYLE_ASSIGNMENT((#13413));
#13413 = SURFACE_STYLE_USAGE(.BOTH.,#13414);
#13414 = SURFACE_SIDE_STYLE('',(#13415));
#13415 = SURFACE_STYLE_FILL_AREA(#13416);
#13416 = FILL_AREA_STYLE('',(#13417));
#13417 = FILL_AREA_STYLE_COLOUR('',#13389);
#13418 = STYLED_ITEM('color',(#13419),#11845);
#13419 = PRESENTATION_STYLE_ASSIGNMENT((#13420));
#13420 = SURFACE_STYLE_USAGE(.BOTH.,#13421);
#13421 = SURFACE_SIDE_STYLE('',(#13422));
#13422 = SURFACE_STYLE_FILL_AREA(#13423);
#13423 = FILL_AREA_STYLE('',(#13424));
#13424 = FILL_AREA_STYLE_COLOUR('',#13339);
#13425 = STYLED_ITEM('color',(#13426),#11869);
#13426 = PRESENTATION_STYLE_ASSIGNMENT((#13427));
#13427 = SURFACE_STYLE_USAGE(.BOTH.,#13428);
#13428 = SURFACE_SIDE_STYLE('',(#13429));
#13429 = SURFACE_STYLE_FILL_AREA(#13430);
#13430 = FILL_AREA_STYLE('',(#13431));
#13431 = FILL_AREA_STYLE_COLOUR('',#13339);
#13432 = STYLED_ITEM('color',(#13433),#11900);
#13433 = PRESENTATION_STYLE_ASSIGNMENT((#13434));
#13434 = SURFACE_STYLE_USAGE(.BOTH.,#13435);
#13435 = SURFACE_SIDE_STYLE('',(#13436));
#13436 = SURFACE_STYLE_FILL_AREA(#13437);
#13437 = FILL_AREA_STYLE('',(#13438));
#13438 = FILL_AREA_STYLE_COLOUR('',#13389);
#13439 = STYLED_ITEM('color',(#13440),#11933);
#13440 = PRESENTATION_STYLE_ASSIGNMENT((#13441));
#13441 = SURFACE_STYLE_USAGE(.BOTH.,#13442);
#13442 = SURFACE_SIDE_STYLE('',(#13443));
#13443 = SURFACE_STYLE_FILL_AREA(#13444);
#13444 = FILL_AREA_STYLE('',(#13445));
#13445 = FILL_AREA_STYLE_COLOUR('',#13339);
#13446 = STYLED_ITEM('color',(#13447),#11989);
#13447 = PRESENTATION_STYLE_ASSIGNMENT((#13448));
#13448 = SURFACE_STYLE_USAGE(.BOTH.,#13449);
#13449 = SURFACE_SIDE_STYLE('',(#13450));
#13450 = SURFACE_STYLE_FILL_AREA(#13451);
#13451 = FILL_AREA_STYLE('',(#13452));
#13452 = FILL_AREA_STYLE_COLOUR('',#13389);
#13453 = STYLED_ITEM('color',(#13454),#12013);
#13454 = PRESENTATION_STYLE_ASSIGNMENT((#13455));
#13455 = SURFACE_STYLE_USAGE(.BOTH.,#13456);
#13456 = SURFACE_SIDE_STYLE('',(#13457));
#13457 = SURFACE_STYLE_FILL_AREA(#13458);
#13458 = FILL_AREA_STYLE('',(#13459));
#13459 = FILL_AREA_STYLE_COLOUR('',#13389);
#13460 = STYLED_ITEM('color',(#13461),#12037);
#13461 = PRESENTATION_STYLE_ASSIGNMENT((#13462));
#13462 = SURFACE_STYLE_USAGE(.BOTH.,#13463);
#13463 = SURFACE_SIDE_STYLE('',(#13464));
#13464 = SURFACE_STYLE_FILL_AREA(#13465);
#13465 = FILL_AREA_STYLE('',(#13466));
#13466 = FILL_AREA_STYLE_COLOUR('',#13389);
#13467 = STYLED_ITEM('color',(#13468),#12061);
#13468 = PRESENTATION_STYLE_ASSIGNMENT((#13469));
#13469 = SURFACE_STYLE_USAGE(.BOTH.,#13470);
#13470 = SURFACE_SIDE_STYLE('',(#13471));
#13471 = SURFACE_STYLE_FILL_AREA(#13472);
#13472 = FILL_AREA_STYLE('',(#13473));
#13473 = FILL_AREA_STYLE_COLOUR('',#13389);
#13474 = STYLED_ITEM('color',(#13475),#12094);
#13475 = PRESENTATION_STYLE_ASSIGNMENT((#13476));
#13476 = SURFACE_STYLE_USAGE(.BOTH.,#13477);
#13477 = SURFACE_SIDE_STYLE('',(#13478));
#13478 = SURFACE_STYLE_FILL_AREA(#13479);
#13479 = FILL_AREA_STYLE('',(#13480));
#13480 = FILL_AREA_STYLE_COLOUR('',#13389);
#13481 = STYLED_ITEM('color',(#13482),#12106);
#13482 = PRESENTATION_STYLE_ASSIGNMENT((#13483));
#13483 = SURFACE_STYLE_USAGE(.BOTH.,#13484);
#13484 = SURFACE_SIDE_STYLE('',(#13485));
#13485 = SURFACE_STYLE_FILL_AREA(#13486);
#13486 = FILL_AREA_STYLE('',(#13487));
#13487 = FILL_AREA_STYLE_COLOUR('',#13389);
#13488 = STYLED_ITEM('color',(#13489),#12169);
#13489 = PRESENTATION_STYLE_ASSIGNMENT((#13490));
#13490 = SURFACE_STYLE_USAGE(.BOTH.,#13491);
#13491 = SURFACE_SIDE_STYLE('',(#13492));
#13492 = SURFACE_STYLE_FILL_AREA(#13493);
#13493 = FILL_AREA_STYLE('',(#13494));
#13494 = FILL_AREA_STYLE_COLOUR('',#13389);
#13495 = STYLED_ITEM('color',(#13496),#12194);
#13496 = PRESENTATION_STYLE_ASSIGNMENT((#13497));
#13497 = SURFACE_STYLE_USAGE(.BOTH.,#13498);
#13498 = SURFACE_SIDE_STYLE('',(#13499));
#13499 = SURFACE_STYLE_FILL_AREA(#13500);
#13500 = FILL_AREA_STYLE('',(#13501));
#13501 = FILL_AREA_STYLE_COLOUR('',#13389);
#13502 = STYLED_ITEM('color',(#13503),#12211);
#13503 = PRESENTATION_STYLE_ASSIGNMENT((#13504));
#13504 = SURFACE_STYLE_USAGE(.BOTH.,#13505);
#13505 = SURFACE_SIDE_STYLE('',(#13506));
#13506 = SURFACE_STYLE_FILL_AREA(#13507);
#13507 = FILL_AREA_STYLE('',(#13508));
#13508 = FILL_AREA_STYLE_COLOUR('',#13389);
#13509 = STYLED_ITEM('color',(#13510),#12235);
#13510 = PRESENTATION_STYLE_ASSIGNMENT((#13511));
#13511 = SURFACE_STYLE_USAGE(.BOTH.,#13512);
#13512 = SURFACE_SIDE_STYLE('',(#13513));
#13513 = SURFACE_STYLE_FILL_AREA(#13514);
#13514 = FILL_AREA_STYLE('',(#13515));
#13515 = FILL_AREA_STYLE_COLOUR('',#13389);
#13516 = STYLED_ITEM('color',(#13517),#12253);
#13517 = PRESENTATION_STYLE_ASSIGNMENT((#13518));
#13518 = SURFACE_STYLE_USAGE(.BOTH.,#13519);
#13519 = SURFACE_SIDE_STYLE('',(#13520));
#13520 = SURFACE_STYLE_FILL_AREA(#13521);
#13521 = FILL_AREA_STYLE('',(#13522));
#13522 = FILL_AREA_STYLE_COLOUR('',#13389);
#13523 = STYLED_ITEM('color',(#13524),#12271);
#13524 = PRESENTATION_STYLE_ASSIGNMENT((#13525));
#13525 = SURFACE_STYLE_USAGE(.BOTH.,#13526);
#13526 = SURFACE_SIDE_STYLE('',(#13527));
#13527 = SURFACE_STYLE_FILL_AREA(#13528);
#13528 = FILL_AREA_STYLE('',(#13529));
#13529 = FILL_AREA_STYLE_COLOUR('',#13389);
#13530 = STYLED_ITEM('color',(#13531),#12289);
#13531 = PRESENTATION_STYLE_ASSIGNMENT((#13532));
#13532 = SURFACE_STYLE_USAGE(.BOTH.,#13533);
#13533 = SURFACE_SIDE_STYLE('',(#13534));
#13534 = SURFACE_STYLE_FILL_AREA(#13535);
#13535 = FILL_AREA_STYLE('',(#13536));
#13536 = FILL_AREA_STYLE_COLOUR('',#13389);
#13537 = STYLED_ITEM('color',(#13538),#12306);
#13538 = PRESENTATION_STYLE_ASSIGNMENT((#13539));
#13539 = SURFACE_STYLE_USAGE(.BOTH.,#13540);
#13540 = SURFACE_SIDE_STYLE('',(#13541));
#13541 = SURFACE_STYLE_FILL_AREA(#13542);
#13542 = FILL_AREA_STYLE('',(#13543));
#13543 = FILL_AREA_STYLE_COLOUR('',#13389);
#13544 = STYLED_ITEM('color',(#13545),#12323);
#13545 = PRESENTATION_STYLE_ASSIGNMENT((#13546));
#13546 = SURFACE_STYLE_USAGE(.BOTH.,#13547);
#13547 = SURFACE_SIDE_STYLE('',(#13548));
#13548 = SURFACE_STYLE_FILL_AREA(#13549);
#13549 = FILL_AREA_STYLE('',(#13550));
#13550 = FILL_AREA_STYLE_COLOUR('',#13389);
#13551 = STYLED_ITEM('color',(#13552),#12354);
#13552 = PRESENTATION_STYLE_ASSIGNMENT((#13553));
#13553 = SURFACE_STYLE_USAGE(.BOTH.,#13554);
#13554 = SURFACE_SIDE_STYLE('',(#13555));
#13555 = SURFACE_STYLE_FILL_AREA(#13556);
#13556 = FILL_AREA_STYLE('',(#13557));
#13557 = FILL_AREA_STYLE_COLOUR('',#13389);
#13558 = STYLED_ITEM('color',(#13559),#12379);
#13559 = PRESENTATION_STYLE_ASSIGNMENT((#13560));
#13560 = SURFACE_STYLE_USAGE(.BOTH.,#13561);
#13561 = SURFACE_SIDE_STYLE('',(#13562));
#13562 = SURFACE_STYLE_FILL_AREA(#13563);
#13563 = FILL_AREA_STYLE('',(#13564));
#13564 = FILL_AREA_STYLE_COLOUR('',#13389);
#13565 = STYLED_ITEM('color',(#13566),#12404);
#13566 = PRESENTATION_STYLE_ASSIGNMENT((#13567));
#13567 = SURFACE_STYLE_USAGE(.BOTH.,#13568);
#13568 = SURFACE_SIDE_STYLE('',(#13569));
#13569 = SURFACE_STYLE_FILL_AREA(#13570);
#13570 = FILL_AREA_STYLE('',(#13571));
#13571 = FILL_AREA_STYLE_COLOUR('',#13389);
#13572 = STYLED_ITEM('color',(#13573),#12428);
#13573 = PRESENTATION_STYLE_ASSIGNMENT((#13574));
#13574 = SURFACE_STYLE_USAGE(.BOTH.,#13575);
#13575 = SURFACE_SIDE_STYLE('',(#13576));
#13576 = SURFACE_STYLE_FILL_AREA(#13577);
#13577 = FILL_AREA_STYLE('',(#13578));
#13578 = FILL_AREA_STYLE_COLOUR('',#13389);
#13579 = STYLED_ITEM('color',(#13580),#12445);
#13580 = PRESENTATION_STYLE_ASSIGNMENT((#13581));
#13581 = SURFACE_STYLE_USAGE(.BOTH.,#13582);
#13582 = SURFACE_SIDE_STYLE('',(#13583));
#13583 = SURFACE_STYLE_FILL_AREA(#13584);
#13584 = FILL_AREA_STYLE('',(#13585));
#13585 = FILL_AREA_STYLE_COLOUR('',#13586);
#13586 = COLOUR_RGB('',0.340000006699,0.68000001254,0.444999988852);
#13587 = STYLED_ITEM('color',(#13588),#12476);
#13588 = PRESENTATION_STYLE_ASSIGNMENT((#13589));
#13589 = SURFACE_STYLE_USAGE(.BOTH.,#13590);
#13590 = SURFACE_SIDE_STYLE('',(#13591));
#13591 = SURFACE_STYLE_FILL_AREA(#13592);
#13592 = FILL_AREA_STYLE('',(#13593));
#13593 = FILL_AREA_STYLE_COLOUR('',#13586);
#13594 = STYLED_ITEM('color',(#13595),#12500);
#13595 = PRESENTATION_STYLE_ASSIGNMENT((#13596));
#13596 = SURFACE_STYLE_USAGE(.BOTH.,#13597);
#13597 = SURFACE_SIDE_STYLE('',(#13598));
#13598 = SURFACE_STYLE_FILL_AREA(#13599);
#13599 = FILL_AREA_STYLE('',(#13600));
#13600 = FILL_AREA_STYLE_COLOUR('',#13586);
#13601 = STYLED_ITEM('color',(#13602),#12517);
#13602 = PRESENTATION_STYLE_ASSIGNMENT((#13603));
#13603 = SURFACE_STYLE_USAGE(.BOTH.,#13604);
#13604 = SURFACE_SIDE_STYLE('',(#13605));
#13605 = SURFACE_STYLE_FILL_AREA(#13606);
#13606 = FILL_AREA_STYLE('',(#13607));
#13607 = FILL_AREA_STYLE_COLOUR('',#13389);
#13608 = STYLED_ITEM('color',(#13609),#12545);
#13609 = PRESENTATION_STYLE_ASSIGNMENT((#13610));
#13610 = SURFACE_STYLE_USAGE(.BOTH.,#13611);
#13611 = SURFACE_SIDE_STYLE('',(#13612));
#13612 = SURFACE_STYLE_FILL_AREA(#13613);
#13613 = FILL_AREA_STYLE('',(#13614));
#13614 = FILL_AREA_STYLE_COLOUR('',#13389);
#13615 = STYLED_ITEM('color',(#13616),#12570);
#13616 = PRESENTATION_STYLE_ASSIGNMENT((#13617));
#13617 = SURFACE_STYLE_USAGE(.BOTH.,#13618);
#13618 = SURFACE_SIDE_STYLE('',(#13619));
#13619 = SURFACE_STYLE_FILL_AREA(#13620);
#13620 = FILL_AREA_STYLE('',(#13621));
#13621 = FILL_AREA_STYLE_COLOUR('',#13389);
#13622 = STYLED_ITEM('color',(#13623),#12594);
#13623 = PRESENTATION_STYLE_ASSIGNMENT((#13624));
#13624 = SURFACE_STYLE_USAGE(.BOTH.,#13625);
#13625 = SURFACE_SIDE_STYLE('',(#13626));
#13626 = SURFACE_STYLE_FILL_AREA(#13627);
#13627 = FILL_AREA_STYLE('',(#13628));
#13628 = FILL_AREA_STYLE_COLOUR('',#13389);
#13629 = STYLED_ITEM('color',(#13630),#12619);
#13630 = PRESENTATION_STYLE_ASSIGNMENT((#13631));
#13631 = SURFACE_STYLE_USAGE(.BOTH.,#13632);
#13632 = SURFACE_SIDE_STYLE('',(#13633));
#13633 = SURFACE_STYLE_FILL_AREA(#13634);
#13634 = FILL_AREA_STYLE('',(#13635));
#13635 = FILL_AREA_STYLE_COLOUR('',#13389);
#13636 = STYLED_ITEM('color',(#13637),#12666);
#13637 = PRESENTATION_STYLE_ASSIGNMENT((#13638));
#13638 = SURFACE_STYLE_USAGE(.BOTH.,#13639);
#13639 = SURFACE_SIDE_STYLE('',(#13640));
#13640 = SURFACE_STYLE_FILL_AREA(#13641);
#13641 = FILL_AREA_STYLE('',(#13642));
#13642 = FILL_AREA_STYLE_COLOUR('',#13389);
#13643 = STYLED_ITEM('color',(#13644),#12683);
#13644 = PRESENTATION_STYLE_ASSIGNMENT((#13645));
#13645 = SURFACE_STYLE_USAGE(.BOTH.,#13646);
#13646 = SURFACE_SIDE_STYLE('',(#13647));
#13647 = SURFACE_STYLE_FILL_AREA(#13648);
#13648 = FILL_AREA_STYLE('',(#13649));
#13649 = FILL_AREA_STYLE_COLOUR('',#13389);
#13650 = STYLED_ITEM('color',(#13651),#12695);
#13651 = PRESENTATION_STYLE_ASSIGNMENT((#13652));
#13652 = SURFACE_STYLE_USAGE(.BOTH.,#13653);
#13653 = SURFACE_SIDE_STYLE('',(#13654));
#13654 = SURFACE_STYLE_FILL_AREA(#13655);
#13655 = FILL_AREA_STYLE('',(#13656));
#13656 = FILL_AREA_STYLE_COLOUR('',#13389);
#13657 = STYLED_ITEM('color',(#13658),#12717);
#13658 = PRESENTATION_STYLE_ASSIGNMENT((#13659));
#13659 = SURFACE_STYLE_USAGE(.BOTH.,#13660);
#13660 = SURFACE_SIDE_STYLE('',(#13661));
#13661 = SURFACE_STYLE_FILL_AREA(#13662);
#13662 = FILL_AREA_STYLE('',(#13663));
#13663 = FILL_AREA_STYLE_COLOUR('',#13389);
#13664 = STYLED_ITEM('color',(#13665),#12729);
#13665 = PRESENTATION_STYLE_ASSIGNMENT((#13666));
#13666 = SURFACE_STYLE_USAGE(.BOTH.,#13667);
#13667 = SURFACE_SIDE_STYLE('',(#13668));
#13668 = SURFACE_STYLE_FILL_AREA(#13669);
#13669 = FILL_AREA_STYLE('',(#13670));
#13670 = FILL_AREA_STYLE_COLOUR('',#13389);
#13671 = STYLED_ITEM('color',(#13672),#12747);
#13672 = PRESENTATION_STYLE_ASSIGNMENT((#13673));
#13673 = SURFACE_STYLE_USAGE(.BOTH.,#13674);
#13674 = SURFACE_SIDE_STYLE('',(#13675));
#13675 = SURFACE_STYLE_FILL_AREA(#13676);
#13676 = FILL_AREA_STYLE('',(#13677));
#13677 = FILL_AREA_STYLE_COLOUR('',#13389);
#13678 = STYLED_ITEM('color',(#13679),#12765);
#13679 = PRESENTATION_STYLE_ASSIGNMENT((#13680));
#13680 = SURFACE_STYLE_USAGE(.BOTH.,#13681);
#13681 = SURFACE_SIDE_STYLE('',(#13682));
#13682 = SURFACE_STYLE_FILL_AREA(#13683);
#13683 = FILL_AREA_STYLE('',(#13684));
#13684 = FILL_AREA_STYLE_COLOUR('',#13586);
#13685 = MECHANICAL_DESIGN_GEOMETRIC_PRESENTATION_REPRESENTATION('',(
    #13686,#13694,#13701,#13708,#13715,#13722,#13730,#13737,#13744,
    #13751,#13758,#13765,#13772,#13779,#13786,#13793,#13800,#13807,
    #13814,#13821,#13828,#13835,#13842,#13849,#13856,#13863,#13870,
    #13877,#13884,#13891,#13898,#13905,#13912,#13919,#13926,#13933,
    #13940,#13947,#13954,#13961,#13968,#13975,#13982,#13989,#13996,
    #14003,#14010,#14017,#14024,#14031,#14038,#14045,#14052,#14059,
    #14066,#14073,#14080,#14087,#14094,#14101,#14108,#14115,#14122,
    #14129,#14136,#14143,#14150,#14157,#14164,#14171,#14178,#14185,
    #14192,#14199,#14206,#14213,#14220,#14227,#14234,#14241,#14248,
    #14255,#14262,#14269,#14276,#14283,#14290,#14297,#14304,#14311,
    #14318,#14325,#14332,#14339,#14346,#14353,#14360,#14367,#14374,
    #14382,#14389,#14396,#14403,#14410,#14417,#14424,#14431,#14438,
    #14445,#14452,#14459,#14466,#14473,#14480,#14487,#14494,#14501,
    #14508,#14515,#14522,#14529,#14536,#14543,#14550,#14557,#14564,
    #14571,#14578,#14585,#14592,#14599,#14606,#14613,#14620,#14627,
    #14634,#14641,#14648,#14655,#14662,#14669,#14676,#14683,#14690,
    #14697,#14704,#14711,#14718,#14725,#14732,#14739,#14746,#14753,
    #14760,#14767,#14774),#11201);
#13686 = STYLED_ITEM('color',(#13687),#6596);
#13687 = PRESENTATION_STYLE_ASSIGNMENT((#13688));
#13688 = SURFACE_STYLE_USAGE(.BOTH.,#13689);
#13689 = SURFACE_SIDE_STYLE('',(#13690));
#13690 = SURFACE_STYLE_FILL_AREA(#13691);
#13691 = FILL_AREA_STYLE('',(#13692));
#13692 = FILL_AREA_STYLE_COLOUR('',#13693);
#13693 = COLOUR_RGB('',0.823529417451,0.819607860991,0.780392170416);
#13694 = STYLED_ITEM('color',(#13695),#6638);
#13695 = PRESENTATION_STYLE_ASSIGNMENT((#13696));
#13696 = SURFACE_STYLE_USAGE(.BOTH.,#13697);
#13697 = SURFACE_SIDE_STYLE('',(#13698));
#13698 = SURFACE_STYLE_FILL_AREA(#13699);
#13699 = FILL_AREA_STYLE('',(#13700));
#13700 = FILL_AREA_STYLE_COLOUR('',#13693);
#13701 = STYLED_ITEM('color',(#13702),#6669);
#13702 = PRESENTATION_STYLE_ASSIGNMENT((#13703));
#13703 = SURFACE_STYLE_USAGE(.BOTH.,#13704);
#13704 = SURFACE_SIDE_STYLE('',(#13705));
#13705 = SURFACE_STYLE_FILL_AREA(#13706);
#13706 = FILL_AREA_STYLE('',(#13707));
#13707 = FILL_AREA_STYLE_COLOUR('',#13693);
#13708 = STYLED_ITEM('color',(#13709),#6700);
#13709 = PRESENTATION_STYLE_ASSIGNMENT((#13710));
#13710 = SURFACE_STYLE_USAGE(.BOTH.,#13711);
#13711 = SURFACE_SIDE_STYLE('',(#13712));
#13712 = SURFACE_STYLE_FILL_AREA(#13713);
#13713 = FILL_AREA_STYLE('',(#13714));
#13714 = FILL_AREA_STYLE_COLOUR('',#13693);
#13715 = STYLED_ITEM('color',(#13716),#6784);
#13716 = PRESENTATION_STYLE_ASSIGNMENT((#13717));
#13717 = SURFACE_STYLE_USAGE(.BOTH.,#13718);
#13718 = SURFACE_SIDE_STYLE('',(#13719));
#13719 = SURFACE_STYLE_FILL_AREA(#13720);
#13720 = FILL_AREA_STYLE('',(#13721));
#13721 = FILL_AREA_STYLE_COLOUR('',#13693);
#13722 = STYLED_ITEM('color',(#13723),#6868);
#13723 = PRESENTATION_STYLE_ASSIGNMENT((#13724));
#13724 = SURFACE_STYLE_USAGE(.BOTH.,#13725);
#13725 = SURFACE_SIDE_STYLE('',(#13726));
#13726 = SURFACE_STYLE_FILL_AREA(#13727);
#13727 = FILL_AREA_STYLE('',(#13728));
#13728 = FILL_AREA_STYLE_COLOUR('',#13729);
#13729 = COLOUR_RGB('',0.145098047169,0.14117647753,0.14117647753);
#13730 = STYLED_ITEM('color',(#13731),#6961);
#13731 = PRESENTATION_STYLE_ASSIGNMENT((#13732));
#13732 = SURFACE_STYLE_USAGE(.BOTH.,#13733);
#13733 = SURFACE_SIDE_STYLE('',(#13734));
#13734 = SURFACE_STYLE_FILL_AREA(#13735);
#13735 = FILL_AREA_STYLE('',(#13736));
#13736 = FILL_AREA_STYLE_COLOUR('',#13693);
#13737 = STYLED_ITEM('color',(#13738),#6978);
#13738 = PRESENTATION_STYLE_ASSIGNMENT((#13739));
#13739 = SURFACE_STYLE_USAGE(.BOTH.,#13740);
#13740 = SURFACE_SIDE_STYLE('',(#13741));
#13741 = SURFACE_STYLE_FILL_AREA(#13742);
#13742 = FILL_AREA_STYLE('',(#13743));
#13743 = FILL_AREA_STYLE_COLOUR('',#13729);
#13744 = STYLED_ITEM('color',(#13745),#7001);
#13745 = PRESENTATION_STYLE_ASSIGNMENT((#13746));
#13746 = SURFACE_STYLE_USAGE(.BOTH.,#13747);
#13747 = SURFACE_SIDE_STYLE('',(#13748));
#13748 = SURFACE_STYLE_FILL_AREA(#13749);
#13749 = FILL_AREA_STYLE('',(#13750));
#13750 = FILL_AREA_STYLE_COLOUR('',#13693);
#13751 = STYLED_ITEM('color',(#13752),#7039);
#13752 = PRESENTATION_STYLE_ASSIGNMENT((#13753));
#13753 = SURFACE_STYLE_USAGE(.BOTH.,#13754);
#13754 = SURFACE_SIDE_STYLE('',(#13755));
#13755 = SURFACE_STYLE_FILL_AREA(#13756);
#13756 = FILL_AREA_STYLE('',(#13757));
#13757 = FILL_AREA_STYLE_COLOUR('',#13693);
#13758 = STYLED_ITEM('color',(#13759),#7056);
#13759 = PRESENTATION_STYLE_ASSIGNMENT((#13760));
#13760 = SURFACE_STYLE_USAGE(.BOTH.,#13761);
#13761 = SURFACE_SIDE_STYLE('',(#13762));
#13762 = SURFACE_STYLE_FILL_AREA(#13763);
#13763 = FILL_AREA_STYLE('',(#13764));
#13764 = FILL_AREA_STYLE_COLOUR('',#13693);
#13765 = STYLED_ITEM('color',(#13766),#7073);
#13766 = PRESENTATION_STYLE_ASSIGNMENT((#13767));
#13767 = SURFACE_STYLE_USAGE(.BOTH.,#13768);
#13768 = SURFACE_SIDE_STYLE('',(#13769));
#13769 = SURFACE_STYLE_FILL_AREA(#13770);
#13770 = FILL_AREA_STYLE('',(#13771));
#13771 = FILL_AREA_STYLE_COLOUR('',#13693);
#13772 = STYLED_ITEM('color',(#13773),#7090);
#13773 = PRESENTATION_STYLE_ASSIGNMENT((#13774));
#13774 = SURFACE_STYLE_USAGE(.BOTH.,#13775);
#13775 = SURFACE_SIDE_STYLE('',(#13776));
#13776 = SURFACE_STYLE_FILL_AREA(#13777);
#13777 = FILL_AREA_STYLE('',(#13778));
#13778 = FILL_AREA_STYLE_COLOUR('',#13693);
#13779 = STYLED_ITEM('color',(#13780),#7107);
#13780 = PRESENTATION_STYLE_ASSIGNMENT((#13781));
#13781 = SURFACE_STYLE_USAGE(.BOTH.,#13782);
#13782 = SURFACE_SIDE_STYLE('',(#13783));
#13783 = SURFACE_STYLE_FILL_AREA(#13784);
#13784 = FILL_AREA_STYLE('',(#13785));
#13785 = FILL_AREA_STYLE_COLOUR('',#13693);
#13786 = STYLED_ITEM('color',(#13787),#7124);
#13787 = PRESENTATION_STYLE_ASSIGNMENT((#13788));
#13788 = SURFACE_STYLE_USAGE(.BOTH.,#13789);
#13789 = SURFACE_SIDE_STYLE('',(#13790));
#13790 = SURFACE_STYLE_FILL_AREA(#13791);
#13791 = FILL_AREA_STYLE('',(#13792));
#13792 = FILL_AREA_STYLE_COLOUR('',#13693);
#13793 = STYLED_ITEM('color',(#13794),#7136);
#13794 = PRESENTATION_STYLE_ASSIGNMENT((#13795));
#13795 = SURFACE_STYLE_USAGE(.BOTH.,#13796);
#13796 = SURFACE_SIDE_STYLE('',(#13797));
#13797 = SURFACE_STYLE_FILL_AREA(#13798);
#13798 = FILL_AREA_STYLE('',(#13799));
#13799 = FILL_AREA_STYLE_COLOUR('',#13729);
#13800 = STYLED_ITEM('color',(#13801),#7160);
#13801 = PRESENTATION_STYLE_ASSIGNMENT((#13802));
#13802 = SURFACE_STYLE_USAGE(.BOTH.,#13803);
#13803 = SURFACE_SIDE_STYLE('',(#13804));
#13804 = SURFACE_STYLE_FILL_AREA(#13805);
#13805 = FILL_AREA_STYLE('',(#13806));
#13806 = FILL_AREA_STYLE_COLOUR('',#13729);
#13807 = STYLED_ITEM('color',(#13808),#7223);
#13808 = PRESENTATION_STYLE_ASSIGNMENT((#13809));
#13809 = SURFACE_STYLE_USAGE(.BOTH.,#13810);
#13810 = SURFACE_SIDE_STYLE('',(#13811));
#13811 = SURFACE_STYLE_FILL_AREA(#13812);
#13812 = FILL_AREA_STYLE('',(#13813));
#13813 = FILL_AREA_STYLE_COLOUR('',#13729);
#13814 = STYLED_ITEM('color',(#13815),#7246);
#13815 = PRESENTATION_STYLE_ASSIGNMENT((#13816));
#13816 = SURFACE_STYLE_USAGE(.BOTH.,#13817);
#13817 = SURFACE_SIDE_STYLE('',(#13818));
#13818 = SURFACE_STYLE_FILL_AREA(#13819);
#13819 = FILL_AREA_STYLE('',(#13820));
#13820 = FILL_AREA_STYLE_COLOUR('',#13729);
#13821 = STYLED_ITEM('color',(#13822),#7269);
#13822 = PRESENTATION_STYLE_ASSIGNMENT((#13823));
#13823 = SURFACE_STYLE_USAGE(.BOTH.,#13824);
#13824 = SURFACE_SIDE_STYLE('',(#13825));
#13825 = SURFACE_STYLE_FILL_AREA(#13826);
#13826 = FILL_AREA_STYLE('',(#13827));
#13827 = FILL_AREA_STYLE_COLOUR('',#13729);
#13828 = STYLED_ITEM('color',(#13829),#7299);
#13829 = PRESENTATION_STYLE_ASSIGNMENT((#13830));
#13830 = SURFACE_STYLE_USAGE(.BOTH.,#13831);
#13831 = SURFACE_SIDE_STYLE('',(#13832));
#13832 = SURFACE_STYLE_FILL_AREA(#13833);
#13833 = FILL_AREA_STYLE('',(#13834));
#13834 = FILL_AREA_STYLE_COLOUR('',#13693);
#13835 = STYLED_ITEM('color',(#13836),#7330);
#13836 = PRESENTATION_STYLE_ASSIGNMENT((#13837));
#13837 = SURFACE_STYLE_USAGE(.BOTH.,#13838);
#13838 = SURFACE_SIDE_STYLE('',(#13839));
#13839 = SURFACE_STYLE_FILL_AREA(#13840);
#13840 = FILL_AREA_STYLE('',(#13841));
#13841 = FILL_AREA_STYLE_COLOUR('',#13729);
#13842 = STYLED_ITEM('color',(#13843),#7361);
#13843 = PRESENTATION_STYLE_ASSIGNMENT((#13844));
#13844 = SURFACE_STYLE_USAGE(.BOTH.,#13845);
#13845 = SURFACE_SIDE_STYLE('',(#13846));
#13846 = SURFACE_STYLE_FILL_AREA(#13847);
#13847 = FILL_AREA_STYLE('',(#13848));
#13848 = FILL_AREA_STYLE_COLOUR('',#13693);
#13849 = STYLED_ITEM('color',(#13850),#7392);
#13850 = PRESENTATION_STYLE_ASSIGNMENT((#13851));
#13851 = SURFACE_STYLE_USAGE(.BOTH.,#13852);
#13852 = SURFACE_SIDE_STYLE('',(#13853));
#13853 = SURFACE_STYLE_FILL_AREA(#13854);
#13854 = FILL_AREA_STYLE('',(#13855));
#13855 = FILL_AREA_STYLE_COLOUR('',#13693);
#13856 = STYLED_ITEM('color',(#13857),#7423);
#13857 = PRESENTATION_STYLE_ASSIGNMENT((#13858));
#13858 = SURFACE_STYLE_USAGE(.BOTH.,#13859);
#13859 = SURFACE_SIDE_STYLE('',(#13860));
#13860 = SURFACE_STYLE_FILL_AREA(#13861);
#13861 = FILL_AREA_STYLE('',(#13862));
#13862 = FILL_AREA_STYLE_COLOUR('',#13729);
#13863 = STYLED_ITEM('color',(#13864),#7454);
#13864 = PRESENTATION_STYLE_ASSIGNMENT((#13865));
#13865 = SURFACE_STYLE_USAGE(.BOTH.,#13866);
#13866 = SURFACE_SIDE_STYLE('',(#13867));
#13867 = SURFACE_STYLE_FILL_AREA(#13868);
#13868 = FILL_AREA_STYLE('',(#13869));
#13869 = FILL_AREA_STYLE_COLOUR('',#13729);
#13870 = STYLED_ITEM('color',(#13871),#7477);
#13871 = PRESENTATION_STYLE_ASSIGNMENT((#13872));
#13872 = SURFACE_STYLE_USAGE(.BOTH.,#13873);
#13873 = SURFACE_SIDE_STYLE('',(#13874));
#13874 = SURFACE_STYLE_FILL_AREA(#13875);
#13875 = FILL_AREA_STYLE('',(#13876));
#13876 = FILL_AREA_STYLE_COLOUR('',#13729);
#13877 = STYLED_ITEM('color',(#13878),#7500);
#13878 = PRESENTATION_STYLE_ASSIGNMENT((#13879));
#13879 = SURFACE_STYLE_USAGE(.BOTH.,#13880);
#13880 = SURFACE_SIDE_STYLE('',(#13881));
#13881 = SURFACE_STYLE_FILL_AREA(#13882);
#13882 = FILL_AREA_STYLE('',(#13883));
#13883 = FILL_AREA_STYLE_COLOUR('',#13729);
#13884 = STYLED_ITEM('color',(#13885),#7586);
#13885 = PRESENTATION_STYLE_ASSIGNMENT((#13886));
#13886 = SURFACE_STYLE_USAGE(.BOTH.,#13887);
#13887 = SURFACE_SIDE_STYLE('',(#13888));
#13888 = SURFACE_STYLE_FILL_AREA(#13889);
#13889 = FILL_AREA_STYLE('',(#13890));
#13890 = FILL_AREA_STYLE_COLOUR('',#13729);
#13891 = STYLED_ITEM('color',(#13892),#7603);
#13892 = PRESENTATION_STYLE_ASSIGNMENT((#13893));
#13893 = SURFACE_STYLE_USAGE(.BOTH.,#13894);
#13894 = SURFACE_SIDE_STYLE('',(#13895));
#13895 = SURFACE_STYLE_FILL_AREA(#13896);
#13896 = FILL_AREA_STYLE('',(#13897));
#13897 = FILL_AREA_STYLE_COLOUR('',#13693);
#13898 = STYLED_ITEM('color',(#13899),#7695);
#13899 = PRESENTATION_STYLE_ASSIGNMENT((#13900));
#13900 = SURFACE_STYLE_USAGE(.BOTH.,#13901);
#13901 = SURFACE_SIDE_STYLE('',(#13902));
#13902 = SURFACE_STYLE_FILL_AREA(#13903);
#13903 = FILL_AREA_STYLE('',(#13904));
#13904 = FILL_AREA_STYLE_COLOUR('',#13729);
#13905 = STYLED_ITEM('color',(#13906),#7718);
#13906 = PRESENTATION_STYLE_ASSIGNMENT((#13907));
#13907 = SURFACE_STYLE_USAGE(.BOTH.,#13908);
#13908 = SURFACE_SIDE_STYLE('',(#13909));
#13909 = SURFACE_STYLE_FILL_AREA(#13910);
#13910 = FILL_AREA_STYLE('',(#13911));
#13911 = FILL_AREA_STYLE_COLOUR('',#13729);
#13912 = STYLED_ITEM('color',(#13913),#7741);
#13913 = PRESENTATION_STYLE_ASSIGNMENT((#13914));
#13914 = SURFACE_STYLE_USAGE(.BOTH.,#13915);
#13915 = SURFACE_SIDE_STYLE('',(#13916));
#13916 = SURFACE_STYLE_FILL_AREA(#13917);
#13917 = FILL_AREA_STYLE('',(#13918));
#13918 = FILL_AREA_STYLE_COLOUR('',#13729);
#13919 = STYLED_ITEM('color',(#13920),#7764);
#13920 = PRESENTATION_STYLE_ASSIGNMENT((#13921));
#13921 = SURFACE_STYLE_USAGE(.BOTH.,#13922);
#13922 = SURFACE_SIDE_STYLE('',(#13923));
#13923 = SURFACE_STYLE_FILL_AREA(#13924);
#13924 = FILL_AREA_STYLE('',(#13925));
#13925 = FILL_AREA_STYLE_COLOUR('',#13729);
#13926 = STYLED_ITEM('color',(#13927),#7851);
#13927 = PRESENTATION_STYLE_ASSIGNMENT((#13928));
#13928 = SURFACE_STYLE_USAGE(.BOTH.,#13929);
#13929 = SURFACE_SIDE_STYLE('',(#13930));
#13930 = SURFACE_STYLE_FILL_AREA(#13931);
#13931 = FILL_AREA_STYLE('',(#13932));
#13932 = FILL_AREA_STYLE_COLOUR('',#13729);
#13933 = STYLED_ITEM('color',(#13934),#7868);
#13934 = PRESENTATION_STYLE_ASSIGNMENT((#13935));
#13935 = SURFACE_STYLE_USAGE(.BOTH.,#13936);
#13936 = SURFACE_SIDE_STYLE('',(#13937));
#13937 = SURFACE_STYLE_FILL_AREA(#13938);
#13938 = FILL_AREA_STYLE('',(#13939));
#13939 = FILL_AREA_STYLE_COLOUR('',#13729);
#13940 = STYLED_ITEM('color',(#13941),#7891);
#13941 = PRESENTATION_STYLE_ASSIGNMENT((#13942));
#13942 = SURFACE_STYLE_USAGE(.BOTH.,#13943);
#13943 = SURFACE_SIDE_STYLE('',(#13944));
#13944 = SURFACE_STYLE_FILL_AREA(#13945);
#13945 = FILL_AREA_STYLE('',(#13946));
#13946 = FILL_AREA_STYLE_COLOUR('',#13693);
#13947 = STYLED_ITEM('color',(#13948),#7983);
#13948 = PRESENTATION_STYLE_ASSIGNMENT((#13949));
#13949 = SURFACE_STYLE_USAGE(.BOTH.,#13950);
#13950 = SURFACE_SIDE_STYLE('',(#13951));
#13951 = SURFACE_STYLE_FILL_AREA(#13952);
#13952 = FILL_AREA_STYLE('',(#13953));
#13953 = FILL_AREA_STYLE_COLOUR('',#13729);
#13954 = STYLED_ITEM('color',(#13955),#8004);
#13955 = PRESENTATION_STYLE_ASSIGNMENT((#13956));
#13956 = SURFACE_STYLE_USAGE(.BOTH.,#13957);
#13957 = SURFACE_SIDE_STYLE('',(#13958));
#13958 = SURFACE_STYLE_FILL_AREA(#13959);
#13959 = FILL_AREA_STYLE('',(#13960));
#13960 = FILL_AREA_STYLE_COLOUR('',#13693);
#13961 = STYLED_ITEM('color',(#13962),#8096);
#13962 = PRESENTATION_STYLE_ASSIGNMENT((#13963));
#13963 = SURFACE_STYLE_USAGE(.BOTH.,#13964);
#13964 = SURFACE_SIDE_STYLE('',(#13965));
#13965 = SURFACE_STYLE_FILL_AREA(#13966);
#13966 = FILL_AREA_STYLE('',(#13967));
#13967 = FILL_AREA_STYLE_COLOUR('',#13693);
#13968 = STYLED_ITEM('color',(#13969),#8113);
#13969 = PRESENTATION_STYLE_ASSIGNMENT((#13970));
#13970 = SURFACE_STYLE_USAGE(.BOTH.,#13971);
#13971 = SURFACE_SIDE_STYLE('',(#13972));
#13972 = SURFACE_STYLE_FILL_AREA(#13973);
#13973 = FILL_AREA_STYLE('',(#13974));
#13974 = FILL_AREA_STYLE_COLOUR('',#13693);
#13975 = STYLED_ITEM('color',(#13976),#8205);
#13976 = PRESENTATION_STYLE_ASSIGNMENT((#13977));
#13977 = SURFACE_STYLE_USAGE(.BOTH.,#13978);
#13978 = SURFACE_SIDE_STYLE('',(#13979));
#13979 = SURFACE_STYLE_FILL_AREA(#13980);
#13980 = FILL_AREA_STYLE('',(#13981));
#13981 = FILL_AREA_STYLE_COLOUR('',#13729);
#13982 = STYLED_ITEM('color',(#13983),#8227);
#13983 = PRESENTATION_STYLE_ASSIGNMENT((#13984));
#13984 = SURFACE_STYLE_USAGE(.BOTH.,#13985);
#13985 = SURFACE_SIDE_STYLE('',(#13986));
#13986 = SURFACE_STYLE_FILL_AREA(#13987);
#13987 = FILL_AREA_STYLE('',(#13988));
#13988 = FILL_AREA_STYLE_COLOUR('',#13693);
#13989 = STYLED_ITEM('color',(#13990),#8252);
#13990 = PRESENTATION_STYLE_ASSIGNMENT((#13991));
#13991 = SURFACE_STYLE_USAGE(.BOTH.,#13992);
#13992 = SURFACE_SIDE_STYLE('',(#13993));
#13993 = SURFACE_STYLE_FILL_AREA(#13994);
#13994 = FILL_AREA_STYLE('',(#13995));
#13995 = FILL_AREA_STYLE_COLOUR('',#13693);
#13996 = STYLED_ITEM('color',(#13997),#8336);
#13997 = PRESENTATION_STYLE_ASSIGNMENT((#13998));
#13998 = SURFACE_STYLE_USAGE(.BOTH.,#13999);
#13999 = SURFACE_SIDE_STYLE('',(#14000));
#14000 = SURFACE_STYLE_FILL_AREA(#14001);
#14001 = FILL_AREA_STYLE('',(#14002));
#14002 = FILL_AREA_STYLE_COLOUR('',#13693);
#14003 = STYLED_ITEM('color',(#14004),#8428);
#14004 = PRESENTATION_STYLE_ASSIGNMENT((#14005));
#14005 = SURFACE_STYLE_USAGE(.BOTH.,#14006);
#14006 = SURFACE_SIDE_STYLE('',(#14007));
#14007 = SURFACE_STYLE_FILL_AREA(#14008);
#14008 = FILL_AREA_STYLE('',(#14009));
#14009 = FILL_AREA_STYLE_COLOUR('',#13693);
#14010 = STYLED_ITEM('color',(#14011),#8445);
#14011 = PRESENTATION_STYLE_ASSIGNMENT((#14012));
#14012 = SURFACE_STYLE_USAGE(.BOTH.,#14013);
#14013 = SURFACE_SIDE_STYLE('',(#14014));
#14014 = SURFACE_STYLE_FILL_AREA(#14015);
#14015 = FILL_AREA_STYLE('',(#14016));
#14016 = FILL_AREA_STYLE_COLOUR('',#13729);
#14017 = STYLED_ITEM('color',(#14018),#8467);
#14018 = PRESENTATION_STYLE_ASSIGNMENT((#14019));
#14019 = SURFACE_STYLE_USAGE(.BOTH.,#14020);
#14020 = SURFACE_SIDE_STYLE('',(#14021));
#14021 = SURFACE_STYLE_FILL_AREA(#14022);
#14022 = FILL_AREA_STYLE('',(#14023));
#14023 = FILL_AREA_STYLE_COLOUR('',#13729);
#14024 = STYLED_ITEM('color',(#14025),#8490);
#14025 = PRESENTATION_STYLE_ASSIGNMENT((#14026));
#14026 = SURFACE_STYLE_USAGE(.BOTH.,#14027);
#14027 = SURFACE_SIDE_STYLE('',(#14028));
#14028 = SURFACE_STYLE_FILL_AREA(#14029);
#14029 = FILL_AREA_STYLE('',(#14030));
#14030 = FILL_AREA_STYLE_COLOUR('',#13729);
#14031 = STYLED_ITEM('color',(#14032),#8513);
#14032 = PRESENTATION_STYLE_ASSIGNMENT((#14033));
#14033 = SURFACE_STYLE_USAGE(.BOTH.,#14034);
#14034 = SURFACE_SIDE_STYLE('',(#14035));
#14035 = SURFACE_STYLE_FILL_AREA(#14036);
#14036 = FILL_AREA_STYLE('',(#14037));
#14037 = FILL_AREA_STYLE_COLOUR('',#13729);
#14038 = STYLED_ITEM('color',(#14039),#8536);
#14039 = PRESENTATION_STYLE_ASSIGNMENT((#14040));
#14040 = SURFACE_STYLE_USAGE(.BOTH.,#14041);
#14041 = SURFACE_SIDE_STYLE('',(#14042));
#14042 = SURFACE_STYLE_FILL_AREA(#14043);
#14043 = FILL_AREA_STYLE('',(#14044));
#14044 = FILL_AREA_STYLE_COLOUR('',#13729);
#14045 = STYLED_ITEM('color',(#14046),#8603);
#14046 = PRESENTATION_STYLE_ASSIGNMENT((#14047));
#14047 = SURFACE_STYLE_USAGE(.BOTH.,#14048);
#14048 = SURFACE_SIDE_STYLE('',(#14049));
#14049 = SURFACE_STYLE_FILL_AREA(#14050);
#14050 = FILL_AREA_STYLE('',(#14051));
#14051 = FILL_AREA_STYLE_COLOUR('',#13729);
#14052 = STYLED_ITEM('color',(#14053),#8626);
#14053 = PRESENTATION_STYLE_ASSIGNMENT((#14054));
#14054 = SURFACE_STYLE_USAGE(.BOTH.,#14055);
#14055 = SURFACE_SIDE_STYLE('',(#14056));
#14056 = SURFACE_STYLE_FILL_AREA(#14057);
#14057 = FILL_AREA_STYLE('',(#14058));
#14058 = FILL_AREA_STYLE_COLOUR('',#13693);
#14059 = STYLED_ITEM('color',(#14060),#8645);
#14060 = PRESENTATION_STYLE_ASSIGNMENT((#14061));
#14061 = SURFACE_STYLE_USAGE(.BOTH.,#14062);
#14062 = SURFACE_SIDE_STYLE('',(#14063));
#14063 = SURFACE_STYLE_FILL_AREA(#14064);
#14064 = FILL_AREA_STYLE('',(#14065));
#14065 = FILL_AREA_STYLE_COLOUR('',#13693);
#14066 = STYLED_ITEM('color',(#14067),#8664);
#14067 = PRESENTATION_STYLE_ASSIGNMENT((#14068));
#14068 = SURFACE_STYLE_USAGE(.BOTH.,#14069);
#14069 = SURFACE_SIDE_STYLE('',(#14070));
#14070 = SURFACE_STYLE_FILL_AREA(#14071);
#14071 = FILL_AREA_STYLE('',(#14072));
#14072 = FILL_AREA_STYLE_COLOUR('',#13693);
#14073 = STYLED_ITEM('color',(#14074),#8683);
#14074 = PRESENTATION_STYLE_ASSIGNMENT((#14075));
#14075 = SURFACE_STYLE_USAGE(.BOTH.,#14076);
#14076 = SURFACE_SIDE_STYLE('',(#14077));
#14077 = SURFACE_STYLE_FILL_AREA(#14078);
#14078 = FILL_AREA_STYLE('',(#14079));
#14079 = FILL_AREA_STYLE_COLOUR('',#13693);
#14080 = STYLED_ITEM('color',(#14081),#8700);
#14081 = PRESENTATION_STYLE_ASSIGNMENT((#14082));
#14082 = SURFACE_STYLE_USAGE(.BOTH.,#14083);
#14083 = SURFACE_SIDE_STYLE('',(#14084));
#14084 = SURFACE_STYLE_FILL_AREA(#14085);
#14085 = FILL_AREA_STYLE('',(#14086));
#14086 = FILL_AREA_STYLE_COLOUR('',#13693);
#14087 = STYLED_ITEM('color',(#14088),#8717);
#14088 = PRESENTATION_STYLE_ASSIGNMENT((#14089));
#14089 = SURFACE_STYLE_USAGE(.BOTH.,#14090);
#14090 = SURFACE_SIDE_STYLE('',(#14091));
#14091 = SURFACE_STYLE_FILL_AREA(#14092);
#14092 = FILL_AREA_STYLE('',(#14093));
#14093 = FILL_AREA_STYLE_COLOUR('',#13693);
#14094 = STYLED_ITEM('color',(#14095),#8734);
#14095 = PRESENTATION_STYLE_ASSIGNMENT((#14096));
#14096 = SURFACE_STYLE_USAGE(.BOTH.,#14097);
#14097 = SURFACE_SIDE_STYLE('',(#14098));
#14098 = SURFACE_STYLE_FILL_AREA(#14099);
#14099 = FILL_AREA_STYLE('',(#14100));
#14100 = FILL_AREA_STYLE_COLOUR('',#13693);
#14101 = STYLED_ITEM('color',(#14102),#8751);
#14102 = PRESENTATION_STYLE_ASSIGNMENT((#14103));
#14103 = SURFACE_STYLE_USAGE(.BOTH.,#14104);
#14104 = SURFACE_SIDE_STYLE('',(#14105));
#14105 = SURFACE_STYLE_FILL_AREA(#14106);
#14106 = FILL_AREA_STYLE('',(#14107));
#14107 = FILL_AREA_STYLE_COLOUR('',#13693);
#14108 = STYLED_ITEM('color',(#14109),#8768);
#14109 = PRESENTATION_STYLE_ASSIGNMENT((#14110));
#14110 = SURFACE_STYLE_USAGE(.BOTH.,#14111);
#14111 = SURFACE_SIDE_STYLE('',(#14112));
#14112 = SURFACE_STYLE_FILL_AREA(#14113);
#14113 = FILL_AREA_STYLE('',(#14114));
#14114 = FILL_AREA_STYLE_COLOUR('',#13693);
#14115 = STYLED_ITEM('color',(#14116),#8785);
#14116 = PRESENTATION_STYLE_ASSIGNMENT((#14117));
#14117 = SURFACE_STYLE_USAGE(.BOTH.,#14118);
#14118 = SURFACE_SIDE_STYLE('',(#14119));
#14119 = SURFACE_STYLE_FILL_AREA(#14120);
#14120 = FILL_AREA_STYLE('',(#14121));
#14121 = FILL_AREA_STYLE_COLOUR('',#13693);
#14122 = STYLED_ITEM('color',(#14123),#8802);
#14123 = PRESENTATION_STYLE_ASSIGNMENT((#14124));
#14124 = SURFACE_STYLE_USAGE(.BOTH.,#14125);
#14125 = SURFACE_SIDE_STYLE('',(#14126));
#14126 = SURFACE_STYLE_FILL_AREA(#14127);
#14127 = FILL_AREA_STYLE('',(#14128));
#14128 = FILL_AREA_STYLE_COLOUR('',#13693);
#14129 = STYLED_ITEM('color',(#14130),#8814);
#14130 = PRESENTATION_STYLE_ASSIGNMENT((#14131));
#14131 = SURFACE_STYLE_USAGE(.BOTH.,#14132);
#14132 = SURFACE_SIDE_STYLE('',(#14133));
#14133 = SURFACE_STYLE_FILL_AREA(#14134);
#14134 = FILL_AREA_STYLE('',(#14135));
#14135 = FILL_AREA_STYLE_COLOUR('',#13729);
#14136 = STYLED_ITEM('color',(#14137),#8837);
#14137 = PRESENTATION_STYLE_ASSIGNMENT((#14138));
#14138 = SURFACE_STYLE_USAGE(.BOTH.,#14139);
#14139 = SURFACE_SIDE_STYLE('',(#14140));
#14140 = SURFACE_STYLE_FILL_AREA(#14141);
#14141 = FILL_AREA_STYLE('',(#14142));
#14142 = FILL_AREA_STYLE_COLOUR('',#13729);
#14143 = STYLED_ITEM('color',(#14144),#8860);
#14144 = PRESENTATION_STYLE_ASSIGNMENT((#14145));
#14145 = SURFACE_STYLE_USAGE(.BOTH.,#14146);
#14146 = SURFACE_SIDE_STYLE('',(#14147));
#14147 = SURFACE_STYLE_FILL_AREA(#14148);
#14148 = FILL_AREA_STYLE('',(#14149));
#14149 = FILL_AREA_STYLE_COLOUR('',#13729);
#14150 = STYLED_ITEM('color',(#14151),#8884);
#14151 = PRESENTATION_STYLE_ASSIGNMENT((#14152));
#14152 = SURFACE_STYLE_USAGE(.BOTH.,#14153);
#14153 = SURFACE_SIDE_STYLE('',(#14154));
#14154 = SURFACE_STYLE_FILL_AREA(#14155);
#14155 = FILL_AREA_STYLE('',(#14156));
#14156 = FILL_AREA_STYLE_COLOUR('',#13729);
#14157 = STYLED_ITEM('color',(#14158),#8914);
#14158 = PRESENTATION_STYLE_ASSIGNMENT((#14159));
#14159 = SURFACE_STYLE_USAGE(.BOTH.,#14160);
#14160 = SURFACE_SIDE_STYLE('',(#14161));
#14161 = SURFACE_STYLE_FILL_AREA(#14162);
#14162 = FILL_AREA_STYLE('',(#14163));
#14163 = FILL_AREA_STYLE_COLOUR('',#13693);
#14164 = STYLED_ITEM('color',(#14165),#8945);
#14165 = PRESENTATION_STYLE_ASSIGNMENT((#14166));
#14166 = SURFACE_STYLE_USAGE(.BOTH.,#14167);
#14167 = SURFACE_SIDE_STYLE('',(#14168));
#14168 = SURFACE_STYLE_FILL_AREA(#14169);
#14169 = FILL_AREA_STYLE('',(#14170));
#14170 = FILL_AREA_STYLE_COLOUR('',#13693);
#14171 = STYLED_ITEM('color',(#14172),#8976);
#14172 = PRESENTATION_STYLE_ASSIGNMENT((#14173));
#14173 = SURFACE_STYLE_USAGE(.BOTH.,#14174);
#14174 = SURFACE_SIDE_STYLE('',(#14175));
#14175 = SURFACE_STYLE_FILL_AREA(#14176);
#14176 = FILL_AREA_STYLE('',(#14177));
#14177 = FILL_AREA_STYLE_COLOUR('',#13729);
#14178 = STYLED_ITEM('color',(#14179),#9007);
#14179 = PRESENTATION_STYLE_ASSIGNMENT((#14180));
#14180 = SURFACE_STYLE_USAGE(.BOTH.,#14181);
#14181 = SURFACE_SIDE_STYLE('',(#14182));
#14182 = SURFACE_STYLE_FILL_AREA(#14183);
#14183 = FILL_AREA_STYLE('',(#14184));
#14184 = FILL_AREA_STYLE_COLOUR('',#13729);
#14185 = STYLED_ITEM('color',(#14186),#9038);
#14186 = PRESENTATION_STYLE_ASSIGNMENT((#14187));
#14187 = SURFACE_STYLE_USAGE(.BOTH.,#14188);
#14188 = SURFACE_SIDE_STYLE('',(#14189));
#14189 = SURFACE_STYLE_FILL_AREA(#14190);
#14190 = FILL_AREA_STYLE('',(#14191));
#14191 = FILL_AREA_STYLE_COLOUR('',#13693);
#14192 = STYLED_ITEM('color',(#14193),#9069);
#14193 = PRESENTATION_STYLE_ASSIGNMENT((#14194));
#14194 = SURFACE_STYLE_USAGE(.BOTH.,#14195);
#14195 = SURFACE_SIDE_STYLE('',(#14196));
#14196 = SURFACE_STYLE_FILL_AREA(#14197);
#14197 = FILL_AREA_STYLE('',(#14198));
#14198 = FILL_AREA_STYLE_COLOUR('',#13693);
#14199 = STYLED_ITEM('color',(#14200),#9100);
#14200 = PRESENTATION_STYLE_ASSIGNMENT((#14201));
#14201 = SURFACE_STYLE_USAGE(.BOTH.,#14202);
#14202 = SURFACE_SIDE_STYLE('',(#14203));
#14203 = SURFACE_STYLE_FILL_AREA(#14204);
#14204 = FILL_AREA_STYLE('',(#14205));
#14205 = FILL_AREA_STYLE_COLOUR('',#13729);
#14206 = STYLED_ITEM('color',(#14207),#9131);
#14207 = PRESENTATION_STYLE_ASSIGNMENT((#14208));
#14208 = SURFACE_STYLE_USAGE(.BOTH.,#14209);
#14209 = SURFACE_SIDE_STYLE('',(#14210));
#14210 = SURFACE_STYLE_FILL_AREA(#14211);
#14211 = FILL_AREA_STYLE('',(#14212));
#14212 = FILL_AREA_STYLE_COLOUR('',#13729);
#14213 = STYLED_ITEM('color',(#14214),#9148);
#14214 = PRESENTATION_STYLE_ASSIGNMENT((#14215));
#14215 = SURFACE_STYLE_USAGE(.BOTH.,#14216);
#14216 = SURFACE_SIDE_STYLE('',(#14217));
#14217 = SURFACE_STYLE_FILL_AREA(#14218);
#14218 = FILL_AREA_STYLE('',(#14219));
#14219 = FILL_AREA_STYLE_COLOUR('',#13729);
#14220 = STYLED_ITEM('color',(#14221),#9164);
#14221 = PRESENTATION_STYLE_ASSIGNMENT((#14222));
#14222 = SURFACE_STYLE_USAGE(.BOTH.,#14223);
#14223 = SURFACE_SIDE_STYLE('',(#14224));
#14224 = SURFACE_STYLE_FILL_AREA(#14225);
#14225 = FILL_AREA_STYLE('',(#14226));
#14226 = FILL_AREA_STYLE_COLOUR('',#13693);
#14227 = STYLED_ITEM('color',(#14228),#9181);
#14228 = PRESENTATION_STYLE_ASSIGNMENT((#14229));
#14229 = SURFACE_STYLE_USAGE(.BOTH.,#14230);
#14230 = SURFACE_SIDE_STYLE('',(#14231));
#14231 = SURFACE_STYLE_FILL_AREA(#14232);
#14232 = FILL_AREA_STYLE('',(#14233));
#14233 = FILL_AREA_STYLE_COLOUR('',#13693);
#14234 = STYLED_ITEM('color',(#14235),#9198);
#14235 = PRESENTATION_STYLE_ASSIGNMENT((#14236));
#14236 = SURFACE_STYLE_USAGE(.BOTH.,#14237);
#14237 = SURFACE_SIDE_STYLE('',(#14238));
#14238 = SURFACE_STYLE_FILL_AREA(#14239);
#14239 = FILL_AREA_STYLE('',(#14240));
#14240 = FILL_AREA_STYLE_COLOUR('',#13693);
#14241 = STYLED_ITEM('color',(#14242),#9215);
#14242 = PRESENTATION_STYLE_ASSIGNMENT((#14243));
#14243 = SURFACE_STYLE_USAGE(.BOTH.,#14244);
#14244 = SURFACE_SIDE_STYLE('',(#14245));
#14245 = SURFACE_STYLE_FILL_AREA(#14246);
#14246 = FILL_AREA_STYLE('',(#14247));
#14247 = FILL_AREA_STYLE_COLOUR('',#13693);
#14248 = STYLED_ITEM('color',(#14249),#9232);
#14249 = PRESENTATION_STYLE_ASSIGNMENT((#14250));
#14250 = SURFACE_STYLE_USAGE(.BOTH.,#14251);
#14251 = SURFACE_SIDE_STYLE('',(#14252));
#14252 = SURFACE_STYLE_FILL_AREA(#14253);
#14253 = FILL_AREA_STYLE('',(#14254));
#14254 = FILL_AREA_STYLE_COLOUR('',#13693);
#14255 = STYLED_ITEM('color',(#14256),#9249);
#14256 = PRESENTATION_STYLE_ASSIGNMENT((#14257));
#14257 = SURFACE_STYLE_USAGE(.BOTH.,#14258);
#14258 = SURFACE_SIDE_STYLE('',(#14259));
#14259 = SURFACE_STYLE_FILL_AREA(#14260);
#14260 = FILL_AREA_STYLE('',(#14261));
#14261 = FILL_AREA_STYLE_COLOUR('',#13693);
#14262 = STYLED_ITEM('color',(#14263),#9266);
#14263 = PRESENTATION_STYLE_ASSIGNMENT((#14264));
#14264 = SURFACE_STYLE_USAGE(.BOTH.,#14265);
#14265 = SURFACE_SIDE_STYLE('',(#14266));
#14266 = SURFACE_STYLE_FILL_AREA(#14267);
#14267 = FILL_AREA_STYLE('',(#14268));
#14268 = FILL_AREA_STYLE_COLOUR('',#13693);
#14269 = STYLED_ITEM('color',(#14270),#9283);
#14270 = PRESENTATION_STYLE_ASSIGNMENT((#14271));
#14271 = SURFACE_STYLE_USAGE(.BOTH.,#14272);
#14272 = SURFACE_SIDE_STYLE('',(#14273));
#14273 = SURFACE_STYLE_FILL_AREA(#14274);
#14274 = FILL_AREA_STYLE('',(#14275));
#14275 = FILL_AREA_STYLE_COLOUR('',#13693);
#14276 = STYLED_ITEM('color',(#14277),#9295);
#14277 = PRESENTATION_STYLE_ASSIGNMENT((#14278));
#14278 = SURFACE_STYLE_USAGE(.BOTH.,#14279);
#14279 = SURFACE_SIDE_STYLE('',(#14280));
#14280 = SURFACE_STYLE_FILL_AREA(#14281);
#14281 = FILL_AREA_STYLE('',(#14282));
#14282 = FILL_AREA_STYLE_COLOUR('',#13693);
#14283 = STYLED_ITEM('color',(#14284),#9312);
#14284 = PRESENTATION_STYLE_ASSIGNMENT((#14285));
#14285 = SURFACE_STYLE_USAGE(.BOTH.,#14286);
#14286 = SURFACE_SIDE_STYLE('',(#14287));
#14287 = SURFACE_STYLE_FILL_AREA(#14288);
#14288 = FILL_AREA_STYLE('',(#14289));
#14289 = FILL_AREA_STYLE_COLOUR('',#13693);
#14290 = STYLED_ITEM('color',(#14291),#9329);
#14291 = PRESENTATION_STYLE_ASSIGNMENT((#14292));
#14292 = SURFACE_STYLE_USAGE(.BOTH.,#14293);
#14293 = SURFACE_SIDE_STYLE('',(#14294));
#14294 = SURFACE_STYLE_FILL_AREA(#14295);
#14295 = FILL_AREA_STYLE('',(#14296));
#14296 = FILL_AREA_STYLE_COLOUR('',#13693);
#14297 = STYLED_ITEM('color',(#14298),#9346);
#14298 = PRESENTATION_STYLE_ASSIGNMENT((#14299));
#14299 = SURFACE_STYLE_USAGE(.BOTH.,#14300);
#14300 = SURFACE_SIDE_STYLE('',(#14301));
#14301 = SURFACE_STYLE_FILL_AREA(#14302);
#14302 = FILL_AREA_STYLE('',(#14303));
#14303 = FILL_AREA_STYLE_COLOUR('',#13693);
#14304 = STYLED_ITEM('color',(#14305),#9363);
#14305 = PRESENTATION_STYLE_ASSIGNMENT((#14306));
#14306 = SURFACE_STYLE_USAGE(.BOTH.,#14307);
#14307 = SURFACE_SIDE_STYLE('',(#14308));
#14308 = SURFACE_STYLE_FILL_AREA(#14309);
#14309 = FILL_AREA_STYLE('',(#14310));
#14310 = FILL_AREA_STYLE_COLOUR('',#13693);
#14311 = STYLED_ITEM('color',(#14312),#9380);
#14312 = PRESENTATION_STYLE_ASSIGNMENT((#14313));
#14313 = SURFACE_STYLE_USAGE(.BOTH.,#14314);
#14314 = SURFACE_SIDE_STYLE('',(#14315));
#14315 = SURFACE_STYLE_FILL_AREA(#14316);
#14316 = FILL_AREA_STYLE('',(#14317));
#14317 = FILL_AREA_STYLE_COLOUR('',#13693);
#14318 = STYLED_ITEM('color',(#14319),#9397);
#14319 = PRESENTATION_STYLE_ASSIGNMENT((#14320));
#14320 = SURFACE_STYLE_USAGE(.BOTH.,#14321);
#14321 = SURFACE_SIDE_STYLE('',(#14322));
#14322 = SURFACE_STYLE_FILL_AREA(#14323);
#14323 = FILL_AREA_STYLE('',(#14324));
#14324 = FILL_AREA_STYLE_COLOUR('',#13693);
#14325 = STYLED_ITEM('color',(#14326),#9414);
#14326 = PRESENTATION_STYLE_ASSIGNMENT((#14327));
#14327 = SURFACE_STYLE_USAGE(.BOTH.,#14328);
#14328 = SURFACE_SIDE_STYLE('',(#14329));
#14329 = SURFACE_STYLE_FILL_AREA(#14330);
#14330 = FILL_AREA_STYLE('',(#14331));
#14331 = FILL_AREA_STYLE_COLOUR('',#13693);
#14332 = STYLED_ITEM('color',(#14333),#9426);
#14333 = PRESENTATION_STYLE_ASSIGNMENT((#14334));
#14334 = SURFACE_STYLE_USAGE(.BOTH.,#14335);
#14335 = SURFACE_SIDE_STYLE('',(#14336));
#14336 = SURFACE_STYLE_FILL_AREA(#14337);
#14337 = FILL_AREA_STYLE('',(#14338));
#14338 = FILL_AREA_STYLE_COLOUR('',#13729);
#14339 = STYLED_ITEM('color',(#14340),#9449);
#14340 = PRESENTATION_STYLE_ASSIGNMENT((#14341));
#14341 = SURFACE_STYLE_USAGE(.BOTH.,#14342);
#14342 = SURFACE_SIDE_STYLE('',(#14343));
#14343 = SURFACE_STYLE_FILL_AREA(#14344);
#14344 = FILL_AREA_STYLE('',(#14345));
#14345 = FILL_AREA_STYLE_COLOUR('',#13729);
#14346 = STYLED_ITEM('color',(#14347),#9465);
#14347 = PRESENTATION_STYLE_ASSIGNMENT((#14348));
#14348 = SURFACE_STYLE_USAGE(.BOTH.,#14349);
#14349 = SURFACE_SIDE_STYLE('',(#14350));
#14350 = SURFACE_STYLE_FILL_AREA(#14351);
#14351 = FILL_AREA_STYLE('',(#14352));
#14352 = FILL_AREA_STYLE_COLOUR('',#13729);
#14353 = STYLED_ITEM('color',(#14354),#9488);
#14354 = PRESENTATION_STYLE_ASSIGNMENT((#14355));
#14355 = SURFACE_STYLE_USAGE(.BOTH.,#14356);
#14356 = SURFACE_SIDE_STYLE('',(#14357));
#14357 = SURFACE_STYLE_FILL_AREA(#14358);
#14358 = FILL_AREA_STYLE('',(#14359));
#14359 = FILL_AREA_STYLE_COLOUR('',#13729);
#14360 = STYLED_ITEM('color',(#14361),#9575);
#14361 = PRESENTATION_STYLE_ASSIGNMENT((#14362));
#14362 = SURFACE_STYLE_USAGE(.BOTH.,#14363);
#14363 = SURFACE_SIDE_STYLE('',(#14364));
#14364 = SURFACE_STYLE_FILL_AREA(#14365);
#14365 = FILL_AREA_STYLE('',(#14366));
#14366 = FILL_AREA_STYLE_COLOUR('',#13729);
#14367 = STYLED_ITEM('color',(#14368),#9598);
#14368 = PRESENTATION_STYLE_ASSIGNMENT((#14369));
#14369 = SURFACE_STYLE_USAGE(.BOTH.,#14370);
#14370 = SURFACE_SIDE_STYLE('',(#14371));
#14371 = SURFACE_STYLE_FILL_AREA(#14372);
#14372 = FILL_AREA_STYLE('',(#14373));
#14373 = FILL_AREA_STYLE_COLOUR('',#13729);
#14374 = STYLED_ITEM('color',(#14375),#9615);
#14375 = PRESENTATION_STYLE_ASSIGNMENT((#14376));
#14376 = SURFACE_STYLE_USAGE(.BOTH.,#14377);
#14377 = SURFACE_SIDE_STYLE('',(#14378));
#14378 = SURFACE_STYLE_FILL_AREA(#14379);
#14379 = FILL_AREA_STYLE('',(#14380));
#14380 = FILL_AREA_STYLE_COLOUR('',#14381);
#14381 = COLOUR_RGB('',0.690196106937,0.662745111292,0.596078458879);
#14382 = STYLED_ITEM('color',(#14383),#9640);
#14383 = PRESENTATION_STYLE_ASSIGNMENT((#14384));
#14384 = SURFACE_STYLE_USAGE(.BOTH.,#14385);
#14385 = SURFACE_SIDE_STYLE('',(#14386));
#14386 = SURFACE_STYLE_FILL_AREA(#14387);
#14387 = FILL_AREA_STYLE('',(#14388));
#14388 = FILL_AREA_STYLE_COLOUR('',#13729);
#14389 = STYLED_ITEM('color',(#14390),#9656);
#14390 = PRESENTATION_STYLE_ASSIGNMENT((#14391));
#14391 = SURFACE_STYLE_USAGE(.BOTH.,#14392);
#14392 = SURFACE_SIDE_STYLE('',(#14393));
#14393 = SURFACE_STYLE_FILL_AREA(#14394);
#14394 = FILL_AREA_STYLE('',(#14395));
#14395 = FILL_AREA_STYLE_COLOUR('',#13729);
#14396 = STYLED_ITEM('color',(#14397),#9672);
#14397 = PRESENTATION_STYLE_ASSIGNMENT((#14398));
#14398 = SURFACE_STYLE_USAGE(.BOTH.,#14399);
#14399 = SURFACE_SIDE_STYLE('',(#14400));
#14400 = SURFACE_STYLE_FILL_AREA(#14401);
#14401 = FILL_AREA_STYLE('',(#14402));
#14402 = FILL_AREA_STYLE_COLOUR('',#13729);
#14403 = STYLED_ITEM('color',(#14404),#9689);
#14404 = PRESENTATION_STYLE_ASSIGNMENT((#14405));
#14405 = SURFACE_STYLE_USAGE(.BOTH.,#14406);
#14406 = SURFACE_SIDE_STYLE('',(#14407));
#14407 = SURFACE_STYLE_FILL_AREA(#14408);
#14408 = FILL_AREA_STYLE('',(#14409));
#14409 = FILL_AREA_STYLE_COLOUR('',#13693);
#14410 = STYLED_ITEM('color',(#14411),#9781);
#14411 = PRESENTATION_STYLE_ASSIGNMENT((#14412));
#14412 = SURFACE_STYLE_USAGE(.BOTH.,#14413);
#14413 = SURFACE_SIDE_STYLE('',(#14414));
#14414 = SURFACE_STYLE_FILL_AREA(#14415);
#14415 = FILL_AREA_STYLE('',(#14416));
#14416 = FILL_AREA_STYLE_COLOUR('',#13693);
#14417 = STYLED_ITEM('color',(#14418),#9873);
#14418 = PRESENTATION_STYLE_ASSIGNMENT((#14419));
#14419 = SURFACE_STYLE_USAGE(.BOTH.,#14420);
#14420 = SURFACE_SIDE_STYLE('',(#14421));
#14421 = SURFACE_STYLE_FILL_AREA(#14422);
#14422 = FILL_AREA_STYLE('',(#14423));
#14423 = FILL_AREA_STYLE_COLOUR('',#13729);
#14424 = STYLED_ITEM('color',(#14425),#9894);
#14425 = PRESENTATION_STYLE_ASSIGNMENT((#14426));
#14426 = SURFACE_STYLE_USAGE(.BOTH.,#14427);
#14427 = SURFACE_SIDE_STYLE('',(#14428));
#14428 = SURFACE_STYLE_FILL_AREA(#14429);
#14429 = FILL_AREA_STYLE('',(#14430));
#14430 = FILL_AREA_STYLE_COLOUR('',#13693);
#14431 = STYLED_ITEM('color',(#14432),#9919);
#14432 = PRESENTATION_STYLE_ASSIGNMENT((#14433));
#14433 = SURFACE_STYLE_USAGE(.BOTH.,#14434);
#14434 = SURFACE_SIDE_STYLE('',(#14435));
#14435 = SURFACE_STYLE_FILL_AREA(#14436);
#14436 = FILL_AREA_STYLE('',(#14437));
#14437 = FILL_AREA_STYLE_COLOUR('',#13693);
#14438 = STYLED_ITEM('color',(#14439),#10003);
#14439 = PRESENTATION_STYLE_ASSIGNMENT((#14440));
#14440 = SURFACE_STYLE_USAGE(.BOTH.,#14441);
#14441 = SURFACE_SIDE_STYLE('',(#14442));
#14442 = SURFACE_STYLE_FILL_AREA(#14443);
#14443 = FILL_AREA_STYLE('',(#14444));
#14444 = FILL_AREA_STYLE_COLOUR('',#13693);
#14445 = STYLED_ITEM('color',(#14446),#10095);
#14446 = PRESENTATION_STYLE_ASSIGNMENT((#14447));
#14447 = SURFACE_STYLE_USAGE(.BOTH.,#14448);
#14448 = SURFACE_SIDE_STYLE('',(#14449));
#14449 = SURFACE_STYLE_FILL_AREA(#14450);
#14450 = FILL_AREA_STYLE('',(#14451));
#14451 = FILL_AREA_STYLE_COLOUR('',#13693);
#14452 = STYLED_ITEM('color',(#14453),#10112);
#14453 = PRESENTATION_STYLE_ASSIGNMENT((#14454));
#14454 = SURFACE_STYLE_USAGE(.BOTH.,#14455);
#14455 = SURFACE_SIDE_STYLE('',(#14456));
#14456 = SURFACE_STYLE_FILL_AREA(#14457);
#14457 = FILL_AREA_STYLE('',(#14458));
#14458 = FILL_AREA_STYLE_COLOUR('',#13729);
#14459 = STYLED_ITEM('color',(#14460),#10134);
#14460 = PRESENTATION_STYLE_ASSIGNMENT((#14461));
#14461 = SURFACE_STYLE_USAGE(.BOTH.,#14462);
#14462 = SURFACE_SIDE_STYLE('',(#14463));
#14463 = SURFACE_STYLE_FILL_AREA(#14464);
#14464 = FILL_AREA_STYLE('',(#14465));
#14465 = FILL_AREA_STYLE_COLOUR('',#13693);
#14466 = STYLED_ITEM('color',(#14467),#10226);
#14467 = PRESENTATION_STYLE_ASSIGNMENT((#14468));
#14468 = SURFACE_STYLE_USAGE(.BOTH.,#14469);
#14469 = SURFACE_SIDE_STYLE('',(#14470));
#14470 = SURFACE_STYLE_FILL_AREA(#14471);
#14471 = FILL_AREA_STYLE('',(#14472));
#14472 = FILL_AREA_STYLE_COLOUR('',#13693);
#14473 = STYLED_ITEM('color',(#14474),#10318);
#14474 = PRESENTATION_STYLE_ASSIGNMENT((#14475));
#14475 = SURFACE_STYLE_USAGE(.BOTH.,#14476);
#14476 = SURFACE_SIDE_STYLE('',(#14477));
#14477 = SURFACE_STYLE_FILL_AREA(#14478);
#14478 = FILL_AREA_STYLE('',(#14479));
#14479 = FILL_AREA_STYLE_COLOUR('',#13729);
#14480 = STYLED_ITEM('color',(#14481),#10340);
#14481 = PRESENTATION_STYLE_ASSIGNMENT((#14482));
#14482 = SURFACE_STYLE_USAGE(.BOTH.,#14483);
#14483 = SURFACE_SIDE_STYLE('',(#14484));
#14484 = SURFACE_STYLE_FILL_AREA(#14485);
#14485 = FILL_AREA_STYLE('',(#14486));
#14486 = FILL_AREA_STYLE_COLOUR('',#13693);
#14487 = STYLED_ITEM('color',(#14488),#10365);
#14488 = PRESENTATION_STYLE_ASSIGNMENT((#14489));
#14489 = SURFACE_STYLE_USAGE(.BOTH.,#14490);
#14490 = SURFACE_SIDE_STYLE('',(#14491));
#14491 = SURFACE_STYLE_FILL_AREA(#14492);
#14492 = FILL_AREA_STYLE('',(#14493));
#14493 = FILL_AREA_STYLE_COLOUR('',#13693);
#14494 = STYLED_ITEM('color',(#14495),#10449);
#14495 = PRESENTATION_STYLE_ASSIGNMENT((#14496));
#14496 = SURFACE_STYLE_USAGE(.BOTH.,#14497);
#14497 = SURFACE_SIDE_STYLE('',(#14498));
#14498 = SURFACE_STYLE_FILL_AREA(#14499);
#14499 = FILL_AREA_STYLE('',(#14500));
#14500 = FILL_AREA_STYLE_COLOUR('',#13693);
#14501 = STYLED_ITEM('color',(#14502),#10541);
#14502 = PRESENTATION_STYLE_ASSIGNMENT((#14503));
#14503 = SURFACE_STYLE_USAGE(.BOTH.,#14504);
#14504 = SURFACE_SIDE_STYLE('',(#14505));
#14505 = SURFACE_STYLE_FILL_AREA(#14506);
#14506 = FILL_AREA_STYLE('',(#14507));
#14507 = FILL_AREA_STYLE_COLOUR('',#13693);
#14508 = STYLED_ITEM('color',(#14509),#10558);
#14509 = PRESENTATION_STYLE_ASSIGNMENT((#14510));
#14510 = SURFACE_STYLE_USAGE(.BOTH.,#14511);
#14511 = SURFACE_SIDE_STYLE('',(#14512));
#14512 = SURFACE_STYLE_FILL_AREA(#14513);
#14513 = FILL_AREA_STYLE('',(#14514));
#14514 = FILL_AREA_STYLE_COLOUR('',#13729);
#14515 = STYLED_ITEM('color',(#14516),#10580);
#14516 = PRESENTATION_STYLE_ASSIGNMENT((#14517));
#14517 = SURFACE_STYLE_USAGE(.BOTH.,#14518);
#14518 = SURFACE_SIDE_STYLE('',(#14519));
#14519 = SURFACE_STYLE_FILL_AREA(#14520);
#14520 = FILL_AREA_STYLE('',(#14521));
#14521 = FILL_AREA_STYLE_COLOUR('',#13729);
#14522 = STYLED_ITEM('color',(#14523),#10592);
#14523 = PRESENTATION_STYLE_ASSIGNMENT((#14524));
#14524 = SURFACE_STYLE_USAGE(.BOTH.,#14525);
#14525 = SURFACE_SIDE_STYLE('',(#14526));
#14526 = SURFACE_STYLE_FILL_AREA(#14527);
#14527 = FILL_AREA_STYLE('',(#14528));
#14528 = FILL_AREA_STYLE_COLOUR('',#13693);
#14529 = STYLED_ITEM('color',(#14530),#10611);
#14530 = PRESENTATION_STYLE_ASSIGNMENT((#14531));
#14531 = SURFACE_STYLE_USAGE(.BOTH.,#14532);
#14532 = SURFACE_SIDE_STYLE('',(#14533));
#14533 = SURFACE_STYLE_FILL_AREA(#14534);
#14534 = FILL_AREA_STYLE('',(#14535));
#14535 = FILL_AREA_STYLE_COLOUR('',#13693);
#14536 = STYLED_ITEM('color',(#14537),#10630);
#14537 = PRESENTATION_STYLE_ASSIGNMENT((#14538));
#14538 = SURFACE_STYLE_USAGE(.BOTH.,#14539);
#14539 = SURFACE_SIDE_STYLE('',(#14540));
#14540 = SURFACE_STYLE_FILL_AREA(#14541);
#14541 = FILL_AREA_STYLE('',(#14542));
#14542 = FILL_AREA_STYLE_COLOUR('',#13693);
#14543 = STYLED_ITEM('color',(#14544),#10649);
#14544 = PRESENTATION_STYLE_ASSIGNMENT((#14545));
#14545 = SURFACE_STYLE_USAGE(.BOTH.,#14546);
#14546 = SURFACE_SIDE_STYLE('',(#14547));
#14547 = SURFACE_STYLE_FILL_AREA(#14548);
#14548 = FILL_AREA_STYLE('',(#14549));
#14549 = FILL_AREA_STYLE_COLOUR('',#13693);
#14550 = STYLED_ITEM('color',(#14551),#10668);
#14551 = PRESENTATION_STYLE_ASSIGNMENT((#14552));
#14552 = SURFACE_STYLE_USAGE(.BOTH.,#14553);
#14553 = SURFACE_SIDE_STYLE('',(#14554));
#14554 = SURFACE_STYLE_FILL_AREA(#14555);
#14555 = FILL_AREA_STYLE('',(#14556));
#14556 = FILL_AREA_STYLE_COLOUR('',#14381);
#14557 = STYLED_ITEM('color',(#14558),#10677);
#14558 = PRESENTATION_STYLE_ASSIGNMENT((#14559));
#14559 = SURFACE_STYLE_USAGE(.BOTH.,#14560);
#14560 = SURFACE_SIDE_STYLE('',(#14561));
#14561 = SURFACE_STYLE_FILL_AREA(#14562);
#14562 = FILL_AREA_STYLE('',(#14563));
#14563 = FILL_AREA_STYLE_COLOUR('',#13693);
#14564 = STYLED_ITEM('color',(#14565),#10694);
#14565 = PRESENTATION_STYLE_ASSIGNMENT((#14566));
#14566 = SURFACE_STYLE_USAGE(.BOTH.,#14567);
#14567 = SURFACE_SIDE_STYLE('',(#14568));
#14568 = SURFACE_STYLE_FILL_AREA(#14569);
#14569 = FILL_AREA_STYLE('',(#14570));
#14570 = FILL_AREA_STYLE_COLOUR('',#13693);
#14571 = STYLED_ITEM('color',(#14572),#10711);
#14572 = PRESENTATION_STYLE_ASSIGNMENT((#14573));
#14573 = SURFACE_STYLE_USAGE(.BOTH.,#14574);
#14574 = SURFACE_SIDE_STYLE('',(#14575));
#14575 = SURFACE_STYLE_FILL_AREA(#14576);
#14576 = FILL_AREA_STYLE('',(#14577));
#14577 = FILL_AREA_STYLE_COLOUR('',#13693);
#14578 = STYLED_ITEM('color',(#14579),#10728);
#14579 = PRESENTATION_STYLE_ASSIGNMENT((#14580));
#14580 = SURFACE_STYLE_USAGE(.BOTH.,#14581);
#14581 = SURFACE_SIDE_STYLE('',(#14582));
#14582 = SURFACE_STYLE_FILL_AREA(#14583);
#14583 = FILL_AREA_STYLE('',(#14584));
#14584 = FILL_AREA_STYLE_COLOUR('',#13693);
#14585 = STYLED_ITEM('color',(#14586),#10745);
#14586 = PRESENTATION_STYLE_ASSIGNMENT((#14587));
#14587 = SURFACE_STYLE_USAGE(.BOTH.,#14588);
#14588 = SURFACE_SIDE_STYLE('',(#14589));
#14589 = SURFACE_STYLE_FILL_AREA(#14590);
#14590 = FILL_AREA_STYLE('',(#14591));
#14591 = FILL_AREA_STYLE_COLOUR('',#13693);
#14592 = STYLED_ITEM('color',(#14593),#10762);
#14593 = PRESENTATION_STYLE_ASSIGNMENT((#14594));
#14594 = SURFACE_STYLE_USAGE(.BOTH.,#14595);
#14595 = SURFACE_SIDE_STYLE('',(#14596));
#14596 = SURFACE_STYLE_FILL_AREA(#14597);
#14597 = FILL_AREA_STYLE('',(#14598));
#14598 = FILL_AREA_STYLE_COLOUR('',#13693);
#14599 = STYLED_ITEM('color',(#14600),#10779);
#14600 = PRESENTATION_STYLE_ASSIGNMENT((#14601));
#14601 = SURFACE_STYLE_USAGE(.BOTH.,#14602);
#14602 = SURFACE_SIDE_STYLE('',(#14603));
#14603 = SURFACE_STYLE_FILL_AREA(#14604);
#14604 = FILL_AREA_STYLE('',(#14605));
#14605 = FILL_AREA_STYLE_COLOUR('',#13693);
#14606 = STYLED_ITEM('color',(#14607),#10796);
#14607 = PRESENTATION_STYLE_ASSIGNMENT((#14608));
#14608 = SURFACE_STYLE_USAGE(.BOTH.,#14609);
#14609 = SURFACE_SIDE_STYLE('',(#14610));
#14610 = SURFACE_STYLE_FILL_AREA(#14611);
#14611 = FILL_AREA_STYLE('',(#14612));
#14612 = FILL_AREA_STYLE_COLOUR('',#13693);
#14613 = STYLED_ITEM('color',(#14614),#10808);
#14614 = PRESENTATION_STYLE_ASSIGNMENT((#14615));
#14615 = SURFACE_STYLE_USAGE(.BOTH.,#14616);
#14616 = SURFACE_SIDE_STYLE('',(#14617));
#14617 = SURFACE_STYLE_FILL_AREA(#14618);
#14618 = FILL_AREA_STYLE('',(#14619));
#14619 = FILL_AREA_STYLE_COLOUR('',#13693);
#14620 = STYLED_ITEM('color',(#14621),#10825);
#14621 = PRESENTATION_STYLE_ASSIGNMENT((#14622));
#14622 = SURFACE_STYLE_USAGE(.BOTH.,#14623);
#14623 = SURFACE_SIDE_STYLE('',(#14624));
#14624 = SURFACE_STYLE_FILL_AREA(#14625);
#14625 = FILL_AREA_STYLE('',(#14626));
#14626 = FILL_AREA_STYLE_COLOUR('',#13693);
#14627 = STYLED_ITEM('color',(#14628),#10842);
#14628 = PRESENTATION_STYLE_ASSIGNMENT((#14629));
#14629 = SURFACE_STYLE_USAGE(.BOTH.,#14630);
#14630 = SURFACE_SIDE_STYLE('',(#14631));
#14631 = SURFACE_STYLE_FILL_AREA(#14632);
#14632 = FILL_AREA_STYLE('',(#14633));
#14633 = FILL_AREA_STYLE_COLOUR('',#13693);
#14634 = STYLED_ITEM('color',(#14635),#10859);
#14635 = PRESENTATION_STYLE_ASSIGNMENT((#14636));
#14636 = SURFACE_STYLE_USAGE(.BOTH.,#14637);
#14637 = SURFACE_SIDE_STYLE('',(#14638));
#14638 = SURFACE_STYLE_FILL_AREA(#14639);
#14639 = FILL_AREA_STYLE('',(#14640));
#14640 = FILL_AREA_STYLE_COLOUR('',#13693);
#14641 = STYLED_ITEM('color',(#14642),#10876);
#14642 = PRESENTATION_STYLE_ASSIGNMENT((#14643));
#14643 = SURFACE_STYLE_USAGE(.BOTH.,#14644);
#14644 = SURFACE_SIDE_STYLE('',(#14645));
#14645 = SURFACE_STYLE_FILL_AREA(#14646);
#14646 = FILL_AREA_STYLE('',(#14647));
#14647 = FILL_AREA_STYLE_COLOUR('',#13693);
#14648 = STYLED_ITEM('color',(#14649),#10893);
#14649 = PRESENTATION_STYLE_ASSIGNMENT((#14650));
#14650 = SURFACE_STYLE_USAGE(.BOTH.,#14651);
#14651 = SURFACE_SIDE_STYLE('',(#14652));
#14652 = SURFACE_STYLE_FILL_AREA(#14653);
#14653 = FILL_AREA_STYLE('',(#14654));
#14654 = FILL_AREA_STYLE_COLOUR('',#13693);
#14655 = STYLED_ITEM('color',(#14656),#10910);
#14656 = PRESENTATION_STYLE_ASSIGNMENT((#14657));
#14657 = SURFACE_STYLE_USAGE(.BOTH.,#14658);
#14658 = SURFACE_SIDE_STYLE('',(#14659));
#14659 = SURFACE_STYLE_FILL_AREA(#14660);
#14660 = FILL_AREA_STYLE('',(#14661));
#14661 = FILL_AREA_STYLE_COLOUR('',#13693);
#14662 = STYLED_ITEM('color',(#14663),#10927);
#14663 = PRESENTATION_STYLE_ASSIGNMENT((#14664));
#14664 = SURFACE_STYLE_USAGE(.BOTH.,#14665);
#14665 = SURFACE_SIDE_STYLE('',(#14666));
#14666 = SURFACE_STYLE_FILL_AREA(#14667);
#14667 = FILL_AREA_STYLE('',(#14668));
#14668 = FILL_AREA_STYLE_COLOUR('',#13693);
#14669 = STYLED_ITEM('color',(#14670),#10939);
#14670 = PRESENTATION_STYLE_ASSIGNMENT((#14671));
#14671 = SURFACE_STYLE_USAGE(.BOTH.,#14672);
#14672 = SURFACE_SIDE_STYLE('',(#14673));
#14673 = SURFACE_STYLE_FILL_AREA(#14674);
#14674 = FILL_AREA_STYLE('',(#14675));
#14675 = FILL_AREA_STYLE_COLOUR('',#13693);
#14676 = STYLED_ITEM('color',(#14677),#10956);
#14677 = PRESENTATION_STYLE_ASSIGNMENT((#14678));
#14678 = SURFACE_STYLE_USAGE(.BOTH.,#14679);
#14679 = SURFACE_SIDE_STYLE('',(#14680));
#14680 = SURFACE_STYLE_FILL_AREA(#14681);
#14681 = FILL_AREA_STYLE('',(#14682));
#14682 = FILL_AREA_STYLE_COLOUR('',#13693);
#14683 = STYLED_ITEM('color',(#14684),#10973);
#14684 = PRESENTATION_STYLE_ASSIGNMENT((#14685));
#14685 = SURFACE_STYLE_USAGE(.BOTH.,#14686);
#14686 = SURFACE_SIDE_STYLE('',(#14687));
#14687 = SURFACE_STYLE_FILL_AREA(#14688);
#14688 = FILL_AREA_STYLE('',(#14689));
#14689 = FILL_AREA_STYLE_COLOUR('',#13693);
#14690 = STYLED_ITEM('color',(#14691),#10990);
#14691 = PRESENTATION_STYLE_ASSIGNMENT((#14692));
#14692 = SURFACE_STYLE_USAGE(.BOTH.,#14693);
#14693 = SURFACE_SIDE_STYLE('',(#14694));
#14694 = SURFACE_STYLE_FILL_AREA(#14695);
#14695 = FILL_AREA_STYLE('',(#14696));
#14696 = FILL_AREA_STYLE_COLOUR('',#13693);
#14697 = STYLED_ITEM('color',(#14698),#11007);
#14698 = PRESENTATION_STYLE_ASSIGNMENT((#14699));
#14699 = SURFACE_STYLE_USAGE(.BOTH.,#14700);
#14700 = SURFACE_SIDE_STYLE('',(#14701));
#14701 = SURFACE_STYLE_FILL_AREA(#14702);
#14702 = FILL_AREA_STYLE('',(#14703));
#14703 = FILL_AREA_STYLE_COLOUR('',#13693);
#14704 = STYLED_ITEM('color',(#14705),#11024);
#14705 = PRESENTATION_STYLE_ASSIGNMENT((#14706));
#14706 = SURFACE_STYLE_USAGE(.BOTH.,#14707);
#14707 = SURFACE_SIDE_STYLE('',(#14708));
#14708 = SURFACE_STYLE_FILL_AREA(#14709);
#14709 = FILL_AREA_STYLE('',(#14710));
#14710 = FILL_AREA_STYLE_COLOUR('',#13693);
#14711 = STYLED_ITEM('color',(#14712),#11041);
#14712 = PRESENTATION_STYLE_ASSIGNMENT((#14713));
#14713 = SURFACE_STYLE_USAGE(.BOTH.,#14714);
#14714 = SURFACE_SIDE_STYLE('',(#14715));
#14715 = SURFACE_STYLE_FILL_AREA(#14716);
#14716 = FILL_AREA_STYLE('',(#14717));
#14717 = FILL_AREA_STYLE_COLOUR('',#13693);
#14718 = STYLED_ITEM('color',(#14719),#11058);
#14719 = PRESENTATION_STYLE_ASSIGNMENT((#14720));
#14720 = SURFACE_STYLE_USAGE(.BOTH.,#14721);
#14721 = SURFACE_SIDE_STYLE('',(#14722));
#14722 = SURFACE_STYLE_FILL_AREA(#14723);
#14723 = FILL_AREA_STYLE('',(#14724));
#14724 = FILL_AREA_STYLE_COLOUR('',#13693);
#14725 = STYLED_ITEM('color',(#14726),#11070);
#14726 = PRESENTATION_STYLE_ASSIGNMENT((#14727));
#14727 = SURFACE_STYLE_USAGE(.BOTH.,#14728);
#14728 = SURFACE_SIDE_STYLE('',(#14729));
#14729 = SURFACE_STYLE_FILL_AREA(#14730);
#14730 = FILL_AREA_STYLE('',(#14731));
#14731 = FILL_AREA_STYLE_COLOUR('',#13693);
#14732 = STYLED_ITEM('color',(#14733),#11087);
#14733 = PRESENTATION_STYLE_ASSIGNMENT((#14734));
#14734 = SURFACE_STYLE_USAGE(.BOTH.,#14735);
#14735 = SURFACE_SIDE_STYLE('',(#14736));
#14736 = SURFACE_STYLE_FILL_AREA(#14737);
#14737 = FILL_AREA_STYLE('',(#14738));
#14738 = FILL_AREA_STYLE_COLOUR('',#13693);
#14739 = STYLED_ITEM('color',(#14740),#11104);
#14740 = PRESENTATION_STYLE_ASSIGNMENT((#14741));
#14741 = SURFACE_STYLE_USAGE(.BOTH.,#14742);
#14742 = SURFACE_SIDE_STYLE('',(#14743));
#14743 = SURFACE_STYLE_FILL_AREA(#14744);
#14744 = FILL_AREA_STYLE('',(#14745));
#14745 = FILL_AREA_STYLE_COLOUR('',#13693);
#14746 = STYLED_ITEM('color',(#14747),#11121);
#14747 = PRESENTATION_STYLE_ASSIGNMENT((#14748));
#14748 = SURFACE_STYLE_USAGE(.BOTH.,#14749);
#14749 = SURFACE_SIDE_STYLE('',(#14750));
#14750 = SURFACE_STYLE_FILL_AREA(#14751);
#14751 = FILL_AREA_STYLE('',(#14752));
#14752 = FILL_AREA_STYLE_COLOUR('',#13693);
#14753 = STYLED_ITEM('color',(#14754),#11138);
#14754 = PRESENTATION_STYLE_ASSIGNMENT((#14755));
#14755 = SURFACE_STYLE_USAGE(.BOTH.,#14756);
#14756 = SURFACE_SIDE_STYLE('',(#14757));
#14757 = SURFACE_STYLE_FILL_AREA(#14758);
#14758 = FILL_AREA_STYLE('',(#14759));
#14759 = FILL_AREA_STYLE_COLOUR('',#13693);
#14760 = STYLED_ITEM('color',(#14761),#11155);
#14761 = PRESENTATION_STYLE_ASSIGNMENT((#14762));
#14762 = SURFACE_STYLE_USAGE(.BOTH.,#14763);
#14763 = SURFACE_SIDE_STYLE('',(#14764));
#14764 = SURFACE_STYLE_FILL_AREA(#14765);
#14765 = FILL_AREA_STYLE('',(#14766));
#14766 = FILL_AREA_STYLE_COLOUR('',#13693);
#14767 = STYLED_ITEM('color',(#14768),#11172);
#14768 = PRESENTATION_STYLE_ASSIGNMENT((#14769));
#14769 = SURFACE_STYLE_USAGE(.BOTH.,#14770);
#14770 = SURFACE_SIDE_STYLE('',(#14771));
#14771 = SURFACE_STYLE_FILL_AREA(#14772);
#14772 = FILL_AREA_STYLE('',(#14773));
#14773 = FILL_AREA_STYLE_COLOUR('',#13693);
#14774 = STYLED_ITEM('color',(#14775),#11189);
#14775 = PRESENTATION_STYLE_ASSIGNMENT((#14776));
#14776 = SURFACE_STYLE_USAGE(.BOTH.,#14777);
#14777 = SURFACE_SIDE_STYLE('',(#14778));
#14778 = SURFACE_STYLE_FILL_AREA(#14779);
#14779 = FILL_AREA_STYLE('',(#14780));
#14780 = FILL_AREA_STYLE_COLOUR('',#13693);
#14781 = MECHANICAL_DESIGN_GEOMETRIC_PRESENTATION_REPRESENTATION('',(
    #14782,#14792,#14802,#14812,#14821,#14830,#14839,#14848),#3312);
#14782 = STYLED_ITEM('color',(#14783),#1008);
#14783 = PRESENTATION_STYLE_ASSIGNMENT((#14784,#14790));
#14784 = SURFACE_STYLE_USAGE(.BOTH.,#14785);
#14785 = SURFACE_SIDE_STYLE('',(#14786));
#14786 = SURFACE_STYLE_FILL_AREA(#14787);
#14787 = FILL_AREA_STYLE('',(#14788));
#14788 = FILL_AREA_STYLE_COLOUR('',#14789);
#14789 = COLOUR_RGB('',0.399999997426,0.275999994077,0.);
#14790 = CURVE_STYLE('',#14791,POSITIVE_LENGTH_MEASURE(0.1),#14789);
#14791 = DRAUGHTING_PRE_DEFINED_CURVE_FONT('continuous');
#14792 = STYLED_ITEM('color',(#14793),#1294);
#14793 = PRESENTATION_STYLE_ASSIGNMENT((#14794,#14800));
#14794 = SURFACE_STYLE_USAGE(.BOTH.,#14795);
#14795 = SURFACE_SIDE_STYLE('',(#14796));
#14796 = SURFACE_STYLE_FILL_AREA(#14797);
#14797 = FILL_AREA_STYLE('',(#14798));
#14798 = FILL_AREA_STYLE_COLOUR('',#14799);
#14799 = COLOUR_RGB('',0.384313730969,0.384313730969,0.384313730969);
#14800 = CURVE_STYLE('',#14801,POSITIVE_LENGTH_MEASURE(0.1),#14799);
#14801 = DRAUGHTING_PRE_DEFINED_CURVE_FONT('continuous');
#14802 = STYLED_ITEM('color',(#14803),#1584);
#14803 = PRESENTATION_STYLE_ASSIGNMENT((#14804,#14810));
#14804 = SURFACE_STYLE_USAGE(.BOTH.,#14805);
#14805 = SURFACE_SIDE_STYLE('',(#14806));
#14806 = SURFACE_STYLE_FILL_AREA(#14807);
#14807 = FILL_AREA_STYLE('',(#14808));
#14808 = FILL_AREA_STYLE_COLOUR('',#14809);
#14809 = COLOUR_RGB('',0.399999997426,0.274509816483,0.);
#14810 = CURVE_STYLE('',#14811,POSITIVE_LENGTH_MEASURE(0.1),#14809);
#14811 = DRAUGHTING_PRE_DEFINED_CURVE_FONT('continuous');
#14812 = STYLED_ITEM('color',(#14813),#1870);
#14813 = PRESENTATION_STYLE_ASSIGNMENT((#14814,#14819));
#14814 = SURFACE_STYLE_USAGE(.BOTH.,#14815);
#14815 = SURFACE_SIDE_STYLE('',(#14816));
#14816 = SURFACE_STYLE_FILL_AREA(#14817);
#14817 = FILL_AREA_STYLE('',(#14818));
#14818 = FILL_AREA_STYLE_COLOUR('',#14809);
#14819 = CURVE_STYLE('',#14820,POSITIVE_LENGTH_MEASURE(0.1),#14809);
#14820 = DRAUGHTING_PRE_DEFINED_CURVE_FONT('continuous');
#14821 = STYLED_ITEM('color',(#14822),#2156);
#14822 = PRESENTATION_STYLE_ASSIGNMENT((#14823,#14828));
#14823 = SURFACE_STYLE_USAGE(.BOTH.,#14824);
#14824 = SURFACE_SIDE_STYLE('',(#14825));
#14825 = SURFACE_STYLE_FILL_AREA(#14826);
#14826 = FILL_AREA_STYLE('',(#14827));
#14827 = FILL_AREA_STYLE_COLOUR('',#14809);
#14828 = CURVE_STYLE('',#14829,POSITIVE_LENGTH_MEASURE(0.1),#14809);
#14829 = DRAUGHTING_PRE_DEFINED_CURVE_FONT('continuous');
#14830 = STYLED_ITEM('color',(#14831),#2442);
#14831 = PRESENTATION_STYLE_ASSIGNMENT((#14832,#14837));
#14832 = SURFACE_STYLE_USAGE(.BOTH.,#14833);
#14833 = SURFACE_SIDE_STYLE('',(#14834));
#14834 = SURFACE_STYLE_FILL_AREA(#14835);
#14835 = FILL_AREA_STYLE('',(#14836));
#14836 = FILL_AREA_STYLE_COLOUR('',#14799);
#14837 = CURVE_STYLE('',#14838,POSITIVE_LENGTH_MEASURE(0.1),#14799);
#14838 = DRAUGHTING_PRE_DEFINED_CURVE_FONT('continuous');
#14839 = STYLED_ITEM('color',(#14840),#2732);
#14840 = PRESENTATION_STYLE_ASSIGNMENT((#14841,#14846));
#14841 = SURFACE_STYLE_USAGE(.BOTH.,#14842);
#14842 = SURFACE_SIDE_STYLE('',(#14843));
#14843 = SURFACE_STYLE_FILL_AREA(#14844);
#14844 = FILL_AREA_STYLE('',(#14845));
#14845 = FILL_AREA_STYLE_COLOUR('',#14799);
#14846 = CURVE_STYLE('',#14847,POSITIVE_LENGTH_MEASURE(0.1),#14799);
#14847 = DRAUGHTING_PRE_DEFINED_CURVE_FONT('continuous');
#14848 = STYLED_ITEM('color',(#14849),#3022);
#14849 = PRESENTATION_STYLE_ASSIGNMENT((#14850,#14855));
#14850 = SURFACE_STYLE_USAGE(.BOTH.,#14851);
#14851 = SURFACE_SIDE_STYLE('',(#14852));
#14852 = SURFACE_STYLE_FILL_AREA(#14853);
#14853 = FILL_AREA_STYLE('',(#14854));
#14854 = FILL_AREA_STYLE_COLOUR('',#14799);
#14855 = CURVE_STYLE('',#14856,POSITIVE_LENGTH_MEASURE(0.1),#14799);
#14856 = DRAUGHTING_PRE_DEFINED_CURVE_FONT('continuous');
#14857 = MECHANICAL_DESIGN_GEOMETRIC_PRESENTATION_REPRESENTATION('',(
    #14858,#14866,#14873,#14880,#14887,#14894,#14901,#14908,#14915,
    #14922,#14929,#14936,#14943,#14950,#14958,#14965,#14972,#14979,
    #14986,#14993,#15000,#15007,#15014,#15021,#15028,#15035),#4149);
#14858 = STYLED_ITEM('color',(#14859),#3361);
#14859 = PRESENTATION_STYLE_ASSIGNMENT((#14860));
#14860 = SURFACE_STYLE_USAGE(.BOTH.,#14861);
#14861 = SURFACE_SIDE_STYLE('',(#14862));
#14862 = SURFACE_STYLE_FILL_AREA(#14863);
#14863 = FILL_AREA_STYLE('',(#14864));
#14864 = FILL_AREA_STYLE_COLOUR('',#14865);
#14865 = COLOUR_RGB('',0.823999987314,0.819999987296,0.781000009244);
#14866 = STYLED_ITEM('color',(#14867),#3401);
#14867 = PRESENTATION_STYLE_ASSIGNMENT((#14868));
#14868 = SURFACE_STYLE_USAGE(.BOTH.,#14869);
#14869 = SURFACE_SIDE_STYLE('',(#14870));
#14870 = SURFACE_STYLE_FILL_AREA(#14871);
#14871 = FILL_AREA_STYLE('',(#14872));
#14872 = FILL_AREA_STYLE_COLOUR('',#14865);
#14873 = STYLED_ITEM('color',(#14874),#3484);
#14874 = PRESENTATION_STYLE_ASSIGNMENT((#14875));
#14875 = SURFACE_STYLE_USAGE(.BOTH.,#14876);
#14876 = SURFACE_SIDE_STYLE('',(#14877));
#14877 = SURFACE_STYLE_FILL_AREA(#14878);
#14878 = FILL_AREA_STYLE('',(#14879));
#14879 = FILL_AREA_STYLE_COLOUR('',#14865);
#14880 = STYLED_ITEM('color',(#14881),#3509);
#14881 = PRESENTATION_STYLE_ASSIGNMENT((#14882));
#14882 = SURFACE_STYLE_USAGE(.BOTH.,#14883);
#14883 = SURFACE_SIDE_STYLE('',(#14884));
#14884 = SURFACE_STYLE_FILL_AREA(#14885);
#14885 = FILL_AREA_STYLE('',(#14886));
#14886 = FILL_AREA_STYLE_COLOUR('',#14865);
#14887 = STYLED_ITEM('color',(#14888),#3534);
#14888 = PRESENTATION_STYLE_ASSIGNMENT((#14889));
#14889 = SURFACE_STYLE_USAGE(.BOTH.,#14890);
#14890 = SURFACE_SIDE_STYLE('',(#14891));
#14891 = SURFACE_STYLE_FILL_AREA(#14892);
#14892 = FILL_AREA_STYLE('',(#14893));
#14893 = FILL_AREA_STYLE_COLOUR('',#14865);
#14894 = STYLED_ITEM('color',(#14895),#3601);
#14895 = PRESENTATION_STYLE_ASSIGNMENT((#14896));
#14896 = SURFACE_STYLE_USAGE(.BOTH.,#14897);
#14897 = SURFACE_SIDE_STYLE('',(#14898));
#14898 = SURFACE_STYLE_FILL_AREA(#14899);
#14899 = FILL_AREA_STYLE('',(#14900));
#14900 = FILL_AREA_STYLE_COLOUR('',#14865);
#14901 = STYLED_ITEM('color',(#14902),#3618);
#14902 = PRESENTATION_STYLE_ASSIGNMENT((#14903));
#14903 = SURFACE_STYLE_USAGE(.BOTH.,#14904);
#14904 = SURFACE_SIDE_STYLE('',(#14905));
#14905 = SURFACE_STYLE_FILL_AREA(#14906);
#14906 = FILL_AREA_STYLE('',(#14907));
#14907 = FILL_AREA_STYLE_COLOUR('',#14865);
#14908 = STYLED_ITEM('color',(#14909),#3635);
#14909 = PRESENTATION_STYLE_ASSIGNMENT((#14910));
#14910 = SURFACE_STYLE_USAGE(.BOTH.,#14911);
#14911 = SURFACE_SIDE_STYLE('',(#14912));
#14912 = SURFACE_STYLE_FILL_AREA(#14913);
#14913 = FILL_AREA_STYLE('',(#14914));
#14914 = FILL_AREA_STYLE_COLOUR('',#13339);
#14915 = STYLED_ITEM('color',(#14916),#3684);
#14916 = PRESENTATION_STYLE_ASSIGNMENT((#14917));
#14917 = SURFACE_STYLE_USAGE(.BOTH.,#14918);
#14918 = SURFACE_SIDE_STYLE('',(#14919));
#14919 = SURFACE_STYLE_FILL_AREA(#14920);
#14920 = FILL_AREA_STYLE('',(#14921));
#14921 = FILL_AREA_STYLE_COLOUR('',#14865);
#14922 = STYLED_ITEM('color',(#14923),#3701);
#14923 = PRESENTATION_STYLE_ASSIGNMENT((#14924));
#14924 = SURFACE_STYLE_USAGE(.BOTH.,#14925);
#14925 = SURFACE_SIDE_STYLE('',(#14926));
#14926 = SURFACE_STYLE_FILL_AREA(#14927);
#14927 = FILL_AREA_STYLE('',(#14928));
#14928 = FILL_AREA_STYLE_COLOUR('',#14865);
#14929 = STYLED_ITEM('color',(#14930),#3718);
#14930 = PRESENTATION_STYLE_ASSIGNMENT((#14931));
#14931 = SURFACE_STYLE_USAGE(.BOTH.,#14932);
#14932 = SURFACE_SIDE_STYLE('',(#14933));
#14933 = SURFACE_STYLE_FILL_AREA(#14934);
#14934 = FILL_AREA_STYLE('',(#14935));
#14935 = FILL_AREA_STYLE_COLOUR('',#13339);
#14936 = STYLED_ITEM('color',(#14937),#3767);
#14937 = PRESENTATION_STYLE_ASSIGNMENT((#14938));
#14938 = SURFACE_STYLE_USAGE(.BOTH.,#14939);
#14939 = SURFACE_SIDE_STYLE('',(#14940));
#14940 = SURFACE_STYLE_FILL_AREA(#14941);
#14941 = FILL_AREA_STYLE('',(#14942));
#14942 = FILL_AREA_STYLE_COLOUR('',#13339);
#14943 = STYLED_ITEM('color',(#14944),#3784);
#14944 = PRESENTATION_STYLE_ASSIGNMENT((#14945));
#14945 = SURFACE_STYLE_USAGE(.BOTH.,#14946);
#14946 = SURFACE_SIDE_STYLE('',(#14947));
#14947 = SURFACE_STYLE_FILL_AREA(#14948);
#14948 = FILL_AREA_STYLE('',(#14949));
#14949 = FILL_AREA_STYLE_COLOUR('',#14865);
#14950 = STYLED_ITEM('color',(#14951),#3853);
#14951 = PRESENTATION_STYLE_ASSIGNMENT((#14952));
#14952 = SURFACE_STYLE_USAGE(.BOTH.,#14953);
#14953 = SURFACE_SIDE_STYLE('',(#14954));
#14954 = SURFACE_STYLE_FILL_AREA(#14955);
#14955 = FILL_AREA_STYLE('',(#14956));
#14956 = FILL_AREA_STYLE_COLOUR('',#14957);
#14957 = COLOUR_RGB('',8.200000279077E-02,8.600000121357E-02,
  9.399999706163E-02);
#14958 = STYLED_ITEM('color',(#14959),#3884);
#14959 = PRESENTATION_STYLE_ASSIGNMENT((#14960));
#14960 = SURFACE_STYLE_USAGE(.BOTH.,#14961);
#14961 = SURFACE_SIDE_STYLE('',(#14962));
#14962 = SURFACE_STYLE_FILL_AREA(#14963);
#14963 = FILL_AREA_STYLE('',(#14964));
#14964 = FILL_AREA_STYLE_COLOUR('',#14957);
#14965 = STYLED_ITEM('color',(#14966),#3908);
#14966 = PRESENTATION_STYLE_ASSIGNMENT((#14967));
#14967 = SURFACE_STYLE_USAGE(.BOTH.,#14968);
#14968 = SURFACE_SIDE_STYLE('',(#14969));
#14969 = SURFACE_STYLE_FILL_AREA(#14970);
#14970 = FILL_AREA_STYLE('',(#14971));
#14971 = FILL_AREA_STYLE_COLOUR('',#14865);
#14972 = STYLED_ITEM('color',(#14973),#3977);
#14973 = PRESENTATION_STYLE_ASSIGNMENT((#14974));
#14974 = SURFACE_STYLE_USAGE(.BOTH.,#14975);
#14975 = SURFACE_SIDE_STYLE('',(#14976));
#14976 = SURFACE_STYLE_FILL_AREA(#14977);
#14977 = FILL_AREA_STYLE('',(#14978));
#14978 = FILL_AREA_STYLE_COLOUR('',#14957);
#14979 = STYLED_ITEM('color',(#14980),#4001);
#14980 = PRESENTATION_STYLE_ASSIGNMENT((#14981));
#14981 = SURFACE_STYLE_USAGE(.BOTH.,#14982);
#14982 = SURFACE_SIDE_STYLE('',(#14983));
#14983 = SURFACE_STYLE_FILL_AREA(#14984);
#14984 = FILL_AREA_STYLE('',(#14985));
#14985 = FILL_AREA_STYLE_COLOUR('',#14865);
#14986 = STYLED_ITEM('color',(#14987),#4018);
#14987 = PRESENTATION_STYLE_ASSIGNMENT((#14988));
#14988 = SURFACE_STYLE_USAGE(.BOTH.,#14989);
#14989 = SURFACE_SIDE_STYLE('',(#14990));
#14990 = SURFACE_STYLE_FILL_AREA(#14991);
#14991 = FILL_AREA_STYLE('',(#14992));
#14992 = FILL_AREA_STYLE_COLOUR('',#14865);
#14993 = STYLED_ITEM('color',(#14994),#4035);
#14994 = PRESENTATION_STYLE_ASSIGNMENT((#14995));
#14995 = SURFACE_STYLE_USAGE(.BOTH.,#14996);
#14996 = SURFACE_SIDE_STYLE('',(#14997));
#14997 = SURFACE_STYLE_FILL_AREA(#14998);
#14998 = FILL_AREA_STYLE('',(#14999));
#14999 = FILL_AREA_STYLE_COLOUR('',#14865);
#15000 = STYLED_ITEM('color',(#15001),#4052);
#15001 = PRESENTATION_STYLE_ASSIGNMENT((#15002));
#15002 = SURFACE_STYLE_USAGE(.BOTH.,#15003);
#15003 = SURFACE_SIDE_STYLE('',(#15004));
#15004 = SURFACE_STYLE_FILL_AREA(#15005);
#15005 = FILL_AREA_STYLE('',(#15006));
#15006 = FILL_AREA_STYLE_COLOUR('',#14865);
#15007 = STYLED_ITEM('color',(#15008),#4069);
#15008 = PRESENTATION_STYLE_ASSIGNMENT((#15009));
#15009 = SURFACE_STYLE_USAGE(.BOTH.,#15010);
#15010 = SURFACE_SIDE_STYLE('',(#15011));
#15011 = SURFACE_STYLE_FILL_AREA(#15012);
#15012 = FILL_AREA_STYLE('',(#15013));
#15013 = FILL_AREA_STYLE_COLOUR('',#14865);
#15014 = STYLED_ITEM('color',(#15015),#4086);
#15015 = PRESENTATION_STYLE_ASSIGNMENT((#15016));
#15016 = SURFACE_STYLE_USAGE(.BOTH.,#15017);
#15017 = SURFACE_SIDE_STYLE('',(#15018));
#15018 = SURFACE_STYLE_FILL_AREA(#15019);
#15019 = FILL_AREA_STYLE('',(#15020));
#15020 = FILL_AREA_STYLE_COLOUR('',#14865);
#15021 = STYLED_ITEM('color',(#15022),#4103);
#15022 = PRESENTATION_STYLE_ASSIGNMENT((#15023));
#15023 = SURFACE_STYLE_USAGE(.BOTH.,#15024);
#15024 = SURFACE_SIDE_STYLE('',(#15025));
#15025 = SURFACE_STYLE_FILL_AREA(#15026);
#15026 = FILL_AREA_STYLE('',(#15027));
#15027 = FILL_AREA_STYLE_COLOUR('',#14865);
#15028 = STYLED_ITEM('color',(#15029),#4120);
#15029 = PRESENTATION_STYLE_ASSIGNMENT((#15030));
#15030 = SURFACE_STYLE_USAGE(.BOTH.,#15031);
#15031 = SURFACE_SIDE_STYLE('',(#15032));
#15032 = SURFACE_STYLE_FILL_AREA(#15033);
#15033 = FILL_AREA_STYLE('',(#15034));
#15034 = FILL_AREA_STYLE_COLOUR('',#14957);
#15035 = STYLED_ITEM('color',(#15036),#4137);
#15036 = PRESENTATION_STYLE_ASSIGNMENT((#15037));
#15037 = SURFACE_STYLE_USAGE(.BOTH.,#15038);
#15038 = SURFACE_SIDE_STYLE('',(#15039));
#15039 = SURFACE_STYLE_FILL_AREA(#15040);
#15040 = FILL_AREA_STYLE('',(#15041));
#15041 = FILL_AREA_STYLE_COLOUR('',#14957);
#15042 = MECHANICAL_DESIGN_GEOMETRIC_PRESENTATION_REPRESENTATION('',(
    #15043,#15050,#15057,#15064,#15071,#15078,#15085,#15092,#15099,
    #15106,#15113,#15121,#15128,#15135,#15142,#15149,#15156,#15163,
    #15170,#15177,#15184,#15191,#15198,#15205,#15212,#15219,#15226,
    #15233),#966);
#15043 = STYLED_ITEM('color',(#15044),#114);
#15044 = PRESENTATION_STYLE_ASSIGNMENT((#15045));
#15045 = SURFACE_STYLE_USAGE(.BOTH.,#15046);
#15046 = SURFACE_SIDE_STYLE('',(#15047));
#15047 = SURFACE_STYLE_FILL_AREA(#15048);
#15048 = FILL_AREA_STYLE('',(#15049));
#15049 = FILL_AREA_STYLE_COLOUR('',#14865);
#15050 = STYLED_ITEM('color',(#15051),#190);
#15051 = PRESENTATION_STYLE_ASSIGNMENT((#15052));
#15052 = SURFACE_STYLE_USAGE(.BOTH.,#15053);
#15053 = SURFACE_SIDE_STYLE('',(#15054));
#15054 = SURFACE_STYLE_FILL_AREA(#15055);
#15055 = FILL_AREA_STYLE('',(#15056));
#15056 = FILL_AREA_STYLE_COLOUR('',#14865);
#15057 = STYLED_ITEM('color',(#15058),#221);
#15058 = PRESENTATION_STYLE_ASSIGNMENT((#15059));
#15059 = SURFACE_STYLE_USAGE(.BOTH.,#15060);
#15060 = SURFACE_SIDE_STYLE('',(#15061));
#15061 = SURFACE_STYLE_FILL_AREA(#15062);
#15062 = FILL_AREA_STYLE('',(#15063));
#15063 = FILL_AREA_STYLE_COLOUR('',#14865);
#15064 = STYLED_ITEM('color',(#15065),#246);
#15065 = PRESENTATION_STYLE_ASSIGNMENT((#15066));
#15066 = SURFACE_STYLE_USAGE(.BOTH.,#15067);
#15067 = SURFACE_SIDE_STYLE('',(#15068));
#15068 = SURFACE_STYLE_FILL_AREA(#15069);
#15069 = FILL_AREA_STYLE('',(#15070));
#15070 = FILL_AREA_STYLE_COLOUR('',#14865);
#15071 = STYLED_ITEM('color',(#15072),#271);
#15072 = PRESENTATION_STYLE_ASSIGNMENT((#15073));
#15073 = SURFACE_STYLE_USAGE(.BOTH.,#15074);
#15074 = SURFACE_SIDE_STYLE('',(#15075));
#15075 = SURFACE_STYLE_FILL_AREA(#15076);
#15076 = FILL_AREA_STYLE('',(#15077));
#15077 = FILL_AREA_STYLE_COLOUR('',#14865);
#15078 = STYLED_ITEM('color',(#15079),#295);
#15079 = PRESENTATION_STYLE_ASSIGNMENT((#15080));
#15080 = SURFACE_STYLE_USAGE(.BOTH.,#15081);
#15081 = SURFACE_SIDE_STYLE('',(#15082));
#15082 = SURFACE_STYLE_FILL_AREA(#15083);
#15083 = FILL_AREA_STYLE('',(#15084));
#15084 = FILL_AREA_STYLE_COLOUR('',#14865);
#15085 = STYLED_ITEM('color',(#15086),#319);
#15086 = PRESENTATION_STYLE_ASSIGNMENT((#15087));
#15087 = SURFACE_STYLE_USAGE(.BOTH.,#15088);
#15088 = SURFACE_SIDE_STYLE('',(#15089));
#15089 = SURFACE_STYLE_FILL_AREA(#15090);
#15090 = FILL_AREA_STYLE('',(#15091));
#15091 = FILL_AREA_STYLE_COLOUR('',#14865);
#15092 = STYLED_ITEM('color',(#15093),#344);
#15093 = PRESENTATION_STYLE_ASSIGNMENT((#15094));
#15094 = SURFACE_STYLE_USAGE(.BOTH.,#15095);
#15095 = SURFACE_SIDE_STYLE('',(#15096));
#15096 = SURFACE_STYLE_FILL_AREA(#15097);
#15097 = FILL_AREA_STYLE('',(#15098));
#15098 = FILL_AREA_STYLE_COLOUR('',#14865);
#15099 = STYLED_ITEM('color',(#15100),#369);
#15100 = PRESENTATION_STYLE_ASSIGNMENT((#15101));
#15101 = SURFACE_STYLE_USAGE(.BOTH.,#15102);
#15102 = SURFACE_SIDE_STYLE('',(#15103));
#15103 = SURFACE_STYLE_FILL_AREA(#15104);
#15104 = FILL_AREA_STYLE('',(#15105));
#15105 = FILL_AREA_STYLE_COLOUR('',#14865);
#15106 = STYLED_ITEM('color',(#15107),#386);
#15107 = PRESENTATION_STYLE_ASSIGNMENT((#15108));
#15108 = SURFACE_STYLE_USAGE(.BOTH.,#15109);
#15109 = SURFACE_SIDE_STYLE('',(#15110));
#15110 = SURFACE_STYLE_FILL_AREA(#15111);
#15111 = FILL_AREA_STYLE('',(#15112));
#15112 = FILL_AREA_STYLE_COLOUR('',#14865);
#15113 = STYLED_ITEM('color',(#15114),#472);
#15114 = PRESENTATION_STYLE_ASSIGNMENT((#15115));
#15115 = SURFACE_STYLE_USAGE(.BOTH.,#15116);
#15116 = SURFACE_SIDE_STYLE('',(#15117));
#15117 = SURFACE_STYLE_FILL_AREA(#15118);
#15118 = FILL_AREA_STYLE('',(#15119));
#15119 = FILL_AREA_STYLE_COLOUR('',#15120);
#15120 = COLOUR_RGB('',0.379000005575,0.270000008848,0.214999999939);
#15121 = STYLED_ITEM('color',(#15122),#504);
#15122 = PRESENTATION_STYLE_ASSIGNMENT((#15123));
#15123 = SURFACE_STYLE_USAGE(.BOTH.,#15124);
#15124 = SURFACE_SIDE_STYLE('',(#15125));
#15125 = SURFACE_STYLE_FILL_AREA(#15126);
#15126 = FILL_AREA_STYLE('',(#15127));
#15127 = FILL_AREA_STYLE_COLOUR('',#15120);
#15128 = STYLED_ITEM('color',(#15129),#528);
#15129 = PRESENTATION_STYLE_ASSIGNMENT((#15130));
#15130 = SURFACE_STYLE_USAGE(.BOTH.,#15131);
#15131 = SURFACE_SIDE_STYLE('',(#15132));
#15132 = SURFACE_STYLE_FILL_AREA(#15133);
#15133 = FILL_AREA_STYLE('',(#15134));
#15134 = FILL_AREA_STYLE_COLOUR('',#15120);
#15135 = STYLED_ITEM('color',(#15136),#553);
#15136 = PRESENTATION_STYLE_ASSIGNMENT((#15137));
#15137 = SURFACE_STYLE_USAGE(.BOTH.,#15138);
#15138 = SURFACE_SIDE_STYLE('',(#15139));
#15139 = SURFACE_STYLE_FILL_AREA(#15140);
#15140 = FILL_AREA_STYLE('',(#15141));
#15141 = FILL_AREA_STYLE_COLOUR('',#15120);
#15142 = STYLED_ITEM('color',(#15143),#577);
#15143 = PRESENTATION_STYLE_ASSIGNMENT((#15144));
#15144 = SURFACE_STYLE_USAGE(.BOTH.,#15145);
#15145 = SURFACE_SIDE_STYLE('',(#15146));
#15146 = SURFACE_STYLE_FILL_AREA(#15147);
#15147 = FILL_AREA_STYLE('',(#15148));
#15148 = FILL_AREA_STYLE_COLOUR('',#15120);
#15149 = STYLED_ITEM('color',(#15150),#602);
#15150 = PRESENTATION_STYLE_ASSIGNMENT((#15151));
#15151 = SURFACE_STYLE_USAGE(.BOTH.,#15152);
#15152 = SURFACE_SIDE_STYLE('',(#15153));
#15153 = SURFACE_STYLE_FILL_AREA(#15154);
#15154 = FILL_AREA_STYLE('',(#15155));
#15155 = FILL_AREA_STYLE_COLOUR('',#15120);
#15156 = STYLED_ITEM('color',(#15157),#626);
#15157 = PRESENTATION_STYLE_ASSIGNMENT((#15158));
#15158 = SURFACE_STYLE_USAGE(.BOTH.,#15159);
#15159 = SURFACE_SIDE_STYLE('',(#15160));
#15160 = SURFACE_STYLE_FILL_AREA(#15161);
#15161 = FILL_AREA_STYLE('',(#15162));
#15162 = FILL_AREA_STYLE_COLOUR('',#15120);
#15163 = STYLED_ITEM('color',(#15164),#651);
#15164 = PRESENTATION_STYLE_ASSIGNMENT((#15165));
#15165 = SURFACE_STYLE_USAGE(.BOTH.,#15166);
#15166 = SURFACE_SIDE_STYLE('',(#15167));
#15167 = SURFACE_STYLE_FILL_AREA(#15168);
#15168 = FILL_AREA_STYLE('',(#15169));
#15169 = FILL_AREA_STYLE_COLOUR('',#15120);
#15170 = STYLED_ITEM('color',(#15171),#668);
#15171 = PRESENTATION_STYLE_ASSIGNMENT((#15172));
#15172 = SURFACE_STYLE_USAGE(.BOTH.,#15173);
#15173 = SURFACE_SIDE_STYLE('',(#15174));
#15174 = SURFACE_STYLE_FILL_AREA(#15175);
#15175 = FILL_AREA_STYLE('',(#15176));
#15176 = FILL_AREA_STYLE_COLOUR('',#14865);
#15177 = STYLED_ITEM('color',(#15178),#754);
#15178 = PRESENTATION_STYLE_ASSIGNMENT((#15179));
#15179 = SURFACE_STYLE_USAGE(.BOTH.,#15180);
#15180 = SURFACE_SIDE_STYLE('',(#15181));
#15181 = SURFACE_STYLE_FILL_AREA(#15182);
#15182 = FILL_AREA_STYLE('',(#15183));
#15183 = FILL_AREA_STYLE_COLOUR('',#14865);
#15184 = STYLED_ITEM('color',(#15185),#785);
#15185 = PRESENTATION_STYLE_ASSIGNMENT((#15186));
#15186 = SURFACE_STYLE_USAGE(.BOTH.,#15187);
#15187 = SURFACE_SIDE_STYLE('',(#15188));
#15188 = SURFACE_STYLE_FILL_AREA(#15189);
#15189 = FILL_AREA_STYLE('',(#15190));
#15190 = FILL_AREA_STYLE_COLOUR('',#14865);
#15191 = STYLED_ITEM('color',(#15192),#810);
#15192 = PRESENTATION_STYLE_ASSIGNMENT((#15193));
#15193 = SURFACE_STYLE_USAGE(.BOTH.,#15194);
#15194 = SURFACE_SIDE_STYLE('',(#15195));
#15195 = SURFACE_STYLE_FILL_AREA(#15196);
#15196 = FILL_AREA_STYLE('',(#15197));
#15197 = FILL_AREA_STYLE_COLOUR('',#14865);
#15198 = STYLED_ITEM('color',(#15199),#835);
#15199 = PRESENTATION_STYLE_ASSIGNMENT((#15200));
#15200 = SURFACE_STYLE_USAGE(.BOTH.,#15201);
#15201 = SURFACE_SIDE_STYLE('',(#15202));
#15202 = SURFACE_STYLE_FILL_AREA(#15203);
#15203 = FILL_AREA_STYLE('',(#15204));
#15204 = FILL_AREA_STYLE_COLOUR('',#14865);
#15205 = STYLED_ITEM('color',(#15206),#859);
#15206 = PRESENTATION_STYLE_ASSIGNMENT((#15207));
#15207 = SURFACE_STYLE_USAGE(.BOTH.,#15208);
#15208 = SURFACE_SIDE_STYLE('',(#15209));
#15209 = SURFACE_STYLE_FILL_AREA(#15210);
#15210 = FILL_AREA_STYLE('',(#15211));
#15211 = FILL_AREA_STYLE_COLOUR('',#14865);
#15212 = STYLED_ITEM('color',(#15213),#883);
#15213 = PRESENTATION_STYLE_ASSIGNMENT((#15214));
#15214 = SURFACE_STYLE_USAGE(.BOTH.,#15215);
#15215 = SURFACE_SIDE_STYLE('',(#15216));
#15216 = SURFACE_STYLE_FILL_AREA(#15217);
#15217 = FILL_AREA_STYLE('',(#15218));
#15218 = FILL_AREA_STYLE_COLOUR('',#14865);
#15219 = STYLED_ITEM('color',(#15220),#908);
#15220 = PRESENTATION_STYLE_ASSIGNMENT((#15221));
#15221 = SURFACE_STYLE_USAGE(.BOTH.,#15222);
#15222 = SURFACE_SIDE_STYLE('',(#15223));
#15223 = SURFACE_STYLE_FILL_AREA(#15224);
#15224 = FILL_AREA_STYLE('',(#15225));
#15225 = FILL_AREA_STYLE_COLOUR('',#14865);
#15226 = STYLED_ITEM('color',(#15227),#933);
#15227 = PRESENTATION_STYLE_ASSIGNMENT((#15228));
#15228 = SURFACE_STYLE_USAGE(.BOTH.,#15229);
#15229 = SURFACE_SIDE_STYLE('',(#15230));
#15230 = SURFACE_STYLE_FILL_AREA(#15231);
#15231 = FILL_AREA_STYLE('',(#15232));
#15232 = FILL_AREA_STYLE_COLOUR('',#14865);
#15233 = STYLED_ITEM('color',(#15234),#950);
#15234 = PRESENTATION_STYLE_ASSIGNMENT((#15235));
#15235 = SURFACE_STYLE_USAGE(.BOTH.,#15236);
#15236 = SURFACE_SIDE_STYLE('',(#15237));
#15237 = SURFACE_STYLE_FILL_AREA(#15238);
#15238 = FILL_AREA_STYLE('',(#15239));
#15239 = FILL_AREA_STYLE_COLOUR('',#14865);
#15240 = MECHANICAL_DESIGN_GEOMETRIC_PRESENTATION_REPRESENTATION('',(
    #15241,#15251,#15259,#15266,#15273,#15280,#15287,#15294,#15301,
    #15308,#15315,#15322,#15329,#15336,#15343,#15350,#15357,#15364,
    #15371,#15378,#15385,#15392,#15400,#15407,#15414),#6542);
#15241 = STYLED_ITEM('color',(#15242),#4191);
#15242 = PRESENTATION_STYLE_ASSIGNMENT((#15243,#15249));
#15243 = SURFACE_STYLE_USAGE(.BOTH.,#15244);
#15244 = SURFACE_SIDE_STYLE('',(#15245));
#15245 = SURFACE_STYLE_FILL_AREA(#15246);
#15246 = FILL_AREA_STYLE('',(#15247));
#15247 = FILL_AREA_STYLE_COLOUR('',#15248);
#15248 = COLOUR_RGB('',0.329411773243,0.329411773243,0.329411773243);
#15249 = CURVE_STYLE('',#15250,POSITIVE_LENGTH_MEASURE(0.1),#15248);
#15250 = DRAUGHTING_PRE_DEFINED_CURVE_FONT('continuous');
#15251 = OVER_RIDING_STYLED_ITEM('overriding color',(#15252),#4593,
  #15241);
#15252 = PRESENTATION_STYLE_ASSIGNMENT((#15253));
#15253 = SURFACE_STYLE_USAGE(.BOTH.,#15254);
#15254 = SURFACE_SIDE_STYLE('',(#15255));
#15255 = SURFACE_STYLE_FILL_AREA(#15256);
#15256 = FILL_AREA_STYLE('',(#15257));
#15257 = FILL_AREA_STYLE_COLOUR('',#15258);
#15258 = COLOUR_RGB('',0.784313732475,0.784313732475,0.784313732475);
#15259 = OVER_RIDING_STYLED_ITEM('overriding color',(#15260),#4624,
  #15241);
#15260 = PRESENTATION_STYLE_ASSIGNMENT((#15261));
#15261 = SURFACE_STYLE_USAGE(.BOTH.,#15262);
#15262 = SURFACE_SIDE_STYLE('',(#15263));
#15263 = SURFACE_STYLE_FILL_AREA(#15264);
#15264 = FILL_AREA_STYLE('',(#15265));
#15265 = FILL_AREA_STYLE_COLOUR('',#15258);
#15266 = OVER_RIDING_STYLED_ITEM('overriding color',(#15267),#4648,
  #15241);
#15267 = PRESENTATION_STYLE_ASSIGNMENT((#15268));
#15268 = SURFACE_STYLE_USAGE(.BOTH.,#15269);
#15269 = SURFACE_SIDE_STYLE('',(#15270));
#15270 = SURFACE_STYLE_FILL_AREA(#15271);
#15271 = FILL_AREA_STYLE('',(#15272));
#15272 = FILL_AREA_STYLE_COLOUR('',#15258);
#15273 = OVER_RIDING_STYLED_ITEM('overriding color',(#15274),#4672,
  #15241);
#15274 = PRESENTATION_STYLE_ASSIGNMENT((#15275));
#15275 = SURFACE_STYLE_USAGE(.BOTH.,#15276);
#15276 = SURFACE_SIDE_STYLE('',(#15277));
#15277 = SURFACE_STYLE_FILL_AREA(#15278);
#15278 = FILL_AREA_STYLE('',(#15279));
#15279 = FILL_AREA_STYLE_COLOUR('',#15258);
#15280 = OVER_RIDING_STYLED_ITEM('overriding color',(#15281),#4689,
  #15241);
#15281 = PRESENTATION_STYLE_ASSIGNMENT((#15282));
#15282 = SURFACE_STYLE_USAGE(.BOTH.,#15283);
#15283 = SURFACE_SIDE_STYLE('',(#15284));
#15284 = SURFACE_STYLE_FILL_AREA(#15285);
#15285 = FILL_AREA_STYLE('',(#15286));
#15286 = FILL_AREA_STYLE_COLOUR('',#15258);
#15287 = OVER_RIDING_STYLED_ITEM('overriding color',(#15288),#4720,
  #15241);
#15288 = PRESENTATION_STYLE_ASSIGNMENT((#15289));
#15289 = SURFACE_STYLE_USAGE(.BOTH.,#15290);
#15290 = SURFACE_SIDE_STYLE('',(#15291));
#15291 = SURFACE_STYLE_FILL_AREA(#15292);
#15292 = FILL_AREA_STYLE('',(#15293));
#15293 = FILL_AREA_STYLE_COLOUR('',#15258);
#15294 = OVER_RIDING_STYLED_ITEM('overriding color',(#15295),#4744,
  #15241);
#15295 = PRESENTATION_STYLE_ASSIGNMENT((#15296));
#15296 = SURFACE_STYLE_USAGE(.BOTH.,#15297);
#15297 = SURFACE_SIDE_STYLE('',(#15298));
#15298 = SURFACE_STYLE_FILL_AREA(#15299);
#15299 = FILL_AREA_STYLE('',(#15300));
#15300 = FILL_AREA_STYLE_COLOUR('',#15258);
#15301 = OVER_RIDING_STYLED_ITEM('overriding color',(#15302),#4768,
  #15241);
#15302 = PRESENTATION_STYLE_ASSIGNMENT((#15303));
#15303 = SURFACE_STYLE_USAGE(.BOTH.,#15304);
#15304 = SURFACE_SIDE_STYLE('',(#15305));
#15305 = SURFACE_STYLE_FILL_AREA(#15306);
#15306 = FILL_AREA_STYLE('',(#15307));
#15307 = FILL_AREA_STYLE_COLOUR('',#15258);
#15308 = OVER_RIDING_STYLED_ITEM('overriding color',(#15309),#4785,
  #15241);
#15309 = PRESENTATION_STYLE_ASSIGNMENT((#15310));
#15310 = SURFACE_STYLE_USAGE(.BOTH.,#15311);
#15311 = SURFACE_SIDE_STYLE('',(#15312));
#15312 = SURFACE_STYLE_FILL_AREA(#15313);
#15313 = FILL_AREA_STYLE('',(#15314));
#15314 = FILL_AREA_STYLE_COLOUR('',#15258);
#15315 = OVER_RIDING_STYLED_ITEM('overriding color',(#15316),#4816,
  #15241);
#15316 = PRESENTATION_STYLE_ASSIGNMENT((#15317));
#15317 = SURFACE_STYLE_USAGE(.BOTH.,#15318);
#15318 = SURFACE_SIDE_STYLE('',(#15319));
#15319 = SURFACE_STYLE_FILL_AREA(#15320);
#15320 = FILL_AREA_STYLE('',(#15321));
#15321 = FILL_AREA_STYLE_COLOUR('',#15258);
#15322 = OVER_RIDING_STYLED_ITEM('overriding color',(#15323),#4840,
  #15241);
#15323 = PRESENTATION_STYLE_ASSIGNMENT((#15324));
#15324 = SURFACE_STYLE_USAGE(.BOTH.,#15325);
#15325 = SURFACE_SIDE_STYLE('',(#15326));
#15326 = SURFACE_STYLE_FILL_AREA(#15327);
#15327 = FILL_AREA_STYLE('',(#15328));
#15328 = FILL_AREA_STYLE_COLOUR('',#15258);
#15329 = OVER_RIDING_STYLED_ITEM('overriding color',(#15330),#4864,
  #15241);
#15330 = PRESENTATION_STYLE_ASSIGNMENT((#15331));
#15331 = SURFACE_STYLE_USAGE(.BOTH.,#15332);
#15332 = SURFACE_SIDE_STYLE('',(#15333));
#15333 = SURFACE_STYLE_FILL_AREA(#15334);
#15334 = FILL_AREA_STYLE('',(#15335));
#15335 = FILL_AREA_STYLE_COLOUR('',#15258);
#15336 = OVER_RIDING_STYLED_ITEM('overriding color',(#15337),#4881,
  #15241);
#15337 = PRESENTATION_STYLE_ASSIGNMENT((#15338));
#15338 = SURFACE_STYLE_USAGE(.BOTH.,#15339);
#15339 = SURFACE_SIDE_STYLE('',(#15340));
#15340 = SURFACE_STYLE_FILL_AREA(#15341);
#15341 = FILL_AREA_STYLE('',(#15342));
#15342 = FILL_AREA_STYLE_COLOUR('',#15258);
#15343 = OVER_RIDING_STYLED_ITEM('overriding color',(#15344),#4912,
  #15241);
#15344 = PRESENTATION_STYLE_ASSIGNMENT((#15345));
#15345 = SURFACE_STYLE_USAGE(.BOTH.,#15346);
#15346 = SURFACE_SIDE_STYLE('',(#15347));
#15347 = SURFACE_STYLE_FILL_AREA(#15348);
#15348 = FILL_AREA_STYLE('',(#15349));
#15349 = FILL_AREA_STYLE_COLOUR('',#15258);
#15350 = OVER_RIDING_STYLED_ITEM('overriding color',(#15351),#4936,
  #15241);
#15351 = PRESENTATION_STYLE_ASSIGNMENT((#15352));
#15352 = SURFACE_STYLE_USAGE(.BOTH.,#15353);
#15353 = SURFACE_SIDE_STYLE('',(#15354));
#15354 = SURFACE_STYLE_FILL_AREA(#15355);
#15355 = FILL_AREA_STYLE('',(#15356));
#15356 = FILL_AREA_STYLE_COLOUR('',#15258);
#15357 = OVER_RIDING_STYLED_ITEM('overriding color',(#15358),#4960,
  #15241);
#15358 = PRESENTATION_STYLE_ASSIGNMENT((#15359));
#15359 = SURFACE_STYLE_USAGE(.BOTH.,#15360);
#15360 = SURFACE_SIDE_STYLE('',(#15361));
#15361 = SURFACE_STYLE_FILL_AREA(#15362);
#15362 = FILL_AREA_STYLE('',(#15363));
#15363 = FILL_AREA_STYLE_COLOUR('',#15258);
#15364 = OVER_RIDING_STYLED_ITEM('overriding color',(#15365),#5407,
  #15241);
#15365 = PRESENTATION_STYLE_ASSIGNMENT((#15366));
#15366 = SURFACE_STYLE_USAGE(.BOTH.,#15367);
#15367 = SURFACE_SIDE_STYLE('',(#15368));
#15368 = SURFACE_STYLE_FILL_AREA(#15369);
#15369 = FILL_AREA_STYLE('',(#15370));
#15370 = FILL_AREA_STYLE_COLOUR('',#15258);
#15371 = OVER_RIDING_STYLED_ITEM('overriding color',(#15372),#5419,
  #15241);
#15372 = PRESENTATION_STYLE_ASSIGNMENT((#15373));
#15373 = SURFACE_STYLE_USAGE(.BOTH.,#15374);
#15374 = SURFACE_SIDE_STYLE('',(#15375));
#15375 = SURFACE_STYLE_FILL_AREA(#15376);
#15376 = FILL_AREA_STYLE('',(#15377));
#15377 = FILL_AREA_STYLE_COLOUR('',#15258);
#15378 = OVER_RIDING_STYLED_ITEM('overriding color',(#15379),#5431,
  #15241);
#15379 = PRESENTATION_STYLE_ASSIGNMENT((#15380));
#15380 = SURFACE_STYLE_USAGE(.BOTH.,#15381);
#15381 = SURFACE_SIDE_STYLE('',(#15382));
#15382 = SURFACE_STYLE_FILL_AREA(#15383);
#15383 = FILL_AREA_STYLE('',(#15384));
#15384 = FILL_AREA_STYLE_COLOUR('',#15258);
#15385 = OVER_RIDING_STYLED_ITEM('overriding color',(#15386),#5443,
  #15241);
#15386 = PRESENTATION_STYLE_ASSIGNMENT((#15387));
#15387 = SURFACE_STYLE_USAGE(.BOTH.,#15388);
#15388 = SURFACE_SIDE_STYLE('',(#15389));
#15389 = SURFACE_STYLE_FILL_AREA(#15390);
#15390 = FILL_AREA_STYLE('',(#15391));
#15391 = FILL_AREA_STYLE_COLOUR('',#15258);
#15392 = OVER_RIDING_STYLED_ITEM('overriding color',(#15393),#5568,
  #15241);
#15393 = PRESENTATION_STYLE_ASSIGNMENT((#15394));
#15394 = SURFACE_STYLE_USAGE(.BOTH.,#15395);
#15395 = SURFACE_SIDE_STYLE('',(#15396));
#15396 = SURFACE_STYLE_FILL_AREA(#15397);
#15397 = FILL_AREA_STYLE('',(#15398));
#15398 = FILL_AREA_STYLE_COLOUR('',#15399);
#15399 = DRAUGHTING_PRE_DEFINED_COLOUR('white');
#15400 = OVER_RIDING_STYLED_ITEM('overriding color',(#15401),#5890,
  #15241);
#15401 = PRESENTATION_STYLE_ASSIGNMENT((#15402));
#15402 = SURFACE_STYLE_USAGE(.BOTH.,#15403);
#15403 = SURFACE_SIDE_STYLE('',(#15404));
#15404 = SURFACE_STYLE_FILL_AREA(#15405);
#15405 = FILL_AREA_STYLE('',(#15406));
#15406 = FILL_AREA_STYLE_COLOUR('',#15399);
#15407 = OVER_RIDING_STYLED_ITEM('overriding color',(#15408),#6076,
  #15241);
#15408 = PRESENTATION_STYLE_ASSIGNMENT((#15409));
#15409 = SURFACE_STYLE_USAGE(.BOTH.,#15410);
#15410 = SURFACE_SIDE_STYLE('',(#15411));
#15411 = SURFACE_STYLE_FILL_AREA(#15412);
#15412 = FILL_AREA_STYLE('',(#15413));
#15413 = FILL_AREA_STYLE_COLOUR('',#15399);
#15414 = OVER_RIDING_STYLED_ITEM('overriding color',(#15415),#6088,
  #15241);
#15415 = PRESENTATION_STYLE_ASSIGNMENT((#15416));
#15416 = SURFACE_STYLE_USAGE(.BOTH.,#15417);
#15417 = SURFACE_SIDE_STYLE('',(#15418));
#15418 = SURFACE_STYLE_FILL_AREA(#15419);
#15419 = FILL_AREA_STYLE('',(#15420));
#15420 = FILL_AREA_STYLE_COLOUR('',#15399);
ENDSEC;
END-ISO-10303-21;
